0.000000000000000000e+00 5.177000000000000490e-01
0.000000000000000000e+00 5.178000000000000380e-01
0.000000000000000000e+00 5.179000000000000270e-01
0.000000000000000000e+00 5.180000000000000160e-01
8.000000000000000000e+00 5.181000000000000050e-01
7.000000000000000000e+00 4.974999999999999978e-01
6.000000000000000000e+00 4.975999999999999868e-01
0.000000000000000000e+00 4.974999999999999978e-01
0.000000000000000000e+00 4.975999999999999868e-01
2.000000000000000000e+00 4.976999999999999758e-01
0.000000000000000000e+00 4.978000000000000203e-01
0.000000000000000000e+00 4.979000000000000092e-01
0.000000000000000000e+00 4.979999999999999982e-01
1.000000000000000000e+00 4.980999999999999872e-01
0.000000000000000000e+00 4.981999999999999762e-01
0.000000000000000000e+00 4.983000000000000207e-01
0.000000000000000000e+00 4.984000000000000097e-01
7.000000000000000000e+00 4.984999999999999987e-01
5.000000000000000000e+00 4.985999999999999877e-01
1.000000000000000000e+00 4.986999999999999766e-01
0.000000000000000000e+00 4.988000000000000211e-01
6.000000000000000000e+00 4.989000000000000101e-01
2.000000000000000000e+00 4.989999999999999991e-01
0.000000000000000000e+00 4.990999999999999881e-01
4.000000000000000000e+00 4.991999999999999771e-01
1.000000000000000000e+00 4.993000000000000216e-01
0.000000000000000000e+00 4.994000000000000106e-01
1.000000000000000000e+00 4.994999999999999996e-01
1.700000000000000000e+01 4.995999999999999885e-01
1.800000000000000000e+01 4.996999999999999775e-01
0.000000000000000000e+00 4.998000000000000220e-01
0.000000000000000000e+00 4.999000000000000110e-01
0.000000000000000000e+00 5.000000000000000000e-01
5.000000000000000000e+00 5.000999999999999890e-01
0.000000000000000000e+00 5.001999999999999780e-01
2.000000000000000000e+00 5.002999999999999670e-01
2.000000000000000000e+00 5.003999999999999559e-01
0.000000000000000000e+00 5.004999999999999449e-01
0.000000000000000000e+00 5.006000000000000449e-01
7.000000000000000000e+00 5.007000000000000339e-01
0.000000000000000000e+00 5.008000000000000229e-01
2.000000000000000000e+00 5.009000000000000119e-01
0.000000000000000000e+00 5.010000000000000009e-01
0.000000000000000000e+00 5.010999999999999899e-01
0.000000000000000000e+00 5.011999999999999789e-01
0.000000000000000000e+00 5.012999999999999678e-01
4.000000000000000000e+00 5.013999999999999568e-01
3.000000000000000000e+00 5.014999999999999458e-01
0.000000000000000000e+00 5.016000000000000458e-01
0.000000000000000000e+00 5.017000000000000348e-01
1.000000000000000000e+00 5.018000000000000238e-01
1.700000000000000000e+01 5.019000000000000128e-01
0.000000000000000000e+00 5.018000000000000238e-01
6.000000000000000000e+00 5.019000000000000128e-01
8.000000000000000000e+00 5.020000000000000018e-01
0.000000000000000000e+00 5.020999999999999908e-01
0.000000000000000000e+00 5.021999999999999797e-01
0.000000000000000000e+00 5.022999999999999687e-01
8.000000000000000000e+00 5.023999999999999577e-01
0.000000000000000000e+00 5.024999999999999467e-01
0.000000000000000000e+00 5.026000000000000467e-01
1.200000000000000000e+01 5.027000000000000357e-01
0.000000000000000000e+00 5.028000000000000247e-01
0.000000000000000000e+00 5.029000000000000137e-01
0.000000000000000000e+00 5.030000000000000027e-01
0.000000000000000000e+00 5.030999999999999917e-01
0.000000000000000000e+00 5.031999999999999806e-01
0.000000000000000000e+00 5.032999999999999696e-01
4.000000000000000000e+00 5.033999999999999586e-01
0.000000000000000000e+00 5.034999999999999476e-01
0.000000000000000000e+00 5.036000000000000476e-01
6.000000000000000000e+00 5.037000000000000366e-01
0.000000000000000000e+00 5.038000000000000256e-01
7.000000000000000000e+00 5.039000000000000146e-01
0.000000000000000000e+00 5.040000000000000036e-01
0.000000000000000000e+00 5.040999999999999925e-01
0.000000000000000000e+00 5.041999999999999815e-01
1.000000000000000000e+00 5.042999999999999705e-01
5.000000000000000000e+00 5.043999999999999595e-01
7.000000000000000000e+00 5.044999999999999485e-01
5.000000000000000000e+00 5.046000000000000485e-01
5.000000000000000000e+00 5.047000000000000375e-01
0.000000000000000000e+00 5.048000000000000265e-01
0.000000000000000000e+00 5.049000000000000155e-01
2.000000000000000000e+00 5.050000000000000044e-01
4.700000000000000000e+01 5.050999999999999934e-01
7.000000000000000000e+00 5.051999999999999824e-01
1.200000000000000000e+01 5.052999999999999714e-01
1.000000000000000000e+00 5.053999999999999604e-01
4.000000000000000000e+00 5.054999999999999494e-01
0.000000000000000000e+00 5.056000000000000494e-01
1.700000000000000000e+01 5.057000000000000384e-01
1.000000000000000000e+00 5.058000000000000274e-01
1.000000000000000000e+00 5.059000000000000163e-01
0.000000000000000000e+00 5.060000000000000053e-01
2.000000000000000000e+00 5.060999999999999943e-01
0.000000000000000000e+00 5.061999999999999833e-01
0.000000000000000000e+00 5.062999999999999723e-01
0.000000000000000000e+00 5.063999999999999613e-01
0.000000000000000000e+00 5.064999999999999503e-01
8.000000000000000000e+00 5.066000000000000503e-01
0.000000000000000000e+00 5.067000000000000393e-01
4.000000000000000000e+00 5.068000000000000282e-01
1.000000000000000000e+00 5.069000000000000172e-01
8.000000000000000000e+00 5.070000000000000062e-01
0.000000000000000000e+00 5.070999999999999952e-01
0.000000000000000000e+00 5.071999999999999842e-01
0.000000000000000000e+00 5.072999999999999732e-01
0.000000000000000000e+00 5.073999999999999622e-01
2.000000000000000000e+00 5.074999999999999512e-01
1.400000000000000000e+01 5.076000000000000512e-01
2.000000000000000000e+00 5.077000000000000401e-01
1.000000000000000000e+00 5.078000000000000291e-01
1.000000000000000000e+00 5.079000000000000181e-01
0.000000000000000000e+00 5.080000000000000071e-01
1.800000000000000000e+01 5.080999999999999961e-01
0.000000000000000000e+00 5.081999999999999851e-01
9.000000000000000000e+00 5.082999999999999741e-01
2.000000000000000000e+00 5.083999999999999631e-01
4.500000000000000000e+01 5.083999999999999631e-01
1.200000000000000000e+01 5.084999999999999520e-01
8.000000000000000000e+00 5.084999999999999520e-01
0.000000000000000000e+00 5.086000000000000520e-01
0.000000000000000000e+00 5.087000000000000410e-01
0.000000000000000000e+00 5.088000000000000300e-01
0.000000000000000000e+00 5.089000000000000190e-01
1.200000000000000000e+01 5.090000000000000080e-01
0.000000000000000000e+00 5.090999999999999970e-01
1.300000000000000000e+01 5.091999999999999860e-01
7.000000000000000000e+00 5.092999999999999750e-01
0.000000000000000000e+00 5.093999999999999639e-01
0.000000000000000000e+00 5.094999999999999529e-01
1.000000000000000000e+00 5.096000000000000529e-01
1.000000000000000000e+00 5.097000000000000419e-01
0.000000000000000000e+00 5.098000000000000309e-01
6.000000000000000000e+00 5.099000000000000199e-01
0.000000000000000000e+00 5.100000000000000089e-01
0.000000000000000000e+00 5.100999999999999979e-01
2.300000000000000000e+01 5.101999999999999869e-01
0.000000000000000000e+00 5.102999999999999758e-01
9.000000000000000000e+00 5.103999999999999648e-01
0.000000000000000000e+00 5.104999999999999538e-01
0.000000000000000000e+00 5.106000000000000538e-01
0.000000000000000000e+00 5.107000000000000428e-01
0.000000000000000000e+00 5.108000000000000318e-01
0.000000000000000000e+00 5.109000000000000208e-01
0.000000000000000000e+00 5.110000000000000098e-01
0.000000000000000000e+00 5.110999999999999988e-01
2.000000000000000000e+00 5.111999999999999877e-01
8.000000000000000000e+00 5.112999999999999767e-01
2.000000000000000000e+00 5.113999999999999657e-01
0.000000000000000000e+00 5.114999999999999547e-01
2.000000000000000000e+00 5.116000000000000547e-01
1.100000000000000000e+01 5.117000000000000437e-01
0.000000000000000000e+00 5.118000000000000327e-01
1.800000000000000000e+01 5.119000000000000217e-01
6.000000000000000000e+00 5.120000000000000107e-01
3.000000000000000000e+00 5.120000000000000107e-01
0.000000000000000000e+00 5.118000000000000327e-01
2.000000000000000000e+00 5.119000000000000217e-01
1.100000000000000000e+01 5.120000000000000107e-01
1.000000000000000000e+00 5.120999999999999996e-01
0.000000000000000000e+00 5.121999999999999886e-01
4.000000000000000000e+00 5.122999999999999776e-01
0.000000000000000000e+00 5.123999999999999666e-01
0.000000000000000000e+00 5.124999999999999556e-01
0.000000000000000000e+00 5.125999999999999446e-01
0.000000000000000000e+00 5.127000000000000446e-01
5.000000000000000000e+00 5.128000000000000336e-01
2.000000000000000000e+00 5.129000000000000226e-01
0.000000000000000000e+00 5.130000000000000115e-01
0.000000000000000000e+00 5.131000000000000005e-01
0.000000000000000000e+00 5.131999999999999895e-01
6.000000000000000000e+00 5.132999999999999785e-01
7.000000000000000000e+00 5.133999999999999675e-01
0.000000000000000000e+00 5.134999999999999565e-01
0.000000000000000000e+00 5.135999999999999455e-01
9.000000000000000000e+00 5.137000000000000455e-01
0.000000000000000000e+00 5.138000000000000345e-01
0.000000000000000000e+00 5.139000000000000234e-01
3.000000000000000000e+00 5.140000000000000124e-01
2.000000000000000000e+00 5.141000000000000014e-01
6.000000000000000000e+00 5.141000000000000014e-01
0.000000000000000000e+00 5.141999999999999904e-01
0.000000000000000000e+00 5.142999999999999794e-01
1.400000000000000000e+01 5.143999999999999684e-01
0.000000000000000000e+00 5.144999999999999574e-01
2.000000000000000000e+00 5.145999999999999464e-01
1.000000000000000000e+00 5.147000000000000464e-01
0.000000000000000000e+00 5.148000000000000353e-01
0.000000000000000000e+00 5.149000000000000243e-01
7.000000000000000000e+00 5.150000000000000133e-01
3.000000000000000000e+01 5.150000000000000133e-01
1.000000000000000000e+00 5.151000000000000023e-01
0.000000000000000000e+00 5.151999999999999913e-01
0.000000000000000000e+00 5.152999999999999803e-01
0.000000000000000000e+00 5.153999999999999693e-01
0.000000000000000000e+00 5.154999999999999583e-01
5.000000000000000000e+00 5.155999999999999472e-01
4.000000000000000000e+00 5.157000000000000473e-01
0.000000000000000000e+00 5.158000000000000362e-01
3.000000000000000000e+00 5.159000000000000252e-01
2.000000000000000000e+00 5.160000000000000142e-01
0.000000000000000000e+00 5.160000000000000142e-01
1.000000000000000000e+00 5.161000000000000032e-01
0.000000000000000000e+00 5.161999999999999922e-01
0.000000000000000000e+00 5.162999999999999812e-01
2.500000000000000000e+01 5.163999999999999702e-01
5.000000000000000000e+00 5.164999999999999591e-01
0.000000000000000000e+00 5.165999999999999481e-01
6.000000000000000000e+00 5.167000000000000481e-01
3.000000000000000000e+00 5.168000000000000371e-01
9.000000000000000000e+00 5.169000000000000261e-01
0.000000000000000000e+00 5.170000000000000151e-01
0.000000000000000000e+00 5.171000000000000041e-01
5.000000000000000000e+00 5.171999999999999931e-01
0.000000000000000000e+00 5.172999999999999821e-01
2.000000000000000000e+00 5.173999999999999710e-01
2.000000000000000000e+00 5.174999999999999600e-01
1.000000000000000000e+01 5.175999999999999490e-01
0.000000000000000000e+00 5.177000000000000490e-01
2.000000000000000000e+00 5.178000000000000380e-01
0.000000000000000000e+00 5.179000000000000270e-01
3.500000000000000000e+01 5.180000000000000160e-01
0.000000000000000000e+00 5.181000000000000050e-01
6.000000000000000000e+00 5.181999999999999940e-01
0.000000000000000000e+00 5.182999999999999829e-01
3.000000000000000000e+00 5.183999999999999719e-01
3.500000000000000000e+01 5.184999999999999609e-01
2.000000000000000000e+00 5.185999999999999499e-01
8.000000000000000000e+00 5.187000000000000499e-01
0.000000000000000000e+00 5.188000000000000389e-01
1.000000000000000000e+00 5.189000000000000279e-01
1.000000000000000000e+00 5.190000000000000169e-01
0.000000000000000000e+00 5.191000000000000059e-01
4.000000000000000000e+00 5.191999999999999948e-01
8.000000000000000000e+00 5.192999999999999838e-01
0.000000000000000000e+00 5.193999999999999728e-01
6.000000000000000000e+00 5.194999999999999618e-01
7.000000000000000000e+00 5.195999999999999508e-01
0.000000000000000000e+00 5.197000000000000508e-01
0.000000000000000000e+00 5.198000000000000398e-01
0.000000000000000000e+00 5.199000000000000288e-01
0.000000000000000000e+00 5.200000000000000178e-01
0.000000000000000000e+00 5.201000000000000068e-01
0.000000000000000000e+00 5.201999999999999957e-01
0.000000000000000000e+00 5.202999999999999847e-01
2.000000000000000000e+00 5.203999999999999737e-01
0.000000000000000000e+00 5.204999999999999627e-01
0.000000000000000000e+00 5.205999999999999517e-01
1.700000000000000000e+01 5.207000000000000517e-01
0.000000000000000000e+00 5.208000000000000407e-01
0.000000000000000000e+00 5.209000000000000297e-01
2.000000000000000000e+00 5.210000000000000187e-01
2.000000000000000000e+00 5.211000000000000076e-01
6.000000000000000000e+00 5.211999999999999966e-01
1.000000000000000000e+00 5.212999999999999856e-01
0.000000000000000000e+00 5.213999999999999746e-01
0.000000000000000000e+00 5.214999999999999636e-01
0.000000000000000000e+00 5.215999999999999526e-01
1.000000000000000000e+00 5.217000000000000526e-01
8.000000000000000000e+00 5.218000000000000416e-01
1.000000000000000000e+00 5.219000000000000306e-01
0.000000000000000000e+00 5.220000000000000195e-01
0.000000000000000000e+00 5.221000000000000085e-01
5.000000000000000000e+00 5.221999999999999975e-01
0.000000000000000000e+00 5.222999999999999865e-01
1.000000000000000000e+00 5.223999999999999755e-01
3.500000000000000000e+01 5.224999999999999645e-01
0.000000000000000000e+00 5.225999999999999535e-01
0.000000000000000000e+00 5.227000000000000535e-01
0.000000000000000000e+00 5.228000000000000425e-01
6.000000000000000000e+00 5.229000000000000314e-01
1.800000000000000000e+01 5.230000000000000204e-01
0.000000000000000000e+00 5.231000000000000094e-01
0.000000000000000000e+00 5.231999999999999984e-01
6.000000000000000000e+00 5.232999999999999874e-01
1.200000000000000000e+01 5.233999999999999764e-01
0.000000000000000000e+00 5.234999999999999654e-01
0.000000000000000000e+00 5.235999999999999543e-01
0.000000000000000000e+00 5.237000000000000544e-01
0.000000000000000000e+00 5.238000000000000433e-01
0.000000000000000000e+00 5.239000000000000323e-01
1.000000000000000000e+00 5.240000000000000213e-01
1.030000000000000000e+02 5.241000000000000103e-01
1.700000000000000000e+01 5.241999999999999993e-01
1.900000000000000000e+01 5.242999999999999883e-01
0.000000000000000000e+00 5.243999999999999773e-01
0.000000000000000000e+00 5.244999999999999662e-01
1.000000000000000000e+00 5.245999999999999552e-01
0.000000000000000000e+00 5.247000000000000552e-01
0.000000000000000000e+00 5.248000000000000442e-01
0.000000000000000000e+00 5.249000000000000332e-01
0.000000000000000000e+00 5.250000000000000222e-01
4.000000000000000000e+00 5.251000000000000112e-01
0.000000000000000000e+00 5.252000000000000002e-01
0.000000000000000000e+00 5.252999999999999892e-01
0.000000000000000000e+00 5.253999999999999782e-01
1.000000000000000000e+00 5.254999999999999671e-01
0.000000000000000000e+00 5.255999999999999561e-01
1.200000000000000000e+01 5.256999999999999451e-01
3.000000000000000000e+00 5.258000000000000451e-01
3.000000000000000000e+00 5.259000000000000341e-01
0.000000000000000000e+00 5.260000000000000231e-01
2.000000000000000000e+00 5.261000000000000121e-01
1.300000000000000000e+01 5.262000000000000011e-01
0.000000000000000000e+00 5.262999999999999901e-01
0.000000000000000000e+00 5.263999999999999790e-01
0.000000000000000000e+00 5.264999999999999680e-01
2.500000000000000000e+01 5.265999999999999570e-01
2.100000000000000000e+01 5.266999999999999460e-01
0.000000000000000000e+00 5.268000000000000460e-01
2.000000000000000000e+00 5.269000000000000350e-01
2.000000000000000000e+00 5.270000000000000240e-01
0.000000000000000000e+00 5.271000000000000130e-01
2.000000000000000000e+01 5.272000000000000020e-01
1.200000000000000000e+01 5.272000000000000020e-01
1.000000000000000000e+00 5.272999999999999909e-01
0.000000000000000000e+00 5.273999999999999799e-01
0.000000000000000000e+00 5.274999999999999689e-01
0.000000000000000000e+00 5.275999999999999579e-01
0.000000000000000000e+00 5.276999999999999469e-01
0.000000000000000000e+00 5.278000000000000469e-01
3.000000000000000000e+00 5.279000000000000359e-01
0.000000000000000000e+00 5.280000000000000249e-01
0.000000000000000000e+00 5.281000000000000139e-01
0.000000000000000000e+00 5.282000000000000028e-01
0.000000000000000000e+00 5.282999999999999918e-01
2.000000000000000000e+00 5.283999999999999808e-01
2.000000000000000000e+00 5.284999999999999698e-01
6.000000000000000000e+00 5.285999999999999588e-01
1.800000000000000000e+01 5.286999999999999478e-01
5.000000000000000000e+00 5.288000000000000478e-01
1.000000000000000000e+00 5.289000000000000368e-01
0.000000000000000000e+00 5.290000000000000258e-01
0.000000000000000000e+00 5.291000000000000147e-01
1.700000000000000000e+01 5.292000000000000037e-01
1.000000000000000000e+00 5.292999999999999927e-01
0.000000000000000000e+00 5.293999999999999817e-01
4.000000000000000000e+00 5.294999999999999707e-01
1.000000000000000000e+01 5.295999999999999597e-01
1.200000000000000000e+01 5.296999999999999487e-01
1.000000000000000000e+00 5.298000000000000487e-01
2.000000000000000000e+00 5.299000000000000377e-01
0.000000000000000000e+00 5.300000000000000266e-01
3.000000000000000000e+00 5.301000000000000156e-01
2.000000000000000000e+00 5.302000000000000046e-01
0.000000000000000000e+00 5.302999999999999936e-01
0.000000000000000000e+00 5.303999999999999826e-01
3.600000000000000000e+01 5.304999999999999716e-01
0.000000000000000000e+00 5.305999999999999606e-01
2.000000000000000000e+00 5.306999999999999496e-01
0.000000000000000000e+00 5.308000000000000496e-01
1.000000000000000000e+00 5.309000000000000385e-01
1.000000000000000000e+00 5.310000000000000275e-01
1.300000000000000000e+01 5.311000000000000165e-01
0.000000000000000000e+00 5.312000000000000055e-01
4.000000000000000000e+00 5.312999999999999945e-01
0.000000000000000000e+00 5.312000000000000055e-01
4.000000000000000000e+00 5.312999999999999945e-01
0.000000000000000000e+00 5.313999999999999835e-01
3.000000000000000000e+01 5.314999999999999725e-01
0.000000000000000000e+00 5.315999999999999615e-01
9.000000000000000000e+00 5.316999999999999504e-01
0.000000000000000000e+00 5.318000000000000504e-01
2.000000000000000000e+00 5.319000000000000394e-01
1.600000000000000000e+01 5.320000000000000284e-01
1.000000000000000000e+00 5.321000000000000174e-01
0.000000000000000000e+00 5.322000000000000064e-01
0.000000000000000000e+00 5.322999999999999954e-01
1.400000000000000000e+01 5.323999999999999844e-01
5.000000000000000000e+00 5.324999999999999734e-01
0.000000000000000000e+00 5.325999999999999623e-01
5.000000000000000000e+00 5.326999999999999513e-01
8.000000000000000000e+00 5.328000000000000513e-01
3.000000000000000000e+00 5.329000000000000403e-01
1.000000000000000000e+00 5.330000000000000293e-01
2.300000000000000000e+01 5.331000000000000183e-01
0.000000000000000000e+00 5.332000000000000073e-01
0.000000000000000000e+00 5.332999999999999963e-01
8.100000000000000000e+01 5.333999999999999853e-01
1.500000000000000000e+01 5.334999999999999742e-01
8.000000000000000000e+00 5.335999999999999632e-01
5.500000000000000000e+01 5.336999999999999522e-01
0.000000000000000000e+00 5.338000000000000522e-01
0.000000000000000000e+00 5.339000000000000412e-01
0.000000000000000000e+00 5.340000000000000302e-01
5.000000000000000000e+00 5.341000000000000192e-01
8.000000000000000000e+00 5.342000000000000082e-01
3.000000000000000000e+00 5.341000000000000192e-01
6.000000000000000000e+00 5.342000000000000082e-01
3.000000000000000000e+00 5.342999999999999972e-01
0.000000000000000000e+00 5.343999999999999861e-01
0.000000000000000000e+00 5.344999999999999751e-01
0.000000000000000000e+00 5.345999999999999641e-01
0.000000000000000000e+00 5.346999999999999531e-01
0.000000000000000000e+00 5.348000000000000531e-01
0.000000000000000000e+00 5.349000000000000421e-01
3.000000000000000000e+00 5.350000000000000311e-01
0.000000000000000000e+00 5.351000000000000201e-01
0.000000000000000000e+00 5.352000000000000091e-01
5.000000000000000000e+00 5.352999999999999980e-01
4.000000000000000000e+00 5.353999999999999870e-01
5.000000000000000000e+00 5.354999999999999760e-01
6.000000000000000000e+00 5.355999999999999650e-01
0.000000000000000000e+00 5.356999999999999540e-01
0.000000000000000000e+00 5.358000000000000540e-01
1.600000000000000000e+01 5.359000000000000430e-01
0.000000000000000000e+00 5.360000000000000320e-01
0.000000000000000000e+00 5.361000000000000210e-01
0.000000000000000000e+00 5.362000000000000099e-01
5.000000000000000000e+00 5.362999999999999989e-01
0.000000000000000000e+00 5.363999999999999879e-01
0.000000000000000000e+00 5.364999999999999769e-01
0.000000000000000000e+00 5.365999999999999659e-01
0.000000000000000000e+00 5.366999999999999549e-01
2.000000000000000000e+00 5.368000000000000549e-01
0.000000000000000000e+00 5.369000000000000439e-01
1.800000000000000000e+01 5.370000000000000329e-01
1.000000000000000000e+00 5.371000000000000218e-01
0.000000000000000000e+00 5.371000000000000218e-01
2.000000000000000000e+00 5.372000000000000108e-01
4.000000000000000000e+00 5.371000000000000218e-01
1.000000000000000000e+00 5.372000000000000108e-01
1.000000000000000000e+01 5.372999999999999998e-01
0.000000000000000000e+00 5.373999999999999888e-01
2.000000000000000000e+00 5.374999999999999778e-01
4.000000000000000000e+00 5.375999999999999668e-01
4.000000000000000000e+00 5.376999999999999558e-01
0.000000000000000000e+00 5.377999999999999448e-01
0.000000000000000000e+00 5.379000000000000448e-01
0.000000000000000000e+00 5.380000000000000338e-01
0.000000000000000000e+00 5.381000000000000227e-01
3.000000000000000000e+00 5.382000000000000117e-01
0.000000000000000000e+00 5.383000000000000007e-01
0.000000000000000000e+00 5.383999999999999897e-01
0.000000000000000000e+00 5.384999999999999787e-01
0.000000000000000000e+00 5.385999999999999677e-01
0.000000000000000000e+00 5.386999999999999567e-01
0.000000000000000000e+00 5.387999999999999456e-01
0.000000000000000000e+00 5.389000000000000457e-01
0.000000000000000000e+00 5.390000000000000346e-01
4.000000000000000000e+00 5.391000000000000236e-01
9.000000000000000000e+00 5.392000000000000126e-01
0.000000000000000000e+00 5.392000000000000126e-01
2.000000000000000000e+01 5.393000000000000016e-01
2.400000000000000000e+01 5.393999999999999906e-01
1.000000000000000000e+00 5.394999999999999796e-01
0.000000000000000000e+00 5.395999999999999686e-01
0.000000000000000000e+00 5.396999999999999575e-01
1.000000000000000000e+00 5.397999999999999465e-01
8.000000000000000000e+00 5.399000000000000465e-01
3.000000000000000000e+00 5.400000000000000355e-01
1.300000000000000000e+01 5.401000000000000245e-01
0.000000000000000000e+00 5.402000000000000135e-01
3.000000000000000000e+00 5.403000000000000025e-01
0.000000000000000000e+00 5.403999999999999915e-01
5.000000000000000000e+00 5.404999999999999805e-01
0.000000000000000000e+00 5.405999999999999694e-01
0.000000000000000000e+00 5.406999999999999584e-01
0.000000000000000000e+00 5.407999999999999474e-01
0.000000000000000000e+00 5.409000000000000474e-01
0.000000000000000000e+00 5.410000000000000364e-01
0.000000000000000000e+00 5.411000000000000254e-01
0.000000000000000000e+00 5.412000000000000144e-01
1.600000000000000000e+01 5.413000000000000034e-01
0.000000000000000000e+00 5.413999999999999924e-01
3.000000000000000000e+00 5.414999999999999813e-01
2.000000000000000000e+00 5.415999999999999703e-01
8.000000000000000000e+00 5.416999999999999593e-01
1.000000000000000000e+00 5.417999999999999483e-01
1.000000000000000000e+00 5.419000000000000483e-01
0.000000000000000000e+00 5.420000000000000373e-01
2.000000000000000000e+00 5.421000000000000263e-01
0.000000000000000000e+00 5.422000000000000153e-01
3.000000000000000000e+00 5.423000000000000043e-01
0.000000000000000000e+00 5.423999999999999932e-01
5.000000000000000000e+00 5.424999999999999822e-01
2.000000000000000000e+00 5.425999999999999712e-01
0.000000000000000000e+00 5.426999999999999602e-01
6.000000000000000000e+00 5.427999999999999492e-01
6.100000000000000000e+01 5.429000000000000492e-01
2.300000000000000000e+01 5.430000000000000382e-01
2.000000000000000000e+00 5.431000000000000272e-01
0.000000000000000000e+00 5.432000000000000162e-01
1.700000000000000000e+01 5.433000000000000052e-01
1.000000000000000000e+00 5.433999999999999941e-01
0.000000000000000000e+00 5.434999999999999831e-01
2.000000000000000000e+00 5.435999999999999721e-01
2.000000000000000000e+00 5.436999999999999611e-01
1.000000000000000000e+00 5.437999999999999501e-01
1.000000000000000000e+00 5.439000000000000501e-01
2.100000000000000000e+01 5.440000000000000391e-01
0.000000000000000000e+00 5.441000000000000281e-01
4.900000000000000000e+01 5.442000000000000171e-01
3.000000000000000000e+00 5.443000000000000060e-01
2.000000000000000000e+00 5.443999999999999950e-01
0.000000000000000000e+00 5.444999999999999840e-01
9.000000000000000000e+00 5.445999999999999730e-01
0.000000000000000000e+00 5.446999999999999620e-01
0.000000000000000000e+00 5.447999999999999510e-01
0.000000000000000000e+00 5.449000000000000510e-01
3.000000000000000000e+00 5.450000000000000400e-01
0.000000000000000000e+00 5.451000000000000290e-01
7.000000000000000000e+00 5.452000000000000179e-01
1.000000000000000000e+00 5.453000000000000069e-01
3.000000000000000000e+00 5.453999999999999959e-01
0.000000000000000000e+00 5.454999999999999849e-01
9.000000000000000000e+00 5.455999999999999739e-01
2.500000000000000000e+01 5.456999999999999629e-01
0.000000000000000000e+00 5.457999999999999519e-01
6.000000000000000000e+00 5.459000000000000519e-01
2.000000000000000000e+00 5.460000000000000409e-01
1.200000000000000000e+01 5.461000000000000298e-01
0.000000000000000000e+00 5.462000000000000188e-01
2.000000000000000000e+00 5.463000000000000078e-01
0.000000000000000000e+00 5.463999999999999968e-01
2.000000000000000000e+00 5.464999999999999858e-01
3.000000000000000000e+00 5.465999999999999748e-01
0.000000000000000000e+00 5.466999999999999638e-01
8.000000000000000000e+00 5.467999999999999527e-01
2.000000000000000000e+00 5.469000000000000528e-01
1.000000000000000000e+00 5.470000000000000417e-01
2.000000000000000000e+01 5.471000000000000307e-01
4.000000000000000000e+00 5.472000000000000197e-01
2.000000000000000000e+00 5.473000000000000087e-01
0.000000000000000000e+00 5.473999999999999977e-01
4.000000000000000000e+00 5.474999999999999867e-01
1.100000000000000000e+01 5.475999999999999757e-01
1.300000000000000000e+01 5.476999999999999647e-01
1.000000000000000000e+00 5.477999999999999536e-01
1.000000000000000000e+00 5.479000000000000536e-01
1.000000000000000000e+00 5.480000000000000426e-01
3.000000000000000000e+01 5.481000000000000316e-01
4.000000000000000000e+00 5.482000000000000206e-01
4.000000000000000000e+00 5.483000000000000096e-01
0.000000000000000000e+00 5.483999999999999986e-01
3.200000000000000000e+01 5.484999999999999876e-01
0.000000000000000000e+00 5.485999999999999766e-01
1.200000000000000000e+01 5.486999999999999655e-01
1.000000000000000000e+00 5.487999999999999545e-01
0.000000000000000000e+00 5.489000000000000545e-01
1.000000000000000000e+00 5.490000000000000435e-01
0.000000000000000000e+00 5.490000000000000435e-01
6.000000000000000000e+00 5.491000000000000325e-01
0.000000000000000000e+00 5.492000000000000215e-01
2.000000000000000000e+00 5.493000000000000105e-01
0.000000000000000000e+00 5.493999999999999995e-01
1.400000000000000000e+01 5.494999999999999885e-01
5.000000000000000000e+00 5.495999999999999774e-01
0.000000000000000000e+00 5.496999999999999664e-01
0.000000000000000000e+00 5.497999999999999554e-01
0.000000000000000000e+00 5.499000000000000554e-01
7.000000000000000000e+00 5.500000000000000444e-01
1.000000000000000000e+00 5.501000000000000334e-01
2.000000000000000000e+00 5.502000000000000224e-01
1.500000000000000000e+01 5.503000000000000114e-01
4.400000000000000000e+01 5.504000000000000004e-01
0.000000000000000000e+00 5.504000000000000004e-01
0.000000000000000000e+00 5.504999999999999893e-01
2.300000000000000000e+01 5.505999999999999783e-01
4.000000000000000000e+00 5.505999999999999783e-01
4.300000000000000000e+01 5.506999999999999673e-01
0.000000000000000000e+00 5.507999999999999563e-01
3.000000000000000000e+00 5.508999999999999453e-01
0.000000000000000000e+00 5.510000000000000453e-01
2.000000000000000000e+01 5.511000000000000343e-01
3.000000000000000000e+00 5.512000000000000233e-01
0.000000000000000000e+00 5.513000000000000123e-01
1.000000000000000000e+00 5.514000000000000012e-01
1.000000000000000000e+01 5.513000000000000123e-01
0.000000000000000000e+00 5.514000000000000012e-01
6.000000000000000000e+00 5.514999999999999902e-01
0.000000000000000000e+00 5.515999999999999792e-01
1.100000000000000000e+01 5.516999999999999682e-01
0.000000000000000000e+00 5.517999999999999572e-01
0.000000000000000000e+00 5.518999999999999462e-01
0.000000000000000000e+00 5.520000000000000462e-01
5.000000000000000000e+00 5.521000000000000352e-01
0.000000000000000000e+00 5.522000000000000242e-01
6.000000000000000000e+00 5.523000000000000131e-01
0.000000000000000000e+00 5.524000000000000021e-01
2.000000000000000000e+00 5.524999999999999911e-01
7.000000000000000000e+00 5.525999999999999801e-01
1.000000000000000000e+00 5.526999999999999691e-01
0.000000000000000000e+00 5.527999999999999581e-01
0.000000000000000000e+00 5.528999999999999471e-01
0.000000000000000000e+00 5.530000000000000471e-01
1.000000000000000000e+01 5.531000000000000361e-01
8.000000000000000000e+00 5.532000000000000250e-01
0.000000000000000000e+00 5.533000000000000140e-01
0.000000000000000000e+00 5.534000000000000030e-01
6.000000000000000000e+00 5.534999999999999920e-01
0.000000000000000000e+00 5.535999999999999810e-01
2.000000000000000000e+00 5.536999999999999700e-01
1.000000000000000000e+00 5.537999999999999590e-01
0.000000000000000000e+00 5.538999999999999480e-01
6.000000000000000000e+00 5.540000000000000480e-01
0.000000000000000000e+00 5.541000000000000369e-01
2.000000000000000000e+00 5.542000000000000259e-01
1.000000000000000000e+00 5.543000000000000149e-01
0.000000000000000000e+00 5.544000000000000039e-01
0.000000000000000000e+00 5.544999999999999929e-01
0.000000000000000000e+00 5.545999999999999819e-01
0.000000000000000000e+00 5.546999999999999709e-01
0.000000000000000000e+00 5.547999999999999599e-01
2.000000000000000000e+00 5.548999999999999488e-01
2.000000000000000000e+00 5.550000000000000488e-01
3.000000000000000000e+00 5.551000000000000378e-01
1.100000000000000000e+01 5.552000000000000268e-01
4.900000000000000000e+01 5.553000000000000158e-01
1.000000000000000000e+00 5.554000000000000048e-01
8.000000000000000000e+00 5.554999999999999938e-01
1.800000000000000000e+01 5.555999999999999828e-01
0.000000000000000000e+00 5.556999999999999718e-01
2.300000000000000000e+01 5.557999999999999607e-01
2.000000000000000000e+00 5.558999999999999497e-01
1.840000000000000000e+02 5.560000000000000497e-01
0.000000000000000000e+00 5.561000000000000387e-01
0.000000000000000000e+00 5.562000000000000277e-01
0.000000000000000000e+00 5.563000000000000167e-01
0.000000000000000000e+00 5.564000000000000057e-01
0.000000000000000000e+00 5.564999999999999947e-01
0.000000000000000000e+00 5.565999999999999837e-01
0.000000000000000000e+00 5.566999999999999726e-01
3.000000000000000000e+00 5.567999999999999616e-01
3.000000000000000000e+00 5.568999999999999506e-01
5.000000000000000000e+00 5.570000000000000506e-01
1.000000000000000000e+00 5.571000000000000396e-01
0.000000000000000000e+00 5.572000000000000286e-01
0.000000000000000000e+00 5.573000000000000176e-01
4.000000000000000000e+00 5.574000000000000066e-01
0.000000000000000000e+00 5.574999999999999956e-01
1.400000000000000000e+01 5.575999999999999845e-01
0.000000000000000000e+00 5.576999999999999735e-01
0.000000000000000000e+00 5.577999999999999625e-01
0.000000000000000000e+00 5.578999999999999515e-01
9.000000000000000000e+00 5.580000000000000515e-01
3.900000000000000000e+01 5.581000000000000405e-01
6.000000000000000000e+00 5.582000000000000295e-01
3.000000000000000000e+00 5.583000000000000185e-01
2.000000000000000000e+00 5.584000000000000075e-01
0.000000000000000000e+00 5.584999999999999964e-01
0.000000000000000000e+00 5.585999999999999854e-01
0.000000000000000000e+00 5.586999999999999744e-01
0.000000000000000000e+00 5.587999999999999634e-01
3.000000000000000000e+00 5.588999999999999524e-01
0.000000000000000000e+00 5.588999999999999524e-01
1.000000000000000000e+01 5.590000000000000524e-01
2.000000000000000000e+00 5.591000000000000414e-01
0.000000000000000000e+00 5.592000000000000304e-01
0.000000000000000000e+00 5.593000000000000194e-01
0.000000000000000000e+00 5.594000000000000083e-01
3.000000000000000000e+00 5.594999999999999973e-01
1.000000000000000000e+00 5.595999999999999863e-01
1.000000000000000000e+00 5.596999999999999753e-01
0.000000000000000000e+00 5.597999999999999643e-01
5.000000000000000000e+00 5.598999999999999533e-01
1.000000000000000000e+00 5.600000000000000533e-01
0.000000000000000000e+00 5.601000000000000423e-01
1.000000000000000000e+00 5.602000000000000313e-01
1.000000000000000000e+00 5.603000000000000203e-01
0.000000000000000000e+00 5.604000000000000092e-01
0.000000000000000000e+00 5.604999999999999982e-01
0.000000000000000000e+00 5.605999999999999872e-01
0.000000000000000000e+00 5.606999999999999762e-01
1.360000000000000000e+02 5.607999999999999652e-01
1.500000000000000000e+01 5.608999999999999542e-01
4.000000000000000000e+00 5.608999999999999542e-01
2.000000000000000000e+00 5.610000000000000542e-01
0.000000000000000000e+00 5.611000000000000432e-01
1.700000000000000000e+01 5.612000000000000322e-01
0.000000000000000000e+00 5.613000000000000211e-01
3.400000000000000000e+01 5.614000000000000101e-01
1.000000000000000000e+00 5.614999999999999991e-01
1.000000000000000000e+00 5.615999999999999881e-01
3.000000000000000000e+00 5.616999999999999771e-01
0.000000000000000000e+00 5.617999999999999661e-01
0.000000000000000000e+00 5.618999999999999551e-01
0.000000000000000000e+00 5.620000000000000551e-01
0.000000000000000000e+00 5.621000000000000441e-01
0.000000000000000000e+00 5.622000000000000330e-01
0.000000000000000000e+00 5.623000000000000220e-01
0.000000000000000000e+00 5.624000000000000110e-01
0.000000000000000000e+00 5.625000000000000000e-01
0.000000000000000000e+00 5.625999999999999890e-01
1.000000000000000000e+00 5.626999999999999780e-01
4.000000000000000000e+00 5.627999999999999670e-01
2.800000000000000000e+01 5.628999999999999559e-01
4.700000000000000000e+01 5.629999999999999449e-01
5.000000000000000000e+00 5.631000000000000449e-01
9.000000000000000000e+00 5.632000000000000339e-01
6.000000000000000000e+01 5.633000000000000229e-01
1.000000000000000000e+00 5.634000000000000119e-01
2.000000000000000000e+00 5.635000000000000009e-01
2.400000000000000000e+01 5.635999999999999899e-01
1.550000000000000000e+02 5.636999999999999789e-01
1.000000000000000000e+00 5.637999999999999678e-01
2.000000000000000000e+00 5.638999999999999568e-01
3.000000000000000000e+00 5.639999999999999458e-01
0.000000000000000000e+00 5.641000000000000458e-01
0.000000000000000000e+00 5.642000000000000348e-01
0.000000000000000000e+00 5.643000000000000238e-01
7.000000000000000000e+00 5.644000000000000128e-01
0.000000000000000000e+00 5.645000000000000018e-01
0.000000000000000000e+00 5.645999999999999908e-01
1.100000000000000000e+01 5.646999999999999797e-01
2.200000000000000000e+01 5.647999999999999687e-01
4.000000000000000000e+00 5.647999999999999687e-01
0.000000000000000000e+00 5.648999999999999577e-01
7.000000000000000000e+00 5.649999999999999467e-01
7.000000000000000000e+01 5.651000000000000467e-01
4.000000000000000000e+00 5.652000000000000357e-01
0.000000000000000000e+00 5.653000000000000247e-01
0.000000000000000000e+00 5.654000000000000137e-01
0.000000000000000000e+00 5.655000000000000027e-01
3.000000000000000000e+00 5.655999999999999917e-01
0.000000000000000000e+00 5.656999999999999806e-01
1.300000000000000000e+01 5.657999999999999696e-01
2.000000000000000000e+00 5.658999999999999586e-01
9.000000000000000000e+00 5.659999999999999476e-01
0.000000000000000000e+00 5.661000000000000476e-01
0.000000000000000000e+00 5.662000000000000366e-01
2.000000000000000000e+00 5.663000000000000256e-01
2.000000000000000000e+00 5.664000000000000146e-01
0.000000000000000000e+00 5.664000000000000146e-01
1.100000000000000000e+01 5.665000000000000036e-01
0.000000000000000000e+00 5.665999999999999925e-01
9.000000000000000000e+00 5.666999999999999815e-01
1.000000000000000000e+00 5.667999999999999705e-01
0.000000000000000000e+00 5.668999999999999595e-01
0.000000000000000000e+00 5.669999999999999485e-01
1.000000000000000000e+00 5.671000000000000485e-01
1.000000000000000000e+00 5.672000000000000375e-01
0.000000000000000000e+00 5.673000000000000265e-01
5.000000000000000000e+00 5.674000000000000155e-01
0.000000000000000000e+00 5.674000000000000155e-01
1.780000000000000000e+02 5.675000000000000044e-01
8.400000000000000000e+01 5.675999999999999934e-01
0.000000000000000000e+00 5.673000000000000265e-01
1.000000000000000000e+01 5.674000000000000155e-01
0.000000000000000000e+00 5.675000000000000044e-01
1.000000000000000000e+00 5.675999999999999934e-01
8.000000000000000000e+00 5.676999999999999824e-01
0.000000000000000000e+00 5.677999999999999714e-01
0.000000000000000000e+00 5.678999999999999604e-01
0.000000000000000000e+00 5.679999999999999494e-01
0.000000000000000000e+00 5.681000000000000494e-01
0.000000000000000000e+00 5.682000000000000384e-01
4.100000000000000000e+01 5.683000000000000274e-01
2.200000000000000000e+01 5.684000000000000163e-01
0.000000000000000000e+00 5.685000000000000053e-01
1.000000000000000000e+00 5.685999999999999943e-01
0.000000000000000000e+00 5.686999999999999833e-01
1.000000000000000000e+00 5.687999999999999723e-01
0.000000000000000000e+00 5.688999999999999613e-01
0.000000000000000000e+00 5.689999999999999503e-01
0.000000000000000000e+00 5.691000000000000503e-01
0.000000000000000000e+00 5.692000000000000393e-01
0.000000000000000000e+00 5.693000000000000282e-01
7.000000000000000000e+00 5.694000000000000172e-01
0.000000000000000000e+00 5.695000000000000062e-01
4.000000000000000000e+00 5.695999999999999952e-01
0.000000000000000000e+00 5.696999999999999842e-01
3.600000000000000000e+01 5.697999999999999732e-01
0.000000000000000000e+00 5.698999999999999622e-01
1.000000000000000000e+00 5.699999999999999512e-01
5.000000000000000000e+00 5.698999999999999622e-01
3.000000000000000000e+00 5.699999999999999512e-01
4.000000000000000000e+00 5.701000000000000512e-01
1.800000000000000000e+02 5.702000000000000401e-01
3.600000000000000000e+01 5.703000000000000291e-01
1.200000000000000000e+01 5.704000000000000181e-01
1.000000000000000000e+00 5.705000000000000071e-01
2.100000000000000000e+01 5.705999999999999961e-01
8.000000000000000000e+00 5.706999999999999851e-01
2.000000000000000000e+00 5.707999999999999741e-01
0.000000000000000000e+00 5.708999999999999631e-01
7.000000000000000000e+00 5.709999999999999520e-01
1.000000000000000000e+00 5.711000000000000520e-01
0.000000000000000000e+00 5.712000000000000410e-01
0.000000000000000000e+00 5.713000000000000300e-01
4.000000000000000000e+00 5.714000000000000190e-01
3.000000000000000000e+00 5.715000000000000080e-01
0.000000000000000000e+00 5.715999999999999970e-01
7.000000000000000000e+00 5.716999999999999860e-01
2.000000000000000000e+00 5.717999999999999750e-01
1.400000000000000000e+01 5.718999999999999639e-01
2.000000000000000000e+00 5.719999999999999529e-01
8.000000000000000000e+00 5.721000000000000529e-01
8.000000000000000000e+00 5.722000000000000419e-01
4.000000000000000000e+00 5.723000000000000309e-01
4.000000000000000000e+00 5.724000000000000199e-01
0.000000000000000000e+00 5.725000000000000089e-01
5.800000000000000000e+01 5.725999999999999979e-01
7.000000000000000000e+00 5.726999999999999869e-01
2.000000000000000000e+00 5.727999999999999758e-01
3.000000000000000000e+00 5.728999999999999648e-01
0.000000000000000000e+00 5.729999999999999538e-01
3.000000000000000000e+00 5.731000000000000538e-01
0.000000000000000000e+00 5.732000000000000428e-01
2.000000000000000000e+00 5.733000000000000318e-01
1.000000000000000000e+00 5.734000000000000208e-01
9.000000000000000000e+00 5.735000000000000098e-01
7.000000000000000000e+00 5.735999999999999988e-01
1.000000000000000000e+00 5.736999999999999877e-01
5.300000000000000000e+01 5.735999999999999988e-01
0.000000000000000000e+00 5.736999999999999877e-01
0.000000000000000000e+00 5.737999999999999767e-01
0.000000000000000000e+00 5.738999999999999657e-01
5.500000000000000000e+01 5.739999999999999547e-01
0.000000000000000000e+00 5.741000000000000547e-01
0.000000000000000000e+00 5.742000000000000437e-01
0.000000000000000000e+00 5.743000000000000327e-01
0.000000000000000000e+00 5.744000000000000217e-01
7.000000000000000000e+00 5.745000000000000107e-01
1.000000000000000000e+00 5.745999999999999996e-01
2.400000000000000000e+01 5.746999999999999886e-01
3.600000000000000000e+01 5.746999999999999886e-01
3.000000000000000000e+00 5.747999999999999776e-01
4.000000000000000000e+00 5.748999999999999666e-01
1.000000000000000000e+00 5.749999999999999556e-01
1.400000000000000000e+01 5.750999999999999446e-01
0.000000000000000000e+00 5.752000000000000446e-01
6.000000000000000000e+00 5.753000000000000336e-01
2.900000000000000000e+01 5.754000000000000226e-01
4.000000000000000000e+00 5.755000000000000115e-01
1.000000000000000000e+00 5.756000000000000005e-01
0.000000000000000000e+00 5.756999999999999895e-01
4.000000000000000000e+00 5.757999999999999785e-01
0.000000000000000000e+00 5.758999999999999675e-01
1.200000000000000000e+01 5.759999999999999565e-01
0.000000000000000000e+00 5.760999999999999455e-01
0.000000000000000000e+00 5.762000000000000455e-01
2.000000000000000000e+00 5.763000000000000345e-01
0.000000000000000000e+00 5.764000000000000234e-01
0.000000000000000000e+00 5.765000000000000124e-01
2.600000000000000000e+01 5.766000000000000014e-01
0.000000000000000000e+00 5.766999999999999904e-01
2.900000000000000000e+01 5.767999999999999794e-01
0.000000000000000000e+00 5.768999999999999684e-01
2.100000000000000000e+01 5.769999999999999574e-01
0.000000000000000000e+00 5.770999999999999464e-01
4.000000000000000000e+00 5.772000000000000464e-01
7.000000000000000000e+00 5.773000000000000353e-01
0.000000000000000000e+00 5.774000000000000243e-01
0.000000000000000000e+00 5.775000000000000133e-01
6.000000000000000000e+00 5.776000000000000023e-01
1.500000000000000000e+01 5.776999999999999913e-01
2.000000000000000000e+00 5.776999999999999913e-01
1.500000000000000000e+01 5.777999999999999803e-01
0.000000000000000000e+00 5.778999999999999693e-01
7.000000000000000000e+00 5.779999999999999583e-01
0.000000000000000000e+00 5.780999999999999472e-01
3.000000000000000000e+00 5.782000000000000473e-01
6.000000000000000000e+00 5.783000000000000362e-01
0.000000000000000000e+00 5.784000000000000252e-01
0.000000000000000000e+00 5.785000000000000142e-01
2.000000000000000000e+00 5.786000000000000032e-01
2.100000000000000000e+01 5.786999999999999922e-01
0.000000000000000000e+00 5.787999999999999812e-01
1.000000000000000000e+00 5.788999999999999702e-01
0.000000000000000000e+00 5.789999999999999591e-01
0.000000000000000000e+00 5.790999999999999481e-01
0.000000000000000000e+00 5.792000000000000481e-01
0.000000000000000000e+00 5.793000000000000371e-01
0.000000000000000000e+00 5.794000000000000261e-01
7.000000000000000000e+00 5.795000000000000151e-01
0.000000000000000000e+00 5.796000000000000041e-01
0.000000000000000000e+00 5.796999999999999931e-01
2.000000000000000000e+00 5.797999999999999821e-01
0.000000000000000000e+00 5.798999999999999710e-01
7.000000000000000000e+00 5.799999999999999600e-01
0.000000000000000000e+00 5.800999999999999490e-01
3.000000000000000000e+00 5.802000000000000490e-01
0.000000000000000000e+00 5.803000000000000380e-01
2.940000000000000000e+02 5.804000000000000270e-01
5.000000000000000000e+00 5.805000000000000160e-01
2.000000000000000000e+00 5.806000000000000050e-01
0.000000000000000000e+00 5.806999999999999940e-01
0.000000000000000000e+00 5.807999999999999829e-01
0.000000000000000000e+00 5.808999999999999719e-01
4.000000000000000000e+00 5.809999999999999609e-01
5.000000000000000000e+00 5.810999999999999499e-01
4.900000000000000000e+01 5.812000000000000499e-01
0.000000000000000000e+00 5.813000000000000389e-01
3.000000000000000000e+00 5.814000000000000279e-01
1.100000000000000000e+01 5.815000000000000169e-01
5.000000000000000000e+00 5.816000000000000059e-01
0.000000000000000000e+00 5.816999999999999948e-01
0.000000000000000000e+00 5.817999999999999838e-01
0.000000000000000000e+00 5.818999999999999728e-01
9.000000000000000000e+00 5.819999999999999618e-01
0.000000000000000000e+00 5.820999999999999508e-01
0.000000000000000000e+00 5.822000000000000508e-01
2.000000000000000000e+00 5.823000000000000398e-01
0.000000000000000000e+00 5.824000000000000288e-01
1.000000000000000000e+01 5.825000000000000178e-01
2.000000000000000000e+00 5.826000000000000068e-01
0.000000000000000000e+00 5.826000000000000068e-01
1.700000000000000000e+01 5.826999999999999957e-01
4.000000000000000000e+00 5.826999999999999957e-01
0.000000000000000000e+00 5.827999999999999847e-01
0.000000000000000000e+00 5.828999999999999737e-01
2.000000000000000000e+00 5.829999999999999627e-01
0.000000000000000000e+00 5.830999999999999517e-01
0.000000000000000000e+00 5.832000000000000517e-01
9.000000000000000000e+00 5.833000000000000407e-01
0.000000000000000000e+00 5.834000000000000297e-01
2.000000000000000000e+00 5.835000000000000187e-01
0.000000000000000000e+00 5.836000000000000076e-01
2.000000000000000000e+00 5.836999999999999966e-01
0.000000000000000000e+00 5.837999999999999856e-01
0.000000000000000000e+00 5.838999999999999746e-01
0.000000000000000000e+00 5.839999999999999636e-01
1.000000000000000000e+00 5.840999999999999526e-01
0.000000000000000000e+00 5.842000000000000526e-01
1.600000000000000000e+02 5.843000000000000416e-01
5.000000000000000000e+00 5.844000000000000306e-01
0.000000000000000000e+00 5.845000000000000195e-01
3.000000000000000000e+00 5.846000000000000085e-01
0.000000000000000000e+00 5.846999999999999975e-01
0.000000000000000000e+00 5.847999999999999865e-01
0.000000000000000000e+00 5.848999999999999755e-01
1.500000000000000000e+01 5.849999999999999645e-01
1.000000000000000000e+00 5.848999999999999755e-01
0.000000000000000000e+00 5.849999999999999645e-01
0.000000000000000000e+00 5.850999999999999535e-01
0.000000000000000000e+00 5.852000000000000535e-01
5.000000000000000000e+00 5.853000000000000425e-01
4.000000000000000000e+00 5.854000000000000314e-01
2.000000000000000000e+00 5.855000000000000204e-01
3.000000000000000000e+00 5.856000000000000094e-01
0.000000000000000000e+00 5.856999999999999984e-01
5.000000000000000000e+00 5.857999999999999874e-01
1.400000000000000000e+01 5.858999999999999764e-01
0.000000000000000000e+00 5.859999999999999654e-01
9.000000000000000000e+00 5.860999999999999543e-01
4.000000000000000000e+00 5.862000000000000544e-01
1.000000000000000000e+00 5.863000000000000433e-01
1.700000000000000000e+01 5.864000000000000323e-01
2.900000000000000000e+01 5.865000000000000213e-01
0.000000000000000000e+00 5.866000000000000103e-01
3.000000000000000000e+00 5.866999999999999993e-01
0.000000000000000000e+00 5.867999999999999883e-01
4.900000000000000000e+01 5.868999999999999773e-01
2.000000000000000000e+00 5.869999999999999662e-01
0.000000000000000000e+00 5.870999999999999552e-01
0.000000000000000000e+00 5.872000000000000552e-01
4.000000000000000000e+00 5.873000000000000442e-01
5.000000000000000000e+00 5.874000000000000332e-01
1.000000000000000000e+00 5.875000000000000222e-01
1.000000000000000000e+01 5.876000000000000112e-01
1.000000000000000000e+00 5.877000000000000002e-01
0.000000000000000000e+00 5.877999999999999892e-01
9.000000000000000000e+00 5.878999999999999782e-01
4.000000000000000000e+00 5.879999999999999671e-01
0.000000000000000000e+00 5.880999999999999561e-01
4.100000000000000000e+02 5.881999999999999451e-01
0.000000000000000000e+00 5.883000000000000451e-01
0.000000000000000000e+00 5.884000000000000341e-01
1.000000000000000000e+00 5.885000000000000231e-01
7.000000000000000000e+00 5.886000000000000121e-01
2.000000000000000000e+00 5.887000000000000011e-01
0.000000000000000000e+00 5.887999999999999901e-01
1.000000000000000000e+01 5.888999999999999790e-01
7.000000000000000000e+00 5.889999999999999680e-01
3.000000000000000000e+00 5.890999999999999570e-01
0.000000000000000000e+00 5.891999999999999460e-01
0.000000000000000000e+00 5.893000000000000460e-01
3.900000000000000000e+01 5.894000000000000350e-01
3.100000000000000000e+01 5.895000000000000240e-01
4.000000000000000000e+00 5.896000000000000130e-01
4.000000000000000000e+00 5.897000000000000020e-01
0.000000000000000000e+00 5.897999999999999909e-01
1.100000000000000000e+01 5.898999999999999799e-01
3.000000000000000000e+00 5.897999999999999909e-01
0.000000000000000000e+00 5.898999999999999799e-01
2.000000000000000000e+00 5.899999999999999689e-01
2.000000000000000000e+00 5.900999999999999579e-01
1.000000000000000000e+00 5.901999999999999469e-01
0.000000000000000000e+00 5.903000000000000469e-01
6.100000000000000000e+01 5.904000000000000359e-01
1.000000000000000000e+01 5.905000000000000249e-01
0.000000000000000000e+00 5.906000000000000139e-01
6.000000000000000000e+00 5.907000000000000028e-01
3.000000000000000000e+00 5.907999999999999918e-01
3.700000000000000000e+01 5.908999999999999808e-01
3.600000000000000000e+01 5.909999999999999698e-01
5.000000000000000000e+00 5.910999999999999588e-01
3.600000000000000000e+01 5.911999999999999478e-01
2.000000000000000000e+00 5.913000000000000478e-01
0.000000000000000000e+00 5.914000000000000368e-01
0.000000000000000000e+00 5.915000000000000258e-01
1.180000000000000000e+02 5.916000000000000147e-01
2.900000000000000000e+01 5.917000000000000037e-01
2.000000000000000000e+00 5.917999999999999927e-01
5.000000000000000000e+00 5.918999999999999817e-01
5.000000000000000000e+00 5.917999999999999927e-01
0.000000000000000000e+00 5.918999999999999817e-01
6.000000000000000000e+00 5.919999999999999707e-01
1.300000000000000000e+01 5.920999999999999597e-01
3.000000000000000000e+00 5.921999999999999487e-01
0.000000000000000000e+00 5.923000000000000487e-01
0.000000000000000000e+00 5.924000000000000377e-01
2.400000000000000000e+01 5.925000000000000266e-01
2.000000000000000000e+00 5.926000000000000156e-01
4.000000000000000000e+00 5.927000000000000046e-01
4.000000000000000000e+00 5.927999999999999936e-01
1.000000000000000000e+00 5.927000000000000046e-01
2.800000000000000000e+01 5.927999999999999936e-01
2.100000000000000000e+01 5.927000000000000046e-01
5.000000000000000000e+00 5.927999999999999936e-01
3.200000000000000000e+01 5.928999999999999826e-01
1.200000000000000000e+01 5.929999999999999716e-01
1.000000000000000000e+00 5.930999999999999606e-01
2.000000000000000000e+00 5.931999999999999496e-01
0.000000000000000000e+00 5.931999999999999496e-01
6.000000000000000000e+00 5.933000000000000496e-01
0.000000000000000000e+00 5.934000000000000385e-01
4.000000000000000000e+00 5.935000000000000275e-01
5.100000000000000000e+01 5.936000000000000165e-01
3.000000000000000000e+00 5.937000000000000055e-01
0.000000000000000000e+00 5.937000000000000055e-01
2.000000000000000000e+00 5.937999999999999945e-01
1.400000000000000000e+01 5.938999999999999835e-01
7.000000000000000000e+00 5.939999999999999725e-01
2.700000000000000000e+01 5.940999999999999615e-01
0.000000000000000000e+00 5.941999999999999504e-01
1.700000000000000000e+01 5.943000000000000504e-01
1.400000000000000000e+01 5.944000000000000394e-01
8.000000000000000000e+00 5.945000000000000284e-01
0.000000000000000000e+00 5.943000000000000504e-01
0.000000000000000000e+00 5.944000000000000394e-01
0.000000000000000000e+00 5.945000000000000284e-01
0.000000000000000000e+00 5.946000000000000174e-01
1.300000000000000000e+01 5.947000000000000064e-01
0.000000000000000000e+00 5.947999999999999954e-01
9.300000000000000000e+01 5.948999999999999844e-01
1.200000000000000000e+01 5.949999999999999734e-01
1.000000000000000000e+00 5.950999999999999623e-01
3.800000000000000000e+01 5.951999999999999513e-01
7.400000000000000000e+01 5.953000000000000513e-01
0.000000000000000000e+00 5.954000000000000403e-01
0.000000000000000000e+00 5.955000000000000293e-01
2.200000000000000000e+01 5.956000000000000183e-01
3.000000000000000000e+00 5.957000000000000073e-01
0.000000000000000000e+00 5.957999999999999963e-01
2.400000000000000000e+01 5.958999999999999853e-01
3.000000000000000000e+00 5.959999999999999742e-01
2.000000000000000000e+00 5.960999999999999632e-01
4.000000000000000000e+00 5.961999999999999522e-01
0.000000000000000000e+00 5.963000000000000522e-01
0.000000000000000000e+00 5.964000000000000412e-01
0.000000000000000000e+00 5.965000000000000302e-01
0.000000000000000000e+00 5.966000000000000192e-01
5.000000000000000000e+00 5.967000000000000082e-01
0.000000000000000000e+00 5.967999999999999972e-01
0.000000000000000000e+00 5.968999999999999861e-01
4.000000000000000000e+00 5.969999999999999751e-01
2.600000000000000000e+01 5.968999999999999861e-01
0.000000000000000000e+00 5.969999999999999751e-01
0.000000000000000000e+00 5.970999999999999641e-01
2.400000000000000000e+01 5.971999999999999531e-01
6.000000000000000000e+00 5.973000000000000531e-01
0.000000000000000000e+00 5.974000000000000421e-01
3.000000000000000000e+00 5.975000000000000311e-01
5.100000000000000000e+01 5.976000000000000201e-01
3.500000000000000000e+01 5.977000000000000091e-01
0.000000000000000000e+00 5.977999999999999980e-01
1.100000000000000000e+01 5.978999999999999870e-01
0.000000000000000000e+00 5.979999999999999760e-01
2.900000000000000000e+01 5.980999999999999650e-01
0.000000000000000000e+00 5.981999999999999540e-01
2.000000000000000000e+01 5.983000000000000540e-01
0.000000000000000000e+00 5.984000000000000430e-01
0.000000000000000000e+00 5.985000000000000320e-01
3.500000000000000000e+01 5.986000000000000210e-01
0.000000000000000000e+00 5.987000000000000099e-01
0.000000000000000000e+00 5.987999999999999989e-01
2.000000000000000000e+00 5.988999999999999879e-01
8.000000000000000000e+00 5.987999999999999989e-01
2.600000000000000000e+01 5.988999999999999879e-01
1.000000000000000000e+00 5.989999999999999769e-01
4.000000000000000000e+00 5.990999999999999659e-01
0.000000000000000000e+00 5.991999999999999549e-01
7.000000000000000000e+00 5.993000000000000549e-01
3.000000000000000000e+00 5.994000000000000439e-01
2.500000000000000000e+01 5.995000000000000329e-01
0.000000000000000000e+00 5.996000000000000218e-01
0.000000000000000000e+00 5.997000000000000108e-01
0.000000000000000000e+00 5.997999999999999998e-01
3.600000000000000000e+01 5.998999999999999888e-01
0.000000000000000000e+00 5.999999999999999778e-01
2.000000000000000000e+00 6.000999999999999668e-01
0.000000000000000000e+00 6.001999999999999558e-01
8.000000000000000000e+00 6.002999999999999448e-01
1.000000000000000000e+00 6.004000000000000448e-01
5.000000000000000000e+00 6.005000000000000338e-01
1.100000000000000000e+01 6.006000000000000227e-01
7.000000000000000000e+00 6.007000000000000117e-01
9.000000000000000000e+00 6.008000000000000007e-01
1.900000000000000000e+01 6.008999999999999897e-01
1.200000000000000000e+01 6.009999999999999787e-01
2.300000000000000000e+01 6.010999999999999677e-01
2.000000000000000000e+01 6.011999999999999567e-01
4.000000000000000000e+00 6.012999999999999456e-01
9.000000000000000000e+00 6.014000000000000457e-01
0.000000000000000000e+00 6.015000000000000346e-01
2.800000000000000000e+01 6.016000000000000236e-01
9.000000000000000000e+00 6.017000000000000126e-01
0.000000000000000000e+00 6.018000000000000016e-01
0.000000000000000000e+00 6.018999999999999906e-01
1.000000000000000000e+00 6.019999999999999796e-01
2.000000000000000000e+00 6.020999999999999686e-01
0.000000000000000000e+00 6.021999999999999575e-01
0.000000000000000000e+00 6.022999999999999465e-01
2.000000000000000000e+01 6.024000000000000465e-01
0.000000000000000000e+00 6.025000000000000355e-01
1.700000000000000000e+01 6.026000000000000245e-01
4.000000000000000000e+00 6.027000000000000135e-01
0.000000000000000000e+00 6.028000000000000025e-01
8.000000000000000000e+00 6.028999999999999915e-01
0.000000000000000000e+00 6.028999999999999915e-01
1.800000000000000000e+01 6.029999999999999805e-01
6.000000000000000000e+00 6.029999999999999805e-01
1.660000000000000000e+02 6.030999999999999694e-01
2.000000000000000000e+00 6.031999999999999584e-01
4.000000000000000000e+00 6.032999999999999474e-01
3.000000000000000000e+00 6.032999999999999474e-01
0.000000000000000000e+00 6.031999999999999584e-01
0.000000000000000000e+00 6.032999999999999474e-01
0.000000000000000000e+00 6.034000000000000474e-01
0.000000000000000000e+00 6.035000000000000364e-01
0.000000000000000000e+00 6.036000000000000254e-01
0.000000000000000000e+00 6.037000000000000144e-01
5.000000000000000000e+00 6.038000000000000034e-01
0.000000000000000000e+00 6.038999999999999924e-01
4.000000000000000000e+00 6.039999999999999813e-01
1.000000000000000000e+00 6.040999999999999703e-01
0.000000000000000000e+00 6.041999999999999593e-01
0.000000000000000000e+00 6.042999999999999483e-01
3.500000000000000000e+01 6.044000000000000483e-01
0.000000000000000000e+00 6.045000000000000373e-01
3.000000000000000000e+00 6.046000000000000263e-01
4.000000000000000000e+00 6.047000000000000153e-01
0.000000000000000000e+00 6.048000000000000043e-01
2.000000000000000000e+00 6.048999999999999932e-01
2.000000000000000000e+00 6.049999999999999822e-01
4.000000000000000000e+01 6.050999999999999712e-01
1.330000000000000000e+02 6.051999999999999602e-01
0.000000000000000000e+00 6.052999999999999492e-01
0.000000000000000000e+00 6.054000000000000492e-01
2.000000000000000000e+00 6.055000000000000382e-01
0.000000000000000000e+00 6.056000000000000272e-01
1.400000000000000000e+02 6.057000000000000162e-01
0.000000000000000000e+00 6.058000000000000052e-01
1.300000000000000000e+01 6.058999999999999941e-01
2.900000000000000000e+01 6.059999999999999831e-01
0.000000000000000000e+00 6.058999999999999941e-01
1.000000000000000000e+00 6.059999999999999831e-01
8.000000000000000000e+00 6.060999999999999721e-01
2.000000000000000000e+00 6.061999999999999611e-01
1.000000000000000000e+00 6.062999999999999501e-01
1.000000000000000000e+00 6.064000000000000501e-01
5.000000000000000000e+00 6.065000000000000391e-01
2.100000000000000000e+01 6.066000000000000281e-01
7.000000000000000000e+00 6.067000000000000171e-01
3.000000000000000000e+00 6.068000000000000060e-01
1.800000000000000000e+01 6.068000000000000060e-01
1.630000000000000000e+02 6.068999999999999950e-01
0.000000000000000000e+00 6.069999999999999840e-01
8.000000000000000000e+00 6.070999999999999730e-01
0.000000000000000000e+00 6.071999999999999620e-01
0.000000000000000000e+00 6.072999999999999510e-01
1.000000000000000000e+00 6.074000000000000510e-01
7.400000000000000000e+01 6.075000000000000400e-01
1.200000000000000000e+01 6.076000000000000290e-01
4.500000000000000000e+01 6.077000000000000179e-01
2.000000000000000000e+00 6.078000000000000069e-01
7.000000000000000000e+00 6.078999999999999959e-01
1.000000000000000000e+00 6.079999999999999849e-01
4.000000000000000000e+00 6.080999999999999739e-01
0.000000000000000000e+00 6.081999999999999629e-01
6.000000000000000000e+00 6.082999999999999519e-01
1.300000000000000000e+01 6.084000000000000519e-01
0.000000000000000000e+00 6.085000000000000409e-01
7.000000000000000000e+00 6.086000000000000298e-01
3.000000000000000000e+00 6.087000000000000188e-01
0.000000000000000000e+00 6.088000000000000078e-01
6.000000000000000000e+01 6.088999999999999968e-01
1.300000000000000000e+01 6.089999999999999858e-01
0.000000000000000000e+00 6.090999999999999748e-01
8.400000000000000000e+01 6.091999999999999638e-01
0.000000000000000000e+00 6.092999999999999527e-01
0.000000000000000000e+00 6.094000000000000528e-01
0.000000000000000000e+00 6.095000000000000417e-01
4.000000000000000000e+00 6.096000000000000307e-01
3.900000000000000000e+01 6.097000000000000197e-01
1.000000000000000000e+01 6.098000000000000087e-01
4.000000000000000000e+00 6.098999999999999977e-01
0.000000000000000000e+00 6.099999999999999867e-01
0.000000000000000000e+00 6.100999999999999757e-01
3.000000000000000000e+00 6.101999999999999647e-01
0.000000000000000000e+00 6.101999999999999647e-01
3.000000000000000000e+00 6.102999999999999536e-01
1.100000000000000000e+01 6.104000000000000536e-01
6.000000000000000000e+00 6.105000000000000426e-01
8.000000000000000000e+00 6.105000000000000426e-01
0.000000000000000000e+00 6.106000000000000316e-01
1.300000000000000000e+01 6.107000000000000206e-01
4.000000000000000000e+00 6.108000000000000096e-01
0.000000000000000000e+00 6.108999999999999986e-01
2.600000000000000000e+01 6.109999999999999876e-01
0.000000000000000000e+00 6.108999999999999986e-01
0.000000000000000000e+00 6.109999999999999876e-01
0.000000000000000000e+00 6.110999999999999766e-01
1.400000000000000000e+01 6.111999999999999655e-01
4.000000000000000000e+00 6.112999999999999545e-01
0.000000000000000000e+00 6.114000000000000545e-01
4.600000000000000000e+01 6.115000000000000435e-01
0.000000000000000000e+00 6.116000000000000325e-01
0.000000000000000000e+00 6.117000000000000215e-01
0.000000000000000000e+00 6.118000000000000105e-01
0.000000000000000000e+00 6.118999999999999995e-01
8.000000000000000000e+00 6.119999999999999885e-01
1.000000000000000000e+00 6.117000000000000215e-01
1.000000000000000000e+00 6.118000000000000105e-01
2.500000000000000000e+01 6.118999999999999995e-01
0.000000000000000000e+00 6.119999999999999885e-01
3.000000000000000000e+00 6.120999999999999774e-01
2.000000000000000000e+00 6.121999999999999664e-01
0.000000000000000000e+00 6.122999999999999554e-01
9.000000000000000000e+00 6.124000000000000554e-01
2.300000000000000000e+01 6.125000000000000444e-01
0.000000000000000000e+00 6.126000000000000334e-01
0.000000000000000000e+00 6.127000000000000224e-01
0.000000000000000000e+00 6.128000000000000114e-01
8.000000000000000000e+00 6.129000000000000004e-01
0.000000000000000000e+00 6.129999999999999893e-01
1.030000000000000000e+02 6.130999999999999783e-01
0.000000000000000000e+00 6.131999999999999673e-01
2.000000000000000000e+00 6.132999999999999563e-01
1.500000000000000000e+01 6.133999999999999453e-01
4.000000000000000000e+00 6.135000000000000453e-01
7.000000000000000000e+00 6.136000000000000343e-01
4.500000000000000000e+01 6.137000000000000233e-01
4.000000000000000000e+00 6.138000000000000123e-01
1.000000000000000000e+01 6.139000000000000012e-01
0.000000000000000000e+00 6.139999999999999902e-01
8.000000000000000000e+00 6.140999999999999792e-01
0.000000000000000000e+00 6.141999999999999682e-01
0.000000000000000000e+00 6.142999999999999572e-01
8.700000000000000000e+01 6.143999999999999462e-01
0.000000000000000000e+00 6.145000000000000462e-01
0.000000000000000000e+00 6.146000000000000352e-01
3.200000000000000000e+01 6.147000000000000242e-01
0.000000000000000000e+00 6.148000000000000131e-01
1.000000000000000000e+00 6.149000000000000021e-01
0.000000000000000000e+00 6.149999999999999911e-01
6.000000000000000000e+00 6.150999999999999801e-01
2.900000000000000000e+01 6.151999999999999691e-01
0.000000000000000000e+00 6.151999999999999691e-01
1.000000000000000000e+00 6.152999999999999581e-01
4.000000000000000000e+00 6.153999999999999471e-01
2.000000000000000000e+00 6.155000000000000471e-01
0.000000000000000000e+00 6.156000000000000361e-01
0.000000000000000000e+00 6.157000000000000250e-01
7.000000000000000000e+00 6.158000000000000140e-01
4.000000000000000000e+00 6.155000000000000471e-01
2.000000000000000000e+00 6.156000000000000361e-01
0.000000000000000000e+00 6.157000000000000250e-01
7.000000000000000000e+00 6.158000000000000140e-01
1.000000000000000000e+01 6.159000000000000030e-01
0.000000000000000000e+00 6.159999999999999920e-01
9.000000000000000000e+00 6.160999999999999810e-01
2.100000000000000000e+01 6.161999999999999700e-01
3.600000000000000000e+01 6.162999999999999590e-01
0.000000000000000000e+00 6.163999999999999480e-01
1.700000000000000000e+01 6.165000000000000480e-01
0.000000000000000000e+00 6.166000000000000369e-01
0.000000000000000000e+00 6.167000000000000259e-01
5.300000000000000000e+01 6.168000000000000149e-01
5.200000000000000000e+01 6.169000000000000039e-01
0.000000000000000000e+00 6.169999999999999929e-01
0.000000000000000000e+00 6.170999999999999819e-01
3.000000000000000000e+00 6.171999999999999709e-01
1.000000000000000000e+00 6.172999999999999599e-01
3.600000000000000000e+01 6.173999999999999488e-01
2.000000000000000000e+00 6.175000000000000488e-01
0.000000000000000000e+00 6.176000000000000378e-01
5.000000000000000000e+00 6.177000000000000268e-01
2.100000000000000000e+01 6.178000000000000158e-01
1.040000000000000000e+02 6.179000000000000048e-01
1.100000000000000000e+01 6.173999999999999488e-01
1.000000000000000000e+00 6.175000000000000488e-01
3.400000000000000000e+01 6.176000000000000378e-01
1.300000000000000000e+01 6.177000000000000268e-01
0.000000000000000000e+00 6.178000000000000158e-01
1.000000000000000000e+00 6.179000000000000048e-01
1.600000000000000000e+01 6.179999999999999938e-01
2.000000000000000000e+00 6.180999999999999828e-01
2.000000000000000000e+00 6.181999999999999718e-01
0.000000000000000000e+00 6.182999999999999607e-01
0.000000000000000000e+00 6.183999999999999497e-01
2.000000000000000000e+00 6.185000000000000497e-01
1.800000000000000000e+01 6.186000000000000387e-01
0.000000000000000000e+00 6.187000000000000277e-01
1.000000000000000000e+00 6.188000000000000167e-01
0.000000000000000000e+00 6.189000000000000057e-01
0.000000000000000000e+00 6.189999999999999947e-01
2.000000000000000000e+01 6.190999999999999837e-01
0.000000000000000000e+00 6.191999999999999726e-01
3.700000000000000000e+01 6.192999999999999616e-01
0.000000000000000000e+00 6.193999999999999506e-01
1.000000000000000000e+00 6.195000000000000506e-01
4.400000000000000000e+01 6.196000000000000396e-01
0.000000000000000000e+00 6.197000000000000286e-01
5.000000000000000000e+00 6.198000000000000176e-01
2.000000000000000000e+00 6.199000000000000066e-01
0.000000000000000000e+00 6.197000000000000286e-01
1.980000000000000000e+02 6.198000000000000176e-01
0.000000000000000000e+00 6.198000000000000176e-01
0.000000000000000000e+00 6.199000000000000066e-01
0.000000000000000000e+00 6.199999999999999956e-01
1.450000000000000000e+02 6.200999999999999845e-01
3.000000000000000000e+00 6.199000000000000066e-01
1.400000000000000000e+01 6.199999999999999956e-01
6.000000000000000000e+00 6.200999999999999845e-01
0.000000000000000000e+00 6.201999999999999735e-01
2.000000000000000000e+00 6.202999999999999625e-01
0.000000000000000000e+00 6.203999999999999515e-01
0.000000000000000000e+00 6.205000000000000515e-01
3.300000000000000000e+01 6.206000000000000405e-01
2.000000000000000000e+00 6.207000000000000295e-01
4.000000000000000000e+00 6.208000000000000185e-01
3.000000000000000000e+00 6.209000000000000075e-01
2.000000000000000000e+00 6.209999999999999964e-01
0.000000000000000000e+00 6.210999999999999854e-01
1.000000000000000000e+01 6.211999999999999744e-01
1.600000000000000000e+01 6.212999999999999634e-01
3.000000000000000000e+00 6.213999999999999524e-01
2.000000000000000000e+00 6.213999999999999524e-01
0.000000000000000000e+00 6.215000000000000524e-01
0.000000000000000000e+00 6.216000000000000414e-01
0.000000000000000000e+00 6.217000000000000304e-01
0.000000000000000000e+00 6.218000000000000194e-01
5.000000000000000000e+01 6.219000000000000083e-01
2.200000000000000000e+01 6.218000000000000194e-01
1.000000000000000000e+01 6.219000000000000083e-01
0.000000000000000000e+00 6.219999999999999973e-01
1.000000000000000000e+00 6.220999999999999863e-01
0.000000000000000000e+00 6.221999999999999753e-01
0.000000000000000000e+00 6.222999999999999643e-01
5.000000000000000000e+00 6.223999999999999533e-01
2.000000000000000000e+00 6.225000000000000533e-01
0.000000000000000000e+00 6.226000000000000423e-01
9.000000000000000000e+01 6.227000000000000313e-01
0.000000000000000000e+00 6.228000000000000203e-01
2.000000000000000000e+00 6.229000000000000092e-01
2.000000000000000000e+00 6.229999999999999982e-01
3.900000000000000000e+01 6.230999999999999872e-01
9.000000000000000000e+00 6.231999999999999762e-01
2.500000000000000000e+01 6.232999999999999652e-01
0.000000000000000000e+00 6.233999999999999542e-01
0.000000000000000000e+00 6.235000000000000542e-01
0.000000000000000000e+00 6.236000000000000432e-01
0.000000000000000000e+00 6.237000000000000322e-01
1.000000000000000000e+00 6.238000000000000211e-01
3.000000000000000000e+01 6.239000000000000101e-01
5.000000000000000000e+00 6.239999999999999991e-01
0.000000000000000000e+00 6.240999999999999881e-01
2.000000000000000000e+00 6.241999999999999771e-01
3.700000000000000000e+01 6.242999999999999661e-01
0.000000000000000000e+00 6.243999999999999551e-01
1.000000000000000000e+00 6.245000000000000551e-01
0.000000000000000000e+00 6.245000000000000551e-01
2.000000000000000000e+00 6.246000000000000441e-01
2.500000000000000000e+01 6.247000000000000330e-01
9.000000000000000000e+00 6.248000000000000220e-01
1.460000000000000000e+02 6.249000000000000110e-01
0.000000000000000000e+00 6.250000000000000000e-01
1.600000000000000000e+01 6.250999999999999890e-01
7.000000000000000000e+00 6.251999999999999780e-01
8.000000000000000000e+00 6.252999999999999670e-01
0.000000000000000000e+00 6.253999999999999559e-01
0.000000000000000000e+00 6.254999999999999449e-01
1.000000000000000000e+00 6.256000000000000449e-01
2.700000000000000000e+01 6.257000000000000339e-01
3.000000000000000000e+00 6.258000000000000229e-01
4.000000000000000000e+00 6.259000000000000119e-01
2.000000000000000000e+00 6.260000000000000009e-01
2.000000000000000000e+00 6.260999999999999899e-01
3.000000000000000000e+00 6.261999999999999789e-01
0.000000000000000000e+00 6.262999999999999678e-01
5.000000000000000000e+00 6.263999999999999568e-01
1.600000000000000000e+01 6.264999999999999458e-01
0.000000000000000000e+00 6.266000000000000458e-01
3.500000000000000000e+01 6.267000000000000348e-01
2.000000000000000000e+00 6.268000000000000238e-01
0.000000000000000000e+00 6.269000000000000128e-01
0.000000000000000000e+00 6.270000000000000018e-01
0.000000000000000000e+00 6.270999999999999908e-01
2.000000000000000000e+00 6.271999999999999797e-01
1.000000000000000000e+00 6.272999999999999687e-01
0.000000000000000000e+00 6.273999999999999577e-01
2.500000000000000000e+01 6.274999999999999467e-01
5.700000000000000000e+01 6.276000000000000467e-01
2.600000000000000000e+01 6.277000000000000357e-01
8.500000000000000000e+01 6.278000000000000247e-01
3.200000000000000000e+01 6.279000000000000137e-01
3.000000000000000000e+00 6.280000000000000027e-01
2.000000000000000000e+01 6.280999999999999917e-01
0.000000000000000000e+00 6.281999999999999806e-01
2.000000000000000000e+00 6.282999999999999696e-01
1.900000000000000000e+01 6.283999999999999586e-01
2.400000000000000000e+01 6.284999999999999476e-01
0.000000000000000000e+00 6.286000000000000476e-01
0.000000000000000000e+00 6.287000000000000366e-01
2.000000000000000000e+00 6.288000000000000256e-01
0.000000000000000000e+00 6.289000000000000146e-01
0.000000000000000000e+00 6.290000000000000036e-01
0.000000000000000000e+00 6.290999999999999925e-01
0.000000000000000000e+00 6.291999999999999815e-01
1.300000000000000000e+01 6.292999999999999705e-01
0.000000000000000000e+00 6.289000000000000146e-01
2.800000000000000000e+01 6.290000000000000036e-01
0.000000000000000000e+00 6.290999999999999925e-01
2.800000000000000000e+01 6.291999999999999815e-01
0.000000000000000000e+00 6.292999999999999705e-01
0.000000000000000000e+00 6.293999999999999595e-01
2.000000000000000000e+00 6.294999999999999485e-01
0.000000000000000000e+00 6.296000000000000485e-01
1.800000000000000000e+01 6.297000000000000375e-01
0.000000000000000000e+00 6.298000000000000265e-01
4.000000000000000000e+00 6.299000000000000155e-01
0.000000000000000000e+00 6.300000000000000044e-01
0.000000000000000000e+00 6.300999999999999934e-01
0.000000000000000000e+00 6.301999999999999824e-01
0.000000000000000000e+00 6.302999999999999714e-01
3.500000000000000000e+01 6.303999999999999604e-01
0.000000000000000000e+00 6.304999999999999494e-01
1.000000000000000000e+00 6.306000000000000494e-01
0.000000000000000000e+00 6.307000000000000384e-01
2.000000000000000000e+01 6.308000000000000274e-01
3.400000000000000000e+01 6.309000000000000163e-01
0.000000000000000000e+00 6.310000000000000053e-01
0.000000000000000000e+00 6.310999999999999943e-01
1.800000000000000000e+01 6.311999999999999833e-01
4.110000000000000000e+02 6.310999999999999943e-01
7.000000000000000000e+00 6.311999999999999833e-01
6.000000000000000000e+00 6.312999999999999723e-01
0.000000000000000000e+00 6.313999999999999613e-01
0.000000000000000000e+00 6.314999999999999503e-01
4.000000000000000000e+01 6.316000000000000503e-01
0.000000000000000000e+00 6.317000000000000393e-01
0.000000000000000000e+00 6.318000000000000282e-01
0.000000000000000000e+00 6.319000000000000172e-01
0.000000000000000000e+00 6.320000000000000062e-01
2.000000000000000000e+00 6.320999999999999952e-01
0.000000000000000000e+00 6.321999999999999842e-01
0.000000000000000000e+00 6.322999999999999732e-01
4.000000000000000000e+00 6.323999999999999622e-01
8.500000000000000000e+01 6.324999999999999512e-01
1.300000000000000000e+01 6.326000000000000512e-01
1.210000000000000000e+02 6.326000000000000512e-01
0.000000000000000000e+00 6.327000000000000401e-01
7.000000000000000000e+00 6.328000000000000291e-01
3.200000000000000000e+01 6.329000000000000181e-01
2.600000000000000000e+01 6.330000000000000071e-01
1.000000000000000000e+01 6.330999999999999961e-01
6.000000000000000000e+00 6.331999999999999851e-01
1.000000000000000000e+00 6.332999999999999741e-01
0.000000000000000000e+00 6.333999999999999631e-01
6.000000000000000000e+01 6.334999999999999520e-01
0.000000000000000000e+00 6.336000000000000520e-01
0.000000000000000000e+00 6.337000000000000410e-01
2.000000000000000000e+00 6.338000000000000300e-01
0.000000000000000000e+00 6.339000000000000190e-01
0.000000000000000000e+00 6.340000000000000080e-01
0.000000000000000000e+00 6.340999999999999970e-01
0.000000000000000000e+00 6.341999999999999860e-01
3.900000000000000000e+02 6.342999999999999750e-01
0.000000000000000000e+00 6.342999999999999750e-01
2.600000000000000000e+01 6.343999999999999639e-01
7.000000000000000000e+01 6.344999999999999529e-01
1.870000000000000000e+02 6.346000000000000529e-01
1.090000000000000000e+02 6.347000000000000419e-01
1.000000000000000000e+00 6.348000000000000309e-01
4.000000000000000000e+00 6.349000000000000199e-01
0.000000000000000000e+00 6.350000000000000089e-01
1.000000000000000000e+00 6.350999999999999979e-01
3.700000000000000000e+01 6.350999999999999979e-01
1.000000000000000000e+00 6.351999999999999869e-01
5.000000000000000000e+00 6.352999999999999758e-01
1.000000000000000000e+00 6.353999999999999648e-01
4.300000000000000000e+01 6.354999999999999538e-01
0.000000000000000000e+00 6.356000000000000538e-01
0.000000000000000000e+00 6.357000000000000428e-01
4.000000000000000000e+00 6.358000000000000318e-01
0.000000000000000000e+00 6.359000000000000208e-01
2.600000000000000000e+01 6.360000000000000098e-01
0.000000000000000000e+00 6.360999999999999988e-01
2.400000000000000000e+01 6.361999999999999877e-01
0.000000000000000000e+00 6.362999999999999767e-01
0.000000000000000000e+00 6.363999999999999657e-01
0.000000000000000000e+00 6.364999999999999547e-01
1.000000000000000000e+00 6.366000000000000547e-01
0.000000000000000000e+00 6.367000000000000437e-01
2.000000000000000000e+00 6.368000000000000327e-01
0.000000000000000000e+00 6.369000000000000217e-01
7.000000000000000000e+00 6.370000000000000107e-01
0.000000000000000000e+00 6.370999999999999996e-01
3.000000000000000000e+00 6.371999999999999886e-01
5.300000000000000000e+01 6.372999999999999776e-01
0.000000000000000000e+00 6.373999999999999666e-01
4.000000000000000000e+00 6.374999999999999556e-01
5.000000000000000000e+00 6.375999999999999446e-01
4.900000000000000000e+01 6.377000000000000446e-01
0.000000000000000000e+00 6.378000000000000336e-01
1.300000000000000000e+01 6.379000000000000226e-01
4.000000000000000000e+00 6.380000000000000115e-01
2.600000000000000000e+01 6.381000000000000005e-01
1.250000000000000000e+02 6.381999999999999895e-01
2.270000000000000000e+02 6.382999999999999785e-01
0.000000000000000000e+00 6.383999999999999675e-01
0.000000000000000000e+00 6.384999999999999565e-01
2.100000000000000000e+01 6.385999999999999455e-01
1.900000000000000000e+01 6.387000000000000455e-01
0.000000000000000000e+00 6.388000000000000345e-01
0.000000000000000000e+00 6.389000000000000234e-01
6.000000000000000000e+00 6.390000000000000124e-01
0.000000000000000000e+00 6.391000000000000014e-01
1.000000000000000000e+00 6.391999999999999904e-01
0.000000000000000000e+00 6.392999999999999794e-01
0.000000000000000000e+00 6.393999999999999684e-01
5.000000000000000000e+00 6.394999999999999574e-01
3.000000000000000000e+00 6.395999999999999464e-01
0.000000000000000000e+00 6.397000000000000464e-01
0.000000000000000000e+00 6.398000000000000353e-01
3.000000000000000000e+00 6.399000000000000243e-01
0.000000000000000000e+00 6.400000000000000133e-01
1.800000000000000000e+01 6.401000000000000023e-01
0.000000000000000000e+00 6.401999999999999913e-01
0.000000000000000000e+00 6.402999999999999803e-01
1.000000000000000000e+01 6.403999999999999693e-01
3.000000000000000000e+00 6.404999999999999583e-01
4.000000000000000000e+00 6.405999999999999472e-01
3.000000000000000000e+00 6.407000000000000473e-01
0.000000000000000000e+00 6.407000000000000473e-01
0.000000000000000000e+00 6.408000000000000362e-01
4.000000000000000000e+00 6.409000000000000252e-01
1.900000000000000000e+01 6.410000000000000142e-01
1.000000000000000000e+00 6.411000000000000032e-01
0.000000000000000000e+00 6.411999999999999922e-01
4.900000000000000000e+01 6.412999999999999812e-01
1.270000000000000000e+02 6.413999999999999702e-01
0.000000000000000000e+00 6.414999999999999591e-01
4.000000000000000000e+00 6.415999999999999481e-01
3.000000000000000000e+00 6.417000000000000481e-01
2.000000000000000000e+00 6.418000000000000371e-01
0.000000000000000000e+00 6.419000000000000261e-01
0.000000000000000000e+00 6.420000000000000151e-01
3.700000000000000000e+01 6.421000000000000041e-01
6.000000000000000000e+00 6.421999999999999931e-01
1.200000000000000000e+01 6.422999999999999821e-01
6.000000000000000000e+00 6.423999999999999710e-01
3.200000000000000000e+01 6.424999999999999600e-01
2.000000000000000000e+01 6.425999999999999490e-01
1.500000000000000000e+01 6.427000000000000490e-01
9.000000000000000000e+00 6.428000000000000380e-01
5.000000000000000000e+00 6.429000000000000270e-01
0.000000000000000000e+00 6.430000000000000160e-01
0.000000000000000000e+00 6.431000000000000050e-01
1.000000000000000000e+00 6.431999999999999940e-01
3.200000000000000000e+01 6.432999999999999829e-01
5.000000000000000000e+00 6.433999999999999719e-01
1.000000000000000000e+00 6.434999999999999609e-01
0.000000000000000000e+00 6.435999999999999499e-01
1.000000000000000000e+00 6.437000000000000499e-01
3.000000000000000000e+00 6.438000000000000389e-01
1.350000000000000000e+02 6.439000000000000279e-01
0.000000000000000000e+00 6.440000000000000169e-01
0.000000000000000000e+00 6.441000000000000059e-01
1.380000000000000000e+02 6.441999999999999948e-01
1.000000000000000000e+00 6.442999999999999838e-01
0.000000000000000000e+00 6.442999999999999838e-01
3.300000000000000000e+01 6.443999999999999728e-01
7.000000000000000000e+00 6.444999999999999618e-01
0.000000000000000000e+00 6.445999999999999508e-01
1.200000000000000000e+01 6.447000000000000508e-01
2.100000000000000000e+01 6.448000000000000398e-01
1.200000000000000000e+01 6.449000000000000288e-01
0.000000000000000000e+00 6.450000000000000178e-01
2.000000000000000000e+00 6.451000000000000068e-01
1.672000000000000000e+03 6.451999999999999957e-01
0.000000000000000000e+00 6.452999999999999847e-01
7.000000000000000000e+00 6.453999999999999737e-01
0.000000000000000000e+00 6.452999999999999847e-01
2.000000000000000000e+00 6.453999999999999737e-01
2.000000000000000000e+00 6.454999999999999627e-01
1.500000000000000000e+01 6.455999999999999517e-01
3.000000000000000000e+00 6.455999999999999517e-01
0.000000000000000000e+00 6.457000000000000517e-01
6.000000000000000000e+00 6.458000000000000407e-01
2.000000000000000000e+00 6.459000000000000297e-01
0.000000000000000000e+00 6.460000000000000187e-01
0.000000000000000000e+00 6.461000000000000076e-01
0.000000000000000000e+00 6.461999999999999966e-01
3.000000000000000000e+00 6.462999999999999856e-01
3.000000000000000000e+01 6.463999999999999746e-01
3.590000000000000000e+02 6.464999999999999636e-01
3.200000000000000000e+01 6.465999999999999526e-01
0.000000000000000000e+00 6.467000000000000526e-01
1.520000000000000000e+02 6.468000000000000416e-01
0.000000000000000000e+00 6.469000000000000306e-01
0.000000000000000000e+00 6.470000000000000195e-01
2.460000000000000000e+02 6.471000000000000085e-01
0.000000000000000000e+00 6.471999999999999975e-01
1.000000000000000000e+00 6.472999999999999865e-01
6.000000000000000000e+00 6.473999999999999755e-01
2.000000000000000000e+00 6.474999999999999645e-01
2.000000000000000000e+00 6.475999999999999535e-01
0.000000000000000000e+00 6.477000000000000535e-01
2.000000000000000000e+00 6.478000000000000425e-01
0.000000000000000000e+00 6.479000000000000314e-01
6.700000000000000000e+01 6.480000000000000204e-01
1.000000000000000000e+00 6.481000000000000094e-01
6.000000000000000000e+00 6.481999999999999984e-01
0.000000000000000000e+00 6.482999999999999874e-01
0.000000000000000000e+00 6.483999999999999764e-01
2.000000000000000000e+00 6.484999999999999654e-01
2.100000000000000000e+01 6.485999999999999543e-01
2.900000000000000000e+01 6.487000000000000544e-01
2.000000000000000000e+00 6.488000000000000433e-01
2.000000000000000000e+00 6.489000000000000323e-01
0.000000000000000000e+00 6.490000000000000213e-01
0.000000000000000000e+00 6.491000000000000103e-01
2.000000000000000000e+00 6.491999999999999993e-01
1.900000000000000000e+01 6.492999999999999883e-01
6.000000000000000000e+01 6.493999999999999773e-01
0.000000000000000000e+00 6.494999999999999662e-01
0.000000000000000000e+00 6.495999999999999552e-01
4.000000000000000000e+00 6.497000000000000552e-01
0.000000000000000000e+00 6.498000000000000442e-01
1.000000000000000000e+00 6.499000000000000332e-01
3.000000000000000000e+00 6.500000000000000222e-01
2.000000000000000000e+01 6.501000000000000112e-01
0.000000000000000000e+00 6.502000000000000002e-01
3.800000000000000000e+01 6.502999999999999892e-01
3.000000000000000000e+00 6.503999999999999782e-01
0.000000000000000000e+00 6.504999999999999671e-01
0.000000000000000000e+00 6.505999999999999561e-01
2.050000000000000000e+02 6.506999999999999451e-01
9.600000000000000000e+01 6.506999999999999451e-01
0.000000000000000000e+00 6.508000000000000451e-01
4.900000000000000000e+01 6.509000000000000341e-01
1.200000000000000000e+01 6.510000000000000231e-01
0.000000000000000000e+00 6.511000000000000121e-01
9.000000000000000000e+00 6.512000000000000011e-01
0.000000000000000000e+00 6.512999999999999901e-01
0.000000000000000000e+00 6.513999999999999790e-01
3.780000000000000000e+02 6.514999999999999680e-01
1.000000000000000000e+00 6.515999999999999570e-01
3.010000000000000000e+02 6.516999999999999460e-01
1.000000000000000000e+00 6.518000000000000460e-01
3.700000000000000000e+01 6.519000000000000350e-01
5.000000000000000000e+00 6.520000000000000240e-01
2.000000000000000000e+00 6.521000000000000130e-01
0.000000000000000000e+00 6.522000000000000020e-01
1.000000000000000000e+00 6.522999999999999909e-01
2.078000000000000000e+03 6.523999999999999799e-01
2.000000000000000000e+00 6.520000000000000240e-01
7.000000000000000000e+00 6.521000000000000130e-01
0.000000000000000000e+00 6.522000000000000020e-01
0.000000000000000000e+00 6.522999999999999909e-01
0.000000000000000000e+00 6.523999999999999799e-01
0.000000000000000000e+00 6.524999999999999689e-01
4.000000000000000000e+00 6.525999999999999579e-01
3.000000000000000000e+00 6.526999999999999469e-01
1.000000000000000000e+01 6.528000000000000469e-01
1.080000000000000000e+02 6.529000000000000359e-01
7.600000000000000000e+01 6.530000000000000249e-01
6.000000000000000000e+00 6.531000000000000139e-01
0.000000000000000000e+00 6.532000000000000028e-01
0.000000000000000000e+00 6.532999999999999918e-01
3.400000000000000000e+01 6.533999999999999808e-01
6.200000000000000000e+01 6.534999999999999698e-01
0.000000000000000000e+00 6.535999999999999588e-01
4.000000000000000000e+00 6.536999999999999478e-01
9.600000000000000000e+01 6.538000000000000478e-01
0.000000000000000000e+00 6.539000000000000368e-01
6.000000000000000000e+00 6.540000000000000258e-01
2.300000000000000000e+01 6.541000000000000147e-01
1.600000000000000000e+01 6.542000000000000037e-01
2.540000000000000000e+02 6.542000000000000037e-01
1.200000000000000000e+01 6.542999999999999927e-01
0.000000000000000000e+00 6.543999999999999817e-01
8.000000000000000000e+00 6.544999999999999707e-01
9.000000000000000000e+00 6.545999999999999597e-01
0.000000000000000000e+00 6.546999999999999487e-01
6.000000000000000000e+00 6.548000000000000487e-01
0.000000000000000000e+00 6.549000000000000377e-01
1.000000000000000000e+00 6.550000000000000266e-01
0.000000000000000000e+00 6.551000000000000156e-01
0.000000000000000000e+00 6.552000000000000046e-01
1.330000000000000000e+02 6.552999999999999936e-01
1.000000000000000000e+00 6.553999999999999826e-01
9.000000000000000000e+00 6.554999999999999716e-01
1.600000000000000000e+01 6.555999999999999606e-01
1.900000000000000000e+01 6.556999999999999496e-01
7.000000000000000000e+00 6.558000000000000496e-01
2.000000000000000000e+00 6.559000000000000385e-01
6.300000000000000000e+01 6.560000000000000275e-01
6.000000000000000000e+00 6.561000000000000165e-01
0.000000000000000000e+00 6.562000000000000055e-01
1.500000000000000000e+01 6.562999999999999945e-01
1.500000000000000000e+01 6.563999999999999835e-01
4.900000000000000000e+02 6.564999999999999725e-01
2.000000000000000000e+00 6.565999999999999615e-01
2.570000000000000000e+02 6.566999999999999504e-01
0.000000000000000000e+00 6.568000000000000504e-01
3.000000000000000000e+00 6.569000000000000394e-01
1.000000000000000000e+00 6.570000000000000284e-01
0.000000000000000000e+00 6.571000000000000174e-01
1.100000000000000000e+01 6.572000000000000064e-01
0.000000000000000000e+00 6.572999999999999954e-01
2.000000000000000000e+00 6.573999999999999844e-01
4.400000000000000000e+01 6.574999999999999734e-01
1.430000000000000000e+02 6.575999999999999623e-01
3.000000000000000000e+00 6.575999999999999623e-01
0.000000000000000000e+00 6.576999999999999513e-01
0.000000000000000000e+00 6.578000000000000513e-01
1.000000000000000000e+00 6.579000000000000403e-01
5.000000000000000000e+00 6.580000000000000293e-01
0.000000000000000000e+00 6.581000000000000183e-01
0.000000000000000000e+00 6.582000000000000073e-01
2.000000000000000000e+00 6.582999999999999963e-01
6.000000000000000000e+00 6.583999999999999853e-01
4.000000000000000000e+00 6.584999999999999742e-01
4.000000000000000000e+00 6.585999999999999632e-01
1.980000000000000000e+02 6.586999999999999522e-01
4.000000000000000000e+00 6.588000000000000522e-01
6.100000000000000000e+01 6.589000000000000412e-01
0.000000000000000000e+00 6.590000000000000302e-01
0.000000000000000000e+00 6.591000000000000192e-01
0.000000000000000000e+00 6.592000000000000082e-01
1.000000000000000000e+00 6.592999999999999972e-01
0.000000000000000000e+00 6.593999999999999861e-01
5.000000000000000000e+00 6.594999999999999751e-01
4.500000000000000000e+01 6.595999999999999641e-01
3.000000000000000000e+00 6.596999999999999531e-01
0.000000000000000000e+00 6.598000000000000531e-01
1.000000000000000000e+00 6.599000000000000421e-01
2.200000000000000000e+01 6.600000000000000311e-01
1.000000000000000000e+01 6.601000000000000201e-01
1.300000000000000000e+01 6.602000000000000091e-01
2.000000000000000000e+00 6.602999999999999980e-01
8.000000000000000000e+00 6.603999999999999870e-01
4.000000000000000000e+01 6.602999999999999980e-01
3.300000000000000000e+01 6.603999999999999870e-01
1.200000000000000000e+01 6.604999999999999760e-01
0.000000000000000000e+00 6.605999999999999650e-01
0.000000000000000000e+00 6.606999999999999540e-01
1.100000000000000000e+01 6.608000000000000540e-01
0.000000000000000000e+00 6.609000000000000430e-01
2.000000000000000000e+00 6.610000000000000320e-01
4.000000000000000000e+00 6.611000000000000210e-01
6.000000000000000000e+00 6.612000000000000099e-01
1.270000000000000000e+02 6.612999999999999989e-01
3.000000000000000000e+00 6.613999999999999879e-01
1.000000000000000000e+00 6.614999999999999769e-01
0.000000000000000000e+00 6.615999999999999659e-01
2.200000000000000000e+01 6.616999999999999549e-01
0.000000000000000000e+00 6.618000000000000549e-01
0.000000000000000000e+00 6.619000000000000439e-01
0.000000000000000000e+00 6.620000000000000329e-01
2.900000000000000000e+01 6.621000000000000218e-01
1.000000000000000000e+00 6.622000000000000108e-01
0.000000000000000000e+00 6.622000000000000108e-01
0.000000000000000000e+00 6.622999999999999998e-01
0.000000000000000000e+00 6.623999999999999888e-01
2.500000000000000000e+01 6.624999999999999778e-01
8.600000000000000000e+01 6.625999999999999668e-01
1.700000000000000000e+01 6.626999999999999558e-01
5.400000000000000000e+01 6.627999999999999448e-01
4.400000000000000000e+01 6.629000000000000448e-01
1.110000000000000000e+02 6.630000000000000338e-01
4.000000000000000000e+00 6.631000000000000227e-01
2.580000000000000000e+02 6.632000000000000117e-01
2.000000000000000000e+00 6.633000000000000007e-01
0.000000000000000000e+00 6.633999999999999897e-01
0.000000000000000000e+00 6.634999999999999787e-01
2.000000000000000000e+00 6.635999999999999677e-01
1.000000000000000000e+01 6.636999999999999567e-01
1.160000000000000000e+02 6.637999999999999456e-01
3.000000000000000000e+00 6.637999999999999456e-01
0.000000000000000000e+00 6.639000000000000457e-01
2.300000000000000000e+01 6.640000000000000346e-01
0.000000000000000000e+00 6.641000000000000236e-01
3.000000000000000000e+00 6.642000000000000126e-01
4.000000000000000000e+00 6.643000000000000016e-01
5.000000000000000000e+00 6.643999999999999906e-01
2.000000000000000000e+00 6.644999999999999796e-01
0.000000000000000000e+00 6.645999999999999686e-01
3.600000000000000000e+02 6.646999999999999575e-01
0.000000000000000000e+00 6.647999999999999465e-01
0.000000000000000000e+00 6.649000000000000465e-01
4.000000000000000000e+00 6.650000000000000355e-01
1.020000000000000000e+02 6.651000000000000245e-01
1.400000000000000000e+01 6.652000000000000135e-01
0.000000000000000000e+00 6.653000000000000025e-01
0.000000000000000000e+00 6.653999999999999915e-01
0.000000000000000000e+00 6.654999999999999805e-01
0.000000000000000000e+00 6.655999999999999694e-01
3.970000000000000000e+02 6.656999999999999584e-01
2.000000000000000000e+00 6.657999999999999474e-01
0.000000000000000000e+00 6.659000000000000474e-01
1.440000000000000000e+02 6.660000000000000364e-01
1.334000000000000000e+03 6.661000000000000254e-01
0.000000000000000000e+00 6.662000000000000144e-01
3.000000000000000000e+00 6.663000000000000034e-01
3.000000000000000000e+00 6.663999999999999924e-01
0.000000000000000000e+00 6.664999999999999813e-01
2.000000000000000000e+01 6.665999999999999703e-01
2.000000000000000000e+00 6.666999999999999593e-01
2.000000000000000000e+00 6.667999999999999483e-01
2.000000000000000000e+01 6.669000000000000483e-01
0.000000000000000000e+00 6.670000000000000373e-01
0.000000000000000000e+00 6.671000000000000263e-01
5.000000000000000000e+00 6.672000000000000153e-01
0.000000000000000000e+00 6.673000000000000043e-01
2.000000000000000000e+00 6.673999999999999932e-01
1.300000000000000000e+01 6.674999999999999822e-01
0.000000000000000000e+00 6.675999999999999712e-01
3.600000000000000000e+01 6.676999999999999602e-01
3.000000000000000000e+00 6.677999999999999492e-01
0.000000000000000000e+00 6.679000000000000492e-01
0.000000000000000000e+00 6.680000000000000382e-01
0.000000000000000000e+00 6.681000000000000272e-01
0.000000000000000000e+00 6.682000000000000162e-01
2.230000000000000000e+02 6.683000000000000052e-01
6.000000000000000000e+00 6.682000000000000162e-01
0.000000000000000000e+00 6.683000000000000052e-01
9.000000000000000000e+00 6.683999999999999941e-01
5.000000000000000000e+01 6.684999999999999831e-01
3.000000000000000000e+00 6.685999999999999721e-01
0.000000000000000000e+00 6.686999999999999611e-01
4.700000000000000000e+01 6.687999999999999501e-01
2.200000000000000000e+01 6.687999999999999501e-01
8.000000000000000000e+00 6.689000000000000501e-01
0.000000000000000000e+00 6.690000000000000391e-01
0.000000000000000000e+00 6.691000000000000281e-01
1.140000000000000000e+02 6.692000000000000171e-01
2.100000000000000000e+01 6.693000000000000060e-01
2.000000000000000000e+00 6.693999999999999950e-01
0.000000000000000000e+00 6.694999999999999840e-01
9.000000000000000000e+00 6.695999999999999730e-01
0.000000000000000000e+00 6.696999999999999620e-01
6.000000000000000000e+00 6.697999999999999510e-01
0.000000000000000000e+00 6.699000000000000510e-01
0.000000000000000000e+00 6.700000000000000400e-01
0.000000000000000000e+00 6.701000000000000290e-01
0.000000000000000000e+00 6.702000000000000179e-01
2.910000000000000000e+02 6.703000000000000069e-01
0.000000000000000000e+00 6.703999999999999959e-01
0.000000000000000000e+00 6.704999999999999849e-01
8.000000000000000000e+00 6.705999999999999739e-01
0.000000000000000000e+00 6.706999999999999629e-01
1.000000000000000000e+00 6.707999999999999519e-01
2.600000000000000000e+01 6.709000000000000519e-01
0.000000000000000000e+00 6.710000000000000409e-01
3.000000000000000000e+00 6.711000000000000298e-01
1.700000000000000000e+01 6.712000000000000188e-01
0.000000000000000000e+00 6.713000000000000078e-01
7.800000000000000000e+01 6.713999999999999968e-01
0.000000000000000000e+00 6.714999999999999858e-01
1.000000000000000000e+01 6.715999999999999748e-01
3.000000000000000000e+00 6.716999999999999638e-01
5.500000000000000000e+01 6.717999999999999527e-01
1.970000000000000000e+02 6.719000000000000528e-01
6.000000000000000000e+00 6.720000000000000417e-01
8.000000000000000000e+00 6.721000000000000307e-01
1.000000000000000000e+00 6.722000000000000197e-01
0.000000000000000000e+00 6.723000000000000087e-01
7.300000000000000000e+01 6.723999999999999977e-01
7.900000000000000000e+01 6.724999999999999867e-01
3.000000000000000000e+00 6.725999999999999757e-01
2.800000000000000000e+01 6.726999999999999647e-01
3.130000000000000000e+02 6.727999999999999536e-01
7.000000000000000000e+00 6.729000000000000536e-01
1.000000000000000000e+00 6.730000000000000426e-01
1.110000000000000000e+02 6.731000000000000316e-01
2.000000000000000000e+00 6.732000000000000206e-01
4.000000000000000000e+00 6.733000000000000096e-01
1.900000000000000000e+01 6.733999999999999986e-01
0.000000000000000000e+00 6.734999999999999876e-01
1.043000000000000000e+03 6.735999999999999766e-01
1.100000000000000000e+01 6.730000000000000426e-01
0.000000000000000000e+00 6.731000000000000316e-01
3.560000000000000000e+02 6.732000000000000206e-01
0.000000000000000000e+00 6.726999999999999647e-01
0.000000000000000000e+00 6.727999999999999536e-01
3.740000000000000000e+02 6.729000000000000536e-01
1.200000000000000000e+01 6.730000000000000426e-01
0.000000000000000000e+00 6.731000000000000316e-01
4.900000000000000000e+01 6.732000000000000206e-01
3.392000000000000000e+03 6.733000000000000096e-01
3.000000000000000000e+00 6.732000000000000206e-01
4.180000000000000000e+02 6.733000000000000096e-01
5.000000000000000000e+00 6.733999999999999986e-01
1.000000000000000000e+00 6.734999999999999876e-01
2.700000000000000000e+02 6.735999999999999766e-01
5.000000000000000000e+01 6.736999999999999655e-01
0.000000000000000000e+00 6.737999999999999545e-01
3.170000000000000000e+02 6.739000000000000545e-01
4.000000000000000000e+00 6.740000000000000435e-01
0.000000000000000000e+00 6.741000000000000325e-01
0.000000000000000000e+00 6.742000000000000215e-01
4.100000000000000000e+01 6.743000000000000105e-01
3.000000000000000000e+01 6.743999999999999995e-01
8.000000000000000000e+00 6.744999999999999885e-01
1.420000000000000000e+02 6.745999999999999774e-01
4.000000000000000000e+00 6.746999999999999664e-01
3.230000000000000000e+02 6.747999999999999554e-01
0.000000000000000000e+00 6.749000000000000554e-01
6.000000000000000000e+00 6.750000000000000444e-01
0.000000000000000000e+00 6.751000000000000334e-01
3.650000000000000000e+02 6.752000000000000224e-01
0.000000000000000000e+00 6.753000000000000114e-01
6.000000000000000000e+00 6.754000000000000004e-01
7.000000000000000000e+00 6.754999999999999893e-01
0.000000000000000000e+00 6.755999999999999783e-01
8.000000000000000000e+00 6.756999999999999673e-01
1.400000000000000000e+02 6.757999999999999563e-01
6.000000000000000000e+00 6.756999999999999673e-01
0.000000000000000000e+00 6.757999999999999563e-01
1.300000000000000000e+01 6.758999999999999453e-01
0.000000000000000000e+00 6.760000000000000453e-01
4.000000000000000000e+00 6.761000000000000343e-01
3.100000000000000000e+01 6.762000000000000233e-01
2.400000000000000000e+01 6.763000000000000123e-01
0.000000000000000000e+00 6.764000000000000012e-01
1.335000000000000000e+03 6.764999999999999902e-01
4.000000000000000000e+00 6.765999999999999792e-01
3.000000000000000000e+00 6.765999999999999792e-01
0.000000000000000000e+00 6.766999999999999682e-01
0.000000000000000000e+00 6.767999999999999572e-01
0.000000000000000000e+00 6.768999999999999462e-01
4.735000000000000000e+03 6.770000000000000462e-01
7.100000000000000000e+01 6.758999999999999453e-01
3.200000000000000000e+01 6.760000000000000453e-01
3.100000000000000000e+01 6.761000000000000343e-01
1.676000000000000000e+03 6.761000000000000343e-01
1.000000000000000000e+00 6.762000000000000233e-01
0.000000000000000000e+00 6.763000000000000123e-01
2.490000000000000000e+02 6.764000000000000012e-01
4.000000000000000000e+00 6.764999999999999902e-01
4.000000000000000000e+00 6.764999999999999902e-01
1.470000000000000000e+02 6.765999999999999792e-01
1.400000000000000000e+01 6.766999999999999682e-01
2.490000000000000000e+02 6.767999999999999572e-01
2.600000000000000000e+01 6.768999999999999462e-01
1.550000000000000000e+02 6.770000000000000462e-01
0.000000000000000000e+00 6.770000000000000462e-01
1.211000000000000000e+03 6.771000000000000352e-01
6.000000000000000000e+01 6.772000000000000242e-01
0.000000000000000000e+00 6.773000000000000131e-01
0.000000000000000000e+00 6.774000000000000021e-01
1.200000000000000000e+01 6.774999999999999911e-01
0.000000000000000000e+00 6.775999999999999801e-01
0.000000000000000000e+00 6.776999999999999691e-01
0.000000000000000000e+00 6.777999999999999581e-01
1.000000000000000000e+01 6.778999999999999471e-01
7.870000000000000000e+02 6.780000000000000471e-01
1.000000000000000000e+00 6.778999999999999471e-01
0.000000000000000000e+00 6.780000000000000471e-01
0.000000000000000000e+00 6.781000000000000361e-01
0.000000000000000000e+00 6.782000000000000250e-01
7.230000000000000000e+02 6.783000000000000140e-01
0.000000000000000000e+00 6.782000000000000250e-01
0.000000000000000000e+00 6.783000000000000140e-01
0.000000000000000000e+00 6.784000000000000030e-01
9.400000000000000000e+01 6.784999999999999920e-01
2.000000000000000000e+00 6.785999999999999810e-01
1.229000000000000000e+03 6.786999999999999700e-01
1.900000000000000000e+01 6.781000000000000361e-01
1.100000000000000000e+01 6.782000000000000250e-01
1.300000000000000000e+01 6.781000000000000361e-01
0.000000000000000000e+00 6.782000000000000250e-01
2.100000000000000000e+01 6.783000000000000140e-01
6.000000000000000000e+00 6.784000000000000030e-01
2.000000000000000000e+00 6.784999999999999920e-01
0.000000000000000000e+00 6.785999999999999810e-01
5.280000000000000000e+02 6.786999999999999700e-01
7.000000000000000000e+00 6.787999999999999590e-01
4.800000000000000000e+01 6.788999999999999480e-01
1.400000000000000000e+01 6.790000000000000480e-01
1.100000000000000000e+01 6.791000000000000369e-01
0.000000000000000000e+00 6.792000000000000259e-01
4.438000000000000000e+03 6.793000000000000149e-01
0.000000000000000000e+00 6.784999999999999920e-01
6.000000000000000000e+00 6.785999999999999810e-01
0.000000000000000000e+00 6.786999999999999700e-01
1.000000000000000000e+00 6.787999999999999590e-01
2.300000000000000000e+01 6.788999999999999480e-01
0.000000000000000000e+00 6.790000000000000480e-01
0.000000000000000000e+00 6.791000000000000369e-01
0.000000000000000000e+00 6.792000000000000259e-01
0.000000000000000000e+00 6.793000000000000149e-01
5.000000000000000000e+00 6.794000000000000039e-01
2.000000000000000000e+00 6.794999999999999929e-01
0.000000000000000000e+00 6.795999999999999819e-01
7.000000000000000000e+00 6.796999999999999709e-01
3.000000000000000000e+00 6.797999999999999599e-01
0.000000000000000000e+00 6.798999999999999488e-01
2.280000000000000000e+02 6.800000000000000488e-01
0.000000000000000000e+00 6.801000000000000378e-01
8.000000000000000000e+00 6.802000000000000268e-01
0.000000000000000000e+00 6.803000000000000158e-01
9.250000000000000000e+02 6.804000000000000048e-01
3.000000000000000000e+00 6.804999999999999938e-01
1.100000000000000000e+01 6.803000000000000158e-01
0.000000000000000000e+00 6.804000000000000048e-01
5.150000000000000000e+02 6.804999999999999938e-01
7.000000000000000000e+00 6.805999999999999828e-01
9.000000000000000000e+00 6.806999999999999718e-01
3.000000000000000000e+00 6.807999999999999607e-01
2.100000000000000000e+01 6.808999999999999497e-01
7.000000000000000000e+00 6.810000000000000497e-01
2.000000000000000000e+00 6.811000000000000387e-01
1.000000000000000000e+00 6.812000000000000277e-01
0.000000000000000000e+00 6.813000000000000167e-01
0.000000000000000000e+00 6.814000000000000057e-01
0.000000000000000000e+00 6.814999999999999947e-01
0.000000000000000000e+00 6.815999999999999837e-01
2.970000000000000000e+02 6.816999999999999726e-01
2.600000000000000000e+01 6.817999999999999616e-01
2.000000000000000000e+00 6.818999999999999506e-01
1.400000000000000000e+01 6.820000000000000506e-01
0.000000000000000000e+00 6.820000000000000506e-01
5.500000000000000000e+01 6.821000000000000396e-01
4.900000000000000000e+01 6.822000000000000286e-01
6.700000000000000000e+01 6.820000000000000506e-01
0.000000000000000000e+00 6.821000000000000396e-01
4.000000000000000000e+00 6.822000000000000286e-01
2.000000000000000000e+00 6.823000000000000176e-01
2.000000000000000000e+00 6.824000000000000066e-01
0.000000000000000000e+00 6.824999999999999956e-01
5.100000000000000000e+01 6.825999999999999845e-01
2.000000000000000000e+01 6.826999999999999735e-01
2.000000000000000000e+00 6.827999999999999625e-01
5.000000000000000000e+00 6.828999999999999515e-01
2.000000000000000000e+00 6.830000000000000515e-01
0.000000000000000000e+00 6.831000000000000405e-01
2.200000000000000000e+01 6.832000000000000295e-01
9.300000000000000000e+01 6.833000000000000185e-01
0.000000000000000000e+00 6.834000000000000075e-01
0.000000000000000000e+00 6.834999999999999964e-01
5.800000000000000000e+01 6.835999999999999854e-01
1.000000000000000000e+00 6.836999999999999744e-01
2.000000000000000000e+01 6.837999999999999634e-01
0.000000000000000000e+00 6.838999999999999524e-01
4.600000000000000000e+01 6.840000000000000524e-01
2.160000000000000000e+02 6.841000000000000414e-01
5.000000000000000000e+00 6.842000000000000304e-01
2.000000000000000000e+00 6.843000000000000194e-01
0.000000000000000000e+00 6.844000000000000083e-01
2.021000000000000000e+03 6.844999999999999973e-01
4.100000000000000000e+01 6.838999999999999524e-01
8.000000000000000000e+00 6.840000000000000524e-01
0.000000000000000000e+00 6.841000000000000414e-01
4.000000000000000000e+00 6.842000000000000304e-01
0.000000000000000000e+00 6.843000000000000194e-01
7.000000000000000000e+00 6.844000000000000083e-01
1.790000000000000000e+02 6.844999999999999973e-01
0.000000000000000000e+00 6.845999999999999863e-01
3.000000000000000000e+00 6.846999999999999753e-01
2.200000000000000000e+01 6.847999999999999643e-01
1.100000000000000000e+01 6.848999999999999533e-01
6.000000000000000000e+00 6.850000000000000533e-01
2.000000000000000000e+00 6.851000000000000423e-01
4.000000000000000000e+00 6.852000000000000313e-01
4.800000000000000000e+01 6.853000000000000203e-01
0.000000000000000000e+00 6.854000000000000092e-01
6.800000000000000000e+01 6.854999999999999982e-01
0.000000000000000000e+00 6.855999999999999872e-01
4.200000000000000000e+01 6.856999999999999762e-01
1.100000000000000000e+01 6.857999999999999652e-01
2.000000000000000000e+00 6.858999999999999542e-01
1.000000000000000000e+00 6.860000000000000542e-01
2.000000000000000000e+00 6.861000000000000432e-01
4.000000000000000000e+00 6.862000000000000322e-01
0.000000000000000000e+00 6.863000000000000211e-01
6.200000000000000000e+01 6.864000000000000101e-01
3.120000000000000000e+02 6.864999999999999991e-01
0.000000000000000000e+00 6.865999999999999881e-01
1.000000000000000000e+00 6.866999999999999771e-01
0.000000000000000000e+00 6.867999999999999661e-01
0.000000000000000000e+00 6.868999999999999551e-01
1.000000000000000000e+01 6.870000000000000551e-01
1.000000000000000000e+00 6.871000000000000441e-01
0.000000000000000000e+00 6.872000000000000330e-01
0.000000000000000000e+00 6.873000000000000220e-01
8.400000000000000000e+01 6.874000000000000110e-01
4.300000000000000000e+01 6.875000000000000000e-01
1.000000000000000000e+01 6.875000000000000000e-01
1.040000000000000000e+02 6.875999999999999890e-01
8.263000000000000000e+03 6.876999999999999780e-01
0.000000000000000000e+00 6.877999999999999670e-01
0.000000000000000000e+00 6.878999999999999559e-01
1.500000000000000000e+02 6.879999999999999449e-01
1.610000000000000000e+02 6.881000000000000449e-01
0.000000000000000000e+00 6.882000000000000339e-01
1.200000000000000000e+01 6.883000000000000229e-01
2.000000000000000000e+00 6.881000000000000449e-01
0.000000000000000000e+00 6.882000000000000339e-01
0.000000000000000000e+00 6.883000000000000229e-01
6.000000000000000000e+00 6.884000000000000119e-01
1.000000000000000000e+00 6.885000000000000009e-01
6.000000000000000000e+00 6.885999999999999899e-01
0.000000000000000000e+00 6.886999999999999789e-01
0.000000000000000000e+00 6.887999999999999678e-01
1.000000000000000000e+00 6.888999999999999568e-01
0.000000000000000000e+00 6.889999999999999458e-01
2.210000000000000000e+02 6.891000000000000458e-01
5.400000000000000000e+01 6.891000000000000458e-01
2.000000000000000000e+00 6.892000000000000348e-01
5.000000000000000000e+00 6.893000000000000238e-01
2.210000000000000000e+02 6.893000000000000238e-01
1.900000000000000000e+01 6.894000000000000128e-01
1.000000000000000000e+00 6.892000000000000348e-01
5.000000000000000000e+00 6.893000000000000238e-01
1.320000000000000000e+02 6.893000000000000238e-01
0.000000000000000000e+00 6.894000000000000128e-01
0.000000000000000000e+00 6.895000000000000018e-01
9.000000000000000000e+00 6.895999999999999908e-01
2.940000000000000000e+02 6.896999999999999797e-01
2.000000000000000000e+00 6.897999999999999687e-01
3.400000000000000000e+01 6.898999999999999577e-01
3.000000000000000000e+00 6.899999999999999467e-01
1.163000000000000000e+03 6.901000000000000467e-01
5.300000000000000000e+01 6.902000000000000357e-01
2.400000000000000000e+01 6.901000000000000467e-01
5.000000000000000000e+00 6.902000000000000357e-01
3.800000000000000000e+01 6.903000000000000247e-01
1.500000000000000000e+01 6.903000000000000247e-01
1.600000000000000000e+01 6.904000000000000137e-01
0.000000000000000000e+00 6.905000000000000027e-01
0.000000000000000000e+00 6.905999999999999917e-01
7.300000000000000000e+02 6.906999999999999806e-01
6.700000000000000000e+01 6.905999999999999917e-01
1.440000000000000000e+02 6.906999999999999806e-01
0.000000000000000000e+00 6.907999999999999696e-01
0.000000000000000000e+00 6.908999999999999586e-01
1.000000000000000000e+00 6.909999999999999476e-01
4.000000000000000000e+00 6.911000000000000476e-01
1.310000000000000000e+02 6.912000000000000366e-01
5.300000000000000000e+01 6.912000000000000366e-01
6.000000000000000000e+00 6.913000000000000256e-01
7.800000000000000000e+01 6.914000000000000146e-01
1.200000000000000000e+01 6.915000000000000036e-01
7.100000000000000000e+01 6.915999999999999925e-01
1.400000000000000000e+01 6.916999999999999815e-01
0.000000000000000000e+00 6.916999999999999815e-01
4.600000000000000000e+01 6.917999999999999705e-01
6.000000000000000000e+00 6.918999999999999595e-01
1.100000000000000000e+01 6.919999999999999485e-01
6.500000000000000000e+01 6.921000000000000485e-01
0.000000000000000000e+00 6.922000000000000375e-01
2.870000000000000000e+03 6.923000000000000265e-01
6.000000000000000000e+00 6.924000000000000155e-01
2.000000000000000000e+01 6.925000000000000044e-01
1.000000000000000000e+02 6.925999999999999934e-01
0.000000000000000000e+00 6.924000000000000155e-01
7.000000000000000000e+00 6.925000000000000044e-01
0.000000000000000000e+00 6.925999999999999934e-01
0.000000000000000000e+00 6.926999999999999824e-01
3.530000000000000000e+02 6.927999999999999714e-01
1.440000000000000000e+02 6.928999999999999604e-01
0.000000000000000000e+00 6.929999999999999494e-01
5.100000000000000000e+01 6.931000000000000494e-01
1.995000000000000000e+03 6.932000000000000384e-01
8.000000000000000000e+00 6.933000000000000274e-01
1.000000000000000000e+00 6.934000000000000163e-01
2.200000000000000000e+01 6.935000000000000053e-01
0.000000000000000000e+00 6.935999999999999943e-01
7.000000000000000000e+00 6.936999999999999833e-01
1.481800000000000000e+04 6.937999999999999723e-01
0.000000000000000000e+00 6.933000000000000274e-01
2.000000000000000000e+00 6.934000000000000163e-01
2.100000000000000000e+01 6.935000000000000053e-01
1.000000000000000000e+00 6.935999999999999943e-01
4.464000000000000000e+03 6.936999999999999833e-01
6.600000000000000000e+01 6.929999999999999494e-01
0.000000000000000000e+00 6.931000000000000494e-01
2.000000000000000000e+00 6.932000000000000384e-01
0.000000000000000000e+00 6.933000000000000274e-01
1.890000000000000000e+02 6.934000000000000163e-01
1.140000000000000000e+02 6.935000000000000053e-01
1.800000000000000000e+02 6.935999999999999943e-01
3.000000000000000000e+00 6.936999999999999833e-01
4.000000000000000000e+00 6.937999999999999723e-01
1.140000000000000000e+02 6.938999999999999613e-01
1.320000000000000000e+02 6.932000000000000384e-01
0.000000000000000000e+00 6.932000000000000384e-01
0.000000000000000000e+00 6.933000000000000274e-01
3.766000000000000000e+03 6.934000000000000163e-01
6.655000000000000000e+03 6.935000000000000053e-01
3.480000000000000000e+02 6.934000000000000163e-01
2.200000000000000000e+01 6.935000000000000053e-01
2.000000000000000000e+00 6.935999999999999943e-01
0.000000000000000000e+00 6.936999999999999833e-01
1.800000000000000000e+01 6.937999999999999723e-01
1.000000000000000000e+00 6.938999999999999613e-01
1.000000000000000000e+00 6.939999999999999503e-01
0.000000000000000000e+00 6.941000000000000503e-01
0.000000000000000000e+00 6.942000000000000393e-01
0.000000000000000000e+00 6.943000000000000282e-01
0.000000000000000000e+00 6.944000000000000172e-01
0.000000000000000000e+00 6.945000000000000062e-01
1.200000000000000000e+01 6.945999999999999952e-01
8.000000000000000000e+00 6.946999999999999842e-01
2.140000000000000000e+02 6.947999999999999732e-01
6.000000000000000000e+00 6.947999999999999732e-01
1.400000000000000000e+02 6.948999999999999622e-01
0.000000000000000000e+00 6.949999999999999512e-01
0.000000000000000000e+00 6.951000000000000512e-01
4.610000000000000000e+03 6.952000000000000401e-01
0.000000000000000000e+00 6.942000000000000393e-01
4.100000000000000000e+01 6.943000000000000282e-01
0.000000000000000000e+00 6.941000000000000503e-01
0.000000000000000000e+00 6.942000000000000393e-01
1.100000000000000000e+01 6.943000000000000282e-01
0.000000000000000000e+00 6.938999999999999613e-01
1.000000000000000000e+00 6.939999999999999503e-01
5.420000000000000000e+02 6.941000000000000503e-01
1.200000000000000000e+01 6.942000000000000393e-01
4.301000000000000000e+03 6.943000000000000282e-01
0.000000000000000000e+00 6.937999999999999723e-01
0.000000000000000000e+00 6.938999999999999613e-01
2.000000000000000000e+01 6.939999999999999503e-01
0.000000000000000000e+00 6.941000000000000503e-01
7.000000000000000000e+00 6.942000000000000393e-01
4.300000000000000000e+01 6.943000000000000282e-01
2.130000000000000000e+02 6.944000000000000172e-01
3.900000000000000000e+01 6.945000000000000062e-01
4.000000000000000000e+00 6.945999999999999952e-01
1.000000000000000000e+01 6.946999999999999842e-01
3.240000000000000000e+02 6.947999999999999732e-01
3.000000000000000000e+00 6.936999999999999833e-01
2.100000000000000000e+01 6.937999999999999723e-01
5.000000000000000000e+00 6.938999999999999613e-01
3.000000000000000000e+00 6.939999999999999503e-01
2.600000000000000000e+01 6.941000000000000503e-01
0.000000000000000000e+00 6.942000000000000393e-01
6.167000000000000000e+03 6.943000000000000282e-01
7.900000000000000000e+01 6.942000000000000393e-01
0.000000000000000000e+00 6.943000000000000282e-01
0.000000000000000000e+00 6.944000000000000172e-01
0.000000000000000000e+00 6.945000000000000062e-01
1.200000000000000000e+01 6.945999999999999952e-01
2.833000000000000000e+03 6.946999999999999842e-01
0.000000000000000000e+00 6.945000000000000062e-01
0.000000000000000000e+00 6.945999999999999952e-01
8.000000000000000000e+00 6.946999999999999842e-01
5.000000000000000000e+00 6.947999999999999732e-01
0.000000000000000000e+00 6.948999999999999622e-01
1.600000000000000000e+01 6.949999999999999512e-01
0.000000000000000000e+00 6.951000000000000512e-01
0.000000000000000000e+00 6.952000000000000401e-01
1.800000000000000000e+01 6.953000000000000291e-01
0.000000000000000000e+00 6.954000000000000181e-01
1.974000000000000000e+03 6.955000000000000071e-01
1.000000000000000000e+00 6.946999999999999842e-01
2.992000000000000000e+03 6.947999999999999732e-01
7.690000000000000000e+02 6.947999999999999732e-01
0.000000000000000000e+00 6.948999999999999622e-01
1.000000000000000000e+01 6.949999999999999512e-01
0.000000000000000000e+00 6.951000000000000512e-01
0.000000000000000000e+00 6.952000000000000401e-01
0.000000000000000000e+00 6.953000000000000291e-01
1.900000000000000000e+01 6.954000000000000181e-01
1.700000000000000000e+01 6.955000000000000071e-01
1.300000000000000000e+01 6.955999999999999961e-01
1.000000000000000000e+00 6.956999999999999851e-01
1.700000000000000000e+01 6.957999999999999741e-01
0.000000000000000000e+00 6.958999999999999631e-01
1.000000000000000000e+00 6.959999999999999520e-01
0.000000000000000000e+00 6.961000000000000520e-01
0.000000000000000000e+00 6.962000000000000410e-01
0.000000000000000000e+00 6.963000000000000300e-01
0.000000000000000000e+00 6.964000000000000190e-01
2.000000000000000000e+00 6.965000000000000080e-01
5.300000000000000000e+01 6.965999999999999970e-01
1.140000000000000000e+02 6.966999999999999860e-01
2.000000000000000000e+00 6.967999999999999750e-01
2.000000000000000000e+00 6.968999999999999639e-01
2.700000000000000000e+01 6.969999999999999529e-01
0.000000000000000000e+00 6.971000000000000529e-01
4.000000000000000000e+00 6.972000000000000419e-01
6.670000000000000000e+02 6.973000000000000309e-01
5.200000000000000000e+01 6.974000000000000199e-01
4.900000000000000000e+01 6.975000000000000089e-01
7.000000000000000000e+00 6.975999999999999979e-01
1.000000000000000000e+00 6.976999999999999869e-01
0.000000000000000000e+00 6.977999999999999758e-01
0.000000000000000000e+00 6.978999999999999648e-01
4.000000000000000000e+00 6.979999999999999538e-01
4.000000000000000000e+00 6.981000000000000538e-01
2.000000000000000000e+00 6.982000000000000428e-01
1.000000000000000000e+00 6.983000000000000318e-01
0.000000000000000000e+00 6.983000000000000318e-01
7.900000000000000000e+01 6.984000000000000208e-01
1.400000000000000000e+01 6.985000000000000098e-01
4.000000000000000000e+00 6.985999999999999988e-01
3.300000000000000000e+01 6.986999999999999877e-01
4.420000000000000000e+02 6.987999999999999767e-01
0.000000000000000000e+00 6.988999999999999657e-01
0.000000000000000000e+00 6.989999999999999547e-01
5.336000000000000000e+03 6.991000000000000547e-01
1.000000000000000000e+00 6.992000000000000437e-01
6.900000000000000000e+01 6.993000000000000327e-01
3.000000000000000000e+02 6.994000000000000217e-01
3.200000000000000000e+01 6.995000000000000107e-01
3.200000000000000000e+01 6.995999999999999996e-01
3.000000000000000000e+00 6.996999999999999886e-01
3.000000000000000000e+00 6.997999999999999776e-01
4.000000000000000000e+00 6.998999999999999666e-01
1.200000000000000000e+01 6.999999999999999556e-01
1.500000000000000000e+01 7.000999999999999446e-01
0.000000000000000000e+00 7.002000000000000446e-01
8.480000000000000000e+02 7.003000000000000336e-01
0.000000000000000000e+00 7.000999999999999446e-01
1.025000000000000000e+03 7.002000000000000446e-01
1.149000000000000000e+03 7.003000000000000336e-01
2.000000000000000000e+00 7.000999999999999446e-01
1.000000000000000000e+00 7.002000000000000446e-01
1.100000000000000000e+01 7.003000000000000336e-01
0.000000000000000000e+00 7.004000000000000226e-01
0.000000000000000000e+00 7.005000000000000115e-01
0.000000000000000000e+00 7.006000000000000005e-01
3.400000000000000000e+01 7.006999999999999895e-01
6.000000000000000000e+00 7.007999999999999785e-01
4.000000000000000000e+00 7.008999999999999675e-01
4.000000000000000000e+01 7.008999999999999675e-01
0.000000000000000000e+00 7.009999999999999565e-01
1.100000000000000000e+01 7.010999999999999455e-01
7.000000000000000000e+00 7.012000000000000455e-01
0.000000000000000000e+00 7.013000000000000345e-01
1.300000000000000000e+02 7.014000000000000234e-01
7.260000000000000000e+02 7.010999999999999455e-01
3.000000000000000000e+01 7.012000000000000455e-01
8.000000000000000000e+01 7.013000000000000345e-01
1.400000000000000000e+02 7.014000000000000234e-01
6.000000000000000000e+01 7.014000000000000234e-01
3.000000000000000000e+00 7.015000000000000124e-01
3.460000000000000000e+02 7.016000000000000014e-01
2.000000000000000000e+00 7.016999999999999904e-01
2.400000000000000000e+01 7.017999999999999794e-01
3.000000000000000000e+00 7.017999999999999794e-01
0.000000000000000000e+00 7.018999999999999684e-01
1.400000000000000000e+01 7.019999999999999574e-01
1.841000000000000000e+03 7.018999999999999684e-01
6.178000000000000000e+03 7.015000000000000124e-01
1.000000000000000000e+00 6.999999999999999556e-01
1.000000000000000000e+00 7.000999999999999446e-01
5.000000000000000000e+00 7.002000000000000446e-01
1.300000000000000000e+01 7.003000000000000336e-01
8.000000000000000000e+00 7.004000000000000226e-01
0.000000000000000000e+00 7.005000000000000115e-01
0.000000000000000000e+00 7.006000000000000005e-01
1.300000000000000000e+01 7.006999999999999895e-01
2.000000000000000000e+00 7.007999999999999785e-01
0.000000000000000000e+00 7.008999999999999675e-01
0.000000000000000000e+00 7.009999999999999565e-01
0.000000000000000000e+00 7.010999999999999455e-01
2.700000000000000000e+01 7.012000000000000455e-01
1.900000000000000000e+01 7.013000000000000345e-01
0.000000000000000000e+00 7.014000000000000234e-01
2.610000000000000000e+02 7.015000000000000124e-01
2.000000000000000000e+00 7.016000000000000014e-01
0.000000000000000000e+00 7.016000000000000014e-01
0.000000000000000000e+00 7.016999999999999904e-01
7.027000000000000000e+03 7.017999999999999794e-01
0.000000000000000000e+00 7.009999999999999565e-01
4.100000000000000000e+01 7.010999999999999455e-01
0.000000000000000000e+00 7.012000000000000455e-01
8.000000000000000000e+00 7.013000000000000345e-01
2.000000000000000000e+00 7.014000000000000234e-01
3.301000000000000000e+03 7.015000000000000124e-01
0.000000000000000000e+00 7.006000000000000005e-01
2.000000000000000000e+00 7.006999999999999895e-01
1.020000000000000000e+02 7.007999999999999785e-01
0.000000000000000000e+00 7.008999999999999675e-01
2.843000000000000000e+03 7.009999999999999565e-01
1.000000000000000000e+00 7.010999999999999455e-01
7.000000000000000000e+00 7.012000000000000455e-01
0.000000000000000000e+00 7.013000000000000345e-01
4.100000000000000000e+01 7.014000000000000234e-01
4.660000000000000000e+03 7.013000000000000345e-01
0.000000000000000000e+00 7.012000000000000455e-01
6.000000000000000000e+00 7.013000000000000345e-01
0.000000000000000000e+00 7.014000000000000234e-01
1.400000000000000000e+01 7.015000000000000124e-01
2.000000000000000000e+00 7.016000000000000014e-01
4.000000000000000000e+00 7.016999999999999904e-01
7.700000000000000000e+01 7.017999999999999794e-01
0.000000000000000000e+00 7.018999999999999684e-01
1.869000000000000000e+03 7.019999999999999574e-01
0.000000000000000000e+00 7.020999999999999464e-01
8.000000000000000000e+00 7.022000000000000464e-01
1.470000000000000000e+02 7.023000000000000353e-01
4.359000000000000000e+03 7.024000000000000243e-01
0.000000000000000000e+00 7.025000000000000133e-01
1.102000000000000000e+03 7.026000000000000023e-01
3.700000000000000000e+01 7.016999999999999904e-01
0.000000000000000000e+00 7.016999999999999904e-01
1.000000000000000000e+00 7.017999999999999794e-01
4.700000000000000000e+01 7.018999999999999684e-01
1.400000000000000000e+01 7.019999999999999574e-01
8.170000000000000000e+02 7.020999999999999464e-01
2.000000000000000000e+00 7.016999999999999904e-01
0.000000000000000000e+00 7.016000000000000014e-01
2.200000000000000000e+01 7.016999999999999904e-01
3.070000000000000000e+02 7.016999999999999904e-01
0.000000000000000000e+00 7.016999999999999904e-01
5.400000000000000000e+02 7.017999999999999794e-01
7.800000000000000000e+01 7.016000000000000014e-01
2.567000000000000000e+03 7.016999999999999904e-01
0.000000000000000000e+00 7.017999999999999794e-01
3.000000000000000000e+00 7.018999999999999684e-01
2.000000000000000000e+00 7.019999999999999574e-01
5.000000000000000000e+01 7.020999999999999464e-01
2.000000000000000000e+00 7.022000000000000464e-01
1.000200000000000000e+04 7.023000000000000353e-01
2.000000000000000000e+00 7.010999999999999455e-01
0.000000000000000000e+00 7.012000000000000455e-01
2.260000000000000000e+02 7.013000000000000345e-01
1.000000000000000000e+00 7.014000000000000234e-01
1.800000000000000000e+01 7.015000000000000124e-01
6.000000000000000000e+00 7.016000000000000014e-01
4.000000000000000000e+00 7.016999999999999904e-01
2.700000000000000000e+01 7.017999999999999794e-01
0.000000000000000000e+00 7.018999999999999684e-01
4.000000000000000000e+00 7.019999999999999574e-01
4.700000000000000000e+01 7.020999999999999464e-01
5.000000000000000000e+00 7.022000000000000464e-01
0.000000000000000000e+00 7.023000000000000353e-01
1.360000000000000000e+02 7.024000000000000243e-01
2.120000000000000000e+02 7.025000000000000133e-01
0.000000000000000000e+00 7.026000000000000023e-01
0.000000000000000000e+00 7.026999999999999913e-01
0.000000000000000000e+00 7.027999999999999803e-01
3.200000000000000000e+01 7.028999999999999693e-01
4.000000000000000000e+00 7.029999999999999583e-01
2.000000000000000000e+00 7.030999999999999472e-01
5.600000000000000000e+01 7.032000000000000473e-01
5.255700000000000000e+04 7.033000000000000362e-01
1.300000000000000000e+01 7.010999999999999455e-01
5.100000000000000000e+01 7.012000000000000455e-01
0.000000000000000000e+00 7.013000000000000345e-01
1.000000000000000000e+00 7.014000000000000234e-01
0.000000000000000000e+00 7.015000000000000124e-01
2.700000000000000000e+01 7.016000000000000014e-01
0.000000000000000000e+00 7.016999999999999904e-01
0.000000000000000000e+00 7.017999999999999794e-01
1.540000000000000000e+03 7.018999999999999684e-01
1.400000000000000000e+01 7.006000000000000005e-01
1.600000000000000000e+01 7.006999999999999895e-01
1.780000000000000000e+02 7.007999999999999785e-01
1.000000000000000000e+00 7.008999999999999675e-01
0.000000000000000000e+00 7.009999999999999565e-01
1.300000000000000000e+01 7.010999999999999455e-01
0.000000000000000000e+00 7.009999999999999565e-01
8.500000000000000000e+01 7.010999999999999455e-01
1.800000000000000000e+01 7.012000000000000455e-01
9.000000000000000000e+00 7.013000000000000345e-01
0.000000000000000000e+00 7.014000000000000234e-01
0.000000000000000000e+00 7.015000000000000124e-01
0.000000000000000000e+00 7.016000000000000014e-01
0.000000000000000000e+00 7.016999999999999904e-01
2.900000000000000000e+01 7.017999999999999794e-01
7.000000000000000000e+00 7.018999999999999684e-01
0.000000000000000000e+00 7.019999999999999574e-01
2.400000000000000000e+01 7.020999999999999464e-01
1.900000000000000000e+01 7.022000000000000464e-01
8.000000000000000000e+00 7.023000000000000353e-01
0.000000000000000000e+00 7.024000000000000243e-01
0.000000000000000000e+00 7.025000000000000133e-01
0.000000000000000000e+00 7.026000000000000023e-01
1.700000000000000000e+02 7.026999999999999913e-01
1.860000000000000000e+02 7.027999999999999803e-01
0.000000000000000000e+00 7.028999999999999693e-01
2.200000000000000000e+01 7.029999999999999583e-01
5.740000000000000000e+02 7.030999999999999472e-01
0.000000000000000000e+00 7.029999999999999583e-01
3.900000000000000000e+01 7.030999999999999472e-01
0.000000000000000000e+00 7.030999999999999472e-01
1.000000000000000000e+00 7.032000000000000473e-01
0.000000000000000000e+00 7.033000000000000362e-01
1.320000000000000000e+02 7.034000000000000252e-01
5.000000000000000000e+01 7.035000000000000142e-01
7.000000000000000000e+00 7.036000000000000032e-01
0.000000000000000000e+00 7.036999999999999922e-01
0.000000000000000000e+00 7.037999999999999812e-01
0.000000000000000000e+00 7.038999999999999702e-01
3.000000000000000000e+00 7.039999999999999591e-01
2.000000000000000000e+00 7.040999999999999481e-01
2.000000000000000000e+00 7.042000000000000481e-01
3.000000000000000000e+00 7.043000000000000371e-01
9.700000000000000000e+01 7.044000000000000261e-01
3.200000000000000000e+01 7.045000000000000151e-01
2.075200000000000000e+04 7.046000000000000041e-01
1.000000000000000000e+00 7.026000000000000023e-01
8.000000000000000000e+00 7.026999999999999913e-01
2.200000000000000000e+01 7.027999999999999803e-01
4.000000000000000000e+00 7.028999999999999693e-01
0.000000000000000000e+00 7.029999999999999583e-01
3.420000000000000000e+02 7.030999999999999472e-01
3.023000000000000000e+03 7.032000000000000473e-01
0.000000000000000000e+00 7.026999999999999913e-01
1.081900000000000000e+04 7.027999999999999803e-01
5.246000000000000000e+03 7.028999999999999693e-01
0.000000000000000000e+00 7.029999999999999583e-01
6.000000000000000000e+00 7.030999999999999472e-01
0.000000000000000000e+00 7.032000000000000473e-01
6.000000000000000000e+00 7.033000000000000362e-01
1.640000000000000000e+02 7.034000000000000252e-01
0.000000000000000000e+00 7.030999999999999472e-01
1.500000000000000000e+01 7.032000000000000473e-01
3.000000000000000000e+00 7.033000000000000362e-01
1.980000000000000000e+02 7.034000000000000252e-01
0.000000000000000000e+00 7.030999999999999472e-01
1.310000000000000000e+02 7.032000000000000473e-01
0.000000000000000000e+00 7.033000000000000362e-01
1.000000000000000000e+00 7.034000000000000252e-01
0.000000000000000000e+00 7.035000000000000142e-01
5.000000000000000000e+01 7.036000000000000032e-01
3.000000000000000000e+00 7.036999999999999922e-01
0.000000000000000000e+00 7.037999999999999812e-01
5.329000000000000000e+03 7.038999999999999702e-01
1.460000000000000000e+02 7.036000000000000032e-01
0.000000000000000000e+00 7.036999999999999922e-01
0.000000000000000000e+00 7.037999999999999812e-01
0.000000000000000000e+00 7.038999999999999702e-01
1.425000000000000000e+03 7.039999999999999591e-01
6.300000000000000000e+01 7.036999999999999922e-01
0.000000000000000000e+00 7.034000000000000252e-01
2.000000000000000000e+01 7.035000000000000142e-01
1.460000000000000000e+02 7.036000000000000032e-01
5.260000000000000000e+02 7.036999999999999922e-01
1.240000000000000000e+02 7.036999999999999922e-01
8.962000000000000000e+03 7.037999999999999812e-01
7.200000000000000000e+01 7.036999999999999922e-01
1.000000000000000000e+00 7.037999999999999812e-01
1.000000000000000000e+00 7.038999999999999702e-01
1.400000000000000000e+02 7.039999999999999591e-01
0.000000000000000000e+00 7.040999999999999481e-01
4.490000000000000000e+02 7.042000000000000481e-01
0.000000000000000000e+00 7.039999999999999591e-01
5.000000000000000000e+00 7.040999999999999481e-01
3.000000000000000000e+00 7.042000000000000481e-01
6.800000000000000000e+01 7.043000000000000371e-01
0.000000000000000000e+00 7.040999999999999481e-01
2.400000000000000000e+01 7.042000000000000481e-01
3.000000000000000000e+00 7.040999999999999481e-01
6.000000000000000000e+00 7.042000000000000481e-01
7.000000000000000000e+00 7.043000000000000371e-01
9.520000000000000000e+02 7.044000000000000261e-01
0.000000000000000000e+00 7.035000000000000142e-01
1.770000000000000000e+02 7.036000000000000032e-01
1.200000000000000000e+01 7.036999999999999922e-01
1.400000000000000000e+01 7.037999999999999812e-01
3.550000000000000000e+02 7.038999999999999702e-01
2.000000000000000000e+00 7.039999999999999591e-01
0.000000000000000000e+00 7.040999999999999481e-01
1.200000000000000000e+01 7.042000000000000481e-01
1.380000000000000000e+02 7.043000000000000371e-01
8.000000000000000000e+00 7.044000000000000261e-01
8.000000000000000000e+00 7.045000000000000151e-01
1.225000000000000000e+03 7.046000000000000041e-01
0.000000000000000000e+00 7.046999999999999931e-01
1.900000000000000000e+01 7.047999999999999821e-01
2.000000000000000000e+00 7.046999999999999931e-01
0.000000000000000000e+00 7.047999999999999821e-01
0.000000000000000000e+00 7.048999999999999710e-01
3.576000000000000000e+03 7.049999999999999600e-01
8.000000000000000000e+00 7.044000000000000261e-01
1.791000000000000000e+04 7.045000000000000151e-01
0.000000000000000000e+00 7.036000000000000032e-01
7.000000000000000000e+00 7.036999999999999922e-01
2.500000000000000000e+01 7.037999999999999812e-01
2.100000000000000000e+01 7.038999999999999702e-01
1.000000000000000000e+00 7.039999999999999591e-01
3.000000000000000000e+00 7.040999999999999481e-01
8.300000000000000000e+01 7.042000000000000481e-01
1.000000000000000000e+00 7.042000000000000481e-01
0.000000000000000000e+00 7.043000000000000371e-01
0.000000000000000000e+00 7.044000000000000261e-01
1.630000000000000000e+02 7.045000000000000151e-01
9.900000000000000000e+01 7.046000000000000041e-01
4.300000000000000000e+01 7.046999999999999931e-01
4.000000000000000000e+00 7.047999999999999821e-01
1.180000000000000000e+02 7.046999999999999931e-01
8.500000000000000000e+01 7.047999999999999821e-01
3.000000000000000000e+00 7.048999999999999710e-01
1.190000000000000000e+02 7.049999999999999600e-01
7.100000000000000000e+01 7.050999999999999490e-01
1.600000000000000000e+01 7.050999999999999490e-01
8.000000000000000000e+00 7.052000000000000490e-01
1.000000000000000000e+00 7.053000000000000380e-01
0.000000000000000000e+00 7.054000000000000270e-01
3.790000000000000000e+02 7.055000000000000160e-01
3.551000000000000000e+03 7.054000000000000270e-01
0.000000000000000000e+00 7.055000000000000160e-01
5.000000000000000000e+01 7.056000000000000050e-01
1.533000000000000000e+03 7.056999999999999940e-01
0.000000000000000000e+00 7.057999999999999829e-01
1.600000000000000000e+01 7.058999999999999719e-01
5.800000000000000000e+01 7.056999999999999940e-01
0.000000000000000000e+00 7.057999999999999829e-01
0.000000000000000000e+00 7.058999999999999719e-01
4.000000000000000000e+00 7.059999999999999609e-01
0.000000000000000000e+00 7.060999999999999499e-01
0.000000000000000000e+00 7.062000000000000499e-01
8.390000000000000000e+02 7.063000000000000389e-01
0.000000000000000000e+00 7.064000000000000279e-01
0.000000000000000000e+00 7.065000000000000169e-01
0.000000000000000000e+00 7.066000000000000059e-01
1.390000000000000000e+02 7.066999999999999948e-01
0.000000000000000000e+00 7.066000000000000059e-01
8.400000000000000000e+01 7.066999999999999948e-01
6.000000000000000000e+00 7.067999999999999838e-01
1.600000000000000000e+01 7.068999999999999728e-01
2.200300000000000000e+04 7.068999999999999728e-01
2.000000000000000000e+00 7.066999999999999948e-01
2.826000000000000000e+03 7.067999999999999838e-01
0.000000000000000000e+00 7.049999999999999600e-01
0.000000000000000000e+00 7.050999999999999490e-01
2.000000000000000000e+00 7.052000000000000490e-01
4.900000000000000000e+01 7.053000000000000380e-01
0.000000000000000000e+00 7.054000000000000270e-01
7.100000000000000000e+01 7.055000000000000160e-01
2.000000000000000000e+00 7.056000000000000050e-01
0.000000000000000000e+00 7.056000000000000050e-01
1.000000000000000000e+00 7.056999999999999940e-01
8.700000000000000000e+01 7.057999999999999829e-01
0.000000000000000000e+00 7.054000000000000270e-01
3.100000000000000000e+01 7.055000000000000160e-01
0.000000000000000000e+00 7.056000000000000050e-01
3.100000000000000000e+01 7.056999999999999940e-01
0.000000000000000000e+00 7.057999999999999829e-01
1.000000000000000000e+00 7.058999999999999719e-01
4.000000000000000000e+00 7.059999999999999609e-01
3.000000000000000000e+00 7.060999999999999499e-01
1.000000000000000000e+00 7.062000000000000499e-01
0.000000000000000000e+00 7.062000000000000499e-01
0.000000000000000000e+00 7.063000000000000389e-01
1.000000000000000000e+01 7.064000000000000279e-01
1.780000000000000000e+02 7.065000000000000169e-01
2.000000000000000000e+00 7.066000000000000059e-01
1.700000000000000000e+01 7.066999999999999948e-01
3.375000000000000000e+03 7.067999999999999838e-01
3.800000000000000000e+01 7.063000000000000389e-01
0.000000000000000000e+00 7.064000000000000279e-01
1.000000000000000000e+00 7.065000000000000169e-01
0.000000000000000000e+00 7.066000000000000059e-01
3.810000000000000000e+02 7.066999999999999948e-01
0.000000000000000000e+00 7.059999999999999609e-01
0.000000000000000000e+00 7.060999999999999499e-01
8.700000000000000000e+01 7.062000000000000499e-01
3.000000000000000000e+00 7.063000000000000389e-01
2.700000000000000000e+01 7.064000000000000279e-01
2.099000000000000000e+03 7.065000000000000169e-01
1.000000000000000000e+00 7.059999999999999609e-01
0.000000000000000000e+00 7.060999999999999499e-01
1.000000000000000000e+01 7.062000000000000499e-01
1.345000000000000000e+03 7.063000000000000389e-01
2.872000000000000000e+03 7.064000000000000279e-01
3.200000000000000000e+01 7.053000000000000380e-01
6.882000000000000000e+03 7.052000000000000490e-01
1.100000000000000000e+01 7.048999999999999710e-01
1.500000000000000000e+01 7.049999999999999600e-01
4.000000000000000000e+00 7.050999999999999490e-01
8.100000000000000000e+02 7.052000000000000490e-01
0.000000000000000000e+00 7.053000000000000380e-01
0.000000000000000000e+00 7.054000000000000270e-01
2.000000000000000000e+00 7.055000000000000160e-01
1.534000000000000000e+03 7.056000000000000050e-01
2.900000000000000000e+01 7.056999999999999940e-01
0.000000000000000000e+00 7.056000000000000050e-01
4.300000000000000000e+01 7.056999999999999940e-01
1.500000000000000000e+01 7.057999999999999829e-01
4.000000000000000000e+00 7.058999999999999719e-01
1.000000000000000000e+00 7.059999999999999609e-01
0.000000000000000000e+00 7.060999999999999499e-01
1.830000000000000000e+02 7.062000000000000499e-01
0.000000000000000000e+00 7.062000000000000499e-01
2.000000000000000000e+00 7.063000000000000389e-01
4.100000000000000000e+01 7.064000000000000279e-01
0.000000000000000000e+00 7.065000000000000169e-01
2.000000000000000000e+00 7.066000000000000059e-01
4.600000000000000000e+01 7.066999999999999948e-01
0.000000000000000000e+00 7.067999999999999838e-01
1.100000000000000000e+01 7.068999999999999728e-01
0.000000000000000000e+00 7.069999999999999618e-01
0.000000000000000000e+00 7.070999999999999508e-01
6.000000000000000000e+00 7.072000000000000508e-01
0.000000000000000000e+00 7.073000000000000398e-01
3.000000000000000000e+00 7.074000000000000288e-01
3.000000000000000000e+00 7.075000000000000178e-01
1.126000000000000000e+03 7.076000000000000068e-01
9.000000000000000000e+00 7.076999999999999957e-01
0.000000000000000000e+00 7.077999999999999847e-01
1.070000000000000000e+02 7.078999999999999737e-01
0.000000000000000000e+00 7.079999999999999627e-01
4.360000000000000000e+02 7.080999999999999517e-01
2.700000000000000000e+02 7.079999999999999627e-01
1.951000000000000000e+03 7.080999999999999517e-01
7.550000000000000000e+02 7.082000000000000517e-01
0.000000000000000000e+00 7.083000000000000407e-01
6.700000000000000000e+01 7.084000000000000297e-01
8.000000000000000000e+00 7.085000000000000187e-01
2.300000000000000000e+01 7.086000000000000076e-01
0.000000000000000000e+00 7.086999999999999966e-01
0.000000000000000000e+00 7.087999999999999856e-01
5.000000000000000000e+00 7.088999999999999746e-01
0.000000000000000000e+00 7.089999999999999636e-01
0.000000000000000000e+00 7.090999999999999526e-01
2.000000000000000000e+00 7.092000000000000526e-01
2.000000000000000000e+00 7.090999999999999526e-01
2.800000000000000000e+01 7.092000000000000526e-01
6.000000000000000000e+00 7.093000000000000416e-01
0.000000000000000000e+00 7.094000000000000306e-01
2.000000000000000000e+00 7.095000000000000195e-01
0.000000000000000000e+00 7.096000000000000085e-01
3.343800000000000000e+04 7.096999999999999975e-01
2.000000000000000000e+00 7.055000000000000160e-01
5.000000000000000000e+00 7.056000000000000050e-01
4.600000000000000000e+01 7.056999999999999940e-01
1.500000000000000000e+01 7.055000000000000160e-01
4.000000000000000000e+00 7.056000000000000050e-01
0.000000000000000000e+00 7.056999999999999940e-01
1.000000000000000000e+00 7.057999999999999829e-01
2.800000000000000000e+01 7.058999999999999719e-01
0.000000000000000000e+00 7.059999999999999609e-01
0.000000000000000000e+00 7.060999999999999499e-01
4.600000000000000000e+01 7.062000000000000499e-01
6.600000000000000000e+01 7.062000000000000499e-01
0.000000000000000000e+00 7.063000000000000389e-01
0.000000000000000000e+00 7.064000000000000279e-01
0.000000000000000000e+00 7.065000000000000169e-01
4.680000000000000000e+02 7.066000000000000059e-01
1.400000000000000000e+01 7.066999999999999948e-01
5.000000000000000000e+00 7.067999999999999838e-01
1.000000000000000000e+00 7.068999999999999728e-01
0.000000000000000000e+00 7.069999999999999618e-01
1.000000000000000000e+00 7.070999999999999508e-01
2.000000000000000000e+00 7.072000000000000508e-01
2.100000000000000000e+01 7.073000000000000398e-01
1.000000000000000000e+01 7.074000000000000288e-01
1.100000000000000000e+01 7.075000000000000178e-01
0.000000000000000000e+00 7.076000000000000068e-01
1.700000000000000000e+01 7.076999999999999957e-01
0.000000000000000000e+00 7.077999999999999847e-01
2.000000000000000000e+00 7.078999999999999737e-01
1.000000000000000000e+00 7.079999999999999627e-01
3.600000000000000000e+01 7.080999999999999517e-01
0.000000000000000000e+00 7.080999999999999517e-01
2.900000000000000000e+01 7.082000000000000517e-01
0.000000000000000000e+00 7.083000000000000407e-01
3.000000000000000000e+00 7.084000000000000297e-01
3.800000000000000000e+02 7.085000000000000187e-01
0.000000000000000000e+00 7.086000000000000076e-01
0.000000000000000000e+00 7.086999999999999966e-01
0.000000000000000000e+00 7.087999999999999856e-01
9.040000000000000000e+02 7.088999999999999746e-01
1.860000000000000000e+02 7.089999999999999636e-01
1.690000000000000000e+02 7.090999999999999526e-01
1.000000000000000000e+00 7.088999999999999746e-01
0.000000000000000000e+00 7.089999999999999636e-01
2.000000000000000000e+00 7.090999999999999526e-01
2.160000000000000000e+02 7.092000000000000526e-01
0.000000000000000000e+00 7.093000000000000416e-01
1.100000000000000000e+01 7.094000000000000306e-01
1.170000000000000000e+02 7.095000000000000195e-01
0.000000000000000000e+00 7.096000000000000085e-01
4.000000000000000000e+01 7.096999999999999975e-01
2.000000000000000000e+00 7.097999999999999865e-01
5.490000000000000000e+02 7.098999999999999755e-01
4.027000000000000000e+03 7.099999999999999645e-01
0.000000000000000000e+00 7.098999999999999755e-01
0.000000000000000000e+00 7.099999999999999645e-01
9.300000000000000000e+01 7.100999999999999535e-01
5.000000000000000000e+00 7.102000000000000535e-01
2.885000000000000000e+03 7.103000000000000425e-01
1.190000000000000000e+02 7.104000000000000314e-01
1.000000000000000000e+00 7.105000000000000204e-01
0.000000000000000000e+00 7.106000000000000094e-01
1.900000000000000000e+01 7.106999999999999984e-01
3.450000000000000000e+02 7.107999999999999874e-01
0.000000000000000000e+00 7.106999999999999984e-01
6.300000000000000000e+01 7.107999999999999874e-01
1.000000000000000000e+00 7.106000000000000094e-01
1.000000000000000000e+00 7.106999999999999984e-01
6.000000000000000000e+00 7.106999999999999984e-01
0.000000000000000000e+00 7.107999999999999874e-01
1.000000000000000000e+00 7.108999999999999764e-01
1.044000000000000000e+03 7.109999999999999654e-01
2.000000000000000000e+00 7.103000000000000425e-01
1.600000000000000000e+02 7.104000000000000314e-01
1.000000000000000000e+00 7.100999999999999535e-01
1.980000000000000000e+02 7.102000000000000535e-01
3.500000000000000000e+01 7.103000000000000425e-01
0.000000000000000000e+00 7.104000000000000314e-01
0.000000000000000000e+00 7.105000000000000204e-01
0.000000000000000000e+00 7.106000000000000094e-01
0.000000000000000000e+00 7.106999999999999984e-01
2.000000000000000000e+00 7.107999999999999874e-01
0.000000000000000000e+00 7.108999999999999764e-01
0.000000000000000000e+00 7.109999999999999654e-01
1.400000000000000000e+01 7.110999999999999543e-01
2.814000000000000000e+03 7.112000000000000544e-01
1.500000000000000000e+01 7.113000000000000433e-01
4.800000000000000000e+01 7.114000000000000323e-01
2.780000000000000000e+02 7.115000000000000213e-01
2.700000000000000000e+01 7.116000000000000103e-01
2.185300000000000000e+04 7.116999999999999993e-01
1.272900000000000000e+04 7.092000000000000526e-01
2.000000000000000000e+00 7.086999999999999966e-01
1.941000000000000000e+03 7.087999999999999856e-01
0.000000000000000000e+00 7.088999999999999746e-01
2.435000000000000000e+03 7.089999999999999636e-01
0.000000000000000000e+00 7.090999999999999526e-01
0.000000000000000000e+00 7.092000000000000526e-01
4.000000000000000000e+00 7.093000000000000416e-01
5.700000000000000000e+01 7.094000000000000306e-01
8.490000000000000000e+02 7.092000000000000526e-01
0.000000000000000000e+00 7.089999999999999636e-01
0.000000000000000000e+00 7.090999999999999526e-01
1.810000000000000000e+02 7.092000000000000526e-01
1.020000000000000000e+02 7.093000000000000416e-01
2.880000000000000000e+02 7.094000000000000306e-01
2.180000000000000000e+02 7.089999999999999636e-01
2.200000000000000000e+01 7.090999999999999526e-01
9.000000000000000000e+00 7.089999999999999636e-01
2.750000000000000000e+02 7.090999999999999526e-01
2.200000000000000000e+01 7.092000000000000526e-01
7.710000000000000000e+02 7.093000000000000416e-01
1.000000000000000000e+00 7.094000000000000306e-01
3.000000000000000000e+00 7.095000000000000195e-01
8.000000000000000000e+00 7.096000000000000085e-01
3.200000000000000000e+01 7.096999999999999975e-01
4.000000000000000000e+00 7.097999999999999865e-01
3.000000000000000000e+00 7.098999999999999755e-01
4.000000000000000000e+00 7.099999999999999645e-01
0.000000000000000000e+00 7.100999999999999535e-01
1.996000000000000000e+03 7.102000000000000535e-01
4.000000000000000000e+00 7.093000000000000416e-01
3.000000000000000000e+00 7.094000000000000306e-01
7.000000000000000000e+00 7.095000000000000195e-01
0.000000000000000000e+00 7.096000000000000085e-01
1.300000000000000000e+01 7.096999999999999975e-01
4.000000000000000000e+00 7.097999999999999865e-01
1.730300000000000000e+04 7.097999999999999865e-01
0.000000000000000000e+00 7.078999999999999737e-01
1.175000000000000000e+03 7.079999999999999627e-01
2.300000000000000000e+01 7.078999999999999737e-01
0.000000000000000000e+00 7.079999999999999627e-01
7.000000000000000000e+00 7.080999999999999517e-01
0.000000000000000000e+00 7.082000000000000517e-01
0.000000000000000000e+00 7.083000000000000407e-01
8.000000000000000000e+00 7.084000000000000297e-01
1.500000000000000000e+01 7.085000000000000187e-01
7.000000000000000000e+01 7.086000000000000076e-01
5.300000000000000000e+01 7.086999999999999966e-01
1.000000000000000000e+00 7.087999999999999856e-01
4.300000000000000000e+01 7.088999999999999746e-01
4.600000000000000000e+01 7.089999999999999636e-01
0.000000000000000000e+00 7.086999999999999966e-01
2.000000000000000000e+00 7.087999999999999856e-01
1.400000000000000000e+01 7.088999999999999746e-01
1.000000000000000000e+00 7.089999999999999636e-01
4.000000000000000000e+00 7.090999999999999526e-01
1.400000000000000000e+01 7.092000000000000526e-01
2.000000000000000000e+00 7.093000000000000416e-01
0.000000000000000000e+00 7.094000000000000306e-01
4.800000000000000000e+02 7.095000000000000195e-01
3.000000000000000000e+00 7.086000000000000076e-01
2.000000000000000000e+00 7.086999999999999966e-01
1.183000000000000000e+03 7.087999999999999856e-01
8.000000000000000000e+00 7.080999999999999517e-01
5.410000000000000000e+02 7.080999999999999517e-01
3.000000000000000000e+00 7.077999999999999847e-01
0.000000000000000000e+00 7.078999999999999737e-01
0.000000000000000000e+00 7.079999999999999627e-01
3.507000000000000000e+03 7.080999999999999517e-01
0.000000000000000000e+00 7.075000000000000178e-01
1.535700000000000000e+04 7.076000000000000068e-01
6.100000000000000000e+01 7.062000000000000499e-01
1.000000000000000000e+00 7.063000000000000389e-01
2.800000000000000000e+01 7.064000000000000279e-01
0.000000000000000000e+00 7.065000000000000169e-01
0.000000000000000000e+00 7.066000000000000059e-01
0.000000000000000000e+00 7.066999999999999948e-01
1.400000000000000000e+01 7.067999999999999838e-01
0.000000000000000000e+00 7.068999999999999728e-01
0.000000000000000000e+00 7.069999999999999618e-01
2.600000000000000000e+01 7.070999999999999508e-01
4.000000000000000000e+00 7.072000000000000508e-01
6.000000000000000000e+00 7.073000000000000398e-01
5.000000000000000000e+01 7.074000000000000288e-01
0.000000000000000000e+00 7.075000000000000178e-01
1.700000000000000000e+01 7.076000000000000068e-01
0.000000000000000000e+00 7.076999999999999957e-01
0.000000000000000000e+00 7.077999999999999847e-01
1.000000000000000000e+00 7.078999999999999737e-01
0.000000000000000000e+00 7.079999999999999627e-01
1.460000000000000000e+03 7.080999999999999517e-01
0.000000000000000000e+00 7.076999999999999957e-01
1.200000000000000000e+01 7.077999999999999847e-01
2.000000000000000000e+00 7.078999999999999737e-01
1.424000000000000000e+03 7.079999999999999627e-01
2.500000000000000000e+01 7.079999999999999627e-01
0.000000000000000000e+00 7.080999999999999517e-01
0.000000000000000000e+00 7.082000000000000517e-01
2.580000000000000000e+02 7.083000000000000407e-01
1.260000000000000000e+02 7.084000000000000297e-01
0.000000000000000000e+00 7.085000000000000187e-01
2.000000000000000000e+00 7.086000000000000076e-01
8.200000000000000000e+01 7.086999999999999966e-01
4.950000000000000000e+02 7.087999999999999856e-01
1.670000000000000000e+02 7.088999999999999746e-01
8.000000000000000000e+00 7.089999999999999636e-01
2.166000000000000000e+03 7.090999999999999526e-01
0.000000000000000000e+00 7.087999999999999856e-01
1.000000000000000000e+00 7.088999999999999746e-01
0.000000000000000000e+00 7.089999999999999636e-01
1.600000000000000000e+01 7.090999999999999526e-01
1.800000000000000000e+01 7.092000000000000526e-01
2.500000000000000000e+01 7.093000000000000416e-01
0.000000000000000000e+00 7.094000000000000306e-01
1.400000000000000000e+01 7.095000000000000195e-01
1.300000000000000000e+01 7.096000000000000085e-01
8.800000000000000000e+01 7.096999999999999975e-01
1.000000000000000000e+00 7.097999999999999865e-01
4.000000000000000000e+01 7.098999999999999755e-01
1.000000000000000000e+00 7.099999999999999645e-01
1.059300000000000000e+04 7.099999999999999645e-01
6.600000000000000000e+01 7.087999999999999856e-01
0.000000000000000000e+00 7.088999999999999746e-01
6.540000000000000000e+02 7.089999999999999636e-01
6.000000000000000000e+00 7.090999999999999526e-01
2.000000000000000000e+00 7.092000000000000526e-01
1.440000000000000000e+02 7.093000000000000416e-01
2.000000000000000000e+00 7.094000000000000306e-01
0.000000000000000000e+00 7.095000000000000195e-01
1.100000000000000000e+01 7.096000000000000085e-01
4.000000000000000000e+00 7.096999999999999975e-01
0.000000000000000000e+00 7.097999999999999865e-01
4.340000000000000000e+02 7.098999999999999755e-01
9.900000000000000000e+01 7.099999999999999645e-01
5.450000000000000000e+02 7.097999999999999865e-01
8.700000000000000000e+01 7.098999999999999755e-01
5.500000000000000000e+01 7.096999999999999975e-01
2.000000000000000000e+00 7.097999999999999865e-01
3.500000000000000000e+01 7.098999999999999755e-01
0.000000000000000000e+00 7.099999999999999645e-01
0.000000000000000000e+00 7.100999999999999535e-01
2.500000000000000000e+02 7.102000000000000535e-01
7.000000000000000000e+00 7.103000000000000425e-01
0.000000000000000000e+00 7.104000000000000314e-01
1.370000000000000000e+02 7.105000000000000204e-01
4.000000000000000000e+00 7.106000000000000094e-01
0.000000000000000000e+00 7.106999999999999984e-01
5.268400000000000000e+04 7.107999999999999874e-01
1.600000000000000000e+02 7.063000000000000389e-01
3.500000000000000000e+01 7.064000000000000279e-01
0.000000000000000000e+00 7.065000000000000169e-01
2.560000000000000000e+02 7.066000000000000059e-01
0.000000000000000000e+00 7.066999999999999948e-01
1.400000000000000000e+01 7.067999999999999838e-01
1.500000000000000000e+01 7.068999999999999728e-01
6.600000000000000000e+01 7.068999999999999728e-01
1.500000000000000000e+01 7.069999999999999618e-01
1.050000000000000000e+02 7.070999999999999508e-01
3.000000000000000000e+00 7.069999999999999618e-01
0.000000000000000000e+00 7.070999999999999508e-01
2.000000000000000000e+00 7.072000000000000508e-01
0.000000000000000000e+00 7.073000000000000398e-01
7.000000000000000000e+00 7.074000000000000288e-01
2.600000000000000000e+02 7.075000000000000178e-01
2.600000000000000000e+01 7.076000000000000068e-01
9.640000000000000000e+02 7.076999999999999957e-01
9.280000000000000000e+02 7.077999999999999847e-01
9.400000000000000000e+01 7.078999999999999737e-01
2.000000000000000000e+00 7.079999999999999627e-01
3.000000000000000000e+00 7.080999999999999517e-01
1.800000000000000000e+01 7.082000000000000517e-01
0.000000000000000000e+00 7.083000000000000407e-01
1.000000000000000000e+00 7.084000000000000297e-01
0.000000000000000000e+00 7.085000000000000187e-01
0.000000000000000000e+00 7.086000000000000076e-01
2.390000000000000000e+02 7.086999999999999966e-01
5.000000000000000000e+00 7.083000000000000407e-01
1.500000000000000000e+01 7.084000000000000297e-01
2.000000000000000000e+00 7.083000000000000407e-01
1.700000000000000000e+01 7.084000000000000297e-01
3.550000000000000000e+02 7.085000000000000187e-01
0.000000000000000000e+00 7.082000000000000517e-01
1.000000000000000000e+00 7.083000000000000407e-01
0.000000000000000000e+00 7.084000000000000297e-01
0.000000000000000000e+00 7.085000000000000187e-01
0.000000000000000000e+00 7.086000000000000076e-01
1.300000000000000000e+01 7.086999999999999966e-01
1.169000000000000000e+03 7.087999999999999856e-01
4.982000000000000000e+03 7.079999999999999627e-01
0.000000000000000000e+00 7.056999999999999940e-01
2.000000000000000000e+00 7.057999999999999829e-01
0.000000000000000000e+00 7.058999999999999719e-01
1.000000000000000000e+00 7.059999999999999609e-01
9.900000000000000000e+01 7.059999999999999609e-01
2.000000000000000000e+00 7.060999999999999499e-01
6.800000000000000000e+01 7.062000000000000499e-01
4.000000000000000000e+00 7.062000000000000499e-01
9.100000000000000000e+01 7.063000000000000389e-01
6.000000000000000000e+00 7.064000000000000279e-01
2.000000000000000000e+00 7.065000000000000169e-01
2.440700000000000000e+04 7.066000000000000059e-01
3.700000000000000000e+01 7.060999999999999499e-01
0.000000000000000000e+00 7.062000000000000499e-01
1.505000000000000000e+03 7.063000000000000389e-01
2.900000000000000000e+01 7.064000000000000279e-01
0.000000000000000000e+00 7.065000000000000169e-01
5.000000000000000000e+01 7.066000000000000059e-01
2.700000000000000000e+01 7.066999999999999948e-01
0.000000000000000000e+00 7.067999999999999838e-01
7.000000000000000000e+00 7.068999999999999728e-01
0.000000000000000000e+00 7.069999999999999618e-01
0.000000000000000000e+00 7.070999999999999508e-01
0.000000000000000000e+00 7.072000000000000508e-01
0.000000000000000000e+00 7.073000000000000398e-01
0.000000000000000000e+00 7.074000000000000288e-01
7.540000000000000000e+02 7.075000000000000178e-01
0.000000000000000000e+00 7.064000000000000279e-01
6.740000000000000000e+02 7.065000000000000169e-01
4.000000000000000000e+00 7.066000000000000059e-01
1.600000000000000000e+01 7.066999999999999948e-01
0.000000000000000000e+00 7.067999999999999838e-01
2.300000000000000000e+01 7.068999999999999728e-01
5.000000000000000000e+00 7.069999999999999618e-01
1.959000000000000000e+03 7.070999999999999508e-01
9.000000000000000000e+00 7.066000000000000059e-01
0.000000000000000000e+00 7.066999999999999948e-01
5.360000000000000000e+02 7.067999999999999838e-01
1.000000000000000000e+00 7.068999999999999728e-01
0.000000000000000000e+00 7.069999999999999618e-01
1.000000000000000000e+00 7.070999999999999508e-01
4.000000000000000000e+00 7.072000000000000508e-01
2.096000000000000000e+03 7.073000000000000398e-01
1.354200000000000000e+04 7.070999999999999508e-01
1.879800000000000000e+04 7.066999999999999948e-01
6.082000000000000000e+03 7.056999999999999940e-01
0.000000000000000000e+00 7.048999999999999710e-01
1.000000000000000000e+00 7.049999999999999600e-01
3.000000000000000000e+00 7.050999999999999490e-01
3.000000000000000000e+02 7.052000000000000490e-01
1.100000000000000000e+01 7.053000000000000380e-01
0.000000000000000000e+00 7.054000000000000270e-01
2.321000000000000000e+03 7.055000000000000160e-01
3.000000000000000000e+00 7.056000000000000050e-01
8.700000000000000000e+01 7.056999999999999940e-01
0.000000000000000000e+00 7.057999999999999829e-01
4.000000000000000000e+00 7.058999999999999719e-01
0.000000000000000000e+00 7.059999999999999609e-01
1.000000000000000000e+00 7.060999999999999499e-01
5.810000000000000000e+02 7.062000000000000499e-01
0.000000000000000000e+00 7.063000000000000389e-01
1.100000000000000000e+01 7.064000000000000279e-01
1.610000000000000000e+02 7.062000000000000499e-01
1.900000000000000000e+01 7.059999999999999609e-01
3.000000000000000000e+00 7.060999999999999499e-01
0.000000000000000000e+00 7.062000000000000499e-01
0.000000000000000000e+00 7.063000000000000389e-01
3.000000000000000000e+00 7.064000000000000279e-01
9.000000000000000000e+00 7.065000000000000169e-01
1.000000000000000000e+01 7.066000000000000059e-01
3.900000000000000000e+01 7.066999999999999948e-01
4.640000000000000000e+02 7.067999999999999838e-01
5.000000000000000000e+02 7.068999999999999728e-01
1.490000000000000000e+02 7.069999999999999618e-01
5.000000000000000000e+00 7.068999999999999728e-01
2.000000000000000000e+00 7.069999999999999618e-01
1.900000000000000000e+01 7.070999999999999508e-01
1.600000000000000000e+01 7.072000000000000508e-01
1.800000000000000000e+01 7.073000000000000398e-01
1.100000000000000000e+01 7.074000000000000288e-01
1.600000000000000000e+02 7.075000000000000178e-01
1.600000000000000000e+01 7.076000000000000068e-01
2.241000000000000000e+03 7.076999999999999957e-01
1.000000000000000000e+01 7.077999999999999847e-01
4.000000000000000000e+00 7.078999999999999737e-01
1.141300000000000000e+04 7.079999999999999627e-01
1.184100000000000000e+04 7.060999999999999499e-01
3.000000000000000000e+00 7.062000000000000499e-01
6.470000000000000000e+03 7.063000000000000389e-01
5.400000000000000000e+01 7.052000000000000490e-01
1.300000000000000000e+01 7.053000000000000380e-01
3.000000000000000000e+00 7.054000000000000270e-01
5.000000000000000000e+02 7.055000000000000160e-01
0.000000000000000000e+00 7.056000000000000050e-01
0.000000000000000000e+00 7.056999999999999940e-01
3.458000000000000000e+03 7.057999999999999829e-01
2.900000000000000000e+01 7.053000000000000380e-01
1.050000000000000000e+02 7.053000000000000380e-01
2.000000000000000000e+00 7.054000000000000270e-01
1.600000000000000000e+01 7.055000000000000160e-01
1.440000000000000000e+03 7.056000000000000050e-01
1.000000000000000000e+00 7.056000000000000050e-01
3.000000000000000000e+00 7.056000000000000050e-01
3.800000000000000000e+01 7.056999999999999940e-01
0.000000000000000000e+00 7.057999999999999829e-01
0.000000000000000000e+00 7.058999999999999719e-01
1.000000000000000000e+01 7.059999999999999609e-01
4.000000000000000000e+00 7.060999999999999499e-01
2.000000000000000000e+00 7.062000000000000499e-01
1.700000000000000000e+01 7.063000000000000389e-01
1.100000000000000000e+01 7.064000000000000279e-01
3.510000000000000000e+02 7.065000000000000169e-01
3.000000000000000000e+00 7.066000000000000059e-01
2.000000000000000000e+00 7.066999999999999948e-01
2.000000000000000000e+00 7.066000000000000059e-01
0.000000000000000000e+00 7.066999999999999948e-01
1.000000000000000000e+00 7.067999999999999838e-01
3.000000000000000000e+00 7.068999999999999728e-01
0.000000000000000000e+00 7.069999999999999618e-01
0.000000000000000000e+00 7.070999999999999508e-01
9.732000000000000000e+03 7.072000000000000508e-01
3.460000000000000000e+02 7.066000000000000059e-01
0.000000000000000000e+00 7.066999999999999948e-01
0.000000000000000000e+00 7.067999999999999838e-01
0.000000000000000000e+00 7.068999999999999728e-01
3.600000000000000000e+01 7.069999999999999618e-01
0.000000000000000000e+00 7.070999999999999508e-01
0.000000000000000000e+00 7.072000000000000508e-01
1.200000000000000000e+01 7.073000000000000398e-01
0.000000000000000000e+00 7.074000000000000288e-01
1.600000000000000000e+01 7.075000000000000178e-01
1.760000000000000000e+02 7.076000000000000068e-01
1.000000000000000000e+00 7.076999999999999957e-01
1.660000000000000000e+02 7.077999999999999847e-01
5.000000000000000000e+00 7.076999999999999957e-01
1.174000000000000000e+03 7.077999999999999847e-01
0.000000000000000000e+00 7.078999999999999737e-01
0.000000000000000000e+00 7.079999999999999627e-01
0.000000000000000000e+00 7.080999999999999517e-01
0.000000000000000000e+00 7.082000000000000517e-01
7.000000000000000000e+01 7.083000000000000407e-01
0.000000000000000000e+00 7.084000000000000297e-01
0.000000000000000000e+00 7.085000000000000187e-01
0.000000000000000000e+00 7.086000000000000076e-01
0.000000000000000000e+00 7.086999999999999966e-01
1.490000000000000000e+02 7.087999999999999856e-01
3.630000000000000000e+02 7.088999999999999746e-01
0.000000000000000000e+00 7.087999999999999856e-01
0.000000000000000000e+00 7.088999999999999746e-01
5.400000000000000000e+01 7.089999999999999636e-01
4.000000000000000000e+00 7.090999999999999526e-01
3.000000000000000000e+00 7.092000000000000526e-01
4.300000000000000000e+01 7.093000000000000416e-01
0.000000000000000000e+00 7.094000000000000306e-01
0.000000000000000000e+00 7.095000000000000195e-01
0.000000000000000000e+00 7.096000000000000085e-01
1.080000000000000000e+02 7.096999999999999975e-01
1.773000000000000000e+03 7.097999999999999865e-01
0.000000000000000000e+00 7.095000000000000195e-01
0.000000000000000000e+00 7.096000000000000085e-01
1.900000000000000000e+01 7.096999999999999975e-01
4.235800000000000000e+04 7.096999999999999975e-01
2.200000000000000000e+01 7.035000000000000142e-01
2.000000000000000000e+00 7.035000000000000142e-01
1.200000000000000000e+01 7.033000000000000362e-01
2.000000000000000000e+00 7.034000000000000252e-01
1.800000000000000000e+01 7.035000000000000142e-01
6.000000000000000000e+00 7.036000000000000032e-01
3.000000000000000000e+00 7.036999999999999922e-01
4.000000000000000000e+00 7.037999999999999812e-01
1.000000000000000000e+00 7.038999999999999702e-01
1.000000000000000000e+00 7.039999999999999591e-01
1.210000000000000000e+02 7.040999999999999481e-01
0.000000000000000000e+00 7.042000000000000481e-01
6.800000000000000000e+01 7.043000000000000371e-01
1.078000000000000000e+03 7.044000000000000261e-01
2.600000000000000000e+01 7.045000000000000151e-01
1.040000000000000000e+02 7.046000000000000041e-01
1.000000000000000000e+00 7.046999999999999931e-01
6.922000000000000000e+03 7.047999999999999821e-01
5.000000000000000000e+00 7.046000000000000041e-01
3.210000000000000000e+02 7.046999999999999931e-01
5.000000000000000000e+00 7.036000000000000032e-01
9.400000000000000000e+01 7.036000000000000032e-01
0.000000000000000000e+00 7.036999999999999922e-01
2.450000000000000000e+02 7.037999999999999812e-01
3.000000000000000000e+00 7.038999999999999702e-01
2.331000000000000000e+03 7.039999999999999591e-01
0.000000000000000000e+00 7.040999999999999481e-01
7.310000000000000000e+02 7.042000000000000481e-01
2.000000000000000000e+00 7.043000000000000371e-01
2.000000000000000000e+00 7.044000000000000261e-01
1.070000000000000000e+02 7.045000000000000151e-01
5.900000000000000000e+01 7.046000000000000041e-01
2.300000000000000000e+01 7.046000000000000041e-01
0.000000000000000000e+00 7.046999999999999931e-01
0.000000000000000000e+00 7.047999999999999821e-01
3.000000000000000000e+00 7.048999999999999710e-01
7.800000000000000000e+01 7.049999999999999600e-01
4.000000000000000000e+00 7.050999999999999490e-01
0.000000000000000000e+00 7.052000000000000490e-01
0.000000000000000000e+00 7.053000000000000380e-01
0.000000000000000000e+00 7.054000000000000270e-01
0.000000000000000000e+00 7.055000000000000160e-01
8.000000000000000000e+01 7.056000000000000050e-01
0.000000000000000000e+00 7.055000000000000160e-01
1.700000000000000000e+01 7.056000000000000050e-01
4.600000000000000000e+01 7.056999999999999940e-01
0.000000000000000000e+00 7.057999999999999829e-01
3.000000000000000000e+00 7.058999999999999719e-01
2.000000000000000000e+00 7.059999999999999609e-01
0.000000000000000000e+00 7.060999999999999499e-01
3.000000000000000000e+00 7.062000000000000499e-01
0.000000000000000000e+00 7.063000000000000389e-01
2.680000000000000000e+02 7.064000000000000279e-01
3.100000000000000000e+01 7.065000000000000169e-01
5.400000000000000000e+01 7.066000000000000059e-01
4.000000000000000000e+00 7.066999999999999948e-01
4.700000000000000000e+01 7.067999999999999838e-01
0.000000000000000000e+00 7.068999999999999728e-01
4.900000000000000000e+01 7.069999999999999618e-01
4.600000000000000000e+01 7.070999999999999508e-01
6.000000000000000000e+00 7.072000000000000508e-01
6.200000000000000000e+01 7.073000000000000398e-01
2.200000000000000000e+01 7.074000000000000288e-01
1.380000000000000000e+03 7.075000000000000178e-01
1.430000000000000000e+02 7.076000000000000068e-01
4.000000000000000000e+00 7.076999999999999957e-01
1.240000000000000000e+02 7.077999999999999847e-01
3.000000000000000000e+00 7.078999999999999737e-01
0.000000000000000000e+00 7.079999999999999627e-01
0.000000000000000000e+00 7.080999999999999517e-01
4.000000000000000000e+00 7.082000000000000517e-01
5.000000000000000000e+00 7.083000000000000407e-01
0.000000000000000000e+00 7.084000000000000297e-01
2.000000000000000000e+00 7.085000000000000187e-01
1.000000000000000000e+00 7.086000000000000076e-01
7.000000000000000000e+00 7.086999999999999966e-01
2.000000000000000000e+00 7.087999999999999856e-01
1.024500000000000000e+04 7.088999999999999746e-01
3.400000000000000000e+01 7.085000000000000187e-01
1.160000000000000000e+02 7.086000000000000076e-01
0.000000000000000000e+00 7.086999999999999966e-01
2.600000000000000000e+01 7.087999999999999856e-01
0.000000000000000000e+00 7.088999999999999746e-01
2.360000000000000000e+02 7.089999999999999636e-01
7.600000000000000000e+02 7.090999999999999526e-01
0.000000000000000000e+00 7.092000000000000526e-01
0.000000000000000000e+00 7.093000000000000416e-01
4.300000000000000000e+01 7.094000000000000306e-01
1.272000000000000000e+04 7.095000000000000195e-01
1.200000000000000000e+01 7.089999999999999636e-01
1.000000000000000000e+00 7.090999999999999526e-01
2.700000000000000000e+01 7.092000000000000526e-01
1.806000000000000000e+03 7.093000000000000416e-01
0.000000000000000000e+00 7.084000000000000297e-01
1.000000000000000000e+00 7.085000000000000187e-01
5.000000000000000000e+00 7.086000000000000076e-01
0.000000000000000000e+00 7.086999999999999966e-01
3.000000000000000000e+00 7.087999999999999856e-01
1.000000000000000000e+01 7.088999999999999746e-01
0.000000000000000000e+00 7.089999999999999636e-01
2.874600000000000000e+04 7.090999999999999526e-01
7.400000000000000000e+01 7.047999999999999821e-01
0.000000000000000000e+00 7.048999999999999710e-01
3.000000000000000000e+01 7.049999999999999600e-01
0.000000000000000000e+00 7.050999999999999490e-01
1.000000000000000000e+01 7.052000000000000490e-01
1.246000000000000000e+03 7.053000000000000380e-01
4.400000000000000000e+01 7.043000000000000371e-01
1.150000000000000000e+02 7.044000000000000261e-01
8.000000000000000000e+00 7.045000000000000151e-01
0.000000000000000000e+00 7.046000000000000041e-01
0.000000000000000000e+00 7.046999999999999931e-01
3.080000000000000000e+02 7.047999999999999821e-01
6.500000000000000000e+01 7.048999999999999710e-01
2.100500000000000000e+04 7.049999999999999600e-01
7.000000000000000000e+00 7.042000000000000481e-01
0.000000000000000000e+00 7.043000000000000371e-01
4.500000000000000000e+01 7.044000000000000261e-01
0.000000000000000000e+00 7.045000000000000151e-01
0.000000000000000000e+00 7.046000000000000041e-01
1.000000000000000000e+00 7.046999999999999931e-01
4.680000000000000000e+02 7.047999999999999821e-01
1.500000000000000000e+01 7.048999999999999710e-01
1.043600000000000000e+04 7.049999999999999600e-01
2.750000000000000000e+02 7.030999999999999472e-01
1.980000000000000000e+02 7.032000000000000473e-01
0.000000000000000000e+00 7.033000000000000362e-01
4.800000000000000000e+01 7.034000000000000252e-01
2.430000000000000000e+02 7.035000000000000142e-01
1.000000000000000000e+00 7.036000000000000032e-01
4.000000000000000000e+01 7.036999999999999922e-01
1.000000000000000000e+00 7.037999999999999812e-01
0.000000000000000000e+00 7.038999999999999702e-01
4.000000000000000000e+00 7.039999999999999591e-01
6.200000000000000000e+01 7.039999999999999591e-01
1.100000000000000000e+01 7.040999999999999481e-01
0.000000000000000000e+00 7.042000000000000481e-01
1.300000000000000000e+01 7.043000000000000371e-01
7.030000000000000000e+02 7.044000000000000261e-01
1.400000000000000000e+01 7.045000000000000151e-01
0.000000000000000000e+00 7.046000000000000041e-01
3.000000000000000000e+00 7.046999999999999931e-01
8.000000000000000000e+00 7.047999999999999821e-01
7.600000000000000000e+01 7.048999999999999710e-01
3.000000000000000000e+00 7.049999999999999600e-01
1.500000000000000000e+01 7.050999999999999490e-01
0.000000000000000000e+00 7.052000000000000490e-01
4.800000000000000000e+01 7.053000000000000380e-01
1.491000000000000000e+03 7.054000000000000270e-01
2.000000000000000000e+00 7.055000000000000160e-01
0.000000000000000000e+00 7.056000000000000050e-01
9.000000000000000000e+00 7.056999999999999940e-01
9.900000000000000000e+01 7.057999999999999829e-01
1.418000000000000000e+03 7.058999999999999719e-01
1.710000000000000000e+02 7.048999999999999710e-01
1.400000000000000000e+02 7.049999999999999600e-01
5.000000000000000000e+00 7.050999999999999490e-01
3.253000000000000000e+03 7.052000000000000490e-01
2.000000000000000000e+00 7.039999999999999591e-01
1.800000000000000000e+02 7.040999999999999481e-01
1.200000000000000000e+01 7.036000000000000032e-01
0.000000000000000000e+00 7.036999999999999922e-01
1.000000000000000000e+01 7.037999999999999812e-01
3.600000000000000000e+01 7.038999999999999702e-01
1.500000000000000000e+01 7.039999999999999591e-01
0.000000000000000000e+00 7.040999999999999481e-01
0.000000000000000000e+00 7.042000000000000481e-01
6.100000000000000000e+01 7.043000000000000371e-01
0.000000000000000000e+00 7.044000000000000261e-01
7.000000000000000000e+00 7.045000000000000151e-01
0.000000000000000000e+00 7.046000000000000041e-01
0.000000000000000000e+00 7.046999999999999931e-01
2.629000000000000000e+03 7.047999999999999821e-01
3.000000000000000000e+00 7.042000000000000481e-01
3.000000000000000000e+00 7.043000000000000371e-01
1.000000000000000000e+00 7.044000000000000261e-01
0.000000000000000000e+00 7.045000000000000151e-01
0.000000000000000000e+00 7.046000000000000041e-01
1.774000000000000000e+03 7.046999999999999931e-01
0.000000000000000000e+00 7.047999999999999821e-01
6.010000000000000000e+02 7.048999999999999710e-01
0.000000000000000000e+00 7.049999999999999600e-01
6.100000000000000000e+01 7.050999999999999490e-01
2.000000000000000000e+00 7.052000000000000490e-01
2.060000000000000000e+02 7.053000000000000380e-01
0.000000000000000000e+00 7.054000000000000270e-01
0.000000000000000000e+00 7.055000000000000160e-01
0.000000000000000000e+00 7.056000000000000050e-01
3.000000000000000000e+01 7.056999999999999940e-01
3.500000000000000000e+01 7.057999999999999829e-01
0.000000000000000000e+00 7.058999999999999719e-01
1.000000000000000000e+00 7.059999999999999609e-01
0.000000000000000000e+00 7.060999999999999499e-01
1.000000000000000000e+01 7.062000000000000499e-01
1.000000000000000000e+00 7.063000000000000389e-01
8.600000000000000000e+01 7.064000000000000279e-01
0.000000000000000000e+00 7.063000000000000389e-01
2.490000000000000000e+02 7.064000000000000279e-01
1.980000000000000000e+02 7.065000000000000169e-01
1.100000000000000000e+01 7.066000000000000059e-01
0.000000000000000000e+00 7.066999999999999948e-01
4.900000000000000000e+01 7.067999999999999838e-01
2.160000000000000000e+02 7.068999999999999728e-01
0.000000000000000000e+00 7.069999999999999618e-01
1.611000000000000000e+03 7.070999999999999508e-01
0.000000000000000000e+00 7.072000000000000508e-01
1.200000000000000000e+01 7.073000000000000398e-01
3.660000000000000000e+02 7.074000000000000288e-01
2.270000000000000000e+02 7.074000000000000288e-01
1.250000000000000000e+02 7.072000000000000508e-01
1.618000000000000000e+03 7.073000000000000398e-01
5.484000000000000000e+04 7.074000000000000288e-01
8.000000000000000000e+00 7.022000000000000464e-01
0.000000000000000000e+00 7.023000000000000353e-01
9.800000000000000000e+01 7.024000000000000243e-01
1.300000000000000000e+01 7.025000000000000133e-01
1.800000000000000000e+01 7.026000000000000023e-01
9.239000000000000000e+03 7.026999999999999913e-01
9.000000000000000000e+00 7.023000000000000353e-01
1.000000000000000000e+01 7.024000000000000243e-01
2.346000000000000000e+03 7.025000000000000133e-01
1.280000000000000000e+02 7.026000000000000023e-01
1.000000000000000000e+00 7.026999999999999913e-01
2.000000000000000000e+00 7.027999999999999803e-01
5.000000000000000000e+00 7.028999999999999693e-01
5.700000000000000000e+01 7.029999999999999583e-01
1.530000000000000000e+02 7.030999999999999472e-01
3.000000000000000000e+00 7.032000000000000473e-01
9.000000000000000000e+00 7.033000000000000362e-01
2.200000000000000000e+01 7.034000000000000252e-01
6.700000000000000000e+01 7.035000000000000142e-01
6.500000000000000000e+01 7.036000000000000032e-01
2.800000000000000000e+01 7.035000000000000142e-01
1.000000000000000000e+01 7.036000000000000032e-01
0.000000000000000000e+00 7.036999999999999922e-01
9.000000000000000000e+01 7.037999999999999812e-01
0.000000000000000000e+00 7.038999999999999702e-01
0.000000000000000000e+00 7.039999999999999591e-01
0.000000000000000000e+00 7.040999999999999481e-01
1.000000000000000000e+00 7.042000000000000481e-01
2.000000000000000000e+00 7.043000000000000371e-01
1.000000000000000000e+02 7.044000000000000261e-01
2.220000000000000000e+02 7.045000000000000151e-01
1.120000000000000000e+02 7.046000000000000041e-01
3.000000000000000000e+00 7.046999999999999931e-01
6.000000000000000000e+00 7.047999999999999821e-01
9.000000000000000000e+00 7.048999999999999710e-01
2.267000000000000000e+04 7.049999999999999600e-01
0.000000000000000000e+00 7.014000000000000234e-01
1.109000000000000000e+03 7.015000000000000124e-01
3.000000000000000000e+00 7.008999999999999675e-01
0.000000000000000000e+00 7.009999999999999565e-01
1.270000000000000000e+02 7.010999999999999455e-01
9.000000000000000000e+01 7.008999999999999675e-01
0.000000000000000000e+00 7.009999999999999565e-01
1.030000000000000000e+02 7.010999999999999455e-01
0.000000000000000000e+00 7.012000000000000455e-01
8.400000000000000000e+01 7.013000000000000345e-01
8.300000000000000000e+01 7.014000000000000234e-01
2.430000000000000000e+02 7.010999999999999455e-01
1.600000000000000000e+01 7.012000000000000455e-01
0.000000000000000000e+00 7.013000000000000345e-01
6.780000000000000000e+02 7.014000000000000234e-01
5.000000000000000000e+00 7.014000000000000234e-01
0.000000000000000000e+00 7.015000000000000124e-01
5.000000000000000000e+00 7.016000000000000014e-01
0.000000000000000000e+00 7.016999999999999904e-01
6.438000000000000000e+03 7.017999999999999794e-01
0.000000000000000000e+00 7.018999999999999684e-01
2.500000000000000000e+01 7.019999999999999574e-01
0.000000000000000000e+00 7.020999999999999464e-01
1.800000000000000000e+01 7.022000000000000464e-01
3.000000000000000000e+00 7.023000000000000353e-01
4.000000000000000000e+00 7.024000000000000243e-01
6.800000000000000000e+01 7.025000000000000133e-01
1.476000000000000000e+03 7.026000000000000023e-01
0.000000000000000000e+00 7.026999999999999913e-01
3.000000000000000000e+00 7.027999999999999803e-01
1.000000000000000000e+00 7.028999999999999693e-01
1.000000000000000000e+00 7.029999999999999583e-01
0.000000000000000000e+00 7.030999999999999472e-01
3.800000000000000000e+01 7.032000000000000473e-01
2.100000000000000000e+01 7.033000000000000362e-01
2.000000000000000000e+00 7.034000000000000252e-01
1.000000000000000000e+00 7.035000000000000142e-01
0.000000000000000000e+00 7.036000000000000032e-01
3.000000000000000000e+00 7.036999999999999922e-01
2.000000000000000000e+00 7.037999999999999812e-01
1.000000000000000000e+00 7.038999999999999702e-01
1.298900000000000000e+04 7.039999999999999591e-01
7.420000000000000000e+02 7.018999999999999684e-01
0.000000000000000000e+00 7.019999999999999574e-01
2.400000000000000000e+01 7.020999999999999464e-01
3.000000000000000000e+00 7.022000000000000464e-01
1.000000000000000000e+00 7.023000000000000353e-01
5.900000000000000000e+01 7.024000000000000243e-01
0.000000000000000000e+00 7.025000000000000133e-01
0.000000000000000000e+00 7.026000000000000023e-01
0.000000000000000000e+00 7.026999999999999913e-01
0.000000000000000000e+00 7.027999999999999803e-01
0.000000000000000000e+00 7.028999999999999693e-01
4.660000000000000000e+02 7.029999999999999583e-01
1.600000000000000000e+01 7.030999999999999472e-01
7.000000000000000000e+00 7.032000000000000473e-01
3.800000000000000000e+02 7.033000000000000362e-01
1.100000000000000000e+01 7.030999999999999472e-01
0.000000000000000000e+00 7.032000000000000473e-01
0.000000000000000000e+00 7.033000000000000362e-01
0.000000000000000000e+00 7.034000000000000252e-01
1.000000000000000000e+01 7.035000000000000142e-01
5.000000000000000000e+00 7.036000000000000032e-01
4.300000000000000000e+01 7.036999999999999922e-01
2.600000000000000000e+01 7.036000000000000032e-01
7.000000000000000000e+00 7.036999999999999922e-01
2.300000000000000000e+01 7.037999999999999812e-01
6.000000000000000000e+00 7.036999999999999922e-01
4.000000000000000000e+00 7.037999999999999812e-01
3.800000000000000000e+01 7.038999999999999702e-01
5.000000000000000000e+00 7.039999999999999591e-01
1.860000000000000000e+02 7.040999999999999481e-01
7.000000000000000000e+00 7.037999999999999812e-01
1.000000000000000000e+00 7.038999999999999702e-01
8.000000000000000000e+00 7.039999999999999591e-01
6.500000000000000000e+01 7.040999999999999481e-01
1.550000000000000000e+02 7.042000000000000481e-01
1.720000000000000000e+02 7.043000000000000371e-01
1.400000000000000000e+01 7.044000000000000261e-01
2.300000000000000000e+01 7.045000000000000151e-01
0.000000000000000000e+00 7.046000000000000041e-01
5.010000000000000000e+02 7.046999999999999931e-01
8.700000000000000000e+01 7.043000000000000371e-01
1.930000000000000000e+02 7.038999999999999702e-01
1.441000000000000000e+03 7.039999999999999591e-01
4.000000000000000000e+00 7.040999999999999481e-01
2.800000000000000000e+01 7.042000000000000481e-01
1.400000000000000000e+01 7.043000000000000371e-01
0.000000000000000000e+00 7.044000000000000261e-01
0.000000000000000000e+00 7.045000000000000151e-01
1.080000000000000000e+02 7.046000000000000041e-01
0.000000000000000000e+00 7.046999999999999931e-01
0.000000000000000000e+00 7.047999999999999821e-01
6.700000000000000000e+01 7.048999999999999710e-01
9.240000000000000000e+02 7.049999999999999600e-01
3.700000000000000000e+01 7.045000000000000151e-01
9.000000000000000000e+00 7.044000000000000261e-01
1.200000000000000000e+01 7.043000000000000371e-01
0.000000000000000000e+00 7.044000000000000261e-01
3.000000000000000000e+01 7.045000000000000151e-01
0.000000000000000000e+00 7.046000000000000041e-01
0.000000000000000000e+00 7.046999999999999931e-01
0.000000000000000000e+00 7.047999999999999821e-01
0.000000000000000000e+00 7.048999999999999710e-01
0.000000000000000000e+00 7.049999999999999600e-01
1.700000000000000000e+01 7.050999999999999490e-01
2.020000000000000000e+02 7.052000000000000490e-01
0.000000000000000000e+00 7.053000000000000380e-01
2.000000000000000000e+00 7.054000000000000270e-01
3.000000000000000000e+00 7.055000000000000160e-01
3.700000000000000000e+01 7.056000000000000050e-01
3.874000000000000000e+03 7.056999999999999940e-01
1.000000000000000000e+00 7.057999999999999829e-01
0.000000000000000000e+00 7.058999999999999719e-01
1.650000000000000000e+02 7.059999999999999609e-01
2.000000000000000000e+01 7.060999999999999499e-01
2.900000000000000000e+01 7.059999999999999609e-01
1.862100000000000000e+04 7.060999999999999499e-01
4.000000000000000000e+00 7.057999999999999829e-01
2.360000000000000000e+02 7.057999999999999829e-01
4.239000000000000000e+03 7.057999999999999829e-01
4.754000000000000000e+03 7.056000000000000050e-01
3.320000000000000000e+02 7.046999999999999931e-01
1.400000000000000000e+01 7.038999999999999702e-01
4.000000000000000000e+00 7.039999999999999591e-01
4.448000000000000000e+03 7.040999999999999481e-01
1.000000000000000000e+00 7.042000000000000481e-01
2.900000000000000000e+01 7.043000000000000371e-01
3.100000000000000000e+01 7.044000000000000261e-01
8.850000000000000000e+02 7.045000000000000151e-01
1.000000000000000000e+00 7.046000000000000041e-01
0.000000000000000000e+00 7.046999999999999931e-01
0.000000000000000000e+00 7.047999999999999821e-01
9.900000000000000000e+01 7.048999999999999710e-01
7.000000000000000000e+00 7.049999999999999600e-01
1.530000000000000000e+02 7.050999999999999490e-01
2.000000000000000000e+00 7.052000000000000490e-01
3.000000000000000000e+00 7.053000000000000380e-01
1.760000000000000000e+02 7.054000000000000270e-01
4.808000000000000000e+03 7.053000000000000380e-01
6.000000000000000000e+00 7.036000000000000032e-01
0.000000000000000000e+00 7.036999999999999922e-01
9.000000000000000000e+00 7.037999999999999812e-01
9.760000000000000000e+02 7.038999999999999702e-01
5.000000000000000000e+00 7.039999999999999591e-01
0.000000000000000000e+00 7.040999999999999481e-01
2.000000000000000000e+00 7.042000000000000481e-01
3.000000000000000000e+01 7.043000000000000371e-01
6.000000000000000000e+00 7.038999999999999702e-01
0.000000000000000000e+00 7.039999999999999591e-01
0.000000000000000000e+00 7.040999999999999481e-01
0.000000000000000000e+00 7.042000000000000481e-01
6.380000000000000000e+02 7.043000000000000371e-01
7.000000000000000000e+00 7.042000000000000481e-01
2.000000000000000000e+00 7.043000000000000371e-01
1.100000000000000000e+01 7.044000000000000261e-01
9.390000000000000000e+02 7.045000000000000151e-01
2.300000000000000000e+01 7.042000000000000481e-01
8.380000000000000000e+02 7.043000000000000371e-01
1.200000000000000000e+01 7.040999999999999481e-01
7.000000000000000000e+00 7.040999999999999481e-01
1.230000000000000000e+02 7.042000000000000481e-01
0.000000000000000000e+00 7.042000000000000481e-01
3.880000000000000000e+02 7.043000000000000371e-01
8.600000000000000000e+01 7.039999999999999591e-01
8.370000000000000000e+02 7.040999999999999481e-01
1.070000000000000000e+02 7.035000000000000142e-01
0.000000000000000000e+00 7.036000000000000032e-01
0.000000000000000000e+00 7.036999999999999922e-01
8.000000000000000000e+00 7.037999999999999812e-01
1.000000000000000000e+00 7.038999999999999702e-01
4.754000000000000000e+03 7.039999999999999591e-01
0.000000000000000000e+00 7.033000000000000362e-01
3.400000000000000000e+01 7.034000000000000252e-01
2.260000000000000000e+03 7.035000000000000142e-01
2.800000000000000000e+01 7.036000000000000032e-01
6.583000000000000000e+03 7.036000000000000032e-01
0.000000000000000000e+00 7.036999999999999922e-01
2.460000000000000000e+02 7.037999999999999812e-01
0.000000000000000000e+00 7.038999999999999702e-01
1.410000000000000000e+02 7.039999999999999591e-01
5.300000000000000000e+01 7.040999999999999481e-01
4.000000000000000000e+00 7.038999999999999702e-01
4.000000000000000000e+00 7.039999999999999591e-01
2.800000000000000000e+01 7.040999999999999481e-01
0.000000000000000000e+00 7.042000000000000481e-01
0.000000000000000000e+00 7.043000000000000371e-01
1.000000000000000000e+00 7.044000000000000261e-01
3.033000000000000000e+03 7.045000000000000151e-01
0.000000000000000000e+00 7.046000000000000041e-01
2.300000000000000000e+01 7.046999999999999931e-01
0.000000000000000000e+00 7.047999999999999821e-01
2.360000000000000000e+02 7.048999999999999710e-01
3.000000000000000000e+00 7.049999999999999600e-01
0.000000000000000000e+00 7.050999999999999490e-01
1.642000000000000000e+03 7.052000000000000490e-01
2.700000000000000000e+01 7.053000000000000380e-01
1.110000000000000000e+02 7.054000000000000270e-01
1.900000000000000000e+01 7.055000000000000160e-01
0.000000000000000000e+00 7.056000000000000050e-01
1.540000000000000000e+02 7.056999999999999940e-01
6.000000000000000000e+00 7.057999999999999829e-01
1.268000000000000000e+03 7.058999999999999719e-01
3.000000000000000000e+00 7.059999999999999609e-01
2.000000000000000000e+01 7.060999999999999499e-01
0.000000000000000000e+00 7.062000000000000499e-01
4.000000000000000000e+00 7.063000000000000389e-01
3.509700000000000000e+04 7.064000000000000279e-01
2.110000000000000000e+02 7.026000000000000023e-01
1.500000000000000000e+01 7.026999999999999913e-01
8.000000000000000000e+00 7.027999999999999803e-01
9.800000000000000000e+01 7.028999999999999693e-01
8.000000000000000000e+00 7.026000000000000023e-01
6.000000000000000000e+00 7.026999999999999913e-01
3.298000000000000000e+03 7.026999999999999913e-01
4.000000000000000000e+00 7.019999999999999574e-01
7.000000000000000000e+00 7.020999999999999464e-01
2.000000000000000000e+00 7.022000000000000464e-01
6.000000000000000000e+00 7.023000000000000353e-01
1.370000000000000000e+02 7.024000000000000243e-01
1.300000000000000000e+01 7.025000000000000133e-01
1.090000000000000000e+02 7.026000000000000023e-01
2.000000000000000000e+00 7.026999999999999913e-01
6.000000000000000000e+00 7.027999999999999803e-01
1.300000000000000000e+01 7.028999999999999693e-01
6.000000000000000000e+00 7.029999999999999583e-01
0.000000000000000000e+00 7.030999999999999472e-01
0.000000000000000000e+00 7.032000000000000473e-01
0.000000000000000000e+00 7.033000000000000362e-01
1.000000000000000000e+00 7.034000000000000252e-01
7.100000000000000000e+01 7.035000000000000142e-01
1.300000000000000000e+01 7.036000000000000032e-01
1.000000000000000000e+00 7.036999999999999922e-01
0.000000000000000000e+00 7.037999999999999812e-01
6.560000000000000000e+02 7.038999999999999702e-01
0.000000000000000000e+00 7.039999999999999591e-01
0.000000000000000000e+00 7.040999999999999481e-01
0.000000000000000000e+00 7.042000000000000481e-01
0.000000000000000000e+00 7.043000000000000371e-01
0.000000000000000000e+00 7.044000000000000261e-01
0.000000000000000000e+00 7.045000000000000151e-01
5.700000000000000000e+01 7.046000000000000041e-01
2.000000000000000000e+00 7.046999999999999931e-01
0.000000000000000000e+00 7.047999999999999821e-01
0.000000000000000000e+00 7.048999999999999710e-01
0.000000000000000000e+00 7.049999999999999600e-01
5.700000000000000000e+01 7.050999999999999490e-01
0.000000000000000000e+00 7.052000000000000490e-01
0.000000000000000000e+00 7.053000000000000380e-01
4.400000000000000000e+02 7.054000000000000270e-01
2.700000000000000000e+01 7.055000000000000160e-01
9.000000000000000000e+01 7.056000000000000050e-01
1.000000000000000000e+00 7.056999999999999940e-01
1.000000000000000000e+00 7.057999999999999829e-01
0.000000000000000000e+00 7.058999999999999719e-01
0.000000000000000000e+00 7.059999999999999609e-01
5.480000000000000000e+02 7.060999999999999499e-01
6.400000000000000000e+01 7.062000000000000499e-01
1.141000000000000000e+03 7.063000000000000389e-01
2.600000000000000000e+01 7.064000000000000279e-01
1.300000000000000000e+01 7.065000000000000169e-01
1.110000000000000000e+02 7.066000000000000059e-01
3.980000000000000000e+02 7.066999999999999948e-01
1.260000000000000000e+02 7.067999999999999838e-01
0.000000000000000000e+00 7.065000000000000169e-01
0.000000000000000000e+00 7.066000000000000059e-01
5.320000000000000000e+02 7.066999999999999948e-01
0.000000000000000000e+00 7.067999999999999838e-01
0.000000000000000000e+00 7.068999999999999728e-01
0.000000000000000000e+00 7.069999999999999618e-01
1.000000000000000000e+00 7.070999999999999508e-01
1.440000000000000000e+02 7.072000000000000508e-01
0.000000000000000000e+00 7.073000000000000398e-01
2.460000000000000000e+02 7.074000000000000288e-01
4.479000000000000000e+03 7.075000000000000178e-01
5.691000000000000000e+03 7.076000000000000068e-01
5.100000000000000000e+01 7.070999999999999508e-01
1.600000000000000000e+02 7.072000000000000508e-01
1.510000000000000000e+02 7.073000000000000398e-01
3.669000000000000000e+03 7.072000000000000508e-01
4.000000000000000000e+00 7.073000000000000398e-01
0.000000000000000000e+00 7.074000000000000288e-01
4.602000000000000000e+03 7.075000000000000178e-01
5.000000000000000000e+01 7.073000000000000398e-01
2.900000000000000000e+02 7.074000000000000288e-01
0.000000000000000000e+00 7.075000000000000178e-01
2.000000000000000000e+00 7.076000000000000068e-01
1.800000000000000000e+01 7.076999999999999957e-01
7.262000000000000000e+03 7.077999999999999847e-01
3.600000000000000000e+01 7.054000000000000270e-01
4.000000000000000000e+00 7.053000000000000380e-01
2.000000000000000000e+00 7.054000000000000270e-01
2.466000000000000000e+03 7.055000000000000160e-01
0.000000000000000000e+00 7.049999999999999600e-01
6.800000000000000000e+01 7.050999999999999490e-01
1.000000000000000000e+00 7.052000000000000490e-01
0.000000000000000000e+00 7.053000000000000380e-01
9.400000000000000000e+01 7.054000000000000270e-01
0.000000000000000000e+00 7.055000000000000160e-01
0.000000000000000000e+00 7.056000000000000050e-01
8.800000000000000000e+01 7.056999999999999940e-01
2.000000000000000000e+00 7.056000000000000050e-01
0.000000000000000000e+00 7.056999999999999940e-01
0.000000000000000000e+00 7.057999999999999829e-01
5.500000000000000000e+01 7.058999999999999719e-01
1.000000000000000000e+00 7.059999999999999609e-01
0.000000000000000000e+00 7.060999999999999499e-01
4.000000000000000000e+00 7.062000000000000499e-01
1.000000000000000000e+00 7.063000000000000389e-01
1.250000000000000000e+02 7.064000000000000279e-01
0.000000000000000000e+00 7.065000000000000169e-01
6.000000000000000000e+00 7.066000000000000059e-01
8.200000000000000000e+01 7.066999999999999948e-01
1.400000000000000000e+01 7.067999999999999838e-01
3.200000000000000000e+01 7.068999999999999728e-01
7.000000000000000000e+00 7.069999999999999618e-01
8.000000000000000000e+00 7.070999999999999508e-01
1.100000000000000000e+01 7.072000000000000508e-01
9.920000000000000000e+02 7.073000000000000398e-01
0.000000000000000000e+00 7.066999999999999948e-01
1.590000000000000000e+02 7.067999999999999838e-01
1.000000000000000000e+00 7.068999999999999728e-01
1.000000000000000000e+00 7.069999999999999618e-01
2.300000000000000000e+01 7.070999999999999508e-01
1.500000000000000000e+01 7.072000000000000508e-01
3.000000000000000000e+00 7.073000000000000398e-01
0.000000000000000000e+00 7.073000000000000398e-01
7.000000000000000000e+00 7.074000000000000288e-01
1.037000000000000000e+03 7.075000000000000178e-01
1.000000000000000000e+00 7.076000000000000068e-01
8.000000000000000000e+00 7.076999999999999957e-01
0.000000000000000000e+00 7.077999999999999847e-01
0.000000000000000000e+00 7.078999999999999737e-01
0.000000000000000000e+00 7.079999999999999627e-01
0.000000000000000000e+00 7.080999999999999517e-01
3.100000000000000000e+01 7.082000000000000517e-01
0.000000000000000000e+00 7.079999999999999627e-01
5.400000000000000000e+01 7.080999999999999517e-01
8.600000000000000000e+01 7.082000000000000517e-01
1.648400000000000000e+04 7.083000000000000407e-01
0.000000000000000000e+00 7.076000000000000068e-01
1.020000000000000000e+02 7.076999999999999957e-01
6.740000000000000000e+02 7.077999999999999847e-01
1.040000000000000000e+02 7.075000000000000178e-01
0.000000000000000000e+00 7.076000000000000068e-01
1.500000000000000000e+01 7.076999999999999957e-01
0.000000000000000000e+00 7.075000000000000178e-01
2.000000000000000000e+00 7.076000000000000068e-01
2.000000000000000000e+00 7.076999999999999957e-01
0.000000000000000000e+00 7.077999999999999847e-01
0.000000000000000000e+00 7.078999999999999737e-01
3.000000000000000000e+00 7.079999999999999627e-01
0.000000000000000000e+00 7.080999999999999517e-01
6.300000000000000000e+01 7.082000000000000517e-01
3.400000000000000000e+01 7.083000000000000407e-01
2.200000000000000000e+01 7.084000000000000297e-01
1.058000000000000000e+03 7.082000000000000517e-01
2.000000000000000000e+00 7.075000000000000178e-01
1.160000000000000000e+02 7.076000000000000068e-01
1.600000000000000000e+01 7.076999999999999957e-01
0.000000000000000000e+00 7.077999999999999847e-01
8.681000000000000000e+03 7.078999999999999737e-01
3.800000000000000000e+02 7.079999999999999627e-01
3.300000000000000000e+01 7.080999999999999517e-01
1.600000000000000000e+01 7.082000000000000517e-01
0.000000000000000000e+00 7.077999999999999847e-01
0.000000000000000000e+00 7.078999999999999737e-01
0.000000000000000000e+00 7.079999999999999627e-01
1.560000000000000000e+02 7.080999999999999517e-01
5.415000000000000000e+03 7.082000000000000517e-01
4.740000000000000000e+02 7.083000000000000407e-01
8.000000000000000000e+00 7.084000000000000297e-01
1.100000000000000000e+01 7.085000000000000187e-01
3.022500000000000000e+04 7.086000000000000076e-01
0.000000000000000000e+00 7.029999999999999583e-01
0.000000000000000000e+00 7.030999999999999472e-01
0.000000000000000000e+00 7.032000000000000473e-01
0.000000000000000000e+00 7.033000000000000362e-01
2.000000000000000000e+00 7.034000000000000252e-01
1.000000000000000000e+00 7.035000000000000142e-01
1.100000000000000000e+01 7.036000000000000032e-01
1.000000000000000000e+00 7.036999999999999922e-01
1.100000000000000000e+01 7.037999999999999812e-01
0.000000000000000000e+00 7.038999999999999702e-01
2.370000000000000000e+02 7.039999999999999591e-01
3.500000000000000000e+01 7.040999999999999481e-01
8.480000000000000000e+02 7.042000000000000481e-01
0.000000000000000000e+00 7.043000000000000371e-01
0.000000000000000000e+00 7.044000000000000261e-01
2.000000000000000000e+00 7.045000000000000151e-01
8.000000000000000000e+00 7.046000000000000041e-01
1.710000000000000000e+02 7.046000000000000041e-01
6.780000000000000000e+02 7.046999999999999931e-01
0.000000000000000000e+00 7.042000000000000481e-01
3.123000000000000000e+03 7.043000000000000371e-01
0.000000000000000000e+00 7.042000000000000481e-01
3.400000000000000000e+01 7.043000000000000371e-01
4.900000000000000000e+01 7.044000000000000261e-01
7.460000000000000000e+02 7.045000000000000151e-01
3.000000000000000000e+00 7.046000000000000041e-01
3.100000000000000000e+01 7.046999999999999931e-01
0.000000000000000000e+00 7.047999999999999821e-01
8.000000000000000000e+00 7.048999999999999710e-01
1.000000000000000000e+00 7.047999999999999821e-01
0.000000000000000000e+00 7.048999999999999710e-01
1.700000000000000000e+01 7.049999999999999600e-01
0.000000000000000000e+00 7.050999999999999490e-01
1.000000000000000000e+01 7.052000000000000490e-01
3.000000000000000000e+00 7.053000000000000380e-01
0.000000000000000000e+00 7.054000000000000270e-01
1.780000000000000000e+02 7.055000000000000160e-01
3.450000000000000000e+02 7.056000000000000050e-01
0.000000000000000000e+00 7.056999999999999940e-01
8.000000000000000000e+00 7.057999999999999829e-01
8.300000000000000000e+01 7.058999999999999719e-01
0.000000000000000000e+00 7.058999999999999719e-01
1.914000000000000000e+03 7.059999999999999609e-01
8.000000000000000000e+00 7.057999999999999829e-01
2.000000000000000000e+00 7.058999999999999719e-01
2.400000000000000000e+01 7.059999999999999609e-01
0.000000000000000000e+00 7.060999999999999499e-01
3.000000000000000000e+00 7.062000000000000499e-01
5.000000000000000000e+00 7.063000000000000389e-01
1.270000000000000000e+02 7.064000000000000279e-01
4.010000000000000000e+02 7.064000000000000279e-01
0.000000000000000000e+00 7.058999999999999719e-01
0.000000000000000000e+00 7.059999999999999609e-01
1.000000000000000000e+00 7.060999999999999499e-01
1.000000000000000000e+00 7.062000000000000499e-01
0.000000000000000000e+00 7.063000000000000389e-01
0.000000000000000000e+00 7.064000000000000279e-01
6.600000000000000000e+01 7.065000000000000169e-01
2.100000000000000000e+01 7.066000000000000059e-01
2.800000000000000000e+01 7.065000000000000169e-01
2.000000000000000000e+00 7.065000000000000169e-01
2.000000000000000000e+00 7.066000000000000059e-01
0.000000000000000000e+00 7.066999999999999948e-01
0.000000000000000000e+00 7.067999999999999838e-01
5.000000000000000000e+00 7.068999999999999728e-01
3.500000000000000000e+01 7.069999999999999618e-01
3.130000000000000000e+02 7.070999999999999508e-01
4.023000000000000000e+03 7.067999999999999838e-01
7.000000000000000000e+00 7.059999999999999609e-01
1.000000000000000000e+00 7.060999999999999499e-01
5.460000000000000000e+02 7.062000000000000499e-01
3.000000000000000000e+00 7.063000000000000389e-01
9.000000000000000000e+00 7.064000000000000279e-01
5.300000000000000000e+01 7.065000000000000169e-01
0.000000000000000000e+00 7.066000000000000059e-01
9.000000000000000000e+00 7.066999999999999948e-01
0.000000000000000000e+00 7.067999999999999838e-01
0.000000000000000000e+00 7.068999999999999728e-01
0.000000000000000000e+00 7.069999999999999618e-01
0.000000000000000000e+00 7.070999999999999508e-01
3.122000000000000000e+03 7.072000000000000508e-01
1.200000000000000000e+01 7.073000000000000398e-01
1.000000000000000000e+00 7.074000000000000288e-01
6.700000000000000000e+01 7.075000000000000178e-01
2.780000000000000000e+03 7.076000000000000068e-01
4.000000000000000000e+00 7.076000000000000068e-01
0.000000000000000000e+00 7.076999999999999957e-01
0.000000000000000000e+00 7.077999999999999847e-01
6.600000000000000000e+01 7.078999999999999737e-01
1.700000000000000000e+02 7.079999999999999627e-01
2.500000000000000000e+01 7.079999999999999627e-01
1.520000000000000000e+02 7.080999999999999517e-01
5.200000000000000000e+01 7.079999999999999627e-01
7.500000000000000000e+01 7.080999999999999517e-01
1.000000000000000000e+00 7.082000000000000517e-01
1.000000000000000000e+01 7.083000000000000407e-01
0.000000000000000000e+00 7.084000000000000297e-01
4.590000000000000000e+02 7.085000000000000187e-01
0.000000000000000000e+00 7.086000000000000076e-01
1.610000000000000000e+02 7.086999999999999966e-01
0.000000000000000000e+00 7.087999999999999856e-01
3.000000000000000000e+00 7.088999999999999746e-01
3.000000000000000000e+00 7.089999999999999636e-01
1.530000000000000000e+02 7.089999999999999636e-01
8.600000000000000000e+01 7.090999999999999526e-01
0.000000000000000000e+00 7.092000000000000526e-01
1.000000000000000000e+00 7.093000000000000416e-01
6.247500000000000000e+04 7.094000000000000306e-01
2.000000000000000000e+00 7.044000000000000261e-01
0.000000000000000000e+00 7.045000000000000151e-01
0.000000000000000000e+00 7.046000000000000041e-01
0.000000000000000000e+00 7.046999999999999931e-01
0.000000000000000000e+00 7.047999999999999821e-01
0.000000000000000000e+00 7.048999999999999710e-01
5.000000000000000000e+00 7.049999999999999600e-01
5.600000000000000000e+01 7.050999999999999490e-01
9.097000000000000000e+03 7.052000000000000490e-01
0.000000000000000000e+00 7.033000000000000362e-01
4.470000000000000000e+02 7.034000000000000252e-01
5.510000000000000000e+02 7.029999999999999583e-01
2.000000000000000000e+00 7.030999999999999472e-01
5.000000000000000000e+00 7.032000000000000473e-01
7.650000000000000000e+02 7.033000000000000362e-01
0.000000000000000000e+00 7.034000000000000252e-01
6.824000000000000000e+03 7.035000000000000142e-01
7.343000000000000000e+03 7.022000000000000464e-01
7.505000000000000000e+03 7.023000000000000353e-01
1.000000000000000000e+00 7.022000000000000464e-01
1.310000000000000000e+02 7.023000000000000353e-01
3.000000000000000000e+00 7.024000000000000243e-01
2.178000000000000000e+03 7.025000000000000133e-01
0.000000000000000000e+00 7.026000000000000023e-01
1.800000000000000000e+01 7.026999999999999913e-01
2.600000000000000000e+01 7.027999999999999803e-01
0.000000000000000000e+00 7.028999999999999693e-01
8.000000000000000000e+00 7.029999999999999583e-01
1.000000000000000000e+00 7.030999999999999472e-01
1.300000000000000000e+01 7.032000000000000473e-01
4.700000000000000000e+01 7.033000000000000362e-01
6.000000000000000000e+00 7.034000000000000252e-01
7.000000000000000000e+00 7.035000000000000142e-01
4.000000000000000000e+00 7.036000000000000032e-01
0.000000000000000000e+00 7.036999999999999922e-01
1.200000000000000000e+01 7.037999999999999812e-01
0.000000000000000000e+00 7.038999999999999702e-01
2.000000000000000000e+00 7.039999999999999591e-01
0.000000000000000000e+00 7.040999999999999481e-01
0.000000000000000000e+00 7.042000000000000481e-01
0.000000000000000000e+00 7.043000000000000371e-01
2.950000000000000000e+02 7.044000000000000261e-01
0.000000000000000000e+00 7.045000000000000151e-01
9.000000000000000000e+00 7.046000000000000041e-01
6.700000000000000000e+01 7.046999999999999931e-01
5.000000000000000000e+00 7.047999999999999821e-01
2.800000000000000000e+01 7.047999999999999821e-01
0.000000000000000000e+00 7.048999999999999710e-01
2.000000000000000000e+00 7.049999999999999600e-01
2.500000000000000000e+01 7.050999999999999490e-01
0.000000000000000000e+00 7.052000000000000490e-01
5.000000000000000000e+00 7.053000000000000380e-01
1.790000000000000000e+02 7.054000000000000270e-01
0.000000000000000000e+00 7.055000000000000160e-01
3.000000000000000000e+00 7.056000000000000050e-01
0.000000000000000000e+00 7.056999999999999940e-01
0.000000000000000000e+00 7.057999999999999829e-01
4.000000000000000000e+00 7.058999999999999719e-01
2.500000000000000000e+01 7.059999999999999609e-01
1.030000000000000000e+02 7.060999999999999499e-01
6.000000000000000000e+00 7.058999999999999719e-01
2.000000000000000000e+00 7.059999999999999609e-01
1.600000000000000000e+01 7.060999999999999499e-01
0.000000000000000000e+00 7.062000000000000499e-01
1.220000000000000000e+02 7.063000000000000389e-01
0.000000000000000000e+00 7.056999999999999940e-01
2.800000000000000000e+01 7.057999999999999829e-01
3.000000000000000000e+00 7.058999999999999719e-01
7.100000000000000000e+01 7.059999999999999609e-01
0.000000000000000000e+00 7.060999999999999499e-01
9.000000000000000000e+00 7.062000000000000499e-01
4.000000000000000000e+00 7.063000000000000389e-01
2.943100000000000000e+04 7.064000000000000279e-01
1.200000000000000000e+01 7.025000000000000133e-01
0.000000000000000000e+00 7.026000000000000023e-01
4.000000000000000000e+00 7.026999999999999913e-01
1.000000000000000000e+01 7.027999999999999803e-01
2.700000000000000000e+01 7.028999999999999693e-01
3.030000000000000000e+02 7.029999999999999583e-01
2.500000000000000000e+02 7.030999999999999472e-01
9.000000000000000000e+00 7.032000000000000473e-01
0.000000000000000000e+00 7.033000000000000362e-01
2.300000000000000000e+01 7.034000000000000252e-01
0.000000000000000000e+00 7.035000000000000142e-01
1.200000000000000000e+02 7.036000000000000032e-01
1.200000000000000000e+01 7.036000000000000032e-01
0.000000000000000000e+00 7.036999999999999922e-01
8.000000000000000000e+00 7.037999999999999812e-01
0.000000000000000000e+00 7.038999999999999702e-01
2.800000000000000000e+01 7.039999999999999591e-01
1.000000000000000000e+01 7.040999999999999481e-01
4.054000000000000000e+03 7.042000000000000481e-01
0.000000000000000000e+00 7.043000000000000371e-01
0.000000000000000000e+00 7.044000000000000261e-01
0.000000000000000000e+00 7.045000000000000151e-01
0.000000000000000000e+00 7.046000000000000041e-01
2.140000000000000000e+02 7.046999999999999931e-01
8.700000000000000000e+01 7.044000000000000261e-01
2.100000000000000000e+01 7.045000000000000151e-01
1.000000000000000000e+01 7.046000000000000041e-01
1.000000000000000000e+00 7.046999999999999931e-01
2.000000000000000000e+00 7.047999999999999821e-01
6.000000000000000000e+01 7.048999999999999710e-01
2.000000000000000000e+00 7.049999999999999600e-01
3.400000000000000000e+01 7.050999999999999490e-01
3.200000000000000000e+01 7.052000000000000490e-01
0.000000000000000000e+00 7.053000000000000380e-01
3.000000000000000000e+00 7.054000000000000270e-01
1.100000000000000000e+01 7.053000000000000380e-01
2.000000000000000000e+00 7.054000000000000270e-01
0.000000000000000000e+00 7.055000000000000160e-01
3.100000000000000000e+01 7.056000000000000050e-01
6.000000000000000000e+00 7.056999999999999940e-01
1.221000000000000000e+03 7.057999999999999829e-01
0.000000000000000000e+00 7.056000000000000050e-01
1.020000000000000000e+02 7.056999999999999940e-01
0.000000000000000000e+00 7.057999999999999829e-01
1.300000000000000000e+01 7.058999999999999719e-01
0.000000000000000000e+00 7.059999999999999609e-01
1.000000000000000000e+00 7.060999999999999499e-01
3.500000000000000000e+01 7.062000000000000499e-01
2.000000000000000000e+01 7.060999999999999499e-01
5.000000000000000000e+00 7.062000000000000499e-01
1.468000000000000000e+03 7.063000000000000389e-01
0.000000000000000000e+00 7.064000000000000279e-01
7.150000000000000000e+02 7.065000000000000169e-01
1.850000000000000000e+04 7.066000000000000059e-01
0.000000000000000000e+00 7.037999999999999812e-01
2.000000000000000000e+00 7.038999999999999702e-01
8.300000000000000000e+01 7.039999999999999591e-01
4.000000000000000000e+00 7.040999999999999481e-01
0.000000000000000000e+00 7.040999999999999481e-01
0.000000000000000000e+00 7.042000000000000481e-01
3.500000000000000000e+01 7.043000000000000371e-01
2.100000000000000000e+01 7.044000000000000261e-01
1.000000000000000000e+00 7.045000000000000151e-01
3.060000000000000000e+02 7.046000000000000041e-01
1.290000000000000000e+02 7.046999999999999931e-01
1.400000000000000000e+01 7.047999999999999821e-01
3.600000000000000000e+01 7.048999999999999710e-01
5.229000000000000000e+03 7.046000000000000041e-01
0.000000000000000000e+00 7.046999999999999931e-01
3.000000000000000000e+00 7.047999999999999821e-01
7.000000000000000000e+00 7.048999999999999710e-01
1.000000000000000000e+01 7.049999999999999600e-01
2.000000000000000000e+00 7.050999999999999490e-01
5.900000000000000000e+01 7.052000000000000490e-01
0.000000000000000000e+00 7.053000000000000380e-01
1.200000000000000000e+01 7.054000000000000270e-01
1.180000000000000000e+02 7.055000000000000160e-01
3.000000000000000000e+01 7.053000000000000380e-01
0.000000000000000000e+00 7.054000000000000270e-01
0.000000000000000000e+00 7.055000000000000160e-01
2.000000000000000000e+00 7.056000000000000050e-01
0.000000000000000000e+00 7.056999999999999940e-01
0.000000000000000000e+00 7.057999999999999829e-01
0.000000000000000000e+00 7.058999999999999719e-01
0.000000000000000000e+00 7.059999999999999609e-01
5.330000000000000000e+02 7.060999999999999499e-01
1.000000000000000000e+00 7.062000000000000499e-01
1.060000000000000000e+02 7.063000000000000389e-01
0.000000000000000000e+00 7.064000000000000279e-01
4.000000000000000000e+00 7.065000000000000169e-01
0.000000000000000000e+00 7.066000000000000059e-01
0.000000000000000000e+00 7.066999999999999948e-01
3.800000000000000000e+01 7.067999999999999838e-01
1.680000000000000000e+02 7.068999999999999728e-01
8.000000000000000000e+00 7.069999999999999618e-01
2.000000000000000000e+00 7.070999999999999508e-01
0.000000000000000000e+00 7.072000000000000508e-01
3.900000000000000000e+01 7.073000000000000398e-01
0.000000000000000000e+00 7.072000000000000508e-01
2.505600000000000000e+04 7.073000000000000398e-01
2.700000000000000000e+01 7.035000000000000142e-01
0.000000000000000000e+00 7.036000000000000032e-01
0.000000000000000000e+00 7.036999999999999922e-01
2.200000000000000000e+01 7.037999999999999812e-01
0.000000000000000000e+00 7.038999999999999702e-01
4.220000000000000000e+02 7.039999999999999591e-01
1.123000000000000000e+03 7.040999999999999481e-01
0.000000000000000000e+00 7.042000000000000481e-01
4.000000000000000000e+00 7.043000000000000371e-01
1.115000000000000000e+03 7.044000000000000261e-01
1.000000000000000000e+00 7.045000000000000151e-01
3.000000000000000000e+00 7.046000000000000041e-01
0.000000000000000000e+00 7.046999999999999931e-01
7.400000000000000000e+01 7.047999999999999821e-01
7.300000000000000000e+01 7.048999999999999710e-01
6.000000000000000000e+00 7.049999999999999600e-01
2.210000000000000000e+02 7.050999999999999490e-01
1.000000000000000000e+01 7.052000000000000490e-01
2.863000000000000000e+03 7.053000000000000380e-01
0.000000000000000000e+00 7.049999999999999600e-01
9.000000000000000000e+00 7.050999999999999490e-01
0.000000000000000000e+00 7.052000000000000490e-01
1.000000000000000000e+00 7.053000000000000380e-01
0.000000000000000000e+00 7.053000000000000380e-01
1.100000000000000000e+01 7.054000000000000270e-01
3.490000000000000000e+02 7.055000000000000160e-01
0.000000000000000000e+00 7.056000000000000050e-01
1.680000000000000000e+02 7.056999999999999940e-01
2.000000000000000000e+00 7.057999999999999829e-01
0.000000000000000000e+00 7.058999999999999719e-01
1.100000000000000000e+01 7.059999999999999609e-01
0.000000000000000000e+00 7.060999999999999499e-01
1.000000000000000000e+00 7.062000000000000499e-01
1.900000000000000000e+01 7.063000000000000389e-01
3.000000000000000000e+00 7.064000000000000279e-01
0.000000000000000000e+00 7.065000000000000169e-01
2.000000000000000000e+00 7.066000000000000059e-01
3.450000000000000000e+02 7.066999999999999948e-01
2.000000000000000000e+00 7.067999999999999838e-01
0.000000000000000000e+00 7.068999999999999728e-01
4.000000000000000000e+00 7.069999999999999618e-01
9.000000000000000000e+00 7.070999999999999508e-01
0.000000000000000000e+00 7.072000000000000508e-01
0.000000000000000000e+00 7.073000000000000398e-01
2.001000000000000000e+03 7.074000000000000288e-01
0.000000000000000000e+00 7.072000000000000508e-01
1.000000000000000000e+01 7.073000000000000398e-01
1.000000000000000000e+00 7.074000000000000288e-01
9.780000000000000000e+02 7.075000000000000178e-01
0.000000000000000000e+00 7.073000000000000398e-01
2.000000000000000000e+00 7.074000000000000288e-01
1.300000000000000000e+01 7.075000000000000178e-01
2.000000000000000000e+01 7.076000000000000068e-01
8.210000000000000000e+02 7.076999999999999957e-01
0.000000000000000000e+00 7.077999999999999847e-01
3.320000000000000000e+02 7.078999999999999737e-01
0.000000000000000000e+00 7.079999999999999627e-01
2.610000000000000000e+02 7.080999999999999517e-01
0.000000000000000000e+00 7.082000000000000517e-01
3.454900000000000000e+04 7.083000000000000407e-01
2.660000000000000000e+02 7.058999999999999719e-01
0.000000000000000000e+00 7.059999999999999609e-01
6.170000000000000000e+02 7.060999999999999499e-01
1.000000000000000000e+00 7.062000000000000499e-01
6.300000000000000000e+01 7.060999999999999499e-01
2.400000000000000000e+01 7.062000000000000499e-01
1.700000000000000000e+01 7.063000000000000389e-01
0.000000000000000000e+00 7.064000000000000279e-01
0.000000000000000000e+00 7.065000000000000169e-01
0.000000000000000000e+00 7.066000000000000059e-01
1.000000000000000000e+00 7.066999999999999948e-01
0.000000000000000000e+00 7.067999999999999838e-01
0.000000000000000000e+00 7.068999999999999728e-01
0.000000000000000000e+00 7.069999999999999618e-01
2.000000000000000000e+00 7.070999999999999508e-01
0.000000000000000000e+00 7.072000000000000508e-01
0.000000000000000000e+00 7.073000000000000398e-01
9.735000000000000000e+03 7.074000000000000288e-01
2.600000000000000000e+02 7.036000000000000032e-01
4.610000000000000000e+02 7.036999999999999922e-01
0.000000000000000000e+00 7.037999999999999812e-01
5.910000000000000000e+03 7.038999999999999702e-01
3.800000000000000000e+01 7.039999999999999591e-01
3.000000000000000000e+00 7.035000000000000142e-01
0.000000000000000000e+00 7.036000000000000032e-01
6.930000000000000000e+02 7.036999999999999922e-01
0.000000000000000000e+00 7.032000000000000473e-01
4.000000000000000000e+00 7.033000000000000362e-01
0.000000000000000000e+00 7.034000000000000252e-01
0.000000000000000000e+00 7.035000000000000142e-01
1.080000000000000000e+02 7.036000000000000032e-01
0.000000000000000000e+00 7.036999999999999922e-01
7.000000000000000000e+00 7.037999999999999812e-01
2.891000000000000000e+03 7.038999999999999702e-01
1.845000000000000000e+03 7.039999999999999591e-01
1.200000000000000000e+01 7.037999999999999812e-01
2.700000000000000000e+01 7.038999999999999702e-01
0.000000000000000000e+00 7.039999999999999591e-01
1.860000000000000000e+02 7.040999999999999481e-01
0.000000000000000000e+00 7.042000000000000481e-01
0.000000000000000000e+00 7.043000000000000371e-01
1.200000000000000000e+01 7.044000000000000261e-01
2.290000000000000000e+02 7.042000000000000481e-01
4.200000000000000000e+01 7.043000000000000371e-01
1.300000000000000000e+01 7.044000000000000261e-01
0.000000000000000000e+00 7.045000000000000151e-01
0.000000000000000000e+00 7.046000000000000041e-01
3.000000000000000000e+00 7.046999999999999931e-01
0.000000000000000000e+00 7.047999999999999821e-01
0.000000000000000000e+00 7.048999999999999710e-01
2.000000000000000000e+00 7.049999999999999600e-01
0.000000000000000000e+00 7.050999999999999490e-01
2.000000000000000000e+00 7.052000000000000490e-01
2.440000000000000000e+02 7.053000000000000380e-01
0.000000000000000000e+00 7.054000000000000270e-01
0.000000000000000000e+00 7.055000000000000160e-01
6.500000000000000000e+01 7.056000000000000050e-01
1.000000000000000000e+01 7.056999999999999940e-01
0.000000000000000000e+00 7.057999999999999829e-01
0.000000000000000000e+00 7.058999999999999719e-01
4.000000000000000000e+00 7.059999999999999609e-01
0.000000000000000000e+00 7.060999999999999499e-01
3.000000000000000000e+00 7.062000000000000499e-01
0.000000000000000000e+00 7.063000000000000389e-01
0.000000000000000000e+00 7.064000000000000279e-01
0.000000000000000000e+00 7.065000000000000169e-01
0.000000000000000000e+00 7.066000000000000059e-01
7.712000000000000000e+03 7.066999999999999948e-01
2.176600000000000000e+04 7.063000000000000389e-01
4.600000000000000000e+01 7.037999999999999812e-01
2.100000000000000000e+01 7.035000000000000142e-01
0.000000000000000000e+00 7.036000000000000032e-01
1.000000000000000000e+00 7.036999999999999922e-01
5.800000000000000000e+01 7.036999999999999922e-01
1.000000000000000000e+00 7.036999999999999922e-01
0.000000000000000000e+00 7.037999999999999812e-01
4.000000000000000000e+00 7.038999999999999702e-01
0.000000000000000000e+00 7.039999999999999591e-01
1.134000000000000000e+03 7.040999999999999481e-01
7.000000000000000000e+00 7.042000000000000481e-01
5.900000000000000000e+01 7.043000000000000371e-01
0.000000000000000000e+00 7.044000000000000261e-01
0.000000000000000000e+00 7.045000000000000151e-01
2.000000000000000000e+00 7.046000000000000041e-01
9.000000000000000000e+00 7.046999999999999931e-01
0.000000000000000000e+00 7.047999999999999821e-01
1.000000000000000000e+00 7.048999999999999710e-01
0.000000000000000000e+00 7.049999999999999600e-01
2.000000000000000000e+00 7.050999999999999490e-01
5.200000000000000000e+01 7.052000000000000490e-01
1.730000000000000000e+02 7.053000000000000380e-01
9.000000000000000000e+00 7.054000000000000270e-01
6.700000000000000000e+01 7.055000000000000160e-01
2.039900000000000000e+04 7.055000000000000160e-01
2.000000000000000000e+00 7.042000000000000481e-01
1.000000000000000000e+00 7.043000000000000371e-01
0.000000000000000000e+00 7.043000000000000371e-01
8.000000000000000000e+00 7.044000000000000261e-01
5.700000000000000000e+01 7.045000000000000151e-01
1.140000000000000000e+02 7.046000000000000041e-01
1.000000000000000000e+00 7.046999999999999931e-01
2.000000000000000000e+01 7.047999999999999821e-01
0.000000000000000000e+00 7.048999999999999710e-01
8.120000000000000000e+02 7.049999999999999600e-01
4.000000000000000000e+00 7.050999999999999490e-01
0.000000000000000000e+00 7.052000000000000490e-01
0.000000000000000000e+00 7.053000000000000380e-01
3.190000000000000000e+02 7.054000000000000270e-01
0.000000000000000000e+00 7.055000000000000160e-01
3.000000000000000000e+00 7.056000000000000050e-01
1.428000000000000000e+03 7.056999999999999940e-01
8.858000000000000000e+03 7.046999999999999931e-01
0.000000000000000000e+00 7.035000000000000142e-01
1.210000000000000000e+02 7.036000000000000032e-01
0.000000000000000000e+00 7.036999999999999922e-01
0.000000000000000000e+00 7.037999999999999812e-01
0.000000000000000000e+00 7.038999999999999702e-01
2.000000000000000000e+00 7.039999999999999591e-01
0.000000000000000000e+00 7.040999999999999481e-01
4.000000000000000000e+00 7.042000000000000481e-01
0.000000000000000000e+00 7.043000000000000371e-01
1.550000000000000000e+02 7.044000000000000261e-01
0.000000000000000000e+00 7.045000000000000151e-01
1.000000000000000000e+01 7.046000000000000041e-01
1.900000000000000000e+01 7.046999999999999931e-01
0.000000000000000000e+00 7.047999999999999821e-01
0.000000000000000000e+00 7.048999999999999710e-01
1.630000000000000000e+02 7.049999999999999600e-01
5.100000000000000000e+02 7.050999999999999490e-01
1.470000000000000000e+02 7.052000000000000490e-01
0.000000000000000000e+00 7.053000000000000380e-01
0.000000000000000000e+00 7.054000000000000270e-01
6.000000000000000000e+00 7.055000000000000160e-01
2.000000000000000000e+00 7.055000000000000160e-01
0.000000000000000000e+00 7.056000000000000050e-01
0.000000000000000000e+00 7.056999999999999940e-01
2.444200000000000000e+04 7.057999999999999829e-01
0.000000000000000000e+00 7.030999999999999472e-01
5.800000000000000000e+01 7.032000000000000473e-01
1.100000000000000000e+02 7.033000000000000362e-01
3.000000000000000000e+00 7.034000000000000252e-01
6.480000000000000000e+02 7.035000000000000142e-01
1.300000000000000000e+01 7.022000000000000464e-01
8.000000000000000000e+00 7.023000000000000353e-01
3.000000000000000000e+00 7.024000000000000243e-01
0.000000000000000000e+00 7.025000000000000133e-01
0.000000000000000000e+00 7.026000000000000023e-01
0.000000000000000000e+00 7.026999999999999913e-01
1.600000000000000000e+02 7.027999999999999803e-01
0.000000000000000000e+00 7.028999999999999693e-01
2.000000000000000000e+00 7.029999999999999583e-01
0.000000000000000000e+00 7.030999999999999472e-01
0.000000000000000000e+00 7.032000000000000473e-01
4.900000000000000000e+01 7.033000000000000362e-01
0.000000000000000000e+00 7.034000000000000252e-01
1.200000000000000000e+01 7.035000000000000142e-01
0.000000000000000000e+00 7.036000000000000032e-01
7.000000000000000000e+00 7.036999999999999922e-01
1.400000000000000000e+01 7.037999999999999812e-01
0.000000000000000000e+00 7.038999999999999702e-01
0.000000000000000000e+00 7.039999999999999591e-01
0.000000000000000000e+00 7.040999999999999481e-01
1.636000000000000000e+03 7.042000000000000481e-01
0.000000000000000000e+00 7.043000000000000371e-01
5.300000000000000000e+01 7.044000000000000261e-01
2.020000000000000000e+02 7.042000000000000481e-01
3.000000000000000000e+00 7.043000000000000371e-01
0.000000000000000000e+00 7.044000000000000261e-01
5.790000000000000000e+02 7.045000000000000151e-01
2.000000000000000000e+00 7.046000000000000041e-01
2.470000000000000000e+02 7.046999999999999931e-01
0.000000000000000000e+00 7.047999999999999821e-01
0.000000000000000000e+00 7.048999999999999710e-01
6.590000000000000000e+02 7.049999999999999600e-01
3.600000000000000000e+01 7.050999999999999490e-01
2.000000000000000000e+00 7.052000000000000490e-01
0.000000000000000000e+00 7.053000000000000380e-01
5.000000000000000000e+00 7.054000000000000270e-01
0.000000000000000000e+00 7.055000000000000160e-01
3.170000000000000000e+02 7.056000000000000050e-01
1.700000000000000000e+01 7.056999999999999940e-01
0.000000000000000000e+00 7.057999999999999829e-01
1.600000000000000000e+01 7.058999999999999719e-01
8.000000000000000000e+00 7.059999999999999609e-01
1.000000000000000000e+00 7.059999999999999609e-01
1.000000000000000000e+01 7.060999999999999499e-01
9.150000000000000000e+02 7.062000000000000499e-01
0.000000000000000000e+00 7.053000000000000380e-01
1.260000000000000000e+02 7.054000000000000270e-01
1.500000000000000000e+01 7.050999999999999490e-01
4.676000000000000000e+03 7.048999999999999710e-01
1.273900000000000000e+04 7.049999999999999600e-01
1.840000000000000000e+02 7.043000000000000371e-01
2.000000000000000000e+00 7.044000000000000261e-01
1.200000000000000000e+01 7.044000000000000261e-01
2.500000000000000000e+01 7.045000000000000151e-01
0.000000000000000000e+00 7.046000000000000041e-01
2.000000000000000000e+00 7.046999999999999931e-01
2.100000000000000000e+01 7.047999999999999821e-01
0.000000000000000000e+00 7.048999999999999710e-01
5.100000000000000000e+01 7.049999999999999600e-01
7.000000000000000000e+00 7.048999999999999710e-01
3.500000000000000000e+01 7.049999999999999600e-01
5.240000000000000000e+02 7.050999999999999490e-01
1.300000000000000000e+01 7.052000000000000490e-01
5.740000000000000000e+02 7.053000000000000380e-01
2.000000000000000000e+00 7.046000000000000041e-01
0.000000000000000000e+00 7.046999999999999931e-01
1.000000000000000000e+01 7.047999999999999821e-01
1.900000000000000000e+01 7.048999999999999710e-01
1.040000000000000000e+02 7.049999999999999600e-01
6.320000000000000000e+02 7.047999999999999821e-01
1.297000000000000000e+03 7.048999999999999710e-01
1.500000000000000000e+01 7.049999999999999600e-01
7.000000000000000000e+00 7.050999999999999490e-01
4.250000000000000000e+02 7.052000000000000490e-01
5.000000000000000000e+00 7.053000000000000380e-01
1.900000000000000000e+01 7.053000000000000380e-01
8.000000000000000000e+00 7.054000000000000270e-01
1.040000000000000000e+02 7.055000000000000160e-01
1.000000000000000000e+00 7.056000000000000050e-01
4.300000000000000000e+01 7.056999999999999940e-01
0.000000000000000000e+00 7.057999999999999829e-01
2.337700000000000000e+04 7.058999999999999719e-01
2.700000000000000000e+02 7.025000000000000133e-01
4.880000000000000000e+02 7.026000000000000023e-01
1.400000000000000000e+01 7.026999999999999913e-01
2.000000000000000000e+00 7.027999999999999803e-01
2.000000000000000000e+00 7.028999999999999693e-01
1.800000000000000000e+01 7.029999999999999583e-01
0.000000000000000000e+00 7.030999999999999472e-01
0.000000000000000000e+00 7.032000000000000473e-01
0.000000000000000000e+00 7.033000000000000362e-01
0.000000000000000000e+00 7.034000000000000252e-01
3.500000000000000000e+02 7.035000000000000142e-01
0.000000000000000000e+00 7.036000000000000032e-01
0.000000000000000000e+00 7.036999999999999922e-01
0.000000000000000000e+00 7.037999999999999812e-01
3.660000000000000000e+02 7.038999999999999702e-01
6.550000000000000000e+02 7.039999999999999591e-01
2.000000000000000000e+00 7.040999999999999481e-01
0.000000000000000000e+00 7.042000000000000481e-01
5.000000000000000000e+00 7.043000000000000371e-01
9.000000000000000000e+00 7.044000000000000261e-01
7.000000000000000000e+00 7.045000000000000151e-01
6.000000000000000000e+01 7.046000000000000041e-01
1.000000000000000000e+01 7.046999999999999931e-01
3.893000000000000000e+03 7.047999999999999821e-01
0.000000000000000000e+00 7.048999999999999710e-01
0.000000000000000000e+00 7.049999999999999600e-01
0.000000000000000000e+00 7.050999999999999490e-01
0.000000000000000000e+00 7.052000000000000490e-01
6.129000000000000000e+03 7.053000000000000380e-01
0.000000000000000000e+00 7.054000000000000270e-01
0.000000000000000000e+00 7.055000000000000160e-01
4.500000000000000000e+01 7.056000000000000050e-01
1.100000000000000000e+01 7.056999999999999940e-01
2.000000000000000000e+00 7.056999999999999940e-01
0.000000000000000000e+00 7.057999999999999829e-01
2.000000000000000000e+01 7.058999999999999719e-01
3.000000000000000000e+00 7.059999999999999609e-01
0.000000000000000000e+00 7.060999999999999499e-01
3.596000000000000000e+03 7.062000000000000499e-01
6.900000000000000000e+01 7.058999999999999719e-01
1.200000000000000000e+01 7.059999999999999609e-01
2.000000000000000000e+01 7.060999999999999499e-01
0.000000000000000000e+00 7.062000000000000499e-01
2.000000000000000000e+00 7.063000000000000389e-01
4.300000000000000000e+01 7.064000000000000279e-01
1.200000000000000000e+01 7.065000000000000169e-01
2.000000000000000000e+00 7.066000000000000059e-01
7.620000000000000000e+02 7.066999999999999948e-01
2.000000000000000000e+01 7.066000000000000059e-01
1.900000000000000000e+01 7.066999999999999948e-01
2.000000000000000000e+00 7.067999999999999838e-01
5.000000000000000000e+01 7.068999999999999728e-01
6.700000000000000000e+01 7.068999999999999728e-01
0.000000000000000000e+00 7.069999999999999618e-01
6.100000000000000000e+01 7.070999999999999508e-01
5.000000000000000000e+00 7.072000000000000508e-01
6.000000000000000000e+00 7.073000000000000398e-01
8.050000000000000000e+02 7.074000000000000288e-01
0.000000000000000000e+00 7.075000000000000178e-01
0.000000000000000000e+00 7.076000000000000068e-01
0.000000000000000000e+00 7.076999999999999957e-01
1.000000000000000000e+00 7.077999999999999847e-01
3.000000000000000000e+00 7.078999999999999737e-01
0.000000000000000000e+00 7.079999999999999627e-01
5.000000000000000000e+00 7.080999999999999517e-01
8.000000000000000000e+00 7.082000000000000517e-01
3.000000000000000000e+00 7.083000000000000407e-01
1.324600000000000000e+04 7.084000000000000297e-01
6.000000000000000000e+00 7.062000000000000499e-01
1.000000000000000000e+00 7.063000000000000389e-01
0.000000000000000000e+00 7.064000000000000279e-01
8.800000000000000000e+01 7.065000000000000169e-01
8.630000000000000000e+02 7.066000000000000059e-01
1.800000000000000000e+02 7.062000000000000499e-01
0.000000000000000000e+00 7.060999999999999499e-01
0.000000000000000000e+00 7.062000000000000499e-01
1.106000000000000000e+03 7.063000000000000389e-01
9.400000000000000000e+01 7.064000000000000279e-01
0.000000000000000000e+00 7.065000000000000169e-01
2.000000000000000000e+00 7.066000000000000059e-01
3.000000000000000000e+00 7.066999999999999948e-01
9.000000000000000000e+00 7.067999999999999838e-01
0.000000000000000000e+00 7.068999999999999728e-01
0.000000000000000000e+00 7.069999999999999618e-01
0.000000000000000000e+00 7.070999999999999508e-01
2.000000000000000000e+00 7.072000000000000508e-01
1.900000000000000000e+01 7.073000000000000398e-01
4.520000000000000000e+02 7.074000000000000288e-01
3.000000000000000000e+00 7.072000000000000508e-01
2.290000000000000000e+02 7.069999999999999618e-01
0.000000000000000000e+00 7.070999999999999508e-01
0.000000000000000000e+00 7.072000000000000508e-01
8.000000000000000000e+00 7.073000000000000398e-01
1.000000000000000000e+00 7.068999999999999728e-01
0.000000000000000000e+00 7.069999999999999618e-01
2.000000000000000000e+01 7.070999999999999508e-01
1.300000000000000000e+01 7.072000000000000508e-01
0.000000000000000000e+00 7.073000000000000398e-01
0.000000000000000000e+00 7.074000000000000288e-01
1.000000000000000000e+01 7.075000000000000178e-01
1.420000000000000000e+02 7.076000000000000068e-01
1.570000000000000000e+02 7.076999999999999957e-01
3.000000000000000000e+00 7.076999999999999957e-01
2.700000000000000000e+01 7.077999999999999847e-01
4.370000000000000000e+02 7.078999999999999737e-01
0.000000000000000000e+00 7.070999999999999508e-01
3.800000000000000000e+01 7.072000000000000508e-01
0.000000000000000000e+00 7.073000000000000398e-01
5.000000000000000000e+00 7.074000000000000288e-01
5.000000000000000000e+00 7.075000000000000178e-01
1.000000000000000000e+00 7.076000000000000068e-01
8.460000000000000000e+02 7.076999999999999957e-01
4.000000000000000000e+00 7.072000000000000508e-01
1.400000000000000000e+02 7.072000000000000508e-01
6.000000000000000000e+00 7.073000000000000398e-01
7.020000000000000000e+02 7.074000000000000288e-01
1.300000000000000000e+01 7.074000000000000288e-01
2.300000000000000000e+01 7.073000000000000398e-01
6.000000000000000000e+00 7.074000000000000288e-01
0.000000000000000000e+00 7.075000000000000178e-01
6.300000000000000000e+01 7.076000000000000068e-01
3.000000000000000000e+00 7.074000000000000288e-01
4.900000000000000000e+01 7.075000000000000178e-01
3.000000000000000000e+00 7.076000000000000068e-01
1.259000000000000000e+03 7.076999999999999957e-01
0.000000000000000000e+00 7.074000000000000288e-01
2.000000000000000000e+01 7.075000000000000178e-01
1.250000000000000000e+03 7.076000000000000068e-01
7.400000000000000000e+01 7.069999999999999618e-01
2.340000000000000000e+02 7.070999999999999508e-01
2.800000000000000000e+01 7.072000000000000508e-01
2.010000000000000000e+02 7.073000000000000398e-01
3.393000000000000000e+03 7.074000000000000288e-01
4.100000000000000000e+01 7.070999999999999508e-01
2.170000000000000000e+02 7.072000000000000508e-01
0.000000000000000000e+00 7.073000000000000398e-01
0.000000000000000000e+00 7.074000000000000288e-01
0.000000000000000000e+00 7.075000000000000178e-01
9.000000000000000000e+00 7.076000000000000068e-01
3.565000000000000000e+03 7.076999999999999957e-01
0.000000000000000000e+00 7.074000000000000288e-01
6.000000000000000000e+00 7.075000000000000178e-01
4.614100000000000000e+04 7.076000000000000068e-01
5.880000000000000000e+02 7.042000000000000481e-01
2.700000000000000000e+01 7.043000000000000371e-01
1.000000000000000000e+00 7.044000000000000261e-01
6.930000000000000000e+02 7.045000000000000151e-01
1.700000000000000000e+01 7.046000000000000041e-01
1.378000000000000000e+03 7.046999999999999931e-01
0.000000000000000000e+00 7.047999999999999821e-01
0.000000000000000000e+00 7.048999999999999710e-01
0.000000000000000000e+00 7.049999999999999600e-01
1.870000000000000000e+02 7.050999999999999490e-01
0.000000000000000000e+00 7.052000000000000490e-01
2.000000000000000000e+00 7.053000000000000380e-01
1.738000000000000000e+03 7.054000000000000270e-01
1.180000000000000000e+02 7.055000000000000160e-01
6.920000000000000000e+02 7.056000000000000050e-01
2.086000000000000000e+03 7.053000000000000380e-01
3.400000000000000000e+01 7.053000000000000380e-01
0.000000000000000000e+00 7.053000000000000380e-01
4.000000000000000000e+00 7.054000000000000270e-01
2.800000000000000000e+01 7.055000000000000160e-01
0.000000000000000000e+00 7.056000000000000050e-01
0.000000000000000000e+00 7.056999999999999940e-01
0.000000000000000000e+00 7.057999999999999829e-01
2.910000000000000000e+02 7.058999999999999719e-01
3.900000000000000000e+01 7.056000000000000050e-01
5.900000000000000000e+01 7.056999999999999940e-01
0.000000000000000000e+00 7.057999999999999829e-01
5.000000000000000000e+00 7.058999999999999719e-01
0.000000000000000000e+00 7.059999999999999609e-01
1.260000000000000000e+03 7.060999999999999499e-01
0.000000000000000000e+00 7.062000000000000499e-01
3.000000000000000000e+00 7.063000000000000389e-01
4.000000000000000000e+00 7.064000000000000279e-01
0.000000000000000000e+00 7.065000000000000169e-01
1.600000000000000000e+01 7.066000000000000059e-01
0.000000000000000000e+00 7.066999999999999948e-01
8.300000000000000000e+01 7.067999999999999838e-01
0.000000000000000000e+00 7.068999999999999728e-01
1.000000000000000000e+00 7.069999999999999618e-01
1.300000000000000000e+01 7.070999999999999508e-01
1.617000000000000000e+03 7.072000000000000508e-01
6.000000000000000000e+00 7.068999999999999728e-01
1.700000000000000000e+01 7.069999999999999618e-01
0.000000000000000000e+00 7.070999999999999508e-01
3.890000000000000000e+02 7.072000000000000508e-01
0.000000000000000000e+00 7.073000000000000398e-01
2.626000000000000000e+03 7.074000000000000288e-01
0.000000000000000000e+00 7.075000000000000178e-01
0.000000000000000000e+00 7.076000000000000068e-01
2.000000000000000000e+00 7.076999999999999957e-01
0.000000000000000000e+00 7.077999999999999847e-01
2.300000000000000000e+01 7.078999999999999737e-01
5.108000000000000000e+03 7.079999999999999627e-01
9.000000000000000000e+00 7.073000000000000398e-01
2.000000000000000000e+00 7.074000000000000288e-01
1.000000000000000000e+01 7.075000000000000178e-01
0.000000000000000000e+00 7.076000000000000068e-01
2.500000000000000000e+01 7.076999999999999957e-01
1.820000000000000000e+02 7.077999999999999847e-01
1.000000000000000000e+01 7.078999999999999737e-01
1.740000000000000000e+02 7.079999999999999627e-01
7.600000000000000000e+01 7.080999999999999517e-01
7.600000000000000000e+02 7.082000000000000517e-01
2.000000000000000000e+00 7.083000000000000407e-01
0.000000000000000000e+00 7.082000000000000517e-01
3.000000000000000000e+00 7.083000000000000407e-01
3.000000000000000000e+00 7.084000000000000297e-01
0.000000000000000000e+00 7.085000000000000187e-01
1.690000000000000000e+02 7.086000000000000076e-01
1.000000000000000000e+00 7.086999999999999966e-01
0.000000000000000000e+00 7.086999999999999966e-01
1.605400000000000000e+04 7.087999999999999856e-01
3.400000000000000000e+01 7.085000000000000187e-01
9.800000000000000000e+01 7.086000000000000076e-01
1.000000000000000000e+00 7.086999999999999966e-01
1.000000000000000000e+00 7.087999999999999856e-01
1.100000000000000000e+01 7.088999999999999746e-01
1.000000000000000000e+00 7.089999999999999636e-01
0.000000000000000000e+00 7.088999999999999746e-01
0.000000000000000000e+00 7.089999999999999636e-01
2.000000000000000000e+00 7.090999999999999526e-01
2.500000000000000000e+01 7.092000000000000526e-01
0.000000000000000000e+00 7.093000000000000416e-01
0.000000000000000000e+00 7.094000000000000306e-01
0.000000000000000000e+00 7.095000000000000195e-01
1.000000000000000000e+00 7.096000000000000085e-01
1.400000000000000000e+01 7.096999999999999975e-01
9.000000000000000000e+00 7.096000000000000085e-01
7.000000000000000000e+00 7.096999999999999975e-01
2.510000000000000000e+02 7.097999999999999865e-01
1.400000000000000000e+01 7.098999999999999755e-01
0.000000000000000000e+00 7.099999999999999645e-01
4.290000000000000000e+02 7.100999999999999535e-01
7.000000000000000000e+00 7.099999999999999645e-01
0.000000000000000000e+00 7.099999999999999645e-01
9.000000000000000000e+00 7.100999999999999535e-01
2.000000000000000000e+00 7.102000000000000535e-01
3.900000000000000000e+01 7.100999999999999535e-01
2.530000000000000000e+02 7.099999999999999645e-01
1.800000000000000000e+01 7.100999999999999535e-01
1.600000000000000000e+01 7.102000000000000535e-01
2.310000000000000000e+02 7.103000000000000425e-01
4.750000000000000000e+02 7.104000000000000314e-01
2.200000000000000000e+01 7.099999999999999645e-01
1.550000000000000000e+02 7.099999999999999645e-01
6.570000000000000000e+02 7.100999999999999535e-01
4.900000000000000000e+01 7.102000000000000535e-01
7.000000000000000000e+00 7.103000000000000425e-01
0.000000000000000000e+00 7.104000000000000314e-01
0.000000000000000000e+00 7.105000000000000204e-01
0.000000000000000000e+00 7.106000000000000094e-01
1.000000000000000000e+00 7.106999999999999984e-01
4.000000000000000000e+00 7.107999999999999874e-01
6.575000000000000000e+04 7.108999999999999764e-01
1.300000000000000000e+02 7.044000000000000261e-01
0.000000000000000000e+00 7.045000000000000151e-01
3.200000000000000000e+02 7.046000000000000041e-01
0.000000000000000000e+00 7.043000000000000371e-01
1.098100000000000000e+04 7.044000000000000261e-01
0.000000000000000000e+00 7.045000000000000151e-01
1.000000000000000000e+00 7.046000000000000041e-01
0.000000000000000000e+00 7.046999999999999931e-01
4.250000000000000000e+02 7.047999999999999821e-01
1.600000000000000000e+01 7.046999999999999931e-01
0.000000000000000000e+00 7.047999999999999821e-01
4.000000000000000000e+00 7.048999999999999710e-01
0.000000000000000000e+00 7.049999999999999600e-01
2.000000000000000000e+00 7.050999999999999490e-01
0.000000000000000000e+00 7.052000000000000490e-01
6.000000000000000000e+01 7.053000000000000380e-01
2.900000000000000000e+01 7.054000000000000270e-01
1.000000000000000000e+00 7.055000000000000160e-01
7.700000000000000000e+01 7.056000000000000050e-01
1.000000000000000000e+01 7.056999999999999940e-01
0.000000000000000000e+00 7.057999999999999829e-01
8.100000000000000000e+01 7.058999999999999719e-01
1.840000000000000000e+02 7.059999999999999609e-01
0.000000000000000000e+00 7.059999999999999609e-01
1.700000000000000000e+01 7.060999999999999499e-01
1.000000000000000000e+00 7.062000000000000499e-01
1.800000000000000000e+01 7.063000000000000389e-01
2.000000000000000000e+00 7.064000000000000279e-01
2.000000000000000000e+00 7.064000000000000279e-01
1.000000000000000000e+01 7.065000000000000169e-01
4.000000000000000000e+01 7.066000000000000059e-01
0.000000000000000000e+00 7.066999999999999948e-01
3.643000000000000000e+03 7.067999999999999838e-01
2.880000000000000000e+02 7.049999999999999600e-01
1.000000000000000000e+00 7.047999999999999821e-01
0.000000000000000000e+00 7.047999999999999821e-01
0.000000000000000000e+00 7.048999999999999710e-01
3.000000000000000000e+00 7.049999999999999600e-01
6.000000000000000000e+00 7.050999999999999490e-01
3.256000000000000000e+03 7.052000000000000490e-01
0.000000000000000000e+00 7.039999999999999591e-01
4.000000000000000000e+00 7.040999999999999481e-01
2.000000000000000000e+00 7.042000000000000481e-01
0.000000000000000000e+00 7.043000000000000371e-01
0.000000000000000000e+00 7.044000000000000261e-01
7.000000000000000000e+00 7.045000000000000151e-01
1.000000000000000000e+00 7.046000000000000041e-01
3.250000000000000000e+02 7.046999999999999931e-01
0.000000000000000000e+00 7.040999999999999481e-01
4.000000000000000000e+00 7.042000000000000481e-01
3.000000000000000000e+00 7.043000000000000371e-01
1.300000000000000000e+01 7.043000000000000371e-01
5.000000000000000000e+00 7.043000000000000371e-01
1.036000000000000000e+03 7.044000000000000261e-01
0.000000000000000000e+00 7.045000000000000151e-01
5.691700000000000000e+04 7.046000000000000041e-01
3.000000000000000000e+00 6.995000000000000107e-01
3.000000000000000000e+00 6.995999999999999996e-01
1.536000000000000000e+03 6.996999999999999886e-01
6.000000000000000000e+00 6.991000000000000547e-01
1.000000000000000000e+00 6.992000000000000437e-01
4.000000000000000000e+00 6.993000000000000327e-01
0.000000000000000000e+00 6.994000000000000217e-01
2.000000000000000000e+00 6.995000000000000107e-01
0.000000000000000000e+00 6.995999999999999996e-01
9.000000000000000000e+00 6.996999999999999886e-01
1.100000000000000000e+01 6.997999999999999776e-01
0.000000000000000000e+00 6.997999999999999776e-01
1.450000000000000000e+02 6.998999999999999666e-01
1.700000000000000000e+01 6.999999999999999556e-01
1.100000000000000000e+01 7.000999999999999446e-01
4.300000000000000000e+01 7.002000000000000446e-01
0.000000000000000000e+00 7.003000000000000336e-01
0.000000000000000000e+00 7.004000000000000226e-01
0.000000000000000000e+00 7.005000000000000115e-01
2.000000000000000000e+00 7.006000000000000005e-01
2.420000000000000000e+02 7.006999999999999895e-01
1.350000000000000000e+02 7.007999999999999785e-01
6.070000000000000000e+02 7.008999999999999675e-01
4.000000000000000000e+00 7.009999999999999565e-01
2.000000000000000000e+00 7.010999999999999455e-01
4.000000000000000000e+00 7.012000000000000455e-01
2.370000000000000000e+02 7.013000000000000345e-01
1.000000000000000000e+00 7.014000000000000234e-01
2.000000000000000000e+00 7.015000000000000124e-01
3.400000000000000000e+01 7.016000000000000014e-01
1.926000000000000000e+03 7.016999999999999904e-01
5.180000000000000000e+02 7.017999999999999794e-01
3.073000000000000000e+03 7.018999999999999684e-01
2.305000000000000000e+03 7.019999999999999574e-01
1.400000000000000000e+01 7.020999999999999464e-01
5.000000000000000000e+00 7.022000000000000464e-01
0.000000000000000000e+00 7.023000000000000353e-01
0.000000000000000000e+00 7.024000000000000243e-01
3.000000000000000000e+00 7.025000000000000133e-01
6.000000000000000000e+00 7.024000000000000243e-01
4.000000000000000000e+00 7.025000000000000133e-01
0.000000000000000000e+00 7.025000000000000133e-01
0.000000000000000000e+00 7.026000000000000023e-01
4.814000000000000000e+03 7.026999999999999913e-01
0.000000000000000000e+00 7.025000000000000133e-01
1.000000000000000000e+00 7.026000000000000023e-01
3.530000000000000000e+02 7.026999999999999913e-01
4.380000000000000000e+02 7.026999999999999913e-01
4.400000000000000000e+01 7.027999999999999803e-01
2.370000000000000000e+02 7.028999999999999693e-01
7.000000000000000000e+00 7.029999999999999583e-01
2.000000000000000000e+00 7.030999999999999472e-01
0.000000000000000000e+00 7.032000000000000473e-01
2.000000000000000000e+00 7.033000000000000362e-01
3.000000000000000000e+00 7.034000000000000252e-01
5.000000000000000000e+00 7.035000000000000142e-01
1.660000000000000000e+02 7.035000000000000142e-01
6.000000000000000000e+00 7.028999999999999693e-01
0.000000000000000000e+00 7.029999999999999583e-01
0.000000000000000000e+00 7.030999999999999472e-01
6.100000000000000000e+01 7.032000000000000473e-01
1.200000000000000000e+01 7.030999999999999472e-01
3.000000000000000000e+00 7.032000000000000473e-01
9.190000000000000000e+02 7.033000000000000362e-01
4.000000000000000000e+00 7.034000000000000252e-01
9.300000000000000000e+01 7.035000000000000142e-01
1.180000000000000000e+02 7.036000000000000032e-01
4.700000000000000000e+01 7.036999999999999922e-01
0.000000000000000000e+00 7.037999999999999812e-01
1.000000000000000000e+00 7.038999999999999702e-01
0.000000000000000000e+00 7.039999999999999591e-01
5.000000000000000000e+00 7.040999999999999481e-01
0.000000000000000000e+00 7.042000000000000481e-01
6.000000000000000000e+00 7.043000000000000371e-01
3.600000000000000000e+01 7.044000000000000261e-01
0.000000000000000000e+00 7.045000000000000151e-01
0.000000000000000000e+00 7.046000000000000041e-01
0.000000000000000000e+00 7.046999999999999931e-01
5.000000000000000000e+00 7.047999999999999821e-01
0.000000000000000000e+00 7.048999999999999710e-01
1.000000000000000000e+00 7.049999999999999600e-01
4.000000000000000000e+00 7.050999999999999490e-01
0.000000000000000000e+00 7.052000000000000490e-01
0.000000000000000000e+00 7.053000000000000380e-01
3.000000000000000000e+00 7.054000000000000270e-01
5.700000000000000000e+01 7.055000000000000160e-01
1.016800000000000000e+04 7.056000000000000050e-01
9.700000000000000000e+01 7.056999999999999940e-01
0.000000000000000000e+00 7.057999999999999829e-01
2.000000000000000000e+00 7.058999999999999719e-01
2.000000000000000000e+00 7.059999999999999609e-01
8.000000000000000000e+00 7.060999999999999499e-01
1.500000000000000000e+01 7.062000000000000499e-01
0.000000000000000000e+00 7.063000000000000389e-01
0.000000000000000000e+00 7.064000000000000279e-01
0.000000000000000000e+00 7.065000000000000169e-01
2.549000000000000000e+03 7.066000000000000059e-01
0.000000000000000000e+00 7.052000000000000490e-01
0.000000000000000000e+00 7.053000000000000380e-01
0.000000000000000000e+00 7.054000000000000270e-01
3.120000000000000000e+02 7.055000000000000160e-01
2.000000000000000000e+00 7.056000000000000050e-01
0.000000000000000000e+00 7.056999999999999940e-01
4.163600000000000000e+04 7.057999999999999829e-01
4.000000000000000000e+00 7.007999999999999785e-01
1.240000000000000000e+02 7.008999999999999675e-01
0.000000000000000000e+00 7.009999999999999565e-01
2.620000000000000000e+02 7.010999999999999455e-01
0.000000000000000000e+00 7.012000000000000455e-01
0.000000000000000000e+00 7.013000000000000345e-01
9.000000000000000000e+00 7.014000000000000234e-01
0.000000000000000000e+00 7.013000000000000345e-01
1.700000000000000000e+01 7.014000000000000234e-01
0.000000000000000000e+00 7.013000000000000345e-01
3.700000000000000000e+01 7.014000000000000234e-01
4.300000000000000000e+01 7.015000000000000124e-01
4.600000000000000000e+01 7.016000000000000014e-01
0.000000000000000000e+00 7.016999999999999904e-01
7.000000000000000000e+00 7.017999999999999794e-01
3.000000000000000000e+00 7.018999999999999684e-01
6.000000000000000000e+01 7.019999999999999574e-01
0.000000000000000000e+00 7.019999999999999574e-01
0.000000000000000000e+00 7.020999999999999464e-01
0.000000000000000000e+00 7.022000000000000464e-01
7.179000000000000000e+03 7.023000000000000353e-01
0.000000000000000000e+00 7.009999999999999565e-01
1.478000000000000000e+03 7.010999999999999455e-01
1.000000000000000000e+00 7.012000000000000455e-01
0.000000000000000000e+00 7.012000000000000455e-01
0.000000000000000000e+00 7.013000000000000345e-01
3.000000000000000000e+00 7.014000000000000234e-01
6.000000000000000000e+00 7.015000000000000124e-01
1.940000000000000000e+02 7.016000000000000014e-01
1.300000000000000000e+01 7.016999999999999904e-01
5.000000000000000000e+00 7.017999999999999794e-01
1.330000000000000000e+02 7.018999999999999684e-01
1.000000000000000000e+00 7.016000000000000014e-01
3.000000000000000000e+00 7.016999999999999904e-01
1.300000000000000000e+01 7.016000000000000014e-01
0.000000000000000000e+00 7.016999999999999904e-01
0.000000000000000000e+00 7.017999999999999794e-01
1.000000000000000000e+00 7.018999999999999684e-01
4.000000000000000000e+00 7.019999999999999574e-01
0.000000000000000000e+00 7.020999999999999464e-01
0.000000000000000000e+00 7.022000000000000464e-01
4.000000000000000000e+00 7.023000000000000353e-01
3.800000000000000000e+01 7.024000000000000243e-01
8.000000000000000000e+00 7.024000000000000243e-01
1.400000000000000000e+01 7.025000000000000133e-01
0.000000000000000000e+00 7.025000000000000133e-01
3.800000000000000000e+01 7.026000000000000023e-01
4.000000000000000000e+00 7.026999999999999913e-01
0.000000000000000000e+00 7.026999999999999913e-01
0.000000000000000000e+00 7.027999999999999803e-01
3.950000000000000000e+02 7.028999999999999693e-01
0.000000000000000000e+00 7.026000000000000023e-01
9.700000000000000000e+01 7.026999999999999913e-01
2.540000000000000000e+02 7.027999999999999803e-01
2.800000000000000000e+01 7.028999999999999693e-01
1.100000000000000000e+01 7.029999999999999583e-01
0.000000000000000000e+00 7.030999999999999472e-01
0.000000000000000000e+00 7.032000000000000473e-01
0.000000000000000000e+00 7.033000000000000362e-01
8.400000000000000000e+01 7.034000000000000252e-01
3.600000000000000000e+02 7.035000000000000142e-01
2.000000000000000000e+00 7.036000000000000032e-01
2.000000000000000000e+02 7.036999999999999922e-01
3.200000000000000000e+01 7.037999999999999812e-01
0.000000000000000000e+00 7.038999999999999702e-01
5.800000000000000000e+01 7.039999999999999591e-01
9.000000000000000000e+00 7.040999999999999481e-01
6.100000000000000000e+01 7.042000000000000481e-01
2.000000000000000000e+00 7.043000000000000371e-01
2.800000000000000000e+01 7.044000000000000261e-01
0.000000000000000000e+00 7.044000000000000261e-01
2.000000000000000000e+00 7.045000000000000151e-01
0.000000000000000000e+00 7.046000000000000041e-01
0.000000000000000000e+00 7.046999999999999931e-01
5.400000000000000000e+01 7.047999999999999821e-01
6.000000000000000000e+00 7.048999999999999710e-01
9.350000000000000000e+02 7.049999999999999600e-01
2.000000000000000000e+00 7.047999999999999821e-01
1.017100000000000000e+04 7.048999999999999710e-01
6.000000000000000000e+00 7.017999999999999794e-01
2.500000000000000000e+01 7.018999999999999684e-01
0.000000000000000000e+00 7.019999999999999574e-01
1.400000000000000000e+01 7.020999999999999464e-01
8.600000000000000000e+01 7.022000000000000464e-01
0.000000000000000000e+00 7.023000000000000353e-01
1.164000000000000000e+03 7.024000000000000243e-01
3.000000000000000000e+00 7.017999999999999794e-01
9.400000000000000000e+01 7.018999999999999684e-01
7.000000000000000000e+00 7.019999999999999574e-01
7.000000000000000000e+00 7.020999999999999464e-01
0.000000000000000000e+00 7.018999999999999684e-01
0.000000000000000000e+00 7.019999999999999574e-01
3.177000000000000000e+03 7.020999999999999464e-01
5.000000000000000000e+01 7.022000000000000464e-01
1.133000000000000000e+03 7.023000000000000353e-01
0.000000000000000000e+00 7.022000000000000464e-01
5.790000000000000000e+02 7.023000000000000353e-01
0.000000000000000000e+00 7.024000000000000243e-01
0.000000000000000000e+00 7.025000000000000133e-01
8.000000000000000000e+00 7.026000000000000023e-01
0.000000000000000000e+00 7.026999999999999913e-01
1.000000000000000000e+00 7.027999999999999803e-01
2.000000000000000000e+00 7.028999999999999693e-01
2.700000000000000000e+01 7.029999999999999583e-01
0.000000000000000000e+00 7.030999999999999472e-01
2.200000000000000000e+01 7.032000000000000473e-01
9.000000000000000000e+00 7.033000000000000362e-01
5.000000000000000000e+00 7.033000000000000362e-01
3.888000000000000000e+03 7.034000000000000252e-01
2.900000000000000000e+01 7.026000000000000023e-01
0.000000000000000000e+00 7.026999999999999913e-01
4.000000000000000000e+00 7.027999999999999803e-01
0.000000000000000000e+00 7.028999999999999693e-01
4.000000000000000000e+00 7.029999999999999583e-01
0.000000000000000000e+00 7.030999999999999472e-01
1.061000000000000000e+03 7.032000000000000473e-01
4.000000000000000000e+00 7.028999999999999693e-01
1.510000000000000000e+02 7.029999999999999583e-01
4.090000000000000000e+02 7.030999999999999472e-01
0.000000000000000000e+00 7.032000000000000473e-01
0.000000000000000000e+00 7.033000000000000362e-01
0.000000000000000000e+00 7.034000000000000252e-01
1.100000000000000000e+01 7.035000000000000142e-01
5.300000000000000000e+01 7.036000000000000032e-01
2.000000000000000000e+00 7.036999999999999922e-01
2.000000000000000000e+00 7.035000000000000142e-01
1.500000000000000000e+01 7.036000000000000032e-01
1.000000000000000000e+01 7.036999999999999922e-01
3.200000000000000000e+01 7.036999999999999922e-01
9.000000000000000000e+00 7.036999999999999922e-01
2.000000000000000000e+00 7.037999999999999812e-01
0.000000000000000000e+00 7.037999999999999812e-01
2.200000000000000000e+01 7.038999999999999702e-01
9.637000000000000000e+03 7.039999999999999591e-01
1.220000000000000000e+02 7.038999999999999702e-01
4.200000000000000000e+01 7.039999999999999591e-01
2.259000000000000000e+03 7.040999999999999481e-01
0.000000000000000000e+00 7.036000000000000032e-01
0.000000000000000000e+00 7.036999999999999922e-01
0.000000000000000000e+00 7.037999999999999812e-01
1.200000000000000000e+01 7.038999999999999702e-01
0.000000000000000000e+00 7.039999999999999591e-01
1.353000000000000000e+03 7.040999999999999481e-01
4.460000000000000000e+02 7.042000000000000481e-01
5.000000000000000000e+01 7.043000000000000371e-01
0.000000000000000000e+00 7.044000000000000261e-01
9.400000000000000000e+01 7.045000000000000151e-01
3.100000000000000000e+01 7.046000000000000041e-01
1.200000000000000000e+01 7.046999999999999931e-01
5.000000000000000000e+00 7.047999999999999821e-01
1.580000000000000000e+02 7.048999999999999710e-01
0.000000000000000000e+00 7.049999999999999600e-01
2.000000000000000000e+00 7.050999999999999490e-01
1.000000000000000000e+00 7.052000000000000490e-01
2.800000000000000000e+01 7.053000000000000380e-01
4.600000000000000000e+01 7.054000000000000270e-01
3.000000000000000000e+00 7.055000000000000160e-01
1.800000000000000000e+01 7.055000000000000160e-01
1.300000000000000000e+01 7.056000000000000050e-01
0.000000000000000000e+00 7.056999999999999940e-01
2.400000000000000000e+01 7.057999999999999829e-01
2.000000000000000000e+00 7.056999999999999940e-01
2.000000000000000000e+00 7.057999999999999829e-01
8.483000000000000000e+03 7.058999999999999719e-01
6.000000000000000000e+00 7.050999999999999490e-01
0.000000000000000000e+00 7.052000000000000490e-01
3.760000000000000000e+02 7.053000000000000380e-01
0.000000000000000000e+00 7.054000000000000270e-01
3.470000000000000000e+02 7.055000000000000160e-01
9.000000000000000000e+00 7.056000000000000050e-01
1.215600000000000000e+04 7.056999999999999940e-01
1.500000000000000000e+01 7.006999999999999895e-01
1.000000000000000000e+01 7.007999999999999785e-01
1.100000000000000000e+02 7.008999999999999675e-01
1.100000000000000000e+01 7.009999999999999565e-01
7.000000000000000000e+00 7.010999999999999455e-01
0.000000000000000000e+00 7.012000000000000455e-01
4.900000000000000000e+01 7.013000000000000345e-01
1.274000000000000000e+03 7.014000000000000234e-01
0.000000000000000000e+00 7.006000000000000005e-01
1.000000000000000000e+00 7.006999999999999895e-01
1.400000000000000000e+01 7.006999999999999895e-01
2.200000000000000000e+02 7.007999999999999785e-01
0.000000000000000000e+00 7.008999999999999675e-01
0.000000000000000000e+00 7.009999999999999565e-01
0.000000000000000000e+00 7.010999999999999455e-01
0.000000000000000000e+00 7.012000000000000455e-01
0.000000000000000000e+00 7.013000000000000345e-01
2.130000000000000000e+02 7.014000000000000234e-01
1.280000000000000000e+02 7.013000000000000345e-01
0.000000000000000000e+00 7.014000000000000234e-01
6.000000000000000000e+01 7.015000000000000124e-01
0.000000000000000000e+00 7.016000000000000014e-01
1.000000000000000000e+00 7.016999999999999904e-01
2.150000000000000000e+02 7.017999999999999794e-01
3.200000000000000000e+02 7.016000000000000014e-01
0.000000000000000000e+00 7.016999999999999904e-01
3.000000000000000000e+00 7.017999999999999794e-01
1.206000000000000000e+04 7.018999999999999684e-01
0.000000000000000000e+00 7.003000000000000336e-01
0.000000000000000000e+00 7.004000000000000226e-01
0.000000000000000000e+00 7.005000000000000115e-01
2.000000000000000000e+00 7.006000000000000005e-01
1.720000000000000000e+02 7.006999999999999895e-01
8.300000000000000000e+01 7.007999999999999785e-01
0.000000000000000000e+00 7.004000000000000226e-01
0.000000000000000000e+00 7.005000000000000115e-01
1.550000000000000000e+02 7.006000000000000005e-01
0.000000000000000000e+00 7.006000000000000005e-01
1.000000000000000000e+01 7.006999999999999895e-01
0.000000000000000000e+00 7.007999999999999785e-01
8.000000000000000000e+00 7.008999999999999675e-01
2.300000000000000000e+01 7.009999999999999565e-01
0.000000000000000000e+00 7.010999999999999455e-01
0.000000000000000000e+00 7.012000000000000455e-01
8.400000000000000000e+03 7.013000000000000345e-01
8.700000000000000000e+01 7.013000000000000345e-01
1.680000000000000000e+02 7.014000000000000234e-01
6.000000000000000000e+00 7.015000000000000124e-01
2.900000000000000000e+01 7.016000000000000014e-01
2.000000000000000000e+00 7.016999999999999904e-01
0.000000000000000000e+00 7.017999999999999794e-01
0.000000000000000000e+00 7.018999999999999684e-01
2.545000000000000000e+03 7.019999999999999574e-01
0.000000000000000000e+00 7.020999999999999464e-01
8.000000000000000000e+00 7.022000000000000464e-01
0.000000000000000000e+00 7.023000000000000353e-01
0.000000000000000000e+00 7.024000000000000243e-01
0.000000000000000000e+00 7.025000000000000133e-01
2.000000000000000000e+00 7.026000000000000023e-01
9.832000000000000000e+03 7.026999999999999913e-01
4.000000000000000000e+01 7.022000000000000464e-01
1.900000000000000000e+01 7.023000000000000353e-01
1.000000000000000000e+00 7.024000000000000243e-01
3.000000000000000000e+00 7.025000000000000133e-01
1.500000000000000000e+01 7.026000000000000023e-01
0.000000000000000000e+00 7.026999999999999913e-01
0.000000000000000000e+00 7.027999999999999803e-01
4.700000000000000000e+01 7.028999999999999693e-01
2.810000000000000000e+02 7.027999999999999803e-01
4.000000000000000000e+00 7.026999999999999913e-01
0.000000000000000000e+00 7.027999999999999803e-01
2.400000000000000000e+01 7.028999999999999693e-01
2.700000000000000000e+01 7.026999999999999913e-01
5.000000000000000000e+00 7.027999999999999803e-01
0.000000000000000000e+00 7.027999999999999803e-01
4.000000000000000000e+01 7.028999999999999693e-01
0.000000000000000000e+00 7.029999999999999583e-01
2.000000000000000000e+00 7.030999999999999472e-01
0.000000000000000000e+00 7.032000000000000473e-01
2.700000000000000000e+01 7.033000000000000362e-01
4.000000000000000000e+00 7.034000000000000252e-01
0.000000000000000000e+00 7.035000000000000142e-01
3.190000000000000000e+02 7.036000000000000032e-01
0.000000000000000000e+00 7.036999999999999922e-01
1.371000000000000000e+03 7.037999999999999812e-01
4.100000000000000000e+01 7.038999999999999702e-01
1.100000000000000000e+02 7.039999999999999591e-01
2.000000000000000000e+00 7.040999999999999481e-01
7.000000000000000000e+00 7.042000000000000481e-01
0.000000000000000000e+00 7.043000000000000371e-01
3.000000000000000000e+00 7.044000000000000261e-01
0.000000000000000000e+00 7.045000000000000151e-01
0.000000000000000000e+00 7.046000000000000041e-01
2.930000000000000000e+02 7.046999999999999931e-01
1.864000000000000000e+03 7.047999999999999821e-01
2.000000000000000000e+00 7.036999999999999922e-01
2.000000000000000000e+00 7.037999999999999812e-01
0.000000000000000000e+00 7.038999999999999702e-01
9.000000000000000000e+00 7.039999999999999591e-01
0.000000000000000000e+00 7.040999999999999481e-01
2.000000000000000000e+00 7.042000000000000481e-01
2.400000000000000000e+01 7.043000000000000371e-01
3.680000000000000000e+02 7.044000000000000261e-01
1.800000000000000000e+01 7.045000000000000151e-01
2.300000000000000000e+01 7.046000000000000041e-01
0.000000000000000000e+00 7.046000000000000041e-01
9.000000000000000000e+00 7.046999999999999931e-01
6.000000000000000000e+00 7.047999999999999821e-01
5.800000000000000000e+01 7.046999999999999931e-01
0.000000000000000000e+00 7.043000000000000371e-01
1.000000000000000000e+00 7.044000000000000261e-01
0.000000000000000000e+00 7.045000000000000151e-01
7.000000000000000000e+00 7.046000000000000041e-01
3.000000000000000000e+00 7.046999999999999931e-01
0.000000000000000000e+00 7.047999999999999821e-01
2.450000000000000000e+02 7.048999999999999710e-01
0.000000000000000000e+00 7.049999999999999600e-01
0.000000000000000000e+00 7.050999999999999490e-01
0.000000000000000000e+00 7.052000000000000490e-01
5.800000000000000000e+01 7.053000000000000380e-01
1.800000000000000000e+01 7.054000000000000270e-01
6.000000000000000000e+00 7.055000000000000160e-01
6.400000000000000000e+01 7.054000000000000270e-01
0.000000000000000000e+00 7.055000000000000160e-01
0.000000000000000000e+00 7.056000000000000050e-01
8.000000000000000000e+00 7.056999999999999940e-01
2.800000000000000000e+01 7.057999999999999829e-01
7.000000000000000000e+00 7.058999999999999719e-01
0.000000000000000000e+00 7.059999999999999609e-01
0.000000000000000000e+00 7.060999999999999499e-01
1.570000000000000000e+02 7.062000000000000499e-01
0.000000000000000000e+00 7.063000000000000389e-01
2.618000000000000000e+03 7.064000000000000279e-01
3.000000000000000000e+00 7.056999999999999940e-01
1.340000000000000000e+02 7.057999999999999829e-01
1.360000000000000000e+02 7.058999999999999719e-01
2.300000000000000000e+01 7.057999999999999829e-01
2.060000000000000000e+02 7.058999999999999719e-01
0.000000000000000000e+00 7.059999999999999609e-01
0.000000000000000000e+00 7.060999999999999499e-01
1.460000000000000000e+02 7.062000000000000499e-01
1.226000000000000000e+03 7.063000000000000389e-01
3.911000000000000000e+03 7.064000000000000279e-01
2.000000000000000000e+00 7.065000000000000169e-01
0.000000000000000000e+00 7.066000000000000059e-01
0.000000000000000000e+00 7.066999999999999948e-01
7.300000000000000000e+01 7.067999999999999838e-01
4.600000000000000000e+01 7.068999999999999728e-01
5.100000000000000000e+01 7.069999999999999618e-01
2.360200000000000000e+04 7.069999999999999618e-01
1.095900000000000000e+04 7.042000000000000481e-01
0.000000000000000000e+00 7.043000000000000371e-01
2.000000000000000000e+01 7.044000000000000261e-01
4.900000000000000000e+02 7.045000000000000151e-01
0.000000000000000000e+00 7.046000000000000041e-01
1.500000000000000000e+01 7.046999999999999931e-01
8.900000000000000000e+01 7.047999999999999821e-01
0.000000000000000000e+00 7.048999999999999710e-01
1.720000000000000000e+03 7.049999999999999600e-01
6.293000000000000000e+03 7.045000000000000151e-01
3.000000000000000000e+00 7.045000000000000151e-01
4.400000000000000000e+01 7.046000000000000041e-01
2.000000000000000000e+00 7.046999999999999931e-01
3.900000000000000000e+01 7.046000000000000041e-01
4.000000000000000000e+00 7.046999999999999931e-01
1.800000000000000000e+01 7.047999999999999821e-01
1.400000000000000000e+01 7.048999999999999710e-01
4.337000000000000000e+03 7.047999999999999821e-01
0.000000000000000000e+00 7.029999999999999583e-01
1.380000000000000000e+02 7.030999999999999472e-01
0.000000000000000000e+00 7.027999999999999803e-01
3.550000000000000000e+02 7.028999999999999693e-01
1.200000000000000000e+01 7.029999999999999583e-01
0.000000000000000000e+00 7.029999999999999583e-01
1.400000000000000000e+01 7.030999999999999472e-01
2.000000000000000000e+00 7.032000000000000473e-01
0.000000000000000000e+00 7.033000000000000362e-01
0.000000000000000000e+00 7.034000000000000252e-01
1.700000000000000000e+01 7.035000000000000142e-01
3.100000000000000000e+01 7.036000000000000032e-01
1.300000000000000000e+01 7.036999999999999922e-01
2.000000000000000000e+00 7.037999999999999812e-01
0.000000000000000000e+00 7.038999999999999702e-01
4.000000000000000000e+00 7.039999999999999591e-01
9.000000000000000000e+00 7.040999999999999481e-01
9.000000000000000000e+01 7.042000000000000481e-01
1.440000000000000000e+02 7.038999999999999702e-01
0.000000000000000000e+00 7.039999999999999591e-01
5.000000000000000000e+00 7.040999999999999481e-01
0.000000000000000000e+00 7.042000000000000481e-01
0.000000000000000000e+00 7.043000000000000371e-01
2.000000000000000000e+00 7.044000000000000261e-01
4.160000000000000000e+04 7.045000000000000151e-01
4.000000000000000000e+00 7.024000000000000243e-01
1.430000000000000000e+02 7.025000000000000133e-01
1.260000000000000000e+02 7.024000000000000243e-01
8.000000000000000000e+00 7.025000000000000133e-01
1.610000000000000000e+02 7.026000000000000023e-01
2.600000000000000000e+01 7.024000000000000243e-01
9.000000000000000000e+00 7.025000000000000133e-01
0.000000000000000000e+00 7.026000000000000023e-01
9.000000000000000000e+00 7.026999999999999913e-01
3.000000000000000000e+00 7.027999999999999803e-01
7.000000000000000000e+00 7.028999999999999693e-01
1.282000000000000000e+03 7.029999999999999583e-01
1.000000000000000000e+00 7.030999999999999472e-01
0.000000000000000000e+00 7.032000000000000473e-01
0.000000000000000000e+00 7.033000000000000362e-01
0.000000000000000000e+00 7.034000000000000252e-01
2.400000000000000000e+01 7.035000000000000142e-01
1.860000000000000000e+02 7.036000000000000032e-01
2.000000000000000000e+00 7.036999999999999922e-01
3.000000000000000000e+00 7.037999999999999812e-01
1.500000000000000000e+01 7.038999999999999702e-01
1.500000000000000000e+01 7.039999999999999591e-01
0.000000000000000000e+00 7.040999999999999481e-01
1.000000000000000000e+00 7.042000000000000481e-01
0.000000000000000000e+00 7.040999999999999481e-01
2.000000000000000000e+00 7.042000000000000481e-01
8.000000000000000000e+00 7.043000000000000371e-01
4.000000000000000000e+00 7.044000000000000261e-01
0.000000000000000000e+00 7.045000000000000151e-01
0.000000000000000000e+00 7.046000000000000041e-01
4.500000000000000000e+01 7.046999999999999931e-01
5.600000000000000000e+01 7.047999999999999821e-01
0.000000000000000000e+00 7.048999999999999710e-01
0.000000000000000000e+00 7.049999999999999600e-01
0.000000000000000000e+00 7.050999999999999490e-01
0.000000000000000000e+00 7.052000000000000490e-01
7.130000000000000000e+03 7.053000000000000380e-01
1.700000000000000000e+01 7.049999999999999600e-01
2.300000000000000000e+01 7.050999999999999490e-01
1.800000000000000000e+01 7.052000000000000490e-01
1.579000000000000000e+03 7.050999999999999490e-01
0.000000000000000000e+00 7.052000000000000490e-01
0.000000000000000000e+00 7.053000000000000380e-01
1.005000000000000000e+03 7.054000000000000270e-01
0.000000000000000000e+00 7.054000000000000270e-01
0.000000000000000000e+00 7.055000000000000160e-01
0.000000000000000000e+00 7.056000000000000050e-01
1.720400000000000000e+04 7.056999999999999940e-01
0.000000000000000000e+00 7.056000000000000050e-01
1.300000000000000000e+01 7.056999999999999940e-01
2.506000000000000000e+03 7.057999999999999829e-01
0.000000000000000000e+00 7.049999999999999600e-01
0.000000000000000000e+00 7.050999999999999490e-01
3.628000000000000000e+03 7.052000000000000490e-01
1.569000000000000000e+03 7.043000000000000371e-01
1.910000000000000000e+02 7.044000000000000261e-01
1.000000000000000000e+00 7.045000000000000151e-01
0.000000000000000000e+00 7.046000000000000041e-01
3.390000000000000000e+02 7.046999999999999931e-01
1.204000000000000000e+03 7.040999999999999481e-01
1.500000000000000000e+01 7.042000000000000481e-01
4.900000000000000000e+01 7.043000000000000371e-01
1.000000000000000000e+00 7.042000000000000481e-01
4.000000000000000000e+00 7.043000000000000371e-01
9.000000000000000000e+00 7.044000000000000261e-01
0.000000000000000000e+00 7.045000000000000151e-01
3.600000000000000000e+02 7.046000000000000041e-01
7.000000000000000000e+00 7.045000000000000151e-01
2.720000000000000000e+02 7.045000000000000151e-01
1.000000000000000000e+00 7.037999999999999812e-01
7.000000000000000000e+00 7.038999999999999702e-01
0.000000000000000000e+00 7.039999999999999591e-01
1.200000000000000000e+01 7.040999999999999481e-01
0.000000000000000000e+00 7.042000000000000481e-01
1.500000000000000000e+01 7.043000000000000371e-01
4.000000000000000000e+00 7.044000000000000261e-01
0.000000000000000000e+00 7.045000000000000151e-01
0.000000000000000000e+00 7.046000000000000041e-01
6.000000000000000000e+00 7.046999999999999931e-01
4.200000000000000000e+01 7.047999999999999821e-01
4.100000000000000000e+01 7.048999999999999710e-01
0.000000000000000000e+00 7.049999999999999600e-01
2.000000000000000000e+00 7.050999999999999490e-01
0.000000000000000000e+00 7.052000000000000490e-01
4.770000000000000000e+02 7.053000000000000380e-01
6.400000000000000000e+01 7.048999999999999710e-01
1.600000000000000000e+01 7.049999999999999600e-01
2.040000000000000000e+02 7.050999999999999490e-01
0.000000000000000000e+00 7.052000000000000490e-01
1.400000000000000000e+01 7.053000000000000380e-01
0.000000000000000000e+00 7.054000000000000270e-01
1.000000000000000000e+00 7.055000000000000160e-01
0.000000000000000000e+00 7.056000000000000050e-01
0.000000000000000000e+00 7.056999999999999940e-01
0.000000000000000000e+00 7.057999999999999829e-01
4.000000000000000000e+00 7.058999999999999719e-01
0.000000000000000000e+00 7.059999999999999609e-01
0.000000000000000000e+00 7.060999999999999499e-01
2.000000000000000000e+00 7.062000000000000499e-01
2.000000000000000000e+00 7.063000000000000389e-01
6.000000000000000000e+00 7.064000000000000279e-01
0.000000000000000000e+00 7.065000000000000169e-01
4.400000000000000000e+01 7.066000000000000059e-01
2.000000000000000000e+00 7.066999999999999948e-01
0.000000000000000000e+00 7.067999999999999838e-01
0.000000000000000000e+00 7.068999999999999728e-01
7.040000000000000000e+02 7.069999999999999618e-01
2.000000000000000000e+00 7.068999999999999728e-01
2.200000000000000000e+01 7.069999999999999618e-01
2.064000000000000000e+03 7.070999999999999508e-01
3.000000000000000000e+00 7.066999999999999948e-01
2.650000000000000000e+02 7.067999999999999838e-01
4.800000000000000000e+01 7.067999999999999838e-01
5.873000000000000000e+03 7.068999999999999728e-01
1.000000000000000000e+01 7.066999999999999948e-01
2.000000000000000000e+00 7.067999999999999838e-01
2.500000000000000000e+01 7.068999999999999728e-01
5.300000000000000000e+01 7.069999999999999618e-01
1.700000000000000000e+01 7.070999999999999508e-01
1.390000000000000000e+03 7.072000000000000508e-01
1.000000000000000000e+01 7.073000000000000398e-01
2.400000000000000000e+01 7.074000000000000288e-01
3.000000000000000000e+00 7.075000000000000178e-01
0.000000000000000000e+00 7.076000000000000068e-01
6.810000000000000000e+02 7.076999999999999957e-01
2.000000000000000000e+00 7.077999999999999847e-01
1.000000000000000000e+00 7.076999999999999957e-01
1.000000000000000000e+00 7.077999999999999847e-01
2.000000000000000000e+00 7.078999999999999737e-01
1.214300000000000000e+04 7.079999999999999627e-01
0.000000000000000000e+00 7.074000000000000288e-01
2.000000000000000000e+00 7.075000000000000178e-01
1.583000000000000000e+03 7.076000000000000068e-01
0.000000000000000000e+00 7.076999999999999957e-01
1.700000000000000000e+01 7.077999999999999847e-01
0.000000000000000000e+00 7.078999999999999737e-01
3.400000000000000000e+01 7.079999999999999627e-01
1.380000000000000000e+02 7.080999999999999517e-01
0.000000000000000000e+00 7.082000000000000517e-01
5.900000000000000000e+01 7.083000000000000407e-01
8.000000000000000000e+00 7.084000000000000297e-01
0.000000000000000000e+00 7.085000000000000187e-01
0.000000000000000000e+00 7.086000000000000076e-01
5.000000000000000000e+00 7.086999999999999966e-01
1.000000000000000000e+00 7.086000000000000076e-01
0.000000000000000000e+00 7.086999999999999966e-01
2.000000000000000000e+00 7.087999999999999856e-01
1.300000000000000000e+01 7.086000000000000076e-01
9.748000000000000000e+03 7.086999999999999966e-01
7.700000000000000000e+01 7.079999999999999627e-01
9.315000000000000000e+03 7.080999999999999517e-01
2.700000000000000000e+01 7.072000000000000508e-01
2.800000000000000000e+01 7.067999999999999838e-01
0.000000000000000000e+00 7.068999999999999728e-01
0.000000000000000000e+00 7.069999999999999618e-01
0.000000000000000000e+00 7.070999999999999508e-01
0.000000000000000000e+00 7.072000000000000508e-01
8.000000000000000000e+00 7.073000000000000398e-01
6.375000000000000000e+03 7.074000000000000288e-01
3.000000000000000000e+00 7.073000000000000398e-01
2.900000000000000000e+01 7.074000000000000288e-01
3.877000000000000000e+03 7.075000000000000178e-01
1.000000000000000000e+01 7.076000000000000068e-01
6.000000000000000000e+00 7.076999999999999957e-01
8.378000000000000000e+03 7.077999999999999847e-01
9.000000000000000000e+00 7.065000000000000169e-01
0.000000000000000000e+00 7.066000000000000059e-01
6.000000000000000000e+00 7.066999999999999948e-01
2.900000000000000000e+01 7.066000000000000059e-01
1.365000000000000000e+03 7.066000000000000059e-01
0.000000000000000000e+00 7.066999999999999948e-01
0.000000000000000000e+00 7.067999999999999838e-01
6.590000000000000000e+02 7.068999999999999728e-01
7.000000000000000000e+00 7.069999999999999618e-01
1.000000000000000000e+01 7.070999999999999508e-01
3.700000000000000000e+01 7.068999999999999728e-01
9.000000000000000000e+00 7.069999999999999618e-01
2.000000000000000000e+00 7.070999999999999508e-01
0.000000000000000000e+00 7.072000000000000508e-01
1.074000000000000000e+03 7.073000000000000398e-01
0.000000000000000000e+00 7.065000000000000169e-01
1.000000000000000000e+01 7.066000000000000059e-01
3.000000000000000000e+00 7.066999999999999948e-01
3.700000000000000000e+01 7.067999999999999838e-01
0.000000000000000000e+00 7.068999999999999728e-01
1.300000000000000000e+01 7.069999999999999618e-01
0.000000000000000000e+00 7.070999999999999508e-01
1.000000000000000000e+00 7.072000000000000508e-01
1.700000000000000000e+01 7.070999999999999508e-01
3.800000000000000000e+01 7.072000000000000508e-01
1.617000000000000000e+03 7.073000000000000398e-01
6.100000000000000000e+01 7.074000000000000288e-01
0.000000000000000000e+00 7.075000000000000178e-01
0.000000000000000000e+00 7.076000000000000068e-01
2.000000000000000000e+00 7.076999999999999957e-01
0.000000000000000000e+00 7.077999999999999847e-01
0.000000000000000000e+00 7.078999999999999737e-01
0.000000000000000000e+00 7.079999999999999627e-01
1.000000000000000000e+01 7.080999999999999517e-01
0.000000000000000000e+00 7.082000000000000517e-01
4.000000000000000000e+00 7.083000000000000407e-01
6.000000000000000000e+00 7.084000000000000297e-01
0.000000000000000000e+00 7.085000000000000187e-01
0.000000000000000000e+00 7.086000000000000076e-01
9.000000000000000000e+00 7.086999999999999966e-01
8.000000000000000000e+00 7.086000000000000076e-01
3.700000000000000000e+01 7.086999999999999966e-01
0.000000000000000000e+00 7.087999999999999856e-01
0.000000000000000000e+00 7.088999999999999746e-01
8.000000000000000000e+00 7.089999999999999636e-01
0.000000000000000000e+00 7.090999999999999526e-01
0.000000000000000000e+00 7.092000000000000526e-01
5.000000000000000000e+00 7.093000000000000416e-01
8.000000000000000000e+00 7.094000000000000306e-01
0.000000000000000000e+00 7.095000000000000195e-01
5.000000000000000000e+00 7.096000000000000085e-01
0.000000000000000000e+00 7.096999999999999975e-01
0.000000000000000000e+00 7.097999999999999865e-01
1.000000000000000000e+00 7.098999999999999755e-01
0.000000000000000000e+00 7.099999999999999645e-01
1.870000000000000000e+02 7.100999999999999535e-01
8.520000000000000000e+02 7.102000000000000535e-01
5.000000000000000000e+00 7.096999999999999975e-01
2.000000000000000000e+00 7.097999999999999865e-01
7.000000000000000000e+00 7.098999999999999755e-01
8.000000000000000000e+00 7.099999999999999645e-01
0.000000000000000000e+00 7.100999999999999535e-01
0.000000000000000000e+00 7.102000000000000535e-01
1.400000000000000000e+01 7.103000000000000425e-01
1.000000000000000000e+00 7.104000000000000314e-01
0.000000000000000000e+00 7.105000000000000204e-01
1.350000000000000000e+02 7.106000000000000094e-01
2.571600000000000000e+04 7.106999999999999984e-01
3.500000000000000000e+01 7.083000000000000407e-01
4.000000000000000000e+00 7.084000000000000297e-01
7.000000000000000000e+00 7.085000000000000187e-01
0.000000000000000000e+00 7.086000000000000076e-01
0.000000000000000000e+00 7.086999999999999966e-01
1.200000000000000000e+01 7.087999999999999856e-01
1.100000000000000000e+01 7.088999999999999746e-01
5.000000000000000000e+00 7.089999999999999636e-01
0.000000000000000000e+00 7.090999999999999526e-01
1.892800000000000000e+04 7.092000000000000526e-01
3.000000000000000000e+00 7.072000000000000508e-01
1.000000000000000000e+00 7.073000000000000398e-01
2.000000000000000000e+00 7.074000000000000288e-01
0.000000000000000000e+00 7.075000000000000178e-01
2.200000000000000000e+01 7.076000000000000068e-01
2.000000000000000000e+00 7.076999999999999957e-01
2.000000000000000000e+00 7.077999999999999847e-01
0.000000000000000000e+00 7.078999999999999737e-01
1.000000000000000000e+00 7.079999999999999627e-01
1.570000000000000000e+02 7.079999999999999627e-01
6.500000000000000000e+01 7.080999999999999517e-01
3.200000000000000000e+01 7.082000000000000517e-01
3.200000000000000000e+01 7.082000000000000517e-01
1.480000000000000000e+02 7.083000000000000407e-01
0.000000000000000000e+00 7.084000000000000297e-01
0.000000000000000000e+00 7.085000000000000187e-01
1.500000000000000000e+01 7.086000000000000076e-01
0.000000000000000000e+00 7.086999999999999966e-01
5.405000000000000000e+03 7.087999999999999856e-01
8.450000000000000000e+02 7.084000000000000297e-01
0.000000000000000000e+00 7.084000000000000297e-01
2.100000000000000000e+01 7.085000000000000187e-01
3.900000000000000000e+01 7.086000000000000076e-01
0.000000000000000000e+00 7.086999999999999966e-01
8.000000000000000000e+00 7.087999999999999856e-01
1.000000000000000000e+00 7.088999999999999746e-01
0.000000000000000000e+00 7.089999999999999636e-01
2.000000000000000000e+01 7.090999999999999526e-01
4.100000000000000000e+01 7.092000000000000526e-01
1.100000000000000000e+01 7.093000000000000416e-01
4.100000000000000000e+01 7.094000000000000306e-01
3.860000000000000000e+02 7.095000000000000195e-01
0.000000000000000000e+00 7.096000000000000085e-01
3.000000000000000000e+00 7.096999999999999975e-01
1.000000000000000000e+00 7.096999999999999975e-01
1.790000000000000000e+02 7.097999999999999865e-01
4.000000000000000000e+00 7.098999999999999755e-01
4.240000000000000000e+02 7.099999999999999645e-01
1.429900000000000000e+04 7.100999999999999535e-01
1.000000000000000000e+01 7.092000000000000526e-01
5.020000000000000000e+02 7.093000000000000416e-01
1.450000000000000000e+02 7.094000000000000306e-01
1.900000000000000000e+01 7.095000000000000195e-01
0.000000000000000000e+00 7.096000000000000085e-01
4.695000000000000000e+03 7.096999999999999975e-01
3.600000000000000000e+01 7.092000000000000526e-01
3.380000000000000000e+03 7.093000000000000416e-01
4.000000000000000000e+00 7.094000000000000306e-01
1.530000000000000000e+03 7.095000000000000195e-01
1.000000000000000000e+00 7.096000000000000085e-01
2.824400000000000000e+04 7.096999999999999975e-01
4.740000000000000000e+02 7.048999999999999710e-01
1.000000000000000000e+00 7.046000000000000041e-01
2.700000000000000000e+01 7.046999999999999931e-01
7.000000000000000000e+00 7.047999999999999821e-01
0.000000000000000000e+00 7.048999999999999710e-01
1.191500000000000000e+04 7.049999999999999600e-01
0.000000000000000000e+00 7.050999999999999490e-01
2.150000000000000000e+02 7.052000000000000490e-01
3.300000000000000000e+01 7.036000000000000032e-01
1.390000000000000000e+02 7.036999999999999922e-01
0.000000000000000000e+00 7.037999999999999812e-01
7.000000000000000000e+00 7.038999999999999702e-01
0.000000000000000000e+00 7.039999999999999591e-01
0.000000000000000000e+00 7.040999999999999481e-01
8.500000000000000000e+01 7.042000000000000481e-01
0.000000000000000000e+00 7.037999999999999812e-01
1.428700000000000000e+04 7.038999999999999702e-01
3.000000000000000000e+02 7.028999999999999693e-01
4.000000000000000000e+00 7.028999999999999693e-01
0.000000000000000000e+00 7.029999999999999583e-01
0.000000000000000000e+00 7.030999999999999472e-01
0.000000000000000000e+00 7.032000000000000473e-01
1.100000000000000000e+01 7.033000000000000362e-01
0.000000000000000000e+00 7.034000000000000252e-01
6.500000000000000000e+01 7.035000000000000142e-01
1.500000000000000000e+01 7.035000000000000142e-01
0.000000000000000000e+00 7.036000000000000032e-01
2.042000000000000000e+03 7.036999999999999922e-01
5.800000000000000000e+02 7.036999999999999922e-01
4.283000000000000000e+03 7.037999999999999812e-01
2.200000000000000000e+01 7.037999999999999812e-01
0.000000000000000000e+00 7.038999999999999702e-01
1.000000000000000000e+00 7.039999999999999591e-01
1.280000000000000000e+02 7.040999999999999481e-01
5.170000000000000000e+02 7.042000000000000481e-01
1.134000000000000000e+03 7.043000000000000371e-01
0.000000000000000000e+00 7.040999999999999481e-01
4.400000000000000000e+01 7.042000000000000481e-01
5.000000000000000000e+00 7.043000000000000371e-01
6.095000000000000000e+03 7.044000000000000261e-01
6.600000000000000000e+01 7.038999999999999702e-01
2.640000000000000000e+02 7.039999999999999591e-01
6.000000000000000000e+00 7.040999999999999481e-01
1.040000000000000000e+02 7.042000000000000481e-01
0.000000000000000000e+00 7.043000000000000371e-01
0.000000000000000000e+00 7.044000000000000261e-01
2.800000000000000000e+01 7.045000000000000151e-01
0.000000000000000000e+00 7.046000000000000041e-01
0.000000000000000000e+00 7.046999999999999931e-01
1.570000000000000000e+02 7.047999999999999821e-01
1.500000000000000000e+01 7.048999999999999710e-01
0.000000000000000000e+00 7.049999999999999600e-01
1.600000000000000000e+01 7.050999999999999490e-01
0.000000000000000000e+00 7.052000000000000490e-01
0.000000000000000000e+00 7.053000000000000380e-01
0.000000000000000000e+00 7.054000000000000270e-01
1.500000000000000000e+01 7.055000000000000160e-01
0.000000000000000000e+00 7.056000000000000050e-01
0.000000000000000000e+00 7.056999999999999940e-01
2.200000000000000000e+01 7.057999999999999829e-01
5.600000000000000000e+01 7.058999999999999719e-01
0.000000000000000000e+00 7.056999999999999940e-01
5.800000000000000000e+01 7.057999999999999829e-01
0.000000000000000000e+00 7.058999999999999719e-01
5.100000000000000000e+01 7.059999999999999609e-01
0.000000000000000000e+00 7.060999999999999499e-01
2.500000000000000000e+01 7.062000000000000499e-01
0.000000000000000000e+00 7.063000000000000389e-01
3.000000000000000000e+00 7.064000000000000279e-01
0.000000000000000000e+00 7.065000000000000169e-01
4.000000000000000000e+00 7.066000000000000059e-01
0.000000000000000000e+00 7.066999999999999948e-01
2.000000000000000000e+00 7.067999999999999838e-01
1.400000000000000000e+01 7.068999999999999728e-01
4.384000000000000000e+03 7.069999999999999618e-01
3.332000000000000000e+03 7.063000000000000389e-01
2.000000000000000000e+00 7.055000000000000160e-01
0.000000000000000000e+00 7.056000000000000050e-01
0.000000000000000000e+00 7.056999999999999940e-01
5.520000000000000000e+02 7.057999999999999829e-01
1.079000000000000000e+03 7.058999999999999719e-01
2.000000000000000000e+00 7.057999999999999829e-01
2.560000000000000000e+02 7.058999999999999719e-01
7.000000000000000000e+00 7.055000000000000160e-01
8.900000000000000000e+01 7.056000000000000050e-01
0.000000000000000000e+00 7.056999999999999940e-01
3.420000000000000000e+02 7.057999999999999829e-01
9.000000000000000000e+01 7.054000000000000270e-01
1.700000000000000000e+01 7.055000000000000160e-01
0.000000000000000000e+00 7.056000000000000050e-01
2.000000000000000000e+00 7.056999999999999940e-01
1.329000000000000000e+03 7.057999999999999829e-01
0.000000000000000000e+00 7.058999999999999719e-01
3.000000000000000000e+01 7.059999999999999609e-01
5.950000000000000000e+02 7.058999999999999719e-01
4.000000000000000000e+00 7.059999999999999609e-01
0.000000000000000000e+00 7.058999999999999719e-01
2.000000000000000000e+01 7.059999999999999609e-01
1.700000000000000000e+01 7.060999999999999499e-01
3.500000000000000000e+01 7.062000000000000499e-01
0.000000000000000000e+00 7.063000000000000389e-01
1.100000000000000000e+01 7.064000000000000279e-01
0.000000000000000000e+00 7.065000000000000169e-01
4.000000000000000000e+00 7.066000000000000059e-01
0.000000000000000000e+00 7.065000000000000169e-01
1.100000000000000000e+01 7.066000000000000059e-01
1.000000000000000000e+00 7.066999999999999948e-01
7.800000000000000000e+01 7.067999999999999838e-01
0.000000000000000000e+00 7.067999999999999838e-01
1.600000000000000000e+01 7.068999999999999728e-01
3.400000000000000000e+01 7.069999999999999618e-01
4.000000000000000000e+00 7.070999999999999508e-01
1.366000000000000000e+03 7.072000000000000508e-01
5.000000000000000000e+00 7.073000000000000398e-01
3.167500000000000000e+04 7.074000000000000288e-01
0.000000000000000000e+00 7.048999999999999710e-01
0.000000000000000000e+00 7.049999999999999600e-01
2.100000000000000000e+01 7.050999999999999490e-01
7.000000000000000000e+00 7.048999999999999710e-01
0.000000000000000000e+00 7.049999999999999600e-01
0.000000000000000000e+00 7.050999999999999490e-01
1.200000000000000000e+01 7.052000000000000490e-01
0.000000000000000000e+00 7.053000000000000380e-01
0.000000000000000000e+00 7.054000000000000270e-01
5.100000000000000000e+01 7.055000000000000160e-01
8.000000000000000000e+00 7.056000000000000050e-01
0.000000000000000000e+00 7.056999999999999940e-01
1.900000000000000000e+02 7.057999999999999829e-01
4.000000000000000000e+00 7.058999999999999719e-01
2.800000000000000000e+01 7.059999999999999609e-01
3.568000000000000000e+03 7.060999999999999499e-01
6.300000000000000000e+01 7.057999999999999829e-01
0.000000000000000000e+00 7.058999999999999719e-01
8.000000000000000000e+00 7.059999999999999609e-01
0.000000000000000000e+00 7.056000000000000050e-01
0.000000000000000000e+00 7.056999999999999940e-01
0.000000000000000000e+00 7.057999999999999829e-01
1.600000000000000000e+01 7.058999999999999719e-01
0.000000000000000000e+00 7.056999999999999940e-01
0.000000000000000000e+00 7.057999999999999829e-01
3.500000000000000000e+01 7.058999999999999719e-01
1.500000000000000000e+01 7.058999999999999719e-01
2.000000000000000000e+00 7.059999999999999609e-01
0.000000000000000000e+00 7.060999999999999499e-01
3.800000000000000000e+01 7.062000000000000499e-01
1.500000000000000000e+01 7.062000000000000499e-01
8.000000000000000000e+00 7.063000000000000389e-01
5.560000000000000000e+02 7.064000000000000279e-01
3.724000000000000000e+03 7.065000000000000169e-01
1.073600000000000000e+04 7.062000000000000499e-01
0.000000000000000000e+00 7.063000000000000389e-01
9.962000000000000000e+03 7.064000000000000279e-01
3.100000000000000000e+01 7.040999999999999481e-01
4.120000000000000000e+02 7.042000000000000481e-01
0.000000000000000000e+00 7.043000000000000371e-01
4.000000000000000000e+00 7.044000000000000261e-01
1.000000000000000000e+00 7.045000000000000151e-01
7.000000000000000000e+00 7.046000000000000041e-01
1.100000000000000000e+01 7.046999999999999931e-01
7.000000000000000000e+00 7.047999999999999821e-01
0.000000000000000000e+00 7.048999999999999710e-01
2.000000000000000000e+00 7.049999999999999600e-01
0.000000000000000000e+00 7.050999999999999490e-01
0.000000000000000000e+00 7.052000000000000490e-01
5.000000000000000000e+00 7.053000000000000380e-01
0.000000000000000000e+00 7.054000000000000270e-01
6.000000000000000000e+00 7.055000000000000160e-01
0.000000000000000000e+00 7.056000000000000050e-01
0.000000000000000000e+00 7.056999999999999940e-01
1.261000000000000000e+03 7.057999999999999829e-01
1.150000000000000000e+02 7.058999999999999719e-01
1.040000000000000000e+02 7.059999999999999609e-01
5.089000000000000000e+03 7.060999999999999499e-01
3.000000000000000000e+00 7.046999999999999931e-01
2.000000000000000000e+00 7.047999999999999821e-01
0.000000000000000000e+00 7.048999999999999710e-01
4.430000000000000000e+02 7.049999999999999600e-01
0.000000000000000000e+00 7.050999999999999490e-01
3.080000000000000000e+02 7.052000000000000490e-01
2.900000000000000000e+01 7.053000000000000380e-01
2.500000000000000000e+01 7.054000000000000270e-01
2.000000000000000000e+00 7.055000000000000160e-01
0.000000000000000000e+00 7.056000000000000050e-01
6.000000000000000000e+01 7.056999999999999940e-01
7.000000000000000000e+00 7.057999999999999829e-01
5.000000000000000000e+00 7.058999999999999719e-01
0.000000000000000000e+00 7.059999999999999609e-01
0.000000000000000000e+00 7.060999999999999499e-01
1.821000000000000000e+03 7.062000000000000499e-01
5.100000000000000000e+01 7.063000000000000389e-01
9.700000000000000000e+01 7.064000000000000279e-01
3.672000000000000000e+03 7.065000000000000169e-01
0.000000000000000000e+00 7.066000000000000059e-01
9.800000000000000000e+01 7.066999999999999948e-01
0.000000000000000000e+00 7.067999999999999838e-01
4.500000000000000000e+01 7.068999999999999728e-01
1.440000000000000000e+02 7.069999999999999618e-01
0.000000000000000000e+00 7.068999999999999728e-01
0.000000000000000000e+00 7.069999999999999618e-01
1.008100000000000000e+04 7.070999999999999508e-01
0.000000000000000000e+00 7.062000000000000499e-01
5.300000000000000000e+01 7.063000000000000389e-01
3.300000000000000000e+01 7.062000000000000499e-01
4.000000000000000000e+00 7.063000000000000389e-01
0.000000000000000000e+00 7.062000000000000499e-01
2.000000000000000000e+00 7.063000000000000389e-01
0.000000000000000000e+00 7.064000000000000279e-01
1.000000000000000000e+01 7.065000000000000169e-01
0.000000000000000000e+00 7.066000000000000059e-01
3.100000000000000000e+01 7.066999999999999948e-01
0.000000000000000000e+00 7.067999999999999838e-01
0.000000000000000000e+00 7.068999999999999728e-01
1.000000000000000000e+00 7.069999999999999618e-01
1.400000000000000000e+01 7.070999999999999508e-01
6.000000000000000000e+00 7.072000000000000508e-01
2.500000000000000000e+01 7.073000000000000398e-01
4.800000000000000000e+01 7.074000000000000288e-01
1.000000000000000000e+00 7.075000000000000178e-01
5.800000000000000000e+01 7.076000000000000068e-01
4.650000000000000000e+02 7.076999999999999957e-01
0.000000000000000000e+00 7.076999999999999957e-01
5.280000000000000000e+02 7.077999999999999847e-01
0.000000000000000000e+00 7.078999999999999737e-01
0.000000000000000000e+00 7.079999999999999627e-01
5.000000000000000000e+00 7.080999999999999517e-01
0.000000000000000000e+00 7.080999999999999517e-01
1.000000000000000000e+00 7.082000000000000517e-01
3.000000000000000000e+00 7.083000000000000407e-01
4.500000000000000000e+01 7.082000000000000517e-01
1.384300000000000000e+04 7.083000000000000407e-01
3.540000000000000000e+02 7.073000000000000398e-01
4.000000000000000000e+00 7.074000000000000288e-01
2.590000000000000000e+02 7.075000000000000178e-01
0.000000000000000000e+00 7.076000000000000068e-01
0.000000000000000000e+00 7.076999999999999957e-01
1.000000000000000000e+00 7.077999999999999847e-01
2.000000000000000000e+01 7.078999999999999737e-01
1.000000000000000000e+00 7.079999999999999627e-01
4.000000000000000000e+00 7.080999999999999517e-01
1.188000000000000000e+03 7.082000000000000517e-01
0.000000000000000000e+00 7.080999999999999517e-01
3.000000000000000000e+00 7.082000000000000517e-01
3.996800000000000000e+04 7.083000000000000407e-01
0.000000000000000000e+00 7.055000000000000160e-01
0.000000000000000000e+00 7.056000000000000050e-01
1.000000000000000000e+00 7.056999999999999940e-01
0.000000000000000000e+00 7.057999999999999829e-01
4.000000000000000000e+00 7.058999999999999719e-01
0.000000000000000000e+00 7.059999999999999609e-01
5.885000000000000000e+03 7.060999999999999499e-01
0.000000000000000000e+00 7.047999999999999821e-01
5.000000000000000000e+00 7.048999999999999710e-01
4.000000000000000000e+00 7.049999999999999600e-01
0.000000000000000000e+00 7.050999999999999490e-01
5.000000000000000000e+00 7.052000000000000490e-01
5.100000000000000000e+01 7.053000000000000380e-01
3.000000000000000000e+00 7.054000000000000270e-01
2.200000000000000000e+01 7.055000000000000160e-01
0.000000000000000000e+00 7.056000000000000050e-01
6.800000000000000000e+01 7.056999999999999940e-01
7.300000000000000000e+01 7.054000000000000270e-01
1.635000000000000000e+03 7.055000000000000160e-01
0.000000000000000000e+00 7.054000000000000270e-01
2.000000000000000000e+00 7.055000000000000160e-01
1.320000000000000000e+02 7.056000000000000050e-01
0.000000000000000000e+00 7.056999999999999940e-01
0.000000000000000000e+00 7.057999999999999829e-01
6.000000000000000000e+00 7.058999999999999719e-01
1.000000000000000000e+00 7.059999999999999609e-01
0.000000000000000000e+00 7.060999999999999499e-01
2.946000000000000000e+03 7.062000000000000499e-01
7.000000000000000000e+00 7.057999999999999829e-01
1.940000000000000000e+02 7.057999999999999829e-01
1.464000000000000000e+03 7.058999999999999719e-01
2.700000000000000000e+01 7.059999999999999609e-01
0.000000000000000000e+00 7.060999999999999499e-01
0.000000000000000000e+00 7.062000000000000499e-01
0.000000000000000000e+00 7.063000000000000389e-01
2.000000000000000000e+00 7.064000000000000279e-01
3.000000000000000000e+00 7.065000000000000169e-01
4.000000000000000000e+00 7.066000000000000059e-01
1.200000000000000000e+01 7.066999999999999948e-01
9.500000000000000000e+01 7.067999999999999838e-01
6.400000000000000000e+01 7.068999999999999728e-01
6.833000000000000000e+03 7.069999999999999618e-01
0.000000000000000000e+00 7.057999999999999829e-01
2.800000000000000000e+01 7.058999999999999719e-01
0.000000000000000000e+00 7.059999999999999609e-01
5.000000000000000000e+00 7.060999999999999499e-01
8.700000000000000000e+01 7.062000000000000499e-01
0.000000000000000000e+00 7.063000000000000389e-01
3.800000000000000000e+01 7.064000000000000279e-01
7.000000000000000000e+00 7.065000000000000169e-01
1.000000000000000000e+00 7.066000000000000059e-01
0.000000000000000000e+00 7.066999999999999948e-01
0.000000000000000000e+00 7.067999999999999838e-01
2.174000000000000000e+03 7.068999999999999728e-01
5.000000000000000000e+00 7.068999999999999728e-01
0.000000000000000000e+00 7.069999999999999618e-01
0.000000000000000000e+00 7.070999999999999508e-01
0.000000000000000000e+00 7.072000000000000508e-01
7.000000000000000000e+00 7.073000000000000398e-01
8.000000000000000000e+00 7.074000000000000288e-01
1.800000000000000000e+01 7.075000000000000178e-01
1.000000000000000000e+00 7.076000000000000068e-01
1.030000000000000000e+02 7.076999999999999957e-01
0.000000000000000000e+00 7.077999999999999847e-01
0.000000000000000000e+00 7.078999999999999737e-01
2.223000000000000000e+03 7.079999999999999627e-01
0.000000000000000000e+00 7.080999999999999517e-01
1.330000000000000000e+02 7.082000000000000517e-01
2.000000000000000000e+00 7.083000000000000407e-01
2.472600000000000000e+04 7.084000000000000297e-01
4.000000000000000000e+00 7.036999999999999922e-01
1.128000000000000000e+03 7.037999999999999812e-01
0.000000000000000000e+00 7.038999999999999702e-01
5.000000000000000000e+00 7.039999999999999591e-01
1.500000000000000000e+01 7.040999999999999481e-01
5.400000000000000000e+01 7.042000000000000481e-01
3.000000000000000000e+01 7.043000000000000371e-01
0.000000000000000000e+00 7.040999999999999481e-01
6.000000000000000000e+00 7.042000000000000481e-01
0.000000000000000000e+00 7.043000000000000371e-01
8.770000000000000000e+02 7.044000000000000261e-01
3.537100000000000000e+04 7.045000000000000151e-01
4.990000000000000000e+02 7.004000000000000226e-01
0.000000000000000000e+00 7.005000000000000115e-01
3.000000000000000000e+00 7.006000000000000005e-01
1.982000000000000000e+03 7.006999999999999895e-01
8.000000000000000000e+00 7.007999999999999785e-01
0.000000000000000000e+00 7.007999999999999785e-01
9.100000000000000000e+01 7.008999999999999675e-01
8.071000000000000000e+03 7.009999999999999565e-01
0.000000000000000000e+00 7.006999999999999895e-01
0.000000000000000000e+00 7.007999999999999785e-01
7.060000000000000000e+02 7.008999999999999675e-01
2.400000000000000000e+01 6.999999999999999556e-01
0.000000000000000000e+00 7.000999999999999446e-01
1.200000000000000000e+01 7.002000000000000446e-01
0.000000000000000000e+00 7.003000000000000336e-01
4.574000000000000000e+03 7.004000000000000226e-01
3.000000000000000000e+00 7.002000000000000446e-01
2.000000000000000000e+00 7.003000000000000336e-01
0.000000000000000000e+00 7.004000000000000226e-01
1.200000000000000000e+01 7.005000000000000115e-01
0.000000000000000000e+00 7.006000000000000005e-01
2.590000000000000000e+02 7.006999999999999895e-01
1.000000000000000000e+00 7.007999999999999785e-01
1.000000000000000000e+00 7.008999999999999675e-01
4.000000000000000000e+01 7.009999999999999565e-01
0.000000000000000000e+00 7.010999999999999455e-01
1.000000000000000000e+00 7.012000000000000455e-01
6.500000000000000000e+01 7.012000000000000455e-01
1.700000000000000000e+01 7.013000000000000345e-01
1.100000000000000000e+01 7.014000000000000234e-01
0.000000000000000000e+00 7.015000000000000124e-01
5.347000000000000000e+03 7.016000000000000014e-01
1.000000000000000000e+00 7.014000000000000234e-01
4.410000000000000000e+02 7.015000000000000124e-01
5.000000000000000000e+00 7.009999999999999565e-01
1.365000000000000000e+03 7.010999999999999455e-01
5.600000000000000000e+01 7.012000000000000455e-01
0.000000000000000000e+00 7.008999999999999675e-01
0.000000000000000000e+00 7.009999999999999565e-01
2.000000000000000000e+00 7.010999999999999455e-01
0.000000000000000000e+00 7.012000000000000455e-01
3.180000000000000000e+02 7.013000000000000345e-01
3.393000000000000000e+03 7.014000000000000234e-01
0.000000000000000000e+00 7.015000000000000124e-01
0.000000000000000000e+00 7.016000000000000014e-01
7.570000000000000000e+03 7.016999999999999904e-01
2.900000000000000000e+02 7.017999999999999794e-01
7.760000000000000000e+03 7.018999999999999684e-01
0.000000000000000000e+00 7.019999999999999574e-01
2.000000000000000000e+00 7.020999999999999464e-01
3.190000000000000000e+02 7.022000000000000464e-01
4.000000000000000000e+00 7.016999999999999904e-01
3.900000000000000000e+01 7.017999999999999794e-01
8.000000000000000000e+00 7.016999999999999904e-01
3.000000000000000000e+00 7.017999999999999794e-01
0.000000000000000000e+00 7.018999999999999684e-01
3.000000000000000000e+00 7.019999999999999574e-01
8.000000000000000000e+00 7.020999999999999464e-01
2.360000000000000000e+02 7.022000000000000464e-01
2.740000000000000000e+02 7.023000000000000353e-01
2.400000000000000000e+01 7.024000000000000243e-01
0.000000000000000000e+00 7.025000000000000133e-01
9.000000000000000000e+00 7.026000000000000023e-01
1.000000000000000000e+00 7.026999999999999913e-01
1.999000000000000000e+03 7.027999999999999803e-01
0.000000000000000000e+00 7.026000000000000023e-01
0.000000000000000000e+00 7.026999999999999913e-01
1.800000000000000000e+01 7.027999999999999803e-01
2.200000000000000000e+01 7.028999999999999693e-01
0.000000000000000000e+00 7.029999999999999583e-01
2.280000000000000000e+02 7.030999999999999472e-01
4.370000000000000000e+02 7.032000000000000473e-01
2.000000000000000000e+00 7.027999999999999803e-01
1.400000000000000000e+01 7.028999999999999693e-01
3.000000000000000000e+00 7.028999999999999693e-01
2.000000000000000000e+00 7.029999999999999583e-01
6.000000000000000000e+01 7.030999999999999472e-01
3.900000000000000000e+01 7.032000000000000473e-01
0.000000000000000000e+00 7.033000000000000362e-01
0.000000000000000000e+00 7.034000000000000252e-01
0.000000000000000000e+00 7.035000000000000142e-01
0.000000000000000000e+00 7.036000000000000032e-01
3.000000000000000000e+01 7.036999999999999922e-01
1.800000000000000000e+01 7.037999999999999812e-01
1.574000000000000000e+03 7.037999999999999812e-01
1.000000000000000000e+00 7.026999999999999913e-01
3.000000000000000000e+00 7.027999999999999803e-01
0.000000000000000000e+00 7.028999999999999693e-01
1.300000000000000000e+01 7.029999999999999583e-01
7.000000000000000000e+00 7.030999999999999472e-01
3.900000000000000000e+01 7.029999999999999583e-01
2.800000000000000000e+01 7.030999999999999472e-01
0.000000000000000000e+00 7.032000000000000473e-01
2.300000000000000000e+02 7.033000000000000362e-01
1.000000000000000000e+00 7.028999999999999693e-01
0.000000000000000000e+00 7.029999999999999583e-01
4.000000000000000000e+00 7.030999999999999472e-01
4.347000000000000000e+03 7.032000000000000473e-01
9.000000000000000000e+00 7.025000000000000133e-01
0.000000000000000000e+00 7.026000000000000023e-01
1.989700000000000000e+04 7.026999999999999913e-01
0.000000000000000000e+00 7.016999999999999904e-01
0.000000000000000000e+00 7.017999999999999794e-01
0.000000000000000000e+00 7.018999999999999684e-01
3.400000000000000000e+01 7.019999999999999574e-01
2.119000000000000000e+03 7.020999999999999464e-01
2.890000000000000000e+02 7.016999999999999904e-01
1.000000000000000000e+00 7.017999999999999794e-01
0.000000000000000000e+00 7.016999999999999904e-01
3.600000000000000000e+01 7.017999999999999794e-01
1.600000000000000000e+01 7.018999999999999684e-01
8.500000000000000000e+01 7.019999999999999574e-01
1.100000000000000000e+01 7.020999999999999464e-01
6.000000000000000000e+00 7.022000000000000464e-01
3.000000000000000000e+01 7.023000000000000353e-01
9.000000000000000000e+00 7.024000000000000243e-01
3.298000000000000000e+03 7.025000000000000133e-01
5.000000000000000000e+01 7.024000000000000243e-01
1.000000000000000000e+00 7.025000000000000133e-01
4.000000000000000000e+00 7.026000000000000023e-01
2.400000000000000000e+01 7.026999999999999913e-01
0.000000000000000000e+00 7.027999999999999803e-01
8.000000000000000000e+00 7.028999999999999693e-01
0.000000000000000000e+00 7.029999999999999583e-01
0.000000000000000000e+00 7.030999999999999472e-01
0.000000000000000000e+00 7.032000000000000473e-01
8.400000000000000000e+01 7.033000000000000362e-01
0.000000000000000000e+00 7.029999999999999583e-01
0.000000000000000000e+00 7.030999999999999472e-01
0.000000000000000000e+00 7.032000000000000473e-01
1.340000000000000000e+02 7.033000000000000362e-01
0.000000000000000000e+00 7.030999999999999472e-01
1.400000000000000000e+01 7.032000000000000473e-01
0.000000000000000000e+00 7.033000000000000362e-01
0.000000000000000000e+00 7.034000000000000252e-01
0.000000000000000000e+00 7.035000000000000142e-01
6.000000000000000000e+00 7.036000000000000032e-01
3.090000000000000000e+02 7.034000000000000252e-01
0.000000000000000000e+00 7.035000000000000142e-01
2.100000000000000000e+01 7.036000000000000032e-01
3.400000000000000000e+01 7.036999999999999922e-01
1.104900000000000000e+04 7.037999999999999812e-01
0.000000000000000000e+00 7.024000000000000243e-01
1.890000000000000000e+02 7.025000000000000133e-01
0.000000000000000000e+00 7.025000000000000133e-01
0.000000000000000000e+00 7.026000000000000023e-01
0.000000000000000000e+00 7.026999999999999913e-01
0.000000000000000000e+00 7.027999999999999803e-01
0.000000000000000000e+00 7.028999999999999693e-01
3.000000000000000000e+00 7.029999999999999583e-01
3.400000000000000000e+01 7.030999999999999472e-01
2.000000000000000000e+01 7.032000000000000473e-01
0.000000000000000000e+00 7.033000000000000362e-01
0.000000000000000000e+00 7.034000000000000252e-01
4.900000000000000000e+01 7.035000000000000142e-01
0.000000000000000000e+00 7.034000000000000252e-01
3.800000000000000000e+02 7.035000000000000142e-01
0.000000000000000000e+00 7.036000000000000032e-01
1.200000000000000000e+01 7.036999999999999922e-01
2.000000000000000000e+00 7.037999999999999812e-01
0.000000000000000000e+00 7.038999999999999702e-01
0.000000000000000000e+00 7.039999999999999591e-01
0.000000000000000000e+00 7.040999999999999481e-01
2.300000000000000000e+01 7.042000000000000481e-01
2.600000000000000000e+02 7.043000000000000371e-01
1.500000000000000000e+01 7.039999999999999591e-01
2.513000000000000000e+03 7.037999999999999812e-01
0.000000000000000000e+00 7.028999999999999693e-01
1.370800000000000000e+04 7.029999999999999583e-01
0.000000000000000000e+00 7.030999999999999472e-01
0.000000000000000000e+00 7.032000000000000473e-01
3.000000000000000000e+00 7.033000000000000362e-01
4.700000000000000000e+01 7.033000000000000362e-01
2.300000000000000000e+01 7.034000000000000252e-01
0.000000000000000000e+00 7.035000000000000142e-01
3.000000000000000000e+01 7.036000000000000032e-01
4.000000000000000000e+00 7.036999999999999922e-01
0.000000000000000000e+00 7.037999999999999812e-01
2.100000000000000000e+01 7.038999999999999702e-01
0.000000000000000000e+00 7.039999999999999591e-01
0.000000000000000000e+00 7.040999999999999481e-01
0.000000000000000000e+00 7.042000000000000481e-01
5.100000000000000000e+01 7.043000000000000371e-01
2.000000000000000000e+01 7.044000000000000261e-01
4.000000000000000000e+00 7.045000000000000151e-01
0.000000000000000000e+00 7.046000000000000041e-01
0.000000000000000000e+00 7.046999999999999931e-01
0.000000000000000000e+00 7.047999999999999821e-01
0.000000000000000000e+00 7.048999999999999710e-01
1.900000000000000000e+01 7.049999999999999600e-01
6.000000000000000000e+00 7.050999999999999490e-01
2.300000000000000000e+01 7.052000000000000490e-01
2.079000000000000000e+03 7.053000000000000380e-01
9.880000000000000000e+02 7.054000000000000270e-01
8.000000000000000000e+00 7.055000000000000160e-01
7.000000000000000000e+01 7.056000000000000050e-01
3.100000000000000000e+01 7.056999999999999940e-01
1.500000000000000000e+02 7.057999999999999829e-01
3.000000000000000000e+00 7.056999999999999940e-01
4.000000000000000000e+00 7.057999999999999829e-01
0.000000000000000000e+00 7.058999999999999719e-01
0.000000000000000000e+00 7.059999999999999609e-01
5.200000000000000000e+01 7.060999999999999499e-01
1.000000000000000000e+00 7.062000000000000499e-01
6.900000000000000000e+01 7.063000000000000389e-01
0.000000000000000000e+00 7.064000000000000279e-01
1.000000000000000000e+00 7.065000000000000169e-01
1.066000000000000000e+03 7.066000000000000059e-01
3.000000000000000000e+00 7.066999999999999948e-01
0.000000000000000000e+00 7.067999999999999838e-01
4.000000000000000000e+00 7.068999999999999728e-01
7.000000000000000000e+00 7.069999999999999618e-01
0.000000000000000000e+00 7.070999999999999508e-01
1.100000000000000000e+01 7.072000000000000508e-01
0.000000000000000000e+00 7.073000000000000398e-01
0.000000000000000000e+00 7.074000000000000288e-01
4.000000000000000000e+01 7.075000000000000178e-01
6.390000000000000000e+02 7.076000000000000068e-01
7.200000000000000000e+01 7.076999999999999957e-01
0.000000000000000000e+00 7.077999999999999847e-01
0.000000000000000000e+00 7.078999999999999737e-01
0.000000000000000000e+00 7.079999999999999627e-01
5.150000000000000000e+02 7.080999999999999517e-01
2.000000000000000000e+01 7.082000000000000517e-01
0.000000000000000000e+00 7.083000000000000407e-01
1.000000000000000000e+00 7.084000000000000297e-01
7.420000000000000000e+03 7.085000000000000187e-01
7.000000000000000000e+00 7.074000000000000288e-01
3.400000000000000000e+01 7.075000000000000178e-01
4.300000000000000000e+01 7.076000000000000068e-01
0.000000000000000000e+00 7.076999999999999957e-01
0.000000000000000000e+00 7.077999999999999847e-01
0.000000000000000000e+00 7.078999999999999737e-01
0.000000000000000000e+00 7.079999999999999627e-01
9.000000000000000000e+00 7.080999999999999517e-01
4.000000000000000000e+00 7.082000000000000517e-01
1.000000000000000000e+00 7.083000000000000407e-01
3.200000000000000000e+01 7.084000000000000297e-01
2.200000000000000000e+01 7.085000000000000187e-01
2.590000000000000000e+02 7.086000000000000076e-01
6.912000000000000000e+03 7.086999999999999966e-01
2.000000000000000000e+00 7.076999999999999957e-01
7.100000000000000000e+01 7.077999999999999847e-01
2.894000000000000000e+03 7.078999999999999737e-01
5.900000000000000000e+01 7.065000000000000169e-01
0.000000000000000000e+00 7.065000000000000169e-01
7.920000000000000000e+03 7.066000000000000059e-01
5.000000000000000000e+00 7.066999999999999948e-01
3.000000000000000000e+00 7.067999999999999838e-01
0.000000000000000000e+00 7.068999999999999728e-01
0.000000000000000000e+00 7.069999999999999618e-01
6.000000000000000000e+00 7.070999999999999508e-01
0.000000000000000000e+00 7.072000000000000508e-01
0.000000000000000000e+00 7.073000000000000398e-01
2.000000000000000000e+00 7.074000000000000288e-01
0.000000000000000000e+00 7.075000000000000178e-01
6.060000000000000000e+02 7.076000000000000068e-01
2.000000000000000000e+00 7.076999999999999957e-01
1.053000000000000000e+03 7.077999999999999847e-01
1.200000000000000000e+01 7.078999999999999737e-01
4.300000000000000000e+01 7.079999999999999627e-01
1.300000000000000000e+01 7.080999999999999517e-01
9.315000000000000000e+03 7.082000000000000517e-01
0.000000000000000000e+00 7.056000000000000050e-01
0.000000000000000000e+00 7.056999999999999940e-01
6.000000000000000000e+00 7.057999999999999829e-01
1.000000000000000000e+00 7.058999999999999719e-01
0.000000000000000000e+00 7.059999999999999609e-01
1.800000000000000000e+01 7.060999999999999499e-01
2.000000000000000000e+00 7.062000000000000499e-01
0.000000000000000000e+00 7.062000000000000499e-01
1.300000000000000000e+01 7.063000000000000389e-01
0.000000000000000000e+00 7.059999999999999609e-01
1.000000000000000000e+02 7.060999999999999499e-01
0.000000000000000000e+00 7.062000000000000499e-01
2.610000000000000000e+02 7.063000000000000389e-01
4.700000000000000000e+01 7.064000000000000279e-01
1.573000000000000000e+03 7.065000000000000169e-01
2.000000000000000000e+00 7.055000000000000160e-01
4.400000000000000000e+02 7.056000000000000050e-01
2.000000000000000000e+00 7.056999999999999940e-01
3.136100000000000000e+04 7.057999999999999829e-01
9.852000000000000000e+03 7.030999999999999472e-01
3.000000000000000000e+00 7.020999999999999464e-01
0.000000000000000000e+00 7.022000000000000464e-01
2.983000000000000000e+03 7.023000000000000353e-01
2.900000000000000000e+01 7.020999999999999464e-01
1.600000000000000000e+01 7.022000000000000464e-01
3.520000000000000000e+02 7.023000000000000353e-01
4.000000000000000000e+00 7.024000000000000243e-01
8.000000000000000000e+00 7.025000000000000133e-01
2.332000000000000000e+03 7.026000000000000023e-01
1.042000000000000000e+03 7.025000000000000133e-01
4.000000000000000000e+00 7.022000000000000464e-01
0.000000000000000000e+00 7.023000000000000353e-01
6.200000000000000000e+01 7.024000000000000243e-01
0.000000000000000000e+00 7.025000000000000133e-01
0.000000000000000000e+00 7.026000000000000023e-01
3.140000000000000000e+02 7.026999999999999913e-01
3.600000000000000000e+01 7.024000000000000243e-01
1.110000000000000000e+02 7.025000000000000133e-01
2.000000000000000000e+00 7.026000000000000023e-01
1.000000000000000000e+00 7.026999999999999913e-01
3.000000000000000000e+00 7.027999999999999803e-01
0.000000000000000000e+00 7.028999999999999693e-01
9.400000000000000000e+01 7.029999999999999583e-01
0.000000000000000000e+00 7.030999999999999472e-01
8.792000000000000000e+03 7.032000000000000473e-01
4.200000000000000000e+01 7.028999999999999693e-01
5.600000000000000000e+01 7.029999999999999583e-01
0.000000000000000000e+00 7.030999999999999472e-01
4.000000000000000000e+01 7.032000000000000473e-01
2.700000000000000000e+01 7.033000000000000362e-01
1.500000000000000000e+01 7.034000000000000252e-01
1.320000000000000000e+02 7.035000000000000142e-01
4.760000000000000000e+02 7.036000000000000032e-01
2.291000000000000000e+03 7.029999999999999583e-01
8.870000000000000000e+02 7.030999999999999472e-01
1.100000000000000000e+01 7.026000000000000023e-01
0.000000000000000000e+00 7.026999999999999913e-01
4.190000000000000000e+02 7.027999999999999803e-01
0.000000000000000000e+00 7.028999999999999693e-01
1.000000000000000000e+00 7.029999999999999583e-01
1.120000000000000000e+02 7.030999999999999472e-01
5.000000000000000000e+00 7.032000000000000473e-01
0.000000000000000000e+00 7.033000000000000362e-01
2.740000000000000000e+02 7.034000000000000252e-01
5.000000000000000000e+00 7.033000000000000362e-01
0.000000000000000000e+00 7.034000000000000252e-01
4.100000000000000000e+01 7.035000000000000142e-01
4.000000000000000000e+00 7.036000000000000032e-01
4.100000000000000000e+01 7.036999999999999922e-01
6.730000000000000000e+02 7.037999999999999812e-01
0.000000000000000000e+00 7.038999999999999702e-01
0.000000000000000000e+00 7.039999999999999591e-01
0.000000000000000000e+00 7.040999999999999481e-01
3.000000000000000000e+00 7.042000000000000481e-01
0.000000000000000000e+00 7.043000000000000371e-01
0.000000000000000000e+00 7.044000000000000261e-01
0.000000000000000000e+00 7.045000000000000151e-01
2.600000000000000000e+01 7.046000000000000041e-01
7.010000000000000000e+02 7.046999999999999931e-01
1.246000000000000000e+03 7.046000000000000041e-01
2.200000000000000000e+01 7.045000000000000151e-01
0.000000000000000000e+00 7.046000000000000041e-01
8.500000000000000000e+01 7.046999999999999931e-01
0.000000000000000000e+00 7.047999999999999821e-01
1.000000000000000000e+00 7.048999999999999710e-01
0.000000000000000000e+00 7.048999999999999710e-01
5.000000000000000000e+00 7.049999999999999600e-01
1.600000000000000000e+01 7.049999999999999600e-01
9.200000000000000000e+01 7.050999999999999490e-01
0.000000000000000000e+00 7.052000000000000490e-01
0.000000000000000000e+00 7.053000000000000380e-01
2.000000000000000000e+00 7.054000000000000270e-01
2.090000000000000000e+02 7.055000000000000160e-01
3.208900000000000000e+04 7.055000000000000160e-01
1.073000000000000000e+03 7.044000000000000261e-01
1.700000000000000000e+01 7.045000000000000151e-01
3.400000000000000000e+01 7.043000000000000371e-01
1.000000000000000000e+00 7.044000000000000261e-01
2.900000000000000000e+01 7.045000000000000151e-01
0.000000000000000000e+00 7.046000000000000041e-01
1.700000000000000000e+01 7.046999999999999931e-01
2.330000000000000000e+02 7.047999999999999821e-01
8.200000000000000000e+01 7.048999999999999710e-01
0.000000000000000000e+00 7.049999999999999600e-01
1.222000000000000000e+03 7.050999999999999490e-01
1.000000000000000000e+01 7.052000000000000490e-01
2.560000000000000000e+02 7.053000000000000380e-01
7.000000000000000000e+00 7.054000000000000270e-01
1.020000000000000000e+02 7.055000000000000160e-01
0.000000000000000000e+00 7.056000000000000050e-01
2.990000000000000000e+02 7.056999999999999940e-01
0.000000000000000000e+00 7.056999999999999940e-01
9.600000000000000000e+01 7.057999999999999829e-01
4.000000000000000000e+00 7.058999999999999719e-01
4.190000000000000000e+02 7.059999999999999609e-01
0.000000000000000000e+00 7.060999999999999499e-01
1.750000000000000000e+02 7.062000000000000499e-01
1.158200000000000000e+04 7.063000000000000389e-01
2.000000000000000000e+00 7.029999999999999583e-01
8.000000000000000000e+00 7.029999999999999583e-01
4.200000000000000000e+01 7.030999999999999472e-01
0.000000000000000000e+00 7.032000000000000473e-01
0.000000000000000000e+00 7.033000000000000362e-01
5.000000000000000000e+00 7.034000000000000252e-01
1.000000000000000000e+01 7.035000000000000142e-01
1.500000000000000000e+01 7.036000000000000032e-01
2.600000000000000000e+01 7.036999999999999922e-01
1.500000000000000000e+01 7.037999999999999812e-01
1.000000000000000000e+01 7.038999999999999702e-01
0.000000000000000000e+00 7.036000000000000032e-01
4.420000000000000000e+03 7.036999999999999922e-01
3.200000000000000000e+01 7.036000000000000032e-01
2.000000000000000000e+00 7.036999999999999922e-01
1.100000000000000000e+01 7.037999999999999812e-01
1.300000000000000000e+01 7.038999999999999702e-01
1.360000000000000000e+02 7.039999999999999591e-01
3.000000000000000000e+00 7.040999999999999481e-01
0.000000000000000000e+00 7.042000000000000481e-01
1.000000000000000000e+00 7.043000000000000371e-01
1.086000000000000000e+03 7.044000000000000261e-01
0.000000000000000000e+00 7.045000000000000151e-01
1.000000000000000000e+00 7.046000000000000041e-01
4.000000000000000000e+00 7.046999999999999931e-01
1.351000000000000000e+03 7.047999999999999821e-01
1.000000000000000000e+00 7.047999999999999821e-01
2.870000000000000000e+02 7.048999999999999710e-01
7.000000000000000000e+00 7.049999999999999600e-01
3.350000000000000000e+02 7.050999999999999490e-01
3.000000000000000000e+01 7.052000000000000490e-01
1.000000000000000000e+00 7.047999999999999821e-01
0.000000000000000000e+00 7.048999999999999710e-01
0.000000000000000000e+00 7.049999999999999600e-01
1.800000000000000000e+01 7.050999999999999490e-01
1.000000000000000000e+00 7.052000000000000490e-01
2.000000000000000000e+00 7.053000000000000380e-01
3.000000000000000000e+00 7.054000000000000270e-01
0.000000000000000000e+00 7.055000000000000160e-01
0.000000000000000000e+00 7.056000000000000050e-01
0.000000000000000000e+00 7.056999999999999940e-01
1.269000000000000000e+03 7.057999999999999829e-01
3.227000000000000000e+03 7.045000000000000151e-01
2.454100000000000000e+04 7.046000000000000041e-01
0.000000000000000000e+00 6.998999999999999666e-01
0.000000000000000000e+00 6.999999999999999556e-01
6.000000000000000000e+00 7.000999999999999446e-01
0.000000000000000000e+00 7.002000000000000446e-01
9.880000000000000000e+02 7.003000000000000336e-01
4.000000000000000000e+00 7.000999999999999446e-01
1.500000000000000000e+01 7.002000000000000446e-01
0.000000000000000000e+00 7.003000000000000336e-01
2.649000000000000000e+03 7.004000000000000226e-01
1.000000000000000000e+00 6.998999999999999666e-01
1.690000000000000000e+02 6.999999999999999556e-01
2.000000000000000000e+00 7.000999999999999446e-01
1.700000000000000000e+02 7.002000000000000446e-01
3.938800000000000000e+04 7.003000000000000336e-01
0.000000000000000000e+00 6.971000000000000529e-01
0.000000000000000000e+00 6.972000000000000419e-01
4.696000000000000000e+03 6.973000000000000309e-01
1.000000000000000000e+00 6.973000000000000309e-01
1.960000000000000000e+02 6.974000000000000199e-01
0.000000000000000000e+00 6.972000000000000419e-01
9.000000000000000000e+00 6.973000000000000309e-01
5.170000000000000000e+02 6.974000000000000199e-01
3.000000000000000000e+00 6.975000000000000089e-01
2.000000000000000000e+00 6.975999999999999979e-01
7.400000000000000000e+01 6.976999999999999869e-01
0.000000000000000000e+00 6.977999999999999758e-01
3.100000000000000000e+01 6.978999999999999648e-01
0.000000000000000000e+00 6.979999999999999538e-01
2.900000000000000000e+01 6.981000000000000538e-01
6.800000000000000000e+01 6.982000000000000428e-01
2.600000000000000000e+02 6.983000000000000318e-01
2.000000000000000000e+00 6.981000000000000538e-01
1.250000000000000000e+02 6.982000000000000428e-01
1.880000000000000000e+02 6.983000000000000318e-01
1.000000000000000000e+00 6.984000000000000208e-01
2.000000000000000000e+00 6.985000000000000098e-01
0.000000000000000000e+00 6.985999999999999988e-01
9.037000000000000000e+03 6.986999999999999877e-01
5.000000000000000000e+00 6.987999999999999767e-01
9.440000000000000000e+02 6.988999999999999657e-01
0.000000000000000000e+00 6.985000000000000098e-01
0.000000000000000000e+00 6.985999999999999988e-01
5.000000000000000000e+00 6.986999999999999877e-01
3.000000000000000000e+00 6.987999999999999767e-01
5.000000000000000000e+00 6.988999999999999657e-01
0.000000000000000000e+00 6.989999999999999547e-01
1.000000000000000000e+00 6.991000000000000547e-01
0.000000000000000000e+00 6.992000000000000437e-01
0.000000000000000000e+00 6.993000000000000327e-01
3.900000000000000000e+01 6.994000000000000217e-01
0.000000000000000000e+00 6.995000000000000107e-01
1.000000000000000000e+00 6.995999999999999996e-01
5.200000000000000000e+01 6.996999999999999886e-01
0.000000000000000000e+00 6.997999999999999776e-01
4.500000000000000000e+01 6.998999999999999666e-01
5.590000000000000000e+02 6.999999999999999556e-01
0.000000000000000000e+00 6.986999999999999877e-01
1.800000000000000000e+01 6.987999999999999767e-01
1.920000000000000000e+02 6.988999999999999657e-01
0.000000000000000000e+00 6.989999999999999547e-01
3.422000000000000000e+03 6.991000000000000547e-01
5.600000000000000000e+01 6.985999999999999988e-01
0.000000000000000000e+00 6.984000000000000208e-01
0.000000000000000000e+00 6.985000000000000098e-01
2.100000000000000000e+01 6.985999999999999988e-01
7.560000000000000000e+02 6.986999999999999877e-01
8.000000000000000000e+00 6.987999999999999767e-01
8.000000000000000000e+00 6.988999999999999657e-01
1.800000000000000000e+01 6.989999999999999547e-01
8.000000000000000000e+00 6.991000000000000547e-01
5.900000000000000000e+01 6.992000000000000437e-01
4.000000000000000000e+00 6.992000000000000437e-01
1.000000000000000000e+00 6.993000000000000327e-01
6.000000000000000000e+00 6.994000000000000217e-01
0.000000000000000000e+00 6.995000000000000107e-01
2.320000000000000000e+02 6.995999999999999996e-01
0.000000000000000000e+00 6.996999999999999886e-01
0.000000000000000000e+00 6.997999999999999776e-01
2.406000000000000000e+03 6.998999999999999666e-01
1.000000000000000000e+00 6.999999999999999556e-01
1.089000000000000000e+03 7.000999999999999446e-01
0.000000000000000000e+00 7.002000000000000446e-01
2.200000000000000000e+01 7.003000000000000336e-01
1.000000000000000000e+00 7.004000000000000226e-01
0.000000000000000000e+00 7.005000000000000115e-01
0.000000000000000000e+00 7.006000000000000005e-01
2.000000000000000000e+00 7.006999999999999895e-01
4.000000000000000000e+00 7.007999999999999785e-01
0.000000000000000000e+00 7.008999999999999675e-01
2.000000000000000000e+00 7.009999999999999565e-01
4.050000000000000000e+02 7.010999999999999455e-01
3.000000000000000000e+00 7.012000000000000455e-01
0.000000000000000000e+00 7.013000000000000345e-01
3.227000000000000000e+03 7.014000000000000234e-01
1.750000000000000000e+02 7.015000000000000124e-01
1.170000000000000000e+02 7.016000000000000014e-01
1.400000000000000000e+01 7.015000000000000124e-01
1.568000000000000000e+03 7.016000000000000014e-01
1.000000000000000000e+01 7.016999999999999904e-01
6.000000000000000000e+01 7.017999999999999794e-01
4.940000000000000000e+02 7.018999999999999684e-01
1.000000000000000000e+00 7.019999999999999574e-01
3.650000000000000000e+02 7.020999999999999464e-01
2.000000000000000000e+00 7.022000000000000464e-01
1.710000000000000000e+02 7.023000000000000353e-01
6.940000000000000000e+02 7.024000000000000243e-01
2.930000000000000000e+02 7.024000000000000243e-01
6.700000000000000000e+01 7.025000000000000133e-01
1.400000000000000000e+01 7.026000000000000023e-01
6.040000000000000000e+02 7.026999999999999913e-01
0.000000000000000000e+00 7.027999999999999803e-01
1.000000000000000000e+00 7.028999999999999693e-01
5.000000000000000000e+00 7.029999999999999583e-01
4.700000000000000000e+01 7.030999999999999472e-01
3.200000000000000000e+01 7.032000000000000473e-01
6.200000000000000000e+01 7.033000000000000362e-01
4.000000000000000000e+00 7.034000000000000252e-01
2.290000000000000000e+02 7.033000000000000362e-01
2.300000000000000000e+01 7.032000000000000473e-01
5.000000000000000000e+00 7.033000000000000362e-01
1.410000000000000000e+03 7.034000000000000252e-01
4.000000000000000000e+00 7.035000000000000142e-01
0.000000000000000000e+00 7.036000000000000032e-01
2.000000000000000000e+00 7.036999999999999922e-01
2.400000000000000000e+01 7.036999999999999922e-01
9.940000000000000000e+02 7.036999999999999922e-01
1.000000000000000000e+00 7.036000000000000032e-01
6.000000000000000000e+00 7.036999999999999922e-01
0.000000000000000000e+00 7.037999999999999812e-01
2.400000000000000000e+01 7.038999999999999702e-01
7.100000000000000000e+01 7.039999999999999591e-01
3.000000000000000000e+00 7.037999999999999812e-01
1.000000000000000000e+00 7.038999999999999702e-01
7.000000000000000000e+00 7.039999999999999591e-01
2.100000000000000000e+01 7.040999999999999481e-01
2.400000000000000000e+01 7.039999999999999591e-01
6.000000000000000000e+00 7.040999999999999481e-01
1.236000000000000000e+03 7.042000000000000481e-01
5.890000000000000000e+02 7.043000000000000371e-01
3.000000000000000000e+00 7.044000000000000261e-01
5.000000000000000000e+00 7.045000000000000151e-01
6.300000000000000000e+01 7.046000000000000041e-01
0.000000000000000000e+00 7.046999999999999931e-01
1.272200000000000000e+04 7.047999999999999821e-01
5.100000000000000000e+01 7.045000000000000151e-01
9.000000000000000000e+00 7.046000000000000041e-01
2.440000000000000000e+02 7.046999999999999931e-01
5.100000000000000000e+01 7.044000000000000261e-01
2.080000000000000000e+02 7.044000000000000261e-01
5.471000000000000000e+03 7.042000000000000481e-01
1.000000000000000000e+00 7.033000000000000362e-01
2.000000000000000000e+00 7.034000000000000252e-01
0.000000000000000000e+00 7.035000000000000142e-01
8.210000000000000000e+02 7.036000000000000032e-01
0.000000000000000000e+00 7.036999999999999922e-01
0.000000000000000000e+00 7.037999999999999812e-01
1.640000000000000000e+02 7.038999999999999702e-01
0.000000000000000000e+00 7.039999999999999591e-01
3.000000000000000000e+00 7.040999999999999481e-01
5.000000000000000000e+00 7.042000000000000481e-01
9.000000000000000000e+00 7.043000000000000371e-01
8.000000000000000000e+00 7.044000000000000261e-01
1.840000000000000000e+02 7.045000000000000151e-01
7.000000000000000000e+00 7.046000000000000041e-01
5.000000000000000000e+00 7.046999999999999931e-01
7.602000000000000000e+03 7.047999999999999821e-01
2.300000000000000000e+01 7.025000000000000133e-01
0.000000000000000000e+00 7.026000000000000023e-01
4.000000000000000000e+00 7.026999999999999913e-01
5.800000000000000000e+01 7.026000000000000023e-01
2.000000000000000000e+01 7.025000000000000133e-01
0.000000000000000000e+00 7.026000000000000023e-01
2.000000000000000000e+00 7.026999999999999913e-01
0.000000000000000000e+00 7.027999999999999803e-01
1.000000000000000000e+00 7.028999999999999693e-01
3.000000000000000000e+01 7.029999999999999583e-01
1.201000000000000000e+03 7.030999999999999472e-01
0.000000000000000000e+00 7.028999999999999693e-01
2.400000000000000000e+01 7.029999999999999583e-01
1.480000000000000000e+02 7.030999999999999472e-01
8.400000000000000000e+02 7.027999999999999803e-01
0.000000000000000000e+00 7.026999999999999913e-01
0.000000000000000000e+00 7.027999999999999803e-01
4.513000000000000000e+03 7.028999999999999693e-01
6.000000000000000000e+00 7.027999999999999803e-01
3.000000000000000000e+00 7.028999999999999693e-01
3.124000000000000000e+03 7.028999999999999693e-01
0.000000000000000000e+00 7.027999999999999803e-01
8.600000000000000000e+01 7.028999999999999693e-01
1.000000000000000000e+00 7.027999999999999803e-01
2.702100000000000000e+04 7.028999999999999693e-01
3.000000000000000000e+00 7.020999999999999464e-01
0.000000000000000000e+00 7.019999999999999574e-01
4.000000000000000000e+00 7.020999999999999464e-01
0.000000000000000000e+00 7.022000000000000464e-01
1.700000000000000000e+01 7.023000000000000353e-01
6.300000000000000000e+01 7.024000000000000243e-01
1.710000000000000000e+02 7.025000000000000133e-01
0.000000000000000000e+00 7.026000000000000023e-01
1.240000000000000000e+02 7.026999999999999913e-01
1.730000000000000000e+02 7.027999999999999803e-01
0.000000000000000000e+00 7.028999999999999693e-01
0.000000000000000000e+00 7.029999999999999583e-01
0.000000000000000000e+00 7.030999999999999472e-01
6.000000000000000000e+00 7.032000000000000473e-01
2.000000000000000000e+00 7.033000000000000362e-01
4.000000000000000000e+00 7.034000000000000252e-01
1.340000000000000000e+02 7.035000000000000142e-01
4.000000000000000000e+00 7.036000000000000032e-01
5.000000000000000000e+00 7.036999999999999922e-01
0.000000000000000000e+00 7.037999999999999812e-01
6.700000000000000000e+01 7.038999999999999702e-01
0.000000000000000000e+00 7.039999999999999591e-01
8.070000000000000000e+02 7.040999999999999481e-01
1.532000000000000000e+03 7.035000000000000142e-01
1.200000000000000000e+01 7.036000000000000032e-01
0.000000000000000000e+00 7.036999999999999922e-01
2.200000000000000000e+01 7.037999999999999812e-01
1.690000000000000000e+02 7.038999999999999702e-01
2.000000000000000000e+00 7.039999999999999591e-01
5.250000000000000000e+02 7.040999999999999481e-01
1.890000000000000000e+02 7.042000000000000481e-01
3.400000000000000000e+01 7.043000000000000371e-01
2.000000000000000000e+00 7.044000000000000261e-01
4.550000000000000000e+03 7.045000000000000151e-01
4.000000000000000000e+02 7.046000000000000041e-01
3.600000000000000000e+01 7.046999999999999931e-01
0.000000000000000000e+00 7.047999999999999821e-01
1.000000000000000000e+00 7.048999999999999710e-01
4.000000000000000000e+00 7.049999999999999600e-01
3.000000000000000000e+00 7.050999999999999490e-01
3.700000000000000000e+01 7.052000000000000490e-01
7.200000000000000000e+01 7.053000000000000380e-01
0.000000000000000000e+00 7.054000000000000270e-01
7.900000000000000000e+01 7.055000000000000160e-01
1.180000000000000000e+02 7.056000000000000050e-01
0.000000000000000000e+00 7.056999999999999940e-01
6.240000000000000000e+02 7.057999999999999829e-01
1.090000000000000000e+02 7.056000000000000050e-01
0.000000000000000000e+00 7.056999999999999940e-01
8.000000000000000000e+00 7.057999999999999829e-01
1.000000000000000000e+00 7.058999999999999719e-01
2.200000000000000000e+01 7.059999999999999609e-01
2.000000000000000000e+00 7.060999999999999499e-01
6.290000000000000000e+03 7.062000000000000499e-01
0.000000000000000000e+00 7.057999999999999829e-01
6.000000000000000000e+00 7.058999999999999719e-01
0.000000000000000000e+00 7.059999999999999609e-01
4.100000000000000000e+01 7.060999999999999499e-01
2.000000000000000000e+00 7.062000000000000499e-01
1.885700000000000000e+04 7.063000000000000389e-01
0.000000000000000000e+00 7.052000000000000490e-01
8.000000000000000000e+00 7.053000000000000380e-01
3.041000000000000000e+03 7.054000000000000270e-01
1.300000000000000000e+01 7.049999999999999600e-01
2.000000000000000000e+00 7.050999999999999490e-01
6.600000000000000000e+01 7.052000000000000490e-01
1.200000000000000000e+01 7.053000000000000380e-01
1.677900000000000000e+04 7.053000000000000380e-01
0.000000000000000000e+00 7.046999999999999931e-01
0.000000000000000000e+00 7.047999999999999821e-01
1.400000000000000000e+01 7.048999999999999710e-01
0.000000000000000000e+00 7.047999999999999821e-01
4.800000000000000000e+01 7.048999999999999710e-01
0.000000000000000000e+00 7.049999999999999600e-01
3.948000000000000000e+03 7.050999999999999490e-01
3.000000000000000000e+00 7.036999999999999922e-01
0.000000000000000000e+00 7.037999999999999812e-01
4.400000000000000000e+01 7.038999999999999702e-01
3.000000000000000000e+00 7.039999999999999591e-01
3.000000000000000000e+00 7.040999999999999481e-01
5.050000000000000000e+02 7.040999999999999481e-01
2.000000000000000000e+00 7.038999999999999702e-01
8.000000000000000000e+00 7.039999999999999591e-01
0.000000000000000000e+00 7.040999999999999481e-01
0.000000000000000000e+00 7.042000000000000481e-01
5.000000000000000000e+00 7.043000000000000371e-01
1.440000000000000000e+02 7.044000000000000261e-01
4.000000000000000000e+00 7.043000000000000371e-01
0.000000000000000000e+00 7.044000000000000261e-01
5.000000000000000000e+00 7.045000000000000151e-01
8.200000000000000000e+01 7.046000000000000041e-01
0.000000000000000000e+00 7.046999999999999931e-01
0.000000000000000000e+00 7.047999999999999821e-01
0.000000000000000000e+00 7.048999999999999710e-01
0.000000000000000000e+00 7.049999999999999600e-01
1.009000000000000000e+04 7.050999999999999490e-01
8.000000000000000000e+00 7.024000000000000243e-01
0.000000000000000000e+00 7.025000000000000133e-01
4.000000000000000000e+00 7.026000000000000023e-01
0.000000000000000000e+00 7.026999999999999913e-01
0.000000000000000000e+00 7.027999999999999803e-01
1.000000000000000000e+01 7.028999999999999693e-01
2.550000000000000000e+02 7.029999999999999583e-01
1.000000000000000000e+00 7.030999999999999472e-01
5.000000000000000000e+00 7.032000000000000473e-01
1.000000000000000000e+00 7.033000000000000362e-01
1.663000000000000000e+03 7.034000000000000252e-01
3.860000000000000000e+02 7.035000000000000142e-01
1.410000000000000000e+02 7.032000000000000473e-01
0.000000000000000000e+00 7.033000000000000362e-01
0.000000000000000000e+00 7.034000000000000252e-01
4.543000000000000000e+03 7.035000000000000142e-01
3.000000000000000000e+00 7.033000000000000362e-01
6.000000000000000000e+00 7.034000000000000252e-01
0.000000000000000000e+00 7.035000000000000142e-01
0.000000000000000000e+00 7.036000000000000032e-01
6.290000000000000000e+02 7.036999999999999922e-01
1.000000000000000000e+00 7.036000000000000032e-01
0.000000000000000000e+00 7.036999999999999922e-01
5.340000000000000000e+02 7.037999999999999812e-01
1.010000000000000000e+03 7.037999999999999812e-01
0.000000000000000000e+00 7.036999999999999922e-01
2.300000000000000000e+02 7.037999999999999812e-01
8.190000000000000000e+02 7.038999999999999702e-01
0.000000000000000000e+00 7.035000000000000142e-01
0.000000000000000000e+00 7.036000000000000032e-01
2.360000000000000000e+02 7.036999999999999922e-01
2.400000000000000000e+01 7.037999999999999812e-01
0.000000000000000000e+00 7.038999999999999702e-01
9.100000000000000000e+01 7.039999999999999591e-01
0.000000000000000000e+00 7.040999999999999481e-01
0.000000000000000000e+00 7.042000000000000481e-01
2.300000000000000000e+01 7.043000000000000371e-01
0.000000000000000000e+00 7.044000000000000261e-01
0.000000000000000000e+00 7.045000000000000151e-01
0.000000000000000000e+00 7.046000000000000041e-01
0.000000000000000000e+00 7.046999999999999931e-01
3.000000000000000000e+00 7.047999999999999821e-01
7.000000000000000000e+00 7.048999999999999710e-01
6.170000000000000000e+02 7.049999999999999600e-01
0.000000000000000000e+00 7.042000000000000481e-01
0.000000000000000000e+00 7.043000000000000371e-01
0.000000000000000000e+00 7.044000000000000261e-01
1.035000000000000000e+03 7.045000000000000151e-01
8.000000000000000000e+00 7.036999999999999922e-01
1.347000000000000000e+03 7.037999999999999812e-01
4.200000000000000000e+01 7.032000000000000473e-01
3.150000000000000000e+02 7.029999999999999583e-01
3.245000000000000000e+03 7.028999999999999693e-01
2.020000000000000000e+02 7.018999999999999684e-01
1.200000000000000000e+01 7.019999999999999574e-01
2.300000000000000000e+01 7.020999999999999464e-01
0.000000000000000000e+00 7.022000000000000464e-01
7.690000000000000000e+02 7.023000000000000353e-01
2.000000000000000000e+00 7.016000000000000014e-01
5.000000000000000000e+00 7.016999999999999904e-01
1.460000000000000000e+02 7.017999999999999794e-01
0.000000000000000000e+00 7.018999999999999684e-01
1.720000000000000000e+02 7.019999999999999574e-01
1.300000000000000000e+01 7.017999999999999794e-01
0.000000000000000000e+00 7.017999999999999794e-01
9.000000000000000000e+00 7.018999999999999684e-01
3.351100000000000000e+04 7.019999999999999574e-01
4.000000000000000000e+00 7.005000000000000115e-01
2.480000000000000000e+02 7.006000000000000005e-01
7.000000000000000000e+00 7.003000000000000336e-01
0.000000000000000000e+00 7.004000000000000226e-01
4.000000000000000000e+00 7.005000000000000115e-01
0.000000000000000000e+00 7.005000000000000115e-01
9.900000000000000000e+01 7.006000000000000005e-01
9.100000000000000000e+01 7.006999999999999895e-01
6.600000000000000000e+01 7.007999999999999785e-01
3.000000000000000000e+00 7.008999999999999675e-01
1.000000000000000000e+00 7.009999999999999565e-01
2.000000000000000000e+00 7.009999999999999565e-01
2.000000000000000000e+00 7.010999999999999455e-01
6.600000000000000000e+01 7.012000000000000455e-01
4.000000000000000000e+00 7.013000000000000345e-01
1.000000000000000000e+00 7.014000000000000234e-01
1.366000000000000000e+03 7.015000000000000124e-01
4.000000000000000000e+00 7.016000000000000014e-01
0.000000000000000000e+00 7.016999999999999904e-01
0.000000000000000000e+00 7.017999999999999794e-01
0.000000000000000000e+00 7.018999999999999684e-01
5.000000000000000000e+01 7.019999999999999574e-01
2.270000000000000000e+02 7.020999999999999464e-01
1.590000000000000000e+02 7.018999999999999684e-01
1.920000000000000000e+02 7.019999999999999574e-01
2.000000000000000000e+00 7.014000000000000234e-01
6.030000000000000000e+02 7.013000000000000345e-01
5.300000000000000000e+01 7.012000000000000455e-01
4.000000000000000000e+00 7.013000000000000345e-01
8.900000000000000000e+01 7.014000000000000234e-01
2.000000000000000000e+00 7.015000000000000124e-01
8.000000000000000000e+00 7.016000000000000014e-01
4.000000000000000000e+00 7.016999999999999904e-01
0.000000000000000000e+00 7.017999999999999794e-01
1.448000000000000000e+04 7.018999999999999684e-01
8.000000000000000000e+00 6.987999999999999767e-01
6.000000000000000000e+00 6.988999999999999657e-01
0.000000000000000000e+00 6.989999999999999547e-01
0.000000000000000000e+00 6.991000000000000547e-01
0.000000000000000000e+00 6.992000000000000437e-01
4.700000000000000000e+01 6.993000000000000327e-01
1.000000000000000000e+00 6.994000000000000217e-01
1.000000000000000000e+00 6.993000000000000327e-01
0.000000000000000000e+00 6.994000000000000217e-01
6.100000000000000000e+01 6.995000000000000107e-01
1.000000000000000000e+01 6.995999999999999996e-01
1.000000000000000000e+00 6.996999999999999886e-01
0.000000000000000000e+00 6.997999999999999776e-01
1.000000000000000000e+00 6.998999999999999666e-01
8.000000000000000000e+00 6.997999999999999776e-01
0.000000000000000000e+00 6.998999999999999666e-01
2.300000000000000000e+01 6.999999999999999556e-01
6.000000000000000000e+00 7.000999999999999446e-01
1.000000000000000000e+01 7.002000000000000446e-01
3.000000000000000000e+00 7.003000000000000336e-01
2.000000000000000000e+00 7.004000000000000226e-01
3.490000000000000000e+02 7.005000000000000115e-01
2.000000000000000000e+00 7.006000000000000005e-01
1.584000000000000000e+03 7.006999999999999895e-01
0.000000000000000000e+00 7.007999999999999785e-01
0.000000000000000000e+00 7.008999999999999675e-01
1.620000000000000000e+02 7.009999999999999565e-01
0.000000000000000000e+00 7.010999999999999455e-01
9.330000000000000000e+02 7.012000000000000455e-01
2.000000000000000000e+00 7.013000000000000345e-01
1.573000000000000000e+03 7.014000000000000234e-01
0.000000000000000000e+00 7.015000000000000124e-01
1.500000000000000000e+01 7.016000000000000014e-01
0.000000000000000000e+00 7.016999999999999904e-01
1.700000000000000000e+01 7.017999999999999794e-01
8.400000000000000000e+02 7.014000000000000234e-01
0.000000000000000000e+00 7.015000000000000124e-01
5.100000000000000000e+01 7.016000000000000014e-01
0.000000000000000000e+00 7.016999999999999904e-01
6.000000000000000000e+00 7.017999999999999794e-01
0.000000000000000000e+00 7.018999999999999684e-01
6.549000000000000000e+03 7.019999999999999574e-01
0.000000000000000000e+00 7.017999999999999794e-01
1.600000000000000000e+01 7.018999999999999684e-01
6.800000000000000000e+01 7.019999999999999574e-01
2.000000000000000000e+00 7.020999999999999464e-01
1.518000000000000000e+03 7.022000000000000464e-01
1.000000000000000000e+00 7.022000000000000464e-01
5.000000000000000000e+00 7.023000000000000353e-01
1.140000000000000000e+02 7.024000000000000243e-01
3.000000000000000000e+00 7.019999999999999574e-01
0.000000000000000000e+00 7.020999999999999464e-01
0.000000000000000000e+00 7.022000000000000464e-01
0.000000000000000000e+00 7.023000000000000353e-01
1.900000000000000000e+01 7.024000000000000243e-01
1.430000000000000000e+02 7.025000000000000133e-01
2.800000000000000000e+01 7.020999999999999464e-01
6.877000000000000000e+03 7.022000000000000464e-01
0.000000000000000000e+00 7.016999999999999904e-01
9.200000000000000000e+01 7.017999999999999794e-01
5.000000000000000000e+00 7.013000000000000345e-01
3.500000000000000000e+01 7.014000000000000234e-01
6.000000000000000000e+00 7.015000000000000124e-01
2.000000000000000000e+00 7.016000000000000014e-01
1.700000000000000000e+01 7.016999999999999904e-01
2.000000000000000000e+00 7.017999999999999794e-01
0.000000000000000000e+00 7.018999999999999684e-01
4.465000000000000000e+03 7.019999999999999574e-01
1.000000000000000000e+01 7.020999999999999464e-01
4.900000000000000000e+02 7.022000000000000464e-01
1.900000000000000000e+01 7.016999999999999904e-01
2.100000000000000000e+01 7.017999999999999794e-01
6.900000000000000000e+01 7.018999999999999684e-01
1.496000000000000000e+03 7.019999999999999574e-01
0.000000000000000000e+00 7.020999999999999464e-01
0.000000000000000000e+00 7.022000000000000464e-01
2.677000000000000000e+03 7.023000000000000353e-01
9.000000000000000000e+00 7.024000000000000243e-01
0.000000000000000000e+00 7.025000000000000133e-01
1.130000000000000000e+02 7.026000000000000023e-01
1.000000000000000000e+00 7.026999999999999913e-01
1.700000000000000000e+01 7.027999999999999803e-01
2.000000000000000000e+00 7.028999999999999693e-01
0.000000000000000000e+00 7.029999999999999583e-01
0.000000000000000000e+00 7.030999999999999472e-01
0.000000000000000000e+00 7.032000000000000473e-01
2.990000000000000000e+02 7.033000000000000362e-01
0.000000000000000000e+00 7.034000000000000252e-01
0.000000000000000000e+00 7.035000000000000142e-01
2.390000000000000000e+02 7.036000000000000032e-01
2.982000000000000000e+03 7.036999999999999922e-01
0.000000000000000000e+00 7.029999999999999583e-01
9.300000000000000000e+01 7.030999999999999472e-01
1.296000000000000000e+03 7.027999999999999803e-01
0.000000000000000000e+00 7.028999999999999693e-01
0.000000000000000000e+00 7.029999999999999583e-01
5.350000000000000000e+02 7.030999999999999472e-01
7.130000000000000000e+02 7.030999999999999472e-01
1.500000000000000000e+01 7.023000000000000353e-01
2.000000000000000000e+00 7.024000000000000243e-01
4.000000000000000000e+00 7.025000000000000133e-01
2.370000000000000000e+02 7.024000000000000243e-01
0.000000000000000000e+00 7.024000000000000243e-01
6.094000000000000000e+03 7.025000000000000133e-01
0.000000000000000000e+00 7.022000000000000464e-01
2.025000000000000000e+03 7.023000000000000353e-01
5.100000000000000000e+01 7.016000000000000014e-01
1.100000000000000000e+01 7.016999999999999904e-01
1.000000000000000000e+01 7.017999999999999794e-01
8.059000000000000000e+03 7.018999999999999684e-01
1.613000000000000000e+03 7.013000000000000345e-01
0.000000000000000000e+00 7.006000000000000005e-01
7.650000000000000000e+02 7.006999999999999895e-01
0.000000000000000000e+00 7.007999999999999785e-01
2.600000000000000000e+01 7.008999999999999675e-01
3.000000000000000000e+00 7.009999999999999565e-01
5.000000000000000000e+00 7.010999999999999455e-01
1.000000000000000000e+00 7.012000000000000455e-01
3.000000000000000000e+01 7.013000000000000345e-01
0.000000000000000000e+00 7.010999999999999455e-01
0.000000000000000000e+00 7.012000000000000455e-01
1.800000000000000000e+01 7.013000000000000345e-01
9.000000000000000000e+00 7.014000000000000234e-01
0.000000000000000000e+00 7.015000000000000124e-01
0.000000000000000000e+00 7.016000000000000014e-01
1.000000000000000000e+00 7.016999999999999904e-01
2.700000000000000000e+01 7.017999999999999794e-01
1.000000000000000000e+00 7.016000000000000014e-01
1.800000000000000000e+01 7.016999999999999904e-01
8.100000000000000000e+01 7.017999999999999794e-01
0.000000000000000000e+00 7.014000000000000234e-01
1.000000000000000000e+00 7.015000000000000124e-01
8.000000000000000000e+00 7.016000000000000014e-01
1.664000000000000000e+03 7.016999999999999904e-01
0.000000000000000000e+00 7.010999999999999455e-01
3.000000000000000000e+00 7.012000000000000455e-01
0.000000000000000000e+00 7.013000000000000345e-01
2.021000000000000000e+03 7.014000000000000234e-01
2.000000000000000000e+00 7.015000000000000124e-01
3.000000000000000000e+00 7.016000000000000014e-01
1.000000000000000000e+00 7.016999999999999904e-01
9.500000000000000000e+01 7.017999999999999794e-01
2.400000000000000000e+01 7.018999999999999684e-01
0.000000000000000000e+00 7.019999999999999574e-01
0.000000000000000000e+00 7.020999999999999464e-01
1.000000000000000000e+00 7.022000000000000464e-01
2.948000000000000000e+03 7.023000000000000353e-01
4.000000000000000000e+00 7.015000000000000124e-01
0.000000000000000000e+00 7.016000000000000014e-01
0.000000000000000000e+00 7.016999999999999904e-01
6.190000000000000000e+02 7.017999999999999794e-01
0.000000000000000000e+00 7.018999999999999684e-01
2.890000000000000000e+02 7.019999999999999574e-01
1.370000000000000000e+02 7.020999999999999464e-01
1.397400000000000000e+04 7.022000000000000464e-01
0.000000000000000000e+00 7.015000000000000124e-01
1.000000000000000000e+00 7.016000000000000014e-01
1.200000000000000000e+01 7.016999999999999904e-01
9.665000000000000000e+03 7.017999999999999794e-01
2.300000000000000000e+01 7.009999999999999565e-01
3.000000000000000000e+00 7.010999999999999455e-01
2.200000000000000000e+01 7.012000000000000455e-01
0.000000000000000000e+00 7.009999999999999565e-01
1.170000000000000000e+02 7.010999999999999455e-01
2.000000000000000000e+00 7.012000000000000455e-01
0.000000000000000000e+00 7.013000000000000345e-01
0.000000000000000000e+00 7.014000000000000234e-01
8.100000000000000000e+01 7.015000000000000124e-01
4.000000000000000000e+00 7.016000000000000014e-01
2.000000000000000000e+00 7.016999999999999904e-01
4.100000000000000000e+01 7.016000000000000014e-01
0.000000000000000000e+00 7.014000000000000234e-01
4.000000000000000000e+00 7.015000000000000124e-01
2.100000000000000000e+01 7.016000000000000014e-01
0.000000000000000000e+00 7.016999999999999904e-01
0.000000000000000000e+00 7.017999999999999794e-01
0.000000000000000000e+00 7.018999999999999684e-01
3.300000000000000000e+01 7.019999999999999574e-01
2.000000000000000000e+00 7.020999999999999464e-01
6.752000000000000000e+03 7.022000000000000464e-01
1.330000000000000000e+02 7.015000000000000124e-01
2.901400000000000000e+04 7.016000000000000014e-01
1.000000000000000000e+00 6.995999999999999996e-01
0.000000000000000000e+00 6.996999999999999886e-01
1.710000000000000000e+02 6.997999999999999776e-01
1.720000000000000000e+02 6.996999999999999886e-01
0.000000000000000000e+00 6.997999999999999776e-01
1.500000000000000000e+01 6.998999999999999666e-01
1.400000000000000000e+01 6.999999999999999556e-01
3.680000000000000000e+02 6.997999999999999776e-01
2.200000000000000000e+01 6.998999999999999666e-01
4.670000000000000000e+02 6.999999999999999556e-01
2.000000000000000000e+00 6.996999999999999886e-01
5.300000000000000000e+01 6.997999999999999776e-01
9.800000000000000000e+02 6.998999999999999666e-01
7.000000000000000000e+00 6.999999999999999556e-01
3.460000000000000000e+02 7.000999999999999446e-01
1.370000000000000000e+02 7.002000000000000446e-01
5.500000000000000000e+01 7.003000000000000336e-01
7.200000000000000000e+01 7.004000000000000226e-01
5.000000000000000000e+00 7.005000000000000115e-01
0.000000000000000000e+00 7.006000000000000005e-01
1.140000000000000000e+02 7.006999999999999895e-01
0.000000000000000000e+00 7.007999999999999785e-01
4.360000000000000000e+03 7.008999999999999675e-01
2.000000000000000000e+00 7.009999999999999565e-01
0.000000000000000000e+00 7.010999999999999455e-01
7.000000000000000000e+00 7.012000000000000455e-01
1.203000000000000000e+03 7.013000000000000345e-01
0.000000000000000000e+00 7.006000000000000005e-01
3.280000000000000000e+02 7.006999999999999895e-01
2.351000000000000000e+03 7.007999999999999785e-01
1.535000000000000000e+03 7.007999999999999785e-01
1.800000000000000000e+01 7.002000000000000446e-01
3.000000000000000000e+00 7.003000000000000336e-01
2.000000000000000000e+00 7.004000000000000226e-01
0.000000000000000000e+00 7.005000000000000115e-01
5.700000000000000000e+02 7.006000000000000005e-01
4.000000000000000000e+00 7.006999999999999895e-01
3.000000000000000000e+01 7.007999999999999785e-01
0.000000000000000000e+00 7.007999999999999785e-01
0.000000000000000000e+00 7.008999999999999675e-01
0.000000000000000000e+00 7.009999999999999565e-01
0.000000000000000000e+00 7.010999999999999455e-01
4.900000000000000000e+01 7.012000000000000455e-01
2.000000000000000000e+00 7.013000000000000345e-01
2.000000000000000000e+00 7.014000000000000234e-01
3.800000000000000000e+01 7.015000000000000124e-01
1.400000000000000000e+01 7.016000000000000014e-01
7.670000000000000000e+02 7.016999999999999904e-01
4.000000000000000000e+00 7.017999999999999794e-01
9.400000000000000000e+01 7.018999999999999684e-01
2.000000000000000000e+00 7.019999999999999574e-01
1.000000000000000000e+00 7.020999999999999464e-01
7.998000000000000000e+03 7.022000000000000464e-01
0.000000000000000000e+00 7.022000000000000464e-01
3.000000000000000000e+00 7.023000000000000353e-01
2.700000000000000000e+02 7.024000000000000243e-01
0.000000000000000000e+00 7.025000000000000133e-01
5.100000000000000000e+01 7.026000000000000023e-01
0.000000000000000000e+00 7.026999999999999913e-01
1.900000000000000000e+01 7.027999999999999803e-01
9.250000000000000000e+02 7.028999999999999693e-01
5.000000000000000000e+00 7.026999999999999913e-01
1.000000000000000000e+00 7.025000000000000133e-01
2.700000000000000000e+01 7.026000000000000023e-01
0.000000000000000000e+00 7.026999999999999913e-01
2.000000000000000000e+00 7.027999999999999803e-01
2.000000000000000000e+00 7.028999999999999693e-01
0.000000000000000000e+00 7.029999999999999583e-01
0.000000000000000000e+00 7.030999999999999472e-01
1.000000000000000000e+00 7.032000000000000473e-01
4.000000000000000000e+00 7.033000000000000362e-01
3.000000000000000000e+00 7.034000000000000252e-01
1.360000000000000000e+02 7.035000000000000142e-01
0.000000000000000000e+00 7.036000000000000032e-01
6.000000000000000000e+00 7.036999999999999922e-01
1.080000000000000000e+02 7.037999999999999812e-01
2.000000000000000000e+00 7.035000000000000142e-01
0.000000000000000000e+00 7.036000000000000032e-01
2.060000000000000000e+02 7.036999999999999922e-01
7.439300000000000000e+04 7.037999999999999812e-01
6.200000000000000000e+01 7.002000000000000446e-01
0.000000000000000000e+00 7.003000000000000336e-01
8.400000000000000000e+01 7.004000000000000226e-01
7.000000000000000000e+00 7.005000000000000115e-01
9.200000000000000000e+01 7.006000000000000005e-01
0.000000000000000000e+00 7.006999999999999895e-01
3.630000000000000000e+02 7.007999999999999785e-01
2.100000000000000000e+01 7.008999999999999675e-01
2.000000000000000000e+00 7.009999999999999565e-01
1.000000000000000000e+00 7.010999999999999455e-01
2.000000000000000000e+00 7.012000000000000455e-01
0.000000000000000000e+00 7.013000000000000345e-01
1.240000000000000000e+02 7.014000000000000234e-01
0.000000000000000000e+00 7.015000000000000124e-01
0.000000000000000000e+00 7.016000000000000014e-01
4.900000000000000000e+01 7.016999999999999904e-01
2.000000000000000000e+00 7.013000000000000345e-01
2.500000000000000000e+01 7.014000000000000234e-01
0.000000000000000000e+00 7.010999999999999455e-01
8.000000000000000000e+01 7.012000000000000455e-01
1.205000000000000000e+03 7.013000000000000345e-01
2.000000000000000000e+01 7.014000000000000234e-01
1.000000000000000000e+00 7.015000000000000124e-01
0.000000000000000000e+00 7.016000000000000014e-01
7.780000000000000000e+03 7.016999999999999904e-01
0.000000000000000000e+00 7.014000000000000234e-01
4.000000000000000000e+00 7.015000000000000124e-01
6.000000000000000000e+00 7.016000000000000014e-01
0.000000000000000000e+00 7.016999999999999904e-01
1.000000000000000000e+00 7.017999999999999794e-01
1.200000000000000000e+01 7.018999999999999684e-01
1.000000000000000000e+00 7.019999999999999574e-01
4.520000000000000000e+02 7.020999999999999464e-01
2.500000000000000000e+01 7.018999999999999684e-01
3.000000000000000000e+00 7.019999999999999574e-01
3.000000000000000000e+00 7.020999999999999464e-01
1.800000000000000000e+01 7.022000000000000464e-01
2.000000000000000000e+00 7.023000000000000353e-01
5.500000000000000000e+01 7.024000000000000243e-01
7.260000000000000000e+02 7.025000000000000133e-01
1.500000000000000000e+01 7.024000000000000243e-01
3.000000000000000000e+00 7.025000000000000133e-01
8.000000000000000000e+00 7.026000000000000023e-01
0.000000000000000000e+00 7.026999999999999913e-01
6.000000000000000000e+00 7.027999999999999803e-01
0.000000000000000000e+00 7.026999999999999913e-01
6.000000000000000000e+00 7.027999999999999803e-01
0.000000000000000000e+00 7.028999999999999693e-01
1.500000000000000000e+01 7.029999999999999583e-01
1.800000000000000000e+01 7.030999999999999472e-01
5.000000000000000000e+00 7.032000000000000473e-01
0.000000000000000000e+00 7.033000000000000362e-01
3.000000000000000000e+00 7.034000000000000252e-01
0.000000000000000000e+00 7.035000000000000142e-01
0.000000000000000000e+00 7.036000000000000032e-01
2.750000000000000000e+02 7.036999999999999922e-01
4.000000000000000000e+00 7.034000000000000252e-01
0.000000000000000000e+00 7.035000000000000142e-01
1.600000000000000000e+01 7.036000000000000032e-01
1.700000000000000000e+02 7.036999999999999922e-01
4.250000000000000000e+02 7.037999999999999812e-01
0.000000000000000000e+00 7.038999999999999702e-01
2.000000000000000000e+00 7.039999999999999591e-01
4.000000000000000000e+00 7.040999999999999481e-01
0.000000000000000000e+00 7.042000000000000481e-01
3.130000000000000000e+02 7.043000000000000371e-01
0.000000000000000000e+00 7.044000000000000261e-01
0.000000000000000000e+00 7.045000000000000151e-01
0.000000000000000000e+00 7.046000000000000041e-01
2.000000000000000000e+01 7.046999999999999931e-01
1.000000000000000000e+00 7.047999999999999821e-01
1.850000000000000000e+02 7.048999999999999710e-01
9.000000000000000000e+00 7.047999999999999821e-01
0.000000000000000000e+00 7.048999999999999710e-01
3.110000000000000000e+02 7.049999999999999600e-01
5.785000000000000000e+03 7.050999999999999490e-01
1.000000000000000000e+00 7.035000000000000142e-01
3.800000000000000000e+01 7.036000000000000032e-01
7.000000000000000000e+00 7.036999999999999922e-01
4.000000000000000000e+01 7.037999999999999812e-01
1.300000000000000000e+01 7.038999999999999702e-01
0.000000000000000000e+00 7.039999999999999591e-01
1.000000000000000000e+00 7.040999999999999481e-01
0.000000000000000000e+00 7.042000000000000481e-01
1.000000000000000000e+00 7.043000000000000371e-01
1.683000000000000000e+03 7.044000000000000261e-01
3.200000000000000000e+01 7.035000000000000142e-01
0.000000000000000000e+00 7.036000000000000032e-01
1.000000000000000000e+00 7.036999999999999922e-01
4.500000000000000000e+01 7.037999999999999812e-01
1.000000000000000000e+00 7.038999999999999702e-01
2.900000000000000000e+01 7.039999999999999591e-01
1.690000000000000000e+02 7.040999999999999481e-01
0.000000000000000000e+00 7.042000000000000481e-01
2.530000000000000000e+02 7.043000000000000371e-01
0.000000000000000000e+00 7.044000000000000261e-01
1.500000000000000000e+01 7.045000000000000151e-01
1.080000000000000000e+02 7.046000000000000041e-01
2.400000000000000000e+01 7.046999999999999931e-01
1.280000000000000000e+02 7.047999999999999821e-01
6.600000000000000000e+02 7.048999999999999710e-01
0.000000000000000000e+00 7.049999999999999600e-01
2.000000000000000000e+01 7.050999999999999490e-01
0.000000000000000000e+00 7.052000000000000490e-01
0.000000000000000000e+00 7.053000000000000380e-01
9.000000000000000000e+01 7.054000000000000270e-01
1.300000000000000000e+01 7.053000000000000380e-01
0.000000000000000000e+00 7.054000000000000270e-01
0.000000000000000000e+00 7.055000000000000160e-01
1.610000000000000000e+02 7.056000000000000050e-01
6.100000000000000000e+01 7.056999999999999940e-01
4.900000000000000000e+01 7.057999999999999829e-01
8.000000000000000000e+00 7.058999999999999719e-01
1.461500000000000000e+04 7.059999999999999609e-01
2.000000000000000000e+00 7.045000000000000151e-01
3.044000000000000000e+03 7.046000000000000041e-01
2.000000000000000000e+00 7.038999999999999702e-01
2.500000000000000000e+01 7.039999999999999591e-01
1.300000000000000000e+01 7.040999999999999481e-01
2.000000000000000000e+00 7.042000000000000481e-01
6.429000000000000000e+03 7.043000000000000371e-01
2.000000000000000000e+00 7.044000000000000261e-01
1.200000000000000000e+01 7.045000000000000151e-01
6.000000000000000000e+01 7.046000000000000041e-01
4.000000000000000000e+00 7.046999999999999931e-01
1.899000000000000000e+03 7.047999999999999821e-01
1.630000000000000000e+02 7.048999999999999710e-01
3.600000000000000000e+01 7.049999999999999600e-01
0.000000000000000000e+00 7.050999999999999490e-01
1.426000000000000000e+03 7.052000000000000490e-01
0.000000000000000000e+00 7.048999999999999710e-01
1.590000000000000000e+02 7.049999999999999600e-01
0.000000000000000000e+00 7.048999999999999710e-01
5.000000000000000000e+00 7.049999999999999600e-01
0.000000000000000000e+00 7.050999999999999490e-01
3.000000000000000000e+00 7.052000000000000490e-01
7.000000000000000000e+00 7.053000000000000380e-01
1.136000000000000000e+03 7.054000000000000270e-01
9.000000000000000000e+00 7.055000000000000160e-01
6.223000000000000000e+03 7.056000000000000050e-01
0.000000000000000000e+00 7.046000000000000041e-01
4.000000000000000000e+00 7.046999999999999931e-01
0.000000000000000000e+00 7.047999999999999821e-01
5.920000000000000000e+02 7.048999999999999710e-01
2.000000000000000000e+00 7.049999999999999600e-01
6.100000000000000000e+01 7.050999999999999490e-01
3.580000000000000000e+02 7.046000000000000041e-01
1.600000000000000000e+01 7.046999999999999931e-01
0.000000000000000000e+00 7.047999999999999821e-01
2.000000000000000000e+00 7.048999999999999710e-01
1.000000000000000000e+00 7.048999999999999710e-01
6.000000000000000000e+00 7.049999999999999600e-01
0.000000000000000000e+00 7.050999999999999490e-01
1.000000000000000000e+00 7.052000000000000490e-01
1.000000000000000000e+00 7.053000000000000380e-01
1.673000000000000000e+03 7.054000000000000270e-01
1.408000000000000000e+03 7.055000000000000160e-01
0.000000000000000000e+00 7.056000000000000050e-01
6.000000000000000000e+00 7.056999999999999940e-01
8.300000000000000000e+01 7.057999999999999829e-01
0.000000000000000000e+00 7.058999999999999719e-01
3.000000000000000000e+00 7.059999999999999609e-01
0.000000000000000000e+00 7.060999999999999499e-01
1.000000000000000000e+00 7.062000000000000499e-01
3.500000000000000000e+01 7.062000000000000499e-01
1.100000000000000000e+01 7.063000000000000389e-01
0.000000000000000000e+00 7.064000000000000279e-01
3.000000000000000000e+01 7.065000000000000169e-01
5.700000000000000000e+01 7.066000000000000059e-01
0.000000000000000000e+00 7.066999999999999948e-01
1.793000000000000000e+03 7.067999999999999838e-01
0.000000000000000000e+00 7.059999999999999609e-01
2.400000000000000000e+01 7.060999999999999499e-01
1.300000000000000000e+01 7.062000000000000499e-01
0.000000000000000000e+00 7.063000000000000389e-01
1.070000000000000000e+02 7.064000000000000279e-01
1.000000000000000000e+01 7.065000000000000169e-01
0.000000000000000000e+00 7.066000000000000059e-01
1.500000000000000000e+01 7.066999999999999948e-01
4.770000000000000000e+02 7.067999999999999838e-01
5.000000000000000000e+00 7.068999999999999728e-01
1.600000000000000000e+01 7.069999999999999618e-01
8.300000000000000000e+01 7.070999999999999508e-01
7.000000000000000000e+00 7.072000000000000508e-01
0.000000000000000000e+00 7.073000000000000398e-01
1.000000000000000000e+00 7.074000000000000288e-01
1.000000000000000000e+00 7.075000000000000178e-01
1.000000000000000000e+00 7.076000000000000068e-01
4.000000000000000000e+00 7.076999999999999957e-01
0.000000000000000000e+00 7.077999999999999847e-01
3.000000000000000000e+00 7.078999999999999737e-01
1.393900000000000000e+04 7.079999999999999627e-01
3.000000000000000000e+00 7.072000000000000508e-01
1.200000000000000000e+01 7.073000000000000398e-01
0.000000000000000000e+00 7.074000000000000288e-01
3.000000000000000000e+00 7.075000000000000178e-01
2.300000000000000000e+01 7.076000000000000068e-01
2.200000000000000000e+01 7.076999999999999957e-01
1.900000000000000000e+01 7.075000000000000178e-01
5.900000000000000000e+01 7.074000000000000288e-01
4.000000000000000000e+00 7.075000000000000178e-01
0.000000000000000000e+00 7.076000000000000068e-01
4.030000000000000000e+02 7.076999999999999957e-01
5.610000000000000000e+02 7.068999999999999728e-01
2.100000000000000000e+01 7.066000000000000059e-01
0.000000000000000000e+00 7.066999999999999948e-01
2.030000000000000000e+02 7.067999999999999838e-01
9.465000000000000000e+03 7.068999999999999728e-01
0.000000000000000000e+00 7.066999999999999948e-01
6.600000000000000000e+01 7.067999999999999838e-01
5.000000000000000000e+00 7.068999999999999728e-01
2.000000000000000000e+00 7.069999999999999618e-01
0.000000000000000000e+00 7.070999999999999508e-01
0.000000000000000000e+00 7.072000000000000508e-01
0.000000000000000000e+00 7.073000000000000398e-01
4.100000000000000000e+01 7.074000000000000288e-01
0.000000000000000000e+00 7.075000000000000178e-01
0.000000000000000000e+00 7.076000000000000068e-01
2.000000000000000000e+00 7.076999999999999957e-01
1.000000000000000000e+00 7.077999999999999847e-01
1.300000000000000000e+01 7.078999999999999737e-01
2.500000000000000000e+02 7.079999999999999627e-01
0.000000000000000000e+00 7.076999999999999957e-01
0.000000000000000000e+00 7.077999999999999847e-01
0.000000000000000000e+00 7.078999999999999737e-01
0.000000000000000000e+00 7.079999999999999627e-01
2.903000000000000000e+03 7.080999999999999517e-01
0.000000000000000000e+00 7.077999999999999847e-01
0.000000000000000000e+00 7.078999999999999737e-01
0.000000000000000000e+00 7.079999999999999627e-01
1.300000000000000000e+01 7.080999999999999517e-01
1.380000000000000000e+02 7.082000000000000517e-01
0.000000000000000000e+00 7.079999999999999627e-01
9.000000000000000000e+00 7.080999999999999517e-01
7.000000000000000000e+00 7.082000000000000517e-01
0.000000000000000000e+00 7.083000000000000407e-01
1.900000000000000000e+01 7.084000000000000297e-01
4.000000000000000000e+00 7.085000000000000187e-01
0.000000000000000000e+00 7.086000000000000076e-01
3.000000000000000000e+00 7.086999999999999966e-01
3.900000000000000000e+01 7.087999999999999856e-01
2.507400000000000000e+04 7.088999999999999746e-01
1.944100000000000000e+04 7.064000000000000279e-01
1.000000000000000000e+00 7.056000000000000050e-01
0.000000000000000000e+00 7.056000000000000050e-01
2.020000000000000000e+02 7.056999999999999940e-01
0.000000000000000000e+00 7.057999999999999829e-01
7.470000000000000000e+02 7.058999999999999719e-01
1.140000000000000000e+02 7.059999999999999609e-01
1.100000000000000000e+01 7.056999999999999940e-01
1.000000000000000000e+00 7.057999999999999829e-01
6.900000000000000000e+01 7.058999999999999719e-01
2.300000000000000000e+01 7.059999999999999609e-01
0.000000000000000000e+00 7.060999999999999499e-01
1.000000000000000000e+00 7.062000000000000499e-01
1.000000000000000000e+01 7.063000000000000389e-01
0.000000000000000000e+00 7.064000000000000279e-01
1.000000000000000000e+00 7.065000000000000169e-01
1.459000000000000000e+03 7.066000000000000059e-01
9.130000000000000000e+02 7.060999999999999499e-01
0.000000000000000000e+00 7.062000000000000499e-01
0.000000000000000000e+00 7.063000000000000389e-01
1.110000000000000000e+02 7.064000000000000279e-01
0.000000000000000000e+00 7.065000000000000169e-01
0.000000000000000000e+00 7.066000000000000059e-01
0.000000000000000000e+00 7.066999999999999948e-01
4.000000000000000000e+00 7.067999999999999838e-01
0.000000000000000000e+00 7.068999999999999728e-01
0.000000000000000000e+00 7.069999999999999618e-01
6.020000000000000000e+02 7.070999999999999508e-01
2.807800000000000000e+04 7.072000000000000508e-01
5.000000000000000000e+00 7.049999999999999600e-01
4.200000000000000000e+01 7.050999999999999490e-01
0.000000000000000000e+00 7.052000000000000490e-01
1.830000000000000000e+02 7.053000000000000380e-01
1.000000000000000000e+00 7.054000000000000270e-01
3.000000000000000000e+01 7.055000000000000160e-01
2.300000000000000000e+01 7.056000000000000050e-01
8.000000000000000000e+00 7.056999999999999940e-01
2.860000000000000000e+02 7.057999999999999829e-01
6.500000000000000000e+01 7.058999999999999719e-01
1.074800000000000000e+04 7.059999999999999609e-01
0.000000000000000000e+00 7.057999999999999829e-01
1.200000000000000000e+01 7.058999999999999719e-01
0.000000000000000000e+00 7.058999999999999719e-01
2.300000000000000000e+01 7.059999999999999609e-01
0.000000000000000000e+00 7.060999999999999499e-01
1.580000000000000000e+02 7.062000000000000499e-01
0.000000000000000000e+00 7.063000000000000389e-01
2.000000000000000000e+00 7.064000000000000279e-01
0.000000000000000000e+00 7.065000000000000169e-01
1.420000000000000000e+02 7.066000000000000059e-01
2.043000000000000000e+03 7.066999999999999948e-01
7.830000000000000000e+02 7.066999999999999948e-01
2.608000000000000000e+03 7.067999999999999838e-01
0.000000000000000000e+00 7.066000000000000059e-01
6.000000000000000000e+00 7.066999999999999948e-01
2.000000000000000000e+01 7.067999999999999838e-01
0.000000000000000000e+00 7.066999999999999948e-01
6.776000000000000000e+03 7.067999999999999838e-01
1.000000000000000000e+00 7.068999999999999728e-01
8.000000000000000000e+00 7.069999999999999618e-01
0.000000000000000000e+00 7.070999999999999508e-01
8.700000000000000000e+01 7.072000000000000508e-01
1.310000000000000000e+02 7.073000000000000398e-01
0.000000000000000000e+00 7.072000000000000508e-01
1.000000000000000000e+00 7.073000000000000398e-01
4.350000000000000000e+02 7.074000000000000288e-01
2.000000000000000000e+00 7.073000000000000398e-01
4.200000000000000000e+01 7.074000000000000288e-01
0.000000000000000000e+00 7.074000000000000288e-01
1.000000000000000000e+01 7.075000000000000178e-01
6.000000000000000000e+00 7.076000000000000068e-01
1.710000000000000000e+02 7.076999999999999957e-01
1.000000000000000000e+00 7.076000000000000068e-01
0.000000000000000000e+00 7.076999999999999957e-01
7.000000000000000000e+00 7.077999999999999847e-01
0.000000000000000000e+00 7.078999999999999737e-01
0.000000000000000000e+00 7.079999999999999627e-01
8.350000000000000000e+02 7.080999999999999517e-01
0.000000000000000000e+00 7.082000000000000517e-01
1.600000000000000000e+01 7.083000000000000407e-01
2.800000000000000000e+01 7.084000000000000297e-01
3.800000000000000000e+01 7.083000000000000407e-01
5.872000000000000000e+03 7.084000000000000297e-01
0.000000000000000000e+00 7.085000000000000187e-01
1.062000000000000000e+03 7.086000000000000076e-01
0.000000000000000000e+00 7.076999999999999957e-01
0.000000000000000000e+00 7.077999999999999847e-01
3.000000000000000000e+00 7.078999999999999737e-01
3.200000000000000000e+01 7.077999999999999847e-01
1.200000000000000000e+01 7.078999999999999737e-01
0.000000000000000000e+00 7.079999999999999627e-01
1.300000000000000000e+01 7.080999999999999517e-01
0.000000000000000000e+00 7.078999999999999737e-01
1.330000000000000000e+02 7.079999999999999627e-01
0.000000000000000000e+00 7.079999999999999627e-01
1.020000000000000000e+02 7.080999999999999517e-01
1.000000000000000000e+01 7.082000000000000517e-01
3.000000000000000000e+00 7.082000000000000517e-01
3.300000000000000000e+01 7.083000000000000407e-01
1.260000000000000000e+02 7.084000000000000297e-01
2.000000000000000000e+00 7.085000000000000187e-01
1.000000000000000000e+00 7.086000000000000076e-01
0.000000000000000000e+00 7.086999999999999966e-01
0.000000000000000000e+00 7.087999999999999856e-01
3.300000000000000000e+01 7.088999999999999746e-01
4.300000000000000000e+02 7.088999999999999746e-01
2.550700000000000000e+04 7.089999999999999636e-01
3.800000000000000000e+01 7.072000000000000508e-01
0.000000000000000000e+00 7.073000000000000398e-01
2.000000000000000000e+00 7.074000000000000288e-01
0.000000000000000000e+00 7.075000000000000178e-01
0.000000000000000000e+00 7.076000000000000068e-01
0.000000000000000000e+00 7.076999999999999957e-01
3.490000000000000000e+02 7.077999999999999847e-01
0.000000000000000000e+00 7.074000000000000288e-01
4.810000000000000000e+03 7.075000000000000178e-01
0.000000000000000000e+00 7.067999999999999838e-01
3.010000000000000000e+02 7.068999999999999728e-01
0.000000000000000000e+00 7.069999999999999618e-01
2.240000000000000000e+02 7.070999999999999508e-01
2.400000000000000000e+01 7.072000000000000508e-01
1.850000000000000000e+02 7.073000000000000398e-01
3.200000000000000000e+01 7.072000000000000508e-01
3.490000000000000000e+02 7.073000000000000398e-01
0.000000000000000000e+00 7.074000000000000288e-01
8.000000000000000000e+00 7.075000000000000178e-01
8.200000000000000000e+01 7.076000000000000068e-01
5.743000000000000000e+03 7.076999999999999957e-01
1.000000000000000000e+00 7.077999999999999847e-01
8.500000000000000000e+01 7.078999999999999737e-01
0.000000000000000000e+00 7.079999999999999627e-01
7.980000000000000000e+02 7.080999999999999517e-01
4.000000000000000000e+00 7.082000000000000517e-01
0.000000000000000000e+00 7.083000000000000407e-01
3.700000000000000000e+01 7.084000000000000297e-01
1.593000000000000000e+03 7.085000000000000187e-01
1.897000000000000000e+03 7.084000000000000297e-01
7.000000000000000000e+00 7.079999999999999627e-01
1.300000000000000000e+01 7.080999999999999517e-01
0.000000000000000000e+00 7.080999999999999517e-01
0.000000000000000000e+00 7.082000000000000517e-01
0.000000000000000000e+00 7.083000000000000407e-01
9.300000000000000000e+01 7.084000000000000297e-01
7.000000000000000000e+01 7.085000000000000187e-01
1.000000000000000000e+00 7.086000000000000076e-01
3.000000000000000000e+00 7.086999999999999966e-01
1.000000000000000000e+00 7.087999999999999856e-01
2.124800000000000000e+04 7.088999999999999746e-01
8.760000000000000000e+02 7.052000000000000490e-01
3.224000000000000000e+03 7.053000000000000380e-01
0.000000000000000000e+00 7.033000000000000362e-01
1.000000000000000000e+00 7.034000000000000252e-01
9.000000000000000000e+00 7.035000000000000142e-01
5.700000000000000000e+01 7.036000000000000032e-01
0.000000000000000000e+00 7.036999999999999922e-01
0.000000000000000000e+00 7.037999999999999812e-01
5.843000000000000000e+03 7.038999999999999702e-01
1.704100000000000000e+04 7.035000000000000142e-01
2.800000000000000000e+01 7.026000000000000023e-01
1.100000000000000000e+01 7.025000000000000133e-01
8.000000000000000000e+00 7.026000000000000023e-01
0.000000000000000000e+00 7.026999999999999913e-01
1.000000000000000000e+01 7.027999999999999803e-01
3.000000000000000000e+00 7.027999999999999803e-01
1.400000000000000000e+01 7.028999999999999693e-01
0.000000000000000000e+00 7.029999999999999583e-01
1.000000000000000000e+01 7.030999999999999472e-01
2.000000000000000000e+00 7.032000000000000473e-01
1.000000000000000000e+00 7.032000000000000473e-01
4.200000000000000000e+01 7.033000000000000362e-01
0.000000000000000000e+00 7.034000000000000252e-01
0.000000000000000000e+00 7.035000000000000142e-01
0.000000000000000000e+00 7.036000000000000032e-01
4.000000000000000000e+00 7.036999999999999922e-01
1.800000000000000000e+01 7.037999999999999812e-01
8.000000000000000000e+00 7.038999999999999702e-01
5.700000000000000000e+01 7.039999999999999591e-01
0.000000000000000000e+00 7.039999999999999591e-01
1.000000000000000000e+00 7.040999999999999481e-01
2.621000000000000000e+03 7.042000000000000481e-01
1.800000000000000000e+01 7.033000000000000362e-01
1.000000000000000000e+01 7.034000000000000252e-01
0.000000000000000000e+00 7.035000000000000142e-01
7.000000000000000000e+01 7.036000000000000032e-01
3.000000000000000000e+00 7.036999999999999922e-01
4.700000000000000000e+01 7.037999999999999812e-01
0.000000000000000000e+00 7.038999999999999702e-01
9.800000000000000000e+02 7.039999999999999591e-01
1.100000000000000000e+01 7.040999999999999481e-01
2.960000000000000000e+02 7.039999999999999591e-01
0.000000000000000000e+00 7.040999999999999481e-01
3.000000000000000000e+00 7.042000000000000481e-01
1.300000000000000000e+01 7.043000000000000371e-01
2.000000000000000000e+00 7.044000000000000261e-01
0.000000000000000000e+00 7.045000000000000151e-01
0.000000000000000000e+00 7.046000000000000041e-01
4.000000000000000000e+00 7.046999999999999931e-01
6.590000000000000000e+02 7.047999999999999821e-01
5.300000000000000000e+01 7.042000000000000481e-01
1.000000000000000000e+00 7.043000000000000371e-01
1.000000000000000000e+00 7.044000000000000261e-01
0.000000000000000000e+00 7.045000000000000151e-01
1.016100000000000000e+04 7.046000000000000041e-01
7.000000000000000000e+00 7.037999999999999812e-01
4.500000000000000000e+01 7.038999999999999702e-01
0.000000000000000000e+00 7.039999999999999591e-01
0.000000000000000000e+00 7.040999999999999481e-01
8.000000000000000000e+00 7.042000000000000481e-01
3.500000000000000000e+01 7.039999999999999591e-01
5.800000000000000000e+01 7.040999999999999481e-01
1.400000000000000000e+01 7.042000000000000481e-01
3.410000000000000000e+02 7.043000000000000371e-01
1.000000000000000000e+00 7.043000000000000371e-01
3.000000000000000000e+00 7.043000000000000371e-01
1.600000000000000000e+02 7.044000000000000261e-01
3.000000000000000000e+01 7.045000000000000151e-01
0.000000000000000000e+00 7.046000000000000041e-01
0.000000000000000000e+00 7.046999999999999931e-01
2.610000000000000000e+03 7.047999999999999821e-01
0.000000000000000000e+00 7.048999999999999710e-01
1.740000000000000000e+02 7.049999999999999600e-01
1.300000000000000000e+01 7.050999999999999490e-01
1.660000000000000000e+02 7.052000000000000490e-01
7.466000000000000000e+03 7.053000000000000380e-01
3.320000000000000000e+02 7.052000000000000490e-01
3.700000000000000000e+01 7.052000000000000490e-01
8.500000000000000000e+01 7.053000000000000380e-01
3.319000000000000000e+03 7.052000000000000490e-01
1.000000000000000000e+00 7.053000000000000380e-01
0.000000000000000000e+00 7.054000000000000270e-01
2.000000000000000000e+00 7.055000000000000160e-01
0.000000000000000000e+00 7.056000000000000050e-01
1.200000000000000000e+01 7.056999999999999940e-01
0.000000000000000000e+00 7.057999999999999829e-01
4.900000000000000000e+01 7.058999999999999719e-01
0.000000000000000000e+00 7.059999999999999609e-01
4.000000000000000000e+00 7.060999999999999499e-01
0.000000000000000000e+00 7.062000000000000499e-01
0.000000000000000000e+00 7.063000000000000389e-01
9.742000000000000000e+03 7.064000000000000279e-01
9.700000000000000000e+01 7.054000000000000270e-01
0.000000000000000000e+00 7.053000000000000380e-01
4.000000000000000000e+01 7.054000000000000270e-01
3.030000000000000000e+02 7.052000000000000490e-01
0.000000000000000000e+00 7.053000000000000380e-01
6.800000000000000000e+01 7.054000000000000270e-01
3.000000000000000000e+00 7.055000000000000160e-01
2.800000000000000000e+01 7.055000000000000160e-01
0.000000000000000000e+00 7.056000000000000050e-01
1.090000000000000000e+02 7.056999999999999940e-01
0.000000000000000000e+00 7.050999999999999490e-01
2.000000000000000000e+00 7.052000000000000490e-01
2.000000000000000000e+00 7.053000000000000380e-01
3.000000000000000000e+00 7.053000000000000380e-01
0.000000000000000000e+00 7.054000000000000270e-01
1.970000000000000000e+02 7.055000000000000160e-01
3.160000000000000000e+02 7.056000000000000050e-01
0.000000000000000000e+00 7.056999999999999940e-01
0.000000000000000000e+00 7.057999999999999829e-01
0.000000000000000000e+00 7.058999999999999719e-01
7.100000000000000000e+01 7.059999999999999609e-01
2.000000000000000000e+00 7.060999999999999499e-01
0.000000000000000000e+00 7.062000000000000499e-01
0.000000000000000000e+00 7.063000000000000389e-01
3.000000000000000000e+00 7.064000000000000279e-01
2.455900000000000000e+04 7.063000000000000389e-01
1.700000000000000000e+01 7.026000000000000023e-01
0.000000000000000000e+00 7.026999999999999913e-01
2.000000000000000000e+00 7.027999999999999803e-01
2.200000000000000000e+01 7.028999999999999693e-01
0.000000000000000000e+00 7.029999999999999583e-01
0.000000000000000000e+00 7.030999999999999472e-01
5.000000000000000000e+00 7.032000000000000473e-01
7.000000000000000000e+00 7.033000000000000362e-01
0.000000000000000000e+00 7.034000000000000252e-01
2.000000000000000000e+00 7.035000000000000142e-01
2.000000000000000000e+00 7.036000000000000032e-01
1.200000000000000000e+01 7.036999999999999922e-01
3.570000000000000000e+02 7.037999999999999812e-01
0.000000000000000000e+00 7.036999999999999922e-01
4.790000000000000000e+02 7.037999999999999812e-01
4.800000000000000000e+02 7.038999999999999702e-01
3.000000000000000000e+01 7.039999999999999591e-01
0.000000000000000000e+00 7.040999999999999481e-01
0.000000000000000000e+00 7.042000000000000481e-01
1.690000000000000000e+02 7.043000000000000371e-01
1.106000000000000000e+03 7.044000000000000261e-01
6.000000000000000000e+00 7.045000000000000151e-01
2.000000000000000000e+00 7.046000000000000041e-01
0.000000000000000000e+00 7.046999999999999931e-01
0.000000000000000000e+00 7.047999999999999821e-01
1.000000000000000000e+00 7.048999999999999710e-01
0.000000000000000000e+00 7.049999999999999600e-01
1.200000000000000000e+01 7.050999999999999490e-01
1.000000000000000000e+00 7.052000000000000490e-01
1.000000000000000000e+00 7.050999999999999490e-01
0.000000000000000000e+00 7.052000000000000490e-01
4.800000000000000000e+01 7.053000000000000380e-01
3.960000000000000000e+02 7.054000000000000270e-01
4.000000000000000000e+00 7.055000000000000160e-01
0.000000000000000000e+00 7.056000000000000050e-01
0.000000000000000000e+00 7.056999999999999940e-01
9.400000000000000000e+01 7.057999999999999829e-01
3.000000000000000000e+00 7.058999999999999719e-01
2.000000000000000000e+00 7.059999999999999609e-01
6.200000000000000000e+01 7.060999999999999499e-01
6.341000000000000000e+03 7.062000000000000499e-01
0.000000000000000000e+00 7.052000000000000490e-01
1.300000000000000000e+01 7.053000000000000380e-01
0.000000000000000000e+00 7.054000000000000270e-01
0.000000000000000000e+00 7.055000000000000160e-01
5.000000000000000000e+00 7.056000000000000050e-01
4.000000000000000000e+00 7.056999999999999940e-01
2.000000000000000000e+00 7.056999999999999940e-01
0.000000000000000000e+00 7.057999999999999829e-01
5.000000000000000000e+00 7.058999999999999719e-01
1.500000000000000000e+01 7.059999999999999609e-01
0.000000000000000000e+00 7.060999999999999499e-01
7.989000000000000000e+03 7.062000000000000499e-01
4.200000000000000000e+01 7.058999999999999719e-01
4.710000000000000000e+02 7.059999999999999609e-01
5.770000000000000000e+02 7.060999999999999499e-01
1.500000000000000000e+01 7.055000000000000160e-01
2.000000000000000000e+00 7.056000000000000050e-01
0.000000000000000000e+00 7.056999999999999940e-01
1.210000000000000000e+02 7.057999999999999829e-01
6.600000000000000000e+01 7.058999999999999719e-01
1.400000000000000000e+01 7.059999999999999609e-01
3.000000000000000000e+00 7.060999999999999499e-01
2.000000000000000000e+00 7.062000000000000499e-01
1.500000000000000000e+01 7.063000000000000389e-01
2.000000000000000000e+00 7.064000000000000279e-01
2.000000000000000000e+00 7.065000000000000169e-01
6.700000000000000000e+01 7.066000000000000059e-01
4.000000000000000000e+00 7.066999999999999948e-01
2.120000000000000000e+02 7.067999999999999838e-01
0.000000000000000000e+00 7.068999999999999728e-01
3.930000000000000000e+02 7.069999999999999618e-01
0.000000000000000000e+00 7.070999999999999508e-01
3.505000000000000000e+03 7.072000000000000508e-01
2.000000000000000000e+00 7.073000000000000398e-01
0.000000000000000000e+00 7.074000000000000288e-01
2.000000000000000000e+00 7.075000000000000178e-01
3.600000000000000000e+01 7.076000000000000068e-01
5.200000000000000000e+01 7.076999999999999957e-01
8.000000000000000000e+00 7.077999999999999847e-01
2.600000000000000000e+01 7.078999999999999737e-01
2.240000000000000000e+02 7.079999999999999627e-01
0.000000000000000000e+00 7.080999999999999517e-01
2.400000000000000000e+01 7.082000000000000517e-01
1.420000000000000000e+02 7.083000000000000407e-01
4.330000000000000000e+02 7.084000000000000297e-01
3.000000000000000000e+00 7.085000000000000187e-01
9.000000000000000000e+00 7.086000000000000076e-01
1.000000000000000000e+00 7.086999999999999966e-01
7.000000000000000000e+00 7.087999999999999856e-01
1.890000000000000000e+02 7.088999999999999746e-01
1.842000000000000000e+03 7.089999999999999636e-01
1.000000000000000000e+00 7.090999999999999526e-01
1.600000000000000000e+02 7.092000000000000526e-01
3.220000000000000000e+02 7.088999999999999746e-01
4.000000000000000000e+00 7.088999999999999746e-01
1.000000000000000000e+00 7.089999999999999636e-01
1.000000000000000000e+00 7.090999999999999526e-01
0.000000000000000000e+00 7.092000000000000526e-01
0.000000000000000000e+00 7.093000000000000416e-01
2.600000000000000000e+01 7.094000000000000306e-01
8.630000000000000000e+02 7.095000000000000195e-01
3.000000000000000000e+00 7.096000000000000085e-01
0.000000000000000000e+00 7.096999999999999975e-01
0.000000000000000000e+00 7.097999999999999865e-01
0.000000000000000000e+00 7.098999999999999755e-01
1.300000000000000000e+01 7.099999999999999645e-01
9.000000000000000000e+00 7.100999999999999535e-01
0.000000000000000000e+00 7.102000000000000535e-01
0.000000000000000000e+00 7.103000000000000425e-01
6.000000000000000000e+00 7.104000000000000314e-01
4.300000000000000000e+01 7.105000000000000204e-01
0.000000000000000000e+00 7.106000000000000094e-01
0.000000000000000000e+00 7.106999999999999984e-01
3.119000000000000000e+03 7.107999999999999874e-01
4.300000000000000000e+01 7.108999999999999764e-01
2.000000000000000000e+00 7.109999999999999654e-01
4.000000000000000000e+00 7.110999999999999543e-01
0.000000000000000000e+00 7.112000000000000544e-01
4.000000000000000000e+00 7.113000000000000433e-01
0.000000000000000000e+00 7.114000000000000323e-01
0.000000000000000000e+00 7.115000000000000213e-01
3.000000000000000000e+00 7.116000000000000103e-01
1.700000000000000000e+01 7.116999999999999993e-01
5.000000000000000000e+00 7.117999999999999883e-01
3.000000000000000000e+00 7.118999999999999773e-01
2.000000000000000000e+00 7.119999999999999662e-01
1.400000000000000000e+01 7.120999999999999552e-01
9.000000000000000000e+00 7.122000000000000552e-01
2.190000000000000000e+02 7.123000000000000442e-01
8.000000000000000000e+00 7.124000000000000332e-01
2.000000000000000000e+00 7.125000000000000222e-01
0.000000000000000000e+00 7.126000000000000112e-01
0.000000000000000000e+00 7.127000000000000002e-01
0.000000000000000000e+00 7.127999999999999892e-01
1.500000000000000000e+01 7.128999999999999782e-01
2.500000000000000000e+01 7.127999999999999892e-01
1.000000000000000000e+00 7.128999999999999782e-01
2.300000000000000000e+01 7.129999999999999671e-01
2.000000000000000000e+00 7.130999999999999561e-01
0.000000000000000000e+00 7.131999999999999451e-01
0.000000000000000000e+00 7.133000000000000451e-01
0.000000000000000000e+00 7.134000000000000341e-01
7.800000000000000000e+01 7.135000000000000231e-01
2.340000000000000000e+02 7.136000000000000121e-01
2.000000000000000000e+00 7.134000000000000341e-01
0.000000000000000000e+00 7.134000000000000341e-01
0.000000000000000000e+00 7.135000000000000231e-01
1.900000000000000000e+01 7.136000000000000121e-01
0.000000000000000000e+00 7.137000000000000011e-01
0.000000000000000000e+00 7.137999999999999901e-01
2.820000000000000000e+02 7.138999999999999790e-01
1.600000000000000000e+01 7.139999999999999680e-01
0.000000000000000000e+00 7.140999999999999570e-01
6.200000000000000000e+01 7.141999999999999460e-01
1.554000000000000000e+03 7.139999999999999680e-01
0.000000000000000000e+00 7.137999999999999901e-01
1.526800000000000000e+04 7.138999999999999790e-01
2.000000000000000000e+01 7.112000000000000544e-01
7.440000000000000000e+02 7.113000000000000433e-01
5.800000000000000000e+01 7.114000000000000323e-01
2.794000000000000000e+03 7.115000000000000213e-01
0.000000000000000000e+00 7.112000000000000544e-01
5.000000000000000000e+00 7.113000000000000433e-01
1.600000000000000000e+02 7.114000000000000323e-01
0.000000000000000000e+00 7.106000000000000094e-01
0.000000000000000000e+00 7.106999999999999984e-01
1.100000000000000000e+02 7.107999999999999874e-01
9.450000000000000000e+03 7.108999999999999764e-01
0.000000000000000000e+00 7.099999999999999645e-01
0.000000000000000000e+00 7.100999999999999535e-01
1.000000000000000000e+00 7.102000000000000535e-01
4.120000000000000000e+02 7.103000000000000425e-01
8.000000000000000000e+00 7.093000000000000416e-01
0.000000000000000000e+00 7.094000000000000306e-01
9.890000000000000000e+02 7.095000000000000195e-01
1.900000000000000000e+01 7.096000000000000085e-01
3.000000000000000000e+00 7.096999999999999975e-01
1.220500000000000000e+04 7.097999999999999865e-01
4.000000000000000000e+00 7.094000000000000306e-01
8.212000000000000000e+03 7.095000000000000195e-01
1.000000000000000000e+00 7.078999999999999737e-01
0.000000000000000000e+00 7.077999999999999847e-01
2.000000000000000000e+00 7.078999999999999737e-01
0.000000000000000000e+00 7.079999999999999627e-01
1.400000000000000000e+01 7.080999999999999517e-01
4.903000000000000000e+03 7.082000000000000517e-01
0.000000000000000000e+00 7.074000000000000288e-01
5.000000000000000000e+00 7.075000000000000178e-01
1.900000000000000000e+01 7.075000000000000178e-01
0.000000000000000000e+00 7.076000000000000068e-01
3.320000000000000000e+02 7.076999999999999957e-01
0.000000000000000000e+00 7.076999999999999957e-01
7.800000000000000000e+01 7.077999999999999847e-01
6.000000000000000000e+00 7.078999999999999737e-01
4.900000000000000000e+02 7.079999999999999627e-01
8.000000000000000000e+00 7.080999999999999517e-01
6.122000000000000000e+03 7.082000000000000517e-01
2.900000000000000000e+01 7.067999999999999838e-01
0.000000000000000000e+00 7.068999999999999728e-01
5.000000000000000000e+00 7.069999999999999618e-01
3.286000000000000000e+03 7.070999999999999508e-01
1.433200000000000000e+04 7.072000000000000508e-01
1.000000000000000000e+00 7.045000000000000151e-01
1.000000000000000000e+00 7.046000000000000041e-01
5.000000000000000000e+00 7.046999999999999931e-01
0.000000000000000000e+00 7.047999999999999821e-01
2.000000000000000000e+00 7.048999999999999710e-01
4.030000000000000000e+02 7.049999999999999600e-01
5.000000000000000000e+00 7.050999999999999490e-01
5.380000000000000000e+02 7.052000000000000490e-01
1.200000000000000000e+01 7.046999999999999931e-01
0.000000000000000000e+00 7.047999999999999821e-01
1.100000000000000000e+01 7.048999999999999710e-01
8.000000000000000000e+00 7.049999999999999600e-01
2.000000000000000000e+00 7.050999999999999490e-01
1.000000000000000000e+00 7.050999999999999490e-01
4.000000000000000000e+00 7.052000000000000490e-01
4.000000000000000000e+00 7.053000000000000380e-01
8.000000000000000000e+00 7.054000000000000270e-01
0.000000000000000000e+00 7.055000000000000160e-01
7.000000000000000000e+00 7.056000000000000050e-01
2.020000000000000000e+02 7.056999999999999940e-01
1.616100000000000000e+04 7.057999999999999829e-01
0.000000000000000000e+00 7.039999999999999591e-01
3.500000000000000000e+01 7.040999999999999481e-01
1.000000000000000000e+00 7.042000000000000481e-01
0.000000000000000000e+00 7.043000000000000371e-01
0.000000000000000000e+00 7.044000000000000261e-01
0.000000000000000000e+00 7.045000000000000151e-01
0.000000000000000000e+00 7.046000000000000041e-01
8.800000000000000000e+01 7.046999999999999931e-01
1.000000000000000000e+00 7.045000000000000151e-01
0.000000000000000000e+00 7.046000000000000041e-01
1.564600000000000000e+04 7.046999999999999931e-01
3.000000000000000000e+01 7.044000000000000261e-01
4.000000000000000000e+00 7.045000000000000151e-01
2.200000000000000000e+01 7.046000000000000041e-01
3.000000000000000000e+00 7.045000000000000151e-01
1.700000000000000000e+01 7.045000000000000151e-01
7.000000000000000000e+00 7.045000000000000151e-01
8.000000000000000000e+00 7.046000000000000041e-01
2.100000000000000000e+02 7.046999999999999931e-01
0.000000000000000000e+00 7.047999999999999821e-01
0.000000000000000000e+00 7.048999999999999710e-01
1.100000000000000000e+01 7.049999999999999600e-01
1.700000000000000000e+01 7.049999999999999600e-01
0.000000000000000000e+00 7.050999999999999490e-01
2.000000000000000000e+00 7.052000000000000490e-01
5.000000000000000000e+00 7.053000000000000380e-01
0.000000000000000000e+00 7.053000000000000380e-01
9.000000000000000000e+00 7.054000000000000270e-01
0.000000000000000000e+00 7.055000000000000160e-01
1.200000000000000000e+01 7.056000000000000050e-01
0.000000000000000000e+00 7.056999999999999940e-01
9.000000000000000000e+00 7.057999999999999829e-01
1.000000000000000000e+00 7.058999999999999719e-01
4.000000000000000000e+00 7.059999999999999609e-01
7.000000000000000000e+00 7.060999999999999499e-01
7.740000000000000000e+02 7.062000000000000499e-01
9.000000000000000000e+00 7.062000000000000499e-01
2.940000000000000000e+02 7.063000000000000389e-01
1.000000000000000000e+00 7.064000000000000279e-01
4.850000000000000000e+02 7.065000000000000169e-01
6.403000000000000000e+04 7.066000000000000059e-01
0.000000000000000000e+00 7.005000000000000115e-01
0.000000000000000000e+00 7.006000000000000005e-01
0.000000000000000000e+00 7.006999999999999895e-01
9.900000000000000000e+01 7.007999999999999785e-01
0.000000000000000000e+00 7.006999999999999895e-01
1.300000000000000000e+01 7.007999999999999785e-01
1.237000000000000000e+03 7.006999999999999895e-01
0.000000000000000000e+00 7.007999999999999785e-01
0.000000000000000000e+00 7.008999999999999675e-01
2.700000000000000000e+01 7.009999999999999565e-01
4.300000000000000000e+01 7.010999999999999455e-01
2.950000000000000000e+02 7.012000000000000455e-01
1.170000000000000000e+02 7.013000000000000345e-01
4.000000000000000000e+00 7.014000000000000234e-01
1.000000000000000000e+00 7.015000000000000124e-01
2.000000000000000000e+00 7.016000000000000014e-01
4.000000000000000000e+00 7.016999999999999904e-01
1.210000000000000000e+02 7.017999999999999794e-01
8.900000000000000000e+01 7.012000000000000455e-01
1.490000000000000000e+02 7.013000000000000345e-01
0.000000000000000000e+00 7.014000000000000234e-01
2.890000000000000000e+02 7.015000000000000124e-01
1.000000000000000000e+00 7.003000000000000336e-01
1.700000000000000000e+01 7.003000000000000336e-01
2.000000000000000000e+01 7.004000000000000226e-01
4.800000000000000000e+01 7.005000000000000115e-01
6.000000000000000000e+01 7.006000000000000005e-01
6.905000000000000000e+03 7.006999999999999895e-01
8.100000000000000000e+01 6.998999999999999666e-01
9.010000000000000000e+02 6.999999999999999556e-01
3.500000000000000000e+01 6.997999999999999776e-01
1.710000000000000000e+02 6.998999999999999666e-01
2.000000000000000000e+00 6.999999999999999556e-01
1.940000000000000000e+02 7.000999999999999446e-01
2.000000000000000000e+00 6.994000000000000217e-01
0.000000000000000000e+00 6.995000000000000107e-01
0.000000000000000000e+00 6.995999999999999996e-01
3.000000000000000000e+00 6.996999999999999886e-01
0.000000000000000000e+00 6.997999999999999776e-01
0.000000000000000000e+00 6.998999999999999666e-01
1.500000000000000000e+01 6.999999999999999556e-01
2.320000000000000000e+02 7.000999999999999446e-01
0.000000000000000000e+00 6.998999999999999666e-01
2.250000000000000000e+02 6.999999999999999556e-01
6.861000000000000000e+03 7.000999999999999446e-01
1.000000000000000000e+00 7.002000000000000446e-01
4.000000000000000000e+01 7.002000000000000446e-01
0.000000000000000000e+00 7.003000000000000336e-01
0.000000000000000000e+00 7.004000000000000226e-01
0.000000000000000000e+00 7.005000000000000115e-01
0.000000000000000000e+00 7.006000000000000005e-01
4.300000000000000000e+02 7.006999999999999895e-01
2.100000000000000000e+01 7.007999999999999785e-01
4.700000000000000000e+01 7.008999999999999675e-01
6.000000000000000000e+00 7.009999999999999565e-01
2.700000000000000000e+01 7.010999999999999455e-01
1.189000000000000000e+03 7.012000000000000455e-01
8.000000000000000000e+00 7.009999999999999565e-01
2.000000000000000000e+00 7.010999999999999455e-01
2.806300000000000000e+04 7.012000000000000455e-01
6.400000000000000000e+01 7.003000000000000336e-01
5.000000000000000000e+01 7.004000000000000226e-01
8.500000000000000000e+01 7.005000000000000115e-01
1.700000000000000000e+01 7.006000000000000005e-01
5.700000000000000000e+01 7.006999999999999895e-01
6.390000000000000000e+02 7.007999999999999785e-01
3.100000000000000000e+01 7.008999999999999675e-01
1.000000000000000000e+00 7.008999999999999675e-01
1.150000000000000000e+02 7.009999999999999565e-01
0.000000000000000000e+00 7.010999999999999455e-01
3.000000000000000000e+00 7.012000000000000455e-01
6.200000000000000000e+01 7.013000000000000345e-01
1.500000000000000000e+01 7.014000000000000234e-01
1.890000000000000000e+02 7.015000000000000124e-01
5.152000000000000000e+03 7.016000000000000014e-01
0.000000000000000000e+00 7.006999999999999895e-01
0.000000000000000000e+00 7.007999999999999785e-01
2.700000000000000000e+01 7.008999999999999675e-01
3.340000000000000000e+02 7.009999999999999565e-01
9.900000000000000000e+01 7.010999999999999455e-01
0.000000000000000000e+00 7.012000000000000455e-01
0.000000000000000000e+00 7.013000000000000345e-01
4.970000000000000000e+02 7.014000000000000234e-01
0.000000000000000000e+00 7.014000000000000234e-01
0.000000000000000000e+00 7.015000000000000124e-01
0.000000000000000000e+00 7.016000000000000014e-01
2.000000000000000000e+00 7.016999999999999904e-01
0.000000000000000000e+00 7.017999999999999794e-01
0.000000000000000000e+00 7.018999999999999684e-01
8.000000000000000000e+00 7.019999999999999574e-01
5.000000000000000000e+00 7.020999999999999464e-01
7.100000000000000000e+01 7.022000000000000464e-01
1.500000000000000000e+01 7.023000000000000353e-01
0.000000000000000000e+00 7.024000000000000243e-01
2.000000000000000000e+00 7.025000000000000133e-01
4.000000000000000000e+00 7.026000000000000023e-01
1.040000000000000000e+02 7.026999999999999913e-01
1.000000000000000000e+00 7.027999999999999803e-01
0.000000000000000000e+00 7.028999999999999693e-01
0.000000000000000000e+00 7.029999999999999583e-01
1.100000000000000000e+02 7.030999999999999472e-01
7.540000000000000000e+02 7.029999999999999583e-01
1.100000000000000000e+01 7.030999999999999472e-01
0.000000000000000000e+00 7.030999999999999472e-01
6.710000000000000000e+02 7.032000000000000473e-01
2.000000000000000000e+00 7.033000000000000362e-01
2.000000000000000000e+00 7.034000000000000252e-01
6.000000000000000000e+00 7.035000000000000142e-01
0.000000000000000000e+00 7.036000000000000032e-01
4.100000000000000000e+01 7.036999999999999922e-01
1.000000000000000000e+00 7.037999999999999812e-01
2.893100000000000000e+04 7.038999999999999702e-01
0.000000000000000000e+00 7.023000000000000353e-01
4.900000000000000000e+01 7.024000000000000243e-01
4.000000000000000000e+00 7.025000000000000133e-01
6.000000000000000000e+00 7.026000000000000023e-01
0.000000000000000000e+00 7.026999999999999913e-01
1.200000000000000000e+01 7.027999999999999803e-01
7.800000000000000000e+01 7.027999999999999803e-01
0.000000000000000000e+00 7.028999999999999693e-01
8.394000000000000000e+03 7.029999999999999583e-01
0.000000000000000000e+00 7.019999999999999574e-01
3.000000000000000000e+00 7.020999999999999464e-01
6.080000000000000000e+02 7.022000000000000464e-01
1.100000000000000000e+01 7.023000000000000353e-01
3.000000000000000000e+00 7.023000000000000353e-01
1.400000000000000000e+01 7.024000000000000243e-01
0.000000000000000000e+00 7.025000000000000133e-01
1.200000000000000000e+01 7.026000000000000023e-01
3.000000000000000000e+00 7.026999999999999913e-01
0.000000000000000000e+00 7.027999999999999803e-01
9.790000000000000000e+02 7.028999999999999693e-01
1.150000000000000000e+02 7.029999999999999583e-01
0.000000000000000000e+00 7.030999999999999472e-01
4.000000000000000000e+00 7.032000000000000473e-01
4.000000000000000000e+00 7.033000000000000362e-01
1.700000000000000000e+01 7.034000000000000252e-01
5.000000000000000000e+00 7.035000000000000142e-01
1.285000000000000000e+03 7.036000000000000032e-01
0.000000000000000000e+00 7.025000000000000133e-01
3.300000000000000000e+01 7.026000000000000023e-01
7.000000000000000000e+00 7.026999999999999913e-01
0.000000000000000000e+00 7.027999999999999803e-01
6.440000000000000000e+02 7.028999999999999693e-01
1.760000000000000000e+02 7.026000000000000023e-01
0.000000000000000000e+00 7.026999999999999913e-01
0.000000000000000000e+00 7.027999999999999803e-01
2.000000000000000000e+00 7.028999999999999693e-01
1.729000000000000000e+03 7.029999999999999583e-01
6.500000000000000000e+01 7.029999999999999583e-01
1.100000000000000000e+02 7.030999999999999472e-01
0.000000000000000000e+00 7.032000000000000473e-01
2.727000000000000000e+03 7.033000000000000362e-01
4.000000000000000000e+00 7.024000000000000243e-01
0.000000000000000000e+00 7.025000000000000133e-01
1.000000000000000000e+00 7.026000000000000023e-01
1.000000000000000000e+01 7.026999999999999913e-01
2.170000000000000000e+02 7.027999999999999803e-01
2.000000000000000000e+00 7.027999999999999803e-01
3.000000000000000000e+00 7.027999999999999803e-01
1.200000000000000000e+01 7.028999999999999693e-01
5.000000000000000000e+00 7.029999999999999583e-01
4.000000000000000000e+00 7.030999999999999472e-01
1.000000000000000000e+01 7.032000000000000473e-01
0.000000000000000000e+00 7.033000000000000362e-01
1.761000000000000000e+03 7.034000000000000252e-01
2.770000000000000000e+02 7.035000000000000142e-01
3.100000000000000000e+01 7.036000000000000032e-01
1.910000000000000000e+02 7.036999999999999922e-01
1.050000000000000000e+02 7.037999999999999812e-01
1.500000000000000000e+01 7.038999999999999702e-01
0.000000000000000000e+00 7.038999999999999702e-01
0.000000000000000000e+00 7.039999999999999591e-01
0.000000000000000000e+00 7.040999999999999481e-01
0.000000000000000000e+00 7.042000000000000481e-01
1.700000000000000000e+01 7.043000000000000371e-01
1.900000000000000000e+01 7.044000000000000261e-01
0.000000000000000000e+00 7.045000000000000151e-01
2.000000000000000000e+00 7.046000000000000041e-01
0.000000000000000000e+00 7.046999999999999931e-01
1.600000000000000000e+01 7.047999999999999821e-01
0.000000000000000000e+00 7.048999999999999710e-01
1.820000000000000000e+02 7.049999999999999600e-01
1.420000000000000000e+02 7.047999999999999821e-01
1.500000000000000000e+01 7.048999999999999710e-01
0.000000000000000000e+00 7.048999999999999710e-01
0.000000000000000000e+00 7.049999999999999600e-01
0.000000000000000000e+00 7.050999999999999490e-01
2.000000000000000000e+00 7.052000000000000490e-01
2.400000000000000000e+01 7.050999999999999490e-01
5.070000000000000000e+02 7.052000000000000490e-01
0.000000000000000000e+00 7.044000000000000261e-01
0.000000000000000000e+00 7.045000000000000151e-01
0.000000000000000000e+00 7.046000000000000041e-01
0.000000000000000000e+00 7.046999999999999931e-01
2.400000000000000000e+01 7.047999999999999821e-01
6.600000000000000000e+01 7.048999999999999710e-01
0.000000000000000000e+00 7.049999999999999600e-01
1.100000000000000000e+01 7.050999999999999490e-01
0.000000000000000000e+00 7.052000000000000490e-01
7.000000000000000000e+00 7.053000000000000380e-01
1.470000000000000000e+02 7.054000000000000270e-01
1.100000000000000000e+01 7.055000000000000160e-01
7.000000000000000000e+00 7.056000000000000050e-01
1.330000000000000000e+02 7.056999999999999940e-01
3.600000000000000000e+01 7.057999999999999829e-01
0.000000000000000000e+00 7.058999999999999719e-01
0.000000000000000000e+00 7.059999999999999609e-01
0.000000000000000000e+00 7.060999999999999499e-01
8.000000000000000000e+00 7.062000000000000499e-01
0.000000000000000000e+00 7.063000000000000389e-01
2.634000000000000000e+03 7.064000000000000279e-01
0.000000000000000000e+00 7.065000000000000169e-01
0.000000000000000000e+00 7.066000000000000059e-01
2.810300000000000000e+04 7.066999999999999948e-01
5.000000000000000000e+00 7.050999999999999490e-01
0.000000000000000000e+00 7.052000000000000490e-01
0.000000000000000000e+00 7.053000000000000380e-01
0.000000000000000000e+00 7.054000000000000270e-01
0.000000000000000000e+00 7.055000000000000160e-01
1.000000000000000000e+00 7.056000000000000050e-01
1.000000000000000000e+00 7.056999999999999940e-01
0.000000000000000000e+00 7.057999999999999829e-01
2.000000000000000000e+00 7.058999999999999719e-01
0.000000000000000000e+00 7.059999999999999609e-01
0.000000000000000000e+00 7.060999999999999499e-01
2.370000000000000000e+02 7.062000000000000499e-01
8.000000000000000000e+00 7.063000000000000389e-01
5.600000000000000000e+01 7.064000000000000279e-01
2.800000000000000000e+01 7.065000000000000169e-01
0.000000000000000000e+00 7.066000000000000059e-01
8.000000000000000000e+00 7.066999999999999948e-01
9.000000000000000000e+00 7.067999999999999838e-01
1.000000000000000000e+00 7.068999999999999728e-01
2.000000000000000000e+00 7.069999999999999618e-01
0.000000000000000000e+00 7.070999999999999508e-01
1.000000000000000000e+00 7.072000000000000508e-01
0.000000000000000000e+00 7.073000000000000398e-01
2.400000000000000000e+03 7.074000000000000288e-01
4.000000000000000000e+00 7.069999999999999618e-01
0.000000000000000000e+00 7.070999999999999508e-01
1.000000000000000000e+00 7.072000000000000508e-01
1.000000000000000000e+00 7.073000000000000398e-01
3.000000000000000000e+00 7.074000000000000288e-01
2.270000000000000000e+02 7.075000000000000178e-01
0.000000000000000000e+00 7.076000000000000068e-01
7.000000000000000000e+00 7.076999999999999957e-01
9.200000000000000000e+01 7.077999999999999847e-01
6.000000000000000000e+00 7.078999999999999737e-01
9.500000000000000000e+01 7.079999999999999627e-01
0.000000000000000000e+00 7.078999999999999737e-01
0.000000000000000000e+00 7.079999999999999627e-01
2.400000000000000000e+01 7.080999999999999517e-01
0.000000000000000000e+00 7.082000000000000517e-01
1.000000000000000000e+00 7.083000000000000407e-01
5.000000000000000000e+00 7.084000000000000297e-01
1.600000000000000000e+01 7.085000000000000187e-01
9.000000000000000000e+00 7.084000000000000297e-01
0.000000000000000000e+00 7.085000000000000187e-01
1.800000000000000000e+01 7.086000000000000076e-01
0.000000000000000000e+00 7.086999999999999966e-01
3.800000000000000000e+01 7.087999999999999856e-01
0.000000000000000000e+00 7.088999999999999746e-01
0.000000000000000000e+00 7.089999999999999636e-01
8.503000000000000000e+03 7.090999999999999526e-01
2.000000000000000000e+00 7.085000000000000187e-01
2.900000000000000000e+01 7.086000000000000076e-01
0.000000000000000000e+00 7.086999999999999966e-01
0.000000000000000000e+00 7.087999999999999856e-01
0.000000000000000000e+00 7.088999999999999746e-01
1.000000000000000000e+00 7.089999999999999636e-01
1.230000000000000000e+02 7.090999999999999526e-01
1.100000000000000000e+01 7.092000000000000526e-01
9.000000000000000000e+00 7.092000000000000526e-01
4.740000000000000000e+02 7.090999999999999526e-01
1.600000000000000000e+01 7.089999999999999636e-01
1.300000000000000000e+01 7.090999999999999526e-01
3.000000000000000000e+00 7.092000000000000526e-01
0.000000000000000000e+00 7.092000000000000526e-01
6.000000000000000000e+00 7.093000000000000416e-01
3.000000000000000000e+00 7.094000000000000306e-01
0.000000000000000000e+00 7.095000000000000195e-01
9.200000000000000000e+01 7.096000000000000085e-01
1.000000000000000000e+01 7.096999999999999975e-01
8.000000000000000000e+00 7.097999999999999865e-01
7.700000000000000000e+01 7.098999999999999755e-01
3.900000000000000000e+01 7.099999999999999645e-01
0.000000000000000000e+00 7.100999999999999535e-01
0.000000000000000000e+00 7.102000000000000535e-01
4.550000000000000000e+02 7.103000000000000425e-01
0.000000000000000000e+00 7.103000000000000425e-01
5.300000000000000000e+01 7.104000000000000314e-01
1.100000000000000000e+01 7.105000000000000204e-01
1.330000000000000000e+02 7.106000000000000094e-01
2.828000000000000000e+03 7.106999999999999984e-01
5.600000000000000000e+01 7.098999999999999755e-01
0.000000000000000000e+00 7.095000000000000195e-01
0.000000000000000000e+00 7.096000000000000085e-01
0.000000000000000000e+00 7.096999999999999975e-01
4.700000000000000000e+01 7.097999999999999865e-01
2.000000000000000000e+00 7.098999999999999755e-01
1.630000000000000000e+02 7.099999999999999645e-01
3.000000000000000000e+01 7.100999999999999535e-01
4.000000000000000000e+00 7.102000000000000535e-01
0.000000000000000000e+00 7.103000000000000425e-01
1.100000000000000000e+01 7.104000000000000314e-01
0.000000000000000000e+00 7.105000000000000204e-01
2.425500000000000000e+04 7.106000000000000094e-01
2.000000000000000000e+00 7.074000000000000288e-01
8.400000000000000000e+01 7.075000000000000178e-01
5.900000000000000000e+01 7.076000000000000068e-01
2.900000000000000000e+01 7.076999999999999957e-01
3.400000000000000000e+01 7.077999999999999847e-01
3.300000000000000000e+01 7.076999999999999957e-01
1.200000000000000000e+01 7.077999999999999847e-01
0.000000000000000000e+00 7.078999999999999737e-01
1.000000000000000000e+00 7.079999999999999627e-01
6.000000000000000000e+00 7.080999999999999517e-01
0.000000000000000000e+00 7.082000000000000517e-01
1.900000000000000000e+01 7.083000000000000407e-01
8.000000000000000000e+00 7.084000000000000297e-01
3.300000000000000000e+02 7.085000000000000187e-01
5.900000000000000000e+01 7.075000000000000178e-01
0.000000000000000000e+00 7.076000000000000068e-01
0.000000000000000000e+00 7.076999999999999957e-01
2.000000000000000000e+00 7.077999999999999847e-01
1.800000000000000000e+01 7.078999999999999737e-01
0.000000000000000000e+00 7.079999999999999627e-01
8.000000000000000000e+00 7.080999999999999517e-01
3.590000000000000000e+02 7.079999999999999627e-01
0.000000000000000000e+00 7.073000000000000398e-01
1.520000000000000000e+02 7.074000000000000288e-01
0.000000000000000000e+00 7.075000000000000178e-01
4.800000000000000000e+01 7.076000000000000068e-01
3.900000000000000000e+01 7.076999999999999957e-01
2.100000000000000000e+01 7.075000000000000178e-01
0.000000000000000000e+00 7.076000000000000068e-01
3.700000000000000000e+01 7.076999999999999957e-01
5.077000000000000000e+03 7.077999999999999847e-01
1.000000000000000000e+01 7.067999999999999838e-01
3.000000000000000000e+00 7.068999999999999728e-01
7.100000000000000000e+01 7.069999999999999618e-01
5.299000000000000000e+03 7.067999999999999838e-01
5.846000000000000000e+03 7.067999999999999838e-01
2.280000000000000000e+02 7.066000000000000059e-01
8.120000000000000000e+02 7.066999999999999948e-01
3.120000000000000000e+02 7.065000000000000169e-01
2.000000000000000000e+00 7.066000000000000059e-01
2.300000000000000000e+01 7.066999999999999948e-01
1.690000000000000000e+02 7.067999999999999838e-01
0.000000000000000000e+00 7.068999999999999728e-01
5.900000000000000000e+01 7.069999999999999618e-01
1.000000000000000000e+01 7.068999999999999728e-01
0.000000000000000000e+00 7.069999999999999618e-01
1.000000000000000000e+00 7.070999999999999508e-01
0.000000000000000000e+00 7.070999999999999508e-01
1.100000000000000000e+01 7.072000000000000508e-01
0.000000000000000000e+00 7.073000000000000398e-01
3.600000000000000000e+01 7.074000000000000288e-01
0.000000000000000000e+00 7.075000000000000178e-01
0.000000000000000000e+00 7.076000000000000068e-01
9.470000000000000000e+02 7.076999999999999957e-01
3.500000000000000000e+01 7.076000000000000068e-01
5.830000000000000000e+02 7.076999999999999957e-01
4.340000000000000000e+02 7.077999999999999847e-01
1.281700000000000000e+04 7.078999999999999737e-01
0.000000000000000000e+00 7.060999999999999499e-01
0.000000000000000000e+00 7.062000000000000499e-01
4.350000000000000000e+02 7.063000000000000389e-01
0.000000000000000000e+00 7.064000000000000279e-01
3.270000000000000000e+02 7.065000000000000169e-01
0.000000000000000000e+00 7.065000000000000169e-01
0.000000000000000000e+00 7.066000000000000059e-01
0.000000000000000000e+00 7.066999999999999948e-01
0.000000000000000000e+00 7.067999999999999838e-01
2.295700000000000000e+04 7.068999999999999728e-01
7.000000000000000000e+00 7.063000000000000389e-01
0.000000000000000000e+00 7.064000000000000279e-01
0.000000000000000000e+00 7.065000000000000169e-01
4.000000000000000000e+00 7.066000000000000059e-01
1.700000000000000000e+01 7.066999999999999948e-01
8.000000000000000000e+00 7.067999999999999838e-01
0.000000000000000000e+00 7.068999999999999728e-01
0.000000000000000000e+00 7.069999999999999618e-01
9.000000000000000000e+00 7.070999999999999508e-01
1.600000000000000000e+01 7.072000000000000508e-01
2.830000000000000000e+02 7.073000000000000398e-01
0.000000000000000000e+00 7.069999999999999618e-01
0.000000000000000000e+00 7.070999999999999508e-01
2.900000000000000000e+01 7.072000000000000508e-01
2.000000000000000000e+00 7.073000000000000398e-01
0.000000000000000000e+00 7.074000000000000288e-01
2.000000000000000000e+00 7.075000000000000178e-01
2.800000000000000000e+01 7.076000000000000068e-01
9.000000000000000000e+00 7.076999999999999957e-01
3.135000000000000000e+03 7.077999999999999847e-01
4.000000000000000000e+00 7.066999999999999948e-01
1.000000000000000000e+00 7.067999999999999838e-01
6.900000000000000000e+01 7.068999999999999728e-01
4.000000000000000000e+00 7.069999999999999618e-01
0.000000000000000000e+00 7.069999999999999618e-01
0.000000000000000000e+00 7.070999999999999508e-01
0.000000000000000000e+00 7.072000000000000508e-01
2.300000000000000000e+01 7.073000000000000398e-01
7.000000000000000000e+00 7.074000000000000288e-01
3.420000000000000000e+02 7.075000000000000178e-01
0.000000000000000000e+00 7.075000000000000178e-01
0.000000000000000000e+00 7.076000000000000068e-01
4.300000000000000000e+01 7.076999999999999957e-01
5.200000000000000000e+01 7.077999999999999847e-01
0.000000000000000000e+00 7.069999999999999618e-01
1.600000000000000000e+01 7.070999999999999508e-01
9.100000000000000000e+01 7.070999999999999508e-01
1.085000000000000000e+03 7.072000000000000508e-01
6.000000000000000000e+00 7.073000000000000398e-01
1.132000000000000000e+04 7.074000000000000288e-01
3.250000000000000000e+02 7.075000000000000178e-01
1.390000000000000000e+02 7.076000000000000068e-01
7.100000000000000000e+01 7.076999999999999957e-01
2.000000000000000000e+00 7.077999999999999847e-01
3.000000000000000000e+00 7.078999999999999737e-01
0.000000000000000000e+00 7.079999999999999627e-01
1.000000000000000000e+00 7.080999999999999517e-01
0.000000000000000000e+00 7.082000000000000517e-01
7.970000000000000000e+02 7.083000000000000407e-01
1.710000000000000000e+02 7.084000000000000297e-01
2.775000000000000000e+04 7.082000000000000517e-01
3.300000000000000000e+01 7.039999999999999591e-01
5.000000000000000000e+00 7.040999999999999481e-01
5.000000000000000000e+01 7.042000000000000481e-01
1.100000000000000000e+01 7.043000000000000371e-01
8.400000000000000000e+01 7.044000000000000261e-01
1.000000000000000000e+00 7.045000000000000151e-01
6.000000000000000000e+01 7.046000000000000041e-01
0.000000000000000000e+00 7.046999999999999931e-01
4.000000000000000000e+00 7.047999999999999821e-01
2.000000000000000000e+00 7.048999999999999710e-01
0.000000000000000000e+00 7.049999999999999600e-01
1.205000000000000000e+03 7.050999999999999490e-01
0.000000000000000000e+00 7.052000000000000490e-01
1.060000000000000000e+02 7.053000000000000380e-01
3.000000000000000000e+00 7.053000000000000380e-01
8.000000000000000000e+00 7.054000000000000270e-01
1.116200000000000000e+04 7.055000000000000160e-01
4.000000000000000000e+01 7.056000000000000050e-01
2.741000000000000000e+03 7.056999999999999940e-01
1.230000000000000000e+02 7.048999999999999710e-01
0.000000000000000000e+00 7.049999999999999600e-01
9.400000000000000000e+01 7.050999999999999490e-01
4.700000000000000000e+01 7.052000000000000490e-01
0.000000000000000000e+00 7.049999999999999600e-01
1.730000000000000000e+02 7.050999999999999490e-01
1.040000000000000000e+02 7.052000000000000490e-01
0.000000000000000000e+00 7.048999999999999710e-01
2.000000000000000000e+00 7.049999999999999600e-01
4.810000000000000000e+02 7.050999999999999490e-01
1.600000000000000000e+01 7.052000000000000490e-01
1.500000000000000000e+01 7.053000000000000380e-01
4.570000000000000000e+02 7.054000000000000270e-01
1.140000000000000000e+02 7.055000000000000160e-01
0.000000000000000000e+00 7.056000000000000050e-01
0.000000000000000000e+00 7.056999999999999940e-01
0.000000000000000000e+00 7.057999999999999829e-01
2.600000000000000000e+01 7.058999999999999719e-01
2.300000000000000000e+01 7.059999999999999609e-01
0.000000000000000000e+00 7.060999999999999499e-01
4.120000000000000000e+02 7.062000000000000499e-01
0.000000000000000000e+00 7.056000000000000050e-01
0.000000000000000000e+00 7.056999999999999940e-01
1.440000000000000000e+02 7.057999999999999829e-01
1.000000000000000000e+01 7.056000000000000050e-01
4.160000000000000000e+03 7.056999999999999940e-01
0.000000000000000000e+00 7.055000000000000160e-01
6.000000000000000000e+00 7.056000000000000050e-01
6.000000000000000000e+00 7.056999999999999940e-01
8.000000000000000000e+00 7.057999999999999829e-01
0.000000000000000000e+00 7.056999999999999940e-01
0.000000000000000000e+00 7.057999999999999829e-01
0.000000000000000000e+00 7.058999999999999719e-01
3.900000000000000000e+01 7.059999999999999609e-01
0.000000000000000000e+00 7.060999999999999499e-01
0.000000000000000000e+00 7.062000000000000499e-01
0.000000000000000000e+00 7.063000000000000389e-01
0.000000000000000000e+00 7.064000000000000279e-01
3.770000000000000000e+02 7.065000000000000169e-01
0.000000000000000000e+00 7.066000000000000059e-01
0.000000000000000000e+00 7.066999999999999948e-01
1.500000000000000000e+01 7.067999999999999838e-01
0.000000000000000000e+00 7.068999999999999728e-01
1.400000000000000000e+01 7.069999999999999618e-01
1.300000000000000000e+01 7.070999999999999508e-01
4.200000000000000000e+01 7.072000000000000508e-01
1.600000000000000000e+01 7.073000000000000398e-01
4.600000000000000000e+01 7.074000000000000288e-01
8.534000000000000000e+03 7.075000000000000178e-01
3.900000000000000000e+01 7.067999999999999838e-01
1.070000000000000000e+02 7.068999999999999728e-01
4.860000000000000000e+02 7.066999999999999948e-01
5.000000000000000000e+00 7.066000000000000059e-01
0.000000000000000000e+00 7.066999999999999948e-01
1.000000000000000000e+00 7.067999999999999838e-01
0.000000000000000000e+00 7.068999999999999728e-01
0.000000000000000000e+00 7.069999999999999618e-01
1.645000000000000000e+03 7.070999999999999508e-01
0.000000000000000000e+00 7.072000000000000508e-01
0.000000000000000000e+00 7.073000000000000398e-01
0.000000000000000000e+00 7.074000000000000288e-01
2.000000000000000000e+00 7.075000000000000178e-01
2.130000000000000000e+02 7.076000000000000068e-01
9.000000000000000000e+00 7.076999999999999957e-01
2.300000000000000000e+01 7.077999999999999847e-01
7.620000000000000000e+02 7.078999999999999737e-01
5.000000000000000000e+00 7.072000000000000508e-01
8.000000000000000000e+01 7.073000000000000398e-01
2.000000000000000000e+00 7.074000000000000288e-01
6.500000000000000000e+01 7.075000000000000178e-01
1.580000000000000000e+02 7.076000000000000068e-01
0.000000000000000000e+00 7.076999999999999957e-01
2.000000000000000000e+00 7.077999999999999847e-01
0.000000000000000000e+00 7.078999999999999737e-01
0.000000000000000000e+00 7.079999999999999627e-01
0.000000000000000000e+00 7.080999999999999517e-01
7.600000000000000000e+01 7.082000000000000517e-01
2.239000000000000000e+03 7.083000000000000407e-01
0.000000000000000000e+00 7.084000000000000297e-01
6.412000000000000000e+03 7.085000000000000187e-01
0.000000000000000000e+00 7.076999999999999957e-01
8.500000000000000000e+01 7.077999999999999847e-01
0.000000000000000000e+00 7.076999999999999957e-01
1.300000000000000000e+01 7.077999999999999847e-01
0.000000000000000000e+00 7.078999999999999737e-01
1.000000000000000000e+00 7.079999999999999627e-01
2.000000000000000000e+00 7.080999999999999517e-01
0.000000000000000000e+00 7.082000000000000517e-01
0.000000000000000000e+00 7.083000000000000407e-01
1.800000000000000000e+01 7.084000000000000297e-01
2.000000000000000000e+00 7.085000000000000187e-01
2.007000000000000000e+03 7.086000000000000076e-01
1.000000000000000000e+00 7.078999999999999737e-01
1.080000000000000000e+02 7.079999999999999627e-01
1.000000000000000000e+00 7.077999999999999847e-01
2.000000000000000000e+00 7.078999999999999737e-01
0.000000000000000000e+00 7.079999999999999627e-01
0.000000000000000000e+00 7.080999999999999517e-01
6.290000000000000000e+02 7.082000000000000517e-01
0.000000000000000000e+00 7.083000000000000407e-01
1.171000000000000000e+04 7.084000000000000297e-01
5.520000000000000000e+02 7.080999999999999517e-01
1.020000000000000000e+02 7.082000000000000517e-01
3.000000000000000000e+00 7.083000000000000407e-01
7.100000000000000000e+01 7.084000000000000297e-01
2.600000000000000000e+01 7.085000000000000187e-01
5.000000000000000000e+00 7.086000000000000076e-01
4.290000000000000000e+02 7.086999999999999966e-01
0.000000000000000000e+00 7.087999999999999856e-01
5.350000000000000000e+02 7.088999999999999746e-01
0.000000000000000000e+00 7.085000000000000187e-01
0.000000000000000000e+00 7.086000000000000076e-01
8.200000000000000000e+01 7.086999999999999966e-01
6.000000000000000000e+00 7.082000000000000517e-01
6.390000000000000000e+02 7.083000000000000407e-01
1.076100000000000000e+04 7.084000000000000297e-01
6.000000000000000000e+00 7.085000000000000187e-01
2.000000000000000000e+01 7.086000000000000076e-01
0.000000000000000000e+00 7.085000000000000187e-01
1.410000000000000000e+02 7.086000000000000076e-01
1.000000000000000000e+00 7.086999999999999966e-01
1.600000000000000000e+01 7.087999999999999856e-01
1.000000000000000000e+00 7.088999999999999746e-01
2.780000000000000000e+02 7.089999999999999636e-01
1.000000000000000000e+01 7.090999999999999526e-01
0.000000000000000000e+00 7.092000000000000526e-01
5.000000000000000000e+00 7.093000000000000416e-01
2.210000000000000000e+02 7.094000000000000306e-01
3.000000000000000000e+00 7.093000000000000416e-01
3.043000000000000000e+03 7.094000000000000306e-01
8.000000000000000000e+00 7.085000000000000187e-01
2.536000000000000000e+03 7.086000000000000076e-01
1.000000000000000000e+00 7.086999999999999966e-01
2.870000000000000000e+02 7.087999999999999856e-01
2.200000000000000000e+01 7.086000000000000076e-01
0.000000000000000000e+00 7.086999999999999966e-01
6.500000000000000000e+01 7.087999999999999856e-01
6.000000000000000000e+00 7.088999999999999746e-01
1.060000000000000000e+02 7.089999999999999636e-01
0.000000000000000000e+00 7.089999999999999636e-01
2.800000000000000000e+01 7.090999999999999526e-01
0.000000000000000000e+00 7.092000000000000526e-01
0.000000000000000000e+00 7.093000000000000416e-01
0.000000000000000000e+00 7.094000000000000306e-01
2.286600000000000000e+04 7.095000000000000195e-01
1.400000000000000000e+01 7.046000000000000041e-01
1.074000000000000000e+03 7.045000000000000151e-01
0.000000000000000000e+00 7.046000000000000041e-01
4.000000000000000000e+00 7.046999999999999931e-01
1.100000000000000000e+01 7.047999999999999821e-01
1.000000000000000000e+00 7.048999999999999710e-01
0.000000000000000000e+00 7.049999999999999600e-01
9.000000000000000000e+00 7.050999999999999490e-01
4.280000000000000000e+02 7.050999999999999490e-01
5.125000000000000000e+03 7.049999999999999600e-01
3.290000000000000000e+02 7.050999999999999490e-01
2.000000000000000000e+01 7.052000000000000490e-01
0.000000000000000000e+00 7.053000000000000380e-01
6.400000000000000000e+01 7.054000000000000270e-01
9.900000000000000000e+01 7.049999999999999600e-01
3.000000000000000000e+00 7.050999999999999490e-01
1.200000000000000000e+01 7.052000000000000490e-01
3.000000000000000000e+00 7.053000000000000380e-01
0.000000000000000000e+00 7.054000000000000270e-01
5.000000000000000000e+00 7.055000000000000160e-01
1.000000000000000000e+00 7.056000000000000050e-01
1.100000000000000000e+01 7.056999999999999940e-01
9.000000000000000000e+01 7.057999999999999829e-01
2.000000000000000000e+00 7.053000000000000380e-01
3.400000000000000000e+02 7.054000000000000270e-01
5.000000000000000000e+00 7.055000000000000160e-01
0.000000000000000000e+00 7.055000000000000160e-01
4.220000000000000000e+02 7.056000000000000050e-01
6.000000000000000000e+00 7.056999999999999940e-01
5.700000000000000000e+01 7.057999999999999829e-01
1.000000000000000000e+01 7.058999999999999719e-01
3.600000000000000000e+01 7.059999999999999609e-01
4.000000000000000000e+00 7.060999999999999499e-01
0.000000000000000000e+00 7.062000000000000499e-01
7.000000000000000000e+00 7.063000000000000389e-01
1.000000000000000000e+00 7.064000000000000279e-01
2.000000000000000000e+00 7.065000000000000169e-01
5.900000000000000000e+01 7.066000000000000059e-01
8.000000000000000000e+00 7.066000000000000059e-01
2.178000000000000000e+03 7.066999999999999948e-01
9.000000000000000000e+01 7.058999999999999719e-01
6.070000000000000000e+02 7.059999999999999609e-01
0.000000000000000000e+00 7.056000000000000050e-01
3.000000000000000000e+00 7.056999999999999940e-01
0.000000000000000000e+00 7.057999999999999829e-01
4.000000000000000000e+00 7.058999999999999719e-01
0.000000000000000000e+00 7.059999999999999609e-01
1.360000000000000000e+02 7.060999999999999499e-01
2.100000000000000000e+01 7.062000000000000499e-01
4.000000000000000000e+00 7.063000000000000389e-01
3.545000000000000000e+03 7.064000000000000279e-01
0.000000000000000000e+00 7.065000000000000169e-01
1.000000000000000000e+00 7.066000000000000059e-01
5.200000000000000000e+01 7.066999999999999948e-01
2.400000000000000000e+01 7.067999999999999838e-01
0.000000000000000000e+00 7.068999999999999728e-01
1.500000000000000000e+01 7.069999999999999618e-01
0.000000000000000000e+00 7.070999999999999508e-01
1.000000000000000000e+00 7.072000000000000508e-01
0.000000000000000000e+00 7.073000000000000398e-01
3.300000000000000000e+01 7.074000000000000288e-01
2.000000000000000000e+00 7.074000000000000288e-01
1.300000000000000000e+01 7.075000000000000178e-01
5.000000000000000000e+00 7.076000000000000068e-01
0.000000000000000000e+00 7.076999999999999957e-01
0.000000000000000000e+00 7.077999999999999847e-01
0.000000000000000000e+00 7.078999999999999737e-01
8.510000000000000000e+02 7.079999999999999627e-01
0.000000000000000000e+00 7.075000000000000178e-01
0.000000000000000000e+00 7.076000000000000068e-01
3.839300000000000000e+04 7.076999999999999957e-01
1.100000000000000000e+01 7.039999999999999591e-01
8.000000000000000000e+01 7.040999999999999481e-01
1.000000000000000000e+00 7.042000000000000481e-01
0.000000000000000000e+00 7.043000000000000371e-01
3.800000000000000000e+02 7.044000000000000261e-01
5.000000000000000000e+00 7.045000000000000151e-01
0.000000000000000000e+00 7.046000000000000041e-01
0.000000000000000000e+00 7.046999999999999931e-01
0.000000000000000000e+00 7.047999999999999821e-01
8.000000000000000000e+00 7.048999999999999710e-01
1.000000000000000000e+00 7.049999999999999600e-01
1.742100000000000000e+04 7.050999999999999490e-01
1.000000000000000000e+01 7.023000000000000353e-01
3.240000000000000000e+02 7.024000000000000243e-01
0.000000000000000000e+00 7.025000000000000133e-01
0.000000000000000000e+00 7.026000000000000023e-01
0.000000000000000000e+00 7.026999999999999913e-01
2.000000000000000000e+00 7.027999999999999803e-01
7.390000000000000000e+02 7.028999999999999693e-01
2.700000000000000000e+01 7.029999999999999583e-01
3.000000000000000000e+00 7.030999999999999472e-01
5.000000000000000000e+00 7.032000000000000473e-01
0.000000000000000000e+00 7.033000000000000362e-01
0.000000000000000000e+00 7.034000000000000252e-01
0.000000000000000000e+00 7.035000000000000142e-01
1.000000000000000000e+00 7.036000000000000032e-01
2.900000000000000000e+01 7.036999999999999922e-01
2.000000000000000000e+00 7.037999999999999812e-01
3.100000000000000000e+01 7.038999999999999702e-01
0.000000000000000000e+00 7.039999999999999591e-01
0.000000000000000000e+00 7.040999999999999481e-01
1.000000000000000000e+02 7.042000000000000481e-01
5.000000000000000000e+00 7.043000000000000371e-01
1.471000000000000000e+03 7.044000000000000261e-01
8.000000000000000000e+00 7.045000000000000151e-01
0.000000000000000000e+00 7.046000000000000041e-01
1.500000000000000000e+01 7.046999999999999931e-01
5.100000000000000000e+01 7.047999999999999821e-01
1.000000000000000000e+00 7.048999999999999710e-01
0.000000000000000000e+00 7.049999999999999600e-01
1.500000000000000000e+01 7.050999999999999490e-01
5.020000000000000000e+02 7.052000000000000490e-01
0.000000000000000000e+00 7.048999999999999710e-01
0.000000000000000000e+00 7.049999999999999600e-01
9.500000000000000000e+01 7.050999999999999490e-01
3.900000000000000000e+01 7.052000000000000490e-01
1.040000000000000000e+02 7.053000000000000380e-01
0.000000000000000000e+00 7.054000000000000270e-01
3.000000000000000000e+00 7.055000000000000160e-01
6.000000000000000000e+00 7.056000000000000050e-01
4.000000000000000000e+00 7.056999999999999940e-01
0.000000000000000000e+00 7.057999999999999829e-01
0.000000000000000000e+00 7.058999999999999719e-01
2.285000000000000000e+03 7.059999999999999609e-01
2.200000000000000000e+01 7.060999999999999499e-01
0.000000000000000000e+00 7.058999999999999719e-01
1.495000000000000000e+03 7.059999999999999609e-01
3.400000000000000000e+01 7.060999999999999499e-01
1.600000000000000000e+01 7.062000000000000499e-01
6.763000000000000000e+03 7.063000000000000389e-01
8.000000000000000000e+00 7.064000000000000279e-01
0.000000000000000000e+00 7.065000000000000169e-01
0.000000000000000000e+00 7.066000000000000059e-01
8.572000000000000000e+03 7.066999999999999948e-01
1.800000000000000000e+01 7.056999999999999940e-01
0.000000000000000000e+00 7.057999999999999829e-01
2.800000000000000000e+01 7.058999999999999719e-01
0.000000000000000000e+00 7.059999999999999609e-01
3.860000000000000000e+02 7.060999999999999499e-01
1.601000000000000000e+03 7.062000000000000499e-01
3.000000000000000000e+00 7.062000000000000499e-01
2.000000000000000000e+00 7.063000000000000389e-01
4.000000000000000000e+00 7.064000000000000279e-01
0.000000000000000000e+00 7.065000000000000169e-01
6.800000000000000000e+01 7.066000000000000059e-01
4.200000000000000000e+01 7.066999999999999948e-01
0.000000000000000000e+00 7.066999999999999948e-01
1.000000000000000000e+00 7.067999999999999838e-01
0.000000000000000000e+00 7.067999999999999838e-01
0.000000000000000000e+00 7.068999999999999728e-01
4.000000000000000000e+00 7.069999999999999618e-01
1.519000000000000000e+03 7.070999999999999508e-01
5.540000000000000000e+02 7.064000000000000279e-01
1.020000000000000000e+02 7.065000000000000169e-01
0.000000000000000000e+00 7.066000000000000059e-01
0.000000000000000000e+00 7.066999999999999948e-01
0.000000000000000000e+00 7.067999999999999838e-01
1.000000000000000000e+00 7.068999999999999728e-01
5.050000000000000000e+02 7.069999999999999618e-01
1.600000000000000000e+01 7.070999999999999508e-01
0.000000000000000000e+00 7.072000000000000508e-01
1.090000000000000000e+02 7.073000000000000398e-01
3.235100000000000000e+04 7.074000000000000288e-01
1.350000000000000000e+02 7.052000000000000490e-01
8.000000000000000000e+00 7.052000000000000490e-01
1.163000000000000000e+03 7.053000000000000380e-01
1.100000000000000000e+01 7.054000000000000270e-01
2.000000000000000000e+02 7.055000000000000160e-01
2.400000000000000000e+01 7.056000000000000050e-01
2.000000000000000000e+00 7.052000000000000490e-01
1.010000000000000000e+02 7.053000000000000380e-01
2.123000000000000000e+03 7.054000000000000270e-01
6.000000000000000000e+00 7.039999999999999591e-01
0.000000000000000000e+00 7.040999999999999481e-01
4.000000000000000000e+00 7.042000000000000481e-01
0.000000000000000000e+00 7.043000000000000371e-01
0.000000000000000000e+00 7.044000000000000261e-01
2.606200000000000000e+04 7.045000000000000151e-01
4.900000000000000000e+01 7.009999999999999565e-01
1.880000000000000000e+02 7.010999999999999455e-01
1.500000000000000000e+01 7.012000000000000455e-01
0.000000000000000000e+00 7.013000000000000345e-01
2.000000000000000000e+00 7.014000000000000234e-01
0.000000000000000000e+00 7.015000000000000124e-01
4.000000000000000000e+00 7.016000000000000014e-01
1.000000000000000000e+00 7.016999999999999904e-01
0.000000000000000000e+00 7.017999999999999794e-01
2.100000000000000000e+01 7.018999999999999684e-01
1.600000000000000000e+01 7.019999999999999574e-01
4.000000000000000000e+00 7.020999999999999464e-01
1.000000000000000000e+00 7.022000000000000464e-01
0.000000000000000000e+00 7.023000000000000353e-01
3.000000000000000000e+00 7.024000000000000243e-01
7.600000000000000000e+01 7.025000000000000133e-01
1.162000000000000000e+03 7.026000000000000023e-01
1.350000000000000000e+02 7.026999999999999913e-01
2.600000000000000000e+01 7.027999999999999803e-01
3.500000000000000000e+01 7.028999999999999693e-01
3.989600000000000000e+04 7.029999999999999583e-01
1.000000000000000000e+00 7.016000000000000014e-01
7.000000000000000000e+00 7.016999999999999904e-01
2.000000000000000000e+00 7.017999999999999794e-01
0.000000000000000000e+00 7.018999999999999684e-01
2.000000000000000000e+01 7.019999999999999574e-01
7.700000000000000000e+01 7.020999999999999464e-01
2.000000000000000000e+00 7.022000000000000464e-01
4.090000000000000000e+02 7.023000000000000353e-01
0.000000000000000000e+00 7.024000000000000243e-01
4.000000000000000000e+00 7.025000000000000133e-01
2.000000000000000000e+00 7.026000000000000023e-01
7.000000000000000000e+00 7.026999999999999913e-01
2.200000000000000000e+01 7.027999999999999803e-01
2.912000000000000000e+03 7.028999999999999693e-01
0.000000000000000000e+00 7.026999999999999913e-01
2.500000000000000000e+01 7.027999999999999803e-01
1.111000000000000000e+03 7.028999999999999693e-01
0.000000000000000000e+00 7.028999999999999693e-01
9.470000000000000000e+02 7.029999999999999583e-01
0.000000000000000000e+00 7.029999999999999583e-01
2.600000000000000000e+01 7.030999999999999472e-01
1.500000000000000000e+01 7.032000000000000473e-01
0.000000000000000000e+00 7.033000000000000362e-01
0.000000000000000000e+00 7.034000000000000252e-01
0.000000000000000000e+00 7.035000000000000142e-01
3.000000000000000000e+00 7.036000000000000032e-01
1.000000000000000000e+00 7.036999999999999922e-01
2.080000000000000000e+02 7.037999999999999812e-01
0.000000000000000000e+00 7.038999999999999702e-01
7.000000000000000000e+00 7.039999999999999591e-01
3.520000000000000000e+02 7.040999999999999481e-01
5.000000000000000000e+00 7.042000000000000481e-01
0.000000000000000000e+00 7.043000000000000371e-01
4.200000000000000000e+01 7.044000000000000261e-01
0.000000000000000000e+00 7.045000000000000151e-01
1.460000000000000000e+02 7.046000000000000041e-01
0.000000000000000000e+00 7.044000000000000261e-01
0.000000000000000000e+00 7.045000000000000151e-01
3.000000000000000000e+00 7.046000000000000041e-01
0.000000000000000000e+00 7.046999999999999931e-01
0.000000000000000000e+00 7.047999999999999821e-01
3.700000000000000000e+01 7.048999999999999710e-01
0.000000000000000000e+00 7.049999999999999600e-01
9.094000000000000000e+03 7.050999999999999490e-01
1.126400000000000000e+04 7.036999999999999922e-01
0.000000000000000000e+00 7.026999999999999913e-01
7.230000000000000000e+02 7.027999999999999803e-01
6.300000000000000000e+01 7.022000000000000464e-01
2.000000000000000000e+01 7.022000000000000464e-01
1.800000000000000000e+01 7.023000000000000353e-01
0.000000000000000000e+00 7.024000000000000243e-01
1.000000000000000000e+00 7.025000000000000133e-01
1.600000000000000000e+01 7.026000000000000023e-01
2.300000000000000000e+01 7.026000000000000023e-01
3.000000000000000000e+00 7.026999999999999913e-01
5.000000000000000000e+00 7.027999999999999803e-01
0.000000000000000000e+00 7.028999999999999693e-01
0.000000000000000000e+00 7.029999999999999583e-01
3.000000000000000000e+00 7.030999999999999472e-01
0.000000000000000000e+00 7.029999999999999583e-01
6.000000000000000000e+00 7.030999999999999472e-01
7.000000000000000000e+00 7.032000000000000473e-01
3.400000000000000000e+01 7.033000000000000362e-01
2.000000000000000000e+00 7.034000000000000252e-01
4.000000000000000000e+00 7.035000000000000142e-01
7.000000000000000000e+00 7.036000000000000032e-01
3.000000000000000000e+00 7.036999999999999922e-01
3.800000000000000000e+01 7.037999999999999812e-01
1.200000000000000000e+01 7.029999999999999583e-01
0.000000000000000000e+00 7.030999999999999472e-01
5.000000000000000000e+00 7.032000000000000473e-01
4.540000000000000000e+02 7.033000000000000362e-01
3.000000000000000000e+00 7.034000000000000252e-01
0.000000000000000000e+00 7.035000000000000142e-01
4.000000000000000000e+00 7.036000000000000032e-01
1.170000000000000000e+02 7.036999999999999922e-01
3.810000000000000000e+03 7.037999999999999812e-01
1.000000000000000000e+00 7.038999999999999702e-01
2.000000000000000000e+00 7.039999999999999591e-01
4.000000000000000000e+00 7.040999999999999481e-01
3.000000000000000000e+00 7.042000000000000481e-01
1.405000000000000000e+03 7.043000000000000371e-01
0.000000000000000000e+00 7.043000000000000371e-01
0.000000000000000000e+00 7.044000000000000261e-01
0.000000000000000000e+00 7.045000000000000151e-01
3.000000000000000000e+00 7.046000000000000041e-01
9.260000000000000000e+02 7.046999999999999931e-01
3.380000000000000000e+02 7.043000000000000371e-01
0.000000000000000000e+00 7.044000000000000261e-01
1.170000000000000000e+02 7.045000000000000151e-01
1.780000000000000000e+02 7.046000000000000041e-01
0.000000000000000000e+00 7.045000000000000151e-01
0.000000000000000000e+00 7.046000000000000041e-01
1.000000000000000000e+00 7.046999999999999931e-01
1.230000000000000000e+02 7.047999999999999821e-01
2.000000000000000000e+00 7.048999999999999710e-01
4.100000000000000000e+01 7.049999999999999600e-01
0.000000000000000000e+00 7.050999999999999490e-01
0.000000000000000000e+00 7.052000000000000490e-01
2.360000000000000000e+02 7.053000000000000380e-01
0.000000000000000000e+00 7.054000000000000270e-01
1.500000000000000000e+01 7.055000000000000160e-01
0.000000000000000000e+00 7.056000000000000050e-01
0.000000000000000000e+00 7.056999999999999940e-01
2.000000000000000000e+00 7.057999999999999829e-01
0.000000000000000000e+00 7.058999999999999719e-01
0.000000000000000000e+00 7.059999999999999609e-01
9.900000000000000000e+01 7.060999999999999499e-01
0.000000000000000000e+00 7.062000000000000499e-01
9.238000000000000000e+03 7.063000000000000389e-01
0.000000000000000000e+00 7.050999999999999490e-01
7.600000000000000000e+01 7.052000000000000490e-01
0.000000000000000000e+00 7.053000000000000380e-01
5.000000000000000000e+00 7.054000000000000270e-01
1.312000000000000000e+03 7.055000000000000160e-01
2.024000000000000000e+03 7.047999999999999821e-01
6.800000000000000000e+01 7.028999999999999693e-01
4.000000000000000000e+00 7.026999999999999913e-01
4.000000000000000000e+00 7.027999999999999803e-01
4.000000000000000000e+00 7.028999999999999693e-01
0.000000000000000000e+00 7.029999999999999583e-01
1.000000000000000000e+00 7.030999999999999472e-01
3.110000000000000000e+02 7.032000000000000473e-01
1.080000000000000000e+02 7.033000000000000362e-01
3.000000000000000000e+00 7.034000000000000252e-01
4.470000000000000000e+02 7.035000000000000142e-01
0.000000000000000000e+00 7.036000000000000032e-01
5.280000000000000000e+02 7.036999999999999922e-01
0.000000000000000000e+00 7.037999999999999812e-01
3.400000000000000000e+01 7.038999999999999702e-01
0.000000000000000000e+00 7.039999999999999591e-01
0.000000000000000000e+00 7.040999999999999481e-01
9.000000000000000000e+00 7.042000000000000481e-01
3.800000000000000000e+01 7.043000000000000371e-01
2.700000000000000000e+01 7.042000000000000481e-01
9.000000000000000000e+00 7.043000000000000371e-01
4.000000000000000000e+00 7.044000000000000261e-01
1.200000000000000000e+01 7.045000000000000151e-01
1.300000000000000000e+01 7.046000000000000041e-01
2.100000000000000000e+01 7.046999999999999931e-01
1.400000000000000000e+01 7.047999999999999821e-01
2.000000000000000000e+00 7.048999999999999710e-01
0.000000000000000000e+00 7.049999999999999600e-01
5.000000000000000000e+00 7.050999999999999490e-01
1.000000000000000000e+01 7.052000000000000490e-01
1.300000000000000000e+01 7.053000000000000380e-01
0.000000000000000000e+00 7.054000000000000270e-01
2.100000000000000000e+01 7.055000000000000160e-01
9.000000000000000000e+00 7.056000000000000050e-01
7.900000000000000000e+01 7.056999999999999940e-01
3.000000000000000000e+00 7.057999999999999829e-01
0.000000000000000000e+00 7.058999999999999719e-01
0.000000000000000000e+00 7.059999999999999609e-01
9.000000000000000000e+00 7.060999999999999499e-01
2.000000000000000000e+00 7.062000000000000499e-01
7.340000000000000000e+02 7.063000000000000389e-01
3.220000000000000000e+02 7.044000000000000261e-01
4.000000000000000000e+00 7.045000000000000151e-01
0.000000000000000000e+00 7.045000000000000151e-01
5.700000000000000000e+01 7.046000000000000041e-01
0.000000000000000000e+00 7.046999999999999931e-01
4.029000000000000000e+03 7.047999999999999821e-01
0.000000000000000000e+00 7.037999999999999812e-01
4.630000000000000000e+02 7.038999999999999702e-01
0.000000000000000000e+00 7.035000000000000142e-01
0.000000000000000000e+00 7.036000000000000032e-01
3.935000000000000000e+03 7.036999999999999922e-01
2.000000000000000000e+00 7.037999999999999812e-01
0.000000000000000000e+00 7.038999999999999702e-01
2.000000000000000000e+00 7.039999999999999591e-01
0.000000000000000000e+00 7.040999999999999481e-01
1.700000000000000000e+02 7.042000000000000481e-01
0.000000000000000000e+00 7.043000000000000371e-01
1.419000000000000000e+03 7.044000000000000261e-01
0.000000000000000000e+00 7.042000000000000481e-01
0.000000000000000000e+00 7.043000000000000371e-01
9.900000000000000000e+01 7.044000000000000261e-01
3.483000000000000000e+03 7.040999999999999481e-01
2.000000000000000000e+00 7.042000000000000481e-01
4.000000000000000000e+00 7.043000000000000371e-01
9.000000000000000000e+00 7.044000000000000261e-01
3.300000000000000000e+01 7.045000000000000151e-01
0.000000000000000000e+00 7.038999999999999702e-01
2.860000000000000000e+02 7.039999999999999591e-01
1.723000000000000000e+03 7.040999999999999481e-01
1.000000000000000000e+00 7.030999999999999472e-01
0.000000000000000000e+00 7.032000000000000473e-01
0.000000000000000000e+00 7.033000000000000362e-01
2.000000000000000000e+00 7.034000000000000252e-01
1.794000000000000000e+03 7.035000000000000142e-01
2.000000000000000000e+00 7.036000000000000032e-01
8.000000000000000000e+00 7.036999999999999922e-01
1.120000000000000000e+02 7.035000000000000142e-01
3.000000000000000000e+00 7.036000000000000032e-01
0.000000000000000000e+00 7.036999999999999922e-01
0.000000000000000000e+00 7.037999999999999812e-01
3.340000000000000000e+02 7.038999999999999702e-01
4.900000000000000000e+01 7.038999999999999702e-01
0.000000000000000000e+00 7.039999999999999591e-01
0.000000000000000000e+00 7.040999999999999481e-01
0.000000000000000000e+00 7.042000000000000481e-01
2.340000000000000000e+02 7.043000000000000371e-01
1.100000000000000000e+01 7.044000000000000261e-01
1.224300000000000000e+04 7.045000000000000151e-01
7.800000000000000000e+01 7.046000000000000041e-01
0.000000000000000000e+00 7.046999999999999931e-01
1.600000000000000000e+01 7.047999999999999821e-01
2.800000000000000000e+01 7.046999999999999931e-01
5.900000000000000000e+01 7.047999999999999821e-01
9.200000000000000000e+01 7.048999999999999710e-01
0.000000000000000000e+00 7.049999999999999600e-01
2.240000000000000000e+02 7.050999999999999490e-01
5.000000000000000000e+00 7.052000000000000490e-01
3.460000000000000000e+02 7.053000000000000380e-01
0.000000000000000000e+00 7.054000000000000270e-01
2.300000000000000000e+01 7.055000000000000160e-01
1.240000000000000000e+02 7.056000000000000050e-01
1.986000000000000000e+03 7.056999999999999940e-01
1.300000000000000000e+01 7.054000000000000270e-01
0.000000000000000000e+00 7.055000000000000160e-01
5.000000000000000000e+00 7.056000000000000050e-01
1.400000000000000000e+01 7.056999999999999940e-01
0.000000000000000000e+00 7.057999999999999829e-01
0.000000000000000000e+00 7.058999999999999719e-01
3.148000000000000000e+03 7.059999999999999609e-01
5.000000000000000000e+00 7.056999999999999940e-01
0.000000000000000000e+00 7.057999999999999829e-01
0.000000000000000000e+00 7.058999999999999719e-01
1.000000000000000000e+00 7.059999999999999609e-01
6.891500000000000000e+04 7.060999999999999499e-01
0.000000000000000000e+00 7.007999999999999785e-01
0.000000000000000000e+00 7.008999999999999675e-01
1.800000000000000000e+01 7.009999999999999565e-01
0.000000000000000000e+00 7.010999999999999455e-01
1.420000000000000000e+02 7.012000000000000455e-01
0.000000000000000000e+00 7.013000000000000345e-01
0.000000000000000000e+00 7.014000000000000234e-01
7.400000000000000000e+01 7.015000000000000124e-01
8.000000000000000000e+00 7.016000000000000014e-01
0.000000000000000000e+00 7.016999999999999904e-01
0.000000000000000000e+00 7.017999999999999794e-01
1.003600000000000000e+04 7.018999999999999684e-01
0.000000000000000000e+00 7.017999999999999794e-01
0.000000000000000000e+00 7.018999999999999684e-01
1.000000000000000000e+00 7.019999999999999574e-01
2.440000000000000000e+02 7.019999999999999574e-01
1.530000000000000000e+02 7.020999999999999464e-01
3.500000000000000000e+01 7.022000000000000464e-01
0.000000000000000000e+00 7.023000000000000353e-01
1.030000000000000000e+02 7.024000000000000243e-01
0.000000000000000000e+00 7.022000000000000464e-01
5.100000000000000000e+01 7.023000000000000353e-01
6.670000000000000000e+02 7.024000000000000243e-01
7.400000000000000000e+02 7.025000000000000133e-01
2.630000000000000000e+02 7.025000000000000133e-01
1.000000000000000000e+01 7.020999999999999464e-01
2.000000000000000000e+00 7.020999999999999464e-01
0.000000000000000000e+00 7.022000000000000464e-01
1.000000000000000000e+00 7.023000000000000353e-01
2.900000000000000000e+01 7.024000000000000243e-01
0.000000000000000000e+00 7.020999999999999464e-01
2.300000000000000000e+01 7.022000000000000464e-01
0.000000000000000000e+00 7.023000000000000353e-01
9.000000000000000000e+00 7.024000000000000243e-01
6.000000000000000000e+00 7.025000000000000133e-01
6.000000000000000000e+00 7.026000000000000023e-01
6.675000000000000000e+03 7.026999999999999913e-01
0.000000000000000000e+00 7.008999999999999675e-01
1.000000000000000000e+00 7.009999999999999565e-01
4.000000000000000000e+00 7.010999999999999455e-01
0.000000000000000000e+00 7.012000000000000455e-01
0.000000000000000000e+00 7.013000000000000345e-01
2.000000000000000000e+00 7.014000000000000234e-01
6.571000000000000000e+03 7.015000000000000124e-01
0.000000000000000000e+00 7.016000000000000014e-01
2.192000000000000000e+03 7.016999999999999904e-01
2.361000000000000000e+03 7.017999999999999794e-01
2.000000000000000000e+00 7.018999999999999684e-01
1.400000000000000000e+01 7.019999999999999574e-01
3.000000000000000000e+00 7.020999999999999464e-01
1.400000000000000000e+01 7.022000000000000464e-01
2.000000000000000000e+01 7.023000000000000353e-01
6.300000000000000000e+01 7.024000000000000243e-01
2.300000000000000000e+01 7.025000000000000133e-01
0.000000000000000000e+00 7.026000000000000023e-01
2.000000000000000000e+00 7.026999999999999913e-01
2.520000000000000000e+02 7.027999999999999803e-01
0.000000000000000000e+00 7.028999999999999693e-01
1.500000000000000000e+01 7.029999999999999583e-01
7.000000000000000000e+01 7.030999999999999472e-01
0.000000000000000000e+00 7.032000000000000473e-01
8.000000000000000000e+01 7.033000000000000362e-01
1.881000000000000000e+03 7.029999999999999583e-01
3.000000000000000000e+00 7.027999999999999803e-01
1.600000000000000000e+01 7.027999999999999803e-01
1.000000000000000000e+00 7.028999999999999693e-01
0.000000000000000000e+00 7.029999999999999583e-01
4.400000000000000000e+01 7.030999999999999472e-01
1.240000000000000000e+02 7.030999999999999472e-01
0.000000000000000000e+00 7.030999999999999472e-01
0.000000000000000000e+00 7.032000000000000473e-01
0.000000000000000000e+00 7.033000000000000362e-01
0.000000000000000000e+00 7.034000000000000252e-01
6.000000000000000000e+00 7.035000000000000142e-01
1.000000000000000000e+00 7.036000000000000032e-01
5.000000000000000000e+00 7.036000000000000032e-01
1.000000000000000000e+00 7.036999999999999922e-01
0.000000000000000000e+00 7.037999999999999812e-01
0.000000000000000000e+00 7.038999999999999702e-01
4.700000000000000000e+01 7.039999999999999591e-01
0.000000000000000000e+00 7.040999999999999481e-01
8.200000000000000000e+03 7.042000000000000481e-01
2.000000000000000000e+00 7.026000000000000023e-01
8.000000000000000000e+00 7.026999999999999913e-01
0.000000000000000000e+00 7.027999999999999803e-01
0.000000000000000000e+00 7.028999999999999693e-01
2.000000000000000000e+01 7.029999999999999583e-01
1.300000000000000000e+01 7.028999999999999693e-01
6.000000000000000000e+00 7.026000000000000023e-01
3.800000000000000000e+01 7.026000000000000023e-01
1.677900000000000000e+04 7.026999999999999913e-01
8.000000000000000000e+00 7.023000000000000353e-01
0.000000000000000000e+00 7.024000000000000243e-01
2.000000000000000000e+00 7.025000000000000133e-01
0.000000000000000000e+00 7.025000000000000133e-01
3.329000000000000000e+03 7.026000000000000023e-01
0.000000000000000000e+00 7.020999999999999464e-01
3.000000000000000000e+01 7.022000000000000464e-01
1.540000000000000000e+02 7.023000000000000353e-01
4.400000000000000000e+01 7.024000000000000243e-01
3.100000000000000000e+01 7.025000000000000133e-01
0.000000000000000000e+00 7.026000000000000023e-01
2.000000000000000000e+00 7.026999999999999913e-01
1.570000000000000000e+02 7.027999999999999803e-01
1.000000000000000000e+00 7.028999999999999693e-01
2.000000000000000000e+00 7.029999999999999583e-01
8.000000000000000000e+00 7.030999999999999472e-01
0.000000000000000000e+00 7.032000000000000473e-01
1.285000000000000000e+03 7.033000000000000362e-01
1.870000000000000000e+02 7.032000000000000473e-01
3.800000000000000000e+01 7.033000000000000362e-01
1.000000000000000000e+00 7.034000000000000252e-01
1.120000000000000000e+02 7.035000000000000142e-01
0.000000000000000000e+00 7.036000000000000032e-01
1.000000000000000000e+00 7.036999999999999922e-01
1.900000000000000000e+01 7.037999999999999812e-01
2.900000000000000000e+01 7.038999999999999702e-01
0.000000000000000000e+00 7.039999999999999591e-01
6.600000000000000000e+01 7.040999999999999481e-01
0.000000000000000000e+00 7.042000000000000481e-01
1.600000000000000000e+01 7.043000000000000371e-01
6.000000000000000000e+00 7.044000000000000261e-01
0.000000000000000000e+00 7.045000000000000151e-01
3.000000000000000000e+00 7.046000000000000041e-01
9.000000000000000000e+00 7.046999999999999931e-01
1.000000000000000000e+00 7.047999999999999821e-01
4.000000000000000000e+00 7.048999999999999710e-01
0.000000000000000000e+00 7.049999999999999600e-01
9.500000000000000000e+01 7.050999999999999490e-01
1.000000000000000000e+00 7.052000000000000490e-01
2.000000000000000000e+00 7.053000000000000380e-01
1.100000000000000000e+01 7.054000000000000270e-01
0.000000000000000000e+00 7.055000000000000160e-01
4.000000000000000000e+00 7.056000000000000050e-01
0.000000000000000000e+00 7.056000000000000050e-01
3.200000000000000000e+01 7.056999999999999940e-01
0.000000000000000000e+00 7.057999999999999829e-01
1.650000000000000000e+02 7.058999999999999719e-01
6.183000000000000000e+03 7.059999999999999609e-01
2.561000000000000000e+03 7.060999999999999499e-01
7.120000000000000000e+02 7.062000000000000499e-01
1.000000000000000000e+01 7.053000000000000380e-01
0.000000000000000000e+00 7.054000000000000270e-01
0.000000000000000000e+00 7.055000000000000160e-01
0.000000000000000000e+00 7.056000000000000050e-01
0.000000000000000000e+00 7.056999999999999940e-01
0.000000000000000000e+00 7.057999999999999829e-01
3.470000000000000000e+02 7.058999999999999719e-01
0.000000000000000000e+00 7.059999999999999609e-01
4.000000000000000000e+00 7.060999999999999499e-01
2.000000000000000000e+00 7.062000000000000499e-01
0.000000000000000000e+00 7.063000000000000389e-01
8.000000000000000000e+00 7.064000000000000279e-01
0.000000000000000000e+00 7.065000000000000169e-01
7.000000000000000000e+00 7.066000000000000059e-01
0.000000000000000000e+00 7.066999999999999948e-01
2.300000000000000000e+01 7.067999999999999838e-01
0.000000000000000000e+00 7.068999999999999728e-01
6.000000000000000000e+01 7.069999999999999618e-01
0.000000000000000000e+00 7.070999999999999508e-01
1.000000000000000000e+00 7.072000000000000508e-01
0.000000000000000000e+00 7.073000000000000398e-01
0.000000000000000000e+00 7.074000000000000288e-01
9.900000000000000000e+01 7.075000000000000178e-01
1.307000000000000000e+03 7.068999999999999728e-01
9.900000000000000000e+01 7.069999999999999618e-01
0.000000000000000000e+00 7.070999999999999508e-01
0.000000000000000000e+00 7.072000000000000508e-01
3.000000000000000000e+00 7.073000000000000398e-01
5.820000000000000000e+02 7.074000000000000288e-01
0.000000000000000000e+00 7.075000000000000178e-01
1.000000000000000000e+00 7.076000000000000068e-01
0.000000000000000000e+00 7.076999999999999957e-01
0.000000000000000000e+00 7.077999999999999847e-01
1.700000000000000000e+01 7.078999999999999737e-01
2.000000000000000000e+00 7.079999999999999627e-01
3.000000000000000000e+00 7.080999999999999517e-01
3.700000000000000000e+01 7.082000000000000517e-01
0.000000000000000000e+00 7.083000000000000407e-01
1.500000000000000000e+01 7.084000000000000297e-01
2.800000000000000000e+01 7.085000000000000187e-01
6.700000000000000000e+01 7.086000000000000076e-01
0.000000000000000000e+00 7.086999999999999966e-01
4.420000000000000000e+02 7.087999999999999856e-01
5.400000000000000000e+01 7.077999999999999847e-01
0.000000000000000000e+00 7.077999999999999847e-01
2.900000000000000000e+01 7.078999999999999737e-01
1.283000000000000000e+03 7.079999999999999627e-01
1.000000000000000000e+01 7.070999999999999508e-01
3.000000000000000000e+00 7.072000000000000508e-01
2.000000000000000000e+00 7.073000000000000398e-01
3.000000000000000000e+00 7.074000000000000288e-01
5.000000000000000000e+00 7.075000000000000178e-01
2.398000000000000000e+03 7.076000000000000068e-01
0.000000000000000000e+00 7.068999999999999728e-01
9.200000000000000000e+01 7.069999999999999618e-01
2.000000000000000000e+00 7.070999999999999508e-01
6.080000000000000000e+02 7.072000000000000508e-01
6.200000000000000000e+01 7.070999999999999508e-01
7.000000000000000000e+00 7.069999999999999618e-01
5.103700000000000000e+04 7.070999999999999508e-01
4.000000000000000000e+01 7.036999999999999922e-01
2.400000000000000000e+01 7.037999999999999812e-01
0.000000000000000000e+00 7.038999999999999702e-01
0.000000000000000000e+00 7.039999999999999591e-01
0.000000000000000000e+00 7.040999999999999481e-01
5.000000000000000000e+00 7.042000000000000481e-01
0.000000000000000000e+00 7.043000000000000371e-01
6.000000000000000000e+00 7.044000000000000261e-01
1.100000000000000000e+01 7.045000000000000151e-01
6.600000000000000000e+01 7.046000000000000041e-01
1.291000000000000000e+03 7.045000000000000151e-01
1.800000000000000000e+01 7.040999999999999481e-01
0.000000000000000000e+00 7.042000000000000481e-01
0.000000000000000000e+00 7.043000000000000371e-01
6.300000000000000000e+01 7.044000000000000261e-01
3.000000000000000000e+00 7.042000000000000481e-01
0.000000000000000000e+00 7.043000000000000371e-01
5.000000000000000000e+00 7.044000000000000261e-01
0.000000000000000000e+00 7.045000000000000151e-01
0.000000000000000000e+00 7.046000000000000041e-01
0.000000000000000000e+00 7.046999999999999931e-01
7.000000000000000000e+00 7.047999999999999821e-01
0.000000000000000000e+00 7.048999999999999710e-01
3.000000000000000000e+00 7.049999999999999600e-01
0.000000000000000000e+00 7.050999999999999490e-01
1.300000000000000000e+01 7.052000000000000490e-01
0.000000000000000000e+00 7.053000000000000380e-01
0.000000000000000000e+00 7.054000000000000270e-01
0.000000000000000000e+00 7.055000000000000160e-01
0.000000000000000000e+00 7.056000000000000050e-01
0.000000000000000000e+00 7.056999999999999940e-01
8.000000000000000000e+00 7.057999999999999829e-01
0.000000000000000000e+00 7.058999999999999719e-01
0.000000000000000000e+00 7.059999999999999609e-01
1.050000000000000000e+02 7.060999999999999499e-01
3.100000000000000000e+01 7.062000000000000499e-01
2.870000000000000000e+03 7.063000000000000389e-01
1.000000000000000000e+00 7.058999999999999719e-01
7.060000000000000000e+03 7.059999999999999609e-01
7.200000000000000000e+01 7.059999999999999609e-01
1.000000000000000000e+00 7.060999999999999499e-01
1.770000000000000000e+02 7.062000000000000499e-01
1.541000000000000000e+03 7.063000000000000389e-01
0.000000000000000000e+00 7.058999999999999719e-01
5.800000000000000000e+01 7.059999999999999609e-01
2.410000000000000000e+02 7.060999999999999499e-01
1.000000000000000000e+01 7.062000000000000499e-01
0.000000000000000000e+00 7.063000000000000389e-01
0.000000000000000000e+00 7.064000000000000279e-01
0.000000000000000000e+00 7.065000000000000169e-01
1.000000000000000000e+01 7.066000000000000059e-01
8.300000000000000000e+01 7.064000000000000279e-01
9.000000000000000000e+01 7.063000000000000389e-01
2.930000000000000000e+02 7.062000000000000499e-01
6.900000000000000000e+01 7.063000000000000389e-01
3.400000000000000000e+01 7.064000000000000279e-01
1.200000000000000000e+01 7.065000000000000169e-01
1.100000000000000000e+01 7.063000000000000389e-01
1.200000000000000000e+01 7.064000000000000279e-01
4.000000000000000000e+00 7.064000000000000279e-01
0.000000000000000000e+00 7.065000000000000169e-01
3.000000000000000000e+00 7.066000000000000059e-01
2.000000000000000000e+00 7.066999999999999948e-01
9.950000000000000000e+02 7.066999999999999948e-01
2.000000000000000000e+00 7.064000000000000279e-01
1.204000000000000000e+03 7.065000000000000169e-01
9.100000000000000000e+01 7.066000000000000059e-01
3.400000000000000000e+01 7.065000000000000169e-01
0.000000000000000000e+00 7.066000000000000059e-01
0.000000000000000000e+00 7.066999999999999948e-01
3.400000000000000000e+01 7.067999999999999838e-01
2.230000000000000000e+02 7.068999999999999728e-01
0.000000000000000000e+00 7.066999999999999948e-01
0.000000000000000000e+00 7.067999999999999838e-01
1.230000000000000000e+02 7.068999999999999728e-01
1.000000000000000000e+00 7.069999999999999618e-01
1.000000000000000000e+00 7.070999999999999508e-01
4.000000000000000000e+00 7.070999999999999508e-01
0.000000000000000000e+00 7.072000000000000508e-01
4.000000000000000000e+00 7.073000000000000398e-01
2.000000000000000000e+01 7.069999999999999618e-01
6.000000000000000000e+00 7.070999999999999508e-01
2.000000000000000000e+00 7.072000000000000508e-01
9.100000000000000000e+01 7.073000000000000398e-01
1.000000000000000000e+00 7.074000000000000288e-01
2.000000000000000000e+00 7.075000000000000178e-01
1.600000000000000000e+01 7.076000000000000068e-01
2.080000000000000000e+02 7.076999999999999957e-01
2.000000000000000000e+00 7.077999999999999847e-01
1.170000000000000000e+02 7.078999999999999737e-01
4.200000000000000000e+01 7.079999999999999627e-01
2.200000000000000000e+01 7.080999999999999517e-01
7.300000000000000000e+01 7.082000000000000517e-01
2.000000000000000000e+00 7.078999999999999737e-01
2.680000000000000000e+02 7.079999999999999627e-01
7.500000000000000000e+01 7.080999999999999517e-01
0.000000000000000000e+00 7.082000000000000517e-01
2.771000000000000000e+03 7.083000000000000407e-01
0.000000000000000000e+00 7.084000000000000297e-01
2.500000000000000000e+01 7.085000000000000187e-01
0.000000000000000000e+00 7.085000000000000187e-01
0.000000000000000000e+00 7.086000000000000076e-01
0.000000000000000000e+00 7.086999999999999966e-01
3.000000000000000000e+00 7.087999999999999856e-01
1.000000000000000000e+01 7.088999999999999746e-01
0.000000000000000000e+00 7.089999999999999636e-01
0.000000000000000000e+00 7.090999999999999526e-01
2.530000000000000000e+02 7.092000000000000526e-01
2.000000000000000000e+00 7.087999999999999856e-01
0.000000000000000000e+00 7.088999999999999746e-01
0.000000000000000000e+00 7.089999999999999636e-01
4.000000000000000000e+00 7.090999999999999526e-01
0.000000000000000000e+00 7.089999999999999636e-01
2.691400000000000000e+04 7.090999999999999526e-01
4.180000000000000000e+02 7.067999999999999838e-01
2.000000000000000000e+00 7.066000000000000059e-01
6.700000000000000000e+01 7.066999999999999948e-01
1.600000000000000000e+01 7.067999999999999838e-01
6.660000000000000000e+02 7.068999999999999728e-01
0.000000000000000000e+00 7.069999999999999618e-01
1.000000000000000000e+00 7.070999999999999508e-01
4.396400000000000000e+04 7.072000000000000508e-01
7.400000000000000000e+01 7.029999999999999583e-01
0.000000000000000000e+00 7.026000000000000023e-01
5.000000000000000000e+00 7.026999999999999913e-01
2.600000000000000000e+01 7.027999999999999803e-01
1.000000000000000000e+00 7.028999999999999693e-01
1.100000000000000000e+01 7.029999999999999583e-01
0.000000000000000000e+00 7.030999999999999472e-01
4.120000000000000000e+02 7.032000000000000473e-01
9.630000000000000000e+02 7.033000000000000362e-01
5.000000000000000000e+00 7.017999999999999794e-01
0.000000000000000000e+00 7.018999999999999684e-01
0.000000000000000000e+00 7.019999999999999574e-01
0.000000000000000000e+00 7.020999999999999464e-01
0.000000000000000000e+00 7.022000000000000464e-01
7.000000000000000000e+00 7.023000000000000353e-01
4.000000000000000000e+00 7.024000000000000243e-01
0.000000000000000000e+00 7.025000000000000133e-01
2.900000000000000000e+01 7.026000000000000023e-01
7.000000000000000000e+02 7.026999999999999913e-01
3.000000000000000000e+00 7.027999999999999803e-01
0.000000000000000000e+00 7.028999999999999693e-01
0.000000000000000000e+00 7.029999999999999583e-01
3.400000000000000000e+01 7.030999999999999472e-01
4.000000000000000000e+00 7.032000000000000473e-01
6.350000000000000000e+02 7.033000000000000362e-01
3.000000000000000000e+00 7.034000000000000252e-01
5.000000000000000000e+00 7.035000000000000142e-01
3.050000000000000000e+02 7.036000000000000032e-01
1.100000000000000000e+01 7.036999999999999922e-01
2.000000000000000000e+00 7.037999999999999812e-01
2.200000000000000000e+01 7.038999999999999702e-01
5.000000000000000000e+00 7.039999999999999591e-01
1.800000000000000000e+01 7.040999999999999481e-01
2.100000000000000000e+01 7.042000000000000481e-01
3.931000000000000000e+03 7.043000000000000371e-01
1.000000000000000000e+01 7.035000000000000142e-01
1.030000000000000000e+02 7.036000000000000032e-01
2.850000000000000000e+02 7.036999999999999922e-01
2.000000000000000000e+00 7.036000000000000032e-01
0.000000000000000000e+00 7.036999999999999922e-01
1.350000000000000000e+02 7.037999999999999812e-01
1.200000000000000000e+01 7.037999999999999812e-01
0.000000000000000000e+00 7.038999999999999702e-01
0.000000000000000000e+00 7.039999999999999591e-01
1.600000000000000000e+01 7.040999999999999481e-01
2.310000000000000000e+02 7.042000000000000481e-01
1.250000000000000000e+02 7.043000000000000371e-01
0.000000000000000000e+00 7.044000000000000261e-01
0.000000000000000000e+00 7.045000000000000151e-01
0.000000000000000000e+00 7.046000000000000041e-01
4.500000000000000000e+01 7.046999999999999931e-01
0.000000000000000000e+00 7.047999999999999821e-01
2.000000000000000000e+00 7.048999999999999710e-01
7.000000000000000000e+00 7.049999999999999600e-01
0.000000000000000000e+00 7.050999999999999490e-01
0.000000000000000000e+00 7.052000000000000490e-01
4.787000000000000000e+03 7.053000000000000380e-01
9.000000000000000000e+00 7.054000000000000270e-01
3.500000000000000000e+01 7.055000000000000160e-01
1.135000000000000000e+03 7.056000000000000050e-01
1.300000000000000000e+01 7.054000000000000270e-01
5.470000000000000000e+02 7.055000000000000160e-01
0.000000000000000000e+00 7.055000000000000160e-01
8.000000000000000000e+00 7.056000000000000050e-01
9.600000000000000000e+01 7.056999999999999940e-01
0.000000000000000000e+00 7.057999999999999829e-01
0.000000000000000000e+00 7.058999999999999719e-01
7.000000000000000000e+00 7.059999999999999609e-01
0.000000000000000000e+00 7.060999999999999499e-01
2.100000000000000000e+01 7.062000000000000499e-01
0.000000000000000000e+00 7.063000000000000389e-01
1.040000000000000000e+02 7.064000000000000279e-01
9.600000000000000000e+01 7.065000000000000169e-01
7.900000000000000000e+01 7.066000000000000059e-01
0.000000000000000000e+00 7.059999999999999609e-01
3.800000000000000000e+01 7.060999999999999499e-01
7.000000000000000000e+00 7.062000000000000499e-01
2.914000000000000000e+03 7.063000000000000389e-01
9.000000000000000000e+00 7.063000000000000389e-01
2.000000000000000000e+00 7.064000000000000279e-01
0.000000000000000000e+00 7.065000000000000169e-01
6.870000000000000000e+02 7.066000000000000059e-01
4.000000000000000000e+00 7.066999999999999948e-01
2.800000000000000000e+01 7.067999999999999838e-01
2.252000000000000000e+03 7.068999999999999728e-01
0.000000000000000000e+00 7.069999999999999618e-01
2.803000000000000000e+03 7.070999999999999508e-01
2.000000000000000000e+00 7.068999999999999728e-01
6.000000000000000000e+00 7.069999999999999618e-01
6.920000000000000000e+02 7.068999999999999728e-01
0.000000000000000000e+00 7.069999999999999618e-01
0.000000000000000000e+00 7.070999999999999508e-01
0.000000000000000000e+00 7.072000000000000508e-01
4.340000000000000000e+02 7.073000000000000398e-01
4.000000000000000000e+01 7.074000000000000288e-01
3.585000000000000000e+03 7.075000000000000178e-01
0.000000000000000000e+00 7.065000000000000169e-01
2.000000000000000000e+00 7.066000000000000059e-01
0.000000000000000000e+00 7.066000000000000059e-01
1.600000000000000000e+01 7.066999999999999948e-01
0.000000000000000000e+00 7.067999999999999838e-01
2.100000000000000000e+01 7.068999999999999728e-01
1.004000000000000000e+03 7.067999999999999838e-01
1.120000000000000000e+02 7.068999999999999728e-01
0.000000000000000000e+00 7.069999999999999618e-01
2.800000000000000000e+01 7.070999999999999508e-01
0.000000000000000000e+00 7.072000000000000508e-01
0.000000000000000000e+00 7.073000000000000398e-01
9.900000000000000000e+01 7.074000000000000288e-01
1.640000000000000000e+03 7.075000000000000178e-01
3.000000000000000000e+00 7.073000000000000398e-01
1.000000000000000000e+01 7.074000000000000288e-01
1.000000000000000000e+00 7.075000000000000178e-01
0.000000000000000000e+00 7.076000000000000068e-01
0.000000000000000000e+00 7.076999999999999957e-01
0.000000000000000000e+00 7.077999999999999847e-01
6.000000000000000000e+00 7.078999999999999737e-01
1.392000000000000000e+03 7.079999999999999627e-01
0.000000000000000000e+00 7.080999999999999517e-01
1.400000000000000000e+01 7.082000000000000517e-01
1.300000000000000000e+01 7.083000000000000407e-01
0.000000000000000000e+00 7.084000000000000297e-01
2.000000000000000000e+00 7.085000000000000187e-01
1.130000000000000000e+02 7.086000000000000076e-01
0.000000000000000000e+00 7.086999999999999966e-01
0.000000000000000000e+00 7.087999999999999856e-01
5.700000000000000000e+01 7.088999999999999746e-01
6.000000000000000000e+00 7.089999999999999636e-01
3.000000000000000000e+00 7.090999999999999526e-01
1.000000000000000000e+01 7.092000000000000526e-01
0.000000000000000000e+00 7.093000000000000416e-01
0.000000000000000000e+00 7.094000000000000306e-01
1.700000000000000000e+01 7.095000000000000195e-01
2.600000000000000000e+01 7.096000000000000085e-01
4.400000000000000000e+01 7.096999999999999975e-01
9.619000000000000000e+03 7.097999999999999865e-01
0.000000000000000000e+00 7.087999999999999856e-01
0.000000000000000000e+00 7.088999999999999746e-01
2.600000000000000000e+01 7.089999999999999636e-01
1.000000000000000000e+01 7.090999999999999526e-01
0.000000000000000000e+00 7.092000000000000526e-01
6.024600000000000000e+04 7.093000000000000416e-01
2.000000000000000000e+00 7.037999999999999812e-01
0.000000000000000000e+00 7.038999999999999702e-01
1.100000000000000000e+01 7.039999999999999591e-01
3.495000000000000000e+03 7.040999999999999481e-01
0.000000000000000000e+00 7.042000000000000481e-01
2.000000000000000000e+00 7.043000000000000371e-01
9.000000000000000000e+00 7.044000000000000261e-01
4.640000000000000000e+03 7.045000000000000151e-01
0.000000000000000000e+00 7.036999999999999922e-01
0.000000000000000000e+00 7.037999999999999812e-01
9.000000000000000000e+00 7.038999999999999702e-01
6.760000000000000000e+02 7.039999999999999591e-01
0.000000000000000000e+00 7.038999999999999702e-01
3.625000000000000000e+03 7.039999999999999591e-01
0.000000000000000000e+00 7.025000000000000133e-01
7.900000000000000000e+01 7.026000000000000023e-01
0.000000000000000000e+00 7.026999999999999913e-01
1.148900000000000000e+04 7.027999999999999803e-01
1.150000000000000000e+02 7.019999999999999574e-01
2.620000000000000000e+02 7.016999999999999904e-01
1.600000000000000000e+01 7.017999999999999794e-01
0.000000000000000000e+00 7.018999999999999684e-01
0.000000000000000000e+00 7.019999999999999574e-01
0.000000000000000000e+00 7.020999999999999464e-01
2.000000000000000000e+00 7.022000000000000464e-01
7.200000000000000000e+01 7.023000000000000353e-01
0.000000000000000000e+00 7.024000000000000243e-01
1.200000000000000000e+02 7.025000000000000133e-01
8.877000000000000000e+03 7.015000000000000124e-01
6.000000000000000000e+00 7.008999999999999675e-01
4.000000000000000000e+00 7.009999999999999565e-01
8.200000000000000000e+01 7.010999999999999455e-01
6.650000000000000000e+02 7.012000000000000455e-01
4.000000000000000000e+00 7.013000000000000345e-01
3.000000000000000000e+00 7.014000000000000234e-01
8.040000000000000000e+02 7.015000000000000124e-01
0.000000000000000000e+00 7.007999999999999785e-01
1.500000000000000000e+01 7.008999999999999675e-01
1.000000000000000000e+00 7.009999999999999565e-01
0.000000000000000000e+00 7.010999999999999455e-01
2.100000000000000000e+01 7.012000000000000455e-01
0.000000000000000000e+00 7.013000000000000345e-01
1.640000000000000000e+02 7.014000000000000234e-01
9.490000000000000000e+02 7.013000000000000345e-01
1.300000000000000000e+01 7.014000000000000234e-01
0.000000000000000000e+00 7.015000000000000124e-01
0.000000000000000000e+00 7.016000000000000014e-01
5.020000000000000000e+02 7.016999999999999904e-01
0.000000000000000000e+00 7.017999999999999794e-01
0.000000000000000000e+00 7.018999999999999684e-01
2.000000000000000000e+00 7.019999999999999574e-01
0.000000000000000000e+00 7.020999999999999464e-01
0.000000000000000000e+00 7.022000000000000464e-01
8.000000000000000000e+00 7.023000000000000353e-01
1.208000000000000000e+03 7.024000000000000243e-01
2.900000000000000000e+01 7.019999999999999574e-01
0.000000000000000000e+00 7.020999999999999464e-01
1.400000000000000000e+01 7.022000000000000464e-01
0.000000000000000000e+00 7.023000000000000353e-01
3.200000000000000000e+01 7.024000000000000243e-01
1.800000000000000000e+02 7.025000000000000133e-01
5.160000000000000000e+02 7.026000000000000023e-01
2.000000000000000000e+00 7.023000000000000353e-01
0.000000000000000000e+00 7.024000000000000243e-01
4.100000000000000000e+01 7.025000000000000133e-01
3.692000000000000000e+03 7.026000000000000023e-01
1.600000000000000000e+01 7.026999999999999913e-01
5.700000000000000000e+01 7.027999999999999803e-01
1.500000000000000000e+01 7.028999999999999693e-01
1.000000000000000000e+01 7.029999999999999583e-01
8.000000000000000000e+00 7.030999999999999472e-01
1.625000000000000000e+03 7.032000000000000473e-01
1.500000000000000000e+01 7.018999999999999684e-01
1.256000000000000000e+03 7.016999999999999904e-01
3.900000000000000000e+01 7.010999999999999455e-01
7.970000000000000000e+02 7.012000000000000455e-01
2.499000000000000000e+04 7.013000000000000345e-01
0.000000000000000000e+00 6.993000000000000327e-01
0.000000000000000000e+00 6.994000000000000217e-01
1.400000000000000000e+01 6.995000000000000107e-01
0.000000000000000000e+00 6.995999999999999996e-01
0.000000000000000000e+00 6.996999999999999886e-01
1.600000000000000000e+01 6.997999999999999776e-01
3.000000000000000000e+00 6.998999999999999666e-01
3.000000000000000000e+00 6.999999999999999556e-01
1.500000000000000000e+01 7.000999999999999446e-01
7.918000000000000000e+03 6.999999999999999556e-01
1.000000000000000000e+00 6.987999999999999767e-01
1.300000000000000000e+01 6.988999999999999657e-01
8.930000000000000000e+02 6.989999999999999547e-01
1.100000000000000000e+01 6.991000000000000547e-01
1.000000000000000000e+00 6.992000000000000437e-01
1.000000000000000000e+00 6.993000000000000327e-01
1.000000000000000000e+00 6.994000000000000217e-01
3.700000000000000000e+01 6.995000000000000107e-01
0.000000000000000000e+00 6.995999999999999996e-01
5.000000000000000000e+01 6.996999999999999886e-01
0.000000000000000000e+00 6.997999999999999776e-01
2.300000000000000000e+01 6.998999999999999666e-01
0.000000000000000000e+00 6.999999999999999556e-01
2.000000000000000000e+00 7.000999999999999446e-01
2.840000000000000000e+02 7.002000000000000446e-01
2.000000000000000000e+00 7.003000000000000336e-01
8.000000000000000000e+00 7.003000000000000336e-01
1.000000000000000000e+00 7.004000000000000226e-01
1.880000000000000000e+03 7.003000000000000336e-01
0.000000000000000000e+00 7.004000000000000226e-01
0.000000000000000000e+00 7.005000000000000115e-01
6.000000000000000000e+00 7.006000000000000005e-01
3.000000000000000000e+00 7.006999999999999895e-01
3.600000000000000000e+01 7.007999999999999785e-01
6.600000000000000000e+01 7.008999999999999675e-01
1.000000000000000000e+00 7.009999999999999565e-01
3.000000000000000000e+00 7.008999999999999675e-01
0.000000000000000000e+00 7.009999999999999565e-01
0.000000000000000000e+00 7.010999999999999455e-01
1.420000000000000000e+02 7.012000000000000455e-01
1.100000000000000000e+01 7.012000000000000455e-01
7.000000000000000000e+00 7.013000000000000345e-01
1.400000000000000000e+01 7.014000000000000234e-01
0.000000000000000000e+00 7.015000000000000124e-01
0.000000000000000000e+00 7.016000000000000014e-01
9.000000000000000000e+00 7.016999999999999904e-01
0.000000000000000000e+00 7.014000000000000234e-01
2.000000000000000000e+00 7.015000000000000124e-01
3.000000000000000000e+00 7.016000000000000014e-01
1.000000000000000000e+00 7.016999999999999904e-01
1.200000000000000000e+01 7.017999999999999794e-01
0.000000000000000000e+00 7.018999999999999684e-01
0.000000000000000000e+00 7.019999999999999574e-01
9.200000000000000000e+01 7.020999999999999464e-01
0.000000000000000000e+00 7.022000000000000464e-01
1.000000000000000000e+00 7.023000000000000353e-01
2.000000000000000000e+01 7.024000000000000243e-01
5.200000000000000000e+01 7.025000000000000133e-01
2.000000000000000000e+00 7.026000000000000023e-01
6.000000000000000000e+00 7.026999999999999913e-01
0.000000000000000000e+00 7.027999999999999803e-01
6.100000000000000000e+01 7.028999999999999693e-01
1.700000000000000000e+01 7.029999999999999583e-01
2.886000000000000000e+03 7.030999999999999472e-01
1.100000000000000000e+01 7.032000000000000473e-01
3.040000000000000000e+02 7.033000000000000362e-01
0.000000000000000000e+00 7.034000000000000252e-01
1.800000000000000000e+02 7.035000000000000142e-01
1.039900000000000000e+04 7.036000000000000032e-01
0.000000000000000000e+00 7.017999999999999794e-01
4.000000000000000000e+00 7.018999999999999684e-01
0.000000000000000000e+00 7.019999999999999574e-01
0.000000000000000000e+00 7.020999999999999464e-01
0.000000000000000000e+00 7.022000000000000464e-01
3.277000000000000000e+03 7.023000000000000353e-01
0.000000000000000000e+00 7.018999999999999684e-01
0.000000000000000000e+00 7.019999999999999574e-01
0.000000000000000000e+00 7.020999999999999464e-01
2.600000000000000000e+01 7.022000000000000464e-01
1.303000000000000000e+03 7.023000000000000353e-01
0.000000000000000000e+00 7.024000000000000243e-01
7.960000000000000000e+02 7.025000000000000133e-01
1.000000000000000000e+00 7.023000000000000353e-01
2.000000000000000000e+00 7.024000000000000243e-01
6.880000000000000000e+02 7.025000000000000133e-01
5.012000000000000000e+03 7.020999999999999464e-01
0.000000000000000000e+00 7.017999999999999794e-01
4.000000000000000000e+00 7.018999999999999684e-01
0.000000000000000000e+00 7.019999999999999574e-01
9.000000000000000000e+00 7.020999999999999464e-01
1.000000000000000000e+00 7.020999999999999464e-01
2.000000000000000000e+00 7.022000000000000464e-01
7.000000000000000000e+00 7.023000000000000353e-01
8.120000000000000000e+02 7.024000000000000243e-01
1.200000000000000000e+01 7.019999999999999574e-01
1.280000000000000000e+02 7.020999999999999464e-01
0.000000000000000000e+00 7.022000000000000464e-01
0.000000000000000000e+00 7.023000000000000353e-01
0.000000000000000000e+00 7.024000000000000243e-01
0.000000000000000000e+00 7.025000000000000133e-01
0.000000000000000000e+00 7.026000000000000023e-01
8.840000000000000000e+02 7.026999999999999913e-01
2.900000000000000000e+01 7.027999999999999803e-01
1.130000000000000000e+02 7.028999999999999693e-01
0.000000000000000000e+00 7.027999999999999803e-01
0.000000000000000000e+00 7.028999999999999693e-01
3.460000000000000000e+02 7.029999999999999583e-01
4.000000000000000000e+00 7.030999999999999472e-01
1.300000000000000000e+01 7.032000000000000473e-01
1.379000000000000000e+03 7.033000000000000362e-01
2.000000000000000000e+00 7.030999999999999472e-01
1.117000000000000000e+03 7.032000000000000473e-01
0.000000000000000000e+00 7.033000000000000362e-01
5.000000000000000000e+00 7.034000000000000252e-01
7.110000000000000000e+02 7.035000000000000142e-01
0.000000000000000000e+00 7.036000000000000032e-01
0.000000000000000000e+00 7.036999999999999922e-01
5.000000000000000000e+00 7.037999999999999812e-01
0.000000000000000000e+00 7.038999999999999702e-01
4.000000000000000000e+00 7.039999999999999591e-01
4.320000000000000000e+02 7.040999999999999481e-01
7.990000000000000000e+02 7.037999999999999812e-01
1.100000000000000000e+01 7.038999999999999702e-01
5.000000000000000000e+00 7.039999999999999591e-01
2.100000000000000000e+01 7.040999999999999481e-01
0.000000000000000000e+00 7.042000000000000481e-01
0.000000000000000000e+00 7.043000000000000371e-01
4.650000000000000000e+02 7.044000000000000261e-01
0.000000000000000000e+00 7.045000000000000151e-01
1.100000000000000000e+01 7.046000000000000041e-01
1.000000000000000000e+01 7.046999999999999931e-01
0.000000000000000000e+00 7.047999999999999821e-01
3.000000000000000000e+00 7.048999999999999710e-01
0.000000000000000000e+00 7.049999999999999600e-01
0.000000000000000000e+00 7.050999999999999490e-01
1.000000000000000000e+00 7.052000000000000490e-01
4.393000000000000000e+03 7.053000000000000380e-01
3.300000000000000000e+01 7.053000000000000380e-01
2.020600000000000000e+04 7.054000000000000270e-01
1.250000000000000000e+02 7.045000000000000151e-01
0.000000000000000000e+00 7.046000000000000041e-01
5.000000000000000000e+00 7.046999999999999931e-01
3.600000000000000000e+01 7.047999999999999821e-01
0.000000000000000000e+00 7.048999999999999710e-01
5.000000000000000000e+00 7.049999999999999600e-01
1.100000000000000000e+01 7.050999999999999490e-01
2.272300000000000000e+04 7.052000000000000490e-01
5.000000000000000000e+00 7.032000000000000473e-01
0.000000000000000000e+00 7.033000000000000362e-01
5.000000000000000000e+00 7.034000000000000252e-01
8.500000000000000000e+01 7.035000000000000142e-01
0.000000000000000000e+00 7.036000000000000032e-01
0.000000000000000000e+00 7.036999999999999922e-01
8.000000000000000000e+00 7.037999999999999812e-01
0.000000000000000000e+00 7.038999999999999702e-01
2.300000000000000000e+01 7.039999999999999591e-01
7.000000000000000000e+00 7.040999999999999481e-01
5.060000000000000000e+02 7.042000000000000481e-01
3.000000000000000000e+00 7.036000000000000032e-01
5.000000000000000000e+01 7.036999999999999922e-01
2.200000000000000000e+01 7.037999999999999812e-01
4.100000000000000000e+01 7.038999999999999702e-01
0.000000000000000000e+00 7.039999999999999591e-01
0.000000000000000000e+00 7.040999999999999481e-01
0.000000000000000000e+00 7.042000000000000481e-01
4.016000000000000000e+03 7.043000000000000371e-01
0.000000000000000000e+00 7.038999999999999702e-01
3.000000000000000000e+00 7.039999999999999591e-01
5.300000000000000000e+01 7.040999999999999481e-01
1.000000000000000000e+00 7.040999999999999481e-01
1.000000000000000000e+00 7.042000000000000481e-01
1.925000000000000000e+03 7.043000000000000371e-01
3.770000000000000000e+02 7.044000000000000261e-01
2.000000000000000000e+01 7.045000000000000151e-01
7.870000000000000000e+02 7.046000000000000041e-01
0.000000000000000000e+00 7.046999999999999931e-01
0.000000000000000000e+00 7.047999999999999821e-01
8.000000000000000000e+01 7.048999999999999710e-01
0.000000000000000000e+00 7.049999999999999600e-01
2.400000000000000000e+01 7.050999999999999490e-01
0.000000000000000000e+00 7.052000000000000490e-01
2.500000000000000000e+01 7.053000000000000380e-01
5.246000000000000000e+03 7.054000000000000270e-01
0.000000000000000000e+00 7.047999999999999821e-01
5.500000000000000000e+02 7.048999999999999710e-01
3.640000000000000000e+02 7.049999999999999600e-01
0.000000000000000000e+00 7.050999999999999490e-01
2.870000000000000000e+02 7.052000000000000490e-01
4.000000000000000000e+00 7.053000000000000380e-01
3.000000000000000000e+01 7.054000000000000270e-01
7.600000000000000000e+01 7.055000000000000160e-01
0.000000000000000000e+00 7.056000000000000050e-01
7.000000000000000000e+00 7.056999999999999940e-01
4.000000000000000000e+00 7.056999999999999940e-01
2.815000000000000000e+03 7.057999999999999829e-01
1.600000000000000000e+01 7.039999999999999591e-01
9.000000000000000000e+00 7.040999999999999481e-01
5.990000000000000000e+02 7.042000000000000481e-01
0.000000000000000000e+00 7.038999999999999702e-01
6.000000000000000000e+00 7.039999999999999591e-01
1.604000000000000000e+03 7.040999999999999481e-01
0.000000000000000000e+00 7.042000000000000481e-01
0.000000000000000000e+00 7.043000000000000371e-01
1.430000000000000000e+02 7.044000000000000261e-01
0.000000000000000000e+00 7.045000000000000151e-01
1.000000000000000000e+00 7.046000000000000041e-01
2.600000000000000000e+01 7.046999999999999931e-01
6.000000000000000000e+00 7.047999999999999821e-01
2.000000000000000000e+01 7.048999999999999710e-01
3.700000000000000000e+01 7.049999999999999600e-01
0.000000000000000000e+00 7.050999999999999490e-01
2.000000000000000000e+00 7.052000000000000490e-01
7.210000000000000000e+02 7.053000000000000380e-01
8.000000000000000000e+00 7.054000000000000270e-01
4.700000000000000000e+01 7.055000000000000160e-01
2.000000000000000000e+00 7.056000000000000050e-01
1.100000000000000000e+01 7.056999999999999940e-01
1.400000000000000000e+01 7.057999999999999829e-01
4.000000000000000000e+00 7.058999999999999719e-01
1.730000000000000000e+02 7.059999999999999609e-01
0.000000000000000000e+00 7.059999999999999609e-01
1.800000000000000000e+01 7.060999999999999499e-01
2.362100000000000000e+04 7.062000000000000499e-01
4.000000000000000000e+00 7.055000000000000160e-01
0.000000000000000000e+00 7.056000000000000050e-01
0.000000000000000000e+00 7.056999999999999940e-01
1.130000000000000000e+02 7.057999999999999829e-01
2.100000000000000000e+01 7.056999999999999940e-01
1.700000000000000000e+01 7.057999999999999829e-01
0.000000000000000000e+00 7.058999999999999719e-01
0.000000000000000000e+00 7.059999999999999609e-01
0.000000000000000000e+00 7.060999999999999499e-01
4.070000000000000000e+02 7.062000000000000499e-01
1.330000000000000000e+03 7.055000000000000160e-01
2.000000000000000000e+00 7.056000000000000050e-01
3.222000000000000000e+03 7.056999999999999940e-01
2.130000000000000000e+02 7.046000000000000041e-01
2.000000000000000000e+00 7.046999999999999931e-01
3.252000000000000000e+03 7.047999999999999821e-01
4.200000000000000000e+01 7.038999999999999702e-01
1.920000000000000000e+02 7.039999999999999591e-01
0.000000000000000000e+00 7.040999999999999481e-01
0.000000000000000000e+00 7.042000000000000481e-01
0.000000000000000000e+00 7.043000000000000371e-01
0.000000000000000000e+00 7.044000000000000261e-01
0.000000000000000000e+00 7.045000000000000151e-01
0.000000000000000000e+00 7.046000000000000041e-01
0.000000000000000000e+00 7.046999999999999931e-01
1.363000000000000000e+03 7.047999999999999821e-01
1.300000000000000000e+01 7.048999999999999710e-01
0.000000000000000000e+00 7.049999999999999600e-01
3.000000000000000000e+00 7.050999999999999490e-01
0.000000000000000000e+00 7.050999999999999490e-01
9.042000000000000000e+03 7.052000000000000490e-01
2.704000000000000000e+03 7.053000000000000380e-01
0.000000000000000000e+00 7.044000000000000261e-01
1.860000000000000000e+02 7.045000000000000151e-01
1.347000000000000000e+03 7.046000000000000041e-01
4.000000000000000000e+00 7.046999999999999931e-01
3.919000000000000000e+03 7.047999999999999821e-01
1.063000000000000000e+04 7.048999999999999710e-01
9.000000000000000000e+00 7.043000000000000371e-01
1.620000000000000000e+02 7.044000000000000261e-01
1.000000000000000000e+00 7.039999999999999591e-01
7.662000000000000000e+03 7.040999999999999481e-01
5.000000000000000000e+00 7.030999999999999472e-01
2.620000000000000000e+02 7.028999999999999693e-01
2.000000000000000000e+00 7.029999999999999583e-01
8.000000000000000000e+00 7.030999999999999472e-01
2.297000000000000000e+03 7.032000000000000473e-01
9.000000000000000000e+00 7.033000000000000362e-01
4.000000000000000000e+00 7.034000000000000252e-01
1.670000000000000000e+02 7.035000000000000142e-01
2.250000000000000000e+02 7.036000000000000032e-01
2.860000000000000000e+02 7.036999999999999922e-01
0.000000000000000000e+00 7.037999999999999812e-01
1.000000000000000000e+00 7.038999999999999702e-01
1.000000000000000000e+00 7.039999999999999591e-01
5.320000000000000000e+02 7.040999999999999481e-01
0.000000000000000000e+00 7.039999999999999591e-01
4.000000000000000000e+00 7.040999999999999481e-01
4.000000000000000000e+00 7.042000000000000481e-01
1.330000000000000000e+02 7.043000000000000371e-01
2.182800000000000000e+04 7.044000000000000261e-01
0.000000000000000000e+00 6.992000000000000437e-01
6.000000000000000000e+00 6.993000000000000327e-01
0.000000000000000000e+00 6.994000000000000217e-01
0.000000000000000000e+00 6.995000000000000107e-01
0.000000000000000000e+00 6.995999999999999996e-01
3.700000000000000000e+01 6.996999999999999886e-01
4.000000000000000000e+00 6.997999999999999776e-01
1.600000000000000000e+01 6.996999999999999886e-01
4.300000000000000000e+01 6.997999999999999776e-01
3.500000000000000000e+01 6.998999999999999666e-01
0.000000000000000000e+00 6.999999999999999556e-01
1.770000000000000000e+02 7.000999999999999446e-01
0.000000000000000000e+00 7.002000000000000446e-01
0.000000000000000000e+00 7.003000000000000336e-01
0.000000000000000000e+00 7.004000000000000226e-01
6.260000000000000000e+02 7.005000000000000115e-01
0.000000000000000000e+00 7.006000000000000005e-01
4.800000000000000000e+01 7.006999999999999895e-01
2.000000000000000000e+00 7.007999999999999785e-01
3.780000000000000000e+02 7.008999999999999675e-01
0.000000000000000000e+00 7.006999999999999895e-01
2.310000000000000000e+02 7.007999999999999785e-01
1.000000000000000000e+00 7.008999999999999675e-01
0.000000000000000000e+00 7.008999999999999675e-01
7.000000000000000000e+01 7.009999999999999565e-01
3.140000000000000000e+02 7.010999999999999455e-01
3.770000000000000000e+02 7.012000000000000455e-01
3.838000000000000000e+03 7.013000000000000345e-01
9.000000000000000000e+00 7.014000000000000234e-01
3.000000000000000000e+00 7.015000000000000124e-01
0.000000000000000000e+00 7.016000000000000014e-01
0.000000000000000000e+00 7.016999999999999904e-01
1.890000000000000000e+02 7.017999999999999794e-01
1.500000000000000000e+01 7.018999999999999684e-01
0.000000000000000000e+00 7.019999999999999574e-01
0.000000000000000000e+00 7.020999999999999464e-01
0.000000000000000000e+00 7.022000000000000464e-01
0.000000000000000000e+00 7.023000000000000353e-01
5.000000000000000000e+00 7.024000000000000243e-01
2.000000000000000000e+00 7.025000000000000133e-01
1.800000000000000000e+01 7.026000000000000023e-01
1.060000000000000000e+03 7.026999999999999913e-01
3.000000000000000000e+00 7.025000000000000133e-01
0.000000000000000000e+00 7.026000000000000023e-01
2.000000000000000000e+00 7.026999999999999913e-01
1.000000000000000000e+00 7.027999999999999803e-01
1.000000000000000000e+00 7.028999999999999693e-01
2.600000000000000000e+01 7.029999999999999583e-01
5.300000000000000000e+01 7.030999999999999472e-01
0.000000000000000000e+00 7.032000000000000473e-01
4.000000000000000000e+00 7.033000000000000362e-01
1.239000000000000000e+03 7.034000000000000252e-01
4.000000000000000000e+00 7.034000000000000252e-01
0.000000000000000000e+00 7.035000000000000142e-01
7.100000000000000000e+01 7.036000000000000032e-01
4.300000000000000000e+01 7.036999999999999922e-01
6.000000000000000000e+00 7.037999999999999812e-01
1.000000000000000000e+01 7.038999999999999702e-01
4.469300000000000000e+04 7.039999999999999591e-01
0.000000000000000000e+00 7.024000000000000243e-01
7.788000000000000000e+03 7.025000000000000133e-01
0.000000000000000000e+00 7.023000000000000353e-01
2.000000000000000000e+01 7.024000000000000243e-01
2.000000000000000000e+00 7.025000000000000133e-01
2.060000000000000000e+02 7.026000000000000023e-01
2.600000000000000000e+01 7.022000000000000464e-01
1.800000000000000000e+01 7.023000000000000353e-01
2.400000000000000000e+01 7.024000000000000243e-01
0.000000000000000000e+00 7.025000000000000133e-01
1.760000000000000000e+02 7.026000000000000023e-01
2.000000000000000000e+00 7.026999999999999913e-01
5.300000000000000000e+01 7.027999999999999803e-01
2.024000000000000000e+03 7.028999999999999693e-01
4.200000000000000000e+01 7.024000000000000243e-01
0.000000000000000000e+00 7.025000000000000133e-01
1.113000000000000000e+03 7.026000000000000023e-01
2.000000000000000000e+00 7.013000000000000345e-01
2.080000000000000000e+02 7.014000000000000234e-01
6.000000000000000000e+00 7.015000000000000124e-01
5.000000000000000000e+00 7.016000000000000014e-01
6.000000000000000000e+00 7.016999999999999904e-01
3.000000000000000000e+00 7.017999999999999794e-01
2.800000000000000000e+01 7.016000000000000014e-01
2.000000000000000000e+00 7.016999999999999904e-01
3.500000000000000000e+01 7.017999999999999794e-01
0.000000000000000000e+00 7.018999999999999684e-01
1.000000000000000000e+00 7.019999999999999574e-01
9.000000000000000000e+01 7.020999999999999464e-01
6.140000000000000000e+02 7.022000000000000464e-01
7.030000000000000000e+02 7.023000000000000353e-01
7.000000000000000000e+00 7.024000000000000243e-01
1.000000000000000000e+01 7.025000000000000133e-01
0.000000000000000000e+00 7.026000000000000023e-01
1.100000000000000000e+01 7.026999999999999913e-01
3.000000000000000000e+00 7.027999999999999803e-01
1.200000000000000000e+01 7.028999999999999693e-01
0.000000000000000000e+00 7.029999999999999583e-01
0.000000000000000000e+00 7.030999999999999472e-01
0.000000000000000000e+00 7.032000000000000473e-01
1.000000000000000000e+01 7.033000000000000362e-01
2.600000000000000000e+01 7.034000000000000252e-01
3.220000000000000000e+02 7.035000000000000142e-01
1.560000000000000000e+02 7.036000000000000032e-01
0.000000000000000000e+00 7.036999999999999922e-01
1.239000000000000000e+03 7.037999999999999812e-01
0.000000000000000000e+00 7.034000000000000252e-01
1.000000000000000000e+01 7.035000000000000142e-01
1.907000000000000000e+03 7.036000000000000032e-01
2.000000000000000000e+00 7.036999999999999922e-01
1.560000000000000000e+02 7.037999999999999812e-01
9.000000000000000000e+00 7.038999999999999702e-01
0.000000000000000000e+00 7.039999999999999591e-01
7.100000000000000000e+01 7.040999999999999481e-01
0.000000000000000000e+00 7.042000000000000481e-01
2.700000000000000000e+01 7.043000000000000371e-01
2.050000000000000000e+02 7.044000000000000261e-01
6.870000000000000000e+02 7.045000000000000151e-01
3.100000000000000000e+01 7.039999999999999591e-01
1.900000000000000000e+01 7.040999999999999481e-01
0.000000000000000000e+00 7.042000000000000481e-01
2.000000000000000000e+00 7.043000000000000371e-01
2.640000000000000000e+02 7.044000000000000261e-01
3.970000000000000000e+02 7.045000000000000151e-01
0.000000000000000000e+00 7.044000000000000261e-01
1.000000000000000000e+00 7.045000000000000151e-01
2.300000000000000000e+01 7.046000000000000041e-01
2.165000000000000000e+03 7.046999999999999931e-01
2.000000000000000000e+00 7.047999999999999821e-01
1.100000000000000000e+01 7.048999999999999710e-01
2.300000000000000000e+01 7.049999999999999600e-01
5.000000000000000000e+00 7.050999999999999490e-01
2.000000000000000000e+00 7.052000000000000490e-01
4.000000000000000000e+00 7.053000000000000380e-01
1.000000000000000000e+00 7.054000000000000270e-01
0.000000000000000000e+00 7.054000000000000270e-01
2.029000000000000000e+03 7.055000000000000160e-01
2.100000000000000000e+01 7.056000000000000050e-01
8.250000000000000000e+02 7.056999999999999940e-01
3.300000000000000000e+01 7.057999999999999829e-01
1.330000000000000000e+02 7.057999999999999829e-01
5.000000000000000000e+00 7.058999999999999719e-01
0.000000000000000000e+00 7.059999999999999609e-01
1.200000000000000000e+01 7.060999999999999499e-01
5.000000000000000000e+00 7.062000000000000499e-01
0.000000000000000000e+00 7.063000000000000389e-01
1.000000000000000000e+01 7.064000000000000279e-01
2.000000000000000000e+00 7.065000000000000169e-01
0.000000000000000000e+00 7.066000000000000059e-01
5.000000000000000000e+01 7.066999999999999948e-01
3.732000000000000000e+03 7.067999999999999838e-01
1.300000000000000000e+01 7.068999999999999728e-01
4.000000000000000000e+00 7.069999999999999618e-01
7.000000000000000000e+00 7.070999999999999508e-01
2.340000000000000000e+02 7.072000000000000508e-01
0.000000000000000000e+00 7.073000000000000398e-01
1.000000000000000000e+01 7.074000000000000288e-01
3.000000000000000000e+00 7.075000000000000178e-01
0.000000000000000000e+00 7.076000000000000068e-01
0.000000000000000000e+00 7.076999999999999957e-01
4.000000000000000000e+00 7.077999999999999847e-01
5.000000000000000000e+00 7.078999999999999737e-01
2.809000000000000000e+03 7.079999999999999627e-01
1.300000000000000000e+01 7.073000000000000398e-01
3.000000000000000000e+00 7.074000000000000288e-01
9.000000000000000000e+00 7.075000000000000178e-01
2.000000000000000000e+00 7.076000000000000068e-01
1.100000000000000000e+01 7.076999999999999957e-01
1.000000000000000000e+01 7.077999999999999847e-01
0.000000000000000000e+00 7.078999999999999737e-01
2.000000000000000000e+00 7.079999999999999627e-01
0.000000000000000000e+00 7.080999999999999517e-01
0.000000000000000000e+00 7.082000000000000517e-01
0.000000000000000000e+00 7.083000000000000407e-01
0.000000000000000000e+00 7.084000000000000297e-01
4.000000000000000000e+00 7.085000000000000187e-01
3.680000000000000000e+02 7.086000000000000076e-01
0.000000000000000000e+00 7.086999999999999966e-01
2.828000000000000000e+03 7.087999999999999856e-01
1.140300000000000000e+04 7.086000000000000076e-01
4.261000000000000000e+03 7.075000000000000178e-01
0.000000000000000000e+00 7.074000000000000288e-01
1.398200000000000000e+04 7.075000000000000178e-01
1.000000000000000000e+01 7.068999999999999728e-01
1.966000000000000000e+03 7.069999999999999618e-01
3.000000000000000000e+00 7.070999999999999508e-01
4.000000000000000000e+00 7.072000000000000508e-01
3.573000000000000000e+03 7.073000000000000398e-01
3.770000000000000000e+02 7.062000000000000499e-01
5.000000000000000000e+00 7.063000000000000389e-01
0.000000000000000000e+00 7.064000000000000279e-01
3.000000000000000000e+00 7.065000000000000169e-01
4.000000000000000000e+01 7.066000000000000059e-01
8.000000000000000000e+00 7.066999999999999948e-01
0.000000000000000000e+00 7.064000000000000279e-01
7.000000000000000000e+00 7.065000000000000169e-01
2.000000000000000000e+00 7.066000000000000059e-01
5.600000000000000000e+01 7.066999999999999948e-01
6.690000000000000000e+02 7.067999999999999838e-01
6.700000000000000000e+01 7.065000000000000169e-01
0.000000000000000000e+00 7.064000000000000279e-01
1.000000000000000000e+00 7.065000000000000169e-01
1.652000000000000000e+03 7.066000000000000059e-01
5.000000000000000000e+00 7.066999999999999948e-01
5.400000000000000000e+01 7.067999999999999838e-01
0.000000000000000000e+00 7.068999999999999728e-01
0.000000000000000000e+00 7.069999999999999618e-01
0.000000000000000000e+00 7.070999999999999508e-01
6.000000000000000000e+00 7.072000000000000508e-01
4.800000000000000000e+01 7.073000000000000398e-01
8.960000000000000000e+02 7.074000000000000288e-01
0.000000000000000000e+00 7.068999999999999728e-01
9.870000000000000000e+02 7.069999999999999618e-01
0.000000000000000000e+00 7.070999999999999508e-01
0.000000000000000000e+00 7.072000000000000508e-01
0.000000000000000000e+00 7.073000000000000398e-01
7.000000000000000000e+00 7.074000000000000288e-01
1.000000000000000000e+00 7.075000000000000178e-01
0.000000000000000000e+00 7.076000000000000068e-01
9.000000000000000000e+00 7.076999999999999957e-01
0.000000000000000000e+00 7.076999999999999957e-01
2.130000000000000000e+02 7.077999999999999847e-01
0.000000000000000000e+00 7.078999999999999737e-01
2.000000000000000000e+00 7.079999999999999627e-01
5.710000000000000000e+03 7.080999999999999517e-01
0.000000000000000000e+00 7.075000000000000178e-01
5.000000000000000000e+00 7.076000000000000068e-01
5.000000000000000000e+00 7.076999999999999957e-01
1.000000000000000000e+00 7.077999999999999847e-01
0.000000000000000000e+00 7.078999999999999737e-01
1.200000000000000000e+01 7.079999999999999627e-01
2.562000000000000000e+03 7.080999999999999517e-01
2.300000000000000000e+02 7.070999999999999508e-01
5.000000000000000000e+00 7.072000000000000508e-01
2.100000000000000000e+01 7.073000000000000398e-01
7.270000000000000000e+02 7.073000000000000398e-01
9.000000000000000000e+00 7.074000000000000288e-01
0.000000000000000000e+00 7.075000000000000178e-01
2.000000000000000000e+00 7.076000000000000068e-01
4.770000000000000000e+02 7.076999999999999957e-01
0.000000000000000000e+00 7.077999999999999847e-01
2.000000000000000000e+00 7.078999999999999737e-01
2.000000000000000000e+00 7.079999999999999627e-01
1.530000000000000000e+02 7.080999999999999517e-01
1.660000000000000000e+02 7.082000000000000517e-01
5.000000000000000000e+00 7.077999999999999847e-01
0.000000000000000000e+00 7.078999999999999737e-01
1.570000000000000000e+02 7.079999999999999627e-01
0.000000000000000000e+00 7.080999999999999517e-01
7.400000000000000000e+01 7.082000000000000517e-01
1.100000000000000000e+01 7.080999999999999517e-01
2.607000000000000000e+03 7.082000000000000517e-01
2.000000000000000000e+00 7.083000000000000407e-01
0.000000000000000000e+00 7.084000000000000297e-01
2.779000000000000000e+03 7.085000000000000187e-01
1.000000000000000000e+00 7.083000000000000407e-01
0.000000000000000000e+00 7.084000000000000297e-01
9.750000000000000000e+02 7.085000000000000187e-01
6.000000000000000000e+00 7.077999999999999847e-01
1.400000000000000000e+01 7.078999999999999737e-01
0.000000000000000000e+00 7.079999999999999627e-01
9.500000000000000000e+01 7.080999999999999517e-01
1.500000000000000000e+01 7.082000000000000517e-01
1.600000000000000000e+01 7.083000000000000407e-01
5.000000000000000000e+00 7.082000000000000517e-01
3.100000000000000000e+01 7.082000000000000517e-01
1.638000000000000000e+03 7.083000000000000407e-01
1.570000000000000000e+02 7.078999999999999737e-01
0.000000000000000000e+00 7.079999999999999627e-01
1.000000000000000000e+00 7.080999999999999517e-01
0.000000000000000000e+00 7.080999999999999517e-01
3.000000000000000000e+00 7.082000000000000517e-01
0.000000000000000000e+00 7.083000000000000407e-01
0.000000000000000000e+00 7.084000000000000297e-01
2.000000000000000000e+00 7.085000000000000187e-01
0.000000000000000000e+00 7.086000000000000076e-01
0.000000000000000000e+00 7.086999999999999966e-01
8.000000000000000000e+00 7.087999999999999856e-01
4.500000000000000000e+01 7.088999999999999746e-01
8.100000000000000000e+03 7.086999999999999966e-01
0.000000000000000000e+00 7.079999999999999627e-01
0.000000000000000000e+00 7.080999999999999517e-01
1.903800000000000000e+04 7.082000000000000517e-01
4.600700000000000000e+04 7.065000000000000169e-01
1.380000000000000000e+02 7.024000000000000243e-01
5.100000000000000000e+01 7.025000000000000133e-01
0.000000000000000000e+00 7.026000000000000023e-01
2.000000000000000000e+01 7.026999999999999913e-01
1.710000000000000000e+02 7.026999999999999913e-01
0.000000000000000000e+00 7.027999999999999803e-01
6.510000000000000000e+02 7.028999999999999693e-01
2.400000000000000000e+01 7.026000000000000023e-01
3.700000000000000000e+01 7.026999999999999913e-01
0.000000000000000000e+00 7.027999999999999803e-01
0.000000000000000000e+00 7.028999999999999693e-01
4.000000000000000000e+00 7.029999999999999583e-01
0.000000000000000000e+00 7.030999999999999472e-01
8.033000000000000000e+03 7.032000000000000473e-01
3.400000000000000000e+01 7.033000000000000362e-01
4.600000000000000000e+01 7.034000000000000252e-01
0.000000000000000000e+00 7.035000000000000142e-01
1.000000000000000000e+00 7.036000000000000032e-01
0.000000000000000000e+00 7.036999999999999922e-01
0.000000000000000000e+00 7.037999999999999812e-01
0.000000000000000000e+00 7.038999999999999702e-01
1.000000000000000000e+00 7.039999999999999591e-01
2.000000000000000000e+00 7.040999999999999481e-01
0.000000000000000000e+00 7.042000000000000481e-01
0.000000000000000000e+00 7.043000000000000371e-01
2.023000000000000000e+03 7.044000000000000261e-01
0.000000000000000000e+00 7.045000000000000151e-01
2.000000000000000000e+00 7.046000000000000041e-01
7.460000000000000000e+02 7.046000000000000041e-01
1.000000000000000000e+00 7.046999999999999931e-01
0.000000000000000000e+00 7.047999999999999821e-01
0.000000000000000000e+00 7.048999999999999710e-01
7.000000000000000000e+00 7.049999999999999600e-01
2.420000000000000000e+02 7.050999999999999490e-01
0.000000000000000000e+00 7.052000000000000490e-01
0.000000000000000000e+00 7.053000000000000380e-01
1.020000000000000000e+02 7.054000000000000270e-01
2.460000000000000000e+02 7.055000000000000160e-01
2.000000000000000000e+00 7.056000000000000050e-01
4.423000000000000000e+03 7.056999999999999940e-01
1.129800000000000000e+04 7.057999999999999829e-01
1.200000000000000000e+01 7.049999999999999600e-01
2.700000000000000000e+01 7.050999999999999490e-01
0.000000000000000000e+00 7.052000000000000490e-01
0.000000000000000000e+00 7.053000000000000380e-01
0.000000000000000000e+00 7.054000000000000270e-01
0.000000000000000000e+00 7.055000000000000160e-01
0.000000000000000000e+00 7.056000000000000050e-01
0.000000000000000000e+00 7.056999999999999940e-01
2.200000000000000000e+01 7.057999999999999829e-01
1.404000000000000000e+03 7.058999999999999719e-01
2.000000000000000000e+00 7.059999999999999609e-01
2.780000000000000000e+03 7.060999999999999499e-01
2.000000000000000000e+00 7.062000000000000499e-01
0.000000000000000000e+00 7.063000000000000389e-01
7.900000000000000000e+01 7.064000000000000279e-01
0.000000000000000000e+00 7.065000000000000169e-01
4.250000000000000000e+02 7.066000000000000059e-01
1.757600000000000000e+04 7.066999999999999948e-01
1.349000000000000000e+03 7.040999999999999481e-01
1.100000000000000000e+01 7.042000000000000481e-01
4.000000000000000000e+00 7.043000000000000371e-01
1.000000000000000000e+00 7.044000000000000261e-01
0.000000000000000000e+00 7.045000000000000151e-01
7.000000000000000000e+00 7.046000000000000041e-01
2.887000000000000000e+03 7.046999999999999931e-01
1.000000000000000000e+01 7.045000000000000151e-01
1.620000000000000000e+02 7.046000000000000041e-01
0.000000000000000000e+00 7.046999999999999931e-01
2.000000000000000000e+00 7.047999999999999821e-01
6.000000000000000000e+00 7.048999999999999710e-01
9.000000000000000000e+00 7.049999999999999600e-01
3.200000000000000000e+01 7.050999999999999490e-01
5.000000000000000000e+00 7.052000000000000490e-01
1.388300000000000000e+04 7.053000000000000380e-01
1.000000000000000000e+00 7.036999999999999922e-01
0.000000000000000000e+00 7.037999999999999812e-01
2.842000000000000000e+03 7.038999999999999702e-01
8.000000000000000000e+00 7.039999999999999591e-01
1.577000000000000000e+03 7.040999999999999481e-01
0.000000000000000000e+00 7.033000000000000362e-01
0.000000000000000000e+00 7.034000000000000252e-01
2.400000000000000000e+01 7.035000000000000142e-01
0.000000000000000000e+00 7.036000000000000032e-01
2.000000000000000000e+00 7.036999999999999922e-01
0.000000000000000000e+00 7.036999999999999922e-01
4.800000000000000000e+01 7.037999999999999812e-01
0.000000000000000000e+00 7.038999999999999702e-01
9.000000000000000000e+00 7.039999999999999591e-01
0.000000000000000000e+00 7.040999999999999481e-01
4.000000000000000000e+00 7.042000000000000481e-01
2.000000000000000000e+01 7.043000000000000371e-01
0.000000000000000000e+00 7.044000000000000261e-01
0.000000000000000000e+00 7.045000000000000151e-01
7.000000000000000000e+01 7.046000000000000041e-01
1.700000000000000000e+01 7.046999999999999931e-01
9.000000000000000000e+00 7.046000000000000041e-01
0.000000000000000000e+00 7.045000000000000151e-01
9.362000000000000000e+03 7.046000000000000041e-01
1.100000000000000000e+03 7.029999999999999583e-01
2.000000000000000000e+00 7.026999999999999913e-01
2.000000000000000000e+00 7.027999999999999803e-01
2.081000000000000000e+03 7.028999999999999693e-01
4.000000000000000000e+00 7.029999999999999583e-01
0.000000000000000000e+00 7.030999999999999472e-01
8.000000000000000000e+00 7.032000000000000473e-01
1.000000000000000000e+00 7.033000000000000362e-01
0.000000000000000000e+00 7.034000000000000252e-01
1.000000000000000000e+00 7.035000000000000142e-01
0.000000000000000000e+00 7.034000000000000252e-01
8.000000000000000000e+00 7.035000000000000142e-01
1.000000000000000000e+00 7.036000000000000032e-01
0.000000000000000000e+00 7.036999999999999922e-01
6.500000000000000000e+01 7.037999999999999812e-01
0.000000000000000000e+00 7.038999999999999702e-01
1.700000000000000000e+01 7.039999999999999591e-01
0.000000000000000000e+00 7.040999999999999481e-01
0.000000000000000000e+00 7.042000000000000481e-01
2.000000000000000000e+00 7.043000000000000371e-01
4.500000000000000000e+01 7.044000000000000261e-01
7.000000000000000000e+00 7.045000000000000151e-01
0.000000000000000000e+00 7.046000000000000041e-01
0.000000000000000000e+00 7.046999999999999931e-01
0.000000000000000000e+00 7.047999999999999821e-01
1.400000000000000000e+01 7.048999999999999710e-01
1.000000000000000000e+00 7.049999999999999600e-01
1.929000000000000000e+03 7.050999999999999490e-01
0.000000000000000000e+00 7.052000000000000490e-01
0.000000000000000000e+00 7.053000000000000380e-01
2.000000000000000000e+00 7.054000000000000270e-01
2.662000000000000000e+03 7.055000000000000160e-01
0.000000000000000000e+00 7.044000000000000261e-01
1.490000000000000000e+02 7.045000000000000151e-01
2.000000000000000000e+00 7.042000000000000481e-01
9.000000000000000000e+00 7.043000000000000371e-01
1.000000000000000000e+00 7.044000000000000261e-01
1.136000000000000000e+03 7.045000000000000151e-01
3.000000000000000000e+00 7.046000000000000041e-01
0.000000000000000000e+00 7.046999999999999931e-01
0.000000000000000000e+00 7.047999999999999821e-01
2.410000000000000000e+02 7.048999999999999710e-01
0.000000000000000000e+00 7.043000000000000371e-01
1.500000000000000000e+01 7.044000000000000261e-01
1.038000000000000000e+03 7.045000000000000151e-01
1.000000000000000000e+00 7.044000000000000261e-01
4.280000000000000000e+02 7.045000000000000151e-01
0.000000000000000000e+00 7.039999999999999591e-01
1.400000000000000000e+01 7.040999999999999481e-01
2.480000000000000000e+02 7.042000000000000481e-01
1.000000000000000000e+00 7.043000000000000371e-01
5.000000000000000000e+01 7.044000000000000261e-01
5.880000000000000000e+02 7.045000000000000151e-01
1.000000000000000000e+00 7.046000000000000041e-01
1.200000000000000000e+01 7.046000000000000041e-01
3.000000000000000000e+00 7.046999999999999931e-01
8.530000000000000000e+02 7.047999999999999821e-01
9.000000000000000000e+00 7.048999999999999710e-01
2.000000000000000000e+00 7.049999999999999600e-01
0.000000000000000000e+00 7.050999999999999490e-01
0.000000000000000000e+00 7.052000000000000490e-01
1.000000000000000000e+00 7.053000000000000380e-01
0.000000000000000000e+00 7.054000000000000270e-01
2.610000000000000000e+02 7.055000000000000160e-01
1.000000000000000000e+00 7.056000000000000050e-01
1.000000000000000000e+00 7.056999999999999940e-01
0.000000000000000000e+00 7.057999999999999829e-01
0.000000000000000000e+00 7.058999999999999719e-01
2.000000000000000000e+00 7.059999999999999609e-01
6.689000000000000000e+03 7.060999999999999499e-01
0.000000000000000000e+00 7.054000000000000270e-01
0.000000000000000000e+00 7.055000000000000160e-01
0.000000000000000000e+00 7.056000000000000050e-01
1.100000000000000000e+01 7.056999999999999940e-01
6.000000000000000000e+00 7.057999999999999829e-01
0.000000000000000000e+00 7.058999999999999719e-01
9.000000000000000000e+00 7.059999999999999609e-01
1.680000000000000000e+02 7.060999999999999499e-01
0.000000000000000000e+00 7.055000000000000160e-01
0.000000000000000000e+00 7.056000000000000050e-01
7.000000000000000000e+00 7.056999999999999940e-01
4.000000000000000000e+00 7.057999999999999829e-01
1.950000000000000000e+02 7.058999999999999719e-01
1.475000000000000000e+03 7.058999999999999719e-01
1.400000000000000000e+01 7.059999999999999609e-01
5.000000000000000000e+00 7.060999999999999499e-01
7.000000000000000000e+00 7.060999999999999499e-01
1.200000000000000000e+01 7.062000000000000499e-01
1.900000000000000000e+01 7.063000000000000389e-01
0.000000000000000000e+00 7.064000000000000279e-01
5.600000000000000000e+01 7.065000000000000169e-01
0.000000000000000000e+00 7.066000000000000059e-01
4.511000000000000000e+03 7.066999999999999948e-01
0.000000000000000000e+00 7.067999999999999838e-01
1.090000000000000000e+02 7.068999999999999728e-01
1.090000000000000000e+02 7.069999999999999618e-01
6.730000000000000000e+02 7.070999999999999508e-01
4.000000000000000000e+00 7.072000000000000508e-01
2.900000000000000000e+01 7.069999999999999618e-01
0.000000000000000000e+00 7.070999999999999508e-01
2.010000000000000000e+02 7.072000000000000508e-01
2.000000000000000000e+01 7.069999999999999618e-01
0.000000000000000000e+00 7.070999999999999508e-01
6.323000000000000000e+03 7.072000000000000508e-01
4.000000000000000000e+00 7.073000000000000398e-01
1.480000000000000000e+02 7.074000000000000288e-01
1.200000000000000000e+01 7.075000000000000178e-01
6.000000000000000000e+00 7.076000000000000068e-01
0.000000000000000000e+00 7.076999999999999957e-01
1.220000000000000000e+02 7.077999999999999847e-01
1.200000000000000000e+01 7.078999999999999737e-01
7.800000000000000000e+01 7.079999999999999627e-01
4.772000000000000000e+03 7.080999999999999517e-01
0.000000000000000000e+00 7.070999999999999508e-01
1.360000000000000000e+02 7.072000000000000508e-01
0.000000000000000000e+00 7.073000000000000398e-01
1.398000000000000000e+03 7.074000000000000288e-01
3.000000000000000000e+00 7.075000000000000178e-01
0.000000000000000000e+00 7.076000000000000068e-01
4.000000000000000000e+00 7.076999999999999957e-01
3.000000000000000000e+00 7.077999999999999847e-01
8.200000000000000000e+01 7.077999999999999847e-01
0.000000000000000000e+00 7.078999999999999737e-01
4.997600000000000000e+04 7.079999999999999627e-01
1.000000000000000000e+01 7.048999999999999710e-01
0.000000000000000000e+00 7.049999999999999600e-01
5.300000000000000000e+02 7.050999999999999490e-01
2.000000000000000000e+00 7.052000000000000490e-01
4.000000000000000000e+00 7.052000000000000490e-01
5.000000000000000000e+00 7.053000000000000380e-01
1.590000000000000000e+02 7.054000000000000270e-01
8.900000000000000000e+01 7.055000000000000160e-01
0.000000000000000000e+00 7.056000000000000050e-01
2.000000000000000000e+00 7.056999999999999940e-01
5.500000000000000000e+01 7.057999999999999829e-01
0.000000000000000000e+00 7.050999999999999490e-01
0.000000000000000000e+00 7.052000000000000490e-01
1.000000000000000000e+01 7.053000000000000380e-01
0.000000000000000000e+00 7.054000000000000270e-01
2.000000000000000000e+00 7.055000000000000160e-01
6.000000000000000000e+00 7.056000000000000050e-01
4.000000000000000000e+00 7.056999999999999940e-01
0.000000000000000000e+00 7.057999999999999829e-01
2.000000000000000000e+00 7.058999999999999719e-01
0.000000000000000000e+00 7.059999999999999609e-01
4.000000000000000000e+00 7.060999999999999499e-01
1.600000000000000000e+01 7.062000000000000499e-01
1.000000000000000000e+00 7.063000000000000389e-01
1.970000000000000000e+02 7.064000000000000279e-01
0.000000000000000000e+00 7.065000000000000169e-01
1.200000000000000000e+02 7.066000000000000059e-01
6.000000000000000000e+00 7.066999999999999948e-01
1.420000000000000000e+02 7.067999999999999838e-01
0.000000000000000000e+00 7.068999999999999728e-01
0.000000000000000000e+00 7.069999999999999618e-01
0.000000000000000000e+00 7.070999999999999508e-01
3.000000000000000000e+00 7.072000000000000508e-01
8.880000000000000000e+02 7.073000000000000398e-01
1.700000000000000000e+01 7.069999999999999618e-01
0.000000000000000000e+00 7.070999999999999508e-01
0.000000000000000000e+00 7.072000000000000508e-01
3.220000000000000000e+02 7.073000000000000398e-01
0.000000000000000000e+00 7.067999999999999838e-01
5.370000000000000000e+02 7.068999999999999728e-01
1.900000000000000000e+01 7.069999999999999618e-01
5.400000000000000000e+01 7.070999999999999508e-01
4.820000000000000000e+02 7.067999999999999838e-01
1.500000000000000000e+01 7.068999999999999728e-01
4.800000000000000000e+01 7.069999999999999618e-01
0.000000000000000000e+00 7.066999999999999948e-01
4.000000000000000000e+00 7.067999999999999838e-01
0.000000000000000000e+00 7.068999999999999728e-01
4.000000000000000000e+00 7.069999999999999618e-01
0.000000000000000000e+00 7.070999999999999508e-01
1.500000000000000000e+01 7.072000000000000508e-01
2.000000000000000000e+00 7.073000000000000398e-01
3.200000000000000000e+01 7.074000000000000288e-01
1.140000000000000000e+02 7.075000000000000178e-01
8.500000000000000000e+01 7.076000000000000068e-01
2.000000000000000000e+00 7.076999999999999957e-01
7.300000000000000000e+01 7.077999999999999847e-01
1.000000000000000000e+00 7.077999999999999847e-01
4.580000000000000000e+02 7.078999999999999737e-01
0.000000000000000000e+00 7.079999999999999627e-01
4.187800000000000000e+04 7.080999999999999517e-01
0.000000000000000000e+00 7.040999999999999481e-01
2.000000000000000000e+01 7.042000000000000481e-01
3.000000000000000000e+00 7.043000000000000371e-01
5.500000000000000000e+01 7.044000000000000261e-01
0.000000000000000000e+00 7.043000000000000371e-01
6.000000000000000000e+00 7.044000000000000261e-01
7.750000000000000000e+02 7.045000000000000151e-01
0.000000000000000000e+00 7.044000000000000261e-01
2.000000000000000000e+00 7.045000000000000151e-01
0.000000000000000000e+00 7.046000000000000041e-01
3.700000000000000000e+01 7.046999999999999931e-01
3.800000000000000000e+01 7.047999999999999821e-01
0.000000000000000000e+00 7.048999999999999710e-01
1.000000000000000000e+00 7.049999999999999600e-01
7.840000000000000000e+02 7.050999999999999490e-01
1.300000000000000000e+02 7.050999999999999490e-01
3.700000000000000000e+01 7.052000000000000490e-01
4.620000000000000000e+02 7.053000000000000380e-01
1.480000000000000000e+02 7.048999999999999710e-01
1.070000000000000000e+02 7.049999999999999600e-01
8.000000000000000000e+00 7.050999999999999490e-01
0.000000000000000000e+00 7.052000000000000490e-01
3.000000000000000000e+00 7.053000000000000380e-01
9.254000000000000000e+03 7.054000000000000270e-01
2.000000000000000000e+00 7.046999999999999931e-01
1.390000000000000000e+02 7.047999999999999821e-01
1.000000000000000000e+00 7.048999999999999710e-01
1.500000000000000000e+01 7.049999999999999600e-01
2.015000000000000000e+03 7.050999999999999490e-01
2.000000000000000000e+00 7.044000000000000261e-01
6.000000000000000000e+01 7.045000000000000151e-01
4.100000000000000000e+01 7.046000000000000041e-01
3.000000000000000000e+00 7.046999999999999931e-01
0.000000000000000000e+00 7.046000000000000041e-01
4.000000000000000000e+00 7.046999999999999931e-01
0.000000000000000000e+00 7.047999999999999821e-01
4.800000000000000000e+02 7.048999999999999710e-01
9.000000000000000000e+00 7.049999999999999600e-01
0.000000000000000000e+00 7.050999999999999490e-01
3.290000000000000000e+02 7.052000000000000490e-01
1.000000000000000000e+01 7.053000000000000380e-01
4.600000000000000000e+01 7.054000000000000270e-01
7.240000000000000000e+02 7.055000000000000160e-01
2.000000000000000000e+00 7.056000000000000050e-01
3.000000000000000000e+00 7.056999999999999940e-01
8.600000000000000000e+01 7.057999999999999829e-01
0.000000000000000000e+00 7.058999999999999719e-01
9.236000000000000000e+03 7.059999999999999609e-01
1.110000000000000000e+02 7.056000000000000050e-01
1.600000000000000000e+01 7.049999999999999600e-01
0.000000000000000000e+00 7.050999999999999490e-01
0.000000000000000000e+00 7.052000000000000490e-01
0.000000000000000000e+00 7.053000000000000380e-01
1.000000000000000000e+00 7.054000000000000270e-01
0.000000000000000000e+00 7.055000000000000160e-01
2.460000000000000000e+02 7.056000000000000050e-01
1.700000000000000000e+01 7.056999999999999940e-01
3.500000000000000000e+01 7.057999999999999829e-01
9.000000000000000000e+00 7.058999999999999719e-01
2.700000000000000000e+01 7.059999999999999609e-01
8.453000000000000000e+03 7.060999999999999499e-01
0.000000000000000000e+00 7.062000000000000499e-01
5.880000000000000000e+02 7.063000000000000389e-01
2.283000000000000000e+03 7.057999999999999829e-01
0.000000000000000000e+00 7.058999999999999719e-01
0.000000000000000000e+00 7.059999999999999609e-01
6.000000000000000000e+00 7.060999999999999499e-01
1.080000000000000000e+02 7.062000000000000499e-01
3.680000000000000000e+02 7.063000000000000389e-01
1.320000000000000000e+02 7.064000000000000279e-01
6.012000000000000000e+03 7.064000000000000279e-01
3.435000000000000000e+03 7.062000000000000499e-01
4.000000000000000000e+00 7.054000000000000270e-01
5.000000000000000000e+00 7.055000000000000160e-01
5.700000000000000000e+01 7.056000000000000050e-01
0.000000000000000000e+00 7.056999999999999940e-01
2.000000000000000000e+00 7.057999999999999829e-01
0.000000000000000000e+00 7.058999999999999719e-01
2.600000000000000000e+01 7.059999999999999609e-01
0.000000000000000000e+00 7.060999999999999499e-01
1.000000000000000000e+00 7.062000000000000499e-01
1.000000000000000000e+00 7.063000000000000389e-01
1.900000000000000000e+01 7.064000000000000279e-01
5.000000000000000000e+00 7.065000000000000169e-01
0.000000000000000000e+00 7.066000000000000059e-01
0.000000000000000000e+00 7.066999999999999948e-01
0.000000000000000000e+00 7.067999999999999838e-01
9.400000000000000000e+01 7.068999999999999728e-01
5.000000000000000000e+00 7.069999999999999618e-01
3.000000000000000000e+00 7.070999999999999508e-01
0.000000000000000000e+00 7.070999999999999508e-01
0.000000000000000000e+00 7.072000000000000508e-01
1.500000000000000000e+01 7.073000000000000398e-01
0.000000000000000000e+00 7.074000000000000288e-01
6.000000000000000000e+00 7.075000000000000178e-01
2.000000000000000000e+00 7.076000000000000068e-01
1.500000000000000000e+01 7.076999999999999957e-01
1.000000000000000000e+00 7.077999999999999847e-01
6.000000000000000000e+00 7.078999999999999737e-01
0.000000000000000000e+00 7.078999999999999737e-01
8.000000000000000000e+00 7.079999999999999627e-01
1.316100000000000000e+04 7.080999999999999517e-01
3.000000000000000000e+00 7.055000000000000160e-01
5.000000000000000000e+00 7.056000000000000050e-01
2.300000000000000000e+02 7.055000000000000160e-01
1.000000000000000000e+00 7.056000000000000050e-01
0.000000000000000000e+00 7.056999999999999940e-01
1.523100000000000000e+04 7.057999999999999829e-01
1.000000000000000000e+00 7.036000000000000032e-01
0.000000000000000000e+00 7.036999999999999922e-01
0.000000000000000000e+00 7.037999999999999812e-01
0.000000000000000000e+00 7.038999999999999702e-01
2.900000000000000000e+01 7.039999999999999591e-01
3.000000000000000000e+00 7.040999999999999481e-01
1.037100000000000000e+04 7.042000000000000481e-01
0.000000000000000000e+00 7.034000000000000252e-01
1.399400000000000000e+04 7.035000000000000142e-01
4.000000000000000000e+00 7.024000000000000243e-01
2.100000000000000000e+01 7.025000000000000133e-01
2.512000000000000000e+03 7.026000000000000023e-01
0.000000000000000000e+00 7.026999999999999913e-01
0.000000000000000000e+00 7.027999999999999803e-01
0.000000000000000000e+00 7.028999999999999693e-01
1.000000000000000000e+01 7.029999999999999583e-01
4.690000000000000000e+02 7.028999999999999693e-01
4.523000000000000000e+03 7.029999999999999583e-01
9.200000000000000000e+03 7.024000000000000243e-01
0.000000000000000000e+00 7.010999999999999455e-01
1.700000000000000000e+01 7.012000000000000455e-01
0.000000000000000000e+00 7.013000000000000345e-01
0.000000000000000000e+00 7.014000000000000234e-01
6.550000000000000000e+02 7.015000000000000124e-01
5.000000000000000000e+00 7.007999999999999785e-01
7.100000000000000000e+01 7.008999999999999675e-01
0.000000000000000000e+00 7.009999999999999565e-01
2.700000000000000000e+01 7.010999999999999455e-01
2.400000000000000000e+01 7.012000000000000455e-01
0.000000000000000000e+00 7.013000000000000345e-01
1.000000000000000000e+01 7.014000000000000234e-01
0.000000000000000000e+00 7.015000000000000124e-01
1.333000000000000000e+03 7.016000000000000014e-01
0.000000000000000000e+00 7.014000000000000234e-01
2.000000000000000000e+00 7.015000000000000124e-01
1.550000000000000000e+02 7.015000000000000124e-01
2.000000000000000000e+00 7.016000000000000014e-01
5.200000000000000000e+01 7.016999999999999904e-01
0.000000000000000000e+00 7.016000000000000014e-01
0.000000000000000000e+00 7.016999999999999904e-01
5.100000000000000000e+01 7.017999999999999794e-01
0.000000000000000000e+00 7.018999999999999684e-01
9.000000000000000000e+00 7.019999999999999574e-01
6.700000000000000000e+01 7.020999999999999464e-01
7.230000000000000000e+02 7.022000000000000464e-01
4.000000000000000000e+00 7.023000000000000353e-01
9.000000000000000000e+00 7.024000000000000243e-01
2.879000000000000000e+03 7.025000000000000133e-01
2.100000000000000000e+01 7.026000000000000023e-01
3.830000000000000000e+02 7.026999999999999913e-01
0.000000000000000000e+00 7.016000000000000014e-01
2.000000000000000000e+00 7.016999999999999904e-01
1.696000000000000000e+03 7.017999999999999794e-01
0.000000000000000000e+00 7.018999999999999684e-01
0.000000000000000000e+00 7.019999999999999574e-01
1.000000000000000000e+00 7.020999999999999464e-01
5.000000000000000000e+00 7.022000000000000464e-01
4.000000000000000000e+00 7.023000000000000353e-01
9.800000000000000000e+01 7.024000000000000243e-01
0.000000000000000000e+00 7.025000000000000133e-01
0.000000000000000000e+00 7.026000000000000023e-01
0.000000000000000000e+00 7.026999999999999913e-01
5.270000000000000000e+02 7.027999999999999803e-01
0.000000000000000000e+00 7.025000000000000133e-01
0.000000000000000000e+00 7.026000000000000023e-01
4.000000000000000000e+00 7.026999999999999913e-01
0.000000000000000000e+00 7.027999999999999803e-01
4.000000000000000000e+00 7.028999999999999693e-01
8.000000000000000000e+00 7.029999999999999583e-01
0.000000000000000000e+00 7.030999999999999472e-01
2.000000000000000000e+00 7.032000000000000473e-01
1.430000000000000000e+02 7.033000000000000362e-01
1.100000000000000000e+01 7.034000000000000252e-01
1.300000000000000000e+01 7.035000000000000142e-01
4.400000000000000000e+01 7.036000000000000032e-01
3.000000000000000000e+00 7.036999999999999922e-01
2.000000000000000000e+00 7.037999999999999812e-01
2.000000000000000000e+00 7.038999999999999702e-01
5.490000000000000000e+02 7.039999999999999591e-01
0.000000000000000000e+00 7.032000000000000473e-01
4.000000000000000000e+00 7.033000000000000362e-01
1.770000000000000000e+02 7.034000000000000252e-01
5.800000000000000000e+01 7.035000000000000142e-01
4.400000000000000000e+01 7.033000000000000362e-01
6.500000000000000000e+01 7.034000000000000252e-01
5.050000000000000000e+02 7.035000000000000142e-01
1.000000000000000000e+00 7.036000000000000032e-01
0.000000000000000000e+00 7.036999999999999922e-01
0.000000000000000000e+00 7.037999999999999812e-01
0.000000000000000000e+00 7.038999999999999702e-01
0.000000000000000000e+00 7.039999999999999591e-01
0.000000000000000000e+00 7.040999999999999481e-01
0.000000000000000000e+00 7.042000000000000481e-01
8.700000000000000000e+01 7.043000000000000371e-01
1.400000000000000000e+01 7.044000000000000261e-01
3.300000000000000000e+01 7.045000000000000151e-01
0.000000000000000000e+00 7.044000000000000261e-01
4.200000000000000000e+01 7.045000000000000151e-01
4.000000000000000000e+00 7.046000000000000041e-01
8.000000000000000000e+00 7.046999999999999931e-01
1.260000000000000000e+02 7.047999999999999821e-01
1.000000000000000000e+00 7.048999999999999710e-01
6.000000000000000000e+00 7.049999999999999600e-01
1.000000000000000000e+00 7.050999999999999490e-01
0.000000000000000000e+00 7.052000000000000490e-01
1.121000000000000000e+03 7.053000000000000380e-01
0.000000000000000000e+00 7.054000000000000270e-01
0.000000000000000000e+00 7.055000000000000160e-01
9.420000000000000000e+02 7.056000000000000050e-01
0.000000000000000000e+00 7.053000000000000380e-01
0.000000000000000000e+00 7.054000000000000270e-01
2.200000000000000000e+01 7.055000000000000160e-01
2.000000000000000000e+00 7.056000000000000050e-01
1.100000000000000000e+01 7.056999999999999940e-01
0.000000000000000000e+00 7.057999999999999829e-01
1.100000000000000000e+01 7.058999999999999719e-01
1.900000000000000000e+01 7.059999999999999609e-01
0.000000000000000000e+00 7.060999999999999499e-01
0.000000000000000000e+00 7.062000000000000499e-01
2.000000000000000000e+00 7.063000000000000389e-01
0.000000000000000000e+00 7.064000000000000279e-01
9.500000000000000000e+01 7.065000000000000169e-01
3.700000000000000000e+01 7.066000000000000059e-01
0.000000000000000000e+00 7.066999999999999948e-01
0.000000000000000000e+00 7.067999999999999838e-01
0.000000000000000000e+00 7.068999999999999728e-01
2.200000000000000000e+01 7.069999999999999618e-01
5.000000000000000000e+00 7.070999999999999508e-01
3.000000000000000000e+00 7.072000000000000508e-01
2.360000000000000000e+03 7.073000000000000398e-01
5.700000000000000000e+01 7.074000000000000288e-01
0.000000000000000000e+00 7.075000000000000178e-01
0.000000000000000000e+00 7.076000000000000068e-01
8.000000000000000000e+00 7.076999999999999957e-01
0.000000000000000000e+00 7.077999999999999847e-01
7.000000000000000000e+00 7.078999999999999737e-01
8.800000000000000000e+03 7.079999999999999627e-01
7.980000000000000000e+02 7.074000000000000288e-01
0.000000000000000000e+00 7.072000000000000508e-01
0.000000000000000000e+00 7.073000000000000398e-01
0.000000000000000000e+00 7.074000000000000288e-01
2.950000000000000000e+02 7.075000000000000178e-01
1.220000000000000000e+02 7.076000000000000068e-01
1.100000000000000000e+01 7.074000000000000288e-01
3.400000000000000000e+01 7.075000000000000178e-01
0.000000000000000000e+00 7.076000000000000068e-01
0.000000000000000000e+00 7.076999999999999957e-01
1.000000000000000000e+00 7.077999999999999847e-01
2.610000000000000000e+02 7.076999999999999957e-01
6.320000000000000000e+03 7.077999999999999847e-01
1.900000000000000000e+01 7.073000000000000398e-01
0.000000000000000000e+00 7.074000000000000288e-01
4.000000000000000000e+00 7.075000000000000178e-01
1.000000000000000000e+00 7.076000000000000068e-01
8.000000000000000000e+00 7.076999999999999957e-01
0.000000000000000000e+00 7.077999999999999847e-01
5.000000000000000000e+00 7.078999999999999737e-01
4.000000000000000000e+00 7.079999999999999627e-01
0.000000000000000000e+00 7.079999999999999627e-01
1.339000000000000000e+03 7.080999999999999517e-01
1.080000000000000000e+02 7.065000000000000169e-01
3.900000000000000000e+01 7.066000000000000059e-01
5.000000000000000000e+00 7.066999999999999948e-01
0.000000000000000000e+00 7.067999999999999838e-01
0.000000000000000000e+00 7.068999999999999728e-01
5.000000000000000000e+00 7.069999999999999618e-01
1.000000000000000000e+00 7.070999999999999508e-01
2.090000000000000000e+02 7.069999999999999618e-01
1.300000000000000000e+01 7.070999999999999508e-01
4.466500000000000000e+04 7.070999999999999508e-01
0.000000000000000000e+00 7.034000000000000252e-01
0.000000000000000000e+00 7.035000000000000142e-01
2.300000000000000000e+01 7.036000000000000032e-01
3.550000000000000000e+02 7.035000000000000142e-01
2.000000000000000000e+00 7.034000000000000252e-01
4.182000000000000000e+03 7.035000000000000142e-01
5.000000000000000000e+00 7.035000000000000142e-01
5.000000000000000000e+00 7.036000000000000032e-01
0.000000000000000000e+00 7.036000000000000032e-01
3.360000000000000000e+02 7.036999999999999922e-01
0.000000000000000000e+00 7.037999999999999812e-01
7.000000000000000000e+00 7.038999999999999702e-01
9.000000000000000000e+01 7.039999999999999591e-01
0.000000000000000000e+00 7.040999999999999481e-01
1.778000000000000000e+03 7.042000000000000481e-01
3.500000000000000000e+01 7.036999999999999922e-01
8.000000000000000000e+00 7.037999999999999812e-01
1.000000000000000000e+00 7.038999999999999702e-01
4.400000000000000000e+01 7.039999999999999591e-01
1.900000000000000000e+01 7.040999999999999481e-01
9.140000000000000000e+02 7.042000000000000481e-01
4.000000000000000000e+00 7.043000000000000371e-01
3.200000000000000000e+01 7.044000000000000261e-01
5.100000000000000000e+01 7.045000000000000151e-01
0.000000000000000000e+00 7.046000000000000041e-01
1.550000000000000000e+02 7.046999999999999931e-01
2.000000000000000000e+00 7.044000000000000261e-01
1.060000000000000000e+02 7.045000000000000151e-01
4.000000000000000000e+00 7.043000000000000371e-01
8.700000000000000000e+01 7.044000000000000261e-01
3.100000000000000000e+01 7.045000000000000151e-01
7.200000000000000000e+01 7.046000000000000041e-01
2.360000000000000000e+02 7.046999999999999931e-01
1.227000000000000000e+03 7.047999999999999821e-01
0.000000000000000000e+00 7.048999999999999710e-01
5.920000000000000000e+03 7.049999999999999600e-01
3.770000000000000000e+02 7.049999999999999600e-01
8.700000000000000000e+01 7.046999999999999931e-01
2.000000000000000000e+00 7.047999999999999821e-01
3.500000000000000000e+01 7.048999999999999710e-01
0.000000000000000000e+00 7.049999999999999600e-01
1.820900000000000000e+04 7.050999999999999490e-01
1.150000000000000000e+02 7.036999999999999922e-01
1.900000000000000000e+01 7.037999999999999812e-01
1.200000000000000000e+01 7.038999999999999702e-01
1.601000000000000000e+03 7.039999999999999591e-01
1.700000000000000000e+01 7.039999999999999591e-01
1.800000000000000000e+01 7.040999999999999481e-01
0.000000000000000000e+00 7.042000000000000481e-01
6.500000000000000000e+01 7.043000000000000371e-01
1.700000000000000000e+01 7.044000000000000261e-01
0.000000000000000000e+00 7.045000000000000151e-01
2.900000000000000000e+01 7.046000000000000041e-01
1.900000000000000000e+01 7.045000000000000151e-01
6.390000000000000000e+02 7.046000000000000041e-01
2.869900000000000000e+04 7.044000000000000261e-01
1.000000000000000000e+00 7.014000000000000234e-01
9.970000000000000000e+02 7.015000000000000124e-01
9.000000000000000000e+00 7.010999999999999455e-01
2.000000000000000000e+00 7.012000000000000455e-01
0.000000000000000000e+00 7.013000000000000345e-01
1.400000000000000000e+01 7.014000000000000234e-01
1.000000000000000000e+00 7.015000000000000124e-01
0.000000000000000000e+00 7.016000000000000014e-01
0.000000000000000000e+00 7.016999999999999904e-01
0.000000000000000000e+00 7.017999999999999794e-01
0.000000000000000000e+00 7.018999999999999684e-01
0.000000000000000000e+00 7.019999999999999574e-01
1.800000000000000000e+01 7.020999999999999464e-01
0.000000000000000000e+00 7.022000000000000464e-01
2.000000000000000000e+00 7.023000000000000353e-01
4.000000000000000000e+00 7.024000000000000243e-01
2.000000000000000000e+00 7.024000000000000243e-01
6.000000000000000000e+00 7.025000000000000133e-01
0.000000000000000000e+00 7.026000000000000023e-01
8.000000000000000000e+00 7.026999999999999913e-01
0.000000000000000000e+00 7.027999999999999803e-01
2.080000000000000000e+02 7.028999999999999693e-01
0.000000000000000000e+00 7.029999999999999583e-01
2.000000000000000000e+00 7.030999999999999472e-01
1.800000000000000000e+01 7.032000000000000473e-01
4.000000000000000000e+00 7.030999999999999472e-01
2.000000000000000000e+00 7.032000000000000473e-01
4.600000000000000000e+02 7.033000000000000362e-01
0.000000000000000000e+00 7.034000000000000252e-01
2.000000000000000000e+00 7.035000000000000142e-01
3.400000000000000000e+01 7.036000000000000032e-01
3.700000000000000000e+01 7.036999999999999922e-01
6.000000000000000000e+00 7.037999999999999812e-01
2.160000000000000000e+02 7.038999999999999702e-01
1.500000000000000000e+01 7.036999999999999922e-01
3.000000000000000000e+00 7.037999999999999812e-01
0.000000000000000000e+00 7.038999999999999702e-01
0.000000000000000000e+00 7.039999999999999591e-01
0.000000000000000000e+00 7.040999999999999481e-01
3.000000000000000000e+00 7.042000000000000481e-01
1.160000000000000000e+02 7.040999999999999481e-01
2.000000000000000000e+00 7.042000000000000481e-01
1.700000000000000000e+01 7.043000000000000371e-01
1.156000000000000000e+03 7.044000000000000261e-01
0.000000000000000000e+00 7.037999999999999812e-01
6.000000000000000000e+00 7.038999999999999702e-01
1.200000000000000000e+01 7.039999999999999591e-01
6.100000000000000000e+01 7.040999999999999481e-01
0.000000000000000000e+00 7.042000000000000481e-01
3.040000000000000000e+02 7.043000000000000371e-01
1.000000000000000000e+00 7.035000000000000142e-01
4.600000000000000000e+01 7.036000000000000032e-01
0.000000000000000000e+00 7.036000000000000032e-01
9.000000000000000000e+00 7.036999999999999922e-01
6.000000000000000000e+00 7.037999999999999812e-01
0.000000000000000000e+00 7.038999999999999702e-01
2.803000000000000000e+03 7.039999999999999591e-01
1.300000000000000000e+01 7.039999999999999591e-01
0.000000000000000000e+00 7.040999999999999481e-01
0.000000000000000000e+00 7.042000000000000481e-01
1.000000000000000000e+00 7.043000000000000371e-01
0.000000000000000000e+00 7.044000000000000261e-01
1.100000000000000000e+01 7.045000000000000151e-01
1.040000000000000000e+02 7.046000000000000041e-01
0.000000000000000000e+00 7.044000000000000261e-01
2.440000000000000000e+02 7.045000000000000151e-01
1.185700000000000000e+04 7.046000000000000041e-01
0.000000000000000000e+00 7.036000000000000032e-01
0.000000000000000000e+00 7.036999999999999922e-01
4.000000000000000000e+00 7.037999999999999812e-01
5.200000000000000000e+01 7.038999999999999702e-01
2.400000000000000000e+01 7.039999999999999591e-01
8.990000000000000000e+02 7.040999999999999481e-01
5.000000000000000000e+00 7.029999999999999583e-01
3.000000000000000000e+00 7.030999999999999472e-01
0.000000000000000000e+00 7.032000000000000473e-01
4.500000000000000000e+01 7.033000000000000362e-01
4.852000000000000000e+03 7.034000000000000252e-01
1.917700000000000000e+04 7.027999999999999803e-01
0.000000000000000000e+00 7.016000000000000014e-01
1.200000000000000000e+01 7.016999999999999904e-01
1.600000000000000000e+02 7.016999999999999904e-01
5.400000000000000000e+01 7.017999999999999794e-01
5.000000000000000000e+00 7.018999999999999684e-01
0.000000000000000000e+00 7.019999999999999574e-01
5.300000000000000000e+01 7.020999999999999464e-01
6.767000000000000000e+03 7.022000000000000464e-01
0.000000000000000000e+00 7.018999999999999684e-01
0.000000000000000000e+00 7.019999999999999574e-01
0.000000000000000000e+00 7.020999999999999464e-01
4.000000000000000000e+00 7.022000000000000464e-01
4.599000000000000000e+03 7.023000000000000353e-01
1.350000000000000000e+02 7.018999999999999684e-01
4.000000000000000000e+00 7.019999999999999574e-01
2.120000000000000000e+02 7.020999999999999464e-01
1.570000000000000000e+02 7.019999999999999574e-01
0.000000000000000000e+00 7.020999999999999464e-01
3.400000000000000000e+01 7.022000000000000464e-01
2.000000000000000000e+00 7.022000000000000464e-01
4.000000000000000000e+00 7.023000000000000353e-01
0.000000000000000000e+00 7.024000000000000243e-01
1.138000000000000000e+03 7.025000000000000133e-01
0.000000000000000000e+00 7.017999999999999794e-01
2.150000000000000000e+02 7.018999999999999684e-01
0.000000000000000000e+00 7.019999999999999574e-01
2.500000000000000000e+01 7.020999999999999464e-01
8.000000000000000000e+00 7.022000000000000464e-01
0.000000000000000000e+00 7.023000000000000353e-01
5.000000000000000000e+00 7.024000000000000243e-01
1.900000000000000000e+03 7.025000000000000133e-01
3.600000000000000000e+01 7.019999999999999574e-01
3.100000000000000000e+02 7.020999999999999464e-01
5.420000000000000000e+02 7.022000000000000464e-01
8.000000000000000000e+00 7.023000000000000353e-01
1.080000000000000000e+02 7.024000000000000243e-01
0.000000000000000000e+00 7.025000000000000133e-01
2.000000000000000000e+00 7.026000000000000023e-01
3.915000000000000000e+03 7.026999999999999913e-01
1.500000000000000000e+01 7.027999999999999803e-01
4.000000000000000000e+00 7.027999999999999803e-01
5.000000000000000000e+00 7.028999999999999693e-01
1.120000000000000000e+02 7.029999999999999583e-01
9.900000000000000000e+02 7.030999999999999472e-01
0.000000000000000000e+00 7.032000000000000473e-01
6.000000000000000000e+00 7.033000000000000362e-01
0.000000000000000000e+00 7.034000000000000252e-01
0.000000000000000000e+00 7.035000000000000142e-01
5.000000000000000000e+00 7.036000000000000032e-01
5.000000000000000000e+00 7.036999999999999922e-01
1.000000000000000000e+00 7.037999999999999812e-01
5.300000000000000000e+01 7.038999999999999702e-01
2.600000000000000000e+01 7.039999999999999591e-01
9.000000000000000000e+00 7.040999999999999481e-01
2.250000000000000000e+02 7.042000000000000481e-01
7.450000000000000000e+02 7.043000000000000371e-01
8.000000000000000000e+00 7.044000000000000261e-01
0.000000000000000000e+00 7.045000000000000151e-01
1.430000000000000000e+02 7.046000000000000041e-01
0.000000000000000000e+00 7.046999999999999931e-01
1.000000000000000000e+00 7.047999999999999821e-01
5.070000000000000000e+02 7.048999999999999710e-01
5.700000000000000000e+01 7.049999999999999600e-01
1.000000000000000000e+01 7.050999999999999490e-01
5.170000000000000000e+03 7.052000000000000490e-01
2.000000000000000000e+00 7.053000000000000380e-01
2.000000000000000000e+00 7.054000000000000270e-01
0.000000000000000000e+00 7.055000000000000160e-01
6.000000000000000000e+00 7.056000000000000050e-01
3.253000000000000000e+03 7.056999999999999940e-01
1.800000000000000000e+01 7.040999999999999481e-01
4.800000000000000000e+01 7.042000000000000481e-01
5.670000000000000000e+02 7.043000000000000371e-01
0.000000000000000000e+00 7.035000000000000142e-01
5.000000000000000000e+00 7.036000000000000032e-01
0.000000000000000000e+00 7.036999999999999922e-01
6.500000000000000000e+01 7.037999999999999812e-01
4.000000000000000000e+00 7.038999999999999702e-01
0.000000000000000000e+00 7.039999999999999591e-01
0.000000000000000000e+00 7.040999999999999481e-01
6.540000000000000000e+02 7.042000000000000481e-01
0.000000000000000000e+00 7.040999999999999481e-01
7.290000000000000000e+02 7.042000000000000481e-01
0.000000000000000000e+00 7.043000000000000371e-01
1.600000000000000000e+02 7.044000000000000261e-01
0.000000000000000000e+00 7.045000000000000151e-01
0.000000000000000000e+00 7.046000000000000041e-01
0.000000000000000000e+00 7.046999999999999931e-01
3.660000000000000000e+02 7.047999999999999821e-01
0.000000000000000000e+00 7.048999999999999710e-01
1.000000000000000000e+00 7.049999999999999600e-01
4.000000000000000000e+00 7.050999999999999490e-01
1.300000000000000000e+02 7.052000000000000490e-01
0.000000000000000000e+00 7.053000000000000380e-01
4.900000000000000000e+03 7.054000000000000270e-01
7.480000000000000000e+02 7.055000000000000160e-01
0.000000000000000000e+00 7.056000000000000050e-01
8.000000000000000000e+00 7.056999999999999940e-01
0.000000000000000000e+00 7.057999999999999829e-01
8.600000000000000000e+01 7.058999999999999719e-01
2.000000000000000000e+01 7.059999999999999609e-01
9.000000000000000000e+00 7.060999999999999499e-01
4.000000000000000000e+00 7.062000000000000499e-01
1.000000000000000000e+00 7.063000000000000389e-01
2.700000000000000000e+01 7.064000000000000279e-01
0.000000000000000000e+00 7.064000000000000279e-01
1.700000000000000000e+01 7.065000000000000169e-01
0.000000000000000000e+00 7.066000000000000059e-01
1.000000000000000000e+00 7.066999999999999948e-01
2.000000000000000000e+01 7.067999999999999838e-01
4.800000000000000000e+01 7.068999999999999728e-01
7.115000000000000000e+03 7.069999999999999618e-01
1.860000000000000000e+02 7.068999999999999728e-01
8.320000000000000000e+02 7.069999999999999618e-01
2.200000000000000000e+01 7.070999999999999508e-01
1.300000000000000000e+01 7.072000000000000508e-01
5.500000000000000000e+01 7.073000000000000398e-01
1.300000000000000000e+01 7.074000000000000288e-01
0.000000000000000000e+00 7.074000000000000288e-01
7.800000000000000000e+01 7.075000000000000178e-01
1.300000000000000000e+01 7.075000000000000178e-01
4.424000000000000000e+03 7.076000000000000068e-01
2.700000000000000000e+01 7.059999999999999609e-01
3.200000000000000000e+01 7.060999999999999499e-01
1.450000000000000000e+02 7.062000000000000499e-01
0.000000000000000000e+00 7.063000000000000389e-01
9.708000000000000000e+03 7.064000000000000279e-01
4.000000000000000000e+00 7.046000000000000041e-01
4.000000000000000000e+00 7.046999999999999931e-01
2.000000000000000000e+00 7.047999999999999821e-01
0.000000000000000000e+00 7.048999999999999710e-01
5.000000000000000000e+00 7.049999999999999600e-01
0.000000000000000000e+00 7.050999999999999490e-01
3.100000000000000000e+01 7.052000000000000490e-01
0.000000000000000000e+00 7.053000000000000380e-01
7.890000000000000000e+02 7.054000000000000270e-01
0.000000000000000000e+00 7.055000000000000160e-01
1.229400000000000000e+04 7.056000000000000050e-01
0.000000000000000000e+00 7.048999999999999710e-01
6.000000000000000000e+00 7.049999999999999600e-01
0.000000000000000000e+00 7.050999999999999490e-01
0.000000000000000000e+00 7.052000000000000490e-01
3.073000000000000000e+03 7.053000000000000380e-01
6.300000000000000000e+01 7.034000000000000252e-01
0.000000000000000000e+00 7.035000000000000142e-01
1.600000000000000000e+01 7.036000000000000032e-01
0.000000000000000000e+00 7.036000000000000032e-01
4.590000000000000000e+02 7.036999999999999922e-01
3.500000000000000000e+01 7.037999999999999812e-01
0.000000000000000000e+00 7.037999999999999812e-01
1.400000000000000000e+01 7.038999999999999702e-01
0.000000000000000000e+00 7.039999999999999591e-01
1.600000000000000000e+01 7.040999999999999481e-01
0.000000000000000000e+00 7.042000000000000481e-01
2.000000000000000000e+00 7.043000000000000371e-01
5.160000000000000000e+02 7.044000000000000261e-01
8.000000000000000000e+00 7.043000000000000371e-01
1.900000000000000000e+01 7.044000000000000261e-01
2.000000000000000000e+00 7.045000000000000151e-01
0.000000000000000000e+00 7.043000000000000371e-01
0.000000000000000000e+00 7.044000000000000261e-01
2.921000000000000000e+03 7.045000000000000151e-01
3.000000000000000000e+00 7.046000000000000041e-01
0.000000000000000000e+00 7.046999999999999931e-01
0.000000000000000000e+00 7.047999999999999821e-01
3.000000000000000000e+00 7.048999999999999710e-01
8.300000000000000000e+01 7.049999999999999600e-01
3.860000000000000000e+02 7.050999999999999490e-01
9.200000000000000000e+01 7.052000000000000490e-01
5.000000000000000000e+00 7.050999999999999490e-01
7.620000000000000000e+02 7.052000000000000490e-01
3.000000000000000000e+00 7.049999999999999600e-01
1.240000000000000000e+02 7.050999999999999490e-01
5.300000000000000000e+01 7.052000000000000490e-01
3.000000000000000000e+00 7.048999999999999710e-01
6.000000000000000000e+00 7.049999999999999600e-01
1.600000000000000000e+01 7.050999999999999490e-01
1.100000000000000000e+01 7.052000000000000490e-01
1.889000000000000000e+03 7.053000000000000380e-01
1.000000000000000000e+00 7.054000000000000270e-01
1.198000000000000000e+03 7.054000000000000270e-01
4.640000000000000000e+02 7.049999999999999600e-01
1.000000000000000000e+00 7.050999999999999490e-01
0.000000000000000000e+00 7.050999999999999490e-01
2.300000000000000000e+01 7.052000000000000490e-01
1.240000000000000000e+02 7.053000000000000380e-01
0.000000000000000000e+00 7.054000000000000270e-01
0.000000000000000000e+00 7.055000000000000160e-01
0.000000000000000000e+00 7.056000000000000050e-01
2.000000000000000000e+00 7.056999999999999940e-01
9.000000000000000000e+00 7.057999999999999829e-01
6.000000000000000000e+00 7.058999999999999719e-01
5.000000000000000000e+01 7.059999999999999609e-01
1.000000000000000000e+00 7.060999999999999499e-01
3.250000000000000000e+02 7.062000000000000499e-01
1.300000000000000000e+01 7.063000000000000389e-01
1.600000000000000000e+01 7.062000000000000499e-01
0.000000000000000000e+00 7.063000000000000389e-01
1.757900000000000000e+04 7.064000000000000279e-01
0.000000000000000000e+00 7.049999999999999600e-01
4.000000000000000000e+00 7.050999999999999490e-01
1.200000000000000000e+01 7.052000000000000490e-01
0.000000000000000000e+00 7.053000000000000380e-01
0.000000000000000000e+00 7.054000000000000270e-01
4.000000000000000000e+00 7.055000000000000160e-01
3.026000000000000000e+03 7.056000000000000050e-01
1.000000000000000000e+01 7.056999999999999940e-01
6.000000000000000000e+00 7.057999999999999829e-01
9.000000000000000000e+00 7.058999999999999719e-01
4.000000000000000000e+00 7.059999999999999609e-01
2.000000000000000000e+00 7.060999999999999499e-01
0.000000000000000000e+00 7.062000000000000499e-01
2.120000000000000000e+02 7.063000000000000389e-01
5.000000000000000000e+00 7.064000000000000279e-01
1.090000000000000000e+02 7.065000000000000169e-01
0.000000000000000000e+00 7.059999999999999609e-01
0.000000000000000000e+00 7.060999999999999499e-01
4.830000000000000000e+02 7.062000000000000499e-01
1.200000000000000000e+01 7.063000000000000389e-01
1.100000000000000000e+01 7.064000000000000279e-01
9.312000000000000000e+03 7.065000000000000169e-01
0.000000000000000000e+00 7.064000000000000279e-01
5.000000000000000000e+00 7.065000000000000169e-01
2.120000000000000000e+02 7.066000000000000059e-01
1.940000000000000000e+02 7.066999999999999948e-01
1.000000000000000000e+00 7.065000000000000169e-01
5.000000000000000000e+00 7.066000000000000059e-01
4.000000000000000000e+01 7.066999999999999948e-01
0.000000000000000000e+00 7.067999999999999838e-01
5.000000000000000000e+00 7.068999999999999728e-01
0.000000000000000000e+00 7.069999999999999618e-01
2.020000000000000000e+02 7.070999999999999508e-01
7.000000000000000000e+00 7.072000000000000508e-01
0.000000000000000000e+00 7.073000000000000398e-01
3.433000000000000000e+03 7.074000000000000288e-01
1.520000000000000000e+02 7.070999999999999508e-01
1.527000000000000000e+03 7.069999999999999618e-01
0.000000000000000000e+00 7.069999999999999618e-01
1.000000000000000000e+01 7.070999999999999508e-01
1.300000000000000000e+01 7.070999999999999508e-01
0.000000000000000000e+00 7.072000000000000508e-01
3.200000000000000000e+01 7.073000000000000398e-01
6.000000000000000000e+00 7.074000000000000288e-01
4.260000000000000000e+02 7.075000000000000178e-01
0.000000000000000000e+00 7.070999999999999508e-01
2.100000000000000000e+01 7.072000000000000508e-01
6.000000000000000000e+00 7.073000000000000398e-01
0.000000000000000000e+00 7.074000000000000288e-01
1.000000000000000000e+00 7.075000000000000178e-01
3.315000000000000000e+03 7.074000000000000288e-01
0.000000000000000000e+00 7.074000000000000288e-01
6.400000000000000000e+01 7.075000000000000178e-01
5.030000000000000000e+02 7.076000000000000068e-01
0.000000000000000000e+00 7.073000000000000398e-01
2.000000000000000000e+00 7.074000000000000288e-01
1.200000000000000000e+01 7.075000000000000178e-01
0.000000000000000000e+00 7.074000000000000288e-01
1.580000000000000000e+02 7.075000000000000178e-01
0.000000000000000000e+00 7.075000000000000178e-01
0.000000000000000000e+00 7.076000000000000068e-01
0.000000000000000000e+00 7.076999999999999957e-01
1.000000000000000000e+00 7.077999999999999847e-01
2.000000000000000000e+01 7.078999999999999737e-01
7.000000000000000000e+00 7.079999999999999627e-01
1.300000000000000000e+02 7.080999999999999517e-01
2.300000000000000000e+01 7.082000000000000517e-01
6.000000000000000000e+00 7.083000000000000407e-01
0.000000000000000000e+00 7.084000000000000297e-01
1.000000000000000000e+00 7.085000000000000187e-01
1.000000000000000000e+00 7.085000000000000187e-01
0.000000000000000000e+00 7.086000000000000076e-01
3.000000000000000000e+00 7.086999999999999966e-01
6.000000000000000000e+00 7.087999999999999856e-01
2.549000000000000000e+03 7.088999999999999746e-01
1.700000000000000000e+01 7.087999999999999856e-01
1.200000000000000000e+01 7.088999999999999746e-01
1.090000000000000000e+02 7.089999999999999636e-01
2.677100000000000000e+04 7.090999999999999526e-01
5.130000000000000000e+04 7.080999999999999517e-01
0.000000000000000000e+00 7.045000000000000151e-01
5.000000000000000000e+00 7.046000000000000041e-01
0.000000000000000000e+00 7.046999999999999931e-01
0.000000000000000000e+00 7.047999999999999821e-01
0.000000000000000000e+00 7.048999999999999710e-01
3.140000000000000000e+02 7.049999999999999600e-01
2.400000000000000000e+02 7.050999999999999490e-01
3.780000000000000000e+02 7.052000000000000490e-01
2.370000000000000000e+02 7.050999999999999490e-01
0.000000000000000000e+00 7.052000000000000490e-01
0.000000000000000000e+00 7.053000000000000380e-01
2.000000000000000000e+00 7.054000000000000270e-01
1.000000000000000000e+00 7.055000000000000160e-01
0.000000000000000000e+00 7.055000000000000160e-01
2.000000000000000000e+00 7.056000000000000050e-01
0.000000000000000000e+00 7.056999999999999940e-01
1.000000000000000000e+00 7.057999999999999829e-01
5.000000000000000000e+00 7.058999999999999719e-01
1.370000000000000000e+02 7.059999999999999609e-01
1.000000000000000000e+01 7.060999999999999499e-01
0.000000000000000000e+00 7.062000000000000499e-01
3.000000000000000000e+00 7.063000000000000389e-01
9.380000000000000000e+02 7.064000000000000279e-01
9.000000000000000000e+00 7.062000000000000499e-01
2.000000000000000000e+00 7.063000000000000389e-01
0.000000000000000000e+00 7.064000000000000279e-01
2.000000000000000000e+00 7.065000000000000169e-01
0.000000000000000000e+00 7.066000000000000059e-01
8.000000000000000000e+00 7.066999999999999948e-01
0.000000000000000000e+00 7.067999999999999838e-01
2.472000000000000000e+03 7.068999999999999728e-01
1.000000000000000000e+00 7.064000000000000279e-01
1.450000000000000000e+02 7.065000000000000169e-01
3.804000000000000000e+03 7.062000000000000499e-01
0.000000000000000000e+00 7.058999999999999719e-01
1.400000000000000000e+01 7.059999999999999609e-01
1.900000000000000000e+01 7.060999999999999499e-01
0.000000000000000000e+00 7.062000000000000499e-01
2.400000000000000000e+01 7.063000000000000389e-01
0.000000000000000000e+00 7.064000000000000279e-01
1.000000000000000000e+00 7.065000000000000169e-01
1.100000000000000000e+01 7.064000000000000279e-01
4.720000000000000000e+02 7.065000000000000169e-01
0.000000000000000000e+00 7.066000000000000059e-01
6.690000000000000000e+02 7.066999999999999948e-01
2.460000000000000000e+02 7.065000000000000169e-01
7.000000000000000000e+00 7.066000000000000059e-01
0.000000000000000000e+00 7.066999999999999948e-01
1.000000000000000000e+01 7.067999999999999838e-01
0.000000000000000000e+00 7.068999999999999728e-01
0.000000000000000000e+00 7.069999999999999618e-01
1.460000000000000000e+02 7.070999999999999508e-01
0.000000000000000000e+00 7.072000000000000508e-01
3.462000000000000000e+03 7.073000000000000398e-01
2.654000000000000000e+03 7.063000000000000389e-01
1.080400000000000000e+04 7.062000000000000499e-01
6.000000000000000000e+00 7.057999999999999829e-01
0.000000000000000000e+00 7.058999999999999719e-01
0.000000000000000000e+00 7.059999999999999609e-01
0.000000000000000000e+00 7.060999999999999499e-01
0.000000000000000000e+00 7.062000000000000499e-01
1.201000000000000000e+03 7.063000000000000389e-01
1.900000000000000000e+01 7.057999999999999829e-01
6.480000000000000000e+02 7.058999999999999719e-01
2.500000000000000000e+01 7.059999999999999609e-01
0.000000000000000000e+00 7.060999999999999499e-01
2.000000000000000000e+00 7.062000000000000499e-01
1.435800000000000000e+04 7.063000000000000389e-01
0.000000000000000000e+00 7.048999999999999710e-01
2.410000000000000000e+02 7.049999999999999600e-01
2.000000000000000000e+00 7.050999999999999490e-01
3.000000000000000000e+00 7.052000000000000490e-01
5.000000000000000000e+00 7.053000000000000380e-01
0.000000000000000000e+00 7.054000000000000270e-01
1.300000000000000000e+01 7.055000000000000160e-01
2.700000000000000000e+01 7.056000000000000050e-01
2.466000000000000000e+03 7.056999999999999940e-01
2.100000000000000000e+01 7.057999999999999829e-01
7.000000000000000000e+00 7.058999999999999719e-01
9.400000000000000000e+01 7.059999999999999609e-01
1.000000000000000000e+00 7.060999999999999499e-01
1.200000000000000000e+01 7.062000000000000499e-01
3.800000000000000000e+01 7.063000000000000389e-01
4.000000000000000000e+00 7.064000000000000279e-01
6.700000000000000000e+01 7.065000000000000169e-01
2.849000000000000000e+03 7.066000000000000059e-01
0.000000000000000000e+00 7.066999999999999948e-01
1.427000000000000000e+03 7.067999999999999838e-01
1.000000000000000000e+01 7.068999999999999728e-01
1.000000000000000000e+00 7.069999999999999618e-01
1.000000000000000000e+01 7.070999999999999508e-01
9.430000000000000000e+02 7.072000000000000508e-01
0.000000000000000000e+00 7.073000000000000398e-01
0.000000000000000000e+00 7.074000000000000288e-01
6.000000000000000000e+01 7.075000000000000178e-01
2.200000000000000000e+01 7.076000000000000068e-01
2.000000000000000000e+01 7.076999999999999957e-01
5.100000000000000000e+01 7.077999999999999847e-01
0.000000000000000000e+00 7.078999999999999737e-01
6.800000000000000000e+01 7.079999999999999627e-01
2.770000000000000000e+02 7.077999999999999847e-01
5.000000000000000000e+00 7.073000000000000398e-01
1.100000000000000000e+01 7.074000000000000288e-01
2.200000000000000000e+02 7.075000000000000178e-01
2.000000000000000000e+00 7.076000000000000068e-01
5.400000000000000000e+01 7.076999999999999957e-01
0.000000000000000000e+00 7.077999999999999847e-01
1.000000000000000000e+01 7.078999999999999737e-01
8.200000000000000000e+01 7.079999999999999627e-01
2.000000000000000000e+00 7.080999999999999517e-01
0.000000000000000000e+00 7.079999999999999627e-01
8.000000000000000000e+00 7.080999999999999517e-01
6.300000000000000000e+01 7.082000000000000517e-01
2.300000000000000000e+01 7.080999999999999517e-01
1.200000000000000000e+01 7.082000000000000517e-01
4.004700000000000000e+04 7.083000000000000407e-01
0.000000000000000000e+00 7.035000000000000142e-01
3.000000000000000000e+00 7.036000000000000032e-01
1.110000000000000000e+02 7.036999999999999922e-01
0.000000000000000000e+00 7.036000000000000032e-01
0.000000000000000000e+00 7.036999999999999922e-01
1.800000000000000000e+01 7.037999999999999812e-01
2.000000000000000000e+00 7.038999999999999702e-01
1.940000000000000000e+02 7.039999999999999591e-01
0.000000000000000000e+00 7.040999999999999481e-01
2.000000000000000000e+00 7.042000000000000481e-01
0.000000000000000000e+00 7.043000000000000371e-01
1.373800000000000000e+04 7.044000000000000261e-01
1.000000000000000000e+00 7.029999999999999583e-01
1.390000000000000000e+02 7.030999999999999472e-01
2.322700000000000000e+04 7.032000000000000473e-01
1.170000000000000000e+02 7.010999999999999455e-01
9.200000000000000000e+01 7.012000000000000455e-01
0.000000000000000000e+00 7.013000000000000345e-01
4.820000000000000000e+02 7.014000000000000234e-01
2.430000000000000000e+02 7.015000000000000124e-01
2.000000000000000000e+01 7.016000000000000014e-01
3.500000000000000000e+01 7.016000000000000014e-01
0.000000000000000000e+00 7.016999999999999904e-01
1.230000000000000000e+02 7.017999999999999794e-01
3.480000000000000000e+02 7.018999999999999684e-01
1.000000000000000000e+00 7.019999999999999574e-01
1.100000000000000000e+01 7.018999999999999684e-01
0.000000000000000000e+00 7.019999999999999574e-01
1.000000000000000000e+00 7.020999999999999464e-01
0.000000000000000000e+00 7.022000000000000464e-01
0.000000000000000000e+00 7.023000000000000353e-01
6.100000000000000000e+01 7.024000000000000243e-01
1.340000000000000000e+02 7.025000000000000133e-01
8.600000000000000000e+01 7.026000000000000023e-01
0.000000000000000000e+00 7.026999999999999913e-01
5.000000000000000000e+00 7.027999999999999803e-01
0.000000000000000000e+00 7.028999999999999693e-01
0.000000000000000000e+00 7.029999999999999583e-01
4.000000000000000000e+00 7.030999999999999472e-01
6.000000000000000000e+00 7.032000000000000473e-01
1.300000000000000000e+01 7.033000000000000362e-01
0.000000000000000000e+00 7.034000000000000252e-01
1.040000000000000000e+02 7.035000000000000142e-01
0.000000000000000000e+00 7.036000000000000032e-01
0.000000000000000000e+00 7.036999999999999922e-01
0.000000000000000000e+00 7.037999999999999812e-01
1.770000000000000000e+02 7.038999999999999702e-01
0.000000000000000000e+00 7.039999999999999591e-01
0.000000000000000000e+00 7.040999999999999481e-01
7.000000000000000000e+00 7.042000000000000481e-01
2.880000000000000000e+02 7.043000000000000371e-01
0.000000000000000000e+00 7.044000000000000261e-01
1.400000000000000000e+02 7.045000000000000151e-01
9.000000000000000000e+00 7.046000000000000041e-01
0.000000000000000000e+00 7.046999999999999931e-01
8.600000000000000000e+01 7.047999999999999821e-01
2.000000000000000000e+00 7.048999999999999710e-01
2.000000000000000000e+00 7.049999999999999600e-01
7.500000000000000000e+01 7.049999999999999600e-01
0.000000000000000000e+00 7.050999999999999490e-01
1.000000000000000000e+01 7.052000000000000490e-01
6.000000000000000000e+00 7.053000000000000380e-01
4.900000000000000000e+01 7.054000000000000270e-01
2.700000000000000000e+01 7.055000000000000160e-01
0.000000000000000000e+00 7.056000000000000050e-01
5.000000000000000000e+00 7.056999999999999940e-01
2.800000000000000000e+01 7.057999999999999829e-01
5.110000000000000000e+02 7.058999999999999719e-01
7.000000000000000000e+00 7.059999999999999609e-01
9.120000000000000000e+02 7.060999999999999499e-01
4.000000000000000000e+00 7.049999999999999600e-01
1.800000000000000000e+01 7.050999999999999490e-01
6.900000000000000000e+01 7.052000000000000490e-01
3.000000000000000000e+00 7.053000000000000380e-01
4.000000000000000000e+00 7.054000000000000270e-01
0.000000000000000000e+00 7.055000000000000160e-01
3.598700000000000000e+04 7.056000000000000050e-01
2.000000000000000000e+00 7.029999999999999583e-01
0.000000000000000000e+00 7.030999999999999472e-01
4.200000000000000000e+01 7.032000000000000473e-01
0.000000000000000000e+00 7.033000000000000362e-01
0.000000000000000000e+00 7.034000000000000252e-01
1.200000000000000000e+01 7.035000000000000142e-01
1.000000000000000000e+01 7.036000000000000032e-01
8.000000000000000000e+00 7.036999999999999922e-01
9.000000000000000000e+00 7.036999999999999922e-01
0.000000000000000000e+00 7.037999999999999812e-01
0.000000000000000000e+00 7.038999999999999702e-01
0.000000000000000000e+00 7.039999999999999591e-01
1.200000000000000000e+01 7.040999999999999481e-01
5.000000000000000000e+00 7.042000000000000481e-01
2.022000000000000000e+03 7.043000000000000371e-01
3.000000000000000000e+00 7.036000000000000032e-01
4.500000000000000000e+01 7.036999999999999922e-01
1.000000000000000000e+00 7.037999999999999812e-01
0.000000000000000000e+00 7.037999999999999812e-01
2.130000000000000000e+02 7.038999999999999702e-01
5.720000000000000000e+02 7.037999999999999812e-01
2.000000000000000000e+00 7.035000000000000142e-01
8.000000000000000000e+00 7.036000000000000032e-01
2.520000000000000000e+02 7.036999999999999922e-01
2.000000000000000000e+00 7.037999999999999812e-01
0.000000000000000000e+00 7.038999999999999702e-01
4.200000000000000000e+01 7.039999999999999591e-01
1.400000000000000000e+01 7.037999999999999812e-01
1.500000000000000000e+01 7.038999999999999702e-01
0.000000000000000000e+00 7.039999999999999591e-01
5.200000000000000000e+01 7.040999999999999481e-01
6.000000000000000000e+00 7.040999999999999481e-01
2.800000000000000000e+01 7.042000000000000481e-01
0.000000000000000000e+00 7.043000000000000371e-01
7.030000000000000000e+02 7.044000000000000261e-01
9.000000000000000000e+00 7.045000000000000151e-01
0.000000000000000000e+00 7.046000000000000041e-01
0.000000000000000000e+00 7.046999999999999931e-01
0.000000000000000000e+00 7.047999999999999821e-01
6.000000000000000000e+00 7.048999999999999710e-01
1.000000000000000000e+00 7.049999999999999600e-01
0.000000000000000000e+00 7.050999999999999490e-01
2.000000000000000000e+00 7.052000000000000490e-01
1.350000000000000000e+02 7.053000000000000380e-01
5.514000000000000000e+03 7.054000000000000270e-01
4.500000000000000000e+01 7.054000000000000270e-01
1.000000000000000000e+00 7.054000000000000270e-01
0.000000000000000000e+00 7.055000000000000160e-01
6.000000000000000000e+00 7.056000000000000050e-01
0.000000000000000000e+00 7.056999999999999940e-01
5.000000000000000000e+00 7.057999999999999829e-01
0.000000000000000000e+00 7.058999999999999719e-01
1.200000000000000000e+01 7.059999999999999609e-01
1.000000000000000000e+00 7.060999999999999499e-01
5.600000000000000000e+02 7.062000000000000499e-01
1.100000000000000000e+01 7.063000000000000389e-01
0.000000000000000000e+00 7.064000000000000279e-01
1.000000000000000000e+00 7.065000000000000169e-01
1.230000000000000000e+02 7.066000000000000059e-01
1.140000000000000000e+02 7.066999999999999948e-01
1.990000000000000000e+02 7.067999999999999838e-01
1.100000000000000000e+01 7.063000000000000389e-01
3.300000000000000000e+01 7.064000000000000279e-01
0.000000000000000000e+00 7.065000000000000169e-01
3.400000000000000000e+01 7.066000000000000059e-01
0.000000000000000000e+00 7.066999999999999948e-01
3.200000000000000000e+01 7.067999999999999838e-01
6.520000000000000000e+02 7.068999999999999728e-01
0.000000000000000000e+00 7.068999999999999728e-01
4.000000000000000000e+00 7.069999999999999618e-01
8.000000000000000000e+00 7.070999999999999508e-01
0.000000000000000000e+00 7.072000000000000508e-01
0.000000000000000000e+00 7.073000000000000398e-01
6.000000000000000000e+00 7.074000000000000288e-01
5.100000000000000000e+01 7.075000000000000178e-01
9.000000000000000000e+00 7.076000000000000068e-01
8.000000000000000000e+00 7.076999999999999957e-01
4.300000000000000000e+01 7.077999999999999847e-01
3.740000000000000000e+02 7.078999999999999737e-01
0.000000000000000000e+00 7.079999999999999627e-01
2.310000000000000000e+02 7.080999999999999517e-01
1.400000000000000000e+01 7.082000000000000517e-01
1.400000000000000000e+01 7.083000000000000407e-01
4.000000000000000000e+00 7.084000000000000297e-01
3.800000000000000000e+01 7.085000000000000187e-01
4.000000000000000000e+00 7.086000000000000076e-01
1.000000000000000000e+00 7.086999999999999966e-01
4.550000000000000000e+02 7.087999999999999856e-01
3.600000000000000000e+01 7.088999999999999746e-01
3.000000000000000000e+00 7.089999999999999636e-01
0.000000000000000000e+00 7.090999999999999526e-01
0.000000000000000000e+00 7.092000000000000526e-01
0.000000000000000000e+00 7.093000000000000416e-01
9.000000000000000000e+00 7.094000000000000306e-01
1.228600000000000000e+04 7.095000000000000195e-01
2.000000000000000000e+00 7.087999999999999856e-01
5.452300000000000000e+04 7.088999999999999746e-01
0.000000000000000000e+00 7.026000000000000023e-01
1.480000000000000000e+02 7.026999999999999913e-01
0.000000000000000000e+00 7.027999999999999803e-01
1.080000000000000000e+02 7.028999999999999693e-01
0.000000000000000000e+00 7.029999999999999583e-01
2.000000000000000000e+00 7.030999999999999472e-01
0.000000000000000000e+00 7.032000000000000473e-01
1.030000000000000000e+02 7.033000000000000362e-01
2.000000000000000000e+00 7.034000000000000252e-01
1.000000000000000000e+00 7.033000000000000362e-01
1.270000000000000000e+02 7.034000000000000252e-01
3.420000000000000000e+02 7.035000000000000142e-01
1.700000000000000000e+01 7.036000000000000032e-01
8.600000000000000000e+01 7.036999999999999922e-01
2.600000000000000000e+01 7.037999999999999812e-01
1.000000000000000000e+00 7.038999999999999702e-01
3.500000000000000000e+01 7.039999999999999591e-01
1.410000000000000000e+02 7.040999999999999481e-01
3.000000000000000000e+00 7.037999999999999812e-01
0.000000000000000000e+00 7.038999999999999702e-01
0.000000000000000000e+00 7.039999999999999591e-01
0.000000000000000000e+00 7.040999999999999481e-01
4.400000000000000000e+01 7.042000000000000481e-01
8.000000000000000000e+00 7.043000000000000371e-01
1.360000000000000000e+02 7.044000000000000261e-01
6.000000000000000000e+01 7.045000000000000151e-01
3.123000000000000000e+03 7.046000000000000041e-01
7.000000000000000000e+00 7.039999999999999591e-01
3.000000000000000000e+00 7.040999999999999481e-01
1.000000000000000000e+00 7.040999999999999481e-01
1.100000000000000000e+01 7.039999999999999591e-01
6.000000000000000000e+00 7.040999999999999481e-01
2.000000000000000000e+00 7.042000000000000481e-01
3.000000000000000000e+00 7.043000000000000371e-01
5.300000000000000000e+01 7.044000000000000261e-01
1.600000000000000000e+01 7.045000000000000151e-01
2.000000000000000000e+00 7.046000000000000041e-01
1.000000000000000000e+00 7.046999999999999931e-01
9.800000000000000000e+01 7.046000000000000041e-01
2.154000000000000000e+03 7.046999999999999931e-01
0.000000000000000000e+00 7.046000000000000041e-01
7.167000000000000000e+03 7.046999999999999931e-01
6.270000000000000000e+02 7.032000000000000473e-01
1.000000000000000000e+01 7.026999999999999913e-01
1.000000000000000000e+01 7.027999999999999803e-01
3.600000000000000000e+01 7.028999999999999693e-01
1.000000000000000000e+00 7.026000000000000023e-01
0.000000000000000000e+00 7.026999999999999913e-01
8.000000000000000000e+00 7.027999999999999803e-01
5.172000000000000000e+03 7.028999999999999693e-01
0.000000000000000000e+00 7.025000000000000133e-01
1.100000000000000000e+02 7.026000000000000023e-01
7.290000000000000000e+03 7.026999999999999913e-01
5.000000000000000000e+00 6.992000000000000437e-01
8.360000000000000000e+02 6.993000000000000327e-01
0.000000000000000000e+00 6.991000000000000547e-01
8.200000000000000000e+01 6.992000000000000437e-01
5.103000000000000000e+03 6.992000000000000437e-01
1.607000000000000000e+03 6.976999999999999869e-01
2.000000000000000000e+00 6.977999999999999758e-01
0.000000000000000000e+00 6.978999999999999648e-01
3.700000000000000000e+01 6.979999999999999538e-01
0.000000000000000000e+00 6.976999999999999869e-01
1.216000000000000000e+03 6.977999999999999758e-01
0.000000000000000000e+00 6.972000000000000419e-01
1.100000000000000000e+01 6.973000000000000309e-01
2.000000000000000000e+00 6.974000000000000199e-01
7.410000000000000000e+02 6.975000000000000089e-01
4.800000000000000000e+01 6.975999999999999979e-01
5.000000000000000000e+00 6.975000000000000089e-01
5.500000000000000000e+01 6.975999999999999979e-01
1.000000000000000000e+00 6.974000000000000199e-01
3.000000000000000000e+00 6.974000000000000199e-01
2.600000000000000000e+01 6.975000000000000089e-01
1.000000000000000000e+01 6.975999999999999979e-01
6.400000000000000000e+01 6.976999999999999869e-01
8.000000000000000000e+01 6.977999999999999758e-01
7.000000000000000000e+00 6.977999999999999758e-01
3.000000000000000000e+01 6.978999999999999648e-01
0.000000000000000000e+00 6.979999999999999538e-01
1.110000000000000000e+02 6.981000000000000538e-01
4.300000000000000000e+01 6.982000000000000428e-01
7.300000000000000000e+01 6.983000000000000318e-01
1.700000000000000000e+01 6.982000000000000428e-01
0.000000000000000000e+00 6.983000000000000318e-01
0.000000000000000000e+00 6.984000000000000208e-01
1.280000000000000000e+02 6.985000000000000098e-01
8.000000000000000000e+00 6.985999999999999988e-01
0.000000000000000000e+00 6.986999999999999877e-01
1.000000000000000000e+00 6.987999999999999767e-01
0.000000000000000000e+00 6.988999999999999657e-01
1.880000000000000000e+02 6.989999999999999547e-01
1.750000000000000000e+02 6.991000000000000547e-01
2.000000000000000000e+01 6.992000000000000437e-01
4.700000000000000000e+01 6.993000000000000327e-01
9.760000000000000000e+02 6.994000000000000217e-01
1.000000000000000000e+00 6.995000000000000107e-01
0.000000000000000000e+00 6.995999999999999996e-01
5.000000000000000000e+00 6.996999999999999886e-01
1.083000000000000000e+03 6.997999999999999776e-01
1.000000000000000000e+00 6.996999999999999886e-01
1.590000000000000000e+03 6.997999999999999776e-01
3.000000000000000000e+00 6.998999999999999666e-01
1.500000000000000000e+01 6.999999999999999556e-01
1.000000000000000000e+01 7.000999999999999446e-01
1.500000000000000000e+01 7.000999999999999446e-01
0.000000000000000000e+00 7.002000000000000446e-01
2.169000000000000000e+03 7.003000000000000336e-01
5.300000000000000000e+01 7.004000000000000226e-01
0.000000000000000000e+00 7.005000000000000115e-01
7.900000000000000000e+01 7.006000000000000005e-01
3.347000000000000000e+03 7.006999999999999895e-01
2.000000000000000000e+00 7.003000000000000336e-01
0.000000000000000000e+00 7.004000000000000226e-01
8.000000000000000000e+00 7.005000000000000115e-01
0.000000000000000000e+00 7.005000000000000115e-01
1.230000000000000000e+03 7.006000000000000005e-01
6.900000000000000000e+01 6.993000000000000327e-01
1.000000000000000000e+00 6.994000000000000217e-01
0.000000000000000000e+00 6.995000000000000107e-01
5.651600000000000000e+04 6.995999999999999996e-01
0.000000000000000000e+00 6.964000000000000190e-01
0.000000000000000000e+00 6.965000000000000080e-01
1.790000000000000000e+02 6.965999999999999970e-01
3.630000000000000000e+02 6.966999999999999860e-01
8.000000000000000000e+00 6.965999999999999970e-01
0.000000000000000000e+00 6.966999999999999860e-01
3.500000000000000000e+01 6.967999999999999750e-01
1.000000000000000000e+00 6.966999999999999860e-01
0.000000000000000000e+00 6.966999999999999860e-01
1.000000000000000000e+00 6.967999999999999750e-01
0.000000000000000000e+00 6.968999999999999639e-01
2.000000000000000000e+00 6.969999999999999529e-01
0.000000000000000000e+00 6.971000000000000529e-01
5.000000000000000000e+00 6.972000000000000419e-01
4.000000000000000000e+00 6.973000000000000309e-01
8.000000000000000000e+00 6.974000000000000199e-01
1.058000000000000000e+03 6.975000000000000089e-01
0.000000000000000000e+00 6.975999999999999979e-01
0.000000000000000000e+00 6.976999999999999869e-01
0.000000000000000000e+00 6.977999999999999758e-01
2.300000000000000000e+01 6.978999999999999648e-01
8.200000000000000000e+01 6.979999999999999538e-01
1.000000000000000000e+00 6.981000000000000538e-01
0.000000000000000000e+00 6.982000000000000428e-01
0.000000000000000000e+00 6.983000000000000318e-01
4.680000000000000000e+02 6.984000000000000208e-01
5.000000000000000000e+00 6.978999999999999648e-01
7.660000000000000000e+02 6.978999999999999648e-01
3.000000000000000000e+00 6.979999999999999538e-01
5.000000000000000000e+00 6.981000000000000538e-01
5.000000000000000000e+00 6.982000000000000428e-01
1.100000000000000000e+01 6.983000000000000318e-01
0.000000000000000000e+00 6.984000000000000208e-01
6.525000000000000000e+03 6.985000000000000098e-01
2.300000000000000000e+01 6.978999999999999648e-01
2.000000000000000000e+00 6.979999999999999538e-01
0.000000000000000000e+00 6.981000000000000538e-01
7.000000000000000000e+01 6.982000000000000428e-01
0.000000000000000000e+00 6.983000000000000318e-01
8.020000000000000000e+02 6.984000000000000208e-01
6.000000000000000000e+00 6.985000000000000098e-01
3.000000000000000000e+00 6.985999999999999988e-01
4.700000000000000000e+01 6.986999999999999877e-01
1.000000000000000000e+01 6.987999999999999767e-01
0.000000000000000000e+00 6.988999999999999657e-01
0.000000000000000000e+00 6.989999999999999547e-01
8.000000000000000000e+00 6.991000000000000547e-01
0.000000000000000000e+00 6.989999999999999547e-01
4.000000000000000000e+00 6.991000000000000547e-01
1.000000000000000000e+00 6.992000000000000437e-01
9.580000000000000000e+02 6.993000000000000327e-01
6.000000000000000000e+00 6.994000000000000217e-01
1.136000000000000000e+03 6.995000000000000107e-01
1.550000000000000000e+02 6.985999999999999988e-01
0.000000000000000000e+00 6.986999999999999877e-01
0.000000000000000000e+00 6.987999999999999767e-01
4.100000000000000000e+01 6.988999999999999657e-01
8.000000000000000000e+00 6.989999999999999547e-01
5.000000000000000000e+00 6.989999999999999547e-01
6.190000000000000000e+02 6.991000000000000547e-01
0.000000000000000000e+00 6.992000000000000437e-01
0.000000000000000000e+00 6.993000000000000327e-01
0.000000000000000000e+00 6.994000000000000217e-01
0.000000000000000000e+00 6.995000000000000107e-01
1.000000000000000000e+00 6.995999999999999996e-01
3.000000000000000000e+00 6.996999999999999886e-01
3.400000000000000000e+01 6.997999999999999776e-01
0.000000000000000000e+00 6.998999999999999666e-01
8.753000000000000000e+03 6.999999999999999556e-01
0.000000000000000000e+00 6.995999999999999996e-01
7.300000000000000000e+01 6.996999999999999886e-01
1.200000000000000000e+01 6.997999999999999776e-01
3.000000000000000000e+00 6.998999999999999666e-01
3.800000000000000000e+01 6.999999999999999556e-01
0.000000000000000000e+00 7.000999999999999446e-01
2.000000000000000000e+00 7.002000000000000446e-01
1.000000000000000000e+00 7.003000000000000336e-01
4.700000000000000000e+01 7.004000000000000226e-01
0.000000000000000000e+00 7.005000000000000115e-01
0.000000000000000000e+00 7.006000000000000005e-01
0.000000000000000000e+00 7.006999999999999895e-01
0.000000000000000000e+00 7.007999999999999785e-01
0.000000000000000000e+00 7.008999999999999675e-01
3.700000000000000000e+01 7.009999999999999565e-01
0.000000000000000000e+00 7.010999999999999455e-01
0.000000000000000000e+00 7.012000000000000455e-01
0.000000000000000000e+00 7.013000000000000345e-01
2.200000000000000000e+01 7.014000000000000234e-01
0.000000000000000000e+00 7.015000000000000124e-01
0.000000000000000000e+00 7.016000000000000014e-01
1.900000000000000000e+01 7.016999999999999904e-01
3.000000000000000000e+00 7.016999999999999904e-01
0.000000000000000000e+00 7.017999999999999794e-01
0.000000000000000000e+00 7.018999999999999684e-01
1.000000000000000000e+00 7.019999999999999574e-01
3.000000000000000000e+00 7.020999999999999464e-01
0.000000000000000000e+00 7.022000000000000464e-01
0.000000000000000000e+00 7.023000000000000353e-01
1.200000000000000000e+01 7.024000000000000243e-01
0.000000000000000000e+00 7.025000000000000133e-01
4.200000000000000000e+01 7.026000000000000023e-01
8.550000000000000000e+02 7.026999999999999913e-01
1.480000000000000000e+02 7.027999999999999803e-01
0.000000000000000000e+00 7.028999999999999693e-01
2.300000000000000000e+01 7.029999999999999583e-01
1.270000000000000000e+02 7.030999999999999472e-01
0.000000000000000000e+00 7.032000000000000473e-01
5.100000000000000000e+01 7.033000000000000362e-01
1.000000000000000000e+00 7.034000000000000252e-01
0.000000000000000000e+00 7.035000000000000142e-01
0.000000000000000000e+00 7.036000000000000032e-01
0.000000000000000000e+00 7.036999999999999922e-01
0.000000000000000000e+00 7.037999999999999812e-01
0.000000000000000000e+00 7.038999999999999702e-01
0.000000000000000000e+00 7.039999999999999591e-01
0.000000000000000000e+00 7.040999999999999481e-01
0.000000000000000000e+00 7.042000000000000481e-01
5.400000000000000000e+01 7.043000000000000371e-01
0.000000000000000000e+00 7.044000000000000261e-01
2.000000000000000000e+00 7.045000000000000151e-01
0.000000000000000000e+00 7.046000000000000041e-01
3.700000000000000000e+01 7.046999999999999931e-01
8.000000000000000000e+01 7.047999999999999821e-01
1.270000000000000000e+02 7.048999999999999710e-01
4.800000000000000000e+01 7.049999999999999600e-01
0.000000000000000000e+00 7.050999999999999490e-01
6.000000000000000000e+00 7.052000000000000490e-01
4.100000000000000000e+01 7.053000000000000380e-01
1.600000000000000000e+01 7.054000000000000270e-01
4.720000000000000000e+02 7.055000000000000160e-01
3.320000000000000000e+02 7.056000000000000050e-01
4.000000000000000000e+00 7.056999999999999940e-01
7.600000000000000000e+01 7.057999999999999829e-01
4.000000000000000000e+00 7.058999999999999719e-01
3.200000000000000000e+01 7.059999999999999609e-01
1.000000000000000000e+00 7.057999999999999829e-01
5.217000000000000000e+03 7.058999999999999719e-01
0.000000000000000000e+00 7.058999999999999719e-01
3.000000000000000000e+00 7.059999999999999609e-01
0.000000000000000000e+00 7.059999999999999609e-01
0.000000000000000000e+00 7.060999999999999499e-01
0.000000000000000000e+00 7.062000000000000499e-01
6.000000000000000000e+00 7.063000000000000389e-01
4.610000000000000000e+02 7.064000000000000279e-01
1.700000000000000000e+01 7.065000000000000169e-01
0.000000000000000000e+00 7.066000000000000059e-01
8.400000000000000000e+01 7.066999999999999948e-01
4.000000000000000000e+00 7.067999999999999838e-01
1.788000000000000000e+03 7.068999999999999728e-01
5.000000000000000000e+00 7.069999999999999618e-01
1.000000000000000000e+01 7.070999999999999508e-01
1.800000000000000000e+01 7.072000000000000508e-01
0.000000000000000000e+00 7.073000000000000398e-01
0.000000000000000000e+00 7.074000000000000288e-01
0.000000000000000000e+00 7.075000000000000178e-01
0.000000000000000000e+00 7.076000000000000068e-01
1.000000000000000000e+00 7.076999999999999957e-01
6.000000000000000000e+00 7.077999999999999847e-01
0.000000000000000000e+00 7.078999999999999737e-01
1.720000000000000000e+02 7.079999999999999627e-01
0.000000000000000000e+00 7.080999999999999517e-01
1.100000000000000000e+01 7.082000000000000517e-01
1.840000000000000000e+02 7.083000000000000407e-01
2.800000000000000000e+01 7.084000000000000297e-01
0.000000000000000000e+00 7.085000000000000187e-01
4.560000000000000000e+02 7.086000000000000076e-01
4.000000000000000000e+00 7.086999999999999966e-01
2.000000000000000000e+00 7.087999999999999856e-01
2.000000000000000000e+00 7.088999999999999746e-01
0.000000000000000000e+00 7.088999999999999746e-01
0.000000000000000000e+00 7.089999999999999636e-01
1.000000000000000000e+00 7.090999999999999526e-01
0.000000000000000000e+00 7.092000000000000526e-01
4.300000000000000000e+01 7.093000000000000416e-01
1.400000000000000000e+01 7.094000000000000306e-01
5.800000000000000000e+01 7.095000000000000195e-01
0.000000000000000000e+00 7.096000000000000085e-01
0.000000000000000000e+00 7.096999999999999975e-01
1.000000000000000000e+01 7.097999999999999865e-01
2.554000000000000000e+03 7.098999999999999755e-01
0.000000000000000000e+00 7.098999999999999755e-01
1.480000000000000000e+02 7.099999999999999645e-01
0.000000000000000000e+00 7.100999999999999535e-01
6.000000000000000000e+00 7.102000000000000535e-01
2.000000000000000000e+00 7.103000000000000425e-01
0.000000000000000000e+00 7.104000000000000314e-01
1.000000000000000000e+01 7.105000000000000204e-01
0.000000000000000000e+00 7.106000000000000094e-01
7.100000000000000000e+01 7.106999999999999984e-01
6.000000000000000000e+00 7.104000000000000314e-01
4.900000000000000000e+01 7.105000000000000204e-01
1.800000000000000000e+01 7.106000000000000094e-01
0.000000000000000000e+00 7.106999999999999984e-01
2.300000000000000000e+01 7.107999999999999874e-01
1.072000000000000000e+03 7.108999999999999764e-01
0.000000000000000000e+00 7.105000000000000204e-01
0.000000000000000000e+00 7.106000000000000094e-01
6.400000000000000000e+01 7.106999999999999984e-01
0.000000000000000000e+00 7.107999999999999874e-01
3.560000000000000000e+02 7.108999999999999764e-01
2.500000000000000000e+01 7.109999999999999654e-01
2.000000000000000000e+00 7.110999999999999543e-01
5.430000000000000000e+02 7.110999999999999543e-01
7.700000000000000000e+01 7.106000000000000094e-01
0.000000000000000000e+00 7.106000000000000094e-01
1.600000000000000000e+01 7.106999999999999984e-01
2.540000000000000000e+02 7.107999999999999874e-01
2.000000000000000000e+00 7.106000000000000094e-01
7.000000000000000000e+00 7.106999999999999984e-01
9.900000000000000000e+01 7.107999999999999874e-01
2.000000000000000000e+00 7.103000000000000425e-01
1.312000000000000000e+03 7.104000000000000314e-01
4.400000000000000000e+01 7.105000000000000204e-01
3.000000000000000000e+00 7.106000000000000094e-01
0.000000000000000000e+00 7.106999999999999984e-01
0.000000000000000000e+00 7.107999999999999874e-01
0.000000000000000000e+00 7.108999999999999764e-01
0.000000000000000000e+00 7.109999999999999654e-01
2.600000000000000000e+02 7.110999999999999543e-01
0.000000000000000000e+00 7.112000000000000544e-01
5.290000000000000000e+02 7.113000000000000433e-01
5.600000000000000000e+01 7.114000000000000323e-01
0.000000000000000000e+00 7.115000000000000213e-01
6.000000000000000000e+00 7.116000000000000103e-01
7.000000000000000000e+00 7.116999999999999993e-01
0.000000000000000000e+00 7.117999999999999883e-01
2.000000000000000000e+00 7.118999999999999773e-01
0.000000000000000000e+00 7.119999999999999662e-01
1.700000000000000000e+01 7.120999999999999552e-01
0.000000000000000000e+00 7.122000000000000552e-01
3.000000000000000000e+01 7.123000000000000442e-01
5.000000000000000000e+00 7.124000000000000332e-01
0.000000000000000000e+00 7.125000000000000222e-01
1.900000000000000000e+01 7.126000000000000112e-01
5.000000000000000000e+00 7.127000000000000002e-01
1.200000000000000000e+01 7.127999999999999892e-01
0.000000000000000000e+00 7.128999999999999782e-01
0.000000000000000000e+00 7.129999999999999671e-01
3.000000000000000000e+00 7.130999999999999561e-01
3.000000000000000000e+00 7.131999999999999451e-01
0.000000000000000000e+00 7.133000000000000451e-01
0.000000000000000000e+00 7.134000000000000341e-01
2.300000000000000000e+02 7.135000000000000231e-01
2.610000000000000000e+02 7.136000000000000121e-01
2.300000000000000000e+01 7.137000000000000011e-01
2.000000000000000000e+00 7.137000000000000011e-01
0.000000000000000000e+00 7.137999999999999901e-01
1.500000000000000000e+01 7.138999999999999790e-01
1.400000000000000000e+01 7.139999999999999680e-01
0.000000000000000000e+00 7.139999999999999680e-01
5.210000000000000000e+03 7.140999999999999570e-01
0.000000000000000000e+00 7.141999999999999460e-01
0.000000000000000000e+00 7.143000000000000460e-01
1.100000000000000000e+01 7.144000000000000350e-01
7.210000000000000000e+02 7.145000000000000240e-01
2.000000000000000000e+00 7.146000000000000130e-01
2.390000000000000000e+02 7.147000000000000020e-01
0.000000000000000000e+00 7.147999999999999909e-01
1.000000000000000000e+00 7.148999999999999799e-01
0.000000000000000000e+00 7.149999999999999689e-01
1.000000000000000000e+01 7.150999999999999579e-01
1.144400000000000000e+04 7.151999999999999469e-01
0.000000000000000000e+00 7.127000000000000002e-01
2.280000000000000000e+02 7.127999999999999892e-01
1.000000000000000000e+01 7.126000000000000112e-01
0.000000000000000000e+00 7.127000000000000002e-01
5.000000000000000000e+00 7.127999999999999892e-01
2.000000000000000000e+00 7.128999999999999782e-01
3.400000000000000000e+02 7.129999999999999671e-01
0.000000000000000000e+00 7.130999999999999561e-01
1.470000000000000000e+02 7.131999999999999451e-01
0.000000000000000000e+00 7.126000000000000112e-01
3.630000000000000000e+02 7.127000000000000002e-01
8.000000000000000000e+00 7.122000000000000552e-01
3.000000000000000000e+00 7.123000000000000442e-01
3.100000000000000000e+01 7.124000000000000332e-01
2.066000000000000000e+03 7.124000000000000332e-01
2.290000000000000000e+02 7.089999999999999636e-01
0.000000000000000000e+00 7.090999999999999526e-01
0.000000000000000000e+00 7.092000000000000526e-01
2.000000000000000000e+00 7.093000000000000416e-01
3.100000000000000000e+01 7.094000000000000306e-01
2.000000000000000000e+00 7.095000000000000195e-01
1.400000000000000000e+01 7.096000000000000085e-01
0.000000000000000000e+00 7.096999999999999975e-01
7.700000000000000000e+01 7.097999999999999865e-01
0.000000000000000000e+00 7.098999999999999755e-01
1.580000000000000000e+02 7.099999999999999645e-01
2.100000000000000000e+01 7.100999999999999535e-01
0.000000000000000000e+00 7.099999999999999645e-01
0.000000000000000000e+00 7.100999999999999535e-01
7.980000000000000000e+02 7.102000000000000535e-01
0.000000000000000000e+00 7.103000000000000425e-01
2.046000000000000000e+03 7.104000000000000314e-01
3.000000000000000000e+00 7.096999999999999975e-01
3.000000000000000000e+00 7.097999999999999865e-01
0.000000000000000000e+00 7.098999999999999755e-01
8.000000000000000000e+00 7.099999999999999645e-01
5.070000000000000000e+02 7.100999999999999535e-01
1.000000000000000000e+00 7.102000000000000535e-01
0.000000000000000000e+00 7.102000000000000535e-01
2.000000000000000000e+00 7.103000000000000425e-01
2.000000000000000000e+00 7.104000000000000314e-01
6.360000000000000000e+02 7.105000000000000204e-01
6.421300000000000000e+04 7.106000000000000094e-01
2.919500000000000000e+04 7.034000000000000252e-01
4.530000000000000000e+02 7.014000000000000234e-01
1.910000000000000000e+02 7.015000000000000124e-01
7.250000000000000000e+02 7.016000000000000014e-01
9.969000000000000000e+03 7.016999999999999904e-01
1.600000000000000000e+01 7.010999999999999455e-01
0.000000000000000000e+00 7.012000000000000455e-01
1.450000000000000000e+02 7.013000000000000345e-01
1.780000000000000000e+02 7.014000000000000234e-01
0.000000000000000000e+00 7.015000000000000124e-01
0.000000000000000000e+00 7.016000000000000014e-01
4.000000000000000000e+00 7.016999999999999904e-01
5.000000000000000000e+00 7.017999999999999794e-01
0.000000000000000000e+00 7.018999999999999684e-01
1.200000000000000000e+01 7.019999999999999574e-01
9.900000000000000000e+02 7.020999999999999464e-01
6.900000000000000000e+01 7.019999999999999574e-01
8.510000000000000000e+02 7.020999999999999464e-01
0.000000000000000000e+00 7.018999999999999684e-01
1.000000000000000000e+00 7.019999999999999574e-01
0.000000000000000000e+00 7.020999999999999464e-01
0.000000000000000000e+00 7.022000000000000464e-01
1.000000000000000000e+01 7.023000000000000353e-01
9.400000000000000000e+01 7.024000000000000243e-01
0.000000000000000000e+00 7.025000000000000133e-01
1.600000000000000000e+01 7.026000000000000023e-01
2.000000000000000000e+00 7.026000000000000023e-01
2.000000000000000000e+00 7.026999999999999913e-01
1.080000000000000000e+02 7.027999999999999803e-01
7.240000000000000000e+02 7.028999999999999693e-01
1.500000000000000000e+01 7.016000000000000014e-01
0.000000000000000000e+00 7.016999999999999904e-01
1.900000000000000000e+01 7.017999999999999794e-01
8.000000000000000000e+00 7.018999999999999684e-01
0.000000000000000000e+00 7.019999999999999574e-01
2.000000000000000000e+00 7.020999999999999464e-01
0.000000000000000000e+00 7.022000000000000464e-01
2.221000000000000000e+03 7.023000000000000353e-01
1.380000000000000000e+02 7.018999999999999684e-01
0.000000000000000000e+00 7.016999999999999904e-01
4.000000000000000000e+00 7.017999999999999794e-01
0.000000000000000000e+00 7.018999999999999684e-01
2.700000000000000000e+01 7.019999999999999574e-01
1.000000000000000000e+00 7.020999999999999464e-01
1.800000000000000000e+01 7.022000000000000464e-01
0.000000000000000000e+00 7.023000000000000353e-01
0.000000000000000000e+00 7.024000000000000243e-01
2.000000000000000000e+00 7.025000000000000133e-01
0.000000000000000000e+00 7.026000000000000023e-01
3.780000000000000000e+02 7.026999999999999913e-01
3.400000000000000000e+01 7.027999999999999803e-01
2.000000000000000000e+00 7.026000000000000023e-01
0.000000000000000000e+00 7.026999999999999913e-01
1.400000000000000000e+01 7.027999999999999803e-01
0.000000000000000000e+00 7.028999999999999693e-01
6.000000000000000000e+00 7.029999999999999583e-01
6.000000000000000000e+00 7.030999999999999472e-01
1.990000000000000000e+02 7.030999999999999472e-01
0.000000000000000000e+00 7.032000000000000473e-01
4.000000000000000000e+00 7.033000000000000362e-01
6.000000000000000000e+00 7.034000000000000252e-01
0.000000000000000000e+00 7.035000000000000142e-01
0.000000000000000000e+00 7.036000000000000032e-01
4.000000000000000000e+00 7.036999999999999922e-01
6.300000000000000000e+01 7.037999999999999812e-01
6.700000000000000000e+01 7.038999999999999702e-01
5.300000000000000000e+01 7.039999999999999591e-01
7.500000000000000000e+01 7.040999999999999481e-01
2.000000000000000000e+00 7.042000000000000481e-01
0.000000000000000000e+00 7.043000000000000371e-01
3.000000000000000000e+00 7.044000000000000261e-01
7.000000000000000000e+00 7.045000000000000151e-01
2.880000000000000000e+02 7.046000000000000041e-01
4.000000000000000000e+00 7.046999999999999931e-01
0.000000000000000000e+00 7.047999999999999821e-01
1.147000000000000000e+03 7.048999999999999710e-01
7.000000000000000000e+00 7.049999999999999600e-01
9.000000000000000000e+00 7.050999999999999490e-01
5.000000000000000000e+01 7.052000000000000490e-01
0.000000000000000000e+00 7.050999999999999490e-01
1.000000000000000000e+00 7.052000000000000490e-01
0.000000000000000000e+00 7.053000000000000380e-01
1.000000000000000000e+00 7.054000000000000270e-01
4.000000000000000000e+00 7.054000000000000270e-01
0.000000000000000000e+00 7.055000000000000160e-01
5.000000000000000000e+00 7.056000000000000050e-01
9.200000000000000000e+01 7.056000000000000050e-01
3.900000000000000000e+01 7.056999999999999940e-01
0.000000000000000000e+00 7.057999999999999829e-01
0.000000000000000000e+00 7.058999999999999719e-01
2.600000000000000000e+01 7.059999999999999609e-01
8.200000000000000000e+01 7.060999999999999499e-01
2.000000000000000000e+00 7.062000000000000499e-01
1.000000000000000000e+00 7.063000000000000389e-01
1.000000000000000000e+01 7.064000000000000279e-01
8.000000000000000000e+00 7.065000000000000169e-01
1.160000000000000000e+02 7.066000000000000059e-01
0.000000000000000000e+00 7.065000000000000169e-01
3.900000000000000000e+01 7.066000000000000059e-01
0.000000000000000000e+00 7.066999999999999948e-01
6.000000000000000000e+00 7.067999999999999838e-01
0.000000000000000000e+00 7.066000000000000059e-01
1.000000000000000000e+00 7.066999999999999948e-01
3.900000000000000000e+01 7.067999999999999838e-01
6.130000000000000000e+02 7.066999999999999948e-01
1.200000000000000000e+01 7.067999999999999838e-01
0.000000000000000000e+00 7.068999999999999728e-01
1.100000000000000000e+01 7.069999999999999618e-01
1.000000000000000000e+00 7.070999999999999508e-01
1.020000000000000000e+02 7.072000000000000508e-01
0.000000000000000000e+00 7.073000000000000398e-01
1.900000000000000000e+01 7.074000000000000288e-01
4.940000000000000000e+02 7.075000000000000178e-01
1.180000000000000000e+02 7.076000000000000068e-01
0.000000000000000000e+00 7.076000000000000068e-01
8.000000000000000000e+00 7.076999999999999957e-01
6.400000000000000000e+02 7.077999999999999847e-01
0.000000000000000000e+00 7.077999999999999847e-01
1.000000000000000000e+00 7.078999999999999737e-01
1.000000000000000000e+00 7.079999999999999627e-01
0.000000000000000000e+00 7.080999999999999517e-01
2.220000000000000000e+03 7.082000000000000517e-01
2.000000000000000000e+00 7.083000000000000407e-01
0.000000000000000000e+00 7.084000000000000297e-01
1.000000000000000000e+00 7.085000000000000187e-01
0.000000000000000000e+00 7.086000000000000076e-01
0.000000000000000000e+00 7.086999999999999966e-01
8.300000000000000000e+01 7.087999999999999856e-01
7.000000000000000000e+00 7.088999999999999746e-01
2.000000000000000000e+00 7.089999999999999636e-01
0.000000000000000000e+00 7.090999999999999526e-01
0.000000000000000000e+00 7.092000000000000526e-01
3.980000000000000000e+02 7.093000000000000416e-01
1.200000000000000000e+01 7.093000000000000416e-01
2.000000000000000000e+00 7.094000000000000306e-01
6.078500000000000000e+04 7.095000000000000195e-01
5.000000000000000000e+00 7.037999999999999812e-01
1.020000000000000000e+02 7.036999999999999922e-01
2.000000000000000000e+01 7.037999999999999812e-01
1.800000000000000000e+02 7.038999999999999702e-01
0.000000000000000000e+00 7.039999999999999591e-01
2.618000000000000000e+03 7.040999999999999481e-01
0.000000000000000000e+00 7.037999999999999812e-01
0.000000000000000000e+00 7.038999999999999702e-01
4.460000000000000000e+02 7.039999999999999591e-01
0.000000000000000000e+00 7.040999999999999481e-01
3.286000000000000000e+03 7.042000000000000481e-01
2.000000000000000000e+00 7.034000000000000252e-01
2.500000000000000000e+01 7.034000000000000252e-01
1.000000000000000000e+00 7.035000000000000142e-01
0.000000000000000000e+00 7.036000000000000032e-01
0.000000000000000000e+00 7.036999999999999922e-01
1.300000000000000000e+01 7.037999999999999812e-01
2.000000000000000000e+00 7.038999999999999702e-01
3.000000000000000000e+00 7.039999999999999591e-01
2.000000000000000000e+00 7.040999999999999481e-01
3.190000000000000000e+02 7.042000000000000481e-01
6.000000000000000000e+00 7.043000000000000371e-01
4.000000000000000000e+00 7.044000000000000261e-01
8.190000000000000000e+03 7.045000000000000151e-01
1.300000000000000000e+01 7.040999999999999481e-01
1.000000000000000000e+00 7.040999999999999481e-01
1.000000000000000000e+00 7.042000000000000481e-01
2.000000000000000000e+00 7.043000000000000371e-01
1.000000000000000000e+01 7.044000000000000261e-01
2.000000000000000000e+00 7.045000000000000151e-01
0.000000000000000000e+00 7.046000000000000041e-01
1.500000000000000000e+01 7.046999999999999931e-01
0.000000000000000000e+00 7.047999999999999821e-01
0.000000000000000000e+00 7.048999999999999710e-01
6.300000000000000000e+01 7.049999999999999600e-01
1.400000000000000000e+01 7.050999999999999490e-01
0.000000000000000000e+00 7.052000000000000490e-01
0.000000000000000000e+00 7.053000000000000380e-01
0.000000000000000000e+00 7.054000000000000270e-01
3.870000000000000000e+02 7.055000000000000160e-01
0.000000000000000000e+00 7.056000000000000050e-01
1.000000000000000000e+00 7.056999999999999940e-01
0.000000000000000000e+00 7.057999999999999829e-01
1.210000000000000000e+02 7.058999999999999719e-01
0.000000000000000000e+00 7.059999999999999609e-01
0.000000000000000000e+00 7.060999999999999499e-01
0.000000000000000000e+00 7.062000000000000499e-01
6.300000000000000000e+01 7.063000000000000389e-01
4.000000000000000000e+00 7.064000000000000279e-01
5.000000000000000000e+00 7.065000000000000169e-01
4.600000000000000000e+01 7.066000000000000059e-01
8.000000000000000000e+00 7.066999999999999948e-01
2.970000000000000000e+02 7.067999999999999838e-01
5.300000000000000000e+01 7.067999999999999838e-01
2.000000000000000000e+00 7.068999999999999728e-01
1.790000000000000000e+02 7.069999999999999618e-01
0.000000000000000000e+00 7.067999999999999838e-01
6.820000000000000000e+02 7.068999999999999728e-01
1.000000000000000000e+00 7.063000000000000389e-01
0.000000000000000000e+00 7.064000000000000279e-01
5.000000000000000000e+00 7.065000000000000169e-01
3.000000000000000000e+00 7.066000000000000059e-01
1.000000000000000000e+00 7.066999999999999948e-01
1.500000000000000000e+01 7.067999999999999838e-01
3.600000000000000000e+01 7.066000000000000059e-01
3.400000000000000000e+01 7.066999999999999948e-01
4.000000000000000000e+00 7.067999999999999838e-01
0.000000000000000000e+00 7.068999999999999728e-01
0.000000000000000000e+00 7.069999999999999618e-01
0.000000000000000000e+00 7.070999999999999508e-01
2.600000000000000000e+01 7.072000000000000508e-01
3.000000000000000000e+00 7.073000000000000398e-01
6.590000000000000000e+02 7.074000000000000288e-01
0.000000000000000000e+00 7.075000000000000178e-01
8.000000000000000000e+01 7.076000000000000068e-01
0.000000000000000000e+00 7.076999999999999957e-01
6.000000000000000000e+00 7.077999999999999847e-01
0.000000000000000000e+00 7.078999999999999737e-01
0.000000000000000000e+00 7.079999999999999627e-01
3.900000000000000000e+01 7.080999999999999517e-01
0.000000000000000000e+00 7.082000000000000517e-01
8.800000000000000000e+01 7.083000000000000407e-01
1.300000000000000000e+01 7.084000000000000297e-01
6.000000000000000000e+00 7.085000000000000187e-01
2.948000000000000000e+03 7.086000000000000076e-01
2.800000000000000000e+01 7.075000000000000178e-01
0.000000000000000000e+00 7.076000000000000068e-01
5.900000000000000000e+01 7.076999999999999957e-01
1.000000000000000000e+00 7.077999999999999847e-01
9.000000000000000000e+00 7.078999999999999737e-01
1.800000000000000000e+02 7.079999999999999627e-01
9.500000000000000000e+01 7.080999999999999517e-01
4.710000000000000000e+02 7.082000000000000517e-01
3.000000000000000000e+00 7.079999999999999627e-01
2.000000000000000000e+01 7.080999999999999517e-01
1.600000000000000000e+01 7.082000000000000517e-01
1.400000000000000000e+01 7.083000000000000407e-01
1.144000000000000000e+03 7.084000000000000297e-01
2.900000000000000000e+01 7.085000000000000187e-01
0.000000000000000000e+00 7.085000000000000187e-01
0.000000000000000000e+00 7.086000000000000076e-01
4.400000000000000000e+01 7.086999999999999966e-01
2.550000000000000000e+02 7.087999999999999856e-01
1.000000000000000000e+00 7.088999999999999746e-01
0.000000000000000000e+00 7.089999999999999636e-01
1.100000000000000000e+01 7.090999999999999526e-01
0.000000000000000000e+00 7.089999999999999636e-01
5.900000000000000000e+01 7.090999999999999526e-01
1.077000000000000000e+03 7.092000000000000526e-01
2.200000000000000000e+01 7.092000000000000526e-01
2.000000000000000000e+00 7.090999999999999526e-01
9.710000000000000000e+02 7.092000000000000526e-01
2.000000000000000000e+00 7.092000000000000526e-01
6.000000000000000000e+00 7.093000000000000416e-01
2.790000000000000000e+02 7.094000000000000306e-01
4.000000000000000000e+00 7.095000000000000195e-01
5.060000000000000000e+02 7.095000000000000195e-01
0.000000000000000000e+00 7.096000000000000085e-01
0.000000000000000000e+00 7.096999999999999975e-01
0.000000000000000000e+00 7.097999999999999865e-01
1.155000000000000000e+03 7.098999999999999755e-01
0.000000000000000000e+00 7.090999999999999526e-01
1.000000000000000000e+00 7.092000000000000526e-01
0.000000000000000000e+00 7.093000000000000416e-01
0.000000000000000000e+00 7.094000000000000306e-01
0.000000000000000000e+00 7.095000000000000195e-01
0.000000000000000000e+00 7.096000000000000085e-01
0.000000000000000000e+00 7.096999999999999975e-01
0.000000000000000000e+00 7.097999999999999865e-01
5.253400000000000000e+04 7.098999999999999755e-01
0.000000000000000000e+00 7.047999999999999821e-01
5.000000000000000000e+00 7.048999999999999710e-01
9.000000000000000000e+00 7.049999999999999600e-01
0.000000000000000000e+00 7.050999999999999490e-01
1.000000000000000000e+00 7.052000000000000490e-01
7.000000000000000000e+00 7.053000000000000380e-01
4.400000000000000000e+01 7.054000000000000270e-01
7.300000000000000000e+01 7.055000000000000160e-01
4.000000000000000000e+00 7.056000000000000050e-01
2.987000000000000000e+03 7.056999999999999940e-01
0.000000000000000000e+00 7.057999999999999829e-01
0.000000000000000000e+00 7.058999999999999719e-01
0.000000000000000000e+00 7.059999999999999609e-01
8.000000000000000000e+00 7.060999999999999499e-01
7.720000000000000000e+02 7.062000000000000499e-01
0.000000000000000000e+00 7.059999999999999609e-01
2.000000000000000000e+00 7.060999999999999499e-01
2.320000000000000000e+02 7.062000000000000499e-01
0.000000000000000000e+00 7.063000000000000389e-01
2.700000000000000000e+01 7.064000000000000279e-01
6.000000000000000000e+00 7.065000000000000169e-01
3.000000000000000000e+00 7.066000000000000059e-01
2.000000000000000000e+00 7.066999999999999948e-01
0.000000000000000000e+00 7.067999999999999838e-01
7.000000000000000000e+00 7.068999999999999728e-01
2.000000000000000000e+01 7.069999999999999618e-01
0.000000000000000000e+00 7.070999999999999508e-01
4.300000000000000000e+01 7.072000000000000508e-01
0.000000000000000000e+00 7.072000000000000508e-01
3.000000000000000000e+00 7.073000000000000398e-01
2.130000000000000000e+02 7.074000000000000288e-01
1.000000000000000000e+00 7.075000000000000178e-01
2.000000000000000000e+00 7.075000000000000178e-01
6.000000000000000000e+00 7.076000000000000068e-01
0.000000000000000000e+00 7.076999999999999957e-01
3.740000000000000000e+02 7.077999999999999847e-01
9.560000000000000000e+02 7.078999999999999737e-01
0.000000000000000000e+00 7.072000000000000508e-01
1.440000000000000000e+02 7.073000000000000398e-01
1.000000000000000000e+01 7.069999999999999618e-01
6.000000000000000000e+00 7.070999999999999508e-01
7.100000000000000000e+01 7.072000000000000508e-01
1.000000000000000000e+00 7.073000000000000398e-01
1.000000000000000000e+00 7.074000000000000288e-01
0.000000000000000000e+00 7.075000000000000178e-01
5.000000000000000000e+00 7.076000000000000068e-01
1.666000000000000000e+03 7.076999999999999957e-01
0.000000000000000000e+00 7.077999999999999847e-01
3.947200000000000000e+04 7.078999999999999737e-01
0.000000000000000000e+00 7.027999999999999803e-01
0.000000000000000000e+00 7.028999999999999693e-01
0.000000000000000000e+00 7.029999999999999583e-01
1.200000000000000000e+02 7.030999999999999472e-01
0.000000000000000000e+00 7.029999999999999583e-01
1.020000000000000000e+02 7.030999999999999472e-01
0.000000000000000000e+00 7.030999999999999472e-01
1.300000000000000000e+01 7.032000000000000473e-01
0.000000000000000000e+00 7.033000000000000362e-01
1.300000000000000000e+01 7.034000000000000252e-01
3.964400000000000000e+04 7.035000000000000142e-01
1.200000000000000000e+01 7.007999999999999785e-01
0.000000000000000000e+00 7.008999999999999675e-01
0.000000000000000000e+00 7.009999999999999565e-01
0.000000000000000000e+00 7.010999999999999455e-01
1.386000000000000000e+03 7.012000000000000455e-01
2.000000000000000000e+00 7.013000000000000345e-01
6.000000000000000000e+00 7.014000000000000234e-01
6.770000000000000000e+02 7.015000000000000124e-01
6.100000000000000000e+01 7.016000000000000014e-01
1.800000000000000000e+01 7.016999999999999904e-01
4.000000000000000000e+00 7.017999999999999794e-01
6.150000000000000000e+02 7.018999999999999684e-01
1.000000000000000000e+00 7.019999999999999574e-01
1.510000000000000000e+02 7.020999999999999464e-01
3.000000000000000000e+00 7.022000000000000464e-01
0.000000000000000000e+00 7.023000000000000353e-01
3.000000000000000000e+01 7.024000000000000243e-01
0.000000000000000000e+00 7.025000000000000133e-01
5.210000000000000000e+02 7.026000000000000023e-01
1.300000000000000000e+02 7.026999999999999913e-01
2.180000000000000000e+02 7.027999999999999803e-01
0.000000000000000000e+00 7.027999999999999803e-01
6.740000000000000000e+03 7.028999999999999693e-01
1.363000000000000000e+03 7.012000000000000455e-01
4.800000000000000000e+01 7.003000000000000336e-01
1.000000000000000000e+00 7.004000000000000226e-01
2.000000000000000000e+00 7.005000000000000115e-01
0.000000000000000000e+00 7.006000000000000005e-01
0.000000000000000000e+00 7.006999999999999895e-01
4.670000000000000000e+02 7.007999999999999785e-01
0.000000000000000000e+00 7.006000000000000005e-01
0.000000000000000000e+00 7.006999999999999895e-01
0.000000000000000000e+00 7.007999999999999785e-01
1.000000000000000000e+00 7.008999999999999675e-01
1.000000000000000000e+00 7.009999999999999565e-01
0.000000000000000000e+00 7.010999999999999455e-01
3.000000000000000000e+00 7.012000000000000455e-01
7.000000000000000000e+00 7.013000000000000345e-01
1.170000000000000000e+03 7.014000000000000234e-01
4.481000000000000000e+03 7.015000000000000124e-01
7.200000000000000000e+01 7.016000000000000014e-01
2.000000000000000000e+00 7.016999999999999904e-01
3.000000000000000000e+00 7.017999999999999794e-01
1.576000000000000000e+03 7.018999999999999684e-01
4.000000000000000000e+00 7.017999999999999794e-01
0.000000000000000000e+00 7.017999999999999794e-01
0.000000000000000000e+00 7.018999999999999684e-01
1.000000000000000000e+00 7.019999999999999574e-01
0.000000000000000000e+00 7.019999999999999574e-01
8.340000000000000000e+03 7.020999999999999464e-01
0.000000000000000000e+00 7.019999999999999574e-01
6.000000000000000000e+00 7.020999999999999464e-01
0.000000000000000000e+00 7.022000000000000464e-01
4.000000000000000000e+00 7.023000000000000353e-01
0.000000000000000000e+00 7.024000000000000243e-01
1.300000000000000000e+01 7.025000000000000133e-01
0.000000000000000000e+00 7.026000000000000023e-01
0.000000000000000000e+00 7.026999999999999913e-01
4.800000000000000000e+01 7.027999999999999803e-01
0.000000000000000000e+00 7.024000000000000243e-01
1.000000000000000000e+00 7.025000000000000133e-01
0.000000000000000000e+00 7.026000000000000023e-01
4.000000000000000000e+00 7.026999999999999913e-01
0.000000000000000000e+00 7.027999999999999803e-01
0.000000000000000000e+00 7.028999999999999693e-01
0.000000000000000000e+00 7.029999999999999583e-01
3.159000000000000000e+03 7.030999999999999472e-01
0.000000000000000000e+00 7.023000000000000353e-01
0.000000000000000000e+00 7.024000000000000243e-01
1.500000000000000000e+01 7.025000000000000133e-01
2.150000000000000000e+02 7.026000000000000023e-01
1.000000000000000000e+00 7.026999999999999913e-01
1.000000000000000000e+00 7.027999999999999803e-01
1.640000000000000000e+02 7.028999999999999693e-01
4.800000000000000000e+01 7.029999999999999583e-01
7.000000000000000000e+00 7.030999999999999472e-01
0.000000000000000000e+00 7.032000000000000473e-01
4.000000000000000000e+01 7.033000000000000362e-01
0.000000000000000000e+00 7.030999999999999472e-01
0.000000000000000000e+00 7.032000000000000473e-01
1.000000000000000000e+00 7.033000000000000362e-01
1.800000000000000000e+01 7.034000000000000252e-01
0.000000000000000000e+00 7.035000000000000142e-01
0.000000000000000000e+00 7.036000000000000032e-01
1.480000000000000000e+02 7.036999999999999922e-01
6.000000000000000000e+00 7.035000000000000142e-01
3.870000000000000000e+02 7.036000000000000032e-01
1.000000000000000000e+00 7.032000000000000473e-01
2.849000000000000000e+03 7.032000000000000473e-01
0.000000000000000000e+00 7.027999999999999803e-01
0.000000000000000000e+00 7.028999999999999693e-01
4.000000000000000000e+00 7.029999999999999583e-01
0.000000000000000000e+00 7.030999999999999472e-01
1.661300000000000000e+04 7.032000000000000473e-01
0.000000000000000000e+00 7.006000000000000005e-01
2.000000000000000000e+00 7.006999999999999895e-01
4.000000000000000000e+00 7.007999999999999785e-01
3.600000000000000000e+02 7.008999999999999675e-01
3.700000000000000000e+01 7.009999999999999565e-01
1.000000000000000000e+01 7.010999999999999455e-01
4.000000000000000000e+00 7.012000000000000455e-01
3.500000000000000000e+01 7.013000000000000345e-01
0.000000000000000000e+00 7.014000000000000234e-01
3.800000000000000000e+01 7.015000000000000124e-01
2.000000000000000000e+00 7.014000000000000234e-01
3.040000000000000000e+02 7.015000000000000124e-01
1.820000000000000000e+02 7.012000000000000455e-01
7.000000000000000000e+00 7.007999999999999785e-01
1.000000000000000000e+00 7.008999999999999675e-01
0.000000000000000000e+00 7.008999999999999675e-01
2.000000000000000000e+00 7.009999999999999565e-01
0.000000000000000000e+00 7.010999999999999455e-01
0.000000000000000000e+00 7.012000000000000455e-01
0.000000000000000000e+00 7.013000000000000345e-01
1.900000000000000000e+01 7.014000000000000234e-01
7.000000000000000000e+00 7.015000000000000124e-01
9.000000000000000000e+00 7.016000000000000014e-01
1.400000000000000000e+01 7.016999999999999904e-01
4.000000000000000000e+00 7.017999999999999794e-01
9.626000000000000000e+03 7.018999999999999684e-01
0.000000000000000000e+00 7.016000000000000014e-01
7.200000000000000000e+01 7.016999999999999904e-01
1.000000000000000000e+00 7.017999999999999794e-01
2.000000000000000000e+00 7.017999999999999794e-01
1.244300000000000000e+04 7.018999999999999684e-01
3.760000000000000000e+02 7.000999999999999446e-01
0.000000000000000000e+00 7.002000000000000446e-01
3.000000000000000000e+00 7.003000000000000336e-01
2.000000000000000000e+00 7.004000000000000226e-01
0.000000000000000000e+00 7.005000000000000115e-01
2.400000000000000000e+01 7.006000000000000005e-01
4.000000000000000000e+00 7.006999999999999895e-01
0.000000000000000000e+00 7.007999999999999785e-01
2.560000000000000000e+02 7.008999999999999675e-01
3.000000000000000000e+01 7.009999999999999565e-01
6.600000000000000000e+01 7.010999999999999455e-01
6.651000000000000000e+03 7.012000000000000455e-01
6.710000000000000000e+02 7.008999999999999675e-01
2.000000000000000000e+00 7.009999999999999565e-01
5.700000000000000000e+01 7.010999999999999455e-01
1.000000000000000000e+00 7.012000000000000455e-01
0.000000000000000000e+00 7.013000000000000345e-01
4.700000000000000000e+01 7.014000000000000234e-01
7.000000000000000000e+00 7.015000000000000124e-01
3.000000000000000000e+00 7.016000000000000014e-01
0.000000000000000000e+00 7.016999999999999904e-01
1.600000000000000000e+01 7.017999999999999794e-01
2.380000000000000000e+02 7.018999999999999684e-01
3.500000000000000000e+01 7.019999999999999574e-01
9.610000000000000000e+02 7.016999999999999904e-01
8.000000000000000000e+00 7.017999999999999794e-01
8.000000000000000000e+01 7.018999999999999684e-01
2.000000000000000000e+00 7.019999999999999574e-01
1.293000000000000000e+03 7.020999999999999464e-01
0.000000000000000000e+00 7.014000000000000234e-01
3.107000000000000000e+03 7.015000000000000124e-01
5.600000000000000000e+01 7.016000000000000014e-01
5.500000000000000000e+01 7.016999999999999904e-01
0.000000000000000000e+00 7.017999999999999794e-01
0.000000000000000000e+00 7.018999999999999684e-01
4.000000000000000000e+00 7.019999999999999574e-01
6.900000000000000000e+01 7.020999999999999464e-01
1.000000000000000000e+00 7.022000000000000464e-01
2.000000000000000000e+00 7.023000000000000353e-01
3.580000000000000000e+02 7.024000000000000243e-01
0.000000000000000000e+00 7.025000000000000133e-01
2.400000000000000000e+01 7.026000000000000023e-01
2.000000000000000000e+00 7.026999999999999913e-01
1.000000000000000000e+01 7.027999999999999803e-01
6.300000000000000000e+01 7.028999999999999693e-01
1.250000000000000000e+02 7.029999999999999583e-01
3.700000000000000000e+01 7.030999999999999472e-01
0.000000000000000000e+00 7.032000000000000473e-01
4.000000000000000000e+00 7.033000000000000362e-01
0.000000000000000000e+00 7.034000000000000252e-01
1.000000000000000000e+00 7.035000000000000142e-01
2.400000000000000000e+02 7.036000000000000032e-01
0.000000000000000000e+00 7.036999999999999922e-01
1.608000000000000000e+03 7.037999999999999812e-01
2.000000000000000000e+00 7.028999999999999693e-01
0.000000000000000000e+00 7.029999999999999583e-01
1.000000000000000000e+00 7.030999999999999472e-01
3.000000000000000000e+00 7.032000000000000473e-01
0.000000000000000000e+00 7.033000000000000362e-01
0.000000000000000000e+00 7.034000000000000252e-01
0.000000000000000000e+00 7.035000000000000142e-01
3.988000000000000000e+04 7.036000000000000032e-01
0.000000000000000000e+00 7.024000000000000243e-01
1.293000000000000000e+03 7.025000000000000133e-01
0.000000000000000000e+00 7.024000000000000243e-01
1.100000000000000000e+01 7.025000000000000133e-01
6.000000000000000000e+00 7.026000000000000023e-01
0.000000000000000000e+00 7.026999999999999913e-01
0.000000000000000000e+00 7.027999999999999803e-01
0.000000000000000000e+00 7.028999999999999693e-01
3.191000000000000000e+03 7.029999999999999583e-01
2.200000000000000000e+02 7.022000000000000464e-01
0.000000000000000000e+00 7.020999999999999464e-01
8.000000000000000000e+00 7.022000000000000464e-01
0.000000000000000000e+00 7.023000000000000353e-01
0.000000000000000000e+00 7.024000000000000243e-01
3.220000000000000000e+02 7.025000000000000133e-01
1.900000000000000000e+01 7.026000000000000023e-01
8.700000000000000000e+01 7.026999999999999913e-01
1.000000000000000000e+00 7.027999999999999803e-01
2.200000000000000000e+01 7.028999999999999693e-01
0.000000000000000000e+00 7.027999999999999803e-01
4.000000000000000000e+00 7.028999999999999693e-01
8.300000000000000000e+01 7.029999999999999583e-01
0.000000000000000000e+00 7.030999999999999472e-01
7.100000000000000000e+01 7.032000000000000473e-01
7.000000000000000000e+00 7.033000000000000362e-01
2.415000000000000000e+03 7.034000000000000252e-01
0.000000000000000000e+00 7.016000000000000014e-01
1.360000000000000000e+02 7.016999999999999904e-01
1.120000000000000000e+02 7.017999999999999794e-01
1.200000000000000000e+01 7.018999999999999684e-01
0.000000000000000000e+00 7.019999999999999574e-01
0.000000000000000000e+00 7.020999999999999464e-01
2.000000000000000000e+00 7.022000000000000464e-01
0.000000000000000000e+00 7.023000000000000353e-01
0.000000000000000000e+00 7.024000000000000243e-01
1.000000000000000000e+01 7.025000000000000133e-01
1.000000000000000000e+00 7.026000000000000023e-01
4.724100000000000000e+04 7.026999999999999913e-01
0.000000000000000000e+00 6.957999999999999741e-01
0.000000000000000000e+00 6.958999999999999631e-01
2.514000000000000000e+03 6.959999999999999520e-01
1.600000000000000000e+02 6.961000000000000520e-01
5.000000000000000000e+00 6.961000000000000520e-01
2.790000000000000000e+02 6.961000000000000520e-01
3.000000000000000000e+00 6.962000000000000410e-01
2.000000000000000000e+00 6.963000000000000300e-01
0.000000000000000000e+00 6.964000000000000190e-01
0.000000000000000000e+00 6.965000000000000080e-01
2.000000000000000000e+00 6.965999999999999970e-01
9.000000000000000000e+00 6.966999999999999860e-01
0.000000000000000000e+00 6.967999999999999750e-01
2.070000000000000000e+02 6.968999999999999639e-01
2.000000000000000000e+00 6.969999999999999529e-01
2.000000000000000000e+01 6.971000000000000529e-01
1.300000000000000000e+01 6.971000000000000529e-01
2.600000000000000000e+01 6.972000000000000419e-01
1.000000000000000000e+00 6.973000000000000309e-01
1.500000000000000000e+01 6.974000000000000199e-01
7.400000000000000000e+01 6.975000000000000089e-01
0.000000000000000000e+00 6.975999999999999979e-01
9.100000000000000000e+01 6.976999999999999869e-01
1.117000000000000000e+03 6.977999999999999758e-01
5.000000000000000000e+00 6.978999999999999648e-01
6.000000000000000000e+01 6.979999999999999538e-01
0.000000000000000000e+00 6.981000000000000538e-01
1.812000000000000000e+03 6.982000000000000428e-01
2.400000000000000000e+01 6.983000000000000318e-01
2.830000000000000000e+02 6.984000000000000208e-01
7.800000000000000000e+01 6.985000000000000098e-01
8.000000000000000000e+00 6.985999999999999988e-01
4.721000000000000000e+03 6.986999999999999877e-01
0.000000000000000000e+00 6.979999999999999538e-01
0.000000000000000000e+00 6.981000000000000538e-01
1.000000000000000000e+00 6.982000000000000428e-01
3.300000000000000000e+01 6.983000000000000318e-01
8.000000000000000000e+00 6.984000000000000208e-01
3.000000000000000000e+00 6.984000000000000208e-01
1.900000000000000000e+01 6.985000000000000098e-01
2.000000000000000000e+00 6.985999999999999988e-01
1.900000000000000000e+01 6.986999999999999877e-01
1.100000000000000000e+01 6.987999999999999767e-01
2.790000000000000000e+03 6.988999999999999657e-01
2.000000000000000000e+01 6.989999999999999547e-01
0.000000000000000000e+00 6.991000000000000547e-01
1.100000000000000000e+01 6.992000000000000437e-01
0.000000000000000000e+00 6.993000000000000327e-01
0.000000000000000000e+00 6.994000000000000217e-01
1.000000000000000000e+00 6.995000000000000107e-01
7.100000000000000000e+01 6.995999999999999996e-01
6.300000000000000000e+01 6.995000000000000107e-01
2.000000000000000000e+00 6.995000000000000107e-01
0.000000000000000000e+00 6.995999999999999996e-01
1.470000000000000000e+02 6.996999999999999886e-01
1.500000000000000000e+01 6.995000000000000107e-01
1.669000000000000000e+03 6.995999999999999996e-01
2.000000000000000000e+00 6.986999999999999877e-01
5.000000000000000000e+00 6.985999999999999988e-01
1.000000000000000000e+00 6.986999999999999877e-01
0.000000000000000000e+00 6.987999999999999767e-01
2.100000000000000000e+02 6.988999999999999657e-01
0.000000000000000000e+00 6.989999999999999547e-01
0.000000000000000000e+00 6.991000000000000547e-01
1.000000000000000000e+00 6.992000000000000437e-01
2.800000000000000000e+01 6.993000000000000327e-01
2.356000000000000000e+03 6.994000000000000217e-01
1.423700000000000000e+04 6.995000000000000107e-01
0.000000000000000000e+00 6.975999999999999979e-01
1.700000000000000000e+01 6.976999999999999869e-01
1.400000000000000000e+01 6.977999999999999758e-01
1.000000000000000000e+00 6.978999999999999648e-01
0.000000000000000000e+00 6.979999999999999538e-01
0.000000000000000000e+00 6.981000000000000538e-01
3.000000000000000000e+00 6.982000000000000428e-01
7.600000000000000000e+01 6.983000000000000318e-01
6.000000000000000000e+00 6.984000000000000208e-01
2.100000000000000000e+01 6.985000000000000098e-01
3.300000000000000000e+01 6.985999999999999988e-01
3.000000000000000000e+00 6.986999999999999877e-01
0.000000000000000000e+00 6.987999999999999767e-01
5.000000000000000000e+01 6.988999999999999657e-01
1.600000000000000000e+01 6.989999999999999547e-01
0.000000000000000000e+00 6.991000000000000547e-01
0.000000000000000000e+00 6.992000000000000437e-01
2.000000000000000000e+00 6.993000000000000327e-01
0.000000000000000000e+00 6.994000000000000217e-01
0.000000000000000000e+00 6.995000000000000107e-01
4.240000000000000000e+02 6.995999999999999996e-01
0.000000000000000000e+00 6.996999999999999886e-01
1.000000000000000000e+00 6.997999999999999776e-01
0.000000000000000000e+00 6.996999999999999886e-01
6.200000000000000000e+01 6.997999999999999776e-01
0.000000000000000000e+00 6.998999999999999666e-01
0.000000000000000000e+00 6.999999999999999556e-01
0.000000000000000000e+00 7.000999999999999446e-01
4.000000000000000000e+00 7.002000000000000446e-01
1.590000000000000000e+02 7.003000000000000336e-01
4.000000000000000000e+00 7.004000000000000226e-01
0.000000000000000000e+00 7.005000000000000115e-01
9.000000000000000000e+00 7.006000000000000005e-01
0.000000000000000000e+00 7.006999999999999895e-01
2.400000000000000000e+01 7.007999999999999785e-01
4.310000000000000000e+02 7.008999999999999675e-01
1.320000000000000000e+02 7.009999999999999565e-01
8.000000000000000000e+00 7.010999999999999455e-01
1.700000000000000000e+01 7.012000000000000455e-01
1.710000000000000000e+03 7.013000000000000345e-01
1.000000000000000000e+00 7.010999999999999455e-01
1.300000000000000000e+01 7.012000000000000455e-01
6.510000000000000000e+02 7.013000000000000345e-01
5.000000000000000000e+00 7.014000000000000234e-01
1.100000000000000000e+01 7.015000000000000124e-01
0.000000000000000000e+00 7.016000000000000014e-01
0.000000000000000000e+00 7.016999999999999904e-01
1.200000000000000000e+01 7.017999999999999794e-01
3.000000000000000000e+00 7.017999999999999794e-01
2.100000000000000000e+01 7.018999999999999684e-01
0.000000000000000000e+00 7.019999999999999574e-01
0.000000000000000000e+00 7.020999999999999464e-01
2.600000000000000000e+01 7.022000000000000464e-01
7.300000000000000000e+01 7.023000000000000353e-01
0.000000000000000000e+00 7.024000000000000243e-01
2.700000000000000000e+01 7.025000000000000133e-01
0.000000000000000000e+00 7.026000000000000023e-01
2.000000000000000000e+00 7.026999999999999913e-01
1.000000000000000000e+00 7.027999999999999803e-01
0.000000000000000000e+00 7.028999999999999693e-01
1.100000000000000000e+01 7.029999999999999583e-01
5.000000000000000000e+00 7.030999999999999472e-01
0.000000000000000000e+00 7.028999999999999693e-01
4.100000000000000000e+01 7.029999999999999583e-01
2.530000000000000000e+02 7.030999999999999472e-01
0.000000000000000000e+00 7.032000000000000473e-01
5.820000000000000000e+02 7.033000000000000362e-01
2.000000000000000000e+00 7.032000000000000473e-01
3.000000000000000000e+00 7.033000000000000362e-01
0.000000000000000000e+00 7.034000000000000252e-01
0.000000000000000000e+00 7.035000000000000142e-01
0.000000000000000000e+00 7.036000000000000032e-01
2.152800000000000000e+04 7.036999999999999922e-01
8.000000000000000000e+00 7.025000000000000133e-01
8.900000000000000000e+01 7.026000000000000023e-01
1.100000000000000000e+01 7.026999999999999913e-01
1.510000000000000000e+02 7.027999999999999803e-01
0.000000000000000000e+00 7.028999999999999693e-01
2.210000000000000000e+02 7.029999999999999583e-01
2.170000000000000000e+02 7.024000000000000243e-01
0.000000000000000000e+00 7.025000000000000133e-01
5.330000000000000000e+02 7.026000000000000023e-01
3.274000000000000000e+03 7.026999999999999913e-01
0.000000000000000000e+00 7.027999999999999803e-01
0.000000000000000000e+00 7.028999999999999693e-01
0.000000000000000000e+00 7.029999999999999583e-01
5.000000000000000000e+00 7.030999999999999472e-01
2.194000000000000000e+03 7.032000000000000473e-01
2.000000000000000000e+00 7.033000000000000362e-01
0.000000000000000000e+00 7.034000000000000252e-01
1.000000000000000000e+01 7.035000000000000142e-01
0.000000000000000000e+00 7.036000000000000032e-01
2.600000000000000000e+01 7.036999999999999922e-01
0.000000000000000000e+00 7.037999999999999812e-01
2.000000000000000000e+00 7.038999999999999702e-01
1.630000000000000000e+02 7.039999999999999591e-01
4.451000000000000000e+03 7.040999999999999481e-01
0.000000000000000000e+00 7.035000000000000142e-01
0.000000000000000000e+00 7.036000000000000032e-01
5.400000000000000000e+01 7.036999999999999922e-01
2.000000000000000000e+00 7.037999999999999812e-01
4.200000000000000000e+01 7.038999999999999702e-01
0.000000000000000000e+00 7.039999999999999591e-01
2.000000000000000000e+00 7.040999999999999481e-01
5.500000000000000000e+02 7.042000000000000481e-01
0.000000000000000000e+00 7.043000000000000371e-01
0.000000000000000000e+00 7.044000000000000261e-01
1.850000000000000000e+02 7.045000000000000151e-01
0.000000000000000000e+00 7.046000000000000041e-01
5.000000000000000000e+00 7.046999999999999931e-01
4.300000000000000000e+01 7.047999999999999821e-01
0.000000000000000000e+00 7.048999999999999710e-01
1.420000000000000000e+02 7.049999999999999600e-01
0.000000000000000000e+00 7.050999999999999490e-01
6.000000000000000000e+00 7.052000000000000490e-01
3.400000000000000000e+01 7.053000000000000380e-01
5.370000000000000000e+02 7.054000000000000270e-01
0.000000000000000000e+00 7.055000000000000160e-01
2.600000000000000000e+01 7.056000000000000050e-01
7.180000000000000000e+02 7.056999999999999940e-01
3.000000000000000000e+00 7.057999999999999829e-01
0.000000000000000000e+00 7.058999999999999719e-01
6.400000000000000000e+01 7.059999999999999609e-01
2.000000000000000000e+00 7.060999999999999499e-01
0.000000000000000000e+00 7.062000000000000499e-01
0.000000000000000000e+00 7.063000000000000389e-01
3.108000000000000000e+03 7.064000000000000279e-01
2.198200000000000000e+04 7.060999999999999499e-01
1.000000000000000000e+00 7.055000000000000160e-01
0.000000000000000000e+00 7.056000000000000050e-01
5.300000000000000000e+01 7.056999999999999940e-01
6.000000000000000000e+00 7.057999999999999829e-01
8.000000000000000000e+00 7.058999999999999719e-01
1.000000000000000000e+01 7.059999999999999609e-01
2.087000000000000000e+03 7.060999999999999499e-01
7.600000000000000000e+01 7.062000000000000499e-01
9.340000000000000000e+02 7.062000000000000499e-01
1.480000000000000000e+03 7.054000000000000270e-01
9.840000000000000000e+02 7.055000000000000160e-01
1.000000000000000000e+01 7.056000000000000050e-01
0.000000000000000000e+00 7.056999999999999940e-01
0.000000000000000000e+00 7.057999999999999829e-01
1.400000000000000000e+01 7.058999999999999719e-01
1.100000000000000000e+01 7.059999999999999609e-01
5.400000000000000000e+01 7.059999999999999609e-01
1.281000000000000000e+03 7.060999999999999499e-01
1.000000000000000000e+01 7.052000000000000490e-01
0.000000000000000000e+00 7.053000000000000380e-01
2.620000000000000000e+02 7.054000000000000270e-01
0.000000000000000000e+00 7.052000000000000490e-01
2.270000000000000000e+02 7.053000000000000380e-01
1.600000000000000000e+01 7.054000000000000270e-01
2.500000000000000000e+01 7.055000000000000160e-01
3.782000000000000000e+03 7.056000000000000050e-01
0.000000000000000000e+00 7.039999999999999591e-01
9.400000000000000000e+02 7.040999999999999481e-01
1.300000000000000000e+01 7.034000000000000252e-01
0.000000000000000000e+00 7.035000000000000142e-01
3.100000000000000000e+01 7.036000000000000032e-01
0.000000000000000000e+00 7.036999999999999922e-01
0.000000000000000000e+00 7.037999999999999812e-01
0.000000000000000000e+00 7.038999999999999702e-01
9.000000000000000000e+00 7.039999999999999591e-01
6.739000000000000000e+03 7.040999999999999481e-01
2.449000000000000000e+03 7.038999999999999702e-01
6.100000000000000000e+01 7.039999999999999591e-01
1.300000000000000000e+01 7.040999999999999481e-01
3.158000000000000000e+03 7.042000000000000481e-01
1.000000000000000000e+00 7.042000000000000481e-01
0.000000000000000000e+00 7.042000000000000481e-01
9.800000000000000000e+01 7.043000000000000371e-01
9.000000000000000000e+00 7.044000000000000261e-01
8.000000000000000000e+00 7.045000000000000151e-01
3.341000000000000000e+03 7.046000000000000041e-01
1.600000000000000000e+01 7.046999999999999931e-01
6.380000000000000000e+02 7.046999999999999931e-01
0.000000000000000000e+00 7.044000000000000261e-01
0.000000000000000000e+00 7.045000000000000151e-01
6.000000000000000000e+00 7.046000000000000041e-01
9.300000000000000000e+01 7.046999999999999931e-01
4.000000000000000000e+00 7.047999999999999821e-01
1.533000000000000000e+03 7.048999999999999710e-01
2.000000000000000000e+00 7.043000000000000371e-01
4.000000000000000000e+00 7.044000000000000261e-01
6.600000000000000000e+01 7.045000000000000151e-01
7.450000000000000000e+02 7.046000000000000041e-01
2.200000000000000000e+01 7.042000000000000481e-01
1.110000000000000000e+02 7.043000000000000371e-01
0.000000000000000000e+00 7.044000000000000261e-01
0.000000000000000000e+00 7.045000000000000151e-01
0.000000000000000000e+00 7.046000000000000041e-01
0.000000000000000000e+00 7.046999999999999931e-01
4.200000000000000000e+01 7.047999999999999821e-01
4.100000000000000000e+01 7.048999999999999710e-01
0.000000000000000000e+00 7.049999999999999600e-01
2.700000000000000000e+01 7.050999999999999490e-01
1.000000000000000000e+00 7.052000000000000490e-01
1.000000000000000000e+00 7.053000000000000380e-01
1.000000000000000000e+01 7.054000000000000270e-01
0.000000000000000000e+00 7.054000000000000270e-01
8.000000000000000000e+00 7.055000000000000160e-01
1.980000000000000000e+02 7.056000000000000050e-01
5.100000000000000000e+01 7.056999999999999940e-01
3.000000000000000000e+01 7.057999999999999829e-01
5.500000000000000000e+01 7.058999999999999719e-01
2.461000000000000000e+03 7.059999999999999609e-01
0.000000000000000000e+00 7.036999999999999922e-01
0.000000000000000000e+00 7.037999999999999812e-01
5.000000000000000000e+01 7.038999999999999702e-01
9.200000000000000000e+01 7.039999999999999591e-01
3.000000000000000000e+00 7.040999999999999481e-01
7.000000000000000000e+00 7.042000000000000481e-01
0.000000000000000000e+00 7.043000000000000371e-01
8.000000000000000000e+00 7.044000000000000261e-01
1.354000000000000000e+03 7.045000000000000151e-01
0.000000000000000000e+00 7.046000000000000041e-01
1.200000000000000000e+01 7.046999999999999931e-01
2.000000000000000000e+00 7.046999999999999931e-01
3.097000000000000000e+03 7.047999999999999821e-01
3.400000000000000000e+01 7.048999999999999710e-01
1.580000000000000000e+02 7.049999999999999600e-01
0.000000000000000000e+00 7.050999999999999490e-01
4.000000000000000000e+00 7.052000000000000490e-01
3.150000000000000000e+02 7.050999999999999490e-01
1.770000000000000000e+02 7.052000000000000490e-01
3.890000000000000000e+02 7.053000000000000380e-01
1.400000000000000000e+01 7.054000000000000270e-01
2.000000000000000000e+00 7.055000000000000160e-01
2.000000000000000000e+01 7.056000000000000050e-01
1.100000000000000000e+01 7.056999999999999940e-01
0.000000000000000000e+00 7.057999999999999829e-01
2.000000000000000000e+01 7.058999999999999719e-01
7.000000000000000000e+00 7.059999999999999609e-01
0.000000000000000000e+00 7.060999999999999499e-01
8.340000000000000000e+02 7.062000000000000499e-01
0.000000000000000000e+00 7.060999999999999499e-01
6.890000000000000000e+02 7.062000000000000499e-01
0.000000000000000000e+00 7.063000000000000389e-01
1.230000000000000000e+02 7.064000000000000279e-01
1.000000000000000000e+00 7.065000000000000169e-01
0.000000000000000000e+00 7.066000000000000059e-01
0.000000000000000000e+00 7.066999999999999948e-01
1.800000000000000000e+01 7.067999999999999838e-01
6.390000000000000000e+02 7.068999999999999728e-01
1.000000000000000000e+00 7.069999999999999618e-01
0.000000000000000000e+00 7.070999999999999508e-01
8.000000000000000000e+00 7.072000000000000508e-01
4.330000000000000000e+02 7.073000000000000398e-01
1.000000000000000000e+01 7.068999999999999728e-01
8.000000000000000000e+00 7.069999999999999618e-01
0.000000000000000000e+00 7.070999999999999508e-01
0.000000000000000000e+00 7.072000000000000508e-01
1.000000000000000000e+00 7.073000000000000398e-01
2.000000000000000000e+00 7.074000000000000288e-01
5.000000000000000000e+00 7.075000000000000178e-01
1.200000000000000000e+01 7.076000000000000068e-01
1.400000000000000000e+01 7.076999999999999957e-01
0.000000000000000000e+00 7.077999999999999847e-01
5.746000000000000000e+03 7.078999999999999737e-01
0.000000000000000000e+00 7.079999999999999627e-01
0.000000000000000000e+00 7.080999999999999517e-01
2.700000000000000000e+01 7.082000000000000517e-01
0.000000000000000000e+00 7.083000000000000407e-01
2.600000000000000000e+01 7.084000000000000297e-01
0.000000000000000000e+00 7.085000000000000187e-01
1.500000000000000000e+01 7.086000000000000076e-01
5.960000000000000000e+02 7.086999999999999966e-01
4.000000000000000000e+00 7.086999999999999966e-01
0.000000000000000000e+00 7.087999999999999856e-01
6.926000000000000000e+03 7.088999999999999746e-01
0.000000000000000000e+00 7.086000000000000076e-01
2.000000000000000000e+00 7.086999999999999966e-01
0.000000000000000000e+00 7.087999999999999856e-01
2.400000000000000000e+01 7.088999999999999746e-01
4.000000000000000000e+00 7.089999999999999636e-01
1.800000000000000000e+01 7.090999999999999526e-01
0.000000000000000000e+00 7.092000000000000526e-01
0.000000000000000000e+00 7.093000000000000416e-01
2.600000000000000000e+01 7.094000000000000306e-01
1.400000000000000000e+01 7.095000000000000195e-01
0.000000000000000000e+00 7.096000000000000085e-01
0.000000000000000000e+00 7.096999999999999975e-01
2.100000000000000000e+01 7.097999999999999865e-01
2.000000000000000000e+00 7.098999999999999755e-01
0.000000000000000000e+00 7.099999999999999645e-01
1.000000000000000000e+00 7.100999999999999535e-01
5.000000000000000000e+00 7.102000000000000535e-01
0.000000000000000000e+00 7.103000000000000425e-01
1.200000000000000000e+01 7.104000000000000314e-01
0.000000000000000000e+00 7.105000000000000204e-01
4.000000000000000000e+00 7.106000000000000094e-01
1.780000000000000000e+02 7.106999999999999984e-01
1.000000000000000000e+01 7.106999999999999984e-01
1.031400000000000000e+04 7.107999999999999874e-01
8.800000000000000000e+01 7.096999999999999975e-01
8.000000000000000000e+00 7.097999999999999865e-01
7.000000000000000000e+00 7.098999999999999755e-01
4.000000000000000000e+00 7.099999999999999645e-01
9.000000000000000000e+00 7.100999999999999535e-01
0.000000000000000000e+00 7.102000000000000535e-01
0.000000000000000000e+00 7.103000000000000425e-01
2.000000000000000000e+01 7.104000000000000314e-01
3.000000000000000000e+00 7.105000000000000204e-01
1.000000000000000000e+01 7.106000000000000094e-01
2.600000000000000000e+01 7.106999999999999984e-01
3.900000000000000000e+01 7.107999999999999874e-01
1.100000000000000000e+01 7.108999999999999764e-01
0.000000000000000000e+00 7.108999999999999764e-01
2.570000000000000000e+02 7.109999999999999654e-01
0.000000000000000000e+00 7.103000000000000425e-01
0.000000000000000000e+00 7.104000000000000314e-01
0.000000000000000000e+00 7.105000000000000204e-01
3.400000000000000000e+01 7.106000000000000094e-01
5.100000000000000000e+01 7.106999999999999984e-01
1.100000000000000000e+01 7.107999999999999874e-01
1.000000000000000000e+00 7.108999999999999764e-01
0.000000000000000000e+00 7.109999999999999654e-01
2.020000000000000000e+02 7.110999999999999543e-01
1.700000000000000000e+01 7.112000000000000544e-01
3.600000000000000000e+01 7.113000000000000433e-01
1.000000000000000000e+00 7.114000000000000323e-01
0.000000000000000000e+00 7.115000000000000213e-01
3.500000000000000000e+01 7.116000000000000103e-01
0.000000000000000000e+00 7.116999999999999993e-01
9.800000000000000000e+01 7.117999999999999883e-01
1.700000000000000000e+01 7.118999999999999773e-01
2.000000000000000000e+00 7.119999999999999662e-01
3.000000000000000000e+00 7.120999999999999552e-01
5.900000000000000000e+01 7.122000000000000552e-01
8.100000000000000000e+01 7.123000000000000442e-01
2.540000000000000000e+02 7.118999999999999773e-01
2.700000000000000000e+01 7.119999999999999662e-01
0.000000000000000000e+00 7.120999999999999552e-01
0.000000000000000000e+00 7.122000000000000552e-01
5.140000000000000000e+02 7.123000000000000442e-01
2.000000000000000000e+01 7.124000000000000332e-01
5.930000000000000000e+02 7.125000000000000222e-01
6.760000000000000000e+02 7.126000000000000112e-01
7.000000000000000000e+00 7.126000000000000112e-01
8.300000000000000000e+01 7.127000000000000002e-01
0.000000000000000000e+00 7.127999999999999892e-01
0.000000000000000000e+00 7.128999999999999782e-01
4.100000000000000000e+01 7.129999999999999671e-01
1.000000000000000000e+00 7.130999999999999561e-01
6.100000000000000000e+01 7.131999999999999451e-01
0.000000000000000000e+00 7.133000000000000451e-01
0.000000000000000000e+00 7.134000000000000341e-01
1.410000000000000000e+02 7.135000000000000231e-01
4.379500000000000000e+04 7.136000000000000121e-01
0.000000000000000000e+00 7.127999999999999892e-01
0.000000000000000000e+00 7.128999999999999782e-01
0.000000000000000000e+00 7.129999999999999671e-01
0.000000000000000000e+00 7.130999999999999561e-01
0.000000000000000000e+00 7.131999999999999451e-01
7.000000000000000000e+00 7.133000000000000451e-01
3.380000000000000000e+02 7.134000000000000341e-01
2.500000000000000000e+01 7.133000000000000451e-01
4.000000000000000000e+00 7.130999999999999561e-01
9.300000000000000000e+01 7.131999999999999451e-01
0.000000000000000000e+00 7.129999999999999671e-01
8.570000000000000000e+02 7.130999999999999561e-01
0.000000000000000000e+00 7.116999999999999993e-01
0.000000000000000000e+00 7.117999999999999883e-01
2.484000000000000000e+03 7.118999999999999773e-01
0.000000000000000000e+00 7.117999999999999883e-01
1.000000000000000000e+00 7.118999999999999773e-01
1.000000000000000000e+00 7.118999999999999773e-01
4.100000000000000000e+01 7.119999999999999662e-01
9.000000000000000000e+00 7.120999999999999552e-01
0.000000000000000000e+00 7.122000000000000552e-01
1.520000000000000000e+03 7.123000000000000442e-01
0.000000000000000000e+00 7.116999999999999993e-01
1.000000000000000000e+00 7.117999999999999883e-01
0.000000000000000000e+00 7.118999999999999773e-01
0.000000000000000000e+00 7.119999999999999662e-01
0.000000000000000000e+00 7.120999999999999552e-01
9.745000000000000000e+03 7.122000000000000552e-01
7.490000000000000000e+02 7.097999999999999865e-01
9.100000000000000000e+01 7.096000000000000085e-01
2.600000000000000000e+01 7.096999999999999975e-01
3.700000000000000000e+01 7.096000000000000085e-01
0.000000000000000000e+00 7.096999999999999975e-01
0.000000000000000000e+00 7.097999999999999865e-01
0.000000000000000000e+00 7.098999999999999755e-01
2.800000000000000000e+01 7.099999999999999645e-01
0.000000000000000000e+00 7.100999999999999535e-01
0.000000000000000000e+00 7.102000000000000535e-01
9.543000000000000000e+03 7.103000000000000425e-01
0.000000000000000000e+00 7.093000000000000416e-01
1.400000000000000000e+01 7.094000000000000306e-01
0.000000000000000000e+00 7.095000000000000195e-01
6.000000000000000000e+00 7.096000000000000085e-01
1.000000000000000000e+00 7.093000000000000416e-01
8.010000000000000000e+02 7.094000000000000306e-01
0.000000000000000000e+00 7.095000000000000195e-01
0.000000000000000000e+00 7.096000000000000085e-01
1.000200000000000000e+04 7.096999999999999975e-01
0.000000000000000000e+00 7.078999999999999737e-01
0.000000000000000000e+00 7.079999999999999627e-01
2.700000000000000000e+01 7.080999999999999517e-01
2.800000000000000000e+01 7.082000000000000517e-01
3.970000000000000000e+02 7.083000000000000407e-01
0.000000000000000000e+00 7.084000000000000297e-01
1.500000000000000000e+01 7.085000000000000187e-01
1.000000000000000000e+00 7.086000000000000076e-01
0.000000000000000000e+00 7.086999999999999966e-01
2.000000000000000000e+00 7.087999999999999856e-01
0.000000000000000000e+00 7.088999999999999746e-01
4.200000000000000000e+01 7.089999999999999636e-01
4.000000000000000000e+00 7.090999999999999526e-01
0.000000000000000000e+00 7.092000000000000526e-01
2.800000000000000000e+01 7.093000000000000416e-01
1.369000000000000000e+03 7.094000000000000306e-01
0.000000000000000000e+00 7.087999999999999856e-01
1.670000000000000000e+02 7.088999999999999746e-01
5.020000000000000000e+02 7.089999999999999636e-01
0.000000000000000000e+00 7.080999999999999517e-01
0.000000000000000000e+00 7.082000000000000517e-01
2.400000000000000000e+01 7.083000000000000407e-01
2.000000000000000000e+00 7.084000000000000297e-01
1.800000000000000000e+01 7.085000000000000187e-01
0.000000000000000000e+00 7.086000000000000076e-01
1.000000000000000000e+01 7.086999999999999966e-01
2.000000000000000000e+00 7.087999999999999856e-01
7.600000000000000000e+01 7.088999999999999746e-01
1.150600000000000000e+04 7.089999999999999636e-01
1.000000000000000000e+00 7.070999999999999508e-01
1.000000000000000000e+00 7.072000000000000508e-01
3.000000000000000000e+00 7.072000000000000508e-01
0.000000000000000000e+00 7.073000000000000398e-01
5.000000000000000000e+00 7.074000000000000288e-01
4.000000000000000000e+00 7.075000000000000178e-01
6.000000000000000000e+00 7.076000000000000068e-01
3.095100000000000000e+04 7.076000000000000068e-01
0.000000000000000000e+00 7.056000000000000050e-01
4.000000000000000000e+00 7.056999999999999940e-01
0.000000000000000000e+00 7.057999999999999829e-01
0.000000000000000000e+00 7.058999999999999719e-01
1.000000000000000000e+00 7.059999999999999609e-01
1.000000000000000000e+00 7.060999999999999499e-01
1.900000000000000000e+01 7.062000000000000499e-01
1.290000000000000000e+02 7.063000000000000389e-01
8.000000000000000000e+00 7.064000000000000279e-01
7.000000000000000000e+00 7.065000000000000169e-01
2.000000000000000000e+00 7.066000000000000059e-01
1.000000000000000000e+00 7.066999999999999948e-01
2.400000000000000000e+01 7.067999999999999838e-01
9.490000000000000000e+02 7.066999999999999948e-01
1.000000000000000000e+00 7.067999999999999838e-01
3.000000000000000000e+00 7.068999999999999728e-01
2.230000000000000000e+02 7.069999999999999618e-01
1.170000000000000000e+02 7.070999999999999508e-01
2.100000000000000000e+01 7.072000000000000508e-01
1.677600000000000000e+04 7.073000000000000398e-01
2.970000000000000000e+02 7.054000000000000270e-01
0.000000000000000000e+00 7.055000000000000160e-01
1.100000000000000000e+01 7.056000000000000050e-01
0.000000000000000000e+00 7.056999999999999940e-01
0.000000000000000000e+00 7.057999999999999829e-01
2.900000000000000000e+01 7.058999999999999719e-01
4.400000000000000000e+01 7.059999999999999609e-01
4.000000000000000000e+00 7.060999999999999499e-01
7.000000000000000000e+00 7.062000000000000499e-01
1.000000000000000000e+00 7.063000000000000389e-01
3.040000000000000000e+02 7.064000000000000279e-01
4.900000000000000000e+01 7.065000000000000169e-01
6.000000000000000000e+00 7.060999999999999499e-01
1.000000000000000000e+00 7.062000000000000499e-01
1.300000000000000000e+01 7.063000000000000389e-01
1.000000000000000000e+00 7.064000000000000279e-01
7.000000000000000000e+00 7.065000000000000169e-01
1.400000000000000000e+01 7.064000000000000279e-01
3.000000000000000000e+00 7.065000000000000169e-01
2.600000000000000000e+01 7.066000000000000059e-01
0.000000000000000000e+00 7.066999999999999948e-01
2.780000000000000000e+02 7.067999999999999838e-01
0.000000000000000000e+00 7.062000000000000499e-01
2.220000000000000000e+02 7.063000000000000389e-01
3.200000000000000000e+01 7.064000000000000279e-01
0.000000000000000000e+00 7.065000000000000169e-01
1.480000000000000000e+03 7.066000000000000059e-01
1.000000000000000000e+00 7.066999999999999948e-01
5.000000000000000000e+00 7.067999999999999838e-01
1.320000000000000000e+02 7.068999999999999728e-01
3.600000000000000000e+01 7.069999999999999618e-01
6.000000000000000000e+00 7.070999999999999508e-01
1.000000000000000000e+00 7.072000000000000508e-01
0.000000000000000000e+00 7.073000000000000398e-01
1.200000000000000000e+01 7.074000000000000288e-01
0.000000000000000000e+00 7.075000000000000178e-01
0.000000000000000000e+00 7.076000000000000068e-01
0.000000000000000000e+00 7.076999999999999957e-01
2.500000000000000000e+01 7.077999999999999847e-01
5.000000000000000000e+00 7.078999999999999737e-01
5.000000000000000000e+00 7.078999999999999737e-01
5.900000000000000000e+02 7.079999999999999627e-01
3.480000000000000000e+02 7.077999999999999847e-01
1.000000000000000000e+00 7.078999999999999737e-01
0.000000000000000000e+00 7.079999999999999627e-01
5.050000000000000000e+02 7.080999999999999517e-01
0.000000000000000000e+00 7.080999999999999517e-01
2.000000000000000000e+00 7.082000000000000517e-01
0.000000000000000000e+00 7.083000000000000407e-01
0.000000000000000000e+00 7.084000000000000297e-01
3.700000000000000000e+01 7.085000000000000187e-01
2.670000000000000000e+02 7.086000000000000076e-01
2.000000000000000000e+00 7.084000000000000297e-01
2.500000000000000000e+01 7.085000000000000187e-01
0.000000000000000000e+00 7.086000000000000076e-01
1.000000000000000000e+00 7.086999999999999966e-01
1.864000000000000000e+03 7.087999999999999856e-01
0.000000000000000000e+00 7.088999999999999746e-01
8.000000000000000000e+00 7.089999999999999636e-01
2.000000000000000000e+01 7.086000000000000076e-01
2.000000000000000000e+00 7.086999999999999966e-01
0.000000000000000000e+00 7.087999999999999856e-01
0.000000000000000000e+00 7.088999999999999746e-01
1.000000000000000000e+01 7.089999999999999636e-01
1.299000000000000000e+03 7.090999999999999526e-01
1.100000000000000000e+01 7.092000000000000526e-01
3.942000000000000000e+03 7.093000000000000416e-01
0.000000000000000000e+00 7.089999999999999636e-01
0.000000000000000000e+00 7.090999999999999526e-01
0.000000000000000000e+00 7.092000000000000526e-01
1.000000000000000000e+01 7.093000000000000416e-01
1.000000000000000000e+00 7.094000000000000306e-01
2.000000000000000000e+00 7.095000000000000195e-01
8.252000000000000000e+03 7.096000000000000085e-01
3.088000000000000000e+03 7.077999999999999847e-01
1.000000000000000000e+03 7.078999999999999737e-01
4.000000000000000000e+00 7.075000000000000178e-01
1.300000000000000000e+01 7.076000000000000068e-01
2.050000000000000000e+02 7.076999999999999957e-01
1.048000000000000000e+03 7.077999999999999847e-01
7.290000000000000000e+02 7.078999999999999737e-01
2.000000000000000000e+00 7.077999999999999847e-01
6.770000000000000000e+02 7.078999999999999737e-01
2.579000000000000000e+03 7.079999999999999627e-01
5.000000000000000000e+00 7.069999999999999618e-01
0.000000000000000000e+00 7.070999999999999508e-01
2.896000000000000000e+03 7.072000000000000508e-01
0.000000000000000000e+00 7.063000000000000389e-01
6.550000000000000000e+02 7.064000000000000279e-01
1.561000000000000000e+03 7.065000000000000169e-01
3.000000000000000000e+00 7.066000000000000059e-01
4.000000000000000000e+00 7.066999999999999948e-01
0.000000000000000000e+00 7.067999999999999838e-01
3.600000000000000000e+01 7.068999999999999728e-01
2.000000000000000000e+00 7.067999999999999838e-01
5.100000000000000000e+01 7.068999999999999728e-01
1.547000000000000000e+03 7.065000000000000169e-01
0.000000000000000000e+00 7.065000000000000169e-01
2.400000000000000000e+01 7.066000000000000059e-01
1.000000000000000000e+00 7.066999999999999948e-01
0.000000000000000000e+00 7.067999999999999838e-01
3.400000000000000000e+01 7.068999999999999728e-01
1.000000000000000000e+00 7.069999999999999618e-01
2.000000000000000000e+00 7.070999999999999508e-01
2.200000000000000000e+01 7.072000000000000508e-01
0.000000000000000000e+00 7.073000000000000398e-01
1.000000000000000000e+00 7.074000000000000288e-01
9.520000000000000000e+02 7.073000000000000398e-01
7.500000000000000000e+01 7.073000000000000398e-01
3.000000000000000000e+00 7.074000000000000288e-01
2.000000000000000000e+00 7.074000000000000288e-01
3.000000000000000000e+00 7.075000000000000178e-01
0.000000000000000000e+00 7.076000000000000068e-01
0.000000000000000000e+00 7.076999999999999957e-01
4.089100000000000000e+04 7.077999999999999847e-01
0.000000000000000000e+00 7.024000000000000243e-01
2.600000000000000000e+01 7.025000000000000133e-01
6.400000000000000000e+01 7.022000000000000464e-01
0.000000000000000000e+00 7.023000000000000353e-01
0.000000000000000000e+00 7.024000000000000243e-01
6.790000000000000000e+02 7.025000000000000133e-01
1.400000000000000000e+01 7.024000000000000243e-01
1.770000000000000000e+03 7.025000000000000133e-01
2.000000000000000000e+00 7.020999999999999464e-01
0.000000000000000000e+00 7.022000000000000464e-01
1.153000000000000000e+03 7.023000000000000353e-01
0.000000000000000000e+00 7.020999999999999464e-01
9.400000000000000000e+01 7.022000000000000464e-01
5.680000000000000000e+02 7.023000000000000353e-01
2.000000000000000000e+00 7.024000000000000243e-01
2.000000000000000000e+00 7.025000000000000133e-01
0.000000000000000000e+00 7.026000000000000023e-01
0.000000000000000000e+00 7.026999999999999913e-01
7.000000000000000000e+00 7.027999999999999803e-01
0.000000000000000000e+00 7.028999999999999693e-01
8.390000000000000000e+02 7.029999999999999583e-01
6.500000000000000000e+01 7.027999999999999803e-01
0.000000000000000000e+00 7.028999999999999693e-01
2.400000000000000000e+01 7.029999999999999583e-01
0.000000000000000000e+00 7.026999999999999913e-01
4.000000000000000000e+00 7.027999999999999803e-01
0.000000000000000000e+00 7.027999999999999803e-01
2.200000000000000000e+01 7.028999999999999693e-01
2.000000000000000000e+00 7.029999999999999583e-01
2.000000000000000000e+00 7.030999999999999472e-01
5.950000000000000000e+02 7.032000000000000473e-01
2.200000000000000000e+01 7.028999999999999693e-01
2.600000000000000000e+01 7.027999999999999803e-01
2.200000000000000000e+01 7.028999999999999693e-01
2.000000000000000000e+00 7.029999999999999583e-01
4.000000000000000000e+00 7.030999999999999472e-01
1.900000000000000000e+01 7.032000000000000473e-01
0.000000000000000000e+00 7.033000000000000362e-01
8.000000000000000000e+00 7.034000000000000252e-01
0.000000000000000000e+00 7.035000000000000142e-01
0.000000000000000000e+00 7.036000000000000032e-01
0.000000000000000000e+00 7.036999999999999922e-01
7.000000000000000000e+01 7.037999999999999812e-01
3.000000000000000000e+00 7.038999999999999702e-01
1.000000000000000000e+01 7.039999999999999591e-01
0.000000000000000000e+00 7.040999999999999481e-01
7.030000000000000000e+02 7.042000000000000481e-01
1.400000000000000000e+01 7.043000000000000371e-01
2.100000000000000000e+01 7.044000000000000261e-01
0.000000000000000000e+00 7.045000000000000151e-01
1.000000000000000000e+00 7.046000000000000041e-01
7.200000000000000000e+01 7.046999999999999931e-01
5.900000000000000000e+02 7.047999999999999821e-01
0.000000000000000000e+00 7.048999999999999710e-01
4.000000000000000000e+00 7.049999999999999600e-01
3.110000000000000000e+02 7.050999999999999490e-01
1.300000000000000000e+01 7.052000000000000490e-01
2.000000000000000000e+00 7.052000000000000490e-01
2.950000000000000000e+02 7.053000000000000380e-01
0.000000000000000000e+00 7.054000000000000270e-01
2.000000000000000000e+00 7.055000000000000160e-01
0.000000000000000000e+00 7.056000000000000050e-01
0.000000000000000000e+00 7.056999999999999940e-01
0.000000000000000000e+00 7.057999999999999829e-01
3.500000000000000000e+01 7.058999999999999719e-01
0.000000000000000000e+00 7.059999999999999609e-01
1.000000000000000000e+00 7.060999999999999499e-01
1.000000000000000000e+00 7.062000000000000499e-01
0.000000000000000000e+00 7.063000000000000389e-01
0.000000000000000000e+00 7.064000000000000279e-01
4.000000000000000000e+00 7.065000000000000169e-01
0.000000000000000000e+00 7.066000000000000059e-01
0.000000000000000000e+00 7.066999999999999948e-01
0.000000000000000000e+00 7.067999999999999838e-01
6.000000000000000000e+00 7.068999999999999728e-01
0.000000000000000000e+00 7.069999999999999618e-01
7.500000000000000000e+01 7.070999999999999508e-01
5.000000000000000000e+00 7.072000000000000508e-01
2.000000000000000000e+00 7.073000000000000398e-01
3.230000000000000000e+02 7.074000000000000288e-01
0.000000000000000000e+00 7.075000000000000178e-01
1.600000000000000000e+01 7.076000000000000068e-01
0.000000000000000000e+00 7.076999999999999957e-01
7.200000000000000000e+01 7.077999999999999847e-01
0.000000000000000000e+00 7.078999999999999737e-01
7.000000000000000000e+00 7.079999999999999627e-01
6.000000000000000000e+01 7.080999999999999517e-01
3.000000000000000000e+01 7.082000000000000517e-01
0.000000000000000000e+00 7.083000000000000407e-01
0.000000000000000000e+00 7.084000000000000297e-01
8.000000000000000000e+00 7.085000000000000187e-01
1.000000000000000000e+00 7.086000000000000076e-01
0.000000000000000000e+00 7.086999999999999966e-01
8.000000000000000000e+00 7.087999999999999856e-01
0.000000000000000000e+00 7.088999999999999746e-01
0.000000000000000000e+00 7.089999999999999636e-01
0.000000000000000000e+00 7.090999999999999526e-01
0.000000000000000000e+00 7.092000000000000526e-01
0.000000000000000000e+00 7.093000000000000416e-01
4.000000000000000000e+00 7.094000000000000306e-01
2.430000000000000000e+02 7.095000000000000195e-01
3.000000000000000000e+00 7.095000000000000195e-01
7.000000000000000000e+00 7.094000000000000306e-01
0.000000000000000000e+00 7.095000000000000195e-01
0.000000000000000000e+00 7.096000000000000085e-01
5.000000000000000000e+00 7.096999999999999975e-01
1.390000000000000000e+02 7.096000000000000085e-01
1.000000000000000000e+00 7.090999999999999526e-01
9.650000000000000000e+02 7.092000000000000526e-01
2.380000000000000000e+02 7.093000000000000416e-01
0.000000000000000000e+00 7.094000000000000306e-01
2.200000000000000000e+01 7.095000000000000195e-01
0.000000000000000000e+00 7.096000000000000085e-01
1.000000000000000000e+01 7.096999999999999975e-01
3.434300000000000000e+04 7.097999999999999865e-01
5.000000000000000000e+00 7.056000000000000050e-01
2.927000000000000000e+04 7.056999999999999940e-01
2.000000000000000000e+01 7.028999999999999693e-01
5.200000000000000000e+01 7.029999999999999583e-01
2.000000000000000000e+00 7.030999999999999472e-01
1.532000000000000000e+03 7.032000000000000473e-01
1.570000000000000000e+03 7.033000000000000362e-01
4.000000000000000000e+00 7.034000000000000252e-01
5.000000000000000000e+00 7.035000000000000142e-01
0.000000000000000000e+00 7.036000000000000032e-01
0.000000000000000000e+00 7.036999999999999922e-01
0.000000000000000000e+00 7.037999999999999812e-01
3.115700000000000000e+04 7.038999999999999702e-01
2.000000000000000000e+00 7.024000000000000243e-01
6.020000000000000000e+02 7.025000000000000133e-01
4.000000000000000000e+00 7.026000000000000023e-01
0.000000000000000000e+00 7.026999999999999913e-01
2.000000000000000000e+00 7.027999999999999803e-01
0.000000000000000000e+00 7.028999999999999693e-01
1.500000000000000000e+02 7.029999999999999583e-01
6.000000000000000000e+00 7.026999999999999913e-01
1.000000000000000000e+01 7.027999999999999803e-01
1.000000000000000000e+00 7.028999999999999693e-01
3.000000000000000000e+00 7.029999999999999583e-01
2.100000000000000000e+01 7.030999999999999472e-01
2.000000000000000000e+00 7.032000000000000473e-01
0.000000000000000000e+00 7.033000000000000362e-01
3.000000000000000000e+00 7.034000000000000252e-01
6.000000000000000000e+00 7.033000000000000362e-01
0.000000000000000000e+00 7.034000000000000252e-01
1.160000000000000000e+02 7.035000000000000142e-01
6.000000000000000000e+00 7.036000000000000032e-01
1.126000000000000000e+03 7.035000000000000142e-01
4.000000000000000000e+00 7.036000000000000032e-01
2.600000000000000000e+01 7.036999999999999922e-01
1.600000000000000000e+01 7.037999999999999812e-01
0.000000000000000000e+00 7.038999999999999702e-01
0.000000000000000000e+00 7.039999999999999591e-01
1.780000000000000000e+02 7.040999999999999481e-01
2.286000000000000000e+03 7.042000000000000481e-01
2.000000000000000000e+00 7.042000000000000481e-01
3.880000000000000000e+02 7.043000000000000371e-01
2.000000000000000000e+00 7.044000000000000261e-01
1.000000000000000000e+00 7.045000000000000151e-01
5.000000000000000000e+00 7.046000000000000041e-01
1.000000000000000000e+00 7.046999999999999931e-01
0.000000000000000000e+00 7.047999999999999821e-01
1.400000000000000000e+01 7.048999999999999710e-01
3.700000000000000000e+01 7.049999999999999600e-01
3.000000000000000000e+01 7.049999999999999600e-01
9.000000000000000000e+01 7.050999999999999490e-01
3.100000000000000000e+01 7.052000000000000490e-01
5.600000000000000000e+01 7.053000000000000380e-01
2.000000000000000000e+00 7.054000000000000270e-01
4.000000000000000000e+00 7.055000000000000160e-01
1.000000000000000000e+00 7.056000000000000050e-01
1.400000000000000000e+01 7.056999999999999940e-01
0.000000000000000000e+00 7.057999999999999829e-01
3.000000000000000000e+00 7.058999999999999719e-01
3.850000000000000000e+02 7.059999999999999609e-01
2.000000000000000000e+00 7.058999999999999719e-01
2.200000000000000000e+01 7.059999999999999609e-01
9.000000000000000000e+00 7.060999999999999499e-01
1.204000000000000000e+03 7.062000000000000499e-01
0.000000000000000000e+00 7.063000000000000389e-01
1.100000000000000000e+01 7.064000000000000279e-01
2.000000000000000000e+00 7.065000000000000169e-01
3.000000000000000000e+00 7.065000000000000169e-01
2.050000000000000000e+02 7.066000000000000059e-01
0.000000000000000000e+00 7.066999999999999948e-01
0.000000000000000000e+00 7.067999999999999838e-01
2.251000000000000000e+03 7.068999999999999728e-01
0.000000000000000000e+00 7.066000000000000059e-01
0.000000000000000000e+00 7.066999999999999948e-01
8.200000000000000000e+01 7.067999999999999838e-01
5.000000000000000000e+00 7.067999999999999838e-01
0.000000000000000000e+00 7.068999999999999728e-01
0.000000000000000000e+00 7.069999999999999618e-01
1.200000000000000000e+01 7.070999999999999508e-01
1.690000000000000000e+02 7.072000000000000508e-01
3.090000000000000000e+02 7.073000000000000398e-01
0.000000000000000000e+00 7.074000000000000288e-01
3.000000000000000000e+00 7.075000000000000178e-01
0.000000000000000000e+00 7.076000000000000068e-01
7.720000000000000000e+02 7.076999999999999957e-01
0.000000000000000000e+00 7.075000000000000178e-01
4.200000000000000000e+01 7.076000000000000068e-01
4.000000000000000000e+00 7.076999999999999957e-01
0.000000000000000000e+00 7.077999999999999847e-01
2.100000000000000000e+01 7.078999999999999737e-01
2.600000000000000000e+01 7.079999999999999627e-01
2.300000000000000000e+02 7.080999999999999517e-01
2.100000000000000000e+01 7.079999999999999627e-01
2.200000000000000000e+01 7.080999999999999517e-01
0.000000000000000000e+00 7.082000000000000517e-01
3.000000000000000000e+00 7.083000000000000407e-01
0.000000000000000000e+00 7.084000000000000297e-01
4.470000000000000000e+02 7.085000000000000187e-01
7.620000000000000000e+02 7.079999999999999627e-01
0.000000000000000000e+00 7.080999999999999517e-01
0.000000000000000000e+00 7.082000000000000517e-01
7.750000000000000000e+02 7.083000000000000407e-01
1.000000000000000000e+01 7.084000000000000297e-01
1.200000000000000000e+01 7.085000000000000187e-01
0.000000000000000000e+00 7.086000000000000076e-01
2.580000000000000000e+02 7.086999999999999966e-01
1.000000000000000000e+00 7.087999999999999856e-01
4.000000000000000000e+00 7.088999999999999746e-01
1.300000000000000000e+01 7.089999999999999636e-01
0.000000000000000000e+00 7.090999999999999526e-01
3.300000000000000000e+01 7.092000000000000526e-01
0.000000000000000000e+00 7.093000000000000416e-01
4.310000000000000000e+02 7.094000000000000306e-01
3.000000000000000000e+00 7.095000000000000195e-01
0.000000000000000000e+00 7.096000000000000085e-01
0.000000000000000000e+00 7.096999999999999975e-01
0.000000000000000000e+00 7.097999999999999865e-01
8.000000000000000000e+00 7.098999999999999755e-01
1.000000000000000000e+00 7.099999999999999645e-01
1.342000000000000000e+03 7.100999999999999535e-01
4.000000000000000000e+00 7.102000000000000535e-01
2.100000000000000000e+01 7.103000000000000425e-01
1.200000000000000000e+01 7.103000000000000425e-01
1.600000000000000000e+01 7.104000000000000314e-01
0.000000000000000000e+00 7.105000000000000204e-01
4.772400000000000000e+04 7.106000000000000094e-01
0.000000000000000000e+00 7.063000000000000389e-01
0.000000000000000000e+00 7.064000000000000279e-01
0.000000000000000000e+00 7.065000000000000169e-01
1.000000000000000000e+00 7.066000000000000059e-01
5.000000000000000000e+00 7.066999999999999948e-01
0.000000000000000000e+00 7.064000000000000279e-01
0.000000000000000000e+00 7.065000000000000169e-01
1.030000000000000000e+02 7.066000000000000059e-01
1.600000000000000000e+01 7.066000000000000059e-01
1.000000000000000000e+00 7.066999999999999948e-01
1.000000000000000000e+00 7.067999999999999838e-01
1.800000000000000000e+01 7.068999999999999728e-01
3.000000000000000000e+00 7.069999999999999618e-01
5.000000000000000000e+00 7.070999999999999508e-01
2.380000000000000000e+02 7.072000000000000508e-01
2.400000000000000000e+02 7.072000000000000508e-01
2.200000000000000000e+02 7.069999999999999618e-01
0.000000000000000000e+00 7.070999999999999508e-01
0.000000000000000000e+00 7.072000000000000508e-01
0.000000000000000000e+00 7.073000000000000398e-01
0.000000000000000000e+00 7.074000000000000288e-01
5.000000000000000000e+00 7.075000000000000178e-01
0.000000000000000000e+00 7.076000000000000068e-01
0.000000000000000000e+00 7.076999999999999957e-01
0.000000000000000000e+00 7.077999999999999847e-01
5.000000000000000000e+00 7.078999999999999737e-01
1.740000000000000000e+02 7.079999999999999627e-01
4.380000000000000000e+02 7.073000000000000398e-01
1.400000000000000000e+01 7.074000000000000288e-01
5.410000000000000000e+02 7.075000000000000178e-01
2.300000000000000000e+01 7.076000000000000068e-01
0.000000000000000000e+00 7.076999999999999957e-01
3.000000000000000000e+00 7.077999999999999847e-01
0.000000000000000000e+00 7.078999999999999737e-01
1.850000000000000000e+02 7.079999999999999627e-01
3.100000000000000000e+01 7.080999999999999517e-01
1.000000000000000000e+00 7.082000000000000517e-01
1.100000000000000000e+01 7.083000000000000407e-01
1.200000000000000000e+01 7.082000000000000517e-01
0.000000000000000000e+00 7.083000000000000407e-01
4.500000000000000000e+01 7.084000000000000297e-01
3.000000000000000000e+00 7.085000000000000187e-01
1.710000000000000000e+02 7.086000000000000076e-01
4.200000000000000000e+01 7.085000000000000187e-01
4.000000000000000000e+00 7.085000000000000187e-01
2.659200000000000000e+04 7.086000000000000076e-01
5.400000000000000000e+01 7.065000000000000169e-01
1.800000000000000000e+02 7.066000000000000059e-01
0.000000000000000000e+00 7.065000000000000169e-01
2.000000000000000000e+00 7.066000000000000059e-01
1.400000000000000000e+01 7.066999999999999948e-01
3.900000000000000000e+01 7.066999999999999948e-01
1.300000000000000000e+01 7.067999999999999838e-01
9.000000000000000000e+00 7.068999999999999728e-01
3.645000000000000000e+03 7.069999999999999618e-01
1.320000000000000000e+02 7.055000000000000160e-01
1.130000000000000000e+02 7.055000000000000160e-01
0.000000000000000000e+00 7.056000000000000050e-01
8.000000000000000000e+00 7.056999999999999940e-01
0.000000000000000000e+00 7.057999999999999829e-01
0.000000000000000000e+00 7.058999999999999719e-01
4.000000000000000000e+00 7.059999999999999609e-01
6.200000000000000000e+01 7.059999999999999609e-01
1.310000000000000000e+02 7.060999999999999499e-01
1.000000000000000000e+00 7.062000000000000499e-01
2.000000000000000000e+01 7.063000000000000389e-01
1.136000000000000000e+03 7.064000000000000279e-01
2.900000000000000000e+01 7.063000000000000389e-01
1.034000000000000000e+03 7.064000000000000279e-01
4.000000000000000000e+00 7.065000000000000169e-01
1.271000000000000000e+03 7.066000000000000059e-01
4.200000000000000000e+02 7.066999999999999948e-01
5.690000000000000000e+02 7.066999999999999948e-01
1.000000000000000000e+00 7.067999999999999838e-01
2.830000000000000000e+02 7.068999999999999728e-01
0.000000000000000000e+00 7.069999999999999618e-01
1.100000000000000000e+01 7.070999999999999508e-01
5.000000000000000000e+00 7.072000000000000508e-01
6.000000000000000000e+00 7.073000000000000398e-01
4.000000000000000000e+00 7.074000000000000288e-01
1.600000000000000000e+01 7.075000000000000178e-01
0.000000000000000000e+00 7.076000000000000068e-01
1.800000000000000000e+01 7.076999999999999957e-01
2.598000000000000000e+03 7.077999999999999847e-01
6.000000000000000000e+00 7.066999999999999948e-01
0.000000000000000000e+00 7.067999999999999838e-01
0.000000000000000000e+00 7.068999999999999728e-01
1.106000000000000000e+03 7.069999999999999618e-01
2.000000000000000000e+00 7.067999999999999838e-01
1.800000000000000000e+01 7.068999999999999728e-01
2.500000000000000000e+01 7.069999999999999618e-01
0.000000000000000000e+00 7.070999999999999508e-01
0.000000000000000000e+00 7.072000000000000508e-01
2.370000000000000000e+02 7.073000000000000398e-01
1.000000000000000000e+00 7.074000000000000288e-01
7.300000000000000000e+01 7.075000000000000178e-01
0.000000000000000000e+00 7.076000000000000068e-01
0.000000000000000000e+00 7.076999999999999957e-01
7.100000000000000000e+01 7.077999999999999847e-01
0.000000000000000000e+00 7.078999999999999737e-01
1.832000000000000000e+03 7.079999999999999627e-01
2.000000000000000000e+00 7.080999999999999517e-01
1.154300000000000000e+04 7.082000000000000517e-01
2.000000000000000000e+00 7.068999999999999728e-01
3.100000000000000000e+01 7.069999999999999618e-01
8.800000000000000000e+01 7.066999999999999948e-01
1.951000000000000000e+03 7.067999999999999838e-01
1.800000000000000000e+01 7.064000000000000279e-01
2.610000000000000000e+02 7.065000000000000169e-01
3.800000000000000000e+01 7.066000000000000059e-01
0.000000000000000000e+00 7.066999999999999948e-01
2.000000000000000000e+00 7.067999999999999838e-01
1.059000000000000000e+03 7.068999999999999728e-01
0.000000000000000000e+00 7.069999999999999618e-01
4.000000000000000000e+00 7.070999999999999508e-01
8.000000000000000000e+00 7.070999999999999508e-01
5.100000000000000000e+01 7.072000000000000508e-01
3.810000000000000000e+02 7.073000000000000398e-01
7.000000000000000000e+01 7.074000000000000288e-01
2.200000000000000000e+01 7.075000000000000178e-01
1.103400000000000000e+04 7.076000000000000068e-01
2.200000000000000000e+02 7.070999999999999508e-01
1.200000000000000000e+01 7.072000000000000508e-01
1.000000000000000000e+01 7.073000000000000398e-01
0.000000000000000000e+00 7.074000000000000288e-01
6.000000000000000000e+00 7.075000000000000178e-01
6.300000000000000000e+01 7.076000000000000068e-01
0.000000000000000000e+00 7.076999999999999957e-01
3.650000000000000000e+02 7.077999999999999847e-01
1.000000000000000000e+00 7.078999999999999737e-01
1.300000000000000000e+01 7.079999999999999627e-01
0.000000000000000000e+00 7.080999999999999517e-01
8.570000000000000000e+02 7.082000000000000517e-01
2.624000000000000000e+03 7.076000000000000068e-01
6.000000000000000000e+00 7.046999999999999931e-01
2.000000000000000000e+00 7.046999999999999931e-01
7.300000000000000000e+01 7.047999999999999821e-01
1.851600000000000000e+04 7.046999999999999931e-01
3.000000000000000000e+00 7.040999999999999481e-01
8.000000000000000000e+00 7.042000000000000481e-01
2.320000000000000000e+02 7.043000000000000371e-01
3.965500000000000000e+04 7.037999999999999812e-01
0.000000000000000000e+00 7.007999999999999785e-01
8.000000000000000000e+00 7.008999999999999675e-01
3.820000000000000000e+02 7.009999999999999565e-01
1.000000000000000000e+00 7.010999999999999455e-01
0.000000000000000000e+00 7.012000000000000455e-01
9.000000000000000000e+01 7.013000000000000345e-01
3.700000000000000000e+01 7.014000000000000234e-01
0.000000000000000000e+00 7.013000000000000345e-01
1.310000000000000000e+02 7.014000000000000234e-01
2.800000000000000000e+02 7.015000000000000124e-01
3.000000000000000000e+00 7.014000000000000234e-01
2.668000000000000000e+03 7.015000000000000124e-01
8.000000000000000000e+00 7.010999999999999455e-01
6.000000000000000000e+01 7.012000000000000455e-01
1.000000000000000000e+01 7.013000000000000345e-01
3.200000000000000000e+01 7.014000000000000234e-01
4.800000000000000000e+01 7.015000000000000124e-01
0.000000000000000000e+00 7.016000000000000014e-01
2.140000000000000000e+02 7.016999999999999904e-01
6.000000000000000000e+00 7.017999999999999794e-01
6.000000000000000000e+00 7.018999999999999684e-01
2.569000000000000000e+03 7.019999999999999574e-01
0.000000000000000000e+00 7.014000000000000234e-01
0.000000000000000000e+00 7.015000000000000124e-01
5.300000000000000000e+01 7.016000000000000014e-01
0.000000000000000000e+00 7.016999999999999904e-01
2.000000000000000000e+00 7.017999999999999794e-01
4.000000000000000000e+00 7.018999999999999684e-01
7.000000000000000000e+00 7.019999999999999574e-01
5.310000000000000000e+02 7.020999999999999464e-01
7.000000000000000000e+00 7.018999999999999684e-01
2.000000000000000000e+00 7.017999999999999794e-01
6.484000000000000000e+03 7.018999999999999684e-01
2.000000000000000000e+00 7.016000000000000014e-01
2.320000000000000000e+02 7.016000000000000014e-01
5.500000000000000000e+01 7.010999999999999455e-01
8.100000000000000000e+01 7.012000000000000455e-01
1.000000000000000000e+00 7.013000000000000345e-01
2.067000000000000000e+03 7.014000000000000234e-01
1.000000000000000000e+00 7.015000000000000124e-01
1.000000000000000000e+00 7.015000000000000124e-01
3.300000000000000000e+01 7.016000000000000014e-01
2.440000000000000000e+02 7.016999999999999904e-01
8.000000000000000000e+00 7.017999999999999794e-01
9.400000000000000000e+02 7.017999999999999794e-01
0.000000000000000000e+00 7.018999999999999684e-01
8.000000000000000000e+00 7.019999999999999574e-01
0.000000000000000000e+00 7.020999999999999464e-01
0.000000000000000000e+00 7.022000000000000464e-01
1.100000000000000000e+01 7.023000000000000353e-01
9.300000000000000000e+01 7.024000000000000243e-01
4.300000000000000000e+01 7.025000000000000133e-01
4.600000000000000000e+01 7.026000000000000023e-01
2.000000000000000000e+00 7.026999999999999913e-01
1.322400000000000000e+04 7.027999999999999803e-01
0.000000000000000000e+00 7.017999999999999794e-01
9.000000000000000000e+00 7.018999999999999684e-01
9.000000000000000000e+00 7.019999999999999574e-01
3.190000000000000000e+02 7.020999999999999464e-01
1.800000000000000000e+01 7.017999999999999794e-01
3.400000000000000000e+01 7.018999999999999684e-01
5.000000000000000000e+00 7.019999999999999574e-01
1.000000000000000000e+00 7.020999999999999464e-01
0.000000000000000000e+00 7.022000000000000464e-01
2.790000000000000000e+02 7.023000000000000353e-01
2.550000000000000000e+02 7.015000000000000124e-01
5.000000000000000000e+00 7.016000000000000014e-01
1.800000000000000000e+01 7.016999999999999904e-01
3.000000000000000000e+00 7.017999999999999794e-01
0.000000000000000000e+00 7.018999999999999684e-01
7.000000000000000000e+00 7.019999999999999574e-01
2.000000000000000000e+00 7.019999999999999574e-01
1.000000000000000000e+00 7.020999999999999464e-01
6.490000000000000000e+02 7.022000000000000464e-01
0.000000000000000000e+00 7.023000000000000353e-01
0.000000000000000000e+00 7.024000000000000243e-01
0.000000000000000000e+00 7.025000000000000133e-01
0.000000000000000000e+00 7.026000000000000023e-01
1.200000000000000000e+01 7.026999999999999913e-01
5.000000000000000000e+00 7.027999999999999803e-01
4.760000000000000000e+02 7.028999999999999693e-01
1.890000000000000000e+02 7.027999999999999803e-01
0.000000000000000000e+00 7.028999999999999693e-01
4.700000000000000000e+01 7.029999999999999583e-01
0.000000000000000000e+00 7.030999999999999472e-01
1.000000000000000000e+00 7.032000000000000473e-01
1.000000000000000000e+00 7.033000000000000362e-01
5.000000000000000000e+00 7.034000000000000252e-01
1.000000000000000000e+00 7.032000000000000473e-01
0.000000000000000000e+00 7.032000000000000473e-01
1.747000000000000000e+03 7.033000000000000362e-01
5.000000000000000000e+00 7.032000000000000473e-01
2.844000000000000000e+03 7.033000000000000362e-01
6.000000000000000000e+00 7.034000000000000252e-01
4.160000000000000000e+02 7.035000000000000142e-01
9.000000000000000000e+00 7.036000000000000032e-01
0.000000000000000000e+00 7.036999999999999922e-01
2.610000000000000000e+02 7.037999999999999812e-01
5.000000000000000000e+00 7.038999999999999702e-01
6.000000000000000000e+00 7.039999999999999591e-01
3.900000000000000000e+01 7.040999999999999481e-01
0.000000000000000000e+00 7.042000000000000481e-01
0.000000000000000000e+00 7.043000000000000371e-01
0.000000000000000000e+00 7.044000000000000261e-01
2.000000000000000000e+00 7.045000000000000151e-01
0.000000000000000000e+00 7.046000000000000041e-01
6.000000000000000000e+00 7.046999999999999931e-01
2.840000000000000000e+02 7.047999999999999821e-01
0.000000000000000000e+00 7.048999999999999710e-01
2.000000000000000000e+01 7.049999999999999600e-01
4.000000000000000000e+00 7.050999999999999490e-01
3.801000000000000000e+03 7.052000000000000490e-01
0.000000000000000000e+00 7.040999999999999481e-01
0.000000000000000000e+00 7.042000000000000481e-01
3.000000000000000000e+00 7.043000000000000371e-01
2.040000000000000000e+02 7.044000000000000261e-01
2.000000000000000000e+00 7.044000000000000261e-01
1.490000000000000000e+02 7.045000000000000151e-01
0.000000000000000000e+00 7.046000000000000041e-01
4.000000000000000000e+00 7.046999999999999931e-01
0.000000000000000000e+00 7.047999999999999821e-01
0.000000000000000000e+00 7.048999999999999710e-01
2.000000000000000000e+00 7.049999999999999600e-01
9.760000000000000000e+02 7.050999999999999490e-01
2.000000000000000000e+01 7.052000000000000490e-01
0.000000000000000000e+00 7.053000000000000380e-01
3.400000000000000000e+01 7.054000000000000270e-01
1.000000000000000000e+00 7.055000000000000160e-01
0.000000000000000000e+00 7.056000000000000050e-01
2.726600000000000000e+04 7.056999999999999940e-01
2.000000000000000000e+01 7.036000000000000032e-01
0.000000000000000000e+00 7.036999999999999922e-01
0.000000000000000000e+00 7.037999999999999812e-01
4.000000000000000000e+00 7.038999999999999702e-01
5.000000000000000000e+00 7.039999999999999591e-01
0.000000000000000000e+00 7.040999999999999481e-01
7.200000000000000000e+02 7.042000000000000481e-01
2.000000000000000000e+02 7.042000000000000481e-01
1.000000000000000000e+00 7.039999999999999591e-01
0.000000000000000000e+00 7.040999999999999481e-01
0.000000000000000000e+00 7.042000000000000481e-01
5.835000000000000000e+03 7.043000000000000371e-01
0.000000000000000000e+00 7.037999999999999812e-01
0.000000000000000000e+00 7.038999999999999702e-01
1.190000000000000000e+02 7.039999999999999591e-01
0.000000000000000000e+00 7.040999999999999481e-01
2.500000000000000000e+01 7.042000000000000481e-01
2.000000000000000000e+01 7.043000000000000371e-01
9.000000000000000000e+00 7.044000000000000261e-01
2.700000000000000000e+01 7.045000000000000151e-01
5.500000000000000000e+01 7.046000000000000041e-01
0.000000000000000000e+00 7.046999999999999931e-01
5.000000000000000000e+01 7.047999999999999821e-01
0.000000000000000000e+00 7.048999999999999710e-01
9.800000000000000000e+01 7.049999999999999600e-01
4.200000000000000000e+01 7.050999999999999490e-01
2.400000000000000000e+01 7.049999999999999600e-01
1.095000000000000000e+03 7.050999999999999490e-01
4.000000000000000000e+00 7.052000000000000490e-01
2.100000000000000000e+01 7.053000000000000380e-01
2.000000000000000000e+00 7.054000000000000270e-01
3.000000000000000000e+00 7.055000000000000160e-01
0.000000000000000000e+00 7.056000000000000050e-01
4.000000000000000000e+00 7.056999999999999940e-01
0.000000000000000000e+00 7.057999999999999829e-01
0.000000000000000000e+00 7.058999999999999719e-01
0.000000000000000000e+00 7.059999999999999609e-01
2.859000000000000000e+03 7.060999999999999499e-01
1.500000000000000000e+01 7.059999999999999609e-01
2.400000000000000000e+01 7.060999999999999499e-01
7.200000000000000000e+01 7.062000000000000499e-01
1.008000000000000000e+03 7.063000000000000389e-01
0.000000000000000000e+00 7.059999999999999609e-01
2.880000000000000000e+02 7.060999999999999499e-01
3.661200000000000000e+04 7.062000000000000499e-01
5.320000000000000000e+02 7.056999999999999940e-01
1.500000000000000000e+01 7.055000000000000160e-01
0.000000000000000000e+00 7.056000000000000050e-01
1.000000000000000000e+01 7.056999999999999940e-01
2.000000000000000000e+00 7.057999999999999829e-01
0.000000000000000000e+00 7.058999999999999719e-01
0.000000000000000000e+00 7.059999999999999609e-01
0.000000000000000000e+00 7.060999999999999499e-01
4.200000000000000000e+01 7.062000000000000499e-01
0.000000000000000000e+00 7.063000000000000389e-01
0.000000000000000000e+00 7.064000000000000279e-01
1.057000000000000000e+03 7.065000000000000169e-01
2.000000000000000000e+00 7.066000000000000059e-01
1.900000000000000000e+01 7.066000000000000059e-01
2.605000000000000000e+03 7.063000000000000389e-01
0.000000000000000000e+00 7.056000000000000050e-01
1.200000000000000000e+01 7.056999999999999940e-01
2.560000000000000000e+02 7.057999999999999829e-01
1.500000000000000000e+01 7.058999999999999719e-01
0.000000000000000000e+00 7.059999999999999609e-01
0.000000000000000000e+00 7.060999999999999499e-01
9.970000000000000000e+02 7.062000000000000499e-01
5.200000000000000000e+01 7.063000000000000389e-01
0.000000000000000000e+00 7.064000000000000279e-01
3.500000000000000000e+01 7.065000000000000169e-01
7.660000000000000000e+02 7.063000000000000389e-01
2.570000000000000000e+02 7.064000000000000279e-01
4.000000000000000000e+00 7.063000000000000389e-01
0.000000000000000000e+00 7.064000000000000279e-01
4.000000000000000000e+00 7.065000000000000169e-01
6.890000000000000000e+02 7.066000000000000059e-01
0.000000000000000000e+00 7.066999999999999948e-01
2.618000000000000000e+03 7.067999999999999838e-01
1.500000000000000000e+01 7.068999999999999728e-01
2.820000000000000000e+02 7.069999999999999618e-01
0.000000000000000000e+00 7.070999999999999508e-01
1.280000000000000000e+02 7.072000000000000508e-01
2.900000000000000000e+01 7.069999999999999618e-01
4.000000000000000000e+00 7.070999999999999508e-01
9.900000000000000000e+01 7.072000000000000508e-01
2.484200000000000000e+04 7.073000000000000398e-01
4.970000000000000000e+03 7.062000000000000499e-01
0.000000000000000000e+00 7.063000000000000389e-01
3.100000000000000000e+01 7.064000000000000279e-01
5.800000000000000000e+01 7.065000000000000169e-01
2.730000000000000000e+02 7.064000000000000279e-01
0.000000000000000000e+00 7.065000000000000169e-01
0.000000000000000000e+00 7.066000000000000059e-01
1.820000000000000000e+02 7.066999999999999948e-01
2.390000000000000000e+02 7.067999999999999838e-01
4.700000000000000000e+02 7.068999999999999728e-01
2.260000000000000000e+02 7.069999999999999618e-01
2.000000000000000000e+01 7.068999999999999728e-01
2.880000000000000000e+02 7.067999999999999838e-01
0.000000000000000000e+00 7.068999999999999728e-01
6.800000000000000000e+01 7.069999999999999618e-01
1.600000000000000000e+01 7.070999999999999508e-01
1.000000000000000000e+00 7.072000000000000508e-01
1.000000000000000000e+00 7.073000000000000398e-01
0.000000000000000000e+00 7.074000000000000288e-01
3.058000000000000000e+03 7.075000000000000178e-01
9.290000000000000000e+03 7.074000000000000288e-01
5.838000000000000000e+03 7.068999999999999728e-01
3.400000000000000000e+01 7.059999999999999609e-01
4.000000000000000000e+00 7.060999999999999499e-01
0.000000000000000000e+00 7.062000000000000499e-01
3.910000000000000000e+02 7.063000000000000389e-01
0.000000000000000000e+00 7.064000000000000279e-01
1.000000000000000000e+00 7.065000000000000169e-01
0.000000000000000000e+00 7.066000000000000059e-01
0.000000000000000000e+00 7.066999999999999948e-01
6.100000000000000000e+01 7.067999999999999838e-01
0.000000000000000000e+00 7.068999999999999728e-01
7.025000000000000000e+03 7.069999999999999618e-01
0.000000000000000000e+00 7.035000000000000142e-01
4.500000000000000000e+01 7.036000000000000032e-01
0.000000000000000000e+00 7.036999999999999922e-01
1.130000000000000000e+02 7.037999999999999812e-01
5.000000000000000000e+01 7.038999999999999702e-01
5.300000000000000000e+01 7.039999999999999591e-01
3.640000000000000000e+02 7.040999999999999481e-01
0.000000000000000000e+00 7.037999999999999812e-01
0.000000000000000000e+00 7.038999999999999702e-01
3.600000000000000000e+01 7.039999999999999591e-01
1.500000000000000000e+01 7.040999999999999481e-01
1.000000000000000000e+00 7.042000000000000481e-01
1.950000000000000000e+02 7.043000000000000371e-01
2.372000000000000000e+03 7.044000000000000261e-01
2.800000000000000000e+01 7.045000000000000151e-01
2.600000000000000000e+02 7.046000000000000041e-01
3.510000000000000000e+02 7.046999999999999931e-01
5.000000000000000000e+00 7.047999999999999821e-01
3.180000000000000000e+02 7.048999999999999710e-01
1.810000000000000000e+02 7.049999999999999600e-01
0.000000000000000000e+00 7.050999999999999490e-01
0.000000000000000000e+00 7.052000000000000490e-01
2.000000000000000000e+00 7.053000000000000380e-01
0.000000000000000000e+00 7.054000000000000270e-01
0.000000000000000000e+00 7.055000000000000160e-01
1.000000000000000000e+00 7.056000000000000050e-01
8.100000000000000000e+01 7.056999999999999940e-01
0.000000000000000000e+00 7.057999999999999829e-01
0.000000000000000000e+00 7.058999999999999719e-01
1.000000000000000000e+00 7.059999999999999609e-01
4.600000000000000000e+01 7.060999999999999499e-01
0.000000000000000000e+00 7.062000000000000499e-01
1.290000000000000000e+02 7.063000000000000389e-01
5.000000000000000000e+00 7.064000000000000279e-01
1.140000000000000000e+02 7.065000000000000169e-01
0.000000000000000000e+00 7.066000000000000059e-01
3.410000000000000000e+02 7.066999999999999948e-01
3.000000000000000000e+01 7.067999999999999838e-01
0.000000000000000000e+00 7.067999999999999838e-01
0.000000000000000000e+00 7.068999999999999728e-01
1.730000000000000000e+02 7.069999999999999618e-01
3.000000000000000000e+00 7.070999999999999508e-01
0.000000000000000000e+00 7.072000000000000508e-01
2.426000000000000000e+03 7.073000000000000398e-01
1.000000000000000000e+01 7.074000000000000288e-01
0.000000000000000000e+00 7.075000000000000178e-01
9.300000000000000000e+01 7.076000000000000068e-01
0.000000000000000000e+00 7.076999999999999957e-01
1.080000000000000000e+02 7.077999999999999847e-01
7.080000000000000000e+03 7.077999999999999847e-01
0.000000000000000000e+00 7.070999999999999508e-01
0.000000000000000000e+00 7.072000000000000508e-01
1.003000000000000000e+03 7.073000000000000398e-01
2.400000000000000000e+01 7.074000000000000288e-01
4.000000000000000000e+00 7.075000000000000178e-01
0.000000000000000000e+00 7.076000000000000068e-01
0.000000000000000000e+00 7.076999999999999957e-01
0.000000000000000000e+00 7.077999999999999847e-01
7.180000000000000000e+02 7.078999999999999737e-01
0.000000000000000000e+00 7.079999999999999627e-01
0.000000000000000000e+00 7.080999999999999517e-01
0.000000000000000000e+00 7.082000000000000517e-01
0.000000000000000000e+00 7.083000000000000407e-01
1.800000000000000000e+02 7.084000000000000297e-01
1.708700000000000000e+04 7.085000000000000187e-01
0.000000000000000000e+00 7.068999999999999728e-01
2.200000000000000000e+03 7.069999999999999618e-01
0.000000000000000000e+00 7.068999999999999728e-01
1.987200000000000000e+04 7.069999999999999618e-01
2.140000000000000000e+02 7.054000000000000270e-01
1.000000000000000000e+00 7.055000000000000160e-01
2.970000000000000000e+02 7.056000000000000050e-01
0.000000000000000000e+00 7.056000000000000050e-01
0.000000000000000000e+00 7.056999999999999940e-01
0.000000000000000000e+00 7.057999999999999829e-01
1.000000000000000000e+00 7.058999999999999719e-01
0.000000000000000000e+00 7.059999999999999609e-01
5.230000000000000000e+02 7.060999999999999499e-01
1.000000000000000000e+00 7.059999999999999609e-01
1.400000000000000000e+01 7.060999999999999499e-01
1.300000000000000000e+01 7.062000000000000499e-01
0.000000000000000000e+00 7.063000000000000389e-01
0.000000000000000000e+00 7.064000000000000279e-01
1.951000000000000000e+03 7.065000000000000169e-01
2.627000000000000000e+03 7.066000000000000059e-01
1.074000000000000000e+03 7.055000000000000160e-01
0.000000000000000000e+00 7.042000000000000481e-01
0.000000000000000000e+00 7.043000000000000371e-01
5.000000000000000000e+00 7.044000000000000261e-01
2.526300000000000000e+04 7.045000000000000151e-01
7.400000000000000000e+01 6.997999999999999776e-01
0.000000000000000000e+00 6.998999999999999666e-01
0.000000000000000000e+00 6.999999999999999556e-01
4.000000000000000000e+01 7.000999999999999446e-01
2.000000000000000000e+00 7.002000000000000446e-01
1.000000000000000000e+00 7.003000000000000336e-01
5.918000000000000000e+03 7.004000000000000226e-01
0.000000000000000000e+00 7.005000000000000115e-01
0.000000000000000000e+00 7.006000000000000005e-01
5.000000000000000000e+00 7.006999999999999895e-01
1.490000000000000000e+02 7.007999999999999785e-01
1.300000000000000000e+01 7.008999999999999675e-01
2.570000000000000000e+02 7.009999999999999565e-01
1.300000000000000000e+01 7.010999999999999455e-01
5.720000000000000000e+02 7.012000000000000455e-01
0.000000000000000000e+00 7.005000000000000115e-01
9.000000000000000000e+01 7.006000000000000005e-01
5.875000000000000000e+03 7.006999999999999895e-01
8.600000000000000000e+01 6.988999999999999657e-01
0.000000000000000000e+00 6.989999999999999547e-01
2.200000000000000000e+01 6.991000000000000547e-01
5.000000000000000000e+00 6.992000000000000437e-01
2.000000000000000000e+01 6.993000000000000327e-01
0.000000000000000000e+00 6.994000000000000217e-01
0.000000000000000000e+00 6.995000000000000107e-01
0.000000000000000000e+00 6.995999999999999996e-01
0.000000000000000000e+00 6.996999999999999886e-01
0.000000000000000000e+00 6.997999999999999776e-01
5.000000000000000000e+00 6.998999999999999666e-01
1.100000000000000000e+01 6.999999999999999556e-01
6.300000000000000000e+01 7.000999999999999446e-01
2.000000000000000000e+00 7.002000000000000446e-01
2.390000000000000000e+02 7.003000000000000336e-01
1.500000000000000000e+01 7.004000000000000226e-01
3.675600000000000000e+04 7.005000000000000115e-01
2.030000000000000000e+02 6.953000000000000291e-01
0.000000000000000000e+00 6.954000000000000181e-01
5.750000000000000000e+02 6.955000000000000071e-01
1.100000000000000000e+01 6.948999999999999622e-01
0.000000000000000000e+00 6.949999999999999512e-01
6.100000000000000000e+01 6.951000000000000512e-01
0.000000000000000000e+00 6.951000000000000512e-01
3.500000000000000000e+01 6.952000000000000401e-01
1.920000000000000000e+02 6.953000000000000291e-01
8.860000000000000000e+02 6.954000000000000181e-01
3.800000000000000000e+01 6.954000000000000181e-01
0.000000000000000000e+00 6.955000000000000071e-01
1.000000000000000000e+00 6.955999999999999961e-01
0.000000000000000000e+00 6.956999999999999851e-01
0.000000000000000000e+00 6.957999999999999741e-01
1.840000000000000000e+02 6.958999999999999631e-01
4.000000000000000000e+00 6.959999999999999520e-01
1.000000000000000000e+00 6.961000000000000520e-01
5.000000000000000000e+01 6.962000000000000410e-01
8.000000000000000000e+00 6.963000000000000300e-01
1.700000000000000000e+01 6.964000000000000190e-01
1.800000000000000000e+01 6.965000000000000080e-01
2.600000000000000000e+01 6.965999999999999970e-01
2.100000000000000000e+01 6.964000000000000190e-01
1.244000000000000000e+03 6.965000000000000080e-01
0.000000000000000000e+00 6.945000000000000062e-01
0.000000000000000000e+00 6.945999999999999952e-01
4.000000000000000000e+00 6.946999999999999842e-01
1.670000000000000000e+02 6.947999999999999732e-01
1.180000000000000000e+02 6.942000000000000393e-01
0.000000000000000000e+00 6.943000000000000282e-01
3.670000000000000000e+02 6.944000000000000172e-01
4.560000000000000000e+02 6.944000000000000172e-01
4.431000000000000000e+03 6.945000000000000062e-01
0.000000000000000000e+00 6.935000000000000053e-01
0.000000000000000000e+00 6.935999999999999943e-01
1.800000000000000000e+01 6.936999999999999833e-01
0.000000000000000000e+00 6.937999999999999723e-01
1.200000000000000000e+01 6.938999999999999613e-01
0.000000000000000000e+00 6.939999999999999503e-01
0.000000000000000000e+00 6.941000000000000503e-01
1.118000000000000000e+03 6.942000000000000393e-01
6.100000000000000000e+01 6.936999999999999833e-01
2.000000000000000000e+00 6.937999999999999723e-01
2.330000000000000000e+02 6.938999999999999613e-01
0.000000000000000000e+00 6.939999999999999503e-01
7.470000000000000000e+02 6.941000000000000503e-01
2.000000000000000000e+00 6.942000000000000393e-01
2.800000000000000000e+01 6.943000000000000282e-01
4.000000000000000000e+00 6.944000000000000172e-01
0.000000000000000000e+00 6.945000000000000062e-01
2.000000000000000000e+00 6.945999999999999952e-01
6.560000000000000000e+02 6.946999999999999842e-01
0.000000000000000000e+00 6.947999999999999732e-01
0.000000000000000000e+00 6.948999999999999622e-01
2.000000000000000000e+00 6.949999999999999512e-01
2.000000000000000000e+00 6.951000000000000512e-01
6.000000000000000000e+00 6.952000000000000401e-01
4.000000000000000000e+01 6.953000000000000291e-01
0.000000000000000000e+00 6.954000000000000181e-01
1.430000000000000000e+02 6.955000000000000071e-01
1.000000000000000000e+00 6.955999999999999961e-01
4.520000000000000000e+02 6.956999999999999851e-01
0.000000000000000000e+00 6.957999999999999741e-01
1.000000000000000000e+01 6.958999999999999631e-01
0.000000000000000000e+00 6.959999999999999520e-01
5.310000000000000000e+02 6.961000000000000520e-01
4.000000000000000000e+00 6.957999999999999741e-01
0.000000000000000000e+00 6.958999999999999631e-01
2.200000000000000000e+01 6.959999999999999520e-01
0.000000000000000000e+00 6.961000000000000520e-01
3.100000000000000000e+01 6.962000000000000410e-01
2.019000000000000000e+03 6.963000000000000300e-01
3.000000000000000000e+00 6.962000000000000410e-01
0.000000000000000000e+00 6.963000000000000300e-01
0.000000000000000000e+00 6.964000000000000190e-01
4.000000000000000000e+01 6.965000000000000080e-01
3.000000000000000000e+00 6.965999999999999970e-01
1.197000000000000000e+03 6.966999999999999860e-01
0.000000000000000000e+00 6.967999999999999750e-01
2.300000000000000000e+01 6.968999999999999639e-01
3.000000000000000000e+00 6.968999999999999639e-01
3.630000000000000000e+02 6.969999999999999529e-01
1.100000000000000000e+01 6.971000000000000529e-01
1.270000000000000000e+02 6.972000000000000419e-01
1.020000000000000000e+02 6.971000000000000529e-01
8.400000000000000000e+01 6.972000000000000419e-01
1.200000000000000000e+01 6.973000000000000309e-01
0.000000000000000000e+00 6.974000000000000199e-01
1.020000000000000000e+02 6.975000000000000089e-01
0.000000000000000000e+00 6.975999999999999979e-01
1.500000000000000000e+01 6.976999999999999869e-01
5.000000000000000000e+00 6.977999999999999758e-01
3.000000000000000000e+00 6.978999999999999648e-01
0.000000000000000000e+00 6.979999999999999538e-01
1.000000000000000000e+00 6.981000000000000538e-01
8.000000000000000000e+00 6.982000000000000428e-01
3.824000000000000000e+03 6.983000000000000318e-01
1.100000000000000000e+01 6.984000000000000208e-01
0.000000000000000000e+00 6.985000000000000098e-01
1.443100000000000000e+04 6.985999999999999988e-01
2.400000000000000000e+01 6.974000000000000199e-01
0.000000000000000000e+00 6.975000000000000089e-01
3.000000000000000000e+00 6.975999999999999979e-01
0.000000000000000000e+00 6.976999999999999869e-01
5.070000000000000000e+02 6.977999999999999758e-01
5.000000000000000000e+00 6.974000000000000199e-01
2.400000000000000000e+01 6.975000000000000089e-01
5.000000000000000000e+00 6.975999999999999979e-01
0.000000000000000000e+00 6.975999999999999979e-01
6.440000000000000000e+02 6.976999999999999869e-01
5.920000000000000000e+03 6.977999999999999758e-01
7.000000000000000000e+00 6.975999999999999979e-01
0.000000000000000000e+00 6.976999999999999869e-01
7.000000000000000000e+00 6.977999999999999758e-01
8.000000000000000000e+00 6.978999999999999648e-01
7.600000000000000000e+01 6.979999999999999538e-01
0.000000000000000000e+00 6.981000000000000538e-01
4.700000000000000000e+01 6.982000000000000428e-01
2.630000000000000000e+02 6.983000000000000318e-01
9.000000000000000000e+00 6.984000000000000208e-01
3.000000000000000000e+01 6.985000000000000098e-01
1.000000000000000000e+01 6.985999999999999988e-01
0.000000000000000000e+00 6.986999999999999877e-01
3.000000000000000000e+00 6.987999999999999767e-01
1.000000000000000000e+01 6.988999999999999657e-01
3.200000000000000000e+01 6.989999999999999547e-01
2.600000000000000000e+01 6.991000000000000547e-01
1.000000000000000000e+00 6.992000000000000437e-01
9.000000000000000000e+00 6.993000000000000327e-01
1.300000000000000000e+01 6.994000000000000217e-01
1.000000000000000000e+00 6.994000000000000217e-01
8.700000000000000000e+01 6.995000000000000107e-01
2.300000000000000000e+01 6.995000000000000107e-01
1.433000000000000000e+03 6.995999999999999996e-01
0.000000000000000000e+00 6.996999999999999886e-01
3.200000000000000000e+01 6.997999999999999776e-01
1.310000000000000000e+02 6.997999999999999776e-01
3.000000000000000000e+00 6.998999999999999666e-01
3.200000000000000000e+01 6.999999999999999556e-01
5.000000000000000000e+01 7.000999999999999446e-01
0.000000000000000000e+00 7.002000000000000446e-01
5.000000000000000000e+00 7.003000000000000336e-01
4.900000000000000000e+01 7.004000000000000226e-01
3.460000000000000000e+02 7.005000000000000115e-01
3.170000000000000000e+02 6.997999999999999776e-01
2.000000000000000000e+00 6.998999999999999666e-01
0.000000000000000000e+00 6.998999999999999666e-01
1.436000000000000000e+03 6.999999999999999556e-01
0.000000000000000000e+00 6.995000000000000107e-01
0.000000000000000000e+00 6.995999999999999996e-01
6.728000000000000000e+03 6.996999999999999886e-01
0.000000000000000000e+00 6.997999999999999776e-01
1.000000000000000000e+00 6.998999999999999666e-01
1.900000000000000000e+01 6.998999999999999666e-01
0.000000000000000000e+00 6.999999999999999556e-01
0.000000000000000000e+00 7.000999999999999446e-01
1.000000000000000000e+00 7.002000000000000446e-01
1.500000000000000000e+01 7.000999999999999446e-01
3.900000000000000000e+01 7.002000000000000446e-01
0.000000000000000000e+00 7.003000000000000336e-01
0.000000000000000000e+00 7.004000000000000226e-01
0.000000000000000000e+00 7.005000000000000115e-01
8.000000000000000000e+00 7.006000000000000005e-01
3.000000000000000000e+00 7.006999999999999895e-01
2.000000000000000000e+00 7.007999999999999785e-01
6.390000000000000000e+02 7.008999999999999675e-01
0.000000000000000000e+00 7.009999999999999565e-01
0.000000000000000000e+00 7.010999999999999455e-01
7.000000000000000000e+00 7.012000000000000455e-01
0.000000000000000000e+00 7.013000000000000345e-01
8.100000000000000000e+01 7.014000000000000234e-01
1.800000000000000000e+01 7.015000000000000124e-01
9.000000000000000000e+00 7.015000000000000124e-01
1.000000000000000000e+00 7.016000000000000014e-01
1.000000000000000000e+00 7.016999999999999904e-01
2.750000000000000000e+02 7.017999999999999794e-01
2.900000000000000000e+01 7.016999999999999904e-01
0.000000000000000000e+00 7.017999999999999794e-01
4.000000000000000000e+00 7.018999999999999684e-01
8.500000000000000000e+01 7.019999999999999574e-01
8.260000000000000000e+02 7.020999999999999464e-01
9.000000000000000000e+00 7.022000000000000464e-01
2.440000000000000000e+02 7.023000000000000353e-01
1.880000000000000000e+02 7.024000000000000243e-01
4.000000000000000000e+00 7.025000000000000133e-01
4.800000000000000000e+01 7.026000000000000023e-01
0.000000000000000000e+00 7.026999999999999913e-01
3.000000000000000000e+00 7.027999999999999803e-01
4.770000000000000000e+02 7.028999999999999693e-01
1.400000000000000000e+01 7.029999999999999583e-01
1.624000000000000000e+03 7.030999999999999472e-01
5.100000000000000000e+01 7.032000000000000473e-01
1.020000000000000000e+02 7.033000000000000362e-01
0.000000000000000000e+00 7.033000000000000362e-01
3.100000000000000000e+01 7.034000000000000252e-01
7.000000000000000000e+00 7.035000000000000142e-01
2.000000000000000000e+00 7.036000000000000032e-01
2.646500000000000000e+04 7.036999999999999922e-01
7.160000000000000000e+02 7.017999999999999794e-01
1.000000000000000000e+00 7.017999999999999794e-01
1.000000000000000000e+00 7.018999999999999684e-01
7.000000000000000000e+00 7.019999999999999574e-01
2.580000000000000000e+02 7.020999999999999464e-01
0.000000000000000000e+00 7.022000000000000464e-01
9.000000000000000000e+00 7.023000000000000353e-01
0.000000000000000000e+00 7.024000000000000243e-01
4.157000000000000000e+03 7.025000000000000133e-01
2.000000000000000000e+00 7.014000000000000234e-01
5.000000000000000000e+00 7.015000000000000124e-01
1.300000000000000000e+01 7.016000000000000014e-01
2.000000000000000000e+00 7.015000000000000124e-01
1.350000000000000000e+02 7.014000000000000234e-01
4.000000000000000000e+00 7.015000000000000124e-01
1.190000000000000000e+02 7.015000000000000124e-01
0.000000000000000000e+00 7.016000000000000014e-01
3.000000000000000000e+00 7.016999999999999904e-01
2.000000000000000000e+00 7.017999999999999794e-01
0.000000000000000000e+00 7.018999999999999684e-01
1.600000000000000000e+01 7.019999999999999574e-01
2.400000000000000000e+01 7.020999999999999464e-01
1.500000000000000000e+01 7.022000000000000464e-01
1.140000000000000000e+02 7.023000000000000353e-01
0.000000000000000000e+00 7.024000000000000243e-01
2.200000000000000000e+01 7.025000000000000133e-01
3.500000000000000000e+01 7.026000000000000023e-01
0.000000000000000000e+00 7.026000000000000023e-01
5.000000000000000000e+00 7.026999999999999913e-01
6.000000000000000000e+00 7.027999999999999803e-01
1.980000000000000000e+02 7.028999999999999693e-01
3.400000000000000000e+01 7.029999999999999583e-01
2.300000000000000000e+01 7.030999999999999472e-01
0.000000000000000000e+00 7.032000000000000473e-01
7.800000000000000000e+01 7.033000000000000362e-01
2.100000000000000000e+01 7.033000000000000362e-01
0.000000000000000000e+00 7.032000000000000473e-01
2.300000000000000000e+02 7.033000000000000362e-01
1.070000000000000000e+02 7.034000000000000252e-01
4.573000000000000000e+03 7.035000000000000142e-01
0.000000000000000000e+00 7.026000000000000023e-01
8.670000000000000000e+02 7.026999999999999913e-01
7.400000000000000000e+01 7.027999999999999803e-01
1.000000000000000000e+00 7.027999999999999803e-01
2.000000000000000000e+00 7.028999999999999693e-01
1.610000000000000000e+02 7.029999999999999583e-01
9.800000000000000000e+01 7.030999999999999472e-01
0.000000000000000000e+00 7.032000000000000473e-01
4.000000000000000000e+00 7.033000000000000362e-01
1.637000000000000000e+03 7.034000000000000252e-01
4.000000000000000000e+00 7.034000000000000252e-01
2.000000000000000000e+00 7.034000000000000252e-01
9.000000000000000000e+00 7.035000000000000142e-01
0.000000000000000000e+00 7.036000000000000032e-01
0.000000000000000000e+00 7.036999999999999922e-01
1.000000000000000000e+01 7.037999999999999812e-01
4.000000000000000000e+00 7.036999999999999922e-01
0.000000000000000000e+00 7.036999999999999922e-01
0.000000000000000000e+00 7.037999999999999812e-01
2.000000000000000000e+00 7.038999999999999702e-01
2.160000000000000000e+02 7.039999999999999591e-01
1.000000000000000000e+00 7.040999999999999481e-01
0.000000000000000000e+00 7.042000000000000481e-01
0.000000000000000000e+00 7.043000000000000371e-01
0.000000000000000000e+00 7.044000000000000261e-01
1.700000000000000000e+01 7.045000000000000151e-01
3.000000000000000000e+00 7.046000000000000041e-01
0.000000000000000000e+00 7.046999999999999931e-01
0.000000000000000000e+00 7.047999999999999821e-01
0.000000000000000000e+00 7.048999999999999710e-01
1.060000000000000000e+02 7.049999999999999600e-01
1.000000000000000000e+01 7.046999999999999931e-01
1.000000000000000000e+00 7.047999999999999821e-01
7.700000000000000000e+01 7.048999999999999710e-01
0.000000000000000000e+00 7.049999999999999600e-01
0.000000000000000000e+00 7.050999999999999490e-01
5.000000000000000000e+00 7.052000000000000490e-01
9.000000000000000000e+01 7.053000000000000380e-01
8.000000000000000000e+00 7.054000000000000270e-01
5.000000000000000000e+00 7.055000000000000160e-01
2.000000000000000000e+00 7.056000000000000050e-01
4.000000000000000000e+00 7.056999999999999940e-01
0.000000000000000000e+00 7.056000000000000050e-01
7.000000000000000000e+00 7.056999999999999940e-01
4.000000000000000000e+00 7.057999999999999829e-01
5.000000000000000000e+00 7.058999999999999719e-01
6.000000000000000000e+00 7.059999999999999609e-01
1.704000000000000000e+03 7.058999999999999719e-01
0.000000000000000000e+00 7.059999999999999609e-01
0.000000000000000000e+00 7.060999999999999499e-01
3.200000000000000000e+01 7.062000000000000499e-01
1.944000000000000000e+03 7.063000000000000389e-01
3.000000000000000000e+00 7.064000000000000279e-01
1.030000000000000000e+02 7.065000000000000169e-01
1.392000000000000000e+03 7.063000000000000389e-01
2.000000000000000000e+01 7.063000000000000389e-01
5.000000000000000000e+00 7.064000000000000279e-01
0.000000000000000000e+00 7.065000000000000169e-01
5.080000000000000000e+02 7.066000000000000059e-01
0.000000000000000000e+00 7.066999999999999948e-01
1.000000000000000000e+01 7.067999999999999838e-01
2.529600000000000000e+04 7.068999999999999728e-01
2.000000000000000000e+00 7.057999999999999829e-01
8.400000000000000000e+02 7.058999999999999719e-01
1.300000000000000000e+01 7.059999999999999609e-01
1.600000000000000000e+01 7.060999999999999499e-01
0.000000000000000000e+00 7.062000000000000499e-01
1.100000000000000000e+01 7.063000000000000389e-01
3.050000000000000000e+02 7.064000000000000279e-01
0.000000000000000000e+00 7.065000000000000169e-01
1.500000000000000000e+02 7.066000000000000059e-01
1.960000000000000000e+02 7.066999999999999948e-01
9.400000000000000000e+01 7.067999999999999838e-01
0.000000000000000000e+00 7.068999999999999728e-01
5.000000000000000000e+01 7.069999999999999618e-01
1.900000000000000000e+01 7.070999999999999508e-01
3.320000000000000000e+02 7.072000000000000508e-01
1.335900000000000000e+04 7.073000000000000398e-01
0.000000000000000000e+00 7.073000000000000398e-01
1.410000000000000000e+02 7.074000000000000288e-01
9.500000000000000000e+01 7.075000000000000178e-01
8.700000000000000000e+01 7.076000000000000068e-01
0.000000000000000000e+00 7.076999999999999957e-01
1.180000000000000000e+02 7.077999999999999847e-01
4.300000000000000000e+01 7.078999999999999737e-01
2.000000000000000000e+00 7.079999999999999627e-01
7.000000000000000000e+00 7.080999999999999517e-01
1.000000000000000000e+00 7.082000000000000517e-01
7.300000000000000000e+01 7.083000000000000407e-01
0.000000000000000000e+00 7.084000000000000297e-01
4.000000000000000000e+00 7.085000000000000187e-01
2.900000000000000000e+01 7.086000000000000076e-01
1.673000000000000000e+03 7.086999999999999966e-01
6.000000000000000000e+00 7.074000000000000288e-01
4.000000000000000000e+00 7.072000000000000508e-01
4.703600000000000000e+04 7.073000000000000398e-01
2.700000000000000000e+01 7.049999999999999600e-01
5.000000000000000000e+01 7.050999999999999490e-01
7.100000000000000000e+01 7.052000000000000490e-01
6.900000000000000000e+01 7.053000000000000380e-01
1.200000000000000000e+01 7.049999999999999600e-01
9.000000000000000000e+00 7.050999999999999490e-01
9.710000000000000000e+02 7.052000000000000490e-01
7.000000000000000000e+00 7.046000000000000041e-01
1.200000000000000000e+01 7.046999999999999931e-01
1.000000000000000000e+00 7.047999999999999821e-01
7.400000000000000000e+01 7.048999999999999710e-01
2.240000000000000000e+02 7.049999999999999600e-01
0.000000000000000000e+00 7.047999999999999821e-01
0.000000000000000000e+00 7.048999999999999710e-01
0.000000000000000000e+00 7.049999999999999600e-01
0.000000000000000000e+00 7.050999999999999490e-01
1.400000000000000000e+01 7.052000000000000490e-01
6.000000000000000000e+00 7.053000000000000380e-01
0.000000000000000000e+00 7.053000000000000380e-01
5.235000000000000000e+03 7.054000000000000270e-01
1.314400000000000000e+04 7.055000000000000160e-01
1.360000000000000000e+02 7.038999999999999702e-01
6.500000000000000000e+01 7.039999999999999591e-01
0.000000000000000000e+00 7.040999999999999481e-01
4.000000000000000000e+00 7.042000000000000481e-01
5.630000000000000000e+02 7.042000000000000481e-01
1.500000000000000000e+01 7.043000000000000371e-01
0.000000000000000000e+00 7.044000000000000261e-01
1.000000000000000000e+01 7.045000000000000151e-01
1.300000000000000000e+01 7.046000000000000041e-01
1.000000000000000000e+00 7.046999999999999931e-01
2.300000000000000000e+01 7.047999999999999821e-01
1.100000000000000000e+01 7.046000000000000041e-01
1.000000000000000000e+00 7.046999999999999931e-01
1.875800000000000000e+04 7.047999999999999821e-01
7.000000000000000000e+00 6.994000000000000217e-01
1.000000000000000000e+00 6.995000000000000107e-01
9.000000000000000000e+00 6.995999999999999996e-01
1.100000000000000000e+01 6.996999999999999886e-01
2.000000000000000000e+00 6.997999999999999776e-01
1.411000000000000000e+03 6.998999999999999666e-01
2.961000000000000000e+03 6.999999999999999556e-01
0.000000000000000000e+00 6.995999999999999996e-01
9.500000000000000000e+01 6.996999999999999886e-01
1.376000000000000000e+03 6.997999999999999776e-01
3.000000000000000000e+00 6.998999999999999666e-01
1.054000000000000000e+03 6.999999999999999556e-01
2.000000000000000000e+00 7.000999999999999446e-01
2.000000000000000000e+00 7.002000000000000446e-01
2.412000000000000000e+03 7.003000000000000336e-01
0.000000000000000000e+00 6.997999999999999776e-01
6.000000000000000000e+00 6.998999999999999666e-01
7.300000000000000000e+01 6.999999999999999556e-01
8.000000000000000000e+02 7.000999999999999446e-01
2.990000000000000000e+02 6.995999999999999996e-01
1.200000000000000000e+01 6.996999999999999886e-01
2.600000000000000000e+01 6.997999999999999776e-01
1.000000000000000000e+00 6.998999999999999666e-01
0.000000000000000000e+00 6.999999999999999556e-01
0.000000000000000000e+00 7.000999999999999446e-01
2.900000000000000000e+01 7.002000000000000446e-01
4.500000000000000000e+01 6.997999999999999776e-01
0.000000000000000000e+00 6.998999999999999666e-01
2.000000000000000000e+00 6.999999999999999556e-01
0.000000000000000000e+00 7.000999999999999446e-01
2.000000000000000000e+00 7.002000000000000446e-01
0.000000000000000000e+00 7.003000000000000336e-01
3.000000000000000000e+00 7.004000000000000226e-01
5.000000000000000000e+00 7.005000000000000115e-01
6.000000000000000000e+00 7.004000000000000226e-01
9.700000000000000000e+01 7.005000000000000115e-01
6.200000000000000000e+01 7.006000000000000005e-01
2.110000000000000000e+02 7.006999999999999895e-01
0.000000000000000000e+00 7.007999999999999785e-01
7.000000000000000000e+00 7.008999999999999675e-01
2.059000000000000000e+03 7.009999999999999565e-01
9.400000000000000000e+01 7.009999999999999565e-01
5.120000000000000000e+02 7.007999999999999785e-01
1.300000000000000000e+01 7.008999999999999675e-01
2.520000000000000000e+02 7.009999999999999565e-01
1.770000000000000000e+02 7.006999999999999895e-01
9.000000000000000000e+00 7.007999999999999785e-01
1.700000000000000000e+01 7.008999999999999675e-01
2.000000000000000000e+00 7.009999999999999565e-01
3.500000000000000000e+01 7.010999999999999455e-01
5.699000000000000000e+03 7.007999999999999785e-01
5.350000000000000000e+02 6.998999999999999666e-01
6.870000000000000000e+02 6.996999999999999886e-01
2.000000000000000000e+00 6.997999999999999776e-01
5.400000000000000000e+01 6.998999999999999666e-01
1.000000000000000000e+00 6.999999999999999556e-01
4.400000000000000000e+01 7.000999999999999446e-01
5.200000000000000000e+01 7.002000000000000446e-01
0.000000000000000000e+00 7.003000000000000336e-01
0.000000000000000000e+00 7.004000000000000226e-01
4.000000000000000000e+00 7.005000000000000115e-01
4.400000000000000000e+01 7.006000000000000005e-01
0.000000000000000000e+00 7.006999999999999895e-01
6.710000000000000000e+02 7.007999999999999785e-01
1.000000000000000000e+01 7.007999999999999785e-01
0.000000000000000000e+00 7.008999999999999675e-01
0.000000000000000000e+00 7.009999999999999565e-01
7.000000000000000000e+00 7.010999999999999455e-01
0.000000000000000000e+00 7.012000000000000455e-01
0.000000000000000000e+00 7.013000000000000345e-01
1.768000000000000000e+03 7.014000000000000234e-01
4.260000000000000000e+02 7.015000000000000124e-01
0.000000000000000000e+00 7.016000000000000014e-01
0.000000000000000000e+00 7.016999999999999904e-01
0.000000000000000000e+00 7.017999999999999794e-01
0.000000000000000000e+00 7.018999999999999684e-01
4.000000000000000000e+00 7.019999999999999574e-01
3.000000000000000000e+01 7.020999999999999464e-01
0.000000000000000000e+00 7.022000000000000464e-01
2.013600000000000000e+04 7.023000000000000353e-01
3.000000000000000000e+01 7.022000000000000464e-01
0.000000000000000000e+00 7.023000000000000353e-01
0.000000000000000000e+00 7.024000000000000243e-01
1.100000000000000000e+01 7.025000000000000133e-01
9.320000000000000000e+02 7.026000000000000023e-01
5.000000000000000000e+00 7.025000000000000133e-01
1.900000000000000000e+01 7.026000000000000023e-01
0.000000000000000000e+00 7.026999999999999913e-01
0.000000000000000000e+00 7.027999999999999803e-01
0.000000000000000000e+00 7.028999999999999693e-01
1.200000000000000000e+01 7.029999999999999583e-01
6.000000000000000000e+02 7.030999999999999472e-01
0.000000000000000000e+00 7.032000000000000473e-01
4.200000000000000000e+01 7.033000000000000362e-01
5.920000000000000000e+03 7.034000000000000252e-01
2.120000000000000000e+02 7.035000000000000142e-01
0.000000000000000000e+00 7.036000000000000032e-01
5.000000000000000000e+00 7.036999999999999922e-01
0.000000000000000000e+00 7.037999999999999812e-01
2.000000000000000000e+00 7.038999999999999702e-01
3.400000000000000000e+01 7.039999999999999591e-01
0.000000000000000000e+00 7.040999999999999481e-01
4.000000000000000000e+00 7.042000000000000481e-01
6.100000000000000000e+01 7.040999999999999481e-01
1.000000000000000000e+00 7.042000000000000481e-01
1.000000000000000000e+00 7.043000000000000371e-01
0.000000000000000000e+00 7.044000000000000261e-01
1.000000000000000000e+00 7.045000000000000151e-01
0.000000000000000000e+00 7.046000000000000041e-01
0.000000000000000000e+00 7.046999999999999931e-01
0.000000000000000000e+00 7.047999999999999821e-01
3.000000000000000000e+00 7.048999999999999710e-01
2.500000000000000000e+01 7.047999999999999821e-01
2.600000000000000000e+01 7.048999999999999710e-01
1.000000000000000000e+00 7.049999999999999600e-01
0.000000000000000000e+00 7.050999999999999490e-01
5.600000000000000000e+01 7.052000000000000490e-01
1.300000000000000000e+01 7.053000000000000380e-01
7.570000000000000000e+02 7.053000000000000380e-01
6.180000000000000000e+02 7.054000000000000270e-01
2.000000000000000000e+01 7.055000000000000160e-01
2.990000000000000000e+02 7.056000000000000050e-01
1.000000000000000000e+01 7.056999999999999940e-01
9.000000000000000000e+00 7.056999999999999940e-01
0.000000000000000000e+00 7.057999999999999829e-01
1.000000000000000000e+01 7.058999999999999719e-01
2.050000000000000000e+03 7.059999999999999609e-01
1.000000000000000000e+01 7.060999999999999499e-01
3.600000000000000000e+01 7.062000000000000499e-01
4.915000000000000000e+03 7.063000000000000389e-01
2.000000000000000000e+00 7.060999999999999499e-01
0.000000000000000000e+00 7.062000000000000499e-01
4.000000000000000000e+00 7.063000000000000389e-01
6.000000000000000000e+00 7.064000000000000279e-01
1.000000000000000000e+00 7.065000000000000169e-01
8.380000000000000000e+02 7.066000000000000059e-01
0.000000000000000000e+00 7.066000000000000059e-01
2.233000000000000000e+03 7.066999999999999948e-01
2.510000000000000000e+02 7.065000000000000169e-01
2.000000000000000000e+00 7.066000000000000059e-01
0.000000000000000000e+00 7.066999999999999948e-01
0.000000000000000000e+00 7.067999999999999838e-01
1.000000000000000000e+00 7.068999999999999728e-01
5.000000000000000000e+00 7.069999999999999618e-01
2.250000000000000000e+02 7.070999999999999508e-01
0.000000000000000000e+00 7.070999999999999508e-01
1.000000000000000000e+01 7.072000000000000508e-01
0.000000000000000000e+00 7.073000000000000398e-01
2.000000000000000000e+00 7.074000000000000288e-01
0.000000000000000000e+00 7.075000000000000178e-01
1.120000000000000000e+02 7.076000000000000068e-01
2.730000000000000000e+02 7.076999999999999957e-01
2.420000000000000000e+03 7.077999999999999847e-01
0.000000000000000000e+00 7.078999999999999737e-01
5.060000000000000000e+02 7.079999999999999627e-01
2.399300000000000000e+04 7.077999999999999847e-01
4.000000000000000000e+00 7.057999999999999829e-01
0.000000000000000000e+00 7.058999999999999719e-01
1.000000000000000000e+00 7.059999999999999609e-01
4.830000000000000000e+02 7.060999999999999499e-01
0.000000000000000000e+00 7.062000000000000499e-01
0.000000000000000000e+00 7.063000000000000389e-01
4.080000000000000000e+02 7.064000000000000279e-01
2.500000000000000000e+01 7.065000000000000169e-01
9.200000000000000000e+01 7.066000000000000059e-01
1.300000000000000000e+01 7.066999999999999948e-01
5.483700000000000000e+04 7.067999999999999838e-01
6.970000000000000000e+02 6.978999999999999648e-01
1.623000000000000000e+03 6.979999999999999538e-01
2.000000000000000000e+00 6.981000000000000538e-01
0.000000000000000000e+00 6.982000000000000428e-01
3.000000000000000000e+00 6.983000000000000318e-01
5.000000000000000000e+00 6.984000000000000208e-01
3.000000000000000000e+00 6.985000000000000098e-01
0.000000000000000000e+00 6.985999999999999988e-01
0.000000000000000000e+00 6.986999999999999877e-01
5.000000000000000000e+00 6.987999999999999767e-01
0.000000000000000000e+00 6.988999999999999657e-01
3.000000000000000000e+00 6.989999999999999547e-01
1.600000000000000000e+01 6.991000000000000547e-01
6.000000000000000000e+00 6.992000000000000437e-01
0.000000000000000000e+00 6.993000000000000327e-01
2.300000000000000000e+01 6.994000000000000217e-01
0.000000000000000000e+00 6.992000000000000437e-01
0.000000000000000000e+00 6.993000000000000327e-01
7.600000000000000000e+01 6.994000000000000217e-01
4.000000000000000000e+00 6.995000000000000107e-01
0.000000000000000000e+00 6.995999999999999996e-01
2.150000000000000000e+02 6.996999999999999886e-01
1.990000000000000000e+02 6.997999999999999776e-01
0.000000000000000000e+00 6.998999999999999666e-01
1.860000000000000000e+02 6.999999999999999556e-01
0.000000000000000000e+00 6.996999999999999886e-01
1.190000000000000000e+02 6.997999999999999776e-01
0.000000000000000000e+00 6.996999999999999886e-01
2.344000000000000000e+04 6.997999999999999776e-01
0.000000000000000000e+00 6.978999999999999648e-01
4.000000000000000000e+00 6.979999999999999538e-01
3.200000000000000000e+01 6.981000000000000538e-01
2.000000000000000000e+00 6.982000000000000428e-01
3.000000000000000000e+00 6.982000000000000428e-01
0.000000000000000000e+00 6.983000000000000318e-01
0.000000000000000000e+00 6.984000000000000208e-01
7.000000000000000000e+00 6.985000000000000098e-01
6.000000000000000000e+01 6.985999999999999988e-01
0.000000000000000000e+00 6.986999999999999877e-01
0.000000000000000000e+00 6.987999999999999767e-01
6.000000000000000000e+00 6.988999999999999657e-01
3.131000000000000000e+03 6.989999999999999547e-01
2.900000000000000000e+01 6.991000000000000547e-01
7.000000000000000000e+00 6.992000000000000437e-01
0.000000000000000000e+00 6.993000000000000327e-01
3.600000000000000000e+01 6.994000000000000217e-01
0.000000000000000000e+00 6.995000000000000107e-01
6.400000000000000000e+02 6.995999999999999996e-01
1.918700000000000000e+04 6.995999999999999996e-01
3.000000000000000000e+00 6.981000000000000538e-01
3.000000000000000000e+00 6.981000000000000538e-01
1.700000000000000000e+01 6.982000000000000428e-01
2.000000000000000000e+00 6.983000000000000318e-01
0.000000000000000000e+00 6.984000000000000208e-01
5.771000000000000000e+03 6.985000000000000098e-01
2.000000000000000000e+00 6.974000000000000199e-01
0.000000000000000000e+00 6.975000000000000089e-01
9.000000000000000000e+00 6.975999999999999979e-01
0.000000000000000000e+00 6.976999999999999869e-01
4.600000000000000000e+01 6.977999999999999758e-01
3.700000000000000000e+01 6.978999999999999648e-01
0.000000000000000000e+00 6.979999999999999538e-01
2.000000000000000000e+00 6.981000000000000538e-01
4.000000000000000000e+00 6.979999999999999538e-01
1.000000000000000000e+01 6.981000000000000538e-01
2.700000000000000000e+01 6.982000000000000428e-01
7.955000000000000000e+03 6.983000000000000318e-01
0.000000000000000000e+00 6.984000000000000208e-01
2.000000000000000000e+00 6.985000000000000098e-01
0.000000000000000000e+00 6.985999999999999988e-01
1.480000000000000000e+02 6.986999999999999877e-01
0.000000000000000000e+00 6.987999999999999767e-01
0.000000000000000000e+00 6.988999999999999657e-01
2.000000000000000000e+00 6.989999999999999547e-01
0.000000000000000000e+00 6.991000000000000547e-01
2.500000000000000000e+01 6.992000000000000437e-01
2.000000000000000000e+00 6.993000000000000327e-01
5.000000000000000000e+00 6.994000000000000217e-01
0.000000000000000000e+00 6.995000000000000107e-01
3.600000000000000000e+01 6.995999999999999996e-01
0.000000000000000000e+00 6.996999999999999886e-01
1.790000000000000000e+02 6.997999999999999776e-01
0.000000000000000000e+00 6.998999999999999666e-01
2.809000000000000000e+03 6.999999999999999556e-01
2.700000000000000000e+01 6.993000000000000327e-01
4.500000000000000000e+01 6.994000000000000217e-01
9.500000000000000000e+01 6.995000000000000107e-01
9.000000000000000000e+00 6.995999999999999996e-01
1.530000000000000000e+02 6.996999999999999886e-01
1.000000000000000000e+00 6.997999999999999776e-01
1.000000000000000000e+01 6.998999999999999666e-01
3.600000000000000000e+01 6.999999999999999556e-01
1.000000000000000000e+00 7.000999999999999446e-01
7.000000000000000000e+00 7.002000000000000446e-01
5.900000000000000000e+01 7.002000000000000446e-01
0.000000000000000000e+00 7.003000000000000336e-01
0.000000000000000000e+00 7.004000000000000226e-01
0.000000000000000000e+00 7.005000000000000115e-01
1.500000000000000000e+01 7.006000000000000005e-01
0.000000000000000000e+00 7.006999999999999895e-01
6.000000000000000000e+00 7.007999999999999785e-01
1.000000000000000000e+00 7.008999999999999675e-01
2.000000000000000000e+00 7.009999999999999565e-01
2.500000000000000000e+01 7.010999999999999455e-01
4.800000000000000000e+01 7.012000000000000455e-01
3.000000000000000000e+00 7.009999999999999565e-01
8.000000000000000000e+01 7.010999999999999455e-01
0.000000000000000000e+00 7.012000000000000455e-01
6.281000000000000000e+03 7.013000000000000345e-01
5.000000000000000000e+00 7.010999999999999455e-01
2.256000000000000000e+03 7.012000000000000455e-01
0.000000000000000000e+00 7.008999999999999675e-01
1.206600000000000000e+04 7.009999999999999565e-01
0.000000000000000000e+00 6.998999999999999666e-01
1.900000000000000000e+01 6.999999999999999556e-01
3.300000000000000000e+01 7.000999999999999446e-01
3.510000000000000000e+02 7.002000000000000446e-01
1.819000000000000000e+03 7.003000000000000336e-01
7.200000000000000000e+01 6.995999999999999996e-01
1.530000000000000000e+02 6.996999999999999886e-01
2.800000000000000000e+01 6.997999999999999776e-01
1.000000000000000000e+00 6.998999999999999666e-01
0.000000000000000000e+00 6.999999999999999556e-01
3.000000000000000000e+00 7.000999999999999446e-01
0.000000000000000000e+00 7.002000000000000446e-01
0.000000000000000000e+00 7.003000000000000336e-01
7.000000000000000000e+00 7.004000000000000226e-01
1.000000000000000000e+00 7.005000000000000115e-01
0.000000000000000000e+00 7.005000000000000115e-01
2.000000000000000000e+00 7.006000000000000005e-01
4.000000000000000000e+00 7.006999999999999895e-01
0.000000000000000000e+00 7.007999999999999785e-01
0.000000000000000000e+00 7.008999999999999675e-01
1.000000000000000000e+00 7.009999999999999565e-01
7.000000000000000000e+00 7.010999999999999455e-01
2.000000000000000000e+00 7.012000000000000455e-01
4.000000000000000000e+00 7.010999999999999455e-01
5.300000000000000000e+01 7.012000000000000455e-01
0.000000000000000000e+00 7.013000000000000345e-01
1.120000000000000000e+02 7.014000000000000234e-01
1.640000000000000000e+02 7.015000000000000124e-01
9.490000000000000000e+02 7.016000000000000014e-01
1.100000000000000000e+01 7.016999999999999904e-01
1.680000000000000000e+02 7.017999999999999794e-01
8.430000000000000000e+02 7.018999999999999684e-01
1.900000000000000000e+01 7.012000000000000455e-01
9.900000000000000000e+01 7.013000000000000345e-01
1.420000000000000000e+02 7.014000000000000234e-01
0.000000000000000000e+00 7.015000000000000124e-01
0.000000000000000000e+00 7.016000000000000014e-01
0.000000000000000000e+00 7.016999999999999904e-01
1.000000000000000000e+00 7.017999999999999794e-01
1.000000000000000000e+00 7.018999999999999684e-01
1.650000000000000000e+02 7.017999999999999794e-01
4.100000000000000000e+01 7.018999999999999684e-01
0.000000000000000000e+00 7.019999999999999574e-01
4.000000000000000000e+00 7.020999999999999464e-01
4.722000000000000000e+03 7.019999999999999574e-01
6.639000000000000000e+03 7.012000000000000455e-01
3.000000000000000000e+00 7.010999999999999455e-01
4.600000000000000000e+01 7.012000000000000455e-01
0.000000000000000000e+00 7.013000000000000345e-01
1.322000000000000000e+03 7.014000000000000234e-01
2.000000000000000000e+00 7.015000000000000124e-01
0.000000000000000000e+00 7.016000000000000014e-01
3.500000000000000000e+01 7.016999999999999904e-01
1.510000000000000000e+02 7.017999999999999794e-01
0.000000000000000000e+00 7.018999999999999684e-01
0.000000000000000000e+00 7.019999999999999574e-01
1.050000000000000000e+02 7.020999999999999464e-01
3.000000000000000000e+00 7.022000000000000464e-01
0.000000000000000000e+00 7.023000000000000353e-01
1.000000000000000000e+00 7.024000000000000243e-01
0.000000000000000000e+00 7.025000000000000133e-01
3.300000000000000000e+01 7.026000000000000023e-01
6.100000000000000000e+01 7.026999999999999913e-01
2.320000000000000000e+02 7.026999999999999913e-01
0.000000000000000000e+00 7.027999999999999803e-01
6.000000000000000000e+00 7.028999999999999693e-01
3.200000000000000000e+01 7.029999999999999583e-01
1.130000000000000000e+02 7.030999999999999472e-01
1.000000000000000000e+01 7.032000000000000473e-01
6.700000000000000000e+01 7.033000000000000362e-01
1.100000000000000000e+01 7.034000000000000252e-01
8.400000000000000000e+01 7.033000000000000362e-01
4.000000000000000000e+00 7.034000000000000252e-01
5.920000000000000000e+03 7.035000000000000142e-01
2.290000000000000000e+02 7.036000000000000032e-01
4.000000000000000000e+00 7.030999999999999472e-01
2.000000000000000000e+00 7.032000000000000473e-01
8.600000000000000000e+01 7.033000000000000362e-01
2.700000000000000000e+01 7.034000000000000252e-01
4.600000000000000000e+01 7.035000000000000142e-01
7.700000000000000000e+01 7.036000000000000032e-01
6.000000000000000000e+00 7.036999999999999922e-01
9.000000000000000000e+00 7.037999999999999812e-01
4.000000000000000000e+00 7.038999999999999702e-01
1.370000000000000000e+03 7.039999999999999591e-01
1.000000000000000000e+00 7.040999999999999481e-01
6.000000000000000000e+00 7.042000000000000481e-01
0.000000000000000000e+00 7.043000000000000371e-01
0.000000000000000000e+00 7.044000000000000261e-01
0.000000000000000000e+00 7.045000000000000151e-01
0.000000000000000000e+00 7.046000000000000041e-01
1.480000000000000000e+02 7.046999999999999931e-01
1.500000000000000000e+01 7.047999999999999821e-01
0.000000000000000000e+00 7.048999999999999710e-01
2.400000000000000000e+01 7.049999999999999600e-01
9.600000000000000000e+01 7.050999999999999490e-01
2.200000000000000000e+01 7.052000000000000490e-01
0.000000000000000000e+00 7.053000000000000380e-01
1.000000000000000000e+00 7.054000000000000270e-01
4.880000000000000000e+02 7.055000000000000160e-01
1.000000000000000000e+00 7.054000000000000270e-01
1.000000000000000000e+00 7.054000000000000270e-01
1.074000000000000000e+03 7.055000000000000160e-01
3.772700000000000000e+04 7.053000000000000380e-01
0.000000000000000000e+00 7.026999999999999913e-01
0.000000000000000000e+00 7.027999999999999803e-01
2.770000000000000000e+02 7.028999999999999693e-01
8.000000000000000000e+00 7.029999999999999583e-01
1.856000000000000000e+03 7.030999999999999472e-01
1.090000000000000000e+02 7.017999999999999794e-01
2.260000000000000000e+02 7.018999999999999684e-01
0.000000000000000000e+00 7.015000000000000124e-01
0.000000000000000000e+00 7.016000000000000014e-01
3.000000000000000000e+00 7.016999999999999904e-01
0.000000000000000000e+00 7.017999999999999794e-01
3.000000000000000000e+00 7.018999999999999684e-01
2.900000000000000000e+01 7.019999999999999574e-01
1.000000000000000000e+00 7.020999999999999464e-01
8.000000000000000000e+00 7.022000000000000464e-01
4.800000000000000000e+01 7.023000000000000353e-01
4.090000000000000000e+02 7.024000000000000243e-01
5.300000000000000000e+01 7.025000000000000133e-01
2.000000000000000000e+00 7.026000000000000023e-01
3.000000000000000000e+00 7.026999999999999913e-01
0.000000000000000000e+00 7.027999999999999803e-01
3.060000000000000000e+02 7.028999999999999693e-01
5.700000000000000000e+01 7.029999999999999583e-01
4.100000000000000000e+01 7.030999999999999472e-01
0.000000000000000000e+00 7.032000000000000473e-01
3.400000000000000000e+01 7.033000000000000362e-01
0.000000000000000000e+00 7.033000000000000362e-01
1.065000000000000000e+03 7.034000000000000252e-01
0.000000000000000000e+00 7.030999999999999472e-01
8.251000000000000000e+03 7.032000000000000473e-01
9.000000000000000000e+00 7.033000000000000362e-01
7.000000000000000000e+00 7.030999999999999472e-01
4.000000000000000000e+00 7.032000000000000473e-01
7.200000000000000000e+01 7.033000000000000362e-01
0.000000000000000000e+00 7.029999999999999583e-01
9.549000000000000000e+03 7.030999999999999472e-01
1.110000000000000000e+02 7.027999999999999803e-01
0.000000000000000000e+00 7.028999999999999693e-01
4.000000000000000000e+00 7.029999999999999583e-01
0.000000000000000000e+00 7.030999999999999472e-01
0.000000000000000000e+00 7.032000000000000473e-01
0.000000000000000000e+00 7.033000000000000362e-01
0.000000000000000000e+00 7.034000000000000252e-01
0.000000000000000000e+00 7.035000000000000142e-01
2.450000000000000000e+02 7.036000000000000032e-01
1.800000000000000000e+01 7.036999999999999922e-01
1.194000000000000000e+03 7.037999999999999812e-01
6.400000000000000000e+01 7.026999999999999913e-01
1.800000000000000000e+01 7.027999999999999803e-01
0.000000000000000000e+00 7.028999999999999693e-01
1.000000000000000000e+00 7.029999999999999583e-01
0.000000000000000000e+00 7.030999999999999472e-01
1.000000000000000000e+00 7.032000000000000473e-01
0.000000000000000000e+00 7.033000000000000362e-01
2.241000000000000000e+03 7.034000000000000252e-01
0.000000000000000000e+00 7.035000000000000142e-01
1.620000000000000000e+02 7.036000000000000032e-01
3.000000000000000000e+00 7.036999999999999922e-01
1.190000000000000000e+02 7.037999999999999812e-01
1.000000000000000000e+01 7.038999999999999702e-01
1.780000000000000000e+02 7.038999999999999702e-01
0.000000000000000000e+00 7.035000000000000142e-01
4.780000000000000000e+02 7.036000000000000032e-01
