# sizes,grains per site
0.000000000000000000e+00 6.031999999999999584e-01
1.000000000000000000e+00 6.048000000000000043e-01
1.000000000000000000e+00 5.263999999999999790e-01
0.000000000000000000e+00 5.248000000000000442e-01
0.000000000000000000e+00 5.263999999999999790e-01
0.000000000000000000e+00 5.280000000000000249e-01
9.000000000000000000e+00 5.295999999999999597e-01
0.000000000000000000e+00 5.312000000000000055e-01
3.000000000000000000e+00 5.328000000000000513e-01
0.000000000000000000e+00 5.328000000000000513e-01
0.000000000000000000e+00 5.343999999999999861e-01
1.300000000000000000e+01 5.360000000000000320e-01
0.000000000000000000e+00 5.375999999999999668e-01
0.000000000000000000e+00 5.392000000000000126e-01
0.000000000000000000e+00 5.407999999999999474e-01
0.000000000000000000e+00 5.423999999999999932e-01
0.000000000000000000e+00 5.440000000000000391e-01
8.000000000000000000e+00 5.455999999999999739e-01
5.000000000000000000e+00 5.472000000000000197e-01
3.000000000000000000e+00 5.487999999999999545e-01
0.000000000000000000e+00 5.472000000000000197e-01
8.200000000000000000e+01 5.487999999999999545e-01
1.400000000000000000e+01 5.487999999999999545e-01
0.000000000000000000e+00 5.487999999999999545e-01
0.000000000000000000e+00 5.504000000000000004e-01
0.000000000000000000e+00 5.520000000000000462e-01
0.000000000000000000e+00 5.535999999999999810e-01
9.400000000000000000e+01 5.552000000000000268e-01
0.000000000000000000e+00 5.567999999999999616e-01
0.000000000000000000e+00 5.584000000000000075e-01
5.000000000000000000e+00 5.600000000000000533e-01
1.000000000000000000e+01 5.615999999999999881e-01
3.000000000000000000e+00 5.632000000000000339e-01
1.000000000000000000e+00 5.647999999999999687e-01
1.000000000000000000e+00 5.664000000000000146e-01
0.000000000000000000e+00 5.679999999999999494e-01
1.000000000000000000e+00 5.695999999999999952e-01
1.800000000000000000e+01 5.712000000000000410e-01
8.400000000000000000e+01 5.712000000000000410e-01
1.200000000000000000e+01 5.712000000000000410e-01
5.000000000000000000e+00 5.727999999999999758e-01
2.000000000000000000e+00 5.744000000000000217e-01
2.000000000000000000e+00 5.759999999999999565e-01
1.000000000000000000e+00 5.776000000000000023e-01
0.000000000000000000e+00 5.792000000000000481e-01
2.000000000000000000e+00 5.807999999999999829e-01
3.000000000000000000e+00 5.824000000000000288e-01
4.000000000000000000e+00 5.839999999999999636e-01
0.000000000000000000e+00 5.856000000000000094e-01
3.000000000000000000e+00 5.872000000000000552e-01
0.000000000000000000e+00 5.887999999999999901e-01
0.000000000000000000e+00 5.904000000000000359e-01
0.000000000000000000e+00 5.919999999999999707e-01
2.000000000000000000e+00 5.936000000000000165e-01
1.200000000000000000e+01 5.919999999999999707e-01
1.000000000000000000e+00 5.936000000000000165e-01
1.000000000000000000e+00 5.951999999999999513e-01
7.000000000000000000e+00 5.967999999999999972e-01
0.000000000000000000e+00 5.967999999999999972e-01
8.000000000000000000e+00 5.984000000000000430e-01
2.000000000000000000e+00 5.999999999999999778e-01
2.000000000000000000e+00 5.984000000000000430e-01
5.000000000000000000e+00 5.984000000000000430e-01
0.000000000000000000e+00 5.951999999999999513e-01
3.000000000000000000e+00 5.967999999999999972e-01
6.000000000000000000e+00 5.984000000000000430e-01
2.000000000000000000e+00 5.999999999999999778e-01
2.000000000000000000e+00 6.016000000000000236e-01
4.000000000000000000e+00 6.016000000000000236e-01
0.000000000000000000e+00 6.031999999999999584e-01
0.000000000000000000e+00 6.048000000000000043e-01
0.000000000000000000e+00 6.064000000000000501e-01
2.000000000000000000e+00 6.079999999999999849e-01
0.000000000000000000e+00 6.064000000000000501e-01
4.000000000000000000e+00 6.079999999999999849e-01
0.000000000000000000e+00 6.096000000000000307e-01
2.000000000000000000e+01 6.111999999999999655e-01
1.000000000000000000e+00 6.128000000000000114e-01
1.700000000000000000e+01 6.143999999999999462e-01
4.400000000000000000e+01 6.143999999999999462e-01
4.800000000000000000e+01 6.159999999999999920e-01
0.000000000000000000e+00 6.176000000000000378e-01
1.780000000000000000e+02 6.191999999999999726e-01
0.000000000000000000e+00 6.159999999999999920e-01
3.000000000000000000e+00 6.176000000000000378e-01
1.000000000000000000e+01 6.191999999999999726e-01
2.000000000000000000e+00 6.208000000000000185e-01
1.900000000000000000e+01 6.223999999999999533e-01
2.500000000000000000e+01 6.239999999999999991e-01
0.000000000000000000e+00 6.256000000000000449e-01
0.000000000000000000e+00 6.271999999999999797e-01
2.000000000000000000e+00 6.288000000000000256e-01
3.100000000000000000e+01 6.303999999999999604e-01
0.000000000000000000e+00 6.288000000000000256e-01
0.000000000000000000e+00 6.303999999999999604e-01
4.000000000000000000e+00 6.320000000000000062e-01
7.000000000000000000e+00 6.320000000000000062e-01
1.000000000000000000e+01 6.336000000000000520e-01
1.290000000000000000e+02 6.320000000000000062e-01
2.200000000000000000e+02 6.288000000000000256e-01
1.000000000000000000e+00 6.303999999999999604e-01
1.500000000000000000e+01 6.320000000000000062e-01
1.000000000000000000e+00 6.336000000000000520e-01
3.000000000000000000e+00 6.351999999999999869e-01
0.000000000000000000e+00 6.336000000000000520e-01
2.000000000000000000e+00 6.351999999999999869e-01
8.900000000000000000e+01 6.368000000000000327e-01
1.000000000000000000e+00 6.383999999999999675e-01
0.000000000000000000e+00 6.400000000000000133e-01
6.000000000000000000e+00 6.415999999999999481e-01
2.700000000000000000e+01 6.431999999999999940e-01
2.000000000000000000e+00 6.448000000000000398e-01
0.000000000000000000e+00 6.448000000000000398e-01
9.300000000000000000e+01 6.463999999999999746e-01
0.000000000000000000e+00 6.463999999999999746e-01
1.140000000000000000e+02 6.480000000000000204e-01
1.000000000000000000e+02 6.495999999999999552e-01
1.000000000000000000e+00 6.512000000000000011e-01
0.000000000000000000e+00 6.528000000000000469e-01
5.000000000000000000e+00 6.543999999999999817e-01
1.000000000000000000e+00 6.560000000000000275e-01
0.000000000000000000e+00 6.543999999999999817e-01
2.800000000000000000e+01 6.560000000000000275e-01
3.000000000000000000e+00 6.575999999999999623e-01
5.000000000000000000e+00 6.592000000000000082e-01
3.530000000000000000e+02 6.575999999999999623e-01
0.000000000000000000e+00 6.480000000000000204e-01
0.000000000000000000e+00 6.495999999999999552e-01
0.000000000000000000e+00 6.512000000000000011e-01
8.000000000000000000e+00 6.528000000000000469e-01
0.000000000000000000e+00 6.512000000000000011e-01
6.100000000000000000e+01 6.528000000000000469e-01
0.000000000000000000e+00 6.512000000000000011e-01
7.000000000000000000e+00 6.528000000000000469e-01
3.140000000000000000e+02 6.543999999999999817e-01
2.000000000000000000e+00 6.528000000000000469e-01
0.000000000000000000e+00 6.543999999999999817e-01
7.000000000000000000e+00 6.560000000000000275e-01
0.000000000000000000e+00 6.528000000000000469e-01
0.000000000000000000e+00 6.543999999999999817e-01
0.000000000000000000e+00 6.560000000000000275e-01
0.000000000000000000e+00 6.575999999999999623e-01
5.400000000000000000e+01 6.592000000000000082e-01
8.000000000000000000e+00 6.575999999999999623e-01
0.000000000000000000e+00 6.575999999999999623e-01
1.900000000000000000e+01 6.592000000000000082e-01
1.000000000000000000e+00 6.608000000000000540e-01
3.040000000000000000e+02 6.623999999999999888e-01
3.000000000000000000e+00 6.608000000000000540e-01
0.000000000000000000e+00 6.623999999999999888e-01
0.000000000000000000e+00 6.640000000000000346e-01
1.000000000000000000e+00 6.655999999999999694e-01
4.000000000000000000e+00 6.672000000000000153e-01
0.000000000000000000e+00 6.672000000000000153e-01
0.000000000000000000e+00 6.687999999999999501e-01
0.000000000000000000e+00 6.703999999999999959e-01
2.500000000000000000e+01 6.720000000000000417e-01
1.750000000000000000e+02 6.720000000000000417e-01
6.500000000000000000e+01 6.735999999999999766e-01
1.200000000000000000e+01 6.735999999999999766e-01
1.000000000000000000e+00 6.720000000000000417e-01
3.000000000000000000e+00 6.735999999999999766e-01
1.100000000000000000e+01 6.752000000000000224e-01
1.000000000000000000e+00 6.767999999999999572e-01
2.000000000000000000e+00 6.784000000000000030e-01
2.000000000000000000e+01 6.800000000000000488e-01
2.200000000000000000e+01 6.767999999999999572e-01
1.600000000000000000e+01 6.767999999999999572e-01
2.800000000000000000e+01 6.784000000000000030e-01
0.000000000000000000e+00 6.784000000000000030e-01
1.800000000000000000e+01 6.800000000000000488e-01
0.000000000000000000e+00 6.815999999999999837e-01
0.000000000000000000e+00 6.832000000000000295e-01
2.700000000000000000e+01 6.847999999999999643e-01
6.410000000000000000e+02 6.864000000000000101e-01
6.200000000000000000e+01 6.735999999999999766e-01
0.000000000000000000e+00 6.735999999999999766e-01
2.400000000000000000e+01 6.752000000000000224e-01
0.000000000000000000e+00 6.687999999999999501e-01
9.900000000000000000e+01 6.703999999999999959e-01
9.700000000000000000e+01 6.720000000000000417e-01
0.000000000000000000e+00 6.735999999999999766e-01
0.000000000000000000e+00 6.752000000000000224e-01
4.000000000000000000e+00 6.767999999999999572e-01
2.000000000000000000e+00 6.784000000000000030e-01
5.000000000000000000e+00 6.800000000000000488e-01
0.000000000000000000e+00 6.815999999999999837e-01
0.000000000000000000e+00 6.832000000000000295e-01
7.700000000000000000e+01 6.847999999999999643e-01
3.000000000000000000e+00 6.864000000000000101e-01
3.000000000000000000e+00 6.879999999999999449e-01
2.600000000000000000e+01 6.895999999999999908e-01
2.000000000000000000e+00 6.912000000000000366e-01
1.000000000000000000e+00 6.895999999999999908e-01
5.000000000000000000e+01 6.912000000000000366e-01
0.000000000000000000e+00 6.927999999999999714e-01
0.000000000000000000e+00 6.944000000000000172e-01
0.000000000000000000e+00 6.959999999999999520e-01
3.000000000000000000e+00 6.975999999999999979e-01
4.950000000000000000e+02 6.992000000000000437e-01
5.000000000000000000e+00 6.879999999999999449e-01
2.000000000000000000e+00 6.879999999999999449e-01
0.000000000000000000e+00 6.895999999999999908e-01
0.000000000000000000e+00 6.912000000000000366e-01
4.000000000000000000e+00 6.927999999999999714e-01
1.100000000000000000e+01 6.944000000000000172e-01
1.040000000000000000e+03 6.959999999999999520e-01
2.300000000000000000e+01 6.752000000000000224e-01
1.000000000000000000e+01 6.735999999999999766e-01
0.000000000000000000e+00 6.752000000000000224e-01
2.000000000000000000e+00 6.767999999999999572e-01
0.000000000000000000e+00 6.784000000000000030e-01
0.000000000000000000e+00 6.800000000000000488e-01
1.500000000000000000e+01 6.815999999999999837e-01
0.000000000000000000e+00 6.832000000000000295e-01
0.000000000000000000e+00 6.847999999999999643e-01
3.000000000000000000e+00 6.864000000000000101e-01
9.000000000000000000e+00 6.864000000000000101e-01
0.000000000000000000e+00 6.879999999999999449e-01
0.000000000000000000e+00 6.895999999999999908e-01
0.000000000000000000e+00 6.912000000000000366e-01
1.300000000000000000e+01 6.927999999999999714e-01
2.000000000000000000e+00 6.944000000000000172e-01
3.700000000000000000e+01 6.944000000000000172e-01
5.700000000000000000e+01 6.959999999999999520e-01
1.000000000000000000e+00 6.944000000000000172e-01
9.000000000000000000e+00 6.959999999999999520e-01
4.100000000000000000e+01 6.975999999999999979e-01
6.000000000000000000e+00 6.895999999999999908e-01
0.000000000000000000e+00 6.912000000000000366e-01
1.000000000000000000e+00 6.927999999999999714e-01
0.000000000000000000e+00 6.927999999999999714e-01
0.000000000000000000e+00 6.944000000000000172e-01
4.500000000000000000e+01 6.959999999999999520e-01
0.000000000000000000e+00 6.944000000000000172e-01
7.000000000000000000e+00 6.959999999999999520e-01
1.000000000000000000e+01 6.944000000000000172e-01
4.000000000000000000e+01 6.912000000000000366e-01
0.000000000000000000e+00 6.879999999999999449e-01
1.385000000000000000e+03 6.895999999999999908e-01
7.000000000000000000e+00 6.672000000000000153e-01
0.000000000000000000e+00 6.655999999999999694e-01
4.000000000000000000e+00 6.672000000000000153e-01
4.500000000000000000e+01 6.687999999999999501e-01
0.000000000000000000e+00 6.703999999999999959e-01
4.000000000000000000e+00 6.720000000000000417e-01
3.500000000000000000e+01 6.703999999999999959e-01
7.000000000000000000e+00 6.703999999999999959e-01
9.000000000000000000e+00 6.687999999999999501e-01
0.000000000000000000e+00 6.703999999999999959e-01
0.000000000000000000e+00 6.720000000000000417e-01
1.000000000000000000e+00 6.735999999999999766e-01
0.000000000000000000e+00 6.752000000000000224e-01
4.000000000000000000e+00 6.767999999999999572e-01
6.000000000000000000e+00 6.784000000000000030e-01
2.000000000000000000e+01 6.800000000000000488e-01
1.000000000000000000e+00 6.720000000000000417e-01
1.021000000000000000e+03 6.735999999999999766e-01
9.000000000000000000e+00 6.431999999999999940e-01
1.700000000000000000e+01 6.400000000000000133e-01
9.500000000000000000e+01 6.415999999999999481e-01
2.600000000000000000e+01 6.431999999999999940e-01
1.300000000000000000e+01 6.448000000000000398e-01
0.000000000000000000e+00 6.448000000000000398e-01
3.000000000000000000e+00 6.463999999999999746e-01
1.000000000000000000e+00 6.448000000000000398e-01
3.000000000000000000e+00 6.463999999999999746e-01
7.000000000000000000e+00 6.463999999999999746e-01
1.600000000000000000e+01 6.480000000000000204e-01
1.320000000000000000e+02 6.495999999999999552e-01
2.000000000000000000e+00 6.512000000000000011e-01
3.000000000000000000e+00 6.528000000000000469e-01
1.100000000000000000e+01 6.543999999999999817e-01
1.000000000000000000e+01 6.560000000000000275e-01
4.100000000000000000e+01 6.575999999999999623e-01
2.400000000000000000e+01 6.592000000000000082e-01
1.810000000000000000e+02 6.608000000000000540e-01
0.000000000000000000e+00 6.575999999999999623e-01
2.000000000000000000e+00 6.592000000000000082e-01
0.000000000000000000e+00 6.608000000000000540e-01
1.000000000000000000e+00 6.623999999999999888e-01
2.000000000000000000e+00 6.640000000000000346e-01
1.600000000000000000e+02 6.655999999999999694e-01
3.000000000000000000e+00 6.575999999999999623e-01
4.600000000000000000e+01 6.575999999999999623e-01
4.900000000000000000e+01 6.592000000000000082e-01
0.000000000000000000e+00 6.608000000000000540e-01
0.000000000000000000e+00 6.623999999999999888e-01
1.900000000000000000e+01 6.640000000000000346e-01
0.000000000000000000e+00 6.655999999999999694e-01
3.000000000000000000e+00 6.672000000000000153e-01
8.580000000000000000e+02 6.687999999999999501e-01
1.800000000000000000e+01 6.575999999999999623e-01
7.000000000000000000e+00 6.592000000000000082e-01
9.300000000000000000e+01 6.608000000000000540e-01
0.000000000000000000e+00 6.623999999999999888e-01
0.000000000000000000e+00 6.640000000000000346e-01
2.400000000000000000e+01 6.655999999999999694e-01
1.600000000000000000e+01 6.655999999999999694e-01
0.000000000000000000e+00 6.672000000000000153e-01
0.000000000000000000e+00 6.687999999999999501e-01
9.000000000000000000e+00 6.703999999999999959e-01
0.000000000000000000e+00 6.720000000000000417e-01
0.000000000000000000e+00 6.735999999999999766e-01
0.000000000000000000e+00 6.752000000000000224e-01
3.300000000000000000e+01 6.767999999999999572e-01
2.000000000000000000e+00 6.767999999999999572e-01
2.000000000000000000e+00 6.784000000000000030e-01
7.200000000000000000e+01 6.800000000000000488e-01
1.900000000000000000e+01 6.815999999999999837e-01
5.000000000000000000e+00 6.815999999999999837e-01
1.000000000000000000e+00 6.832000000000000295e-01
2.380000000000000000e+02 6.847999999999999643e-01
1.000000000000000000e+00 6.832000000000000295e-01
1.800000000000000000e+01 6.815999999999999837e-01
0.000000000000000000e+00 6.800000000000000488e-01
1.100000000000000000e+01 6.815999999999999837e-01
0.000000000000000000e+00 6.832000000000000295e-01
0.000000000000000000e+00 6.847999999999999643e-01
6.900000000000000000e+01 6.864000000000000101e-01
5.000000000000000000e+00 6.800000000000000488e-01
8.700000000000000000e+01 6.815999999999999837e-01
1.000000000000000000e+00 6.832000000000000295e-01
2.000000000000000000e+01 6.847999999999999643e-01
3.000000000000000000e+00 6.864000000000000101e-01
0.000000000000000000e+00 6.879999999999999449e-01
2.100000000000000000e+01 6.895999999999999908e-01
0.000000000000000000e+00 6.895999999999999908e-01
2.000000000000000000e+00 6.912000000000000366e-01
1.000000000000000000e+00 6.927999999999999714e-01
0.000000000000000000e+00 6.944000000000000172e-01
4.810000000000000000e+02 6.959999999999999520e-01
1.100000000000000000e+01 6.832000000000000295e-01
5.600000000000000000e+02 6.847999999999999643e-01
2.000000000000000000e+00 6.703999999999999959e-01
6.000000000000000000e+00 6.720000000000000417e-01
0.000000000000000000e+00 6.735999999999999766e-01
1.000000000000000000e+00 6.752000000000000224e-01
3.000000000000000000e+01 6.767999999999999572e-01
0.000000000000000000e+00 6.735999999999999766e-01
1.070000000000000000e+02 6.752000000000000224e-01
0.000000000000000000e+00 6.735999999999999766e-01
1.200000000000000000e+01 6.752000000000000224e-01
0.000000000000000000e+00 6.767999999999999572e-01
1.020000000000000000e+02 6.784000000000000030e-01
1.310000000000000000e+02 6.800000000000000488e-01
0.000000000000000000e+00 6.800000000000000488e-01
0.000000000000000000e+00 6.815999999999999837e-01
0.000000000000000000e+00 6.832000000000000295e-01
4.800000000000000000e+01 6.847999999999999643e-01
4.200000000000000000e+01 6.832000000000000295e-01
0.000000000000000000e+00 6.847999999999999643e-01
1.000000000000000000e+00 6.864000000000000101e-01
0.000000000000000000e+00 6.879999999999999449e-01
7.000000000000000000e+00 6.895999999999999908e-01
2.000000000000000000e+00 6.912000000000000366e-01
4.000000000000000000e+00 6.927999999999999714e-01
3.200000000000000000e+02 6.944000000000000172e-01
0.000000000000000000e+00 6.895999999999999908e-01
0.000000000000000000e+00 6.912000000000000366e-01
2.030000000000000000e+02 6.927999999999999714e-01
0.000000000000000000e+00 6.847999999999999643e-01
0.000000000000000000e+00 6.864000000000000101e-01
1.170000000000000000e+02 6.879999999999999449e-01
0.000000000000000000e+00 6.879999999999999449e-01
4.000000000000000000e+00 6.895999999999999908e-01
7.700000000000000000e+01 6.895999999999999908e-01
2.000000000000000000e+00 6.864000000000000101e-01
0.000000000000000000e+00 6.864000000000000101e-01
0.000000000000000000e+00 6.879999999999999449e-01
0.000000000000000000e+00 6.895999999999999908e-01
8.000000000000000000e+00 6.912000000000000366e-01
1.000000000000000000e+00 6.879999999999999449e-01
9.000000000000000000e+00 6.895999999999999908e-01
0.000000000000000000e+00 6.895999999999999908e-01
0.000000000000000000e+00 6.912000000000000366e-01
4.700000000000000000e+01 6.927999999999999714e-01
0.000000000000000000e+00 6.864000000000000101e-01
0.000000000000000000e+00 6.879999999999999449e-01
1.700000000000000000e+01 6.895999999999999908e-01
5.000000000000000000e+00 6.864000000000000101e-01
2.000000000000000000e+00 6.879999999999999449e-01
8.000000000000000000e+00 6.864000000000000101e-01
1.000000000000000000e+00 6.879999999999999449e-01
2.700000000000000000e+01 6.895999999999999908e-01
1.510000000000000000e+02 6.912000000000000366e-01
1.200000000000000000e+01 6.847999999999999643e-01
5.000000000000000000e+01 6.864000000000000101e-01
4.000000000000000000e+00 6.879999999999999449e-01
0.000000000000000000e+00 6.879999999999999449e-01
0.000000000000000000e+00 6.895999999999999908e-01
0.000000000000000000e+00 6.912000000000000366e-01
2.000000000000000000e+00 6.927999999999999714e-01
2.000000000000000000e+00 6.944000000000000172e-01
0.000000000000000000e+00 6.959999999999999520e-01
3.210000000000000000e+02 6.975999999999999979e-01
5.390000000000000000e+02 6.992000000000000437e-01
0.000000000000000000e+00 6.927999999999999714e-01
1.000000000000000000e+00 6.944000000000000172e-01
0.000000000000000000e+00 6.944000000000000172e-01
7.900000000000000000e+01 6.959999999999999520e-01
0.000000000000000000e+00 6.944000000000000172e-01
0.000000000000000000e+00 6.959999999999999520e-01
0.000000000000000000e+00 6.975999999999999979e-01
1.000000000000000000e+00 6.992000000000000437e-01
5.500000000000000000e+01 7.007999999999999785e-01
4.800000000000000000e+01 6.944000000000000172e-01
2.400000000000000000e+01 6.895999999999999908e-01
2.000000000000000000e+00 6.815999999999999837e-01
1.000000000000000000e+01 6.832000000000000295e-01
1.950000000000000000e+02 6.847999999999999643e-01
7.000000000000000000e+00 6.864000000000000101e-01
5.200000000000000000e+01 6.879999999999999449e-01
2.020000000000000000e+02 6.879999999999999449e-01
1.400000000000000000e+01 6.879999999999999449e-01
0.000000000000000000e+00 6.895999999999999908e-01
1.200000000000000000e+01 6.912000000000000366e-01
0.000000000000000000e+00 6.927999999999999714e-01
1.600000000000000000e+01 6.944000000000000172e-01
5.000000000000000000e+00 6.927999999999999714e-01
2.000000000000000000e+00 6.927999999999999714e-01
3.100000000000000000e+01 6.944000000000000172e-01
1.300000000000000000e+01 6.912000000000000366e-01
0.000000000000000000e+00 6.927999999999999714e-01
0.000000000000000000e+00 6.944000000000000172e-01
2.500000000000000000e+01 6.959999999999999520e-01
6.000000000000000000e+00 6.959999999999999520e-01
8.000000000000000000e+00 6.975999999999999979e-01
8.600000000000000000e+01 6.992000000000000437e-01
3.000000000000000000e+00 6.992000000000000437e-01
2.700000000000000000e+01 7.007999999999999785e-01
2.000000000000000000e+00 7.024000000000000243e-01
0.000000000000000000e+00 7.039999999999999591e-01
6.000000000000000000e+00 7.056000000000000050e-01
4.000000000000000000e+00 7.072000000000000508e-01
5.000000000000000000e+00 7.072000000000000508e-01
6.200000000000000000e+01 7.087999999999999856e-01
4.100000000000000000e+01 7.104000000000000314e-01
8.200000000000000000e+01 7.039999999999999591e-01
2.000000000000000000e+00 6.992000000000000437e-01
3.980000000000000000e+02 7.007999999999999785e-01
3.800000000000000000e+01 6.959999999999999520e-01
5.640000000000000000e+02 6.912000000000000366e-01
2.000000000000000000e+00 6.895999999999999908e-01
0.000000000000000000e+00 6.912000000000000366e-01
0.000000000000000000e+00 6.927999999999999714e-01
2.000000000000000000e+00 6.944000000000000172e-01
0.000000000000000000e+00 6.944000000000000172e-01
4.000000000000000000e+00 6.959999999999999520e-01
6.000000000000000000e+00 6.975999999999999979e-01
0.000000000000000000e+00 6.992000000000000437e-01
1.100000000000000000e+01 7.007999999999999785e-01
2.400000000000000000e+01 7.007999999999999785e-01
4.200000000000000000e+01 6.975999999999999979e-01
0.000000000000000000e+00 6.992000000000000437e-01
2.200000000000000000e+01 7.007999999999999785e-01
6.000000000000000000e+00 7.024000000000000243e-01
2.620000000000000000e+02 6.992000000000000437e-01
0.000000000000000000e+00 6.832000000000000295e-01
4.000000000000000000e+00 6.847999999999999643e-01
1.000000000000000000e+00 6.864000000000000101e-01
1.000000000000000000e+00 6.864000000000000101e-01
2.000000000000000000e+00 6.879999999999999449e-01
0.000000000000000000e+00 6.895999999999999908e-01
9.000000000000000000e+00 6.912000000000000366e-01
0.000000000000000000e+00 6.927999999999999714e-01
1.400000000000000000e+01 6.944000000000000172e-01
2.800000000000000000e+01 6.959999999999999520e-01
1.130000000000000000e+02 6.975999999999999979e-01
2.000000000000000000e+00 6.975999999999999979e-01
1.000000000000000000e+00 6.992000000000000437e-01
4.000000000000000000e+00 7.007999999999999785e-01
0.000000000000000000e+00 7.024000000000000243e-01
3.100000000000000000e+01 7.039999999999999591e-01
0.000000000000000000e+00 7.039999999999999591e-01
3.000000000000000000e+00 7.056000000000000050e-01
1.010000000000000000e+02 7.039999999999999591e-01
0.000000000000000000e+00 7.024000000000000243e-01
1.850000000000000000e+02 7.039999999999999591e-01
1.100000000000000000e+01 6.912000000000000366e-01
0.000000000000000000e+00 6.927999999999999714e-01
3.900000000000000000e+01 6.944000000000000172e-01
0.000000000000000000e+00 6.944000000000000172e-01
2.000000000000000000e+00 6.959999999999999520e-01
0.000000000000000000e+00 6.975999999999999979e-01
1.000000000000000000e+00 6.992000000000000437e-01
2.600000000000000000e+01 7.007999999999999785e-01
0.000000000000000000e+00 7.024000000000000243e-01
1.406000000000000000e+03 7.039999999999999591e-01
1.200000000000000000e+01 6.767999999999999572e-01
0.000000000000000000e+00 6.784000000000000030e-01
5.000000000000000000e+00 6.800000000000000488e-01
0.000000000000000000e+00 6.815999999999999837e-01
2.000000000000000000e+01 6.832000000000000295e-01
0.000000000000000000e+00 6.815999999999999837e-01
2.000000000000000000e+00 6.832000000000000295e-01
3.000000000000000000e+00 6.847999999999999643e-01
0.000000000000000000e+00 6.864000000000000101e-01
0.000000000000000000e+00 6.879999999999999449e-01
4.000000000000000000e+00 6.895999999999999908e-01
2.000000000000000000e+00 6.912000000000000366e-01
1.000000000000000000e+00 6.927999999999999714e-01
1.590000000000000000e+02 6.927999999999999714e-01
1.440000000000000000e+02 6.832000000000000295e-01
4.200000000000000000e+01 6.800000000000000488e-01
1.140000000000000000e+02 6.815999999999999837e-01
4.000000000000000000e+00 6.752000000000000224e-01
0.000000000000000000e+00 6.767999999999999572e-01
1.000000000000000000e+00 6.784000000000000030e-01
4.000000000000000000e+00 6.800000000000000488e-01
2.400000000000000000e+01 6.800000000000000488e-01
2.700000000000000000e+01 6.800000000000000488e-01
0.000000000000000000e+00 6.815999999999999837e-01
4.000000000000000000e+00 6.832000000000000295e-01
0.000000000000000000e+00 6.847999999999999643e-01
0.000000000000000000e+00 6.864000000000000101e-01
0.000000000000000000e+00 6.879999999999999449e-01
0.000000000000000000e+00 6.895999999999999908e-01
8.000000000000000000e+00 6.912000000000000366e-01
4.000000000000000000e+00 6.912000000000000366e-01
2.010000000000000000e+02 6.927999999999999714e-01
1.000000000000000000e+00 6.944000000000000172e-01
2.000000000000000000e+00 6.944000000000000172e-01
4.000000000000000000e+00 6.944000000000000172e-01
1.200000000000000000e+01 6.944000000000000172e-01
1.000000000000000000e+00 6.959999999999999520e-01
5.410000000000000000e+02 6.975999999999999979e-01
5.000000000000000000e+00 6.864000000000000101e-01
4.000000000000000000e+00 6.879999999999999449e-01
8.500000000000000000e+01 6.864000000000000101e-01
1.480000000000000000e+02 6.864000000000000101e-01
4.000000000000000000e+00 6.800000000000000488e-01
9.000000000000000000e+00 6.815999999999999837e-01
0.000000000000000000e+00 6.815999999999999837e-01
0.000000000000000000e+00 6.832000000000000295e-01
7.800000000000000000e+01 6.847999999999999643e-01
1.900000000000000000e+01 6.703999999999999959e-01
0.000000000000000000e+00 6.720000000000000417e-01
3.000000000000000000e+00 6.735999999999999766e-01
6.900000000000000000e+01 6.735999999999999766e-01
3.000000000000000000e+00 6.752000000000000224e-01
2.000000000000000000e+00 6.767999999999999572e-01
6.100000000000000000e+01 6.784000000000000030e-01
5.400000000000000000e+01 6.767999999999999572e-01
4.820000000000000000e+02 6.752000000000000224e-01
1.000000000000000000e+00 6.703999999999999959e-01
4.000000000000000000e+00 6.720000000000000417e-01
0.000000000000000000e+00 6.735999999999999766e-01
3.700000000000000000e+01 6.752000000000000224e-01
0.000000000000000000e+00 6.767999999999999572e-01
0.000000000000000000e+00 6.784000000000000030e-01
7.000000000000000000e+00 6.800000000000000488e-01
8.000000000000000000e+00 6.767999999999999572e-01
2.000000000000000000e+00 6.767999999999999572e-01
1.100000000000000000e+01 6.784000000000000030e-01
0.000000000000000000e+00 6.784000000000000030e-01
0.000000000000000000e+00 6.800000000000000488e-01
9.180000000000000000e+02 6.815999999999999837e-01
3.600000000000000000e+01 6.720000000000000417e-01
2.200000000000000000e+01 6.735999999999999766e-01
0.000000000000000000e+00 6.752000000000000224e-01
2.000000000000000000e+00 6.767999999999999572e-01
1.060000000000000000e+02 6.767999999999999572e-01
3.600000000000000000e+02 6.767999999999999572e-01
1.420000000000000000e+02 6.767999999999999572e-01
2.000000000000000000e+00 6.720000000000000417e-01
4.000000000000000000e+00 6.735999999999999766e-01
1.000000000000000000e+00 6.752000000000000224e-01
4.000000000000000000e+00 6.767999999999999572e-01
2.940000000000000000e+02 6.784000000000000030e-01
1.000000000000000000e+00 6.623999999999999888e-01
2.000000000000000000e+00 6.640000000000000346e-01
1.000000000000000000e+00 6.623999999999999888e-01
0.000000000000000000e+00 6.623999999999999888e-01
1.300000000000000000e+01 6.640000000000000346e-01
3.700000000000000000e+01 6.655999999999999694e-01
2.800000000000000000e+01 6.640000000000000346e-01
2.000000000000000000e+00 6.655999999999999694e-01
7.000000000000000000e+00 6.655999999999999694e-01
1.000000000000000000e+00 6.672000000000000153e-01
0.000000000000000000e+00 6.687999999999999501e-01
0.000000000000000000e+00 6.703999999999999959e-01
0.000000000000000000e+00 6.720000000000000417e-01
6.200000000000000000e+01 6.735999999999999766e-01
0.000000000000000000e+00 6.752000000000000224e-01
1.000000000000000000e+00 6.767999999999999572e-01
8.000000000000000000e+00 6.784000000000000030e-01
0.000000000000000000e+00 6.800000000000000488e-01
3.900000000000000000e+01 6.815999999999999837e-01
0.000000000000000000e+00 6.832000000000000295e-01
0.000000000000000000e+00 6.847999999999999643e-01
2.000000000000000000e+00 6.864000000000000101e-01
0.000000000000000000e+00 6.879999999999999449e-01
1.000000000000000000e+00 6.895999999999999908e-01
0.000000000000000000e+00 6.912000000000000366e-01
3.000000000000000000e+00 6.927999999999999714e-01
9.340000000000000000e+02 6.944000000000000172e-01
4.300000000000000000e+01 6.815999999999999837e-01
5.000000000000000000e+00 6.784000000000000030e-01
4.000000000000000000e+00 6.800000000000000488e-01
1.800000000000000000e+01 6.815999999999999837e-01
4.800000000000000000e+01 6.800000000000000488e-01
2.000000000000000000e+00 6.815999999999999837e-01
1.000000000000000000e+00 6.832000000000000295e-01
0.000000000000000000e+00 6.847999999999999643e-01
1.300000000000000000e+01 6.864000000000000101e-01
5.000000000000000000e+00 6.879999999999999449e-01
0.000000000000000000e+00 6.895999999999999908e-01
0.000000000000000000e+00 6.912000000000000366e-01
8.100000000000000000e+01 6.927999999999999714e-01
0.000000000000000000e+00 6.927999999999999714e-01
7.500000000000000000e+01 6.944000000000000172e-01
1.000000000000000000e+00 6.864000000000000101e-01
1.000000000000000000e+00 6.847999999999999643e-01
0.000000000000000000e+00 6.847999999999999643e-01
2.000000000000000000e+00 6.864000000000000101e-01
9.600000000000000000e+01 6.879999999999999449e-01
9.100000000000000000e+01 6.847999999999999643e-01
4.420000000000000000e+02 6.800000000000000488e-01
3.700000000000000000e+01 6.703999999999999959e-01
0.000000000000000000e+00 6.703999999999999959e-01
0.000000000000000000e+00 6.720000000000000417e-01
2.000000000000000000e+00 6.735999999999999766e-01
0.000000000000000000e+00 6.752000000000000224e-01
1.000000000000000000e+00 6.767999999999999572e-01
1.200000000000000000e+01 6.784000000000000030e-01
3.200000000000000000e+01 6.800000000000000488e-01
7.800000000000000000e+01 6.767999999999999572e-01
1.000000000000000000e+01 6.735999999999999766e-01
6.000000000000000000e+00 6.735999999999999766e-01
3.000000000000000000e+00 6.752000000000000224e-01
0.000000000000000000e+00 6.767999999999999572e-01
3.000000000000000000e+00 6.784000000000000030e-01
2.380000000000000000e+02 6.800000000000000488e-01
9.040000000000000000e+02 6.720000000000000417e-01
2.000000000000000000e+00 6.495999999999999552e-01
1.000000000000000000e+00 6.512000000000000011e-01
0.000000000000000000e+00 6.528000000000000469e-01
4.500000000000000000e+01 6.543999999999999817e-01
0.000000000000000000e+00 6.560000000000000275e-01
0.000000000000000000e+00 6.575999999999999623e-01
0.000000000000000000e+00 6.592000000000000082e-01
0.000000000000000000e+00 6.608000000000000540e-01
2.460000000000000000e+02 6.623999999999999888e-01
1.630000000000000000e+02 6.528000000000000469e-01
0.000000000000000000e+00 6.463999999999999746e-01
3.000000000000000000e+00 6.480000000000000204e-01
2.000000000000000000e+00 6.495999999999999552e-01
1.100000000000000000e+01 6.512000000000000011e-01
4.000000000000000000e+00 6.528000000000000469e-01
4.100000000000000000e+01 6.543999999999999817e-01
1.000000000000000000e+00 6.560000000000000275e-01
0.000000000000000000e+00 6.575999999999999623e-01
1.100000000000000000e+01 6.592000000000000082e-01
2.000000000000000000e+00 6.608000000000000540e-01
0.000000000000000000e+00 6.623999999999999888e-01
3.000000000000000000e+00 6.640000000000000346e-01
0.000000000000000000e+00 6.655999999999999694e-01
0.000000000000000000e+00 6.672000000000000153e-01
0.000000000000000000e+00 6.687999999999999501e-01
1.050000000000000000e+02 6.703999999999999959e-01
0.000000000000000000e+00 6.720000000000000417e-01
1.200000000000000000e+01 6.735999999999999766e-01
8.700000000000000000e+01 6.720000000000000417e-01
2.300000000000000000e+01 6.720000000000000417e-01
1.000000000000000000e+00 6.703999999999999959e-01
2.000000000000000000e+00 6.720000000000000417e-01
0.000000000000000000e+00 6.735999999999999766e-01
8.000000000000000000e+01 6.752000000000000224e-01
4.400000000000000000e+01 6.767999999999999572e-01
0.000000000000000000e+00 6.784000000000000030e-01
4.000000000000000000e+00 6.800000000000000488e-01
7.700000000000000000e+01 6.767999999999999572e-01
0.000000000000000000e+00 6.784000000000000030e-01
1.240000000000000000e+02 6.800000000000000488e-01
0.000000000000000000e+00 6.767999999999999572e-01
2.000000000000000000e+00 6.784000000000000030e-01
1.000000000000000000e+00 6.800000000000000488e-01
0.000000000000000000e+00 6.800000000000000488e-01
4.200000000000000000e+01 6.815999999999999837e-01
1.000000000000000000e+00 6.832000000000000295e-01
1.000000000000000000e+00 6.847999999999999643e-01
2.000000000000000000e+00 6.864000000000000101e-01
9.000000000000000000e+00 6.879999999999999449e-01
0.000000000000000000e+00 6.864000000000000101e-01
0.000000000000000000e+00 6.879999999999999449e-01
5.500000000000000000e+01 6.895999999999999908e-01
0.000000000000000000e+00 6.912000000000000366e-01
0.000000000000000000e+00 6.927999999999999714e-01
2.000000000000000000e+00 6.944000000000000172e-01
2.000000000000000000e+00 6.959999999999999520e-01
3.000000000000000000e+00 6.944000000000000172e-01
2.000000000000000000e+00 6.959999999999999520e-01
2.900000000000000000e+01 6.975999999999999979e-01
2.000000000000000000e+00 6.992000000000000437e-01
9.000000000000000000e+00 7.007999999999999785e-01
4.500000000000000000e+01 7.024000000000000243e-01
0.000000000000000000e+00 6.992000000000000437e-01
1.100000000000000000e+02 7.007999999999999785e-01
0.000000000000000000e+00 7.007999999999999785e-01
5.700000000000000000e+01 7.024000000000000243e-01
8.000000000000000000e+00 7.039999999999999591e-01
5.000000000000000000e+00 7.056000000000000050e-01
8.930000000000000000e+02 7.072000000000000508e-01
9.800000000000000000e+01 6.864000000000000101e-01
1.000000000000000000e+00 6.815999999999999837e-01
1.900000000000000000e+01 6.832000000000000295e-01
6.000000000000000000e+00 6.815999999999999837e-01
1.180000000000000000e+02 6.832000000000000295e-01
8.000000000000000000e+00 6.847999999999999643e-01
2.000000000000000000e+00 6.832000000000000295e-01
6.000000000000000000e+00 6.847999999999999643e-01
3.480000000000000000e+02 6.864000000000000101e-01
8.000000000000000000e+00 6.864000000000000101e-01
0.000000000000000000e+00 6.832000000000000295e-01
0.000000000000000000e+00 6.847999999999999643e-01
0.000000000000000000e+00 6.864000000000000101e-01
0.000000000000000000e+00 6.879999999999999449e-01
4.020000000000000000e+02 6.895999999999999908e-01
0.000000000000000000e+00 6.847999999999999643e-01
0.000000000000000000e+00 6.864000000000000101e-01
1.000000000000000000e+00 6.879999999999999449e-01
4.200000000000000000e+01 6.895999999999999908e-01
0.000000000000000000e+00 6.912000000000000366e-01
0.000000000000000000e+00 6.927999999999999714e-01
1.600000000000000000e+01 6.944000000000000172e-01
5.000000000000000000e+00 6.959999999999999520e-01
0.000000000000000000e+00 6.975999999999999979e-01
0.000000000000000000e+00 6.992000000000000437e-01
2.000000000000000000e+00 7.007999999999999785e-01
0.000000000000000000e+00 6.992000000000000437e-01
1.440000000000000000e+02 7.007999999999999785e-01
1.330000000000000000e+02 6.959999999999999520e-01
0.000000000000000000e+00 6.975999999999999979e-01
4.480000000000000000e+02 6.992000000000000437e-01
5.000000000000000000e+00 6.879999999999999449e-01
0.000000000000000000e+00 6.895999999999999908e-01
1.000000000000000000e+00 6.912000000000000366e-01
2.230000000000000000e+02 6.912000000000000366e-01
2.000000000000000000e+00 6.927999999999999714e-01
2.000000000000000000e+00 6.944000000000000172e-01
2.860000000000000000e+02 6.959999999999999520e-01
1.800000000000000000e+01 6.879999999999999449e-01
7.000000000000000000e+00 6.895999999999999908e-01
0.000000000000000000e+00 6.912000000000000366e-01
1.140000000000000000e+02 6.927999999999999714e-01
2.000000000000000000e+00 6.944000000000000172e-01
0.000000000000000000e+00 6.959999999999999520e-01
5.300000000000000000e+01 6.975999999999999979e-01
0.000000000000000000e+00 6.912000000000000366e-01
1.970000000000000000e+02 6.927999999999999714e-01
2.000000000000000000e+00 6.864000000000000101e-01
7.000000000000000000e+01 6.879999999999999449e-01
0.000000000000000000e+00 6.879999999999999449e-01
6.000000000000000000e+00 6.895999999999999908e-01
4.000000000000000000e+00 6.912000000000000366e-01
1.000000000000000000e+01 6.927999999999999714e-01
2.000000000000000000e+00 6.927999999999999714e-01
6.000000000000000000e+00 6.944000000000000172e-01
0.000000000000000000e+00 6.912000000000000366e-01
3.000000000000000000e+00 6.927999999999999714e-01
1.000000000000000000e+00 6.944000000000000172e-01
1.100000000000000000e+01 6.959999999999999520e-01
0.000000000000000000e+00 6.975999999999999979e-01
4.000000000000000000e+00 6.992000000000000437e-01
2.500000000000000000e+01 7.007999999999999785e-01
0.000000000000000000e+00 7.024000000000000243e-01
1.000000000000000000e+00 7.039999999999999591e-01
0.000000000000000000e+00 7.056000000000000050e-01
3.600000000000000000e+01 7.072000000000000508e-01
3.200000000000000000e+01 7.087999999999999856e-01
4.200000000000000000e+01 7.072000000000000508e-01
0.000000000000000000e+00 7.087999999999999856e-01
7.000000000000000000e+00 7.104000000000000314e-01
2.300000000000000000e+01 7.072000000000000508e-01
4.800000000000000000e+01 7.087999999999999856e-01
4.000000000000000000e+00 7.072000000000000508e-01
1.000000000000000000e+00 7.087999999999999856e-01
7.000000000000000000e+00 7.104000000000000314e-01
8.000000000000000000e+00 7.119999999999999662e-01
2.000000000000000000e+00 7.072000000000000508e-01
9.770000000000000000e+02 7.072000000000000508e-01
0.000000000000000000e+00 6.879999999999999449e-01
0.000000000000000000e+00 6.895999999999999908e-01
3.000000000000000000e+00 6.912000000000000366e-01
0.000000000000000000e+00 6.912000000000000366e-01
0.000000000000000000e+00 6.927999999999999714e-01
0.000000000000000000e+00 6.944000000000000172e-01
0.000000000000000000e+00 6.959999999999999520e-01
9.000000000000000000e+00 6.975999999999999979e-01
0.000000000000000000e+00 6.992000000000000437e-01
1.710000000000000000e+02 7.007999999999999785e-01
0.000000000000000000e+00 6.944000000000000172e-01
3.200000000000000000e+01 6.959999999999999520e-01
0.000000000000000000e+00 6.975999999999999979e-01
1.200000000000000000e+01 6.992000000000000437e-01
4.370000000000000000e+02 7.007999999999999785e-01
8.000000000000000000e+00 6.912000000000000366e-01
0.000000000000000000e+00 6.927999999999999714e-01
2.000000000000000000e+00 6.944000000000000172e-01
0.000000000000000000e+00 6.959999999999999520e-01
0.000000000000000000e+00 6.975999999999999979e-01
0.000000000000000000e+00 6.992000000000000437e-01
1.000000000000000000e+00 7.007999999999999785e-01
0.000000000000000000e+00 7.024000000000000243e-01
2.000000000000000000e+00 7.039999999999999591e-01
1.300000000000000000e+01 7.056000000000000050e-01
2.700000000000000000e+01 7.072000000000000508e-01
8.100000000000000000e+01 7.039999999999999591e-01
8.000000000000000000e+00 7.039999999999999591e-01
0.000000000000000000e+00 7.024000000000000243e-01
2.600000000000000000e+01 7.039999999999999591e-01
7.000000000000000000e+00 7.056000000000000050e-01
8.000000000000000000e+00 7.072000000000000508e-01
2.000000000000000000e+00 7.056000000000000050e-01
0.000000000000000000e+00 7.072000000000000508e-01
6.300000000000000000e+01 7.087999999999999856e-01
2.081000000000000000e+03 7.104000000000000314e-01
1.500000000000000000e+01 6.735999999999999766e-01
4.000000000000000000e+00 6.735999999999999766e-01
1.700000000000000000e+01 6.735999999999999766e-01
0.000000000000000000e+00 6.752000000000000224e-01
0.000000000000000000e+00 6.767999999999999572e-01
2.000000000000000000e+00 6.784000000000000030e-01
0.000000000000000000e+00 6.800000000000000488e-01
0.000000000000000000e+00 6.815999999999999837e-01
4.000000000000000000e+00 6.832000000000000295e-01
1.650000000000000000e+02 6.847999999999999643e-01
9.000000000000000000e+00 6.703999999999999959e-01
4.000000000000000000e+01 6.720000000000000417e-01
0.000000000000000000e+00 6.735999999999999766e-01
2.080000000000000000e+02 6.752000000000000224e-01
2.260000000000000000e+02 6.703999999999999959e-01
0.000000000000000000e+00 6.703999999999999959e-01
1.000000000000000000e+00 6.720000000000000417e-01
0.000000000000000000e+00 6.735999999999999766e-01
4.950000000000000000e+02 6.752000000000000224e-01
1.600000000000000000e+01 6.672000000000000153e-01
9.000000000000000000e+00 6.655999999999999694e-01
0.000000000000000000e+00 6.672000000000000153e-01
0.000000000000000000e+00 6.687999999999999501e-01
0.000000000000000000e+00 6.703999999999999959e-01
1.000000000000000000e+00 6.720000000000000417e-01
6.000000000000000000e+00 6.703999999999999959e-01
7.000000000000000000e+00 6.720000000000000417e-01
0.000000000000000000e+00 6.735999999999999766e-01
0.000000000000000000e+00 6.752000000000000224e-01
2.000000000000000000e+00 6.767999999999999572e-01
1.590000000000000000e+02 6.784000000000000030e-01
3.500000000000000000e+01 6.767999999999999572e-01
1.000000000000000000e+00 6.784000000000000030e-01
2.000000000000000000e+00 6.800000000000000488e-01
9.000000000000000000e+00 6.815999999999999837e-01
0.000000000000000000e+00 6.815999999999999837e-01
1.200000000000000000e+01 6.832000000000000295e-01
4.250000000000000000e+02 6.800000000000000488e-01
0.000000000000000000e+00 6.703999999999999959e-01
9.000000000000000000e+00 6.720000000000000417e-01
0.000000000000000000e+00 6.735999999999999766e-01
0.000000000000000000e+00 6.752000000000000224e-01
0.000000000000000000e+00 6.767999999999999572e-01
8.000000000000000000e+00 6.784000000000000030e-01
4.000000000000000000e+00 6.752000000000000224e-01
1.100000000000000000e+01 6.720000000000000417e-01
5.000000000000000000e+00 6.735999999999999766e-01
1.400000000000000000e+02 6.752000000000000224e-01
2.000000000000000000e+00 6.735999999999999766e-01
4.700000000000000000e+01 6.752000000000000224e-01
4.400000000000000000e+01 6.767999999999999572e-01
3.400000000000000000e+01 6.752000000000000224e-01
2.600000000000000000e+01 6.767999999999999572e-01
1.120000000000000000e+02 6.784000000000000030e-01
2.700000000000000000e+01 6.800000000000000488e-01
0.000000000000000000e+00 6.815999999999999837e-01
3.300000000000000000e+01 6.832000000000000295e-01
4.000000000000000000e+00 6.847999999999999643e-01
5.000000000000000000e+00 6.864000000000000101e-01
1.000000000000000000e+00 6.879999999999999449e-01
2.000000000000000000e+00 6.864000000000000101e-01
2.000000000000000000e+00 6.879999999999999449e-01
4.000000000000000000e+00 6.895999999999999908e-01
1.000000000000000000e+00 6.895999999999999908e-01
6.000000000000000000e+00 6.895999999999999908e-01
1.080000000000000000e+02 6.912000000000000366e-01
4.000000000000000000e+00 6.927999999999999714e-01
5.200000000000000000e+01 6.912000000000000366e-01
9.000000000000000000e+00 6.927999999999999714e-01
1.900000000000000000e+01 6.895999999999999908e-01
3.800000000000000000e+01 6.864000000000000101e-01
9.000000000000000000e+00 6.832000000000000295e-01
0.000000000000000000e+00 6.847999999999999643e-01
0.000000000000000000e+00 6.864000000000000101e-01
5.430000000000000000e+02 6.879999999999999449e-01
0.000000000000000000e+00 6.800000000000000488e-01
7.000000000000000000e+00 6.815999999999999837e-01
1.000000000000000000e+01 6.832000000000000295e-01
4.000000000000000000e+00 6.832000000000000295e-01
3.000000000000000000e+00 6.815999999999999837e-01
0.000000000000000000e+00 6.832000000000000295e-01
2.500000000000000000e+01 6.847999999999999643e-01
5.000000000000000000e+00 6.864000000000000101e-01
4.700000000000000000e+01 6.879999999999999449e-01
2.000000000000000000e+00 6.784000000000000030e-01
0.000000000000000000e+00 6.800000000000000488e-01
1.340000000000000000e+02 6.815999999999999837e-01
8.000000000000000000e+00 6.815999999999999837e-01
3.100000000000000000e+01 6.832000000000000295e-01
9.900000000000000000e+01 6.832000000000000295e-01
0.000000000000000000e+00 6.847999999999999643e-01
0.000000000000000000e+00 6.864000000000000101e-01
2.000000000000000000e+00 6.879999999999999449e-01
8.400000000000000000e+01 6.895999999999999908e-01
1.014000000000000000e+03 6.912000000000000366e-01
0.000000000000000000e+00 6.703999999999999959e-01
5.900000000000000000e+01 6.720000000000000417e-01
2.750000000000000000e+02 6.735999999999999766e-01
4.000000000000000000e+00 6.623999999999999888e-01
2.000000000000000000e+00 6.640000000000000346e-01
5.200000000000000000e+01 6.640000000000000346e-01
0.000000000000000000e+00 6.655999999999999694e-01
1.380000000000000000e+02 6.672000000000000153e-01
3.000000000000000000e+00 6.672000000000000153e-01
4.000000000000000000e+00 6.655999999999999694e-01
0.000000000000000000e+00 6.672000000000000153e-01
2.000000000000000000e+00 6.687999999999999501e-01
0.000000000000000000e+00 6.703999999999999959e-01
0.000000000000000000e+00 6.720000000000000417e-01
0.000000000000000000e+00 6.735999999999999766e-01
0.000000000000000000e+00 6.752000000000000224e-01
4.000000000000000000e+00 6.767999999999999572e-01
6.200000000000000000e+01 6.752000000000000224e-01
2.900000000000000000e+01 6.767999999999999572e-01
9.000000000000000000e+00 6.784000000000000030e-01
0.000000000000000000e+00 6.800000000000000488e-01
3.000000000000000000e+00 6.815999999999999837e-01
1.000000000000000000e+00 6.800000000000000488e-01
3.000000000000000000e+00 6.800000000000000488e-01
4.200000000000000000e+01 6.815999999999999837e-01
4.200000000000000000e+01 6.800000000000000488e-01
3.000000000000000000e+00 6.800000000000000488e-01
2.000000000000000000e+00 6.815999999999999837e-01
3.090000000000000000e+02 6.784000000000000030e-01
1.000000000000000000e+00 6.752000000000000224e-01
1.820000000000000000e+02 6.767999999999999572e-01
6.000000000000000000e+00 6.784000000000000030e-01
1.000000000000000000e+00 6.800000000000000488e-01
2.400000000000000000e+01 6.815999999999999837e-01
0.000000000000000000e+00 6.832000000000000295e-01
0.000000000000000000e+00 6.847999999999999643e-01
1.000000000000000000e+00 6.864000000000000101e-01
0.000000000000000000e+00 6.879999999999999449e-01
1.940000000000000000e+02 6.895999999999999908e-01
4.000000000000000000e+00 6.912000000000000366e-01
0.000000000000000000e+00 6.927999999999999714e-01
0.000000000000000000e+00 6.944000000000000172e-01
0.000000000000000000e+00 6.959999999999999520e-01
0.000000000000000000e+00 6.975999999999999979e-01
1.300000000000000000e+01 6.992000000000000437e-01
3.580000000000000000e+02 7.007999999999999785e-01
8.000000000000000000e+00 6.847999999999999643e-01
1.100000000000000000e+01 6.864000000000000101e-01
0.000000000000000000e+00 6.847999999999999643e-01
1.400000000000000000e+01 6.864000000000000101e-01
0.000000000000000000e+00 6.847999999999999643e-01
3.210000000000000000e+02 6.864000000000000101e-01
5.800000000000000000e+01 6.847999999999999643e-01
1.400000000000000000e+01 6.864000000000000101e-01
8.000000000000000000e+00 6.879999999999999449e-01
8.000000000000000000e+00 6.895999999999999908e-01
6.000000000000000000e+00 6.912000000000000366e-01
8.000000000000000000e+00 6.927999999999999714e-01
3.700000000000000000e+01 6.944000000000000172e-01
2.400000000000000000e+01 6.927999999999999714e-01
0.000000000000000000e+00 6.927999999999999714e-01
0.000000000000000000e+00 6.944000000000000172e-01
6.490000000000000000e+02 6.959999999999999520e-01
0.000000000000000000e+00 6.784000000000000030e-01
2.000000000000000000e+00 6.800000000000000488e-01
8.500000000000000000e+01 6.815999999999999837e-01
2.000000000000000000e+00 6.784000000000000030e-01
5.000000000000000000e+00 6.784000000000000030e-01
0.000000000000000000e+00 6.784000000000000030e-01
2.000000000000000000e+01 6.800000000000000488e-01
2.000000000000000000e+00 6.815999999999999837e-01
0.000000000000000000e+00 6.800000000000000488e-01
6.600000000000000000e+01 6.815999999999999837e-01
4.400000000000000000e+01 6.832000000000000295e-01
1.980000000000000000e+02 6.847999999999999643e-01
8.000000000000000000e+00 6.864000000000000101e-01
0.000000000000000000e+00 6.879999999999999449e-01
2.000000000000000000e+00 6.895999999999999908e-01
6.000000000000000000e+00 6.912000000000000366e-01
0.000000000000000000e+00 6.927999999999999714e-01
2.650000000000000000e+02 6.944000000000000172e-01
4.700000000000000000e+01 6.864000000000000101e-01
0.000000000000000000e+00 6.864000000000000101e-01
6.320000000000000000e+02 6.879999999999999449e-01
1.200000000000000000e+02 6.752000000000000224e-01
3.000000000000000000e+00 6.687999999999999501e-01
3.920000000000000000e+02 6.703999999999999959e-01
0.000000000000000000e+00 6.720000000000000417e-01
2.000000000000000000e+00 6.735999999999999766e-01
0.000000000000000000e+00 6.735999999999999766e-01
4.000000000000000000e+01 6.752000000000000224e-01
2.650000000000000000e+02 6.735999999999999766e-01
0.000000000000000000e+00 6.735999999999999766e-01
0.000000000000000000e+00 6.752000000000000224e-01
7.000000000000000000e+00 6.767999999999999572e-01
0.000000000000000000e+00 6.784000000000000030e-01
6.100000000000000000e+01 6.800000000000000488e-01
4.800000000000000000e+01 6.815999999999999837e-01
2.000000000000000000e+00 6.767999999999999572e-01
3.800000000000000000e+01 6.784000000000000030e-01
0.000000000000000000e+00 6.800000000000000488e-01
0.000000000000000000e+00 6.815999999999999837e-01
0.000000000000000000e+00 6.832000000000000295e-01
0.000000000000000000e+00 6.847999999999999643e-01
2.600000000000000000e+01 6.864000000000000101e-01
4.000000000000000000e+00 6.879999999999999449e-01
3.000000000000000000e+00 6.879999999999999449e-01
2.000000000000000000e+00 6.895999999999999908e-01
5.100000000000000000e+01 6.895999999999999908e-01
0.000000000000000000e+00 6.815999999999999837e-01
2.000000000000000000e+00 6.832000000000000295e-01
2.000000000000000000e+00 6.847999999999999643e-01
1.000000000000000000e+00 6.864000000000000101e-01
4.000000000000000000e+00 6.847999999999999643e-01
1.500000000000000000e+01 6.864000000000000101e-01
4.460000000000000000e+02 6.879999999999999449e-01
3.200000000000000000e+01 6.864000000000000101e-01
0.000000000000000000e+00 6.864000000000000101e-01
1.470000000000000000e+02 6.879999999999999449e-01
1.300000000000000000e+01 6.864000000000000101e-01
2.010000000000000000e+02 6.879999999999999449e-01
2.460000000000000000e+02 6.735999999999999766e-01
4.600000000000000000e+01 6.720000000000000417e-01
0.000000000000000000e+00 6.735999999999999766e-01
1.400000000000000000e+01 6.752000000000000224e-01
1.200000000000000000e+01 6.767999999999999572e-01
8.400000000000000000e+01 6.767999999999999572e-01
3.900000000000000000e+01 6.735999999999999766e-01
7.000000000000000000e+00 6.735999999999999766e-01
8.300000000000000000e+01 6.752000000000000224e-01
1.030000000000000000e+02 6.752000000000000224e-01
2.000000000000000000e+00 6.703999999999999959e-01
0.000000000000000000e+00 6.720000000000000417e-01
3.000000000000000000e+00 6.735999999999999766e-01
1.100000000000000000e+01 6.720000000000000417e-01
0.000000000000000000e+00 6.735999999999999766e-01
6.000000000000000000e+00 6.752000000000000224e-01
0.000000000000000000e+00 6.767999999999999572e-01
1.280000000000000000e+02 6.784000000000000030e-01
0.000000000000000000e+00 6.720000000000000417e-01
6.000000000000000000e+00 6.735999999999999766e-01
8.000000000000000000e+00 6.735999999999999766e-01
0.000000000000000000e+00 6.752000000000000224e-01
0.000000000000000000e+00 6.767999999999999572e-01
0.000000000000000000e+00 6.784000000000000030e-01
5.360000000000000000e+02 6.800000000000000488e-01
2.750000000000000000e+02 6.623999999999999888e-01
1.000000000000000000e+00 6.640000000000000346e-01
1.000000000000000000e+00 6.655999999999999694e-01
1.100000000000000000e+01 6.672000000000000153e-01
1.800000000000000000e+01 6.687999999999999501e-01
4.000000000000000000e+00 6.703999999999999959e-01
4.000000000000000000e+00 6.720000000000000417e-01
1.440000000000000000e+02 6.735999999999999766e-01
2.000000000000000000e+00 6.703999999999999959e-01
2.000000000000000000e+00 6.720000000000000417e-01
1.500000000000000000e+01 6.720000000000000417e-01
1.000000000000000000e+02 6.703999999999999959e-01
6.000000000000000000e+00 6.672000000000000153e-01
0.000000000000000000e+00 6.687999999999999501e-01
0.000000000000000000e+00 6.703999999999999959e-01
0.000000000000000000e+00 6.720000000000000417e-01
0.000000000000000000e+00 6.735999999999999766e-01
3.000000000000000000e+00 6.752000000000000224e-01
0.000000000000000000e+00 6.767999999999999572e-01
0.000000000000000000e+00 6.784000000000000030e-01
3.000000000000000000e+00 6.800000000000000488e-01
0.000000000000000000e+00 6.815999999999999837e-01
5.500000000000000000e+01 6.832000000000000295e-01
0.000000000000000000e+00 6.800000000000000488e-01
9.780000000000000000e+02 6.815999999999999837e-01
0.000000000000000000e+00 6.655999999999999694e-01
7.100000000000000000e+01 6.672000000000000153e-01
0.000000000000000000e+00 6.687999999999999501e-01
0.000000000000000000e+00 6.703999999999999959e-01
0.000000000000000000e+00 6.720000000000000417e-01
5.000000000000000000e+00 6.735999999999999766e-01
0.000000000000000000e+00 6.720000000000000417e-01
0.000000000000000000e+00 6.735999999999999766e-01
1.200000000000000000e+01 6.752000000000000224e-01
9.100000000000000000e+01 6.752000000000000224e-01
1.320000000000000000e+02 6.720000000000000417e-01
4.900000000000000000e+01 6.640000000000000346e-01
8.000000000000000000e+00 6.592000000000000082e-01
7.000000000000000000e+00 6.608000000000000540e-01
9.200000000000000000e+01 6.623999999999999888e-01
0.000000000000000000e+00 6.575999999999999623e-01
6.500000000000000000e+01 6.592000000000000082e-01
9.000000000000000000e+00 6.560000000000000275e-01
1.420000000000000000e+02 6.575999999999999623e-01
0.000000000000000000e+00 6.560000000000000275e-01
5.200000000000000000e+01 6.575999999999999623e-01
2.000000000000000000e+00 6.592000000000000082e-01
0.000000000000000000e+00 6.608000000000000540e-01
2.000000000000000000e+00 6.623999999999999888e-01
1.000000000000000000e+00 6.640000000000000346e-01
5.200000000000000000e+01 6.655999999999999694e-01
0.000000000000000000e+00 6.672000000000000153e-01
2.000000000000000000e+01 6.687999999999999501e-01
1.590000000000000000e+02 6.703999999999999959e-01
2.610000000000000000e+02 6.608000000000000540e-01
0.000000000000000000e+00 6.608000000000000540e-01
5.000000000000000000e+00 6.623999999999999888e-01
5.000000000000000000e+00 6.608000000000000540e-01
2.100000000000000000e+01 6.623999999999999888e-01
0.000000000000000000e+00 6.640000000000000346e-01
1.000000000000000000e+00 6.655999999999999694e-01
1.140000000000000000e+02 6.672000000000000153e-01
4.000000000000000000e+00 6.687999999999999501e-01
2.100000000000000000e+01 6.687999999999999501e-01
2.400000000000000000e+01 6.672000000000000153e-01
1.000000000000000000e+00 6.687999999999999501e-01
0.000000000000000000e+00 6.703999999999999959e-01
2.000000000000000000e+00 6.720000000000000417e-01
8.000000000000000000e+00 6.735999999999999766e-01
8.000000000000000000e+00 6.752000000000000224e-01
0.000000000000000000e+00 6.735999999999999766e-01
4.800000000000000000e+01 6.752000000000000224e-01
0.000000000000000000e+00 6.767999999999999572e-01
1.040000000000000000e+02 6.784000000000000030e-01
0.000000000000000000e+00 6.767999999999999572e-01
5.000000000000000000e+00 6.784000000000000030e-01
3.000000000000000000e+00 6.800000000000000488e-01
0.000000000000000000e+00 6.767999999999999572e-01
2.600000000000000000e+01 6.784000000000000030e-01
2.750000000000000000e+02 6.767999999999999572e-01
9.100000000000000000e+01 6.703999999999999959e-01
4.100000000000000000e+01 6.720000000000000417e-01
6.000000000000000000e+01 6.687999999999999501e-01
5.000000000000000000e+00 6.703999999999999959e-01
0.000000000000000000e+00 6.720000000000000417e-01
0.000000000000000000e+00 6.735999999999999766e-01
0.000000000000000000e+00 6.752000000000000224e-01
0.000000000000000000e+00 6.767999999999999572e-01
2.000000000000000000e+00 6.784000000000000030e-01
0.000000000000000000e+00 6.800000000000000488e-01
1.000000000000000000e+00 6.815999999999999837e-01
2.000000000000000000e+01 6.832000000000000295e-01
1.000000000000000000e+01 6.800000000000000488e-01
0.000000000000000000e+00 6.815999999999999837e-01
1.300000000000000000e+01 6.832000000000000295e-01
0.000000000000000000e+00 6.847999999999999643e-01
2.000000000000000000e+00 6.864000000000000101e-01
1.000000000000000000e+00 6.879999999999999449e-01
0.000000000000000000e+00 6.879999999999999449e-01
1.000000000000000000e+00 6.895999999999999908e-01
0.000000000000000000e+00 6.912000000000000366e-01
3.000000000000000000e+00 6.927999999999999714e-01
3.600000000000000000e+01 6.944000000000000172e-01
2.000000000000000000e+00 6.895999999999999908e-01
4.300000000000000000e+01 6.895999999999999908e-01
3.400000000000000000e+01 6.879999999999999449e-01
2.330000000000000000e+02 6.895999999999999908e-01
0.000000000000000000e+00 6.767999999999999572e-01
0.000000000000000000e+00 6.784000000000000030e-01
0.000000000000000000e+00 6.800000000000000488e-01
0.000000000000000000e+00 6.815999999999999837e-01
0.000000000000000000e+00 6.832000000000000295e-01
0.000000000000000000e+00 6.847999999999999643e-01
0.000000000000000000e+00 6.864000000000000101e-01
4.000000000000000000e+00 6.879999999999999449e-01
2.700000000000000000e+01 6.895999999999999908e-01
4.000000000000000000e+00 6.912000000000000366e-01
1.200000000000000000e+01 6.927999999999999714e-01
5.090000000000000000e+02 6.944000000000000172e-01
4.400000000000000000e+01 6.912000000000000366e-01
0.000000000000000000e+00 6.927999999999999714e-01
0.000000000000000000e+00 6.944000000000000172e-01
2.000000000000000000e+00 6.959999999999999520e-01
1.600000000000000000e+01 6.975999999999999979e-01
6.200000000000000000e+01 6.944000000000000172e-01
0.000000000000000000e+00 6.832000000000000295e-01
4.000000000000000000e+00 6.847999999999999643e-01
2.000000000000000000e+00 6.864000000000000101e-01
3.000000000000000000e+00 6.847999999999999643e-01
2.900000000000000000e+01 6.864000000000000101e-01
2.100000000000000000e+01 6.879999999999999449e-01
1.300000000000000000e+01 6.879999999999999449e-01
2.000000000000000000e+00 6.847999999999999643e-01
1.015000000000000000e+03 6.847999999999999643e-01
0.000000000000000000e+00 6.655999999999999694e-01
0.000000000000000000e+00 6.672000000000000153e-01
0.000000000000000000e+00 6.687999999999999501e-01
1.000000000000000000e+00 6.703999999999999959e-01
0.000000000000000000e+00 6.703999999999999959e-01
0.000000000000000000e+00 6.720000000000000417e-01
0.000000000000000000e+00 6.735999999999999766e-01
1.000000000000000000e+00 6.752000000000000224e-01
6.000000000000000000e+00 6.767999999999999572e-01
8.000000000000000000e+00 6.784000000000000030e-01
4.000000000000000000e+00 6.784000000000000030e-01
3.530000000000000000e+02 6.800000000000000488e-01
0.000000000000000000e+00 6.752000000000000224e-01
0.000000000000000000e+00 6.767999999999999572e-01
3.500000000000000000e+01 6.784000000000000030e-01
8.000000000000000000e+00 6.800000000000000488e-01
3.000000000000000000e+00 6.815999999999999837e-01
0.000000000000000000e+00 6.832000000000000295e-01
0.000000000000000000e+00 6.847999999999999643e-01
0.000000000000000000e+00 6.864000000000000101e-01
2.000000000000000000e+00 6.879999999999999449e-01
0.000000000000000000e+00 6.895999999999999908e-01
0.000000000000000000e+00 6.912000000000000366e-01
1.000000000000000000e+00 6.927999999999999714e-01
2.000000000000000000e+00 6.944000000000000172e-01
0.000000000000000000e+00 6.959999999999999520e-01
4.200000000000000000e+02 6.975999999999999979e-01
4.000000000000000000e+00 6.800000000000000488e-01
0.000000000000000000e+00 6.815999999999999837e-01
7.000000000000000000e+00 6.832000000000000295e-01
1.700000000000000000e+01 6.847999999999999643e-01
0.000000000000000000e+00 6.864000000000000101e-01
5.000000000000000000e+00 6.879999999999999449e-01
2.400000000000000000e+01 6.895999999999999908e-01
2.000000000000000000e+00 6.912000000000000366e-01
6.000000000000000000e+00 6.927999999999999714e-01
6.480000000000000000e+02 6.944000000000000172e-01
6.000000000000000000e+00 6.879999999999999449e-01
1.000000000000000000e+00 6.895999999999999908e-01
0.000000000000000000e+00 6.912000000000000366e-01
1.880000000000000000e+02 6.927999999999999714e-01
4.000000000000000000e+00 6.927999999999999714e-01
1.000000000000000000e+00 6.944000000000000172e-01
2.270000000000000000e+02 6.959999999999999520e-01
5.450000000000000000e+02 6.879999999999999449e-01
0.000000000000000000e+00 6.703999999999999959e-01
3.290000000000000000e+02 6.720000000000000417e-01
2.000000000000000000e+00 6.720000000000000417e-01
0.000000000000000000e+00 6.720000000000000417e-01
1.300000000000000000e+01 6.735999999999999766e-01
2.920000000000000000e+02 6.752000000000000224e-01
1.000000000000000000e+00 6.767999999999999572e-01
7.000000000000000000e+00 6.784000000000000030e-01
4.000000000000000000e+01 6.800000000000000488e-01
4.000000000000000000e+00 6.752000000000000224e-01
1.000000000000000000e+00 6.752000000000000224e-01
2.610000000000000000e+02 6.767999999999999572e-01
0.000000000000000000e+00 6.655999999999999694e-01
0.000000000000000000e+00 6.672000000000000153e-01
4.000000000000000000e+01 6.687999999999999501e-01
1.030000000000000000e+02 6.640000000000000346e-01
2.300000000000000000e+01 6.655999999999999694e-01
0.000000000000000000e+00 6.608000000000000540e-01
0.000000000000000000e+00 6.623999999999999888e-01
1.800000000000000000e+01 6.640000000000000346e-01
0.000000000000000000e+00 6.655999999999999694e-01
9.200000000000000000e+01 6.672000000000000153e-01
2.200000000000000000e+01 6.608000000000000540e-01
4.000000000000000000e+00 6.623999999999999888e-01
1.000000000000000000e+00 6.640000000000000346e-01
0.000000000000000000e+00 6.655999999999999694e-01
4.000000000000000000e+00 6.672000000000000153e-01
1.400000000000000000e+01 6.687999999999999501e-01
0.000000000000000000e+00 6.703999999999999959e-01
2.700000000000000000e+01 6.720000000000000417e-01
0.000000000000000000e+00 6.672000000000000153e-01
1.130000000000000000e+02 6.687999999999999501e-01
2.170000000000000000e+02 6.623999999999999888e-01
0.000000000000000000e+00 6.592000000000000082e-01
3.200000000000000000e+02 6.608000000000000540e-01
0.000000000000000000e+00 6.528000000000000469e-01
6.000000000000000000e+00 6.543999999999999817e-01
5.000000000000000000e+00 6.560000000000000275e-01
0.000000000000000000e+00 6.575999999999999623e-01
1.000000000000000000e+00 6.592000000000000082e-01
0.000000000000000000e+00 6.575999999999999623e-01
0.000000000000000000e+00 6.592000000000000082e-01
3.000000000000000000e+00 6.608000000000000540e-01
1.000000000000000000e+00 6.623999999999999888e-01
1.000000000000000000e+00 6.623999999999999888e-01
7.800000000000000000e+01 6.623999999999999888e-01
0.000000000000000000e+00 6.623999999999999888e-01
6.000000000000000000e+00 6.640000000000000346e-01
0.000000000000000000e+00 6.623999999999999888e-01
3.080000000000000000e+02 6.640000000000000346e-01
2.000000000000000000e+00 6.655999999999999694e-01
0.000000000000000000e+00 6.672000000000000153e-01
2.000000000000000000e+00 6.687999999999999501e-01
1.900000000000000000e+01 6.687999999999999501e-01
1.600000000000000000e+01 6.703999999999999959e-01
5.800000000000000000e+01 6.720000000000000417e-01
3.000000000000000000e+00 6.735999999999999766e-01
1.500000000000000000e+01 6.752000000000000224e-01
0.000000000000000000e+00 6.767999999999999572e-01
2.000000000000000000e+00 6.784000000000000030e-01
2.270000000000000000e+02 6.800000000000000488e-01
5.100000000000000000e+01 6.784000000000000030e-01
1.330000000000000000e+02 6.800000000000000488e-01
2.000000000000000000e+00 6.815999999999999837e-01
2.000000000000000000e+00 6.800000000000000488e-01
2.000000000000000000e+00 6.815999999999999837e-01
7.900000000000000000e+01 6.832000000000000295e-01
7.000000000000000000e+00 6.767999999999999572e-01
2.000000000000000000e+00 6.767999999999999572e-01
0.000000000000000000e+00 6.784000000000000030e-01
2.510000000000000000e+02 6.800000000000000488e-01
1.100000000000000000e+01 6.735999999999999766e-01
5.000000000000000000e+00 6.752000000000000224e-01
1.000000000000000000e+00 6.767999999999999572e-01
2.800000000000000000e+01 6.767999999999999572e-01
2.500000000000000000e+01 6.784000000000000030e-01
2.000000000000000000e+00 6.800000000000000488e-01
1.000000000000000000e+01 6.815999999999999837e-01
8.000000000000000000e+00 6.832000000000000295e-01
0.000000000000000000e+00 6.847999999999999643e-01
2.000000000000000000e+00 6.864000000000000101e-01
0.000000000000000000e+00 6.864000000000000101e-01
4.000000000000000000e+00 6.879999999999999449e-01
1.015000000000000000e+03 6.895999999999999908e-01
1.440000000000000000e+02 6.864000000000000101e-01
0.000000000000000000e+00 6.815999999999999837e-01
0.000000000000000000e+00 6.832000000000000295e-01
0.000000000000000000e+00 6.847999999999999643e-01
0.000000000000000000e+00 6.864000000000000101e-01
0.000000000000000000e+00 6.879999999999999449e-01
1.300000000000000000e+01 6.895999999999999908e-01
1.010000000000000000e+02 6.912000000000000366e-01
2.500000000000000000e+02 6.927999999999999714e-01
0.000000000000000000e+00 6.927999999999999714e-01
0.000000000000000000e+00 6.944000000000000172e-01
3.210000000000000000e+02 6.959999999999999520e-01
4.000000000000000000e+00 6.912000000000000366e-01
0.000000000000000000e+00 6.927999999999999714e-01
0.000000000000000000e+00 6.944000000000000172e-01
6.700000000000000000e+02 6.959999999999999520e-01
0.000000000000000000e+00 6.800000000000000488e-01
0.000000000000000000e+00 6.815999999999999837e-01
4.000000000000000000e+00 6.832000000000000295e-01
3.890000000000000000e+02 6.847999999999999643e-01
7.300000000000000000e+01 6.815999999999999837e-01
5.700000000000000000e+01 6.767999999999999572e-01
5.000000000000000000e+00 6.720000000000000417e-01
7.000000000000000000e+00 6.720000000000000417e-01
5.900000000000000000e+01 6.703999999999999959e-01
1.000000000000000000e+00 6.703999999999999959e-01
4.000000000000000000e+00 6.703999999999999959e-01
0.000000000000000000e+00 6.720000000000000417e-01
2.400000000000000000e+01 6.735999999999999766e-01
0.000000000000000000e+00 6.752000000000000224e-01
0.000000000000000000e+00 6.767999999999999572e-01
0.000000000000000000e+00 6.784000000000000030e-01
0.000000000000000000e+00 6.800000000000000488e-01
1.000000000000000000e+01 6.815999999999999837e-01
9.100000000000000000e+01 6.832000000000000295e-01
1.000000000000000000e+00 6.847999999999999643e-01
1.400000000000000000e+01 6.864000000000000101e-01
0.000000000000000000e+00 6.879999999999999449e-01
2.000000000000000000e+00 6.895999999999999908e-01
1.400000000000000000e+01 6.912000000000000366e-01
0.000000000000000000e+00 6.927999999999999714e-01
9.000000000000000000e+01 6.944000000000000172e-01
2.000000000000000000e+00 6.959999999999999520e-01
2.000000000000000000e+00 6.975999999999999979e-01
0.000000000000000000e+00 6.975999999999999979e-01
1.000000000000000000e+00 6.992000000000000437e-01
3.000000000000000000e+00 6.975999999999999979e-01
4.100000000000000000e+01 6.992000000000000437e-01
2.030000000000000000e+02 6.944000000000000172e-01
1.200000000000000000e+01 6.847999999999999643e-01
3.400000000000000000e+01 6.864000000000000101e-01
1.000000000000000000e+00 6.864000000000000101e-01
4.100000000000000000e+01 6.879999999999999449e-01
0.000000000000000000e+00 6.832000000000000295e-01
2.100000000000000000e+01 6.847999999999999643e-01
3.170000000000000000e+02 6.864000000000000101e-01
2.000000000000000000e+00 6.879999999999999449e-01
0.000000000000000000e+00 6.895999999999999908e-01
9.000000000000000000e+00 6.912000000000000366e-01
2.000000000000000000e+00 6.927999999999999714e-01
1.000000000000000000e+00 6.944000000000000172e-01
2.100000000000000000e+01 6.959999999999999520e-01
1.200000000000000000e+01 6.944000000000000172e-01
2.000000000000000000e+00 6.959999999999999520e-01
0.000000000000000000e+00 6.975999999999999979e-01
4.170000000000000000e+02 6.992000000000000437e-01
3.000000000000000000e+00 6.895999999999999908e-01
6.760000000000000000e+02 6.912000000000000366e-01
0.000000000000000000e+00 6.784000000000000030e-01
6.000000000000000000e+00 6.800000000000000488e-01
0.000000000000000000e+00 6.784000000000000030e-01
1.000000000000000000e+00 6.800000000000000488e-01
0.000000000000000000e+00 6.784000000000000030e-01
1.000000000000000000e+00 6.800000000000000488e-01
3.000000000000000000e+00 6.815999999999999837e-01
3.600000000000000000e+01 6.832000000000000295e-01
8.000000000000000000e+00 6.832000000000000295e-01
0.000000000000000000e+00 6.815999999999999837e-01
1.800000000000000000e+01 6.832000000000000295e-01
4.940000000000000000e+02 6.767999999999999572e-01
6.000000000000000000e+00 6.752000000000000224e-01
3.000000000000000000e+00 6.752000000000000224e-01
1.490000000000000000e+02 6.767999999999999572e-01
1.410000000000000000e+02 6.720000000000000417e-01
4.700000000000000000e+01 6.735999999999999766e-01
4.000000000000000000e+00 6.720000000000000417e-01
0.000000000000000000e+00 6.720000000000000417e-01
0.000000000000000000e+00 6.735999999999999766e-01
2.000000000000000000e+00 6.752000000000000224e-01
0.000000000000000000e+00 6.767999999999999572e-01
2.000000000000000000e+00 6.784000000000000030e-01
9.000000000000000000e+00 6.784000000000000030e-01
0.000000000000000000e+00 6.784000000000000030e-01
1.033000000000000000e+03 6.800000000000000488e-01
0.000000000000000000e+00 6.528000000000000469e-01
1.400000000000000000e+01 6.543999999999999817e-01
2.300000000000000000e+01 6.528000000000000469e-01
2.000000000000000000e+00 6.543999999999999817e-01
0.000000000000000000e+00 6.560000000000000275e-01
1.000000000000000000e+01 6.575999999999999623e-01
8.000000000000000000e+00 6.592000000000000082e-01
0.000000000000000000e+00 6.592000000000000082e-01
0.000000000000000000e+00 6.608000000000000540e-01
5.000000000000000000e+00 6.623999999999999888e-01
2.000000000000000000e+00 6.592000000000000082e-01
6.000000000000000000e+00 6.592000000000000082e-01
3.570000000000000000e+02 6.575999999999999623e-01
2.000000000000000000e+00 6.543999999999999817e-01
2.000000000000000000e+00 6.560000000000000275e-01
0.000000000000000000e+00 6.575999999999999623e-01
0.000000000000000000e+00 6.592000000000000082e-01
0.000000000000000000e+00 6.608000000000000540e-01
3.000000000000000000e+00 6.623999999999999888e-01
0.000000000000000000e+00 6.640000000000000346e-01
2.470000000000000000e+02 6.655999999999999694e-01
6.000000000000000000e+00 6.623999999999999888e-01
0.000000000000000000e+00 6.640000000000000346e-01
5.600000000000000000e+01 6.655999999999999694e-01
1.000000000000000000e+00 6.672000000000000153e-01
1.000000000000000000e+00 6.687999999999999501e-01
1.100000000000000000e+02 6.703999999999999959e-01
4.000000000000000000e+00 6.687999999999999501e-01
4.000000000000000000e+00 6.687999999999999501e-01
2.000000000000000000e+00 6.703999999999999959e-01
1.000000000000000000e+00 6.687999999999999501e-01
2.000000000000000000e+00 6.703999999999999959e-01
3.000000000000000000e+00 6.720000000000000417e-01
0.000000000000000000e+00 6.735999999999999766e-01
0.000000000000000000e+00 6.752000000000000224e-01
5.000000000000000000e+00 6.767999999999999572e-01
1.300000000000000000e+01 6.784000000000000030e-01
0.000000000000000000e+00 6.800000000000000488e-01
8.000000000000000000e+00 6.815999999999999837e-01
0.000000000000000000e+00 6.815999999999999837e-01
4.300000000000000000e+01 6.832000000000000295e-01
2.100000000000000000e+01 6.847999999999999643e-01
3.000000000000000000e+00 6.864000000000000101e-01
1.200000000000000000e+01 6.879999999999999449e-01
1.000000000000000000e+00 6.895999999999999908e-01
1.900000000000000000e+01 6.895999999999999908e-01
6.000000000000000000e+00 6.912000000000000366e-01
3.600000000000000000e+01 6.927999999999999714e-01
9.730000000000000000e+02 6.912000000000000366e-01
5.900000000000000000e+01 6.864000000000000101e-01
2.000000000000000000e+00 6.879999999999999449e-01
0.000000000000000000e+00 6.895999999999999908e-01
0.000000000000000000e+00 6.912000000000000366e-01
1.000000000000000000e+00 6.927999999999999714e-01
0.000000000000000000e+00 6.944000000000000172e-01
2.000000000000000000e+00 6.959999999999999520e-01
9.000000000000000000e+00 6.975999999999999979e-01
0.000000000000000000e+00 6.992000000000000437e-01
7.100000000000000000e+01 7.007999999999999785e-01
6.000000000000000000e+00 7.024000000000000243e-01
4.700000000000000000e+01 7.039999999999999591e-01
5.600000000000000000e+01 7.024000000000000243e-01
6.300000000000000000e+01 7.007999999999999785e-01
2.170000000000000000e+02 7.024000000000000243e-01
8.000000000000000000e+00 6.975999999999999979e-01
0.000000000000000000e+00 6.992000000000000437e-01
5.700000000000000000e+01 7.007999999999999785e-01
4.000000000000000000e+00 6.992000000000000437e-01
0.000000000000000000e+00 7.007999999999999785e-01
9.000000000000000000e+00 7.024000000000000243e-01
1.400000000000000000e+01 6.992000000000000437e-01
0.000000000000000000e+00 7.007999999999999785e-01
1.500000000000000000e+01 7.024000000000000243e-01
9.700000000000000000e+01 7.007999999999999785e-01
3.900000000000000000e+01 7.024000000000000243e-01
1.100000000000000000e+02 7.039999999999999591e-01
1.520000000000000000e+02 7.056000000000000050e-01
1.730000000000000000e+02 7.007999999999999785e-01
7.800000000000000000e+01 6.864000000000000101e-01
0.000000000000000000e+00 6.879999999999999449e-01
0.000000000000000000e+00 6.895999999999999908e-01
0.000000000000000000e+00 6.912000000000000366e-01
0.000000000000000000e+00 6.927999999999999714e-01
3.300000000000000000e+01 6.944000000000000172e-01
0.000000000000000000e+00 6.959999999999999520e-01
1.800000000000000000e+01 6.975999999999999979e-01
0.000000000000000000e+00 6.975999999999999979e-01
1.900000000000000000e+02 6.992000000000000437e-01
5.400000000000000000e+01 7.007999999999999785e-01
2.000000000000000000e+00 7.024000000000000243e-01
6.640000000000000000e+02 7.039999999999999591e-01
0.000000000000000000e+00 6.944000000000000172e-01
1.270000000000000000e+02 6.959999999999999520e-01
1.000000000000000000e+00 6.912000000000000366e-01
0.000000000000000000e+00 6.927999999999999714e-01
3.600000000000000000e+01 6.944000000000000172e-01
5.900000000000000000e+01 6.944000000000000172e-01
0.000000000000000000e+00 6.879999999999999449e-01
0.000000000000000000e+00 6.895999999999999908e-01
0.000000000000000000e+00 6.912000000000000366e-01
8.000000000000000000e+00 6.927999999999999714e-01
1.100000000000000000e+01 6.944000000000000172e-01
0.000000000000000000e+00 6.912000000000000366e-01
2.000000000000000000e+00 6.927999999999999714e-01
4.000000000000000000e+00 6.944000000000000172e-01
0.000000000000000000e+00 6.959999999999999520e-01
2.000000000000000000e+00 6.975999999999999979e-01
0.000000000000000000e+00 6.959999999999999520e-01
4.000000000000000000e+00 6.975999999999999979e-01
5.100000000000000000e+01 6.992000000000000437e-01
3.300000000000000000e+01 7.007999999999999785e-01
2.200000000000000000e+01 7.024000000000000243e-01
2.510000000000000000e+02 7.039999999999999591e-01
0.000000000000000000e+00 6.959999999999999520e-01
0.000000000000000000e+00 6.975999999999999979e-01
2.970000000000000000e+02 6.992000000000000437e-01
2.200000000000000000e+01 6.975999999999999979e-01
0.000000000000000000e+00 6.944000000000000172e-01
3.000000000000000000e+00 6.959999999999999520e-01
5.530000000000000000e+02 6.944000000000000172e-01
9.000000000000000000e+00 6.815999999999999837e-01
3.000000000000000000e+00 6.832000000000000295e-01
1.000000000000000000e+00 6.847999999999999643e-01
0.000000000000000000e+00 6.864000000000000101e-01
4.000000000000000000e+00 6.879999999999999449e-01
0.000000000000000000e+00 6.847999999999999643e-01
8.000000000000000000e+00 6.864000000000000101e-01
1.000000000000000000e+01 6.864000000000000101e-01
2.000000000000000000e+00 6.864000000000000101e-01
7.000000000000000000e+00 6.847999999999999643e-01
6.900000000000000000e+01 6.864000000000000101e-01
1.020000000000000000e+02 6.864000000000000101e-01
0.000000000000000000e+00 6.879999999999999449e-01
0.000000000000000000e+00 6.895999999999999908e-01
0.000000000000000000e+00 6.912000000000000366e-01
2.000000000000000000e+01 6.927999999999999714e-01
2.680000000000000000e+02 6.944000000000000172e-01
3.100000000000000000e+01 6.944000000000000172e-01
0.000000000000000000e+00 6.864000000000000101e-01
3.500000000000000000e+01 6.879999999999999449e-01
0.000000000000000000e+00 6.864000000000000101e-01
3.000000000000000000e+00 6.879999999999999449e-01
0.000000000000000000e+00 6.879999999999999449e-01
4.110000000000000000e+02 6.895999999999999908e-01
2.700000000000000000e+01 6.879999999999999449e-01
1.000000000000000000e+00 6.895999999999999908e-01
0.000000000000000000e+00 6.895999999999999908e-01
4.000000000000000000e+00 6.912000000000000366e-01
0.000000000000000000e+00 6.927999999999999714e-01
0.000000000000000000e+00 6.944000000000000172e-01
1.190000000000000000e+02 6.959999999999999520e-01
0.000000000000000000e+00 6.959999999999999520e-01
1.000000000000000000e+00 6.975999999999999979e-01
1.000000000000000000e+00 6.975999999999999979e-01
8.000000000000000000e+00 6.992000000000000437e-01
1.000000000000000000e+00 7.007999999999999785e-01
7.300000000000000000e+01 7.024000000000000243e-01
3.000000000000000000e+00 6.944000000000000172e-01
3.000000000000000000e+00 6.959999999999999520e-01
1.000000000000000000e+00 6.959999999999999520e-01
0.000000000000000000e+00 6.959999999999999520e-01
0.000000000000000000e+00 6.975999999999999979e-01
4.000000000000000000e+00 6.992000000000000437e-01
0.000000000000000000e+00 7.007999999999999785e-01
1.140000000000000000e+02 7.024000000000000243e-01
2.000000000000000000e+00 6.975999999999999979e-01
2.000000000000000000e+00 6.959999999999999520e-01
1.100000000000000000e+01 6.975999999999999979e-01
1.300000000000000000e+01 6.992000000000000437e-01
6.670000000000000000e+02 7.007999999999999785e-01
0.000000000000000000e+00 6.959999999999999520e-01
2.100000000000000000e+01 6.975999999999999979e-01
3.500000000000000000e+01 6.975999999999999979e-01
1.050000000000000000e+02 6.912000000000000366e-01
2.000000000000000000e+00 6.879999999999999449e-01
0.000000000000000000e+00 6.895999999999999908e-01
5.000000000000000000e+00 6.912000000000000366e-01
2.650000000000000000e+02 6.912000000000000366e-01
5.000000000000000000e+00 6.927999999999999714e-01
1.000000000000000000e+00 6.944000000000000172e-01
2.000000000000000000e+00 6.959999999999999520e-01
2.990000000000000000e+02 6.975999999999999979e-01
0.000000000000000000e+00 6.800000000000000488e-01
1.200000000000000000e+01 6.815999999999999837e-01
2.570000000000000000e+02 6.815999999999999837e-01
6.300000000000000000e+01 6.720000000000000417e-01
0.000000000000000000e+00 6.735999999999999766e-01
2.000000000000000000e+00 6.752000000000000224e-01
4.800000000000000000e+01 6.767999999999999572e-01
2.100000000000000000e+01 6.767999999999999572e-01
3.300000000000000000e+01 6.767999999999999572e-01
0.000000000000000000e+00 6.767999999999999572e-01
0.000000000000000000e+00 6.784000000000000030e-01
1.000000000000000000e+00 6.800000000000000488e-01
4.400000000000000000e+01 6.800000000000000488e-01
8.000000000000000000e+00 6.815999999999999837e-01
0.000000000000000000e+00 6.832000000000000295e-01
0.000000000000000000e+00 6.847999999999999643e-01
6.500000000000000000e+01 6.864000000000000101e-01
0.000000000000000000e+00 6.879999999999999449e-01
1.900000000000000000e+01 6.895999999999999908e-01
8.000000000000000000e+00 6.879999999999999449e-01
1.300000000000000000e+01 6.895999999999999908e-01
0.000000000000000000e+00 6.912000000000000366e-01
0.000000000000000000e+00 6.927999999999999714e-01
4.880000000000000000e+02 6.944000000000000172e-01
2.300000000000000000e+01 6.864000000000000101e-01
4.000000000000000000e+00 6.879999999999999449e-01
0.000000000000000000e+00 6.847999999999999643e-01
7.500000000000000000e+01 6.864000000000000101e-01
2.000000000000000000e+00 6.879999999999999449e-01
2.380000000000000000e+02 6.895999999999999908e-01
4.100000000000000000e+01 6.815999999999999837e-01
0.000000000000000000e+00 6.832000000000000295e-01
5.000000000000000000e+00 6.847999999999999643e-01
1.100000000000000000e+01 6.832000000000000295e-01
0.000000000000000000e+00 6.847999999999999643e-01
0.000000000000000000e+00 6.864000000000000101e-01
1.600000000000000000e+01 6.879999999999999449e-01
3.600000000000000000e+01 6.895999999999999908e-01
1.040000000000000000e+02 6.912000000000000366e-01
6.160000000000000000e+02 6.847999999999999643e-01
1.000000000000000000e+00 6.767999999999999572e-01
0.000000000000000000e+00 6.767999999999999572e-01
1.470000000000000000e+02 6.784000000000000030e-01
4.000000000000000000e+01 6.800000000000000488e-01
1.200000000000000000e+01 6.815999999999999837e-01
2.700000000000000000e+01 6.832000000000000295e-01
2.900000000000000000e+01 6.815999999999999837e-01
0.000000000000000000e+00 6.800000000000000488e-01
5.000000000000000000e+00 6.815999999999999837e-01
0.000000000000000000e+00 6.832000000000000295e-01
0.000000000000000000e+00 6.847999999999999643e-01
0.000000000000000000e+00 6.864000000000000101e-01
3.000000000000000000e+00 6.879999999999999449e-01
0.000000000000000000e+00 6.879999999999999449e-01
0.000000000000000000e+00 6.895999999999999908e-01
0.000000000000000000e+00 6.912000000000000366e-01
2.000000000000000000e+00 6.927999999999999714e-01
6.100000000000000000e+01 6.912000000000000366e-01
2.000000000000000000e+00 6.864000000000000101e-01
9.300000000000000000e+01 6.879999999999999449e-01
1.000000000000000000e+00 6.895999999999999908e-01
0.000000000000000000e+00 6.912000000000000366e-01
2.000000000000000000e+00 6.927999999999999714e-01
4.000000000000000000e+00 6.927999999999999714e-01
4.000000000000000000e+00 6.912000000000000366e-01
0.000000000000000000e+00 6.895999999999999908e-01
0.000000000000000000e+00 6.912000000000000366e-01
0.000000000000000000e+00 6.927999999999999714e-01
0.000000000000000000e+00 6.944000000000000172e-01
2.000000000000000000e+00 6.959999999999999520e-01
1.000000000000000000e+00 6.959999999999999520e-01
0.000000000000000000e+00 6.944000000000000172e-01
0.000000000000000000e+00 6.959999999999999520e-01
6.760000000000000000e+02 6.975999999999999979e-01
0.000000000000000000e+00 6.800000000000000488e-01
1.000000000000000000e+00 6.815999999999999837e-01
3.000000000000000000e+00 6.832000000000000295e-01
4.300000000000000000e+01 6.832000000000000295e-01
0.000000000000000000e+00 6.832000000000000295e-01
0.000000000000000000e+00 6.847999999999999643e-01
0.000000000000000000e+00 6.864000000000000101e-01
0.000000000000000000e+00 6.879999999999999449e-01
5.760000000000000000e+02 6.895999999999999908e-01
3.600000000000000000e+01 6.879999999999999449e-01
4.000000000000000000e+00 6.815999999999999837e-01
4.000000000000000000e+00 6.815999999999999837e-01
1.300000000000000000e+01 6.832000000000000295e-01
1.300000000000000000e+01 6.847999999999999643e-01
0.000000000000000000e+00 6.847999999999999643e-01
1.100000000000000000e+01 6.864000000000000101e-01
0.000000000000000000e+00 6.864000000000000101e-01
1.590000000000000000e+02 6.879999999999999449e-01
1.700000000000000000e+01 6.864000000000000101e-01
0.000000000000000000e+00 6.879999999999999449e-01
2.000000000000000000e+00 6.895999999999999908e-01
0.000000000000000000e+00 6.912000000000000366e-01
0.000000000000000000e+00 6.927999999999999714e-01
1.020000000000000000e+02 6.944000000000000172e-01
2.000000000000000000e+00 6.959999999999999520e-01
0.000000000000000000e+00 6.975999999999999979e-01
0.000000000000000000e+00 6.992000000000000437e-01
1.000000000000000000e+00 7.007999999999999785e-01
6.000000000000000000e+00 7.024000000000000243e-01
1.200000000000000000e+01 7.039999999999999591e-01
1.630000000000000000e+02 7.056000000000000050e-01
1.890000000000000000e+02 7.072000000000000508e-01
7.000000000000000000e+00 7.072000000000000508e-01
6.000000000000000000e+00 7.039999999999999591e-01
0.000000000000000000e+00 7.056000000000000050e-01
2.000000000000000000e+00 7.072000000000000508e-01
5.380000000000000000e+02 7.056000000000000050e-01
3.300000000000000000e+01 7.024000000000000243e-01
1.000000000000000000e+01 7.024000000000000243e-01
0.000000000000000000e+00 7.039999999999999591e-01
3.700000000000000000e+01 7.056000000000000050e-01
0.000000000000000000e+00 7.039999999999999591e-01
5.300000000000000000e+01 7.056000000000000050e-01
1.000000000000000000e+00 6.992000000000000437e-01
2.000000000000000000e+00 7.007999999999999785e-01
2.000000000000000000e+02 6.992000000000000437e-01
1.040000000000000000e+02 6.912000000000000366e-01
5.000000000000000000e+00 6.832000000000000295e-01
0.000000000000000000e+00 6.847999999999999643e-01
1.000000000000000000e+00 6.864000000000000101e-01
0.000000000000000000e+00 6.879999999999999449e-01
0.000000000000000000e+00 6.895999999999999908e-01
2.190000000000000000e+02 6.912000000000000366e-01
2.400000000000000000e+02 6.927999999999999714e-01
0.000000000000000000e+00 6.800000000000000488e-01
2.000000000000000000e+00 6.815999999999999837e-01
0.000000000000000000e+00 6.832000000000000295e-01
0.000000000000000000e+00 6.847999999999999643e-01
7.100000000000000000e+01 6.864000000000000101e-01
0.000000000000000000e+00 6.800000000000000488e-01
2.000000000000000000e+00 6.815999999999999837e-01
3.900000000000000000e+01 6.815999999999999837e-01
0.000000000000000000e+00 6.832000000000000295e-01
1.390000000000000000e+02 6.847999999999999643e-01
3.000000000000000000e+00 6.815999999999999837e-01
2.000000000000000000e+00 6.815999999999999837e-01
3.860000000000000000e+02 6.832000000000000295e-01
1.100000000000000000e+01 6.784000000000000030e-01
1.160000000000000000e+02 6.784000000000000030e-01
0.000000000000000000e+00 6.800000000000000488e-01
2.000000000000000000e+00 6.815999999999999837e-01
7.300000000000000000e+01 6.832000000000000295e-01
0.000000000000000000e+00 6.800000000000000488e-01
0.000000000000000000e+00 6.815999999999999837e-01
1.000000000000000000e+01 6.832000000000000295e-01
1.300000000000000000e+01 6.847999999999999643e-01
7.000000000000000000e+01 6.815999999999999837e-01
2.600000000000000000e+01 6.815999999999999837e-01
0.000000000000000000e+00 6.800000000000000488e-01
1.900000000000000000e+01 6.815999999999999837e-01
1.400000000000000000e+01 6.832000000000000295e-01
2.000000000000000000e+01 6.832000000000000295e-01
0.000000000000000000e+00 6.832000000000000295e-01
2.000000000000000000e+00 6.847999999999999643e-01
0.000000000000000000e+00 6.864000000000000101e-01
1.000000000000000000e+00 6.879999999999999449e-01
0.000000000000000000e+00 6.895999999999999908e-01
0.000000000000000000e+00 6.912000000000000366e-01
5.000000000000000000e+00 6.927999999999999714e-01
7.000000000000000000e+00 6.864000000000000101e-01
0.000000000000000000e+00 6.879999999999999449e-01
0.000000000000000000e+00 6.895999999999999908e-01
9.000000000000000000e+00 6.912000000000000366e-01
9.000000000000000000e+00 6.864000000000000101e-01
3.300000000000000000e+01 6.879999999999999449e-01
2.000000000000000000e+00 6.864000000000000101e-01
0.000000000000000000e+00 6.879999999999999449e-01
7.000000000000000000e+00 6.895999999999999908e-01
0.000000000000000000e+00 6.912000000000000366e-01
0.000000000000000000e+00 6.927999999999999714e-01
1.810000000000000000e+02 6.944000000000000172e-01
1.150000000000000000e+02 6.927999999999999714e-01
6.100000000000000000e+01 6.944000000000000172e-01
2.000000000000000000e+00 6.959999999999999520e-01
6.000000000000000000e+00 6.944000000000000172e-01
0.000000000000000000e+00 6.959999999999999520e-01
1.935000000000000000e+03 6.975999999999999979e-01
9.000000000000000000e+00 6.687999999999999501e-01
0.000000000000000000e+00 6.640000000000000346e-01
1.050000000000000000e+02 6.655999999999999694e-01
0.000000000000000000e+00 6.640000000000000346e-01
2.000000000000000000e+00 6.655999999999999694e-01
3.900000000000000000e+01 6.672000000000000153e-01
3.000000000000000000e+00 6.655999999999999694e-01
0.000000000000000000e+00 6.672000000000000153e-01
0.000000000000000000e+00 6.687999999999999501e-01
6.000000000000000000e+00 6.703999999999999959e-01
3.480000000000000000e+02 6.720000000000000417e-01
1.000000000000000000e+00 6.495999999999999552e-01
0.000000000000000000e+00 6.495999999999999552e-01
2.000000000000000000e+00 6.512000000000000011e-01
0.000000000000000000e+00 6.528000000000000469e-01
0.000000000000000000e+00 6.543999999999999817e-01
0.000000000000000000e+00 6.560000000000000275e-01
4.000000000000000000e+00 6.575999999999999623e-01
7.000000000000000000e+00 6.592000000000000082e-01
8.300000000000000000e+01 6.608000000000000540e-01
1.420000000000000000e+02 6.575999999999999623e-01
0.000000000000000000e+00 6.592000000000000082e-01
4.000000000000000000e+00 6.608000000000000540e-01
2.000000000000000000e+00 6.608000000000000540e-01
4.000000000000000000e+00 6.623999999999999888e-01
9.500000000000000000e+01 6.640000000000000346e-01
0.000000000000000000e+00 6.640000000000000346e-01
2.600000000000000000e+01 6.655999999999999694e-01
1.000000000000000000e+00 6.672000000000000153e-01
2.000000000000000000e+00 6.687999999999999501e-01
7.000000000000000000e+00 6.703999999999999959e-01
0.000000000000000000e+00 6.720000000000000417e-01
0.000000000000000000e+00 6.735999999999999766e-01
0.000000000000000000e+00 6.752000000000000224e-01
0.000000000000000000e+00 6.767999999999999572e-01
0.000000000000000000e+00 6.784000000000000030e-01
6.000000000000000000e+00 6.800000000000000488e-01
0.000000000000000000e+00 6.815999999999999837e-01
5.820000000000000000e+02 6.832000000000000295e-01
5.000000000000000000e+00 6.687999999999999501e-01
1.000000000000000000e+00 6.703999999999999959e-01
5.600000000000000000e+01 6.720000000000000417e-01
2.000000000000000000e+01 6.703999999999999959e-01
2.970000000000000000e+02 6.720000000000000417e-01
1.070000000000000000e+02 6.720000000000000417e-01
2.500000000000000000e+01 6.687999999999999501e-01
6.000000000000000000e+00 6.703999999999999959e-01
0.000000000000000000e+00 6.720000000000000417e-01
0.000000000000000000e+00 6.735999999999999766e-01
0.000000000000000000e+00 6.752000000000000224e-01
0.000000000000000000e+00 6.767999999999999572e-01
0.000000000000000000e+00 6.784000000000000030e-01
0.000000000000000000e+00 6.800000000000000488e-01
0.000000000000000000e+00 6.815999999999999837e-01
0.000000000000000000e+00 6.832000000000000295e-01
6.000000000000000000e+00 6.847999999999999643e-01
8.000000000000000000e+00 6.864000000000000101e-01
2.200000000000000000e+01 6.879999999999999449e-01
7.520000000000000000e+02 6.864000000000000101e-01
3.200000000000000000e+01 6.703999999999999959e-01
0.000000000000000000e+00 6.720000000000000417e-01
0.000000000000000000e+00 6.735999999999999766e-01
4.000000000000000000e+00 6.752000000000000224e-01
2.000000000000000000e+00 6.767999999999999572e-01
0.000000000000000000e+00 6.784000000000000030e-01
1.070000000000000000e+02 6.800000000000000488e-01
0.000000000000000000e+00 6.800000000000000488e-01
9.800000000000000000e+01 6.815999999999999837e-01
0.000000000000000000e+00 6.784000000000000030e-01
0.000000000000000000e+00 6.800000000000000488e-01
0.000000000000000000e+00 6.815999999999999837e-01
8.000000000000000000e+00 6.832000000000000295e-01
0.000000000000000000e+00 6.847999999999999643e-01
3.400000000000000000e+01 6.864000000000000101e-01
1.500000000000000000e+01 6.879999999999999449e-01
0.000000000000000000e+00 6.879999999999999449e-01
0.000000000000000000e+00 6.895999999999999908e-01
0.000000000000000000e+00 6.912000000000000366e-01
3.800000000000000000e+02 6.927999999999999714e-01
0.000000000000000000e+00 6.927999999999999714e-01
5.400000000000000000e+01 6.944000000000000172e-01
4.000000000000000000e+00 6.912000000000000366e-01
1.100000000000000000e+01 6.927999999999999714e-01
0.000000000000000000e+00 6.912000000000000366e-01
1.000000000000000000e+01 6.927999999999999714e-01
2.300000000000000000e+01 6.944000000000000172e-01
1.100000000000000000e+01 6.959999999999999520e-01
3.000000000000000000e+00 6.959999999999999520e-01
3.000000000000000000e+00 6.975999999999999979e-01
7.000000000000000000e+00 6.992000000000000437e-01
4.000000000000000000e+00 6.992000000000000437e-01
1.000000000000000000e+00 7.007999999999999785e-01
0.000000000000000000e+00 7.024000000000000243e-01
3.000000000000000000e+00 7.039999999999999591e-01
1.700000000000000000e+01 7.024000000000000243e-01
1.000000000000000000e+01 7.039999999999999591e-01
0.000000000000000000e+00 7.024000000000000243e-01
4.600000000000000000e+01 7.039999999999999591e-01
0.000000000000000000e+00 7.056000000000000050e-01
1.000000000000000000e+00 7.072000000000000508e-01
4.230000000000000000e+02 7.087999999999999856e-01
5.600000000000000000e+01 6.959999999999999520e-01
1.000000000000000000e+00 6.944000000000000172e-01
0.000000000000000000e+00 6.959999999999999520e-01
3.300000000000000000e+01 6.975999999999999979e-01
0.000000000000000000e+00 6.992000000000000437e-01
3.750000000000000000e+02 7.007999999999999785e-01
4.570000000000000000e+02 6.864000000000000101e-01
0.000000000000000000e+00 6.784000000000000030e-01
2.600000000000000000e+01 6.800000000000000488e-01
0.000000000000000000e+00 6.784000000000000030e-01
4.350000000000000000e+02 6.800000000000000488e-01
0.000000000000000000e+00 6.703999999999999959e-01
0.000000000000000000e+00 6.720000000000000417e-01
0.000000000000000000e+00 6.735999999999999766e-01
1.000000000000000000e+00 6.752000000000000224e-01
2.100000000000000000e+01 6.767999999999999572e-01
1.000000000000000000e+00 6.784000000000000030e-01
3.000000000000000000e+00 6.800000000000000488e-01
0.000000000000000000e+00 6.815999999999999837e-01
0.000000000000000000e+00 6.832000000000000295e-01
0.000000000000000000e+00 6.847999999999999643e-01
0.000000000000000000e+00 6.864000000000000101e-01
2.900000000000000000e+01 6.879999999999999449e-01
7.000000000000000000e+00 6.815999999999999837e-01
0.000000000000000000e+00 6.832000000000000295e-01
0.000000000000000000e+00 6.847999999999999643e-01
2.000000000000000000e+00 6.864000000000000101e-01
8.000000000000000000e+00 6.879999999999999449e-01
3.000000000000000000e+00 6.895999999999999908e-01
6.200000000000000000e+01 6.912000000000000366e-01
3.600000000000000000e+01 6.927999999999999714e-01
0.000000000000000000e+00 6.944000000000000172e-01
4.000000000000000000e+00 6.959999999999999520e-01
3.000000000000000000e+00 6.975999999999999979e-01
1.600000000000000000e+01 6.959999999999999520e-01
4.000000000000000000e+00 6.975999999999999979e-01
1.000000000000000000e+02 6.992000000000000437e-01
1.100000000000000000e+01 6.959999999999999520e-01
1.000000000000000000e+00 6.959999999999999520e-01
1.511000000000000000e+03 6.975999999999999979e-01
0.000000000000000000e+00 6.752000000000000224e-01
0.000000000000000000e+00 6.767999999999999572e-01
2.000000000000000000e+00 6.784000000000000030e-01
0.000000000000000000e+00 6.800000000000000488e-01
2.000000000000000000e+00 6.815999999999999837e-01
3.300000000000000000e+01 6.832000000000000295e-01
2.000000000000000000e+00 6.847999999999999643e-01
2.200000000000000000e+01 6.864000000000000101e-01
0.000000000000000000e+00 6.847999999999999643e-01
0.000000000000000000e+00 6.864000000000000101e-01
0.000000000000000000e+00 6.879999999999999449e-01
9.500000000000000000e+01 6.895999999999999908e-01
0.000000000000000000e+00 6.912000000000000366e-01
0.000000000000000000e+00 6.927999999999999714e-01
9.000000000000000000e+00 6.944000000000000172e-01
7.640000000000000000e+02 6.944000000000000172e-01
0.000000000000000000e+00 6.847999999999999643e-01
1.400000000000000000e+01 6.864000000000000101e-01
1.100000000000000000e+01 6.879999999999999449e-01
5.200000000000000000e+01 6.895999999999999908e-01
0.000000000000000000e+00 6.864000000000000101e-01
1.300000000000000000e+01 6.879999999999999449e-01
1.200000000000000000e+01 6.879999999999999449e-01
2.000000000000000000e+00 6.895999999999999908e-01
2.000000000000000000e+00 6.912000000000000366e-01
8.500000000000000000e+01 6.912000000000000366e-01
1.000000000000000000e+00 6.912000000000000366e-01
8.000000000000000000e+00 6.927999999999999714e-01
0.000000000000000000e+00 6.895999999999999908e-01
0.000000000000000000e+00 6.912000000000000366e-01
0.000000000000000000e+00 6.927999999999999714e-01
4.000000000000000000e+00 6.944000000000000172e-01
1.000000000000000000e+00 6.959999999999999520e-01
2.500000000000000000e+01 6.975999999999999979e-01
0.000000000000000000e+00 6.992000000000000437e-01
2.000000000000000000e+00 7.007999999999999785e-01
2.100000000000000000e+02 7.024000000000000243e-01
1.700000000000000000e+01 6.992000000000000437e-01
4.000000000000000000e+00 6.992000000000000437e-01
4.000000000000000000e+00 6.975999999999999979e-01
5.750000000000000000e+02 6.992000000000000437e-01
0.000000000000000000e+00 6.832000000000000295e-01
3.000000000000000000e+00 6.847999999999999643e-01
3.020000000000000000e+02 6.847999999999999643e-01
4.000000000000000000e+00 6.735999999999999766e-01
1.000000000000000000e+00 6.752000000000000224e-01
2.000000000000000000e+00 6.767999999999999572e-01
1.500000000000000000e+01 6.767999999999999572e-01
0.000000000000000000e+00 6.784000000000000030e-01
2.270000000000000000e+02 6.800000000000000488e-01
3.400000000000000000e+01 6.720000000000000417e-01
8.000000000000000000e+00 6.672000000000000153e-01
2.000000000000000000e+00 6.687999999999999501e-01
9.000000000000000000e+00 6.703999999999999959e-01
1.000000000000000000e+00 6.720000000000000417e-01
0.000000000000000000e+00 6.735999999999999766e-01
0.000000000000000000e+00 6.752000000000000224e-01
0.000000000000000000e+00 6.767999999999999572e-01
5.440000000000000000e+02 6.784000000000000030e-01
1.100000000000000000e+01 6.735999999999999766e-01
9.000000000000000000e+00 6.735999999999999766e-01
0.000000000000000000e+00 6.752000000000000224e-01
0.000000000000000000e+00 6.767999999999999572e-01
0.000000000000000000e+00 6.784000000000000030e-01
1.500000000000000000e+01 6.800000000000000488e-01
0.000000000000000000e+00 6.800000000000000488e-01
5.000000000000000000e+00 6.815999999999999837e-01
0.000000000000000000e+00 6.832000000000000295e-01
3.400000000000000000e+01 6.847999999999999643e-01
3.000000000000000000e+00 6.784000000000000030e-01
0.000000000000000000e+00 6.800000000000000488e-01
6.300000000000000000e+01 6.815999999999999837e-01
5.870000000000000000e+02 6.832000000000000295e-01
0.000000000000000000e+00 6.832000000000000295e-01
5.400000000000000000e+01 6.847999999999999643e-01
0.000000000000000000e+00 6.832000000000000295e-01
1.290000000000000000e+02 6.847999999999999643e-01
1.000000000000000000e+00 6.832000000000000295e-01
1.000000000000000000e+00 6.832000000000000295e-01
2.490000000000000000e+02 6.847999999999999643e-01
0.000000000000000000e+00 6.767999999999999572e-01
1.500000000000000000e+01 6.784000000000000030e-01
0.000000000000000000e+00 6.784000000000000030e-01
1.400000000000000000e+01 6.800000000000000488e-01
0.000000000000000000e+00 6.815999999999999837e-01
1.840000000000000000e+02 6.832000000000000295e-01
1.000000000000000000e+00 6.800000000000000488e-01
3.900000000000000000e+01 6.815999999999999837e-01
1.100000000000000000e+01 6.784000000000000030e-01
2.900000000000000000e+01 6.800000000000000488e-01
0.000000000000000000e+00 6.815999999999999837e-01
1.900000000000000000e+01 6.832000000000000295e-01
0.000000000000000000e+00 6.847999999999999643e-01
1.180000000000000000e+02 6.864000000000000101e-01
0.000000000000000000e+00 6.879999999999999449e-01
0.000000000000000000e+00 6.895999999999999908e-01
6.830000000000000000e+02 6.912000000000000366e-01
3.000000000000000000e+00 6.832000000000000295e-01
6.400000000000000000e+01 6.847999999999999643e-01
0.000000000000000000e+00 6.864000000000000101e-01
7.900000000000000000e+01 6.879999999999999449e-01
0.000000000000000000e+00 6.895999999999999908e-01
0.000000000000000000e+00 6.912000000000000366e-01
0.000000000000000000e+00 6.927999999999999714e-01
0.000000000000000000e+00 6.944000000000000172e-01
1.740000000000000000e+02 6.959999999999999520e-01
1.000000000000000000e+00 6.912000000000000366e-01
1.350000000000000000e+02 6.912000000000000366e-01
2.140000000000000000e+02 6.879999999999999449e-01
7.000000000000000000e+00 6.895999999999999908e-01
0.000000000000000000e+00 6.912000000000000366e-01
0.000000000000000000e+00 6.927999999999999714e-01
5.000000000000000000e+00 6.944000000000000172e-01
5.400000000000000000e+01 6.959999999999999520e-01
9.600000000000000000e+01 6.944000000000000172e-01
5.000000000000000000e+00 6.927999999999999714e-01
7.500000000000000000e+01 6.944000000000000172e-01
0.000000000000000000e+00 6.959999999999999520e-01
1.190000000000000000e+02 6.975999999999999979e-01
1.670000000000000000e+02 6.927999999999999714e-01
0.000000000000000000e+00 6.864000000000000101e-01
1.000000000000000000e+00 6.879999999999999449e-01
2.130000000000000000e+02 6.895999999999999908e-01
3.900000000000000000e+01 6.895999999999999908e-01
6.500000000000000000e+01 6.879999999999999449e-01
2.600000000000000000e+01 6.879999999999999449e-01
0.000000000000000000e+00 6.879999999999999449e-01
2.700000000000000000e+01 6.895999999999999908e-01
5.000000000000000000e+00 6.912000000000000366e-01
2.000000000000000000e+00 6.927999999999999714e-01
0.000000000000000000e+00 6.944000000000000172e-01
0.000000000000000000e+00 6.959999999999999520e-01
0.000000000000000000e+00 6.975999999999999979e-01
5.500000000000000000e+01 6.992000000000000437e-01
1.500000000000000000e+01 6.992000000000000437e-01
2.540000000000000000e+02 7.007999999999999785e-01
0.000000000000000000e+00 6.959999999999999520e-01
3.000000000000000000e+00 6.975999999999999979e-01
1.000000000000000000e+00 6.992000000000000437e-01
2.000000000000000000e+00 7.007999999999999785e-01
0.000000000000000000e+00 7.024000000000000243e-01
5.000000000000000000e+00 7.039999999999999591e-01
7.000000000000000000e+00 7.056000000000000050e-01
2.000000000000000000e+00 7.072000000000000508e-01
3.000000000000000000e+00 7.087999999999999856e-01
4.000000000000000000e+00 7.087999999999999856e-01
3.600000000000000000e+01 7.104000000000000314e-01
0.000000000000000000e+00 7.039999999999999591e-01
4.890000000000000000e+02 7.056000000000000050e-01
1.200000000000000000e+01 6.927999999999999714e-01
0.000000000000000000e+00 6.944000000000000172e-01
2.510000000000000000e+02 6.959999999999999520e-01
4.000000000000000000e+00 6.879999999999999449e-01
1.600000000000000000e+01 6.895999999999999908e-01
1.000000000000000000e+00 6.879999999999999449e-01
7.300000000000000000e+01 6.895999999999999908e-01
0.000000000000000000e+00 6.847999999999999643e-01
0.000000000000000000e+00 6.864000000000000101e-01
2.000000000000000000e+00 6.879999999999999449e-01
2.520000000000000000e+02 6.895999999999999908e-01
2.000000000000000000e+00 6.879999999999999449e-01
1.000000000000000000e+01 6.895999999999999908e-01
0.000000000000000000e+00 6.912000000000000366e-01
1.470000000000000000e+02 6.927999999999999714e-01
1.000000000000000000e+00 6.927999999999999714e-01
4.800000000000000000e+01 6.927999999999999714e-01
1.400000000000000000e+01 6.895999999999999908e-01
0.000000000000000000e+00 6.912000000000000366e-01
1.000000000000000000e+00 6.927999999999999714e-01
1.000000000000000000e+00 6.944000000000000172e-01
6.000000000000000000e+00 6.944000000000000172e-01
0.000000000000000000e+00 6.959999999999999520e-01
0.000000000000000000e+00 6.975999999999999979e-01
0.000000000000000000e+00 6.992000000000000437e-01
1.310000000000000000e+02 7.007999999999999785e-01
8.000000000000000000e+00 6.944000000000000172e-01
2.000000000000000000e+00 6.959999999999999520e-01
0.000000000000000000e+00 6.944000000000000172e-01
5.300000000000000000e+01 6.959999999999999520e-01
1.200000000000000000e+01 6.944000000000000172e-01
2.000000000000000000e+00 6.959999999999999520e-01
7.000000000000000000e+00 6.959999999999999520e-01
1.000000000000000000e+00 6.975999999999999979e-01
5.000000000000000000e+00 6.992000000000000437e-01
9.000000000000000000e+00 7.007999999999999785e-01
0.000000000000000000e+00 7.024000000000000243e-01
0.000000000000000000e+00 7.039999999999999591e-01
1.100000000000000000e+01 7.056000000000000050e-01
3.500000000000000000e+01 7.039999999999999591e-01
6.000000000000000000e+00 6.992000000000000437e-01
4.000000000000000000e+00 7.007999999999999785e-01
0.000000000000000000e+00 7.024000000000000243e-01
0.000000000000000000e+00 7.039999999999999591e-01
2.000000000000000000e+00 7.056000000000000050e-01
0.000000000000000000e+00 7.072000000000000508e-01
0.000000000000000000e+00 7.087999999999999856e-01
6.890000000000000000e+02 7.104000000000000314e-01
0.000000000000000000e+00 6.944000000000000172e-01
3.000000000000000000e+00 6.959999999999999520e-01
0.000000000000000000e+00 6.975999999999999979e-01
0.000000000000000000e+00 6.992000000000000437e-01
1.460000000000000000e+02 7.007999999999999785e-01
6.000000000000000000e+00 6.959999999999999520e-01
7.000000000000000000e+00 6.975999999999999979e-01
1.000000000000000000e+00 6.992000000000000437e-01
7.000000000000000000e+00 7.007999999999999785e-01
9.000000000000000000e+00 7.024000000000000243e-01
2.200000000000000000e+01 7.039999999999999591e-01
1.000000000000000000e+00 6.992000000000000437e-01
3.000000000000000000e+00 7.007999999999999785e-01
2.000000000000000000e+00 7.024000000000000243e-01
0.000000000000000000e+00 7.039999999999999591e-01
5.000000000000000000e+00 7.056000000000000050e-01
0.000000000000000000e+00 7.072000000000000508e-01
3.000000000000000000e+00 7.087999999999999856e-01
0.000000000000000000e+00 7.087999999999999856e-01
0.000000000000000000e+00 7.104000000000000314e-01
2.000000000000000000e+00 7.119999999999999662e-01
2.000000000000000000e+00 7.136000000000000121e-01
2.700000000000000000e+01 7.151999999999999469e-01
4.200000000000000000e+01 7.104000000000000314e-01
1.000000000000000000e+00 6.975999999999999979e-01
2.000000000000000000e+00 6.992000000000000437e-01
4.900000000000000000e+01 7.007999999999999785e-01
3.800000000000000000e+01 7.007999999999999785e-01
2.000000000000000000e+00 7.024000000000000243e-01
1.513000000000000000e+03 7.039999999999999591e-01
2.000000000000000000e+00 6.655999999999999694e-01
0.000000000000000000e+00 6.672000000000000153e-01
2.000000000000000000e+00 6.687999999999999501e-01
0.000000000000000000e+00 6.703999999999999959e-01
2.820000000000000000e+02 6.720000000000000417e-01
0.000000000000000000e+00 6.623999999999999888e-01
0.000000000000000000e+00 6.640000000000000346e-01
2.900000000000000000e+01 6.655999999999999694e-01
1.000000000000000000e+00 6.672000000000000153e-01
0.000000000000000000e+00 6.672000000000000153e-01
4.200000000000000000e+01 6.687999999999999501e-01
0.000000000000000000e+00 6.703999999999999959e-01
1.190000000000000000e+02 6.720000000000000417e-01
4.200000000000000000e+01 6.687999999999999501e-01
1.000000000000000000e+00 6.687999999999999501e-01
0.000000000000000000e+00 6.687999999999999501e-01
7.000000000000000000e+00 6.703999999999999959e-01
0.000000000000000000e+00 6.720000000000000417e-01
3.500000000000000000e+01 6.735999999999999766e-01
7.500000000000000000e+01 6.687999999999999501e-01
2.500000000000000000e+01 6.703999999999999959e-01
0.000000000000000000e+00 6.672000000000000153e-01
1.400000000000000000e+02 6.687999999999999501e-01
2.000000000000000000e+00 6.608000000000000540e-01
1.000000000000000000e+01 6.623999999999999888e-01
0.000000000000000000e+00 6.640000000000000346e-01
0.000000000000000000e+00 6.655999999999999694e-01
1.000000000000000000e+00 6.672000000000000153e-01
2.000000000000000000e+00 6.672000000000000153e-01
1.870000000000000000e+02 6.687999999999999501e-01
2.000000000000000000e+00 6.703999999999999959e-01
2.500000000000000000e+01 6.720000000000000417e-01
3.000000000000000000e+00 6.735999999999999766e-01
1.100000000000000000e+01 6.752000000000000224e-01
1.000000000000000000e+00 6.767999999999999572e-01
2.000000000000000000e+00 6.784000000000000030e-01
0.000000000000000000e+00 6.784000000000000030e-01
1.300000000000000000e+01 6.800000000000000488e-01
3.300000000000000000e+01 6.815999999999999837e-01
0.000000000000000000e+00 6.800000000000000488e-01
2.300000000000000000e+01 6.815999999999999837e-01
1.006000000000000000e+03 6.832000000000000295e-01
0.000000000000000000e+00 6.735999999999999766e-01
4.000000000000000000e+00 6.752000000000000224e-01
0.000000000000000000e+00 6.767999999999999572e-01
2.400000000000000000e+01 6.784000000000000030e-01
0.000000000000000000e+00 6.800000000000000488e-01
0.000000000000000000e+00 6.815999999999999837e-01
0.000000000000000000e+00 6.832000000000000295e-01
4.500000000000000000e+01 6.847999999999999643e-01
3.000000000000000000e+00 6.864000000000000101e-01
2.000000000000000000e+00 6.879999999999999449e-01
1.500000000000000000e+01 6.879999999999999449e-01
3.000000000000000000e+01 6.895999999999999908e-01
1.200000000000000000e+01 6.912000000000000366e-01
0.000000000000000000e+00 6.912000000000000366e-01
8.000000000000000000e+00 6.927999999999999714e-01
1.000000000000000000e+00 6.912000000000000366e-01
2.000000000000000000e+00 6.912000000000000366e-01
1.100000000000000000e+02 6.927999999999999714e-01
0.000000000000000000e+00 6.864000000000000101e-01
4.150000000000000000e+02 6.879999999999999449e-01
0.000000000000000000e+00 6.832000000000000295e-01
1.000000000000000000e+00 6.847999999999999643e-01
0.000000000000000000e+00 6.864000000000000101e-01
2.810000000000000000e+02 6.879999999999999449e-01
0.000000000000000000e+00 6.832000000000000295e-01
3.740000000000000000e+02 6.847999999999999643e-01
1.600000000000000000e+01 6.784000000000000030e-01
0.000000000000000000e+00 6.752000000000000224e-01
4.000000000000000000e+00 6.767999999999999572e-01
2.500000000000000000e+01 6.784000000000000030e-01
0.000000000000000000e+00 6.784000000000000030e-01
1.000000000000000000e+01 6.800000000000000488e-01
0.000000000000000000e+00 6.815999999999999837e-01
4.300000000000000000e+01 6.832000000000000295e-01
7.000000000000000000e+00 6.815999999999999837e-01
0.000000000000000000e+00 6.832000000000000295e-01
3.900000000000000000e+01 6.847999999999999643e-01
0.000000000000000000e+00 6.800000000000000488e-01
0.000000000000000000e+00 6.815999999999999837e-01
0.000000000000000000e+00 6.832000000000000295e-01
0.000000000000000000e+00 6.847999999999999643e-01
1.000000000000000000e+00 6.864000000000000101e-01
0.000000000000000000e+00 6.864000000000000101e-01
1.200000000000000000e+01 6.879999999999999449e-01
0.000000000000000000e+00 6.895999999999999908e-01
2.800000000000000000e+01 6.912000000000000366e-01
0.000000000000000000e+00 6.912000000000000366e-01
3.000000000000000000e+00 6.927999999999999714e-01
0.000000000000000000e+00 6.944000000000000172e-01
3.500000000000000000e+01 6.959999999999999520e-01
4.000000000000000000e+01 6.975999999999999979e-01
1.100000000000000000e+01 6.992000000000000437e-01
0.000000000000000000e+00 7.007999999999999785e-01
0.000000000000000000e+00 7.024000000000000243e-01
6.800000000000000000e+01 7.039999999999999591e-01
2.000000000000000000e+00 7.056000000000000050e-01
0.000000000000000000e+00 7.072000000000000508e-01
2.000000000000000000e+00 7.087999999999999856e-01
5.000000000000000000e+00 7.104000000000000314e-01
0.000000000000000000e+00 7.087999999999999856e-01
8.000000000000000000e+00 7.104000000000000314e-01
0.000000000000000000e+00 7.119999999999999662e-01
0.000000000000000000e+00 7.136000000000000121e-01
0.000000000000000000e+00 7.151999999999999469e-01
0.000000000000000000e+00 7.167999999999999927e-01
0.000000000000000000e+00 7.184000000000000385e-01
0.000000000000000000e+00 7.199999999999999734e-01
1.039000000000000000e+03 7.216000000000000192e-01
8.000000000000000000e+00 6.944000000000000172e-01
3.400000000000000000e+01 6.927999999999999714e-01
1.600000000000000000e+01 6.944000000000000172e-01
0.000000000000000000e+00 6.959999999999999520e-01
0.000000000000000000e+00 6.975999999999999979e-01
2.000000000000000000e+01 6.992000000000000437e-01
0.000000000000000000e+00 6.992000000000000437e-01
0.000000000000000000e+00 7.007999999999999785e-01
0.000000000000000000e+00 7.024000000000000243e-01
5.000000000000000000e+00 7.039999999999999591e-01
1.900000000000000000e+01 7.056000000000000050e-01
0.000000000000000000e+00 7.072000000000000508e-01
1.000000000000000000e+00 7.087999999999999856e-01
0.000000000000000000e+00 7.087999999999999856e-01
2.500000000000000000e+02 7.104000000000000314e-01
6.310000000000000000e+02 7.104000000000000314e-01
1.000000000000000000e+00 6.815999999999999837e-01
4.000000000000000000e+00 6.800000000000000488e-01
0.000000000000000000e+00 6.784000000000000030e-01
8.000000000000000000e+00 6.800000000000000488e-01
0.000000000000000000e+00 6.815999999999999837e-01
9.000000000000000000e+00 6.832000000000000295e-01
2.000000000000000000e+00 6.847999999999999643e-01
1.420000000000000000e+02 6.864000000000000101e-01
6.000000000000000000e+00 6.815999999999999837e-01
0.000000000000000000e+00 6.832000000000000295e-01
3.000000000000000000e+00 6.847999999999999643e-01
3.000000000000000000e+00 6.864000000000000101e-01
1.000000000000000000e+00 6.847999999999999643e-01
2.800000000000000000e+01 6.864000000000000101e-01
1.000000000000000000e+00 6.832000000000000295e-01
1.200000000000000000e+01 6.832000000000000295e-01
2.900000000000000000e+01 6.847999999999999643e-01
5.000000000000000000e+00 6.864000000000000101e-01
0.000000000000000000e+00 6.879999999999999449e-01
0.000000000000000000e+00 6.895999999999999908e-01
1.720000000000000000e+02 6.912000000000000366e-01
0.000000000000000000e+00 6.879999999999999449e-01
0.000000000000000000e+00 6.895999999999999908e-01
4.000000000000000000e+00 6.912000000000000366e-01
7.800000000000000000e+01 6.927999999999999714e-01
0.000000000000000000e+00 6.864000000000000101e-01
5.000000000000000000e+00 6.879999999999999449e-01
4.300000000000000000e+01 6.895999999999999908e-01
0.000000000000000000e+00 6.895999999999999908e-01
1.000000000000000000e+00 6.912000000000000366e-01
2.140000000000000000e+02 6.927999999999999714e-01
5.000000000000000000e+00 6.912000000000000366e-01
0.000000000000000000e+00 6.927999999999999714e-01
5.400000000000000000e+01 6.944000000000000172e-01
0.000000000000000000e+00 6.895999999999999908e-01
1.430000000000000000e+02 6.912000000000000366e-01
9.900000000000000000e+01 6.879999999999999449e-01
0.000000000000000000e+00 6.847999999999999643e-01
8.000000000000000000e+00 6.864000000000000101e-01
2.000000000000000000e+00 6.864000000000000101e-01
2.500000000000000000e+01 6.879999999999999449e-01
5.000000000000000000e+00 6.864000000000000101e-01
0.000000000000000000e+00 6.864000000000000101e-01
1.880000000000000000e+02 6.879999999999999449e-01
3.000000000000000000e+00 6.784000000000000030e-01
4.000000000000000000e+00 6.800000000000000488e-01
4.000000000000000000e+00 6.815999999999999837e-01
3.850000000000000000e+02 6.832000000000000295e-01
3.000000000000000000e+00 6.847999999999999643e-01
0.000000000000000000e+00 6.800000000000000488e-01
0.000000000000000000e+00 6.815999999999999837e-01
1.900000000000000000e+01 6.832000000000000295e-01
7.000000000000000000e+00 6.847999999999999643e-01
6.500000000000000000e+01 6.847999999999999643e-01
8.000000000000000000e+00 6.847999999999999643e-01
1.000000000000000000e+00 6.864000000000000101e-01
0.000000000000000000e+00 6.879999999999999449e-01
5.000000000000000000e+00 6.895999999999999908e-01
2.000000000000000000e+00 6.912000000000000366e-01
1.050000000000000000e+02 6.927999999999999714e-01
0.000000000000000000e+00 6.944000000000000172e-01
0.000000000000000000e+00 6.959999999999999520e-01
6.600000000000000000e+01 6.975999999999999979e-01
0.000000000000000000e+00 6.959999999999999520e-01
0.000000000000000000e+00 6.975999999999999979e-01
0.000000000000000000e+00 6.992000000000000437e-01
1.350000000000000000e+02 7.007999999999999785e-01
1.710000000000000000e+03 7.007999999999999785e-01
1.000000000000000000e+01 6.448000000000000398e-01
8.000000000000000000e+00 6.463999999999999746e-01
0.000000000000000000e+00 6.480000000000000204e-01
2.000000000000000000e+01 6.495999999999999552e-01
7.260000000000000000e+02 6.512000000000000011e-01
7.900000000000000000e+01 6.368000000000000327e-01
3.000000000000000000e+00 6.383999999999999675e-01
1.400000000000000000e+01 6.400000000000000133e-01
2.800000000000000000e+01 6.415999999999999481e-01
0.000000000000000000e+00 6.431999999999999940e-01
0.000000000000000000e+00 6.448000000000000398e-01
0.000000000000000000e+00 6.463999999999999746e-01
4.000000000000000000e+00 6.480000000000000204e-01
7.000000000000000000e+00 6.495999999999999552e-01
5.400000000000000000e+01 6.512000000000000011e-01
5.800000000000000000e+01 6.512000000000000011e-01
6.000000000000000000e+00 6.528000000000000469e-01
4.800000000000000000e+01 6.543999999999999817e-01
2.900000000000000000e+01 6.560000000000000275e-01
0.000000000000000000e+00 6.575999999999999623e-01
2.000000000000000000e+00 6.592000000000000082e-01
0.000000000000000000e+00 6.608000000000000540e-01
0.000000000000000000e+00 6.623999999999999888e-01
0.000000000000000000e+00 6.640000000000000346e-01
0.000000000000000000e+00 6.655999999999999694e-01
5.000000000000000000e+00 6.672000000000000153e-01
2.000000000000000000e+00 6.672000000000000153e-01
1.000000000000000000e+00 6.687999999999999501e-01
3.000000000000000000e+01 6.687999999999999501e-01
7.000000000000000000e+00 6.672000000000000153e-01
0.000000000000000000e+00 6.687999999999999501e-01
2.000000000000000000e+00 6.703999999999999959e-01
1.500000000000000000e+01 6.720000000000000417e-01
0.000000000000000000e+00 6.735999999999999766e-01
1.900000000000000000e+01 6.752000000000000224e-01
0.000000000000000000e+00 6.767999999999999572e-01
0.000000000000000000e+00 6.784000000000000030e-01
0.000000000000000000e+00 6.800000000000000488e-01
0.000000000000000000e+00 6.815999999999999837e-01
3.000000000000000000e+00 6.832000000000000295e-01
0.000000000000000000e+00 6.847999999999999643e-01
0.000000000000000000e+00 6.864000000000000101e-01
0.000000000000000000e+00 6.879999999999999449e-01
3.600000000000000000e+01 6.895999999999999908e-01
2.000000000000000000e+00 6.879999999999999449e-01
0.000000000000000000e+00 6.895999999999999908e-01
2.000000000000000000e+00 6.912000000000000366e-01
1.100000000000000000e+01 6.927999999999999714e-01
1.100000000000000000e+01 6.927999999999999714e-01
5.000000000000000000e+00 6.944000000000000172e-01
1.350000000000000000e+02 6.959999999999999520e-01
3.000000000000000000e+00 6.879999999999999449e-01
5.000000000000000000e+00 6.895999999999999908e-01
0.000000000000000000e+00 6.912000000000000366e-01
2.100000000000000000e+01 6.927999999999999714e-01
0.000000000000000000e+00 6.944000000000000172e-01
3.400000000000000000e+01 6.959999999999999520e-01
1.000000000000000000e+01 6.959999999999999520e-01
1.200000000000000000e+01 6.975999999999999979e-01
0.000000000000000000e+00 6.992000000000000437e-01
3.000000000000000000e+00 7.007999999999999785e-01
6.000000000000000000e+00 7.024000000000000243e-01
2.500000000000000000e+01 7.007999999999999785e-01
0.000000000000000000e+00 7.024000000000000243e-01
2.000000000000000000e+00 7.039999999999999591e-01
1.000000000000000000e+00 7.056000000000000050e-01
1.073000000000000000e+03 7.072000000000000508e-01
0.000000000000000000e+00 6.800000000000000488e-01
0.000000000000000000e+00 6.815999999999999837e-01
0.000000000000000000e+00 6.832000000000000295e-01
1.000000000000000000e+00 6.847999999999999643e-01
2.800000000000000000e+01 6.847999999999999643e-01
2.000000000000000000e+00 6.832000000000000295e-01
1.200000000000000000e+01 6.847999999999999643e-01
0.000000000000000000e+00 6.815999999999999837e-01
1.000000000000000000e+00 6.832000000000000295e-01
0.000000000000000000e+00 6.815999999999999837e-01
1.800000000000000000e+01 6.832000000000000295e-01
1.110000000000000000e+02 6.800000000000000488e-01
6.000000000000000000e+00 6.815999999999999837e-01
9.000000000000000000e+00 6.832000000000000295e-01
3.110000000000000000e+02 6.847999999999999643e-01
1.444000000000000000e+03 6.847999999999999643e-01
0.000000000000000000e+00 6.575999999999999623e-01
6.100000000000000000e+01 6.592000000000000082e-01
1.200000000000000000e+01 6.608000000000000540e-01
0.000000000000000000e+00 6.608000000000000540e-01
0.000000000000000000e+00 6.623999999999999888e-01
2.500000000000000000e+01 6.640000000000000346e-01
1.000000000000000000e+00 6.608000000000000540e-01
5.960000000000000000e+02 6.623999999999999888e-01
0.000000000000000000e+00 6.512000000000000011e-01
6.000000000000000000e+00 6.528000000000000469e-01
0.000000000000000000e+00 6.543999999999999817e-01
2.000000000000000000e+00 6.560000000000000275e-01
1.900000000000000000e+01 6.575999999999999623e-01
0.000000000000000000e+00 6.560000000000000275e-01
0.000000000000000000e+00 6.575999999999999623e-01
1.020000000000000000e+02 6.592000000000000082e-01
2.000000000000000000e+01 6.560000000000000275e-01
1.000000000000000000e+00 6.575999999999999623e-01
0.000000000000000000e+00 6.592000000000000082e-01
1.100000000000000000e+01 6.608000000000000540e-01
0.000000000000000000e+00 6.623999999999999888e-01
1.100000000000000000e+01 6.640000000000000346e-01
8.300000000000000000e+01 6.608000000000000540e-01
0.000000000000000000e+00 6.623999999999999888e-01
0.000000000000000000e+00 6.640000000000000346e-01
5.000000000000000000e+00 6.655999999999999694e-01
4.500000000000000000e+01 6.672000000000000153e-01
2.000000000000000000e+00 6.655999999999999694e-01
0.000000000000000000e+00 6.672000000000000153e-01
1.000000000000000000e+00 6.687999999999999501e-01
9.000000000000000000e+00 6.703999999999999959e-01
2.000000000000000000e+00 6.720000000000000417e-01
0.000000000000000000e+00 6.720000000000000417e-01
2.000000000000000000e+00 6.735999999999999766e-01
3.000000000000000000e+00 6.752000000000000224e-01
1.000000000000000000e+00 6.767999999999999572e-01
0.000000000000000000e+00 6.784000000000000030e-01
3.000000000000000000e+00 6.800000000000000488e-01
0.000000000000000000e+00 6.815999999999999837e-01
4.500000000000000000e+01 6.832000000000000295e-01
0.000000000000000000e+00 6.767999999999999572e-01
9.000000000000000000e+00 6.784000000000000030e-01
0.000000000000000000e+00 6.800000000000000488e-01
4.910000000000000000e+02 6.815999999999999837e-01
1.400000000000000000e+01 6.655999999999999694e-01
2.000000000000000000e+00 6.672000000000000153e-01
4.000000000000000000e+00 6.687999999999999501e-01
4.000000000000000000e+00 6.703999999999999959e-01
0.000000000000000000e+00 6.720000000000000417e-01
5.800000000000000000e+01 6.735999999999999766e-01
2.000000000000000000e+01 6.752000000000000224e-01
1.020000000000000000e+02 6.767999999999999572e-01
2.000000000000000000e+00 6.784000000000000030e-01
0.000000000000000000e+00 6.800000000000000488e-01
1.200000000000000000e+01 6.815999999999999837e-01
2.300000000000000000e+01 6.832000000000000295e-01
0.000000000000000000e+00 6.847999999999999643e-01
0.000000000000000000e+00 6.864000000000000101e-01
1.070000000000000000e+02 6.879999999999999449e-01
0.000000000000000000e+00 6.895999999999999908e-01
2.830000000000000000e+02 6.912000000000000366e-01
3.240000000000000000e+02 6.879999999999999449e-01
1.000000000000000000e+00 6.832000000000000295e-01
2.000000000000000000e+00 6.815999999999999837e-01
7.000000000000000000e+00 6.832000000000000295e-01
7.900000000000000000e+01 6.784000000000000030e-01
5.900000000000000000e+01 6.800000000000000488e-01
7.100000000000000000e+01 6.800000000000000488e-01
1.000000000000000000e+00 6.815999999999999837e-01
0.000000000000000000e+00 6.832000000000000295e-01
5.000000000000000000e+00 6.847999999999999643e-01
2.400000000000000000e+02 6.864000000000000101e-01
2.000000000000000000e+00 6.800000000000000488e-01
1.800000000000000000e+01 6.815999999999999837e-01
0.000000000000000000e+00 6.800000000000000488e-01
3.000000000000000000e+00 6.815999999999999837e-01
0.000000000000000000e+00 6.832000000000000295e-01
0.000000000000000000e+00 6.847999999999999643e-01
0.000000000000000000e+00 6.864000000000000101e-01
1.500000000000000000e+01 6.879999999999999449e-01
1.800000000000000000e+01 6.879999999999999449e-01
0.000000000000000000e+00 6.847999999999999643e-01
4.000000000000000000e+01 6.864000000000000101e-01
4.000000000000000000e+00 6.864000000000000101e-01
1.000000000000000000e+00 6.847999999999999643e-01
4.000000000000000000e+00 6.864000000000000101e-01
3.300000000000000000e+01 6.864000000000000101e-01
6.300000000000000000e+01 6.879999999999999449e-01
1.460000000000000000e+02 6.895999999999999908e-01
0.000000000000000000e+00 6.703999999999999959e-01
2.600000000000000000e+01 6.720000000000000417e-01
1.000000000000000000e+00 6.720000000000000417e-01
0.000000000000000000e+00 6.735999999999999766e-01
9.400000000000000000e+01 6.752000000000000224e-01
1.000000000000000000e+00 6.703999999999999959e-01
0.000000000000000000e+00 6.720000000000000417e-01
1.000000000000000000e+00 6.735999999999999766e-01
0.000000000000000000e+00 6.752000000000000224e-01
4.500000000000000000e+01 6.767999999999999572e-01
6.000000000000000000e+00 6.735999999999999766e-01
0.000000000000000000e+00 6.735999999999999766e-01
2.000000000000000000e+00 6.752000000000000224e-01
7.000000000000000000e+00 6.767999999999999572e-01
3.490000000000000000e+02 6.767999999999999572e-01
0.000000000000000000e+00 6.720000000000000417e-01
4.000000000000000000e+00 6.735999999999999766e-01
1.000000000000000000e+00 6.752000000000000224e-01
2.000000000000000000e+00 6.767999999999999572e-01
0.000000000000000000e+00 6.784000000000000030e-01
0.000000000000000000e+00 6.800000000000000488e-01
4.000000000000000000e+00 6.815999999999999837e-01
0.000000000000000000e+00 6.832000000000000295e-01
1.000000000000000000e+00 6.847999999999999643e-01
0.000000000000000000e+00 6.847999999999999643e-01
6.900000000000000000e+01 6.864000000000000101e-01
2.000000000000000000e+00 6.832000000000000295e-01
6.090000000000000000e+02 6.847999999999999643e-01
5.450000000000000000e+02 6.735999999999999766e-01
0.000000000000000000e+00 6.575999999999999623e-01
0.000000000000000000e+00 6.592000000000000082e-01
1.500000000000000000e+01 6.608000000000000540e-01
6.000000000000000000e+00 6.623999999999999888e-01
0.000000000000000000e+00 6.640000000000000346e-01
5.000000000000000000e+00 6.655999999999999694e-01
5.000000000000000000e+00 6.672000000000000153e-01
4.000000000000000000e+01 6.672000000000000153e-01
7.000000000000000000e+00 6.672000000000000153e-01
7.000000000000000000e+00 6.687999999999999501e-01
0.000000000000000000e+00 6.703999999999999959e-01
0.000000000000000000e+00 6.720000000000000417e-01
4.000000000000000000e+00 6.735999999999999766e-01
1.300000000000000000e+01 6.752000000000000224e-01
2.000000000000000000e+00 6.767999999999999572e-01
0.000000000000000000e+00 6.767999999999999572e-01
0.000000000000000000e+00 6.784000000000000030e-01
0.000000000000000000e+00 6.800000000000000488e-01
0.000000000000000000e+00 6.815999999999999837e-01
0.000000000000000000e+00 6.832000000000000295e-01
0.000000000000000000e+00 6.847999999999999643e-01
2.000000000000000000e+00 6.864000000000000101e-01
1.300000000000000000e+01 6.879999999999999449e-01
0.000000000000000000e+00 6.895999999999999908e-01
1.000000000000000000e+00 6.912000000000000366e-01
0.000000000000000000e+00 6.895999999999999908e-01
0.000000000000000000e+00 6.912000000000000366e-01
6.000000000000000000e+00 6.927999999999999714e-01
2.000000000000000000e+00 6.912000000000000366e-01
6.000000000000000000e+00 6.912000000000000366e-01
7.000000000000000000e+00 6.927999999999999714e-01
5.000000000000000000e+00 6.944000000000000172e-01
2.000000000000000000e+00 6.944000000000000172e-01
0.000000000000000000e+00 6.959999999999999520e-01
1.700000000000000000e+01 6.975999999999999979e-01
0.000000000000000000e+00 6.992000000000000437e-01
0.000000000000000000e+00 7.007999999999999785e-01
0.000000000000000000e+00 7.024000000000000243e-01
1.600000000000000000e+01 7.039999999999999591e-01
1.112000000000000000e+03 7.056000000000000050e-01
1.320000000000000000e+02 6.864000000000000101e-01
1.440000000000000000e+02 6.879999999999999449e-01
2.000000000000000000e+00 6.879999999999999449e-01
0.000000000000000000e+00 6.895999999999999908e-01
2.310000000000000000e+02 6.912000000000000366e-01
9.000000000000000000e+00 6.864000000000000101e-01
0.000000000000000000e+00 6.847999999999999643e-01
2.700000000000000000e+01 6.864000000000000101e-01
8.000000000000000000e+00 6.832000000000000295e-01
3.000000000000000000e+00 6.847999999999999643e-01
0.000000000000000000e+00 6.864000000000000101e-01
3.100000000000000000e+01 6.879999999999999449e-01
3.220000000000000000e+02 6.847999999999999643e-01
5.000000000000000000e+00 6.800000000000000488e-01
1.000000000000000000e+00 6.815999999999999837e-01
3.800000000000000000e+01 6.832000000000000295e-01
8.900000000000000000e+01 6.847999999999999643e-01
1.130000000000000000e+02 6.864000000000000101e-01
0.000000000000000000e+00 6.879999999999999449e-01
1.000000000000000000e+00 6.895999999999999908e-01
0.000000000000000000e+00 6.912000000000000366e-01
1.000000000000000000e+00 6.927999999999999714e-01
6.000000000000000000e+00 6.944000000000000172e-01
8.000000000000000000e+00 6.959999999999999520e-01
0.000000000000000000e+00 6.975999999999999979e-01
2.000000000000000000e+00 6.992000000000000437e-01
5.000000000000000000e+00 7.007999999999999785e-01
0.000000000000000000e+00 7.024000000000000243e-01
1.516000000000000000e+03 7.039999999999999591e-01
0.000000000000000000e+00 6.720000000000000417e-01
1.400000000000000000e+01 6.735999999999999766e-01
0.000000000000000000e+00 6.752000000000000224e-01
5.800000000000000000e+01 6.767999999999999572e-01
2.300000000000000000e+01 6.784000000000000030e-01
1.065000000000000000e+03 6.800000000000000488e-01
3.000000000000000000e+00 6.623999999999999888e-01
0.000000000000000000e+00 6.640000000000000346e-01
0.000000000000000000e+00 6.655999999999999694e-01
0.000000000000000000e+00 6.672000000000000153e-01
3.000000000000000000e+00 6.687999999999999501e-01
0.000000000000000000e+00 6.703999999999999959e-01
0.000000000000000000e+00 6.720000000000000417e-01
0.000000000000000000e+00 6.735999999999999766e-01
3.000000000000000000e+00 6.752000000000000224e-01
0.000000000000000000e+00 6.735999999999999766e-01
1.600000000000000000e+01 6.752000000000000224e-01
1.500000000000000000e+01 6.735999999999999766e-01
7.000000000000000000e+00 6.752000000000000224e-01
1.000000000000000000e+00 6.752000000000000224e-01
0.000000000000000000e+00 6.767999999999999572e-01
0.000000000000000000e+00 6.784000000000000030e-01
5.000000000000000000e+00 6.800000000000000488e-01
2.000000000000000000e+00 6.815999999999999837e-01
3.300000000000000000e+01 6.832000000000000295e-01
1.000000000000000000e+01 6.847999999999999643e-01
0.000000000000000000e+00 6.864000000000000101e-01
1.820000000000000000e+02 6.879999999999999449e-01
5.040000000000000000e+02 6.895999999999999908e-01
2.000000000000000000e+00 6.864000000000000101e-01
3.570000000000000000e+02 6.847999999999999643e-01
1.070000000000000000e+02 6.784000000000000030e-01
0.000000000000000000e+00 6.735999999999999766e-01
3.300000000000000000e+01 6.752000000000000224e-01
3.190000000000000000e+02 6.767999999999999572e-01
0.000000000000000000e+00 6.752000000000000224e-01
0.000000000000000000e+00 6.767999999999999572e-01
0.000000000000000000e+00 6.784000000000000030e-01
1.330000000000000000e+02 6.800000000000000488e-01
3.000000000000000000e+00 6.735999999999999766e-01
5.000000000000000000e+00 6.752000000000000224e-01
0.000000000000000000e+00 6.767999999999999572e-01
0.000000000000000000e+00 6.784000000000000030e-01
1.000000000000000000e+01 6.800000000000000488e-01
2.000000000000000000e+00 6.815999999999999837e-01
0.000000000000000000e+00 6.815999999999999837e-01
6.000000000000000000e+00 6.832000000000000295e-01
2.500000000000000000e+01 6.847999999999999643e-01
0.000000000000000000e+00 6.864000000000000101e-01
7.300000000000000000e+01 6.879999999999999449e-01
5.000000000000000000e+00 6.832000000000000295e-01
4.200000000000000000e+01 6.847999999999999643e-01
4.000000000000000000e+00 6.832000000000000295e-01
4.000000000000000000e+00 6.832000000000000295e-01
2.000000000000000000e+00 6.847999999999999643e-01
1.100000000000000000e+01 6.815999999999999837e-01
3.800000000000000000e+01 6.832000000000000295e-01
0.000000000000000000e+00 6.847999999999999643e-01
0.000000000000000000e+00 6.864000000000000101e-01
0.000000000000000000e+00 6.879999999999999449e-01
9.000000000000000000e+01 6.895999999999999908e-01
0.000000000000000000e+00 6.895999999999999908e-01
6.000000000000000000e+00 6.912000000000000366e-01
4.300000000000000000e+01 6.879999999999999449e-01
7.530000000000000000e+02 6.895999999999999908e-01
5.000000000000000000e+00 6.879999999999999449e-01
3.000000000000000000e+00 6.895999999999999908e-01
0.000000000000000000e+00 6.912000000000000366e-01
2.100000000000000000e+01 6.927999999999999714e-01
5.000000000000000000e+00 6.944000000000000172e-01
0.000000000000000000e+00 6.959999999999999520e-01
1.000000000000000000e+00 6.975999999999999979e-01
5.000000000000000000e+00 6.959999999999999520e-01
4.000000000000000000e+00 6.944000000000000172e-01
2.000000000000000000e+00 6.927999999999999714e-01
1.890000000000000000e+02 6.944000000000000172e-01
0.000000000000000000e+00 6.944000000000000172e-01
1.000000000000000000e+00 6.959999999999999520e-01
7.000000000000000000e+00 6.975999999999999979e-01
0.000000000000000000e+00 6.992000000000000437e-01
2.600000000000000000e+01 7.007999999999999785e-01
0.000000000000000000e+00 6.944000000000000172e-01
3.000000000000000000e+00 6.959999999999999520e-01
0.000000000000000000e+00 6.975999999999999979e-01
0.000000000000000000e+00 6.992000000000000437e-01
3.570000000000000000e+02 7.007999999999999785e-01
1.900000000000000000e+02 7.007999999999999785e-01
5.000000000000000000e+00 6.944000000000000172e-01
9.000000000000000000e+00 6.959999999999999520e-01
0.000000000000000000e+00 6.975999999999999979e-01
1.300000000000000000e+01 6.992000000000000437e-01
1.000000000000000000e+00 6.944000000000000172e-01
1.150000000000000000e+02 6.944000000000000172e-01
1.300000000000000000e+01 6.959999999999999520e-01
4.000000000000000000e+00 6.975999999999999979e-01
1.700000000000000000e+01 6.992000000000000437e-01
1.840000000000000000e+02 7.007999999999999785e-01
0.000000000000000000e+00 6.975999999999999979e-01
3.900000000000000000e+01 6.992000000000000437e-01
2.800000000000000000e+01 6.944000000000000172e-01
2.400000000000000000e+01 6.959999999999999520e-01
4.000000000000000000e+00 6.959999999999999520e-01
3.000000000000000000e+00 6.975999999999999979e-01
6.000000000000000000e+00 6.959999999999999520e-01
2.000000000000000000e+00 6.975999999999999979e-01
2.200000000000000000e+01 6.959999999999999520e-01
0.000000000000000000e+00 6.975999999999999979e-01
0.000000000000000000e+00 6.992000000000000437e-01
9.000000000000000000e+00 7.007999999999999785e-01
0.000000000000000000e+00 7.024000000000000243e-01
1.410000000000000000e+02 7.039999999999999591e-01
4.700000000000000000e+01 7.039999999999999591e-01
4.000000000000000000e+01 7.056000000000000050e-01
4.000000000000000000e+00 7.072000000000000508e-01
4.420000000000000000e+02 7.087999999999999856e-01
0.000000000000000000e+00 7.056000000000000050e-01
1.790000000000000000e+02 7.072000000000000508e-01
0.000000000000000000e+00 7.039999999999999591e-01
0.000000000000000000e+00 7.056000000000000050e-01
3.000000000000000000e+00 7.072000000000000508e-01
3.000000000000000000e+00 7.056000000000000050e-01
4.000000000000000000e+00 7.072000000000000508e-01
0.000000000000000000e+00 7.087999999999999856e-01
3.300000000000000000e+01 7.104000000000000314e-01
2.790000000000000000e+02 7.072000000000000508e-01
1.200000000000000000e+01 6.975999999999999979e-01
7.000000000000000000e+01 6.927999999999999714e-01
9.000000000000000000e+00 6.944000000000000172e-01
2.000000000000000000e+00 6.959999999999999520e-01
1.700000000000000000e+01 6.959999999999999520e-01
1.400000000000000000e+01 6.975999999999999979e-01
0.000000000000000000e+00 6.959999999999999520e-01
2.000000000000000000e+00 6.975999999999999979e-01
2.600000000000000000e+01 6.992000000000000437e-01
2.000000000000000000e+00 6.992000000000000437e-01
0.000000000000000000e+00 7.007999999999999785e-01
2.460000000000000000e+02 7.024000000000000243e-01
0.000000000000000000e+00 6.912000000000000366e-01
9.000000000000000000e+00 6.927999999999999714e-01
1.000000000000000000e+00 6.944000000000000172e-01
0.000000000000000000e+00 6.927999999999999714e-01
0.000000000000000000e+00 6.944000000000000172e-01
2.000000000000000000e+00 6.959999999999999520e-01
1.270000000000000000e+02 6.975999999999999979e-01
0.000000000000000000e+00 6.912000000000000366e-01
5.900000000000000000e+01 6.927999999999999714e-01
0.000000000000000000e+00 6.944000000000000172e-01
1.140000000000000000e+02 6.959999999999999520e-01
0.000000000000000000e+00 6.927999999999999714e-01
8.700000000000000000e+01 6.944000000000000172e-01
0.000000000000000000e+00 6.944000000000000172e-01
3.000000000000000000e+00 6.959999999999999520e-01
0.000000000000000000e+00 6.975999999999999979e-01
1.000000000000000000e+00 6.992000000000000437e-01
0.000000000000000000e+00 7.007999999999999785e-01
2.000000000000000000e+00 7.024000000000000243e-01
3.600000000000000000e+01 7.039999999999999591e-01
6.100000000000000000e+01 7.056000000000000050e-01
0.000000000000000000e+00 7.007999999999999785e-01
4.900000000000000000e+01 7.024000000000000243e-01
0.000000000000000000e+00 7.039999999999999591e-01
0.000000000000000000e+00 7.056000000000000050e-01
6.500000000000000000e+01 7.072000000000000508e-01
2.028000000000000000e+03 7.024000000000000243e-01
2.000000000000000000e+01 6.752000000000000224e-01
3.990000000000000000e+02 6.752000000000000224e-01
0.000000000000000000e+00 6.752000000000000224e-01
1.200000000000000000e+01 6.767999999999999572e-01
0.000000000000000000e+00 6.784000000000000030e-01
0.000000000000000000e+00 6.800000000000000488e-01
1.310000000000000000e+02 6.815999999999999837e-01
2.000000000000000000e+01 6.687999999999999501e-01
3.200000000000000000e+01 6.703999999999999959e-01
2.970000000000000000e+02 6.720000000000000417e-01
3.030000000000000000e+02 6.672000000000000153e-01
2.000000000000000000e+00 6.687999999999999501e-01
2.700000000000000000e+01 6.703999999999999959e-01
4.000000000000000000e+00 6.672000000000000153e-01
3.000000000000000000e+00 6.687999999999999501e-01
4.060000000000000000e+02 6.703999999999999959e-01
5.000000000000000000e+00 6.672000000000000153e-01
0.000000000000000000e+00 6.687999999999999501e-01
0.000000000000000000e+00 6.703999999999999959e-01
5.000000000000000000e+00 6.720000000000000417e-01
0.000000000000000000e+00 6.735999999999999766e-01
5.000000000000000000e+00 6.752000000000000224e-01
0.000000000000000000e+00 6.767999999999999572e-01
0.000000000000000000e+00 6.784000000000000030e-01
0.000000000000000000e+00 6.800000000000000488e-01
1.000000000000000000e+01 6.815999999999999837e-01
0.000000000000000000e+00 6.832000000000000295e-01
0.000000000000000000e+00 6.847999999999999643e-01
2.000000000000000000e+00 6.864000000000000101e-01
0.000000000000000000e+00 6.879999999999999449e-01
0.000000000000000000e+00 6.895999999999999908e-01
6.000000000000000000e+00 6.912000000000000366e-01
9.300000000000000000e+01 6.927999999999999714e-01
0.000000000000000000e+00 6.895999999999999908e-01
0.000000000000000000e+00 6.912000000000000366e-01
3.900000000000000000e+01 6.927999999999999714e-01
3.100000000000000000e+01 6.912000000000000366e-01
2.000000000000000000e+00 6.927999999999999714e-01
2.000000000000000000e+00 6.944000000000000172e-01
5.000000000000000000e+00 6.959999999999999520e-01
1.000000000000000000e+00 6.975999999999999979e-01
2.000000000000000000e+00 6.992000000000000437e-01
6.720000000000000000e+02 6.992000000000000437e-01
1.250000000000000000e+02 6.815999999999999837e-01
1.000000000000000000e+00 6.784000000000000030e-01
7.900000000000000000e+01 6.784000000000000030e-01
0.000000000000000000e+00 6.752000000000000224e-01
0.000000000000000000e+00 6.767999999999999572e-01
0.000000000000000000e+00 6.784000000000000030e-01
4.090000000000000000e+02 6.800000000000000488e-01
5.000000000000000000e+00 6.720000000000000417e-01
1.100000000000000000e+01 6.720000000000000417e-01
5.000000000000000000e+00 6.720000000000000417e-01
7.000000000000000000e+00 6.720000000000000417e-01
1.000000000000000000e+00 6.703999999999999959e-01
0.000000000000000000e+00 6.703999999999999959e-01
1.000000000000000000e+00 6.720000000000000417e-01
2.400000000000000000e+01 6.735999999999999766e-01
0.000000000000000000e+00 6.752000000000000224e-01
1.800000000000000000e+01 6.767999999999999572e-01
3.000000000000000000e+00 6.784000000000000030e-01
1.300000000000000000e+01 6.800000000000000488e-01
1.600000000000000000e+01 6.784000000000000030e-01
2.500000000000000000e+01 6.784000000000000030e-01
0.000000000000000000e+00 6.767999999999999572e-01
0.000000000000000000e+00 6.784000000000000030e-01
0.000000000000000000e+00 6.800000000000000488e-01
4.000000000000000000e+00 6.815999999999999837e-01
0.000000000000000000e+00 6.815999999999999837e-01
5.100000000000000000e+01 6.832000000000000295e-01
6.000000000000000000e+00 6.847999999999999643e-01
1.216000000000000000e+03 6.864000000000000101e-01
0.000000000000000000e+00 6.687999999999999501e-01
2.300000000000000000e+01 6.703999999999999959e-01
2.000000000000000000e+01 6.720000000000000417e-01
3.000000000000000000e+00 6.735999999999999766e-01
2.400000000000000000e+01 6.752000000000000224e-01
0.000000000000000000e+00 6.735999999999999766e-01
5.700000000000000000e+01 6.752000000000000224e-01
0.000000000000000000e+00 6.735999999999999766e-01
0.000000000000000000e+00 6.752000000000000224e-01
2.000000000000000000e+00 6.767999999999999572e-01
0.000000000000000000e+00 6.784000000000000030e-01
6.000000000000000000e+00 6.800000000000000488e-01
1.170000000000000000e+02 6.784000000000000030e-01
2.600000000000000000e+01 6.800000000000000488e-01
1.000000000000000000e+00 6.815999999999999837e-01
0.000000000000000000e+00 6.815999999999999837e-01
0.000000000000000000e+00 6.832000000000000295e-01
9.540000000000000000e+02 6.847999999999999643e-01
6.000000000000000000e+00 6.752000000000000224e-01
4.420000000000000000e+02 6.767999999999999572e-01
6.000000000000000000e+00 6.703999999999999959e-01
2.370000000000000000e+02 6.720000000000000417e-01
0.000000000000000000e+00 6.703999999999999959e-01
1.000000000000000000e+00 6.720000000000000417e-01
2.000000000000000000e+00 6.735999999999999766e-01
2.000000000000000000e+00 6.752000000000000224e-01
1.000000000000000000e+00 6.752000000000000224e-01
0.000000000000000000e+00 6.767999999999999572e-01
1.200000000000000000e+01 6.784000000000000030e-01
4.600000000000000000e+01 6.784000000000000030e-01
1.000000000000000000e+00 6.784000000000000030e-01
4.100000000000000000e+01 6.800000000000000488e-01
3.000000000000000000e+00 6.767999999999999572e-01
5.100000000000000000e+01 6.767999999999999572e-01
3.000000000000000000e+00 6.784000000000000030e-01
3.530000000000000000e+02 6.767999999999999572e-01
6.000000000000000000e+01 6.495999999999999552e-01
0.000000000000000000e+00 6.512000000000000011e-01
5.000000000000000000e+00 6.528000000000000469e-01
1.670000000000000000e+02 6.543999999999999817e-01
1.100000000000000000e+01 6.560000000000000275e-01
2.000000000000000000e+00 6.575999999999999623e-01
0.000000000000000000e+00 6.592000000000000082e-01
4.000000000000000000e+00 6.608000000000000540e-01
3.000000000000000000e+00 6.608000000000000540e-01
6.000000000000000000e+00 6.623999999999999888e-01
0.000000000000000000e+00 6.640000000000000346e-01
0.000000000000000000e+00 6.655999999999999694e-01
0.000000000000000000e+00 6.672000000000000153e-01
0.000000000000000000e+00 6.687999999999999501e-01
1.100000000000000000e+01 6.703999999999999959e-01
4.820000000000000000e+02 6.720000000000000417e-01
1.890000000000000000e+02 6.703999999999999959e-01
6.000000000000000000e+00 6.720000000000000417e-01
0.000000000000000000e+00 6.735999999999999766e-01
0.000000000000000000e+00 6.752000000000000224e-01
5.700000000000000000e+01 6.767999999999999572e-01
2.700000000000000000e+01 6.767999999999999572e-01
2.000000000000000000e+00 6.784000000000000030e-01
0.000000000000000000e+00 6.800000000000000488e-01
1.300000000000000000e+01 6.815999999999999837e-01
0.000000000000000000e+00 6.832000000000000295e-01
4.200000000000000000e+01 6.847999999999999643e-01
0.000000000000000000e+00 6.864000000000000101e-01
0.000000000000000000e+00 6.879999999999999449e-01
0.000000000000000000e+00 6.895999999999999908e-01
0.000000000000000000e+00 6.912000000000000366e-01
0.000000000000000000e+00 6.927999999999999714e-01
4.000000000000000000e+00 6.944000000000000172e-01
2.300000000000000000e+01 6.959999999999999520e-01
1.780000000000000000e+02 6.959999999999999520e-01
1.000000000000000000e+00 6.864000000000000101e-01
0.000000000000000000e+00 6.879999999999999449e-01
7.000000000000000000e+00 6.895999999999999908e-01
3.630000000000000000e+02 6.895999999999999908e-01
8.000000000000000000e+00 6.655999999999999694e-01
7.100000000000000000e+02 6.672000000000000153e-01
3.050000000000000000e+02 6.640000000000000346e-01
1.000000000000000000e+02 6.623999999999999888e-01
2.000000000000000000e+00 6.640000000000000346e-01
0.000000000000000000e+00 6.655999999999999694e-01
1.000000000000000000e+01 6.672000000000000153e-01
1.500000000000000000e+01 6.687999999999999501e-01
0.000000000000000000e+00 6.687999999999999501e-01
1.000000000000000000e+00 6.703999999999999959e-01
0.000000000000000000e+00 6.720000000000000417e-01
0.000000000000000000e+00 6.735999999999999766e-01
1.000000000000000000e+00 6.752000000000000224e-01
4.000000000000000000e+00 6.767999999999999572e-01
4.000000000000000000e+00 6.784000000000000030e-01
1.130000000000000000e+02 6.800000000000000488e-01
2.000000000000000000e+00 6.815999999999999837e-01
0.000000000000000000e+00 6.815999999999999837e-01
0.000000000000000000e+00 6.832000000000000295e-01
2.000000000000000000e+00 6.847999999999999643e-01
1.330000000000000000e+02 6.864000000000000101e-01
3.000000000000000000e+00 6.879999999999999449e-01
0.000000000000000000e+00 6.895999999999999908e-01
1.000000000000000000e+00 6.912000000000000366e-01
4.600000000000000000e+01 6.927999999999999714e-01
1.400000000000000000e+01 6.912000000000000366e-01
1.000000000000000000e+00 6.912000000000000366e-01
6.000000000000000000e+00 6.927999999999999714e-01
1.500000000000000000e+01 6.944000000000000172e-01
5.000000000000000000e+00 6.927999999999999714e-01
2.200000000000000000e+01 6.912000000000000366e-01
1.000000000000000000e+01 6.927999999999999714e-01
8.000000000000000000e+00 6.944000000000000172e-01
1.000000000000000000e+00 6.959999999999999520e-01
0.000000000000000000e+00 6.975999999999999979e-01
9.000000000000000000e+00 6.992000000000000437e-01
8.000000000000000000e+00 6.959999999999999520e-01
1.000000000000000000e+00 6.944000000000000172e-01
0.000000000000000000e+00 6.959999999999999520e-01
1.200000000000000000e+01 6.975999999999999979e-01
0.000000000000000000e+00 6.992000000000000437e-01
3.000000000000000000e+01 7.007999999999999785e-01
0.000000000000000000e+00 6.959999999999999520e-01
6.000000000000000000e+01 6.975999999999999979e-01
0.000000000000000000e+00 6.992000000000000437e-01
2.000000000000000000e+00 7.007999999999999785e-01
1.200000000000000000e+01 7.024000000000000243e-01
0.000000000000000000e+00 7.007999999999999785e-01
6.000000000000000000e+00 7.024000000000000243e-01
2.150000000000000000e+02 7.007999999999999785e-01
2.000000000000000000e+00 6.895999999999999908e-01
2.100000000000000000e+01 6.912000000000000366e-01
1.700000000000000000e+01 6.927999999999999714e-01
9.000000000000000000e+00 6.927999999999999714e-01
0.000000000000000000e+00 6.912000000000000366e-01
2.400000000000000000e+01 6.927999999999999714e-01
2.700000000000000000e+01 6.944000000000000172e-01
0.000000000000000000e+00 6.959999999999999520e-01
1.000000000000000000e+00 6.975999999999999979e-01
1.420000000000000000e+02 6.959999999999999520e-01
0.000000000000000000e+00 6.975999999999999979e-01
0.000000000000000000e+00 6.992000000000000437e-01
7.900000000000000000e+01 7.007999999999999785e-01
1.600000000000000000e+01 6.927999999999999714e-01
2.000000000000000000e+01 6.912000000000000366e-01
2.600000000000000000e+01 6.927999999999999714e-01
0.000000000000000000e+00 6.944000000000000172e-01
0.000000000000000000e+00 6.959999999999999520e-01
3.000000000000000000e+01 6.975999999999999979e-01
0.000000000000000000e+00 6.992000000000000437e-01
1.138000000000000000e+03 7.007999999999999785e-01
1.060000000000000000e+02 6.687999999999999501e-01
2.000000000000000000e+00 6.640000000000000346e-01
2.500000000000000000e+01 6.655999999999999694e-01
0.000000000000000000e+00 6.672000000000000153e-01
0.000000000000000000e+00 6.687999999999999501e-01
4.700000000000000000e+01 6.703999999999999959e-01
0.000000000000000000e+00 6.720000000000000417e-01
4.300000000000000000e+01 6.735999999999999766e-01
0.000000000000000000e+00 6.672000000000000153e-01
1.000000000000000000e+00 6.687999999999999501e-01
7.000000000000000000e+00 6.687999999999999501e-01
0.000000000000000000e+00 6.703999999999999959e-01
0.000000000000000000e+00 6.720000000000000417e-01
3.480000000000000000e+02 6.735999999999999766e-01
0.000000000000000000e+00 6.640000000000000346e-01
2.000000000000000000e+00 6.655999999999999694e-01
3.620000000000000000e+02 6.672000000000000153e-01
2.790000000000000000e+02 6.495999999999999552e-01
0.000000000000000000e+00 6.495999999999999552e-01
1.100000000000000000e+01 6.512000000000000011e-01
1.200000000000000000e+01 6.528000000000000469e-01
0.000000000000000000e+00 6.480000000000000204e-01
0.000000000000000000e+00 6.495999999999999552e-01
3.500000000000000000e+01 6.512000000000000011e-01
2.800000000000000000e+01 6.495999999999999552e-01
1.000000000000000000e+00 6.495999999999999552e-01
5.000000000000000000e+00 6.512000000000000011e-01
4.300000000000000000e+01 6.528000000000000469e-01
1.600000000000000000e+01 6.543999999999999817e-01
9.000000000000000000e+00 6.560000000000000275e-01
1.200000000000000000e+01 6.543999999999999817e-01
0.000000000000000000e+00 6.560000000000000275e-01
1.000000000000000000e+00 6.575999999999999623e-01
0.000000000000000000e+00 6.575999999999999623e-01
1.000000000000000000e+01 6.592000000000000082e-01
2.000000000000000000e+00 6.592000000000000082e-01
0.000000000000000000e+00 6.608000000000000540e-01
0.000000000000000000e+00 6.623999999999999888e-01
3.500000000000000000e+01 6.640000000000000346e-01
5.600000000000000000e+01 6.623999999999999888e-01
1.700000000000000000e+01 6.623999999999999888e-01
0.000000000000000000e+00 6.592000000000000082e-01
1.780000000000000000e+02 6.608000000000000540e-01
3.000000000000000000e+00 6.512000000000000011e-01
0.000000000000000000e+00 6.528000000000000469e-01
6.100000000000000000e+01 6.543999999999999817e-01
2.000000000000000000e+00 6.543999999999999817e-01
4.830000000000000000e+02 6.560000000000000275e-01
0.000000000000000000e+00 6.495999999999999552e-01
0.000000000000000000e+00 6.512000000000000011e-01
1.500000000000000000e+01 6.528000000000000469e-01
4.000000000000000000e+00 6.543999999999999817e-01
6.000000000000000000e+00 6.528000000000000469e-01
0.000000000000000000e+00 6.543999999999999817e-01
0.000000000000000000e+00 6.560000000000000275e-01
9.000000000000000000e+00 6.575999999999999623e-01
0.000000000000000000e+00 6.560000000000000275e-01
0.000000000000000000e+00 6.575999999999999623e-01
3.000000000000000000e+00 6.592000000000000082e-01
2.700000000000000000e+01 6.608000000000000540e-01
4.000000000000000000e+00 6.623999999999999888e-01
0.000000000000000000e+00 6.640000000000000346e-01
0.000000000000000000e+00 6.655999999999999694e-01
0.000000000000000000e+00 6.672000000000000153e-01
0.000000000000000000e+00 6.687999999999999501e-01
0.000000000000000000e+00 6.703999999999999959e-01
0.000000000000000000e+00 6.720000000000000417e-01
6.000000000000000000e+00 6.735999999999999766e-01
7.000000000000000000e+00 6.752000000000000224e-01
0.000000000000000000e+00 6.752000000000000224e-01
0.000000000000000000e+00 6.767999999999999572e-01
4.000000000000000000e+00 6.784000000000000030e-01
0.000000000000000000e+00 6.767999999999999572e-01
4.000000000000000000e+00 6.784000000000000030e-01
6.000000000000000000e+00 6.784000000000000030e-01
0.000000000000000000e+00 6.767999999999999572e-01
2.700000000000000000e+02 6.784000000000000030e-01
7.000000000000000000e+00 6.735999999999999766e-01
0.000000000000000000e+00 6.720000000000000417e-01
0.000000000000000000e+00 6.735999999999999766e-01
3.850000000000000000e+02 6.752000000000000224e-01
7.800000000000000000e+01 6.735999999999999766e-01
7.000000000000000000e+00 6.720000000000000417e-01
0.000000000000000000e+00 6.735999999999999766e-01
0.000000000000000000e+00 6.752000000000000224e-01
7.200000000000000000e+01 6.767999999999999572e-01
3.100000000000000000e+02 6.720000000000000417e-01
0.000000000000000000e+00 6.672000000000000153e-01
3.100000000000000000e+01 6.687999999999999501e-01
3.400000000000000000e+01 6.655999999999999694e-01
3.000000000000000000e+00 6.608000000000000540e-01
0.000000000000000000e+00 6.623999999999999888e-01
1.600000000000000000e+01 6.640000000000000346e-01
7.000000000000000000e+00 6.655999999999999694e-01
3.800000000000000000e+01 6.672000000000000153e-01
0.000000000000000000e+00 6.608000000000000540e-01
0.000000000000000000e+00 6.623999999999999888e-01
1.500000000000000000e+01 6.640000000000000346e-01
0.000000000000000000e+00 6.623999999999999888e-01
0.000000000000000000e+00 6.640000000000000346e-01
1.600000000000000000e+01 6.655999999999999694e-01
2.090000000000000000e+02 6.640000000000000346e-01
0.000000000000000000e+00 6.592000000000000082e-01
8.800000000000000000e+01 6.608000000000000540e-01
1.000000000000000000e+00 6.623999999999999888e-01
0.000000000000000000e+00 6.640000000000000346e-01
3.100000000000000000e+01 6.655999999999999694e-01
6.830000000000000000e+02 6.655999999999999694e-01
0.000000000000000000e+00 6.592000000000000082e-01
0.000000000000000000e+00 6.608000000000000540e-01
5.100000000000000000e+01 6.623999999999999888e-01
1.000000000000000000e+01 6.592000000000000082e-01
6.000000000000000000e+00 6.608000000000000540e-01
2.000000000000000000e+00 6.623999999999999888e-01
1.000000000000000000e+00 6.640000000000000346e-01
0.000000000000000000e+00 6.655999999999999694e-01
3.700000000000000000e+01 6.672000000000000153e-01
0.000000000000000000e+00 6.687999999999999501e-01
4.000000000000000000e+00 6.703999999999999959e-01
1.800000000000000000e+02 6.672000000000000153e-01
0.000000000000000000e+00 6.655999999999999694e-01
1.800000000000000000e+01 6.672000000000000153e-01
0.000000000000000000e+00 6.687999999999999501e-01
4.100000000000000000e+01 6.703999999999999959e-01
1.760000000000000000e+02 6.720000000000000417e-01
0.000000000000000000e+00 6.672000000000000153e-01
0.000000000000000000e+00 6.687999999999999501e-01
1.001000000000000000e+03 6.703999999999999959e-01
2.000000000000000000e+00 6.640000000000000346e-01
0.000000000000000000e+00 6.655999999999999694e-01
0.000000000000000000e+00 6.672000000000000153e-01
2.000000000000000000e+00 6.687999999999999501e-01
1.000000000000000000e+00 6.703999999999999959e-01
1.000000000000000000e+00 6.720000000000000417e-01
1.300000000000000000e+01 6.720000000000000417e-01
3.700000000000000000e+01 6.735999999999999766e-01
1.000000000000000000e+00 6.752000000000000224e-01
0.000000000000000000e+00 6.767999999999999572e-01
3.500000000000000000e+01 6.784000000000000030e-01
4.800000000000000000e+02 6.800000000000000488e-01
4.000000000000000000e+00 6.735999999999999766e-01
1.900000000000000000e+01 6.752000000000000224e-01
3.000000000000000000e+00 6.767999999999999572e-01
0.000000000000000000e+00 6.752000000000000224e-01
1.000000000000000000e+00 6.767999999999999572e-01
1.320000000000000000e+02 6.784000000000000030e-01
3.000000000000000000e+00 6.752000000000000224e-01
4.000000000000000000e+00 6.767999999999999572e-01
0.000000000000000000e+00 6.784000000000000030e-01
0.000000000000000000e+00 6.800000000000000488e-01
2.000000000000000000e+00 6.815999999999999837e-01
0.000000000000000000e+00 6.832000000000000295e-01
7.900000000000000000e+01 6.847999999999999643e-01
2.500000000000000000e+01 6.864000000000000101e-01
1.300000000000000000e+01 6.800000000000000488e-01
1.070000000000000000e+02 6.815999999999999837e-01
1.170000000000000000e+02 6.800000000000000488e-01
2.400000000000000000e+01 6.735999999999999766e-01
3.360000000000000000e+02 6.752000000000000224e-01
9.000000000000000000e+00 6.767999999999999572e-01
1.000000000000000000e+00 6.752000000000000224e-01
2.300000000000000000e+01 6.767999999999999572e-01
2.000000000000000000e+00 6.720000000000000417e-01
2.940000000000000000e+02 6.735999999999999766e-01
0.000000000000000000e+00 6.608000000000000540e-01
0.000000000000000000e+00 6.623999999999999888e-01
0.000000000000000000e+00 6.640000000000000346e-01
3.200000000000000000e+01 6.655999999999999694e-01
0.000000000000000000e+00 6.672000000000000153e-01
6.600000000000000000e+01 6.687999999999999501e-01
1.000000000000000000e+00 6.687999999999999501e-01
0.000000000000000000e+00 6.703999999999999959e-01
1.000000000000000000e+00 6.720000000000000417e-01
4.000000000000000000e+00 6.735999999999999766e-01
4.000000000000000000e+00 6.752000000000000224e-01
5.800000000000000000e+01 6.752000000000000224e-01
0.000000000000000000e+00 6.752000000000000224e-01
1.080000000000000000e+02 6.767999999999999572e-01
0.000000000000000000e+00 6.752000000000000224e-01
0.000000000000000000e+00 6.767999999999999572e-01
4.700000000000000000e+01 6.784000000000000030e-01
6.700000000000000000e+01 6.800000000000000488e-01
0.000000000000000000e+00 6.815999999999999837e-01
0.000000000000000000e+00 6.832000000000000295e-01
0.000000000000000000e+00 6.847999999999999643e-01
7.600000000000000000e+01 6.864000000000000101e-01
2.000000000000000000e+00 6.879999999999999449e-01
7.000000000000000000e+00 6.895999999999999908e-01
2.000000000000000000e+00 6.895999999999999908e-01
0.000000000000000000e+00 6.912000000000000366e-01
1.650000000000000000e+02 6.927999999999999714e-01
0.000000000000000000e+00 6.895999999999999908e-01
7.000000000000000000e+00 6.912000000000000366e-01
0.000000000000000000e+00 6.927999999999999714e-01
8.000000000000000000e+00 6.944000000000000172e-01
2.900000000000000000e+01 6.944000000000000172e-01
1.000000000000000000e+00 6.895999999999999908e-01
0.000000000000000000e+00 6.895999999999999908e-01
1.300000000000000000e+02 6.912000000000000366e-01
2.610000000000000000e+02 6.864000000000000101e-01
1.400000000000000000e+01 6.784000000000000030e-01
0.000000000000000000e+00 6.800000000000000488e-01
1.400000000000000000e+01 6.815999999999999837e-01
0.000000000000000000e+00 6.832000000000000295e-01
1.000000000000000000e+01 6.847999999999999643e-01
0.000000000000000000e+00 6.864000000000000101e-01
0.000000000000000000e+00 6.879999999999999449e-01
6.250000000000000000e+02 6.895999999999999908e-01
0.000000000000000000e+00 6.767999999999999572e-01
0.000000000000000000e+00 6.784000000000000030e-01
0.000000000000000000e+00 6.800000000000000488e-01
3.000000000000000000e+00 6.815999999999999837e-01
5.000000000000000000e+00 6.832000000000000295e-01
0.000000000000000000e+00 6.847999999999999643e-01
1.200000000000000000e+01 6.864000000000000101e-01
2.000000000000000000e+00 6.864000000000000101e-01
0.000000000000000000e+00 6.847999999999999643e-01
1.000000000000000000e+00 6.864000000000000101e-01
1.700000000000000000e+01 6.879999999999999449e-01
1.000000000000000000e+01 6.895999999999999908e-01
9.000000000000000000e+00 6.912000000000000366e-01
2.800000000000000000e+01 6.927999999999999714e-01
0.000000000000000000e+00 6.927999999999999714e-01
0.000000000000000000e+00 6.944000000000000172e-01
5.800000000000000000e+01 6.959999999999999520e-01
1.710000000000000000e+02 6.975999999999999979e-01
7.200000000000000000e+01 6.975999999999999979e-01
2.000000000000000000e+00 6.992000000000000437e-01
4.110000000000000000e+02 7.007999999999999785e-01
2.720000000000000000e+02 6.912000000000000366e-01
0.000000000000000000e+00 6.912000000000000366e-01
4.200000000000000000e+01 6.927999999999999714e-01
3.000000000000000000e+00 6.944000000000000172e-01
8.400000000000000000e+01 6.959999999999999520e-01
0.000000000000000000e+00 6.927999999999999714e-01
0.000000000000000000e+00 6.944000000000000172e-01
1.000000000000000000e+00 6.959999999999999520e-01
0.000000000000000000e+00 6.944000000000000172e-01
1.300000000000000000e+01 6.959999999999999520e-01
2.750000000000000000e+02 6.944000000000000172e-01
6.700000000000000000e+01 6.944000000000000172e-01
5.500000000000000000e+01 6.912000000000000366e-01
2.900000000000000000e+01 6.927999999999999714e-01
0.000000000000000000e+00 6.944000000000000172e-01
0.000000000000000000e+00 6.959999999999999520e-01
2.000000000000000000e+00 6.975999999999999979e-01
0.000000000000000000e+00 6.992000000000000437e-01
0.000000000000000000e+00 7.007999999999999785e-01
0.000000000000000000e+00 7.024000000000000243e-01
6.000000000000000000e+01 7.039999999999999591e-01
1.000000000000000000e+00 6.944000000000000172e-01
2.170000000000000000e+02 6.959999999999999520e-01
0.000000000000000000e+00 6.895999999999999908e-01
2.000000000000000000e+00 6.912000000000000366e-01
0.000000000000000000e+00 6.927999999999999714e-01
0.000000000000000000e+00 6.944000000000000172e-01
1.000000000000000000e+00 6.959999999999999520e-01
0.000000000000000000e+00 6.975999999999999979e-01
3.100000000000000000e+01 6.992000000000000437e-01
2.960000000000000000e+02 7.007999999999999785e-01
0.000000000000000000e+00 6.944000000000000172e-01
1.500000000000000000e+01 6.959999999999999520e-01
5.750000000000000000e+02 6.944000000000000172e-01
8.000000000000000000e+00 6.912000000000000366e-01
1.520000000000000000e+02 6.927999999999999714e-01
8.000000000000000000e+00 6.944000000000000172e-01
0.000000000000000000e+00 6.927999999999999714e-01
0.000000000000000000e+00 6.944000000000000172e-01
2.060000000000000000e+02 6.959999999999999520e-01
2.000000000000000000e+00 6.927999999999999714e-01
6.000000000000000000e+00 6.944000000000000172e-01
6.000000000000000000e+00 6.959999999999999520e-01
1.040000000000000000e+02 6.975999999999999979e-01
5.800000000000000000e+01 6.847999999999999643e-01
7.000000000000000000e+00 6.864000000000000101e-01
5.100000000000000000e+01 6.879999999999999449e-01
2.250000000000000000e+02 6.895999999999999908e-01
2.000000000000000000e+00 6.767999999999999572e-01
0.000000000000000000e+00 6.784000000000000030e-01
1.300000000000000000e+01 6.800000000000000488e-01
0.000000000000000000e+00 6.815999999999999837e-01
0.000000000000000000e+00 6.832000000000000295e-01
1.000000000000000000e+00 6.847999999999999643e-01
4.000000000000000000e+00 6.864000000000000101e-01
0.000000000000000000e+00 6.864000000000000101e-01
3.990000000000000000e+02 6.879999999999999449e-01
9.200000000000000000e+01 6.735999999999999766e-01
0.000000000000000000e+00 6.752000000000000224e-01
2.000000000000000000e+00 6.767999999999999572e-01
0.000000000000000000e+00 6.784000000000000030e-01
0.000000000000000000e+00 6.800000000000000488e-01
3.240000000000000000e+02 6.815999999999999837e-01
2.000000000000000000e+00 6.752000000000000224e-01
1.500000000000000000e+01 6.767999999999999572e-01
0.000000000000000000e+00 6.752000000000000224e-01
1.420000000000000000e+02 6.767999999999999572e-01
3.000000000000000000e+00 6.703999999999999959e-01
3.900000000000000000e+01 6.703999999999999959e-01
0.000000000000000000e+00 6.720000000000000417e-01
0.000000000000000000e+00 6.735999999999999766e-01
1.860000000000000000e+02 6.752000000000000224e-01
1.300000000000000000e+01 6.720000000000000417e-01
2.270000000000000000e+02 6.735999999999999766e-01
9.000000000000000000e+00 6.608000000000000540e-01
6.000000000000000000e+00 6.575999999999999623e-01
2.800000000000000000e+01 6.592000000000000082e-01
1.200000000000000000e+01 6.608000000000000540e-01
3.600000000000000000e+01 6.575999999999999623e-01
0.000000000000000000e+00 6.592000000000000082e-01
2.000000000000000000e+00 6.608000000000000540e-01
1.000000000000000000e+00 6.623999999999999888e-01
4.000000000000000000e+00 6.640000000000000346e-01
6.000000000000000000e+00 6.655999999999999694e-01
0.000000000000000000e+00 6.672000000000000153e-01
4.000000000000000000e+00 6.687999999999999501e-01
2.000000000000000000e+01 6.703999999999999959e-01
0.000000000000000000e+00 6.687999999999999501e-01
3.500000000000000000e+02 6.703999999999999959e-01
5.000000000000000000e+00 6.640000000000000346e-01
1.000000000000000000e+01 6.655999999999999694e-01
0.000000000000000000e+00 6.672000000000000153e-01
0.000000000000000000e+00 6.687999999999999501e-01
4.900000000000000000e+01 6.703999999999999959e-01
5.300000000000000000e+01 6.720000000000000417e-01
0.000000000000000000e+00 6.640000000000000346e-01
3.000000000000000000e+00 6.655999999999999694e-01
0.000000000000000000e+00 6.672000000000000153e-01
1.000000000000000000e+00 6.687999999999999501e-01
0.000000000000000000e+00 6.703999999999999959e-01
0.000000000000000000e+00 6.720000000000000417e-01
5.600000000000000000e+01 6.735999999999999766e-01
1.700000000000000000e+01 6.752000000000000224e-01
3.000000000000000000e+01 6.735999999999999766e-01
1.800000000000000000e+01 6.735999999999999766e-01
0.000000000000000000e+00 6.752000000000000224e-01
3.040000000000000000e+02 6.767999999999999572e-01
5.000000000000000000e+00 6.623999999999999888e-01
0.000000000000000000e+00 6.640000000000000346e-01
0.000000000000000000e+00 6.655999999999999694e-01
0.000000000000000000e+00 6.672000000000000153e-01
0.000000000000000000e+00 6.687999999999999501e-01
2.000000000000000000e+01 6.703999999999999959e-01
0.000000000000000000e+00 6.720000000000000417e-01
0.000000000000000000e+00 6.735999999999999766e-01
1.000000000000000000e+00 6.752000000000000224e-01
0.000000000000000000e+00 6.767999999999999572e-01
0.000000000000000000e+00 6.784000000000000030e-01
0.000000000000000000e+00 6.800000000000000488e-01
2.000000000000000000e+00 6.815999999999999837e-01
0.000000000000000000e+00 6.832000000000000295e-01
0.000000000000000000e+00 6.847999999999999643e-01
7.000000000000000000e+00 6.864000000000000101e-01
8.000000000000000000e+00 6.879999999999999449e-01
3.700000000000000000e+01 6.879999999999999449e-01
4.100000000000000000e+01 6.895999999999999908e-01
0.000000000000000000e+00 6.879999999999999449e-01
1.550000000000000000e+02 6.895999999999999908e-01
0.000000000000000000e+00 6.879999999999999449e-01
0.000000000000000000e+00 6.895999999999999908e-01
3.000000000000000000e+00 6.912000000000000366e-01
4.000000000000000000e+00 6.927999999999999714e-01
7.300000000000000000e+01 6.944000000000000172e-01
4.000000000000000000e+01 6.912000000000000366e-01
1.800000000000000000e+01 6.927999999999999714e-01
0.000000000000000000e+00 6.944000000000000172e-01
5.300000000000000000e+01 6.959999999999999520e-01
1.210000000000000000e+02 6.975999999999999979e-01
1.100000000000000000e+01 6.944000000000000172e-01
3.000000000000000000e+01 6.912000000000000366e-01
0.000000000000000000e+00 6.927999999999999714e-01
0.000000000000000000e+00 6.944000000000000172e-01
6.900000000000000000e+01 6.959999999999999520e-01
0.000000000000000000e+00 6.927999999999999714e-01
1.600000000000000000e+02 6.944000000000000172e-01
2.300000000000000000e+01 6.944000000000000172e-01
2.500000000000000000e+01 6.912000000000000366e-01
0.000000000000000000e+00 6.879999999999999449e-01
0.000000000000000000e+00 6.895999999999999908e-01
2.000000000000000000e+01 6.912000000000000366e-01
4.000000000000000000e+00 6.912000000000000366e-01
5.000000000000000000e+00 6.927999999999999714e-01
3.070000000000000000e+02 6.912000000000000366e-01
2.700000000000000000e+01 6.927999999999999714e-01
4.000000000000000000e+00 6.927999999999999714e-01
0.000000000000000000e+00 6.944000000000000172e-01
2.000000000000000000e+00 6.959999999999999520e-01
5.700000000000000000e+01 6.975999999999999979e-01
2.000000000000000000e+00 6.992000000000000437e-01
1.700000000000000000e+01 7.007999999999999785e-01
1.500000000000000000e+01 7.024000000000000243e-01
0.000000000000000000e+00 7.039999999999999591e-01
9.210000000000000000e+02 7.056000000000000050e-01
4.000000000000000000e+00 6.832000000000000295e-01
2.000000000000000000e+00 6.847999999999999643e-01
1.570000000000000000e+02 6.864000000000000101e-01
1.130000000000000000e+02 6.847999999999999643e-01
7.000000000000000000e+00 6.720000000000000417e-01
1.100000000000000000e+01 6.735999999999999766e-01
3.000000000000000000e+00 6.752000000000000224e-01
3.300000000000000000e+01 6.767999999999999572e-01
1.500000000000000000e+01 6.720000000000000417e-01
0.000000000000000000e+00 6.735999999999999766e-01
1.100000000000000000e+01 6.752000000000000224e-01
0.000000000000000000e+00 6.767999999999999572e-01
5.000000000000000000e+00 6.784000000000000030e-01
1.060000000000000000e+02 6.752000000000000224e-01
2.510000000000000000e+02 6.720000000000000417e-01
6.050000000000000000e+02 6.687999999999999501e-01
4.600000000000000000e+01 6.528000000000000469e-01
3.500000000000000000e+01 6.543999999999999817e-01
2.000000000000000000e+00 6.560000000000000275e-01
1.000000000000000000e+00 6.575999999999999623e-01
0.000000000000000000e+00 6.592000000000000082e-01
7.200000000000000000e+01 6.608000000000000540e-01
2.000000000000000000e+00 6.623999999999999888e-01
0.000000000000000000e+00 6.640000000000000346e-01
2.000000000000000000e+00 6.655999999999999694e-01
0.000000000000000000e+00 6.672000000000000153e-01
0.000000000000000000e+00 6.687999999999999501e-01
0.000000000000000000e+00 6.703999999999999959e-01
0.000000000000000000e+00 6.720000000000000417e-01
2.000000000000000000e+00 6.735999999999999766e-01
1.100000000000000000e+01 6.735999999999999766e-01
4.000000000000000000e+00 6.703999999999999959e-01
2.000000000000000000e+00 6.703999999999999959e-01
9.000000000000000000e+00 6.720000000000000417e-01
1.000000000000000000e+00 6.720000000000000417e-01
4.000000000000000000e+00 6.735999999999999766e-01
1.100000000000000000e+01 6.752000000000000224e-01
1.000000000000000000e+01 6.767999999999999572e-01
1.000000000000000000e+00 6.784000000000000030e-01
1.500000000000000000e+02 6.800000000000000488e-01
9.000000000000000000e+00 6.752000000000000224e-01
1.360000000000000000e+02 6.767999999999999572e-01
0.000000000000000000e+00 6.784000000000000030e-01
0.000000000000000000e+00 6.800000000000000488e-01
9.000000000000000000e+00 6.815999999999999837e-01
1.800000000000000000e+01 6.832000000000000295e-01
0.000000000000000000e+00 6.800000000000000488e-01
2.000000000000000000e+00 6.815999999999999837e-01
1.320000000000000000e+02 6.832000000000000295e-01
1.000000000000000000e+00 6.784000000000000030e-01
5.400000000000000000e+01 6.800000000000000488e-01
4.000000000000000000e+00 6.815999999999999837e-01
7.000000000000000000e+01 6.832000000000000295e-01
2.900000000000000000e+01 6.800000000000000488e-01
0.000000000000000000e+00 6.815999999999999837e-01
1.300000000000000000e+01 6.832000000000000295e-01
0.000000000000000000e+00 6.815999999999999837e-01
1.400000000000000000e+01 6.832000000000000295e-01
0.000000000000000000e+00 6.847999999999999643e-01
9.700000000000000000e+01 6.864000000000000101e-01
7.000000000000000000e+00 6.864000000000000101e-01
4.800000000000000000e+01 6.879999999999999449e-01
0.000000000000000000e+00 6.879999999999999449e-01
0.000000000000000000e+00 6.895999999999999908e-01
1.600000000000000000e+01 6.912000000000000366e-01
0.000000000000000000e+00 6.895999999999999908e-01
8.030000000000000000e+02 6.912000000000000366e-01
2.000000000000000000e+01 6.784000000000000030e-01
1.040000000000000000e+02 6.800000000000000488e-01
0.000000000000000000e+00 6.815999999999999837e-01
0.000000000000000000e+00 6.832000000000000295e-01
0.000000000000000000e+00 6.847999999999999643e-01
4.000000000000000000e+00 6.864000000000000101e-01
7.000000000000000000e+00 6.864000000000000101e-01
0.000000000000000000e+00 6.879999999999999449e-01
0.000000000000000000e+00 6.895999999999999908e-01
5.850000000000000000e+02 6.912000000000000366e-01
0.000000000000000000e+00 6.815999999999999837e-01
2.000000000000000000e+01 6.832000000000000295e-01
2.700000000000000000e+01 6.815999999999999837e-01
3.200000000000000000e+01 6.832000000000000295e-01
0.000000000000000000e+00 6.847999999999999643e-01
1.370000000000000000e+02 6.864000000000000101e-01
0.000000000000000000e+00 6.879999999999999449e-01
4.000000000000000000e+00 6.895999999999999908e-01
1.000000000000000000e+00 6.912000000000000366e-01
0.000000000000000000e+00 6.927999999999999714e-01
0.000000000000000000e+00 6.944000000000000172e-01
1.000000000000000000e+00 6.959999999999999520e-01
9.000000000000000000e+00 6.975999999999999979e-01
1.000000000000000000e+00 6.959999999999999520e-01
2.000000000000000000e+00 6.959999999999999520e-01
5.600000000000000000e+01 6.944000000000000172e-01
1.000000000000000000e+01 6.895999999999999908e-01
1.100000000000000000e+01 6.912000000000000366e-01
0.000000000000000000e+00 6.927999999999999714e-01
0.000000000000000000e+00 6.944000000000000172e-01
2.000000000000000000e+00 6.959999999999999520e-01
2.240000000000000000e+02 6.975999999999999979e-01
4.000000000000000000e+00 6.912000000000000366e-01
1.030000000000000000e+02 6.927999999999999714e-01
1.438000000000000000e+03 6.927999999999999714e-01
0.000000000000000000e+00 6.687999999999999501e-01
9.000000000000000000e+00 6.703999999999999959e-01
1.190000000000000000e+02 6.720000000000000417e-01
1.700000000000000000e+01 6.735999999999999766e-01
5.000000000000000000e+00 6.752000000000000224e-01
5.600000000000000000e+01 6.752000000000000224e-01
0.000000000000000000e+00 6.735999999999999766e-01
5.800000000000000000e+01 6.752000000000000224e-01
1.000000000000000000e+00 6.687999999999999501e-01
2.000000000000000000e+00 6.703999999999999959e-01
2.000000000000000000e+00 6.720000000000000417e-01
5.300000000000000000e+01 6.720000000000000417e-01
0.000000000000000000e+00 6.655999999999999694e-01
0.000000000000000000e+00 6.672000000000000153e-01
3.240000000000000000e+02 6.687999999999999501e-01
2.000000000000000000e+00 6.672000000000000153e-01
0.000000000000000000e+00 6.687999999999999501e-01
3.000000000000000000e+00 6.703999999999999959e-01
2.000000000000000000e+00 6.720000000000000417e-01
2.000000000000000000e+01 6.735999999999999766e-01
0.000000000000000000e+00 6.735999999999999766e-01
4.000000000000000000e+00 6.752000000000000224e-01
1.000000000000000000e+00 6.767999999999999572e-01
2.140000000000000000e+02 6.784000000000000030e-01
4.100000000000000000e+01 6.767999999999999572e-01
0.000000000000000000e+00 6.720000000000000417e-01
0.000000000000000000e+00 6.735999999999999766e-01
2.000000000000000000e+00 6.752000000000000224e-01
2.300000000000000000e+01 6.767999999999999572e-01
2.000000000000000000e+00 6.784000000000000030e-01
0.000000000000000000e+00 6.800000000000000488e-01
8.700000000000000000e+01 6.815999999999999837e-01
2.600000000000000000e+01 6.767999999999999572e-01
2.000000000000000000e+00 6.784000000000000030e-01
2.700000000000000000e+01 6.784000000000000030e-01
0.000000000000000000e+00 6.735999999999999766e-01
1.000000000000000000e+00 6.752000000000000224e-01
1.000000000000000000e+00 6.767999999999999572e-01
2.000000000000000000e+00 6.767999999999999572e-01
2.000000000000000000e+00 6.767999999999999572e-01
1.000000000000000000e+00 6.767999999999999572e-01
5.000000000000000000e+00 6.784000000000000030e-01
3.000000000000000000e+00 6.800000000000000488e-01
8.000000000000000000e+00 6.784000000000000030e-01
1.400000000000000000e+01 6.800000000000000488e-01
6.900000000000000000e+01 6.815999999999999837e-01
1.000000000000000000e+01 6.800000000000000488e-01
2.600000000000000000e+01 6.815999999999999837e-01
0.000000000000000000e+00 6.832000000000000295e-01
0.000000000000000000e+00 6.847999999999999643e-01
8.000000000000000000e+00 6.864000000000000101e-01
0.000000000000000000e+00 6.879999999999999449e-01
5.800000000000000000e+01 6.895999999999999908e-01
1.000000000000000000e+00 6.847999999999999643e-01
1.000000000000000000e+00 6.847999999999999643e-01
1.000000000000000000e+00 6.864000000000000101e-01
4.000000000000000000e+00 6.879999999999999449e-01
0.000000000000000000e+00 6.895999999999999908e-01
9.000000000000000000e+00 6.912000000000000366e-01
0.000000000000000000e+00 6.927999999999999714e-01
0.000000000000000000e+00 6.944000000000000172e-01
1.000000000000000000e+00 6.959999999999999520e-01
0.000000000000000000e+00 6.975999999999999979e-01
1.600000000000000000e+01 6.992000000000000437e-01
3.700000000000000000e+01 7.007999999999999785e-01
4.200000000000000000e+02 7.024000000000000243e-01
2.000000000000000000e+00 6.927999999999999714e-01
0.000000000000000000e+00 6.927999999999999714e-01
5.000000000000000000e+00 6.944000000000000172e-01
3.400000000000000000e+01 6.959999999999999520e-01
8.920000000000000000e+02 6.975999999999999979e-01
1.000000000000000000e+00 6.735999999999999766e-01
1.000000000000000000e+00 6.752000000000000224e-01
1.200000000000000000e+01 6.767999999999999572e-01
1.490000000000000000e+02 6.784000000000000030e-01
6.000000000000000000e+00 6.735999999999999766e-01
0.000000000000000000e+00 6.752000000000000224e-01
1.000000000000000000e+00 6.767999999999999572e-01
0.000000000000000000e+00 6.784000000000000030e-01
4.000000000000000000e+00 6.800000000000000488e-01
6.000000000000000000e+00 6.815999999999999837e-01
0.000000000000000000e+00 6.832000000000000295e-01
2.000000000000000000e+00 6.847999999999999643e-01
2.000000000000000000e+00 6.864000000000000101e-01
0.000000000000000000e+00 6.879999999999999449e-01
0.000000000000000000e+00 6.895999999999999908e-01
0.000000000000000000e+00 6.912000000000000366e-01
4.000000000000000000e+00 6.927999999999999714e-01
2.600000000000000000e+01 6.944000000000000172e-01
1.732000000000000000e+03 6.959999999999999520e-01
5.500000000000000000e+01 6.640000000000000346e-01
4.000000000000000000e+00 6.575999999999999623e-01
3.000000000000000000e+00 6.592000000000000082e-01
1.100000000000000000e+01 6.608000000000000540e-01
8.600000000000000000e+01 6.623999999999999888e-01
1.290000000000000000e+02 6.608000000000000540e-01
5.000000000000000000e+00 6.592000000000000082e-01
0.000000000000000000e+00 6.608000000000000540e-01
0.000000000000000000e+00 6.623999999999999888e-01
1.000000000000000000e+00 6.640000000000000346e-01
6.000000000000000000e+01 6.655999999999999694e-01
1.030000000000000000e+02 6.672000000000000153e-01
2.000000000000000000e+00 6.672000000000000153e-01
1.170000000000000000e+02 6.687999999999999501e-01
2.000000000000000000e+00 6.640000000000000346e-01
3.000000000000000000e+00 6.640000000000000346e-01
0.000000000000000000e+00 6.655999999999999694e-01
0.000000000000000000e+00 6.672000000000000153e-01
5.000000000000000000e+00 6.687999999999999501e-01
1.030000000000000000e+02 6.703999999999999959e-01
2.770000000000000000e+02 6.687999999999999501e-01
1.200000000000000000e+01 6.608000000000000540e-01
2.890000000000000000e+02 6.623999999999999888e-01
0.000000000000000000e+00 6.608000000000000540e-01
0.000000000000000000e+00 6.623999999999999888e-01
0.000000000000000000e+00 6.640000000000000346e-01
2.000000000000000000e+00 6.655999999999999694e-01
0.000000000000000000e+00 6.672000000000000153e-01
5.400000000000000000e+01 6.687999999999999501e-01
4.000000000000000000e+00 6.672000000000000153e-01
1.000000000000000000e+00 6.687999999999999501e-01
6.920000000000000000e+02 6.703999999999999959e-01
2.900000000000000000e+01 6.703999999999999959e-01
5.000000000000000000e+00 6.703999999999999959e-01
0.000000000000000000e+00 6.672000000000000153e-01
9.300000000000000000e+01 6.687999999999999501e-01
0.000000000000000000e+00 6.672000000000000153e-01
6.000000000000000000e+00 6.687999999999999501e-01
4.400000000000000000e+01 6.703999999999999959e-01
0.000000000000000000e+00 6.687999999999999501e-01
0.000000000000000000e+00 6.703999999999999959e-01
0.000000000000000000e+00 6.720000000000000417e-01
4.000000000000000000e+01 6.735999999999999766e-01
5.000000000000000000e+00 6.752000000000000224e-01
5.000000000000000000e+00 6.767999999999999572e-01
1.600000000000000000e+02 6.784000000000000030e-01
0.000000000000000000e+00 6.687999999999999501e-01
4.300000000000000000e+01 6.703999999999999959e-01
1.000000000000000000e+00 6.720000000000000417e-01
6.000000000000000000e+00 6.720000000000000417e-01
6.600000000000000000e+01 6.735999999999999766e-01
8.200000000000000000e+01 6.735999999999999766e-01
0.000000000000000000e+00 6.720000000000000417e-01
1.000000000000000000e+00 6.735999999999999766e-01
0.000000000000000000e+00 6.735999999999999766e-01
8.000000000000000000e+00 6.752000000000000224e-01
2.000000000000000000e+00 6.720000000000000417e-01
0.000000000000000000e+00 6.735999999999999766e-01
3.700000000000000000e+01 6.752000000000000224e-01
1.300000000000000000e+01 6.767999999999999572e-01
7.000000000000000000e+00 6.767999999999999572e-01
1.190000000000000000e+02 6.784000000000000030e-01
9.900000000000000000e+01 6.672000000000000153e-01
5.000000000000000000e+00 6.687999999999999501e-01
0.000000000000000000e+00 6.703999999999999959e-01
0.000000000000000000e+00 6.720000000000000417e-01
2.800000000000000000e+01 6.735999999999999766e-01
1.370000000000000000e+02 6.735999999999999766e-01
2.000000000000000000e+00 6.735999999999999766e-01
0.000000000000000000e+00 6.703999999999999959e-01
6.000000000000000000e+00 6.720000000000000417e-01
0.000000000000000000e+00 6.703999999999999959e-01
4.300000000000000000e+01 6.720000000000000417e-01
0.000000000000000000e+00 6.735999999999999766e-01
0.000000000000000000e+00 6.752000000000000224e-01
1.000000000000000000e+00 6.767999999999999572e-01
0.000000000000000000e+00 6.784000000000000030e-01
9.900000000000000000e+01 6.800000000000000488e-01
3.800000000000000000e+01 6.735999999999999766e-01
1.400000000000000000e+01 6.752000000000000224e-01
2.000000000000000000e+00 6.735999999999999766e-01
3.880000000000000000e+02 6.735999999999999766e-01
0.000000000000000000e+00 6.735999999999999766e-01
0.000000000000000000e+00 6.752000000000000224e-01
0.000000000000000000e+00 6.767999999999999572e-01
0.000000000000000000e+00 6.784000000000000030e-01
1.970000000000000000e+02 6.800000000000000488e-01
1.000000000000000000e+00 6.767999999999999572e-01
7.180000000000000000e+02 6.784000000000000030e-01
0.000000000000000000e+00 6.623999999999999888e-01
5.000000000000000000e+00 6.640000000000000346e-01
4.300000000000000000e+01 6.655999999999999694e-01
5.100000000000000000e+01 6.672000000000000153e-01
1.000000000000000000e+00 6.687999999999999501e-01
1.000000000000000000e+00 6.703999999999999959e-01
1.460000000000000000e+02 6.687999999999999501e-01
5.800000000000000000e+01 6.703999999999999959e-01
4.000000000000000000e+00 6.687999999999999501e-01
0.000000000000000000e+00 6.703999999999999959e-01
6.000000000000000000e+00 6.720000000000000417e-01
8.800000000000000000e+01 6.735999999999999766e-01
2.400000000000000000e+01 6.752000000000000224e-01
4.400000000000000000e+01 6.767999999999999572e-01
0.000000000000000000e+00 6.703999999999999959e-01
0.000000000000000000e+00 6.720000000000000417e-01
2.400000000000000000e+01 6.735999999999999766e-01
6.020000000000000000e+02 6.752000000000000224e-01
1.700000000000000000e+01 6.655999999999999694e-01
0.000000000000000000e+00 6.655999999999999694e-01
6.000000000000000000e+00 6.672000000000000153e-01
0.000000000000000000e+00 6.687999999999999501e-01
9.300000000000000000e+01 6.703999999999999959e-01
0.000000000000000000e+00 6.655999999999999694e-01
9.000000000000000000e+00 6.672000000000000153e-01
2.910000000000000000e+02 6.687999999999999501e-01
1.430000000000000000e+02 6.560000000000000275e-01
2.000000000000000000e+00 6.431999999999999940e-01
7.200000000000000000e+01 6.448000000000000398e-01
0.000000000000000000e+00 6.463999999999999746e-01
9.000000000000000000e+00 6.480000000000000204e-01
7.000000000000000000e+00 6.463999999999999746e-01
1.000000000000000000e+00 6.480000000000000204e-01
2.800000000000000000e+01 6.480000000000000204e-01
2.100000000000000000e+01 6.495999999999999552e-01
1.000000000000000000e+00 6.512000000000000011e-01
0.000000000000000000e+00 6.528000000000000469e-01
2.300000000000000000e+01 6.543999999999999817e-01
0.000000000000000000e+00 6.560000000000000275e-01
3.930000000000000000e+02 6.575999999999999623e-01
2.000000000000000000e+01 6.592000000000000082e-01
0.000000000000000000e+00 6.608000000000000540e-01
2.900000000000000000e+01 6.623999999999999888e-01
2.000000000000000000e+01 6.640000000000000346e-01
0.000000000000000000e+00 6.655999999999999694e-01
0.000000000000000000e+00 6.672000000000000153e-01
0.000000000000000000e+00 6.687999999999999501e-01
0.000000000000000000e+00 6.703999999999999959e-01
2.000000000000000000e+00 6.720000000000000417e-01
6.000000000000000000e+00 6.735999999999999766e-01
2.000000000000000000e+00 6.752000000000000224e-01
0.000000000000000000e+00 6.752000000000000224e-01
2.000000000000000000e+00 6.767999999999999572e-01
0.000000000000000000e+00 6.784000000000000030e-01
1.000000000000000000e+00 6.800000000000000488e-01
1.500000000000000000e+01 6.815999999999999837e-01
0.000000000000000000e+00 6.832000000000000295e-01
6.000000000000000000e+00 6.847999999999999643e-01
1.200000000000000000e+01 6.847999999999999643e-01
1.800000000000000000e+01 6.847999999999999643e-01
1.300000000000000000e+01 6.815999999999999837e-01
5.300000000000000000e+01 6.800000000000000488e-01
1.050000000000000000e+02 6.815999999999999837e-01
1.000000000000000000e+00 6.815999999999999837e-01
8.700000000000000000e+01 6.832000000000000295e-01
5.000000000000000000e+00 6.832000000000000295e-01
1.420000000000000000e+02 6.800000000000000488e-01
3.200000000000000000e+01 6.784000000000000030e-01
1.670000000000000000e+02 6.784000000000000030e-01
3.800000000000000000e+01 6.800000000000000488e-01
0.000000000000000000e+00 6.767999999999999572e-01
2.000000000000000000e+00 6.784000000000000030e-01
9.300000000000000000e+01 6.800000000000000488e-01
0.000000000000000000e+00 6.815999999999999837e-01
2.000000000000000000e+00 6.832000000000000295e-01
1.317000000000000000e+03 6.847999999999999643e-01
5.000000000000000000e+00 6.752000000000000224e-01
0.000000000000000000e+00 6.767999999999999572e-01
0.000000000000000000e+00 6.784000000000000030e-01
9.000000000000000000e+00 6.800000000000000488e-01
2.400000000000000000e+01 6.815999999999999837e-01
5.700000000000000000e+01 6.800000000000000488e-01
6.000000000000000000e+00 6.752000000000000224e-01
4.000000000000000000e+00 6.735999999999999766e-01
8.600000000000000000e+01 6.752000000000000224e-01
0.000000000000000000e+00 6.735999999999999766e-01
5.000000000000000000e+00 6.752000000000000224e-01
2.500000000000000000e+01 6.767999999999999572e-01
0.000000000000000000e+00 6.784000000000000030e-01
1.000000000000000000e+00 6.800000000000000488e-01
0.000000000000000000e+00 6.815999999999999837e-01
0.000000000000000000e+00 6.832000000000000295e-01
4.500000000000000000e+01 6.847999999999999643e-01
2.000000000000000000e+00 6.864000000000000101e-01
0.000000000000000000e+00 6.847999999999999643e-01
2.000000000000000000e+00 6.864000000000000101e-01
2.870000000000000000e+02 6.864000000000000101e-01
0.000000000000000000e+00 6.752000000000000224e-01
0.000000000000000000e+00 6.767999999999999572e-01
5.000000000000000000e+00 6.784000000000000030e-01
9.000000000000000000e+00 6.800000000000000488e-01
3.600000000000000000e+01 6.800000000000000488e-01
1.000000000000000000e+01 6.752000000000000224e-01
5.500000000000000000e+01 6.720000000000000417e-01
2.100000000000000000e+01 6.720000000000000417e-01
2.000000000000000000e+00 6.640000000000000346e-01
4.850000000000000000e+02 6.655999999999999694e-01
7.600000000000000000e+01 6.608000000000000540e-01
1.700000000000000000e+01 6.623999999999999888e-01
0.000000000000000000e+00 6.640000000000000346e-01
0.000000000000000000e+00 6.655999999999999694e-01
1.700000000000000000e+01 6.672000000000000153e-01
4.000000000000000000e+00 6.687999999999999501e-01
3.000000000000000000e+00 6.703999999999999959e-01
8.020000000000000000e+02 6.720000000000000417e-01
0.000000000000000000e+00 6.543999999999999817e-01
4.000000000000000000e+00 6.560000000000000275e-01
7.000000000000000000e+00 6.575999999999999623e-01
0.000000000000000000e+00 6.592000000000000082e-01
1.100000000000000000e+01 6.608000000000000540e-01
0.000000000000000000e+00 6.623999999999999888e-01
0.000000000000000000e+00 6.640000000000000346e-01
4.770000000000000000e+02 6.655999999999999694e-01
9.000000000000000000e+00 6.480000000000000204e-01
0.000000000000000000e+00 6.495999999999999552e-01
3.000000000000000000e+00 6.512000000000000011e-01
1.960000000000000000e+02 6.528000000000000469e-01
2.300000000000000000e+01 6.480000000000000204e-01
5.800000000000000000e+01 6.463999999999999746e-01
1.000000000000000000e+00 6.480000000000000204e-01
1.300000000000000000e+01 6.495999999999999552e-01
3.000000000000000000e+00 6.512000000000000011e-01
0.000000000000000000e+00 6.528000000000000469e-01
0.000000000000000000e+00 6.543999999999999817e-01
1.150000000000000000e+02 6.560000000000000275e-01
3.000000000000000000e+00 6.575999999999999623e-01
3.000000000000000000e+00 6.592000000000000082e-01
6.500000000000000000e+01 6.608000000000000540e-01
5.900000000000000000e+01 6.623999999999999888e-01
4.000000000000000000e+00 6.608000000000000540e-01
1.500000000000000000e+01 6.623999999999999888e-01
0.000000000000000000e+00 6.640000000000000346e-01
1.530000000000000000e+02 6.655999999999999694e-01
1.000000000000000000e+00 6.623999999999999888e-01
1.500000000000000000e+01 6.640000000000000346e-01
2.000000000000000000e+00 6.608000000000000540e-01
0.000000000000000000e+00 6.623999999999999888e-01
2.400000000000000000e+01 6.640000000000000346e-01
0.000000000000000000e+00 6.608000000000000540e-01
1.400000000000000000e+01 6.623999999999999888e-01
5.000000000000000000e+00 6.608000000000000540e-01
0.000000000000000000e+00 6.608000000000000540e-01
3.000000000000000000e+00 6.623999999999999888e-01
2.000000000000000000e+00 6.623999999999999888e-01
3.000000000000000000e+01 6.640000000000000346e-01
0.000000000000000000e+00 6.655999999999999694e-01
1.100000000000000000e+01 6.672000000000000153e-01
0.000000000000000000e+00 6.687999999999999501e-01
9.400000000000000000e+01 6.703999999999999959e-01
0.000000000000000000e+00 6.703999999999999959e-01
0.000000000000000000e+00 6.720000000000000417e-01
0.000000000000000000e+00 6.735999999999999766e-01
0.000000000000000000e+00 6.752000000000000224e-01
1.600000000000000000e+01 6.767999999999999572e-01
0.000000000000000000e+00 6.784000000000000030e-01
0.000000000000000000e+00 6.800000000000000488e-01
0.000000000000000000e+00 6.815999999999999837e-01
0.000000000000000000e+00 6.832000000000000295e-01
6.980000000000000000e+02 6.847999999999999643e-01
1.880000000000000000e+02 6.767999999999999572e-01
2.700000000000000000e+01 6.735999999999999766e-01
6.000000000000000000e+00 6.752000000000000224e-01
1.300000000000000000e+01 6.767999999999999572e-01
4.400000000000000000e+01 6.784000000000000030e-01
5.010000000000000000e+02 6.800000000000000488e-01
3.000000000000000000e+00 6.672000000000000153e-01
1.000000000000000000e+00 6.687999999999999501e-01
4.700000000000000000e+01 6.703999999999999959e-01
4.800000000000000000e+01 6.720000000000000417e-01
8.100000000000000000e+01 6.608000000000000540e-01
0.000000000000000000e+00 6.623999999999999888e-01
7.000000000000000000e+00 6.640000000000000346e-01
1.030000000000000000e+02 6.623999999999999888e-01
2.000000000000000000e+00 6.608000000000000540e-01
0.000000000000000000e+00 6.623999999999999888e-01
0.000000000000000000e+00 6.640000000000000346e-01
1.000000000000000000e+00 6.655999999999999694e-01
0.000000000000000000e+00 6.655999999999999694e-01
3.800000000000000000e+01 6.672000000000000153e-01
0.000000000000000000e+00 6.687999999999999501e-01
3.100000000000000000e+01 6.703999999999999959e-01
1.500000000000000000e+01 6.720000000000000417e-01
0.000000000000000000e+00 6.735999999999999766e-01
0.000000000000000000e+00 6.752000000000000224e-01
2.300000000000000000e+01 6.767999999999999572e-01
3.000000000000000000e+00 6.767999999999999572e-01
6.030000000000000000e+02 6.784000000000000030e-01
3.000000000000000000e+00 6.703999999999999959e-01
0.000000000000000000e+00 6.720000000000000417e-01
0.000000000000000000e+00 6.735999999999999766e-01
0.000000000000000000e+00 6.752000000000000224e-01
5.000000000000000000e+01 6.767999999999999572e-01
2.000000000000000000e+00 6.767999999999999572e-01
2.000000000000000000e+00 6.767999999999999572e-01
0.000000000000000000e+00 6.784000000000000030e-01
1.000000000000000000e+00 6.800000000000000488e-01
2.200000000000000000e+01 6.815999999999999837e-01
0.000000000000000000e+00 6.832000000000000295e-01
2.700000000000000000e+01 6.847999999999999643e-01
2.000000000000000000e+00 6.864000000000000101e-01
1.400000000000000000e+01 6.864000000000000101e-01
5.770000000000000000e+02 6.879999999999999449e-01
7.000000000000000000e+00 6.703999999999999959e-01
0.000000000000000000e+00 6.672000000000000153e-01
3.000000000000000000e+00 6.687999999999999501e-01
3.000000000000000000e+01 6.687999999999999501e-01
1.000000000000000000e+01 6.703999999999999959e-01
0.000000000000000000e+00 6.703999999999999959e-01
0.000000000000000000e+00 6.720000000000000417e-01
0.000000000000000000e+00 6.735999999999999766e-01
0.000000000000000000e+00 6.752000000000000224e-01
8.000000000000000000e+00 6.767999999999999572e-01
0.000000000000000000e+00 6.784000000000000030e-01
3.940000000000000000e+02 6.800000000000000488e-01
0.000000000000000000e+00 6.720000000000000417e-01
4.000000000000000000e+00 6.735999999999999766e-01
2.190000000000000000e+02 6.735999999999999766e-01
4.500000000000000000e+01 6.672000000000000153e-01
5.700000000000000000e+01 6.672000000000000153e-01
1.300000000000000000e+01 6.687999999999999501e-01
0.000000000000000000e+00 6.703999999999999959e-01
0.000000000000000000e+00 6.720000000000000417e-01
2.700000000000000000e+01 6.735999999999999766e-01
1.600000000000000000e+01 6.735999999999999766e-01
0.000000000000000000e+00 6.735999999999999766e-01
2.000000000000000000e+00 6.752000000000000224e-01
1.000000000000000000e+00 6.767999999999999572e-01
0.000000000000000000e+00 6.784000000000000030e-01
4.000000000000000000e+00 6.800000000000000488e-01
5.200000000000000000e+01 6.815999999999999837e-01
4.000000000000000000e+00 6.832000000000000295e-01
0.000000000000000000e+00 6.847999999999999643e-01
0.000000000000000000e+00 6.864000000000000101e-01
4.000000000000000000e+00 6.879999999999999449e-01
0.000000000000000000e+00 6.895999999999999908e-01
4.000000000000000000e+00 6.912000000000000366e-01
2.000000000000000000e+00 6.927999999999999714e-01
3.000000000000000000e+01 6.944000000000000172e-01
1.000000000000000000e+00 6.959999999999999520e-01
2.800000000000000000e+01 6.975999999999999979e-01
7.000000000000000000e+00 6.992000000000000437e-01
7.000000000000000000e+00 6.992000000000000437e-01
0.000000000000000000e+00 7.007999999999999785e-01
0.000000000000000000e+00 7.024000000000000243e-01
4.000000000000000000e+00 7.039999999999999591e-01
0.000000000000000000e+00 7.056000000000000050e-01
1.120000000000000000e+02 7.072000000000000508e-01
2.000000000000000000e+00 7.007999999999999785e-01
7.000000000000000000e+00 7.007999999999999785e-01
1.000000000000000000e+00 7.024000000000000243e-01
1.880000000000000000e+02 7.039999999999999591e-01
2.650000000000000000e+02 7.056000000000000050e-01
4.400000000000000000e+01 7.056000000000000050e-01
1.430000000000000000e+02 6.992000000000000437e-01
0.000000000000000000e+00 6.992000000000000437e-01
1.170000000000000000e+02 7.007999999999999785e-01
0.000000000000000000e+00 6.992000000000000437e-01
1.600000000000000000e+01 7.007999999999999785e-01
1.550000000000000000e+02 7.024000000000000243e-01
2.500000000000000000e+01 7.039999999999999591e-01
3.700000000000000000e+01 7.007999999999999785e-01
0.000000000000000000e+00 6.975999999999999979e-01
0.000000000000000000e+00 6.992000000000000437e-01
9.500000000000000000e+01 7.007999999999999785e-01
6.000000000000000000e+00 6.975999999999999979e-01
0.000000000000000000e+00 6.992000000000000437e-01
1.000000000000000000e+00 7.007999999999999785e-01
7.000000000000000000e+00 7.024000000000000243e-01
0.000000000000000000e+00 7.039999999999999591e-01
0.000000000000000000e+00 7.056000000000000050e-01
1.630000000000000000e+02 7.072000000000000508e-01
1.248000000000000000e+03 7.024000000000000243e-01
0.000000000000000000e+00 6.832000000000000295e-01
2.370000000000000000e+02 6.847999999999999643e-01
0.000000000000000000e+00 6.800000000000000488e-01
1.000000000000000000e+00 6.815999999999999837e-01
8.000000000000000000e+00 6.832000000000000295e-01
3.200000000000000000e+01 6.832000000000000295e-01
0.000000000000000000e+00 6.847999999999999643e-01
4.000000000000000000e+00 6.864000000000000101e-01
5.200000000000000000e+01 6.879999999999999449e-01
3.000000000000000000e+00 6.879999999999999449e-01
3.000000000000000000e+00 6.847999999999999643e-01
2.000000000000000000e+00 6.864000000000000101e-01
5.300000000000000000e+01 6.879999999999999449e-01
0.000000000000000000e+00 6.895999999999999908e-01
1.000000000000000000e+00 6.912000000000000366e-01
0.000000000000000000e+00 6.927999999999999714e-01
3.820000000000000000e+02 6.944000000000000172e-01
3.000000000000000000e+00 6.912000000000000366e-01
9.900000000000000000e+01 6.879999999999999449e-01
3.100000000000000000e+01 6.895999999999999908e-01
0.000000000000000000e+00 6.912000000000000366e-01
6.610000000000000000e+02 6.927999999999999714e-01
1.550000000000000000e+02 6.687999999999999501e-01
1.900000000000000000e+01 6.672000000000000153e-01
3.000000000000000000e+00 6.672000000000000153e-01
0.000000000000000000e+00 6.687999999999999501e-01
2.000000000000000000e+00 6.703999999999999959e-01
0.000000000000000000e+00 6.672000000000000153e-01
0.000000000000000000e+00 6.687999999999999501e-01
1.000000000000000000e+00 6.703999999999999959e-01
0.000000000000000000e+00 6.720000000000000417e-01
3.100000000000000000e+01 6.735999999999999766e-01
1.000000000000000000e+01 6.720000000000000417e-01
1.130000000000000000e+02 6.735999999999999766e-01
6.250000000000000000e+02 6.672000000000000153e-01
9.100000000000000000e+01 6.655999999999999694e-01
1.950000000000000000e+02 6.640000000000000346e-01
0.000000000000000000e+00 6.655999999999999694e-01
7.000000000000000000e+00 6.672000000000000153e-01
3.900000000000000000e+01 6.687999999999999501e-01
2.200000000000000000e+01 6.703999999999999959e-01
0.000000000000000000e+00 6.687999999999999501e-01
0.000000000000000000e+00 6.703999999999999959e-01
4.000000000000000000e+00 6.720000000000000417e-01
0.000000000000000000e+00 6.735999999999999766e-01
5.900000000000000000e+01 6.752000000000000224e-01
1.000000000000000000e+00 6.767999999999999572e-01
8.100000000000000000e+01 6.784000000000000030e-01
0.000000000000000000e+00 6.800000000000000488e-01
6.000000000000000000e+00 6.815999999999999837e-01
0.000000000000000000e+00 6.832000000000000295e-01
1.800000000000000000e+01 6.847999999999999643e-01
6.010000000000000000e+02 6.864000000000000101e-01
2.700000000000000000e+01 6.879999999999999449e-01
1.000000000000000000e+00 6.895999999999999908e-01
1.700000000000000000e+01 6.912000000000000366e-01
2.000000000000000000e+00 6.927999999999999714e-01
0.000000000000000000e+00 6.944000000000000172e-01
0.000000000000000000e+00 6.959999999999999520e-01
0.000000000000000000e+00 6.975999999999999979e-01
5.810000000000000000e+02 6.992000000000000437e-01
5.500000000000000000e+01 6.975999999999999979e-01
9.000000000000000000e+00 6.992000000000000437e-01
5.700000000000000000e+01 7.007999999999999785e-01
0.000000000000000000e+00 7.007999999999999785e-01
6.000000000000000000e+00 7.024000000000000243e-01
5.000000000000000000e+00 7.039999999999999591e-01
9.300000000000000000e+01 7.056000000000000050e-01
0.000000000000000000e+00 7.024000000000000243e-01
2.500000000000000000e+01 7.039999999999999591e-01
4.000000000000000000e+00 7.007999999999999785e-01
1.630000000000000000e+02 7.024000000000000243e-01
3.000000000000000000e+00 7.039999999999999591e-01
2.000000000000000000e+01 7.056000000000000050e-01
4.000000000000000000e+00 7.072000000000000508e-01
0.000000000000000000e+00 7.072000000000000508e-01
1.000000000000000000e+00 7.087999999999999856e-01
4.000000000000000000e+00 7.072000000000000508e-01
2.200000000000000000e+01 7.087999999999999856e-01
1.000000000000000000e+00 7.104000000000000314e-01
0.000000000000000000e+00 7.119999999999999662e-01
0.000000000000000000e+00 7.136000000000000121e-01
6.000000000000000000e+00 7.151999999999999469e-01
5.000000000000000000e+00 7.167999999999999927e-01
1.000000000000000000e+00 7.184000000000000385e-01
4.000000000000000000e+01 7.199999999999999734e-01
1.802000000000000000e+03 7.216000000000000192e-01
1.720000000000000000e+02 6.720000000000000417e-01
6.700000000000000000e+01 6.655999999999999694e-01
0.000000000000000000e+00 6.623999999999999888e-01
9.500000000000000000e+01 6.640000000000000346e-01
1.300000000000000000e+01 6.640000000000000346e-01
1.000000000000000000e+00 6.655999999999999694e-01
3.520000000000000000e+02 6.672000000000000153e-01
1.200000000000000000e+01 6.560000000000000275e-01
1.250000000000000000e+02 6.575999999999999623e-01
4.670000000000000000e+02 6.592000000000000082e-01
0.000000000000000000e+00 6.560000000000000275e-01
1.300000000000000000e+01 6.575999999999999623e-01
0.000000000000000000e+00 6.592000000000000082e-01
5.500000000000000000e+01 6.608000000000000540e-01
3.000000000000000000e+00 6.623999999999999888e-01
0.000000000000000000e+00 6.640000000000000346e-01
0.000000000000000000e+00 6.655999999999999694e-01
0.000000000000000000e+00 6.672000000000000153e-01
2.200000000000000000e+01 6.687999999999999501e-01
0.000000000000000000e+00 6.703999999999999959e-01
8.600000000000000000e+01 6.720000000000000417e-01
4.100000000000000000e+01 6.655999999999999694e-01
0.000000000000000000e+00 6.672000000000000153e-01
1.880000000000000000e+02 6.687999999999999501e-01
1.000000000000000000e+00 6.623999999999999888e-01
1.000000000000000000e+00 6.640000000000000346e-01
6.000000000000000000e+00 6.655999999999999694e-01
7.300000000000000000e+01 6.655999999999999694e-01
6.200000000000000000e+01 6.672000000000000153e-01
1.400000000000000000e+01 6.623999999999999888e-01
0.000000000000000000e+00 6.608000000000000540e-01
1.000000000000000000e+00 6.623999999999999888e-01
1.700000000000000000e+01 6.640000000000000346e-01
0.000000000000000000e+00 6.623999999999999888e-01
2.000000000000000000e+00 6.640000000000000346e-01
0.000000000000000000e+00 6.640000000000000346e-01
4.000000000000000000e+00 6.655999999999999694e-01
6.000000000000000000e+00 6.672000000000000153e-01
1.000000000000000000e+00 6.687999999999999501e-01
1.920000000000000000e+02 6.703999999999999959e-01
0.000000000000000000e+00 6.720000000000000417e-01
0.000000000000000000e+00 6.735999999999999766e-01
5.600000000000000000e+01 6.752000000000000224e-01
2.000000000000000000e+00 6.720000000000000417e-01
0.000000000000000000e+00 6.735999999999999766e-01
2.900000000000000000e+01 6.752000000000000224e-01
2.000000000000000000e+00 6.767999999999999572e-01
4.000000000000000000e+00 6.784000000000000030e-01
0.000000000000000000e+00 6.800000000000000488e-01
4.000000000000000000e+00 6.815999999999999837e-01
0.000000000000000000e+00 6.815999999999999837e-01
4.000000000000000000e+00 6.832000000000000295e-01
0.000000000000000000e+00 6.847999999999999643e-01
1.000000000000000000e+00 6.864000000000000101e-01
0.000000000000000000e+00 6.847999999999999643e-01
4.400000000000000000e+01 6.864000000000000101e-01
0.000000000000000000e+00 6.879999999999999449e-01
0.000000000000000000e+00 6.895999999999999908e-01
0.000000000000000000e+00 6.912000000000000366e-01
2.000000000000000000e+00 6.927999999999999714e-01
1.070000000000000000e+02 6.944000000000000172e-01
4.000000000000000000e+00 6.959999999999999520e-01
9.000000000000000000e+00 6.975999999999999979e-01
3.000000000000000000e+00 6.992000000000000437e-01
1.000000000000000000e+00 7.007999999999999785e-01
1.700000000000000000e+01 7.007999999999999785e-01
0.000000000000000000e+00 7.024000000000000243e-01
6.000000000000000000e+00 7.039999999999999591e-01
0.000000000000000000e+00 7.056000000000000050e-01
0.000000000000000000e+00 7.072000000000000508e-01
0.000000000000000000e+00 7.087999999999999856e-01
6.300000000000000000e+01 7.104000000000000314e-01
1.171000000000000000e+03 7.104000000000000314e-01
1.000000000000000000e+00 6.815999999999999837e-01
1.200000000000000000e+01 6.800000000000000488e-01
2.990000000000000000e+02 6.784000000000000030e-01
0.000000000000000000e+00 6.800000000000000488e-01
2.000000000000000000e+00 6.815999999999999837e-01
1.000000000000000000e+00 6.815999999999999837e-01
0.000000000000000000e+00 6.832000000000000295e-01
0.000000000000000000e+00 6.847999999999999643e-01
7.000000000000000000e+00 6.864000000000000101e-01
0.000000000000000000e+00 6.847999999999999643e-01
0.000000000000000000e+00 6.864000000000000101e-01
2.180000000000000000e+02 6.879999999999999449e-01
2.000000000000000000e+00 6.832000000000000295e-01
2.200000000000000000e+01 6.847999999999999643e-01
2.300000000000000000e+01 6.815999999999999837e-01
1.100000000000000000e+01 6.832000000000000295e-01
1.220000000000000000e+02 6.847999999999999643e-01
0.000000000000000000e+00 6.832000000000000295e-01
0.000000000000000000e+00 6.847999999999999643e-01
0.000000000000000000e+00 6.864000000000000101e-01
7.000000000000000000e+00 6.879999999999999449e-01
1.700000000000000000e+01 6.895999999999999908e-01
1.400000000000000000e+01 6.912000000000000366e-01
1.170000000000000000e+02 6.927999999999999714e-01
5.490000000000000000e+02 6.912000000000000366e-01
4.000000000000000000e+00 6.895999999999999908e-01
0.000000000000000000e+00 6.912000000000000366e-01
0.000000000000000000e+00 6.927999999999999714e-01
1.360000000000000000e+02 6.944000000000000172e-01
5.000000000000000000e+00 6.944000000000000172e-01
1.000000000000000000e+00 6.959999999999999520e-01
4.800000000000000000e+01 6.959999999999999520e-01
7.400000000000000000e+01 6.895999999999999908e-01
9.000000000000000000e+00 6.879999999999999449e-01
4.300000000000000000e+01 6.895999999999999908e-01
6.000000000000000000e+00 6.847999999999999643e-01
7.000000000000000000e+00 6.864000000000000101e-01
0.000000000000000000e+00 6.847999999999999643e-01
0.000000000000000000e+00 6.864000000000000101e-01
1.000000000000000000e+00 6.879999999999999449e-01
4.000000000000000000e+00 6.864000000000000101e-01
0.000000000000000000e+00 6.847999999999999643e-01
0.000000000000000000e+00 6.864000000000000101e-01
1.940000000000000000e+02 6.879999999999999449e-01
0.000000000000000000e+00 6.879999999999999449e-01
1.900000000000000000e+01 6.895999999999999908e-01
0.000000000000000000e+00 6.879999999999999449e-01
0.000000000000000000e+00 6.895999999999999908e-01
2.440000000000000000e+02 6.912000000000000366e-01
5.000000000000000000e+00 6.815999999999999837e-01
1.420000000000000000e+02 6.815999999999999837e-01
3.140000000000000000e+02 6.832000000000000295e-01
7.000000000000000000e+00 6.720000000000000417e-01
7.400000000000000000e+01 6.735999999999999766e-01
9.300000000000000000e+01 6.735999999999999766e-01
6.800000000000000000e+01 6.752000000000000224e-01
0.000000000000000000e+00 6.767999999999999572e-01
0.000000000000000000e+00 6.784000000000000030e-01
6.000000000000000000e+00 6.800000000000000488e-01
0.000000000000000000e+00 6.815999999999999837e-01
0.000000000000000000e+00 6.832000000000000295e-01
4.100000000000000000e+01 6.847999999999999643e-01
2.000000000000000000e+00 6.815999999999999837e-01
1.800000000000000000e+01 6.832000000000000295e-01
1.300000000000000000e+01 6.815999999999999837e-01
6.000000000000000000e+00 6.832000000000000295e-01
1.300000000000000000e+01 6.832000000000000295e-01
1.000000000000000000e+01 6.847999999999999643e-01
0.000000000000000000e+00 6.864000000000000101e-01
1.200000000000000000e+01 6.879999999999999449e-01
5.000000000000000000e+00 6.879999999999999449e-01
1.570000000000000000e+02 6.895999999999999908e-01
2.000000000000000000e+00 6.895999999999999908e-01
2.300000000000000000e+01 6.912000000000000366e-01
0.000000000000000000e+00 6.895999999999999908e-01
1.000000000000000000e+00 6.912000000000000366e-01
5.200000000000000000e+01 6.927999999999999714e-01
2.440000000000000000e+02 6.944000000000000172e-01
0.000000000000000000e+00 6.927999999999999714e-01
4.000000000000000000e+00 6.944000000000000172e-01
1.770000000000000000e+02 6.959999999999999520e-01
7.100000000000000000e+01 6.912000000000000366e-01
9.600000000000000000e+01 6.815999999999999837e-01
0.000000000000000000e+00 6.832000000000000295e-01
7.800000000000000000e+01 6.847999999999999643e-01
6.000000000000000000e+01 6.800000000000000488e-01
5.200000000000000000e+01 6.815999999999999837e-01
0.000000000000000000e+00 6.815999999999999837e-01
3.000000000000000000e+00 6.832000000000000295e-01
3.000000000000000000e+00 6.832000000000000295e-01
4.200000000000000000e+01 6.847999999999999643e-01
0.000000000000000000e+00 6.864000000000000101e-01
0.000000000000000000e+00 6.879999999999999449e-01
2.800000000000000000e+01 6.895999999999999908e-01
0.000000000000000000e+00 6.912000000000000366e-01
0.000000000000000000e+00 6.927999999999999714e-01
1.100000000000000000e+01 6.944000000000000172e-01
5.500000000000000000e+01 6.959999999999999520e-01
0.000000000000000000e+00 6.975999999999999979e-01
2.900000000000000000e+02 6.992000000000000437e-01
2.000000000000000000e+00 6.975999999999999979e-01
0.000000000000000000e+00 6.992000000000000437e-01
8.000000000000000000e+00 7.007999999999999785e-01
1.600000000000000000e+01 7.024000000000000243e-01
5.000000000000000000e+00 7.039999999999999591e-01
1.720000000000000000e+02 7.056000000000000050e-01
0.000000000000000000e+00 6.975999999999999979e-01
6.000000000000000000e+00 6.992000000000000437e-01
2.000000000000000000e+00 7.007999999999999785e-01
1.000000000000000000e+00 7.024000000000000243e-01
0.000000000000000000e+00 7.039999999999999591e-01
1.760000000000000000e+02 7.056000000000000050e-01
1.000000000000000000e+00 7.024000000000000243e-01
4.000000000000000000e+00 7.039999999999999591e-01
1.000000000000000000e+00 7.056000000000000050e-01
0.000000000000000000e+00 7.056000000000000050e-01
0.000000000000000000e+00 7.072000000000000508e-01
0.000000000000000000e+00 7.087999999999999856e-01
0.000000000000000000e+00 7.104000000000000314e-01
0.000000000000000000e+00 7.119999999999999662e-01
2.200000000000000000e+01 7.136000000000000121e-01
0.000000000000000000e+00 7.104000000000000314e-01
1.200000000000000000e+01 7.119999999999999662e-01
2.500000000000000000e+01 7.136000000000000121e-01
5.000000000000000000e+01 7.151999999999999469e-01
2.000000000000000000e+00 7.167999999999999927e-01
0.000000000000000000e+00 7.184000000000000385e-01
6.000000000000000000e+00 7.199999999999999734e-01
5.000000000000000000e+00 7.216000000000000192e-01
1.470000000000000000e+03 7.199999999999999734e-01
0.000000000000000000e+00 6.784000000000000030e-01
3.000000000000000000e+00 6.800000000000000488e-01
6.300000000000000000e+01 6.815999999999999837e-01
4.000000000000000000e+00 6.784000000000000030e-01
7.000000000000000000e+00 6.767999999999999572e-01
0.000000000000000000e+00 6.720000000000000417e-01
0.000000000000000000e+00 6.735999999999999766e-01
6.000000000000000000e+01 6.752000000000000224e-01
2.000000000000000000e+00 6.767999999999999572e-01
0.000000000000000000e+00 6.784000000000000030e-01
1.500000000000000000e+01 6.800000000000000488e-01
0.000000000000000000e+00 6.752000000000000224e-01
1.000000000000000000e+00 6.767999999999999572e-01
2.000000000000000000e+00 6.784000000000000030e-01
0.000000000000000000e+00 6.800000000000000488e-01
5.410000000000000000e+02 6.815999999999999837e-01
1.200000000000000000e+01 6.655999999999999694e-01
4.000000000000000000e+00 6.672000000000000153e-01
9.000000000000000000e+00 6.687999999999999501e-01
1.000000000000000000e+01 6.703999999999999959e-01
6.000000000000000000e+01 6.703999999999999959e-01
1.000000000000000000e+00 6.720000000000000417e-01
5.200000000000000000e+01 6.735999999999999766e-01
6.550000000000000000e+02 6.735999999999999766e-01
3.000000000000000000e+00 6.640000000000000346e-01
0.000000000000000000e+00 6.640000000000000346e-01
1.400000000000000000e+01 6.655999999999999694e-01
3.400000000000000000e+01 6.655999999999999694e-01
0.000000000000000000e+00 6.672000000000000153e-01
3.900000000000000000e+01 6.687999999999999501e-01
1.000000000000000000e+00 6.703999999999999959e-01
5.000000000000000000e+00 6.720000000000000417e-01
9.000000000000000000e+00 6.735999999999999766e-01
9.710000000000000000e+02 6.720000000000000417e-01
5.000000000000000000e+00 6.592000000000000082e-01
2.000000000000000000e+00 6.608000000000000540e-01
0.000000000000000000e+00 6.623999999999999888e-01
0.000000000000000000e+00 6.640000000000000346e-01
0.000000000000000000e+00 6.655999999999999694e-01
0.000000000000000000e+00 6.672000000000000153e-01
2.000000000000000000e+00 6.687999999999999501e-01
1.130000000000000000e+02 6.703999999999999959e-01
0.000000000000000000e+00 6.640000000000000346e-01
0.000000000000000000e+00 6.655999999999999694e-01
0.000000000000000000e+00 6.672000000000000153e-01
4.000000000000000000e+00 6.687999999999999501e-01
1.000000000000000000e+00 6.703999999999999959e-01
0.000000000000000000e+00 6.720000000000000417e-01
3.000000000000000000e+00 6.735999999999999766e-01
0.000000000000000000e+00 6.752000000000000224e-01
1.060000000000000000e+02 6.767999999999999572e-01
0.000000000000000000e+00 6.720000000000000417e-01
1.000000000000000000e+00 6.735999999999999766e-01
4.000000000000000000e+00 6.752000000000000224e-01
0.000000000000000000e+00 6.752000000000000224e-01
7.700000000000000000e+01 6.767999999999999572e-01
1.090000000000000000e+02 6.735999999999999766e-01
9.300000000000000000e+01 6.752000000000000224e-01
1.470000000000000000e+02 6.767999999999999572e-01
2.000000000000000000e+00 6.720000000000000417e-01
2.290000000000000000e+02 6.735999999999999766e-01
0.000000000000000000e+00 6.735999999999999766e-01
4.000000000000000000e+00 6.752000000000000224e-01
3.800000000000000000e+01 6.735999999999999766e-01
1.400000000000000000e+01 6.752000000000000224e-01
6.000000000000000000e+00 6.767999999999999572e-01
1.000000000000000000e+01 6.767999999999999572e-01
0.000000000000000000e+00 6.784000000000000030e-01
0.000000000000000000e+00 6.800000000000000488e-01
0.000000000000000000e+00 6.815999999999999837e-01
8.250000000000000000e+02 6.832000000000000295e-01
0.000000000000000000e+00 6.575999999999999623e-01
3.700000000000000000e+01 6.592000000000000082e-01
0.000000000000000000e+00 6.608000000000000540e-01
0.000000000000000000e+00 6.623999999999999888e-01
1.000000000000000000e+00 6.640000000000000346e-01
0.000000000000000000e+00 6.640000000000000346e-01
1.240000000000000000e+02 6.655999999999999694e-01
0.000000000000000000e+00 6.560000000000000275e-01
2.000000000000000000e+00 6.575999999999999623e-01
3.000000000000000000e+00 6.575999999999999623e-01
0.000000000000000000e+00 6.592000000000000082e-01
8.500000000000000000e+01 6.608000000000000540e-01
1.600000000000000000e+01 6.592000000000000082e-01
0.000000000000000000e+00 6.592000000000000082e-01
1.000000000000000000e+00 6.608000000000000540e-01
0.000000000000000000e+00 6.623999999999999888e-01
1.000000000000000000e+00 6.640000000000000346e-01
1.840000000000000000e+02 6.623999999999999888e-01
1.600000000000000000e+02 6.640000000000000346e-01
2.000000000000000000e+00 6.608000000000000540e-01
3.000000000000000000e+00 6.592000000000000082e-01
2.600000000000000000e+01 6.608000000000000540e-01
0.000000000000000000e+00 6.592000000000000082e-01
0.000000000000000000e+00 6.608000000000000540e-01
0.000000000000000000e+00 6.623999999999999888e-01
1.000000000000000000e+00 6.640000000000000346e-01
4.540000000000000000e+02 6.655999999999999694e-01
9.000000000000000000e+00 6.640000000000000346e-01
0.000000000000000000e+00 6.623999999999999888e-01
2.000000000000000000e+00 6.640000000000000346e-01
5.600000000000000000e+01 6.640000000000000346e-01
0.000000000000000000e+00 6.655999999999999694e-01
4.100000000000000000e+01 6.672000000000000153e-01
0.000000000000000000e+00 6.623999999999999888e-01
8.000000000000000000e+00 6.640000000000000346e-01
3.970000000000000000e+02 6.655999999999999694e-01
2.000000000000000000e+00 6.608000000000000540e-01
0.000000000000000000e+00 6.608000000000000540e-01
1.000000000000000000e+00 6.623999999999999888e-01
1.000000000000000000e+00 6.623999999999999888e-01
1.000000000000000000e+00 6.640000000000000346e-01
6.000000000000000000e+00 6.655999999999999694e-01
4.000000000000000000e+00 6.672000000000000153e-01
3.700000000000000000e+01 6.687999999999999501e-01
1.100000000000000000e+01 6.703999999999999959e-01
8.500000000000000000e+01 6.720000000000000417e-01
0.000000000000000000e+00 6.720000000000000417e-01
8.000000000000000000e+00 6.735999999999999766e-01
3.000000000000000000e+00 6.752000000000000224e-01
2.000000000000000000e+00 6.767999999999999572e-01
0.000000000000000000e+00 6.784000000000000030e-01
0.000000000000000000e+00 6.800000000000000488e-01
0.000000000000000000e+00 6.815999999999999837e-01
0.000000000000000000e+00 6.832000000000000295e-01
5.500000000000000000e+01 6.847999999999999643e-01
0.000000000000000000e+00 6.847999999999999643e-01
0.000000000000000000e+00 6.864000000000000101e-01
0.000000000000000000e+00 6.879999999999999449e-01
3.400000000000000000e+01 6.895999999999999908e-01
0.000000000000000000e+00 6.832000000000000295e-01
8.000000000000000000e+00 6.847999999999999643e-01
0.000000000000000000e+00 6.847999999999999643e-01
6.810000000000000000e+02 6.864000000000000101e-01
1.100000000000000000e+01 6.672000000000000153e-01
0.000000000000000000e+00 6.687999999999999501e-01
2.730000000000000000e+02 6.703999999999999959e-01
4.000000000000000000e+00 6.640000000000000346e-01
1.000000000000000000e+00 6.640000000000000346e-01
1.000000000000000000e+00 6.655999999999999694e-01
1.000000000000000000e+00 6.672000000000000153e-01
1.100000000000000000e+01 6.655999999999999694e-01
0.000000000000000000e+00 6.672000000000000153e-01
7.400000000000000000e+01 6.687999999999999501e-01
5.000000000000000000e+00 6.703999999999999959e-01
5.000000000000000000e+00 6.720000000000000417e-01
4.450000000000000000e+02 6.672000000000000153e-01
8.700000000000000000e+01 6.608000000000000540e-01
0.000000000000000000e+00 6.608000000000000540e-01
1.300000000000000000e+01 6.623999999999999888e-01
0.000000000000000000e+00 6.640000000000000346e-01
1.900000000000000000e+01 6.655999999999999694e-01
6.000000000000000000e+00 6.672000000000000153e-01
7.000000000000000000e+00 6.687999999999999501e-01
1.000000000000000000e+00 6.672000000000000153e-01
1.110000000000000000e+02 6.655999999999999694e-01
0.000000000000000000e+00 6.640000000000000346e-01
0.000000000000000000e+00 6.655999999999999694e-01
1.000000000000000000e+00 6.672000000000000153e-01
1.000000000000000000e+00 6.672000000000000153e-01
8.610000000000000000e+02 6.672000000000000153e-01
0.000000000000000000e+00 6.400000000000000133e-01
0.000000000000000000e+00 6.415999999999999481e-01
0.000000000000000000e+00 6.431999999999999940e-01
1.000000000000000000e+01 6.448000000000000398e-01
0.000000000000000000e+00 6.383999999999999675e-01
0.000000000000000000e+00 6.400000000000000133e-01
1.000000000000000000e+00 6.415999999999999481e-01
1.000000000000000000e+01 6.431999999999999940e-01
0.000000000000000000e+00 6.448000000000000398e-01
1.580000000000000000e+02 6.463999999999999746e-01
5.000000000000000000e+00 6.463999999999999746e-01
0.000000000000000000e+00 6.480000000000000204e-01
2.000000000000000000e+00 6.495999999999999552e-01
2.900000000000000000e+01 6.512000000000000011e-01
1.000000000000000000e+00 6.512000000000000011e-01
1.220000000000000000e+02 6.528000000000000469e-01
0.000000000000000000e+00 6.480000000000000204e-01
1.000000000000000000e+00 6.495999999999999552e-01
4.770000000000000000e+02 6.495999999999999552e-01
0.000000000000000000e+00 6.463999999999999746e-01
1.900000000000000000e+01 6.480000000000000204e-01
6.000000000000000000e+00 6.495999999999999552e-01
0.000000000000000000e+00 6.512000000000000011e-01
0.000000000000000000e+00 6.528000000000000469e-01
3.000000000000000000e+00 6.543999999999999817e-01
0.000000000000000000e+00 6.543999999999999817e-01
5.000000000000000000e+00 6.560000000000000275e-01
2.000000000000000000e+00 6.543999999999999817e-01
0.000000000000000000e+00 6.560000000000000275e-01
0.000000000000000000e+00 6.575999999999999623e-01
2.000000000000000000e+01 6.592000000000000082e-01
1.400000000000000000e+01 6.560000000000000275e-01
1.800000000000000000e+01 6.560000000000000275e-01
1.200000000000000000e+01 6.575999999999999623e-01
0.000000000000000000e+00 6.592000000000000082e-01
3.600000000000000000e+01 6.608000000000000540e-01
7.000000000000000000e+01 6.623999999999999888e-01
0.000000000000000000e+00 6.575999999999999623e-01
1.000000000000000000e+00 6.592000000000000082e-01
8.000000000000000000e+00 6.608000000000000540e-01
1.400000000000000000e+01 6.592000000000000082e-01
0.000000000000000000e+00 6.608000000000000540e-01
1.400000000000000000e+01 6.623999999999999888e-01
0.000000000000000000e+00 6.575999999999999623e-01
1.000000000000000000e+00 6.592000000000000082e-01
4.000000000000000000e+00 6.608000000000000540e-01
0.000000000000000000e+00 6.623999999999999888e-01
0.000000000000000000e+00 6.640000000000000346e-01
2.000000000000000000e+00 6.655999999999999694e-01
1.190000000000000000e+02 6.672000000000000153e-01
1.000000000000000000e+00 6.687999999999999501e-01
0.000000000000000000e+00 6.703999999999999959e-01
0.000000000000000000e+00 6.720000000000000417e-01
2.500000000000000000e+01 6.735999999999999766e-01
0.000000000000000000e+00 6.735999999999999766e-01
2.600000000000000000e+01 6.752000000000000224e-01
3.000000000000000000e+00 6.752000000000000224e-01
2.400000000000000000e+01 6.767999999999999572e-01
0.000000000000000000e+00 6.784000000000000030e-01
7.000000000000000000e+00 6.800000000000000488e-01
1.100000000000000000e+01 6.815999999999999837e-01
1.020000000000000000e+02 6.832000000000000295e-01
1.700000000000000000e+01 6.847999999999999643e-01
1.000000000000000000e+00 6.864000000000000101e-01
9.900000000000000000e+01 6.847999999999999643e-01
1.700000000000000000e+01 6.864000000000000101e-01
1.000000000000000000e+00 6.879999999999999449e-01
1.000000000000000000e+00 6.879999999999999449e-01
3.000000000000000000e+00 6.895999999999999908e-01
4.000000000000000000e+00 6.912000000000000366e-01
3.000000000000000000e+00 6.912000000000000366e-01
7.600000000000000000e+01 6.927999999999999714e-01
0.000000000000000000e+00 6.895999999999999908e-01
0.000000000000000000e+00 6.912000000000000366e-01
0.000000000000000000e+00 6.927999999999999714e-01
4.000000000000000000e+00 6.944000000000000172e-01
0.000000000000000000e+00 6.944000000000000172e-01
9.700000000000000000e+01 6.959999999999999520e-01
6.100000000000000000e+01 6.975999999999999979e-01
0.000000000000000000e+00 6.912000000000000366e-01
1.000000000000000000e+00 6.927999999999999714e-01
0.000000000000000000e+00 6.944000000000000172e-01
2.030000000000000000e+02 6.959999999999999520e-01
7.000000000000000000e+00 6.912000000000000366e-01
0.000000000000000000e+00 6.927999999999999714e-01
0.000000000000000000e+00 6.944000000000000172e-01
5.000000000000000000e+00 6.959999999999999520e-01
1.400000000000000000e+01 6.959999999999999520e-01
1.600000000000000000e+01 6.975999999999999979e-01
2.000000000000000000e+00 6.959999999999999520e-01
0.000000000000000000e+00 6.975999999999999979e-01
1.200000000000000000e+01 6.992000000000000437e-01
0.000000000000000000e+00 7.007999999999999785e-01
0.000000000000000000e+00 7.024000000000000243e-01
1.000000000000000000e+01 7.039999999999999591e-01
0.000000000000000000e+00 7.056000000000000050e-01
7.950000000000000000e+02 7.072000000000000508e-01
2.070000000000000000e+02 6.832000000000000295e-01
2.190000000000000000e+02 6.784000000000000030e-01
5.000000000000000000e+00 6.672000000000000153e-01
0.000000000000000000e+00 6.672000000000000153e-01
6.000000000000000000e+00 6.687999999999999501e-01
1.240000000000000000e+02 6.687999999999999501e-01
0.000000000000000000e+00 6.608000000000000540e-01
0.000000000000000000e+00 6.623999999999999888e-01
0.000000000000000000e+00 6.640000000000000346e-01
3.130000000000000000e+02 6.655999999999999694e-01
2.290000000000000000e+02 6.672000000000000153e-01
2.100000000000000000e+01 6.655999999999999694e-01
4.800000000000000000e+01 6.672000000000000153e-01
0.000000000000000000e+00 6.687999999999999501e-01
1.500000000000000000e+01 6.703999999999999959e-01
0.000000000000000000e+00 6.687999999999999501e-01
2.000000000000000000e+00 6.703999999999999959e-01
3.300000000000000000e+01 6.703999999999999959e-01
2.200000000000000000e+01 6.720000000000000417e-01
3.000000000000000000e+00 6.687999999999999501e-01
0.000000000000000000e+00 6.703999999999999959e-01
1.000000000000000000e+00 6.720000000000000417e-01
0.000000000000000000e+00 6.735999999999999766e-01
7.000000000000000000e+00 6.752000000000000224e-01
4.000000000000000000e+00 6.767999999999999572e-01
2.720000000000000000e+02 6.784000000000000030e-01
7.800000000000000000e+01 6.720000000000000417e-01
0.000000000000000000e+00 6.735999999999999766e-01
3.000000000000000000e+00 6.752000000000000224e-01
1.000000000000000000e+00 6.735999999999999766e-01
5.000000000000000000e+00 6.735999999999999766e-01
7.930000000000000000e+02 6.703999999999999959e-01
2.400000000000000000e+01 6.608000000000000540e-01
1.700000000000000000e+01 6.623999999999999888e-01
1.000000000000000000e+00 6.640000000000000346e-01
2.660000000000000000e+02 6.655999999999999694e-01
9.000000000000000000e+00 6.655999999999999694e-01
2.400000000000000000e+01 6.640000000000000346e-01
0.000000000000000000e+00 6.608000000000000540e-01
1.000000000000000000e+00 6.623999999999999888e-01
7.000000000000000000e+00 6.608000000000000540e-01
4.000000000000000000e+00 6.623999999999999888e-01
2.800000000000000000e+01 6.640000000000000346e-01
2.000000000000000000e+00 6.655999999999999694e-01
0.000000000000000000e+00 6.672000000000000153e-01
1.000000000000000000e+00 6.687999999999999501e-01
4.000000000000000000e+01 6.703999999999999959e-01
6.620000000000000000e+02 6.720000000000000417e-01
0.000000000000000000e+00 6.608000000000000540e-01
2.000000000000000000e+00 6.623999999999999888e-01
0.000000000000000000e+00 6.640000000000000346e-01
1.000000000000000000e+01 6.655999999999999694e-01
4.000000000000000000e+00 6.672000000000000153e-01
5.600000000000000000e+01 6.687999999999999501e-01
0.000000000000000000e+00 6.703999999999999959e-01
0.000000000000000000e+00 6.720000000000000417e-01
1.800000000000000000e+01 6.735999999999999766e-01
0.000000000000000000e+00 6.735999999999999766e-01
2.000000000000000000e+00 6.752000000000000224e-01
0.000000000000000000e+00 6.752000000000000224e-01
2.800000000000000000e+01 6.767999999999999572e-01
7.000000000000000000e+00 6.784000000000000030e-01
3.000000000000000000e+00 6.767999999999999572e-01
1.100000000000000000e+01 6.784000000000000030e-01
2.000000000000000000e+00 6.752000000000000224e-01
1.000000000000000000e+00 6.767999999999999572e-01
0.000000000000000000e+00 6.752000000000000224e-01
0.000000000000000000e+00 6.767999999999999572e-01
3.140000000000000000e+02 6.784000000000000030e-01
1.400000000000000000e+01 6.640000000000000346e-01
4.000000000000000000e+00 6.655999999999999694e-01
2.000000000000000000e+00 6.672000000000000153e-01
9.000000000000000000e+00 6.655999999999999694e-01
7.000000000000000000e+00 6.672000000000000153e-01
8.000000000000000000e+00 6.687999999999999501e-01
4.000000000000000000e+00 6.703999999999999959e-01
5.980000000000000000e+02 6.720000000000000417e-01
0.000000000000000000e+00 6.592000000000000082e-01
2.000000000000000000e+00 6.608000000000000540e-01
1.700000000000000000e+01 6.623999999999999888e-01
5.900000000000000000e+01 6.608000000000000540e-01
2.520000000000000000e+02 6.623999999999999888e-01
0.000000000000000000e+00 6.592000000000000082e-01
9.400000000000000000e+01 6.608000000000000540e-01
0.000000000000000000e+00 6.623999999999999888e-01
4.300000000000000000e+01 6.640000000000000346e-01
0.000000000000000000e+00 6.655999999999999694e-01
2.900000000000000000e+01 6.672000000000000153e-01
4.340000000000000000e+02 6.687999999999999501e-01
7.200000000000000000e+01 6.592000000000000082e-01
2.300000000000000000e+02 6.575999999999999623e-01
0.000000000000000000e+00 6.592000000000000082e-01
4.000000000000000000e+00 6.608000000000000540e-01
4.000000000000000000e+00 6.608000000000000540e-01
1.000000000000000000e+00 6.623999999999999888e-01
1.320000000000000000e+02 6.640000000000000346e-01
0.000000000000000000e+00 6.655999999999999694e-01
1.600000000000000000e+01 6.672000000000000153e-01
0.000000000000000000e+00 6.672000000000000153e-01
4.000000000000000000e+01 6.687999999999999501e-01
4.800000000000000000e+01 6.655999999999999694e-01
5.000000000000000000e+00 6.672000000000000153e-01
0.000000000000000000e+00 6.687999999999999501e-01
1.020000000000000000e+02 6.703999999999999959e-01
4.800000000000000000e+01 6.720000000000000417e-01
3.300000000000000000e+01 6.720000000000000417e-01
1.100000000000000000e+01 6.720000000000000417e-01
0.000000000000000000e+00 6.735999999999999766e-01
1.070000000000000000e+02 6.752000000000000224e-01
1.380000000000000000e+02 6.735999999999999766e-01
6.000000000000000000e+00 6.687999999999999501e-01
1.000000000000000000e+00 6.703999999999999959e-01
4.000000000000000000e+00 6.720000000000000417e-01
8.000000000000000000e+00 6.735999999999999766e-01
0.000000000000000000e+00 6.752000000000000224e-01
2.600000000000000000e+01 6.767999999999999572e-01
0.000000000000000000e+00 6.735999999999999766e-01
1.000000000000000000e+00 6.752000000000000224e-01
2.000000000000000000e+00 6.735999999999999766e-01
3.720000000000000000e+02 6.752000000000000224e-01
0.000000000000000000e+00 6.703999999999999959e-01
5.000000000000000000e+00 6.720000000000000417e-01
7.000000000000000000e+00 6.735999999999999766e-01
1.000000000000000000e+00 6.752000000000000224e-01
0.000000000000000000e+00 6.752000000000000224e-01
1.500000000000000000e+01 6.767999999999999572e-01
3.100000000000000000e+01 6.784000000000000030e-01
3.000000000000000000e+00 6.720000000000000417e-01
2.000000000000000000e+01 6.735999999999999766e-01
1.370000000000000000e+02 6.720000000000000417e-01
5.000000000000000000e+02 6.672000000000000153e-01
0.000000000000000000e+00 6.592000000000000082e-01
2.000000000000000000e+00 6.608000000000000540e-01
1.500000000000000000e+01 6.623999999999999888e-01
2.000000000000000000e+00 6.640000000000000346e-01
8.400000000000000000e+01 6.655999999999999694e-01
0.000000000000000000e+00 6.623999999999999888e-01
1.580000000000000000e+02 6.640000000000000346e-01
0.000000000000000000e+00 6.655999999999999694e-01
1.600000000000000000e+01 6.672000000000000153e-01
4.000000000000000000e+00 6.687999999999999501e-01
0.000000000000000000e+00 6.703999999999999959e-01
0.000000000000000000e+00 6.720000000000000417e-01
0.000000000000000000e+00 6.735999999999999766e-01
0.000000000000000000e+00 6.752000000000000224e-01
3.000000000000000000e+00 6.767999999999999572e-01
2.300000000000000000e+01 6.784000000000000030e-01
5.000000000000000000e+00 6.767999999999999572e-01
2.600000000000000000e+01 6.767999999999999572e-01
0.000000000000000000e+00 6.752000000000000224e-01
1.000000000000000000e+00 6.767999999999999572e-01
0.000000000000000000e+00 6.767999999999999572e-01
1.800000000000000000e+02 6.784000000000000030e-01
5.000000000000000000e+00 6.767999999999999572e-01
5.660000000000000000e+02 6.767999999999999572e-01
9.000000000000000000e+00 6.720000000000000417e-01
5.000000000000000000e+00 6.720000000000000417e-01
4.000000000000000000e+00 6.735999999999999766e-01
3.000000000000000000e+00 6.720000000000000417e-01
6.000000000000000000e+00 6.687999999999999501e-01
1.100000000000000000e+02 6.672000000000000153e-01
2.520000000000000000e+02 6.687999999999999501e-01
1.170000000000000000e+02 6.703999999999999959e-01
1.700000000000000000e+01 6.720000000000000417e-01
0.000000000000000000e+00 6.703999999999999959e-01
2.000000000000000000e+00 6.720000000000000417e-01
2.000000000000000000e+00 6.720000000000000417e-01
0.000000000000000000e+00 6.735999999999999766e-01
0.000000000000000000e+00 6.752000000000000224e-01
9.800000000000000000e+01 6.767999999999999572e-01
0.000000000000000000e+00 6.784000000000000030e-01
5.100000000000000000e+01 6.800000000000000488e-01
3.000000000000000000e+00 6.815999999999999837e-01
4.000000000000000000e+00 6.815999999999999837e-01
2.000000000000000000e+00 6.832000000000000295e-01
2.660000000000000000e+02 6.847999999999999643e-01
7.300000000000000000e+01 6.767999999999999572e-01
0.000000000000000000e+00 6.784000000000000030e-01
0.000000000000000000e+00 6.800000000000000488e-01
2.590000000000000000e+02 6.815999999999999837e-01
1.000000000000000000e+00 6.672000000000000153e-01
7.000000000000000000e+00 6.687999999999999501e-01
0.000000000000000000e+00 6.672000000000000153e-01
0.000000000000000000e+00 6.687999999999999501e-01
0.000000000000000000e+00 6.703999999999999959e-01
6.270000000000000000e+02 6.720000000000000417e-01
2.000000000000000000e+00 6.703999999999999959e-01
0.000000000000000000e+00 6.720000000000000417e-01
1.300000000000000000e+01 6.735999999999999766e-01
1.000000000000000000e+00 6.720000000000000417e-01
2.000000000000000000e+00 6.720000000000000417e-01
0.000000000000000000e+00 6.735999999999999766e-01
4.000000000000000000e+00 6.752000000000000224e-01
0.000000000000000000e+00 6.767999999999999572e-01
9.000000000000000000e+00 6.784000000000000030e-01
0.000000000000000000e+00 6.784000000000000030e-01
0.000000000000000000e+00 6.800000000000000488e-01
0.000000000000000000e+00 6.815999999999999837e-01
0.000000000000000000e+00 6.832000000000000295e-01
2.800000000000000000e+01 6.847999999999999643e-01
2.000000000000000000e+01 6.847999999999999643e-01
0.000000000000000000e+00 6.864000000000000101e-01
1.000000000000000000e+00 6.879999999999999449e-01
1.060000000000000000e+02 6.895999999999999908e-01
0.000000000000000000e+00 6.847999999999999643e-01
8.800000000000000000e+01 6.864000000000000101e-01
1.800000000000000000e+01 6.864000000000000101e-01
3.800000000000000000e+01 6.879999999999999449e-01
0.000000000000000000e+00 6.847999999999999643e-01
8.000000000000000000e+00 6.864000000000000101e-01
0.000000000000000000e+00 6.864000000000000101e-01
0.000000000000000000e+00 6.879999999999999449e-01
3.000000000000000000e+00 6.895999999999999908e-01
3.000000000000000000e+00 6.912000000000000366e-01
4.000000000000000000e+00 6.927999999999999714e-01
0.000000000000000000e+00 6.944000000000000172e-01
6.100000000000000000e+01 6.959999999999999520e-01
2.300000000000000000e+01 6.912000000000000366e-01
1.190000000000000000e+02 6.912000000000000366e-01
2.000000000000000000e+00 6.895999999999999908e-01
1.100000000000000000e+01 6.912000000000000366e-01
4.000000000000000000e+00 6.879999999999999449e-01
7.000000000000000000e+00 6.879999999999999449e-01
1.100000000000000000e+02 6.879999999999999449e-01
0.000000000000000000e+00 6.864000000000000101e-01
2.000000000000000000e+00 6.879999999999999449e-01
2.160000000000000000e+02 6.895999999999999908e-01
1.860000000000000000e+02 6.912000000000000366e-01
0.000000000000000000e+00 6.879999999999999449e-01
7.100000000000000000e+01 6.895999999999999908e-01
5.000000000000000000e+00 6.912000000000000366e-01
1.420000000000000000e+02 6.927999999999999714e-01
2.000000000000000000e+00 6.944000000000000172e-01
1.000000000000000000e+00 6.959999999999999520e-01
1.300000000000000000e+01 6.944000000000000172e-01
3.000000000000000000e+00 6.959999999999999520e-01
1.300000000000000000e+01 6.975999999999999979e-01
0.000000000000000000e+00 6.992000000000000437e-01
5.000000000000000000e+00 7.007999999999999785e-01
6.000000000000000000e+00 7.024000000000000243e-01
6.200000000000000000e+01 7.039999999999999591e-01
1.785000000000000000e+03 7.056000000000000050e-01
1.100000000000000000e+02 6.560000000000000275e-01
7.700000000000000000e+01 6.448000000000000398e-01
1.900000000000000000e+01 6.431999999999999940e-01
0.000000000000000000e+00 6.431999999999999940e-01
5.000000000000000000e+00 6.448000000000000398e-01
2.000000000000000000e+00 6.415999999999999481e-01
0.000000000000000000e+00 6.431999999999999940e-01
0.000000000000000000e+00 6.448000000000000398e-01
2.000000000000000000e+00 6.463999999999999746e-01
0.000000000000000000e+00 6.480000000000000204e-01
0.000000000000000000e+00 6.495999999999999552e-01
3.800000000000000000e+01 6.512000000000000011e-01
1.000000000000000000e+01 6.480000000000000204e-01
4.000000000000000000e+00 6.495999999999999552e-01
0.000000000000000000e+00 6.512000000000000011e-01
1.040000000000000000e+02 6.528000000000000469e-01
1.600000000000000000e+01 6.543999999999999817e-01
2.100000000000000000e+01 6.560000000000000275e-01
9.000000000000000000e+00 6.575999999999999623e-01
2.700000000000000000e+01 6.592000000000000082e-01
0.000000000000000000e+00 6.608000000000000540e-01
8.000000000000000000e+00 6.623999999999999888e-01
0.000000000000000000e+00 6.640000000000000346e-01
1.000000000000000000e+00 6.655999999999999694e-01
8.000000000000000000e+00 6.672000000000000153e-01
1.200000000000000000e+01 6.672000000000000153e-01
0.000000000000000000e+00 6.655999999999999694e-01
1.200000000000000000e+01 6.672000000000000153e-01
2.000000000000000000e+00 6.687999999999999501e-01
4.140000000000000000e+02 6.687999999999999501e-01
2.000000000000000000e+00 6.592000000000000082e-01
3.100000000000000000e+01 6.608000000000000540e-01
0.000000000000000000e+00 6.623999999999999888e-01
5.000000000000000000e+00 6.640000000000000346e-01
0.000000000000000000e+00 6.655999999999999694e-01
0.000000000000000000e+00 6.672000000000000153e-01
0.000000000000000000e+00 6.687999999999999501e-01
1.300000000000000000e+01 6.703999999999999959e-01
0.000000000000000000e+00 6.720000000000000417e-01
0.000000000000000000e+00 6.735999999999999766e-01
0.000000000000000000e+00 6.752000000000000224e-01
2.500000000000000000e+01 6.767999999999999572e-01
3.020000000000000000e+02 6.784000000000000030e-01
3.000000000000000000e+00 6.784000000000000030e-01
1.050000000000000000e+02 6.800000000000000488e-01
0.000000000000000000e+00 6.815999999999999837e-01
0.000000000000000000e+00 6.832000000000000295e-01
0.000000000000000000e+00 6.847999999999999643e-01
2.560000000000000000e+02 6.864000000000000101e-01
4.840000000000000000e+02 6.879999999999999449e-01
4.000000000000000000e+01 6.735999999999999766e-01
0.000000000000000000e+00 6.687999999999999501e-01
0.000000000000000000e+00 6.703999999999999959e-01
5.800000000000000000e+01 6.720000000000000417e-01
0.000000000000000000e+00 6.720000000000000417e-01
2.000000000000000000e+00 6.735999999999999766e-01
0.000000000000000000e+00 6.752000000000000224e-01
3.000000000000000000e+00 6.767999999999999572e-01
1.930000000000000000e+02 6.784000000000000030e-01
0.000000000000000000e+00 6.752000000000000224e-01
1.350000000000000000e+02 6.767999999999999572e-01
0.000000000000000000e+00 6.784000000000000030e-01
0.000000000000000000e+00 6.800000000000000488e-01
1.000000000000000000e+00 6.815999999999999837e-01
0.000000000000000000e+00 6.832000000000000295e-01
3.000000000000000000e+00 6.847999999999999643e-01
3.900000000000000000e+01 6.864000000000000101e-01
2.000000000000000000e+00 6.879999999999999449e-01
1.000000000000000000e+00 6.895999999999999908e-01
0.000000000000000000e+00 6.912000000000000366e-01
8.800000000000000000e+01 6.927999999999999714e-01
6.000000000000000000e+00 6.895999999999999908e-01
4.700000000000000000e+01 6.912000000000000366e-01
0.000000000000000000e+00 6.927999999999999714e-01
1.000000000000000000e+00 6.944000000000000172e-01
2.030000000000000000e+02 6.959999999999999520e-01
0.000000000000000000e+00 6.927999999999999714e-01
1.000000000000000000e+00 6.944000000000000172e-01
0.000000000000000000e+00 6.944000000000000172e-01
6.000000000000000000e+00 6.959999999999999520e-01
0.000000000000000000e+00 6.975999999999999979e-01
4.130000000000000000e+02 6.992000000000000437e-01
0.000000000000000000e+00 6.927999999999999714e-01
1.100000000000000000e+01 6.944000000000000172e-01
1.567000000000000000e+03 6.944000000000000172e-01
2.000000000000000000e+00 6.480000000000000204e-01
1.000000000000000000e+00 6.495999999999999552e-01
4.400000000000000000e+01 6.512000000000000011e-01
4.000000000000000000e+00 6.528000000000000469e-01
0.000000000000000000e+00 6.543999999999999817e-01
0.000000000000000000e+00 6.560000000000000275e-01
4.000000000000000000e+00 6.575999999999999623e-01
5.300000000000000000e+01 6.592000000000000082e-01
0.000000000000000000e+00 6.608000000000000540e-01
1.000000000000000000e+01 6.623999999999999888e-01
5.000000000000000000e+00 6.640000000000000346e-01
0.000000000000000000e+00 6.655999999999999694e-01
8.000000000000000000e+00 6.672000000000000153e-01
0.000000000000000000e+00 6.687999999999999501e-01
0.000000000000000000e+00 6.703999999999999959e-01
0.000000000000000000e+00 6.720000000000000417e-01
7.900000000000000000e+01 6.735999999999999766e-01
2.300000000000000000e+01 6.687999999999999501e-01
0.000000000000000000e+00 6.703999999999999959e-01
1.500000000000000000e+01 6.720000000000000417e-01
0.000000000000000000e+00 6.703999999999999959e-01
6.000000000000000000e+00 6.720000000000000417e-01
0.000000000000000000e+00 6.735999999999999766e-01
0.000000000000000000e+00 6.752000000000000224e-01
0.000000000000000000e+00 6.767999999999999572e-01
4.620000000000000000e+02 6.784000000000000030e-01
3.100000000000000000e+01 6.784000000000000030e-01
4.300000000000000000e+01 6.800000000000000488e-01
1.100000000000000000e+01 6.815999999999999837e-01
5.570000000000000000e+02 6.800000000000000488e-01
1.000000000000000000e+00 6.720000000000000417e-01
4.000000000000000000e+01 6.735999999999999766e-01
1.000000000000000000e+00 6.752000000000000224e-01
5.000000000000000000e+00 6.752000000000000224e-01
7.000000000000000000e+00 6.767999999999999572e-01
6.000000000000000000e+01 6.784000000000000030e-01
1.200000000000000000e+01 6.703999999999999959e-01
2.330000000000000000e+02 6.720000000000000417e-01
2.000000000000000000e+00 6.687999999999999501e-01
3.000000000000000000e+00 6.703999999999999959e-01
0.000000000000000000e+00 6.720000000000000417e-01
2.000000000000000000e+00 6.735999999999999766e-01
1.000000000000000000e+00 6.752000000000000224e-01
0.000000000000000000e+00 6.767999999999999572e-01
1.000000000000000000e+00 6.784000000000000030e-01
0.000000000000000000e+00 6.800000000000000488e-01
2.050000000000000000e+02 6.815999999999999837e-01
5.240000000000000000e+02 6.735999999999999766e-01
2.000000000000000000e+00 6.687999999999999501e-01
4.400000000000000000e+01 6.703999999999999959e-01
2.000000000000000000e+00 6.720000000000000417e-01
5.500000000000000000e+01 6.735999999999999766e-01
1.000000000000000000e+01 6.672000000000000153e-01
0.000000000000000000e+00 6.623999999999999888e-01
4.400000000000000000e+01 6.640000000000000346e-01
2.000000000000000000e+00 6.640000000000000346e-01
1.000000000000000000e+00 6.655999999999999694e-01
0.000000000000000000e+00 6.672000000000000153e-01
1.000000000000000000e+00 6.687999999999999501e-01
0.000000000000000000e+00 6.703999999999999959e-01
2.600000000000000000e+01 6.720000000000000417e-01
1.070000000000000000e+02 6.735999999999999766e-01
0.000000000000000000e+00 6.735999999999999766e-01
5.000000000000000000e+00 6.752000000000000224e-01
1.070000000000000000e+02 6.752000000000000224e-01
0.000000000000000000e+00 6.735999999999999766e-01
3.000000000000000000e+00 6.752000000000000224e-01
7.700000000000000000e+01 6.767999999999999572e-01
2.000000000000000000e+00 6.735999999999999766e-01
0.000000000000000000e+00 6.752000000000000224e-01
2.000000000000000000e+00 6.767999999999999572e-01
4.450000000000000000e+02 6.784000000000000030e-01
0.000000000000000000e+00 6.720000000000000417e-01
0.000000000000000000e+00 6.735999999999999766e-01
2.000000000000000000e+00 6.752000000000000224e-01
0.000000000000000000e+00 6.767999999999999572e-01
1.000000000000000000e+00 6.784000000000000030e-01
5.300000000000000000e+01 6.800000000000000488e-01
3.400000000000000000e+01 6.815999999999999837e-01
4.000000000000000000e+01 6.832000000000000295e-01
0.000000000000000000e+00 6.800000000000000488e-01
0.000000000000000000e+00 6.815999999999999837e-01
3.100000000000000000e+01 6.832000000000000295e-01
0.000000000000000000e+00 6.784000000000000030e-01
0.000000000000000000e+00 6.800000000000000488e-01
4.000000000000000000e+00 6.815999999999999837e-01
3.400000000000000000e+01 6.832000000000000295e-01
2.100000000000000000e+01 6.800000000000000488e-01
3.000000000000000000e+00 6.767999999999999572e-01
6.000000000000000000e+00 6.767999999999999572e-01
2.000000000000000000e+00 6.767999999999999572e-01
0.000000000000000000e+00 6.784000000000000030e-01
1.100000000000000000e+01 6.800000000000000488e-01
8.760000000000000000e+02 6.767999999999999572e-01
1.720000000000000000e+02 6.528000000000000469e-01
3.400000000000000000e+01 6.543999999999999817e-01
0.000000000000000000e+00 6.512000000000000011e-01
1.000000000000000000e+00 6.528000000000000469e-01
5.600000000000000000e+01 6.543999999999999817e-01
1.900000000000000000e+01 6.512000000000000011e-01
6.000000000000000000e+00 6.528000000000000469e-01
7.000000000000000000e+00 6.543999999999999817e-01
3.700000000000000000e+01 6.560000000000000275e-01
0.000000000000000000e+00 6.512000000000000011e-01
2.000000000000000000e+00 6.528000000000000469e-01
0.000000000000000000e+00 6.543999999999999817e-01
7.300000000000000000e+01 6.560000000000000275e-01
3.000000000000000000e+01 6.495999999999999552e-01
2.000000000000000000e+00 6.512000000000000011e-01
7.000000000000000000e+00 6.528000000000000469e-01
0.000000000000000000e+00 6.495999999999999552e-01
0.000000000000000000e+00 6.512000000000000011e-01
1.000000000000000000e+01 6.528000000000000469e-01
0.000000000000000000e+00 6.543999999999999817e-01
0.000000000000000000e+00 6.560000000000000275e-01
0.000000000000000000e+00 6.575999999999999623e-01
3.660000000000000000e+02 6.592000000000000082e-01
2.700000000000000000e+02 6.575999999999999623e-01
0.000000000000000000e+00 6.431999999999999940e-01
2.000000000000000000e+00 6.448000000000000398e-01
2.000000000000000000e+00 6.463999999999999746e-01
0.000000000000000000e+00 6.480000000000000204e-01
1.000000000000000000e+00 6.495999999999999552e-01
3.000000000000000000e+01 6.512000000000000011e-01
5.000000000000000000e+00 6.528000000000000469e-01
1.000000000000000000e+01 6.543999999999999817e-01
4.000000000000000000e+00 6.560000000000000275e-01
0.000000000000000000e+00 6.575999999999999623e-01
2.000000000000000000e+00 6.592000000000000082e-01
1.400000000000000000e+01 6.592000000000000082e-01
0.000000000000000000e+00 6.608000000000000540e-01
0.000000000000000000e+00 6.623999999999999888e-01
1.000000000000000000e+00 6.640000000000000346e-01
0.000000000000000000e+00 6.640000000000000346e-01
0.000000000000000000e+00 6.655999999999999694e-01
0.000000000000000000e+00 6.672000000000000153e-01
0.000000000000000000e+00 6.687999999999999501e-01
0.000000000000000000e+00 6.703999999999999959e-01
1.000000000000000000e+00 6.720000000000000417e-01
1.200000000000000000e+01 6.735999999999999766e-01
1.300000000000000000e+01 6.752000000000000224e-01
8.000000000000000000e+00 6.767999999999999572e-01
0.000000000000000000e+00 6.752000000000000224e-01
4.000000000000000000e+00 6.767999999999999572e-01
4.000000000000000000e+00 6.784000000000000030e-01
5.000000000000000000e+00 6.784000000000000030e-01
4.100000000000000000e+01 6.800000000000000488e-01
6.500000000000000000e+01 6.815999999999999837e-01
0.000000000000000000e+00 6.767999999999999572e-01
7.400000000000000000e+01 6.784000000000000030e-01
3.000000000000000000e+00 6.800000000000000488e-01
0.000000000000000000e+00 6.752000000000000224e-01
0.000000000000000000e+00 6.767999999999999572e-01
7.980000000000000000e+02 6.784000000000000030e-01
0.000000000000000000e+00 6.672000000000000153e-01
4.000000000000000000e+00 6.687999999999999501e-01
1.000000000000000000e+00 6.703999999999999959e-01
8.000000000000000000e+00 6.703999999999999959e-01
0.000000000000000000e+00 6.720000000000000417e-01
0.000000000000000000e+00 6.735999999999999766e-01
3.000000000000000000e+00 6.752000000000000224e-01
2.000000000000000000e+00 6.767999999999999572e-01
2.480000000000000000e+02 6.784000000000000030e-01
2.000000000000000000e+00 6.800000000000000488e-01
1.000000000000000000e+00 6.815999999999999837e-01
2.000000000000000000e+00 6.815999999999999837e-01
7.000000000000000000e+00 6.832000000000000295e-01
0.000000000000000000e+00 6.800000000000000488e-01
3.600000000000000000e+01 6.815999999999999837e-01
9.000000000000000000e+00 6.815999999999999837e-01
0.000000000000000000e+00 6.815999999999999837e-01
9.000000000000000000e+00 6.832000000000000295e-01
0.000000000000000000e+00 6.847999999999999643e-01
1.000000000000000000e+01 6.864000000000000101e-01
0.000000000000000000e+00 6.879999999999999449e-01
3.000000000000000000e+00 6.895999999999999908e-01
1.000000000000000000e+00 6.912000000000000366e-01
1.500000000000000000e+01 6.927999999999999714e-01
1.300000000000000000e+01 6.944000000000000172e-01
2.500000000000000000e+01 6.959999999999999520e-01
3.600000000000000000e+01 6.944000000000000172e-01
1.000000000000000000e+00 6.959999999999999520e-01
2.000000000000000000e+00 6.959999999999999520e-01
0.000000000000000000e+00 6.975999999999999979e-01
0.000000000000000000e+00 6.992000000000000437e-01
1.380000000000000000e+02 7.007999999999999785e-01
1.400000000000000000e+01 7.007999999999999785e-01
0.000000000000000000e+00 7.024000000000000243e-01
5.000000000000000000e+00 7.039999999999999591e-01
2.370000000000000000e+02 7.056000000000000050e-01
0.000000000000000000e+00 6.992000000000000437e-01
1.080000000000000000e+02 7.007999999999999785e-01
0.000000000000000000e+00 6.944000000000000172e-01
1.000000000000000000e+00 6.959999999999999520e-01
6.460000000000000000e+02 6.975999999999999979e-01
3.000000000000000000e+01 6.800000000000000488e-01
2.210000000000000000e+02 6.815999999999999837e-01
0.000000000000000000e+00 6.784000000000000030e-01
0.000000000000000000e+00 6.800000000000000488e-01
9.200000000000000000e+02 6.815999999999999837e-01
6.700000000000000000e+01 6.720000000000000417e-01
4.000000000000000000e+00 6.735999999999999766e-01
1.190000000000000000e+02 6.752000000000000224e-01
2.000000000000000000e+00 6.735999999999999766e-01
0.000000000000000000e+00 6.752000000000000224e-01
2.700000000000000000e+01 6.767999999999999572e-01
2.200000000000000000e+01 6.703999999999999959e-01
0.000000000000000000e+00 6.720000000000000417e-01
0.000000000000000000e+00 6.735999999999999766e-01
2.680000000000000000e+02 6.752000000000000224e-01
2.000000000000000000e+00 6.655999999999999694e-01
6.000000000000000000e+00 6.672000000000000153e-01
0.000000000000000000e+00 6.687999999999999501e-01
5.000000000000000000e+00 6.703999999999999959e-01
0.000000000000000000e+00 6.720000000000000417e-01
1.200000000000000000e+01 6.735999999999999766e-01
1.750000000000000000e+02 6.752000000000000224e-01
0.000000000000000000e+00 6.735999999999999766e-01
2.000000000000000000e+00 6.752000000000000224e-01
2.400000000000000000e+01 6.767999999999999572e-01
1.000000000000000000e+01 6.687999999999999501e-01
0.000000000000000000e+00 6.687999999999999501e-01
0.000000000000000000e+00 6.703999999999999959e-01
1.000000000000000000e+00 6.720000000000000417e-01
0.000000000000000000e+00 6.720000000000000417e-01
1.800000000000000000e+01 6.735999999999999766e-01
0.000000000000000000e+00 6.752000000000000224e-01
3.000000000000000000e+00 6.767999999999999572e-01
8.100000000000000000e+01 6.784000000000000030e-01
1.200000000000000000e+01 6.800000000000000488e-01
0.000000000000000000e+00 6.815999999999999837e-01
0.000000000000000000e+00 6.832000000000000295e-01
7.100000000000000000e+01 6.847999999999999643e-01
2.300000000000000000e+01 6.864000000000000101e-01
5.200000000000000000e+01 6.879999999999999449e-01
1.800000000000000000e+01 6.879999999999999449e-01
6.280000000000000000e+02 6.895999999999999908e-01
0.000000000000000000e+00 6.735999999999999766e-01
3.000000000000000000e+00 6.752000000000000224e-01
0.000000000000000000e+00 6.767999999999999572e-01
2.400000000000000000e+01 6.784000000000000030e-01
1.000000000000000000e+01 6.735999999999999766e-01
6.000000000000000000e+00 6.752000000000000224e-01
1.900000000000000000e+01 6.767999999999999572e-01
1.000000000000000000e+00 6.767999999999999572e-01
6.320000000000000000e+02 6.784000000000000030e-01
2.000000000000000000e+00 6.640000000000000346e-01
0.000000000000000000e+00 6.655999999999999694e-01
3.300000000000000000e+02 6.672000000000000153e-01
0.000000000000000000e+00 6.655999999999999694e-01
0.000000000000000000e+00 6.672000000000000153e-01
4.400000000000000000e+01 6.687999999999999501e-01
1.020000000000000000e+02 6.655999999999999694e-01
1.100000000000000000e+01 6.640000000000000346e-01
0.000000000000000000e+00 6.608000000000000540e-01
2.000000000000000000e+00 6.623999999999999888e-01
3.000000000000000000e+00 6.640000000000000346e-01
3.000000000000000000e+00 6.640000000000000346e-01
4.000000000000000000e+00 6.655999999999999694e-01
3.200000000000000000e+01 6.672000000000000153e-01
1.000000000000000000e+00 6.687999999999999501e-01
5.000000000000000000e+00 6.703999999999999959e-01
1.000000000000000000e+00 6.720000000000000417e-01
8.200000000000000000e+01 6.735999999999999766e-01
1.110000000000000000e+02 6.687999999999999501e-01
0.000000000000000000e+00 6.703999999999999959e-01
0.000000000000000000e+00 6.720000000000000417e-01
9.000000000000000000e+00 6.735999999999999766e-01
0.000000000000000000e+00 6.752000000000000224e-01
1.000000000000000000e+00 6.767999999999999572e-01
1.240000000000000000e+02 6.784000000000000030e-01
0.000000000000000000e+00 6.784000000000000030e-01
2.100000000000000000e+01 6.800000000000000488e-01
0.000000000000000000e+00 6.800000000000000488e-01
1.650000000000000000e+02 6.815999999999999837e-01
4.030000000000000000e+02 6.832000000000000295e-01
4.000000000000000000e+00 6.815999999999999837e-01
6.500000000000000000e+01 6.832000000000000295e-01
3.970000000000000000e+02 6.832000000000000295e-01
2.130000000000000000e+02 6.832000000000000295e-01
3.300000000000000000e+01 6.784000000000000030e-01
3.000000000000000000e+00 6.800000000000000488e-01
2.000000000000000000e+00 6.784000000000000030e-01
0.000000000000000000e+00 6.800000000000000488e-01
9.300000000000000000e+01 6.815999999999999837e-01
0.000000000000000000e+00 6.832000000000000295e-01
2.150000000000000000e+02 6.847999999999999643e-01
4.000000000000000000e+00 6.815999999999999837e-01
0.000000000000000000e+00 6.800000000000000488e-01
0.000000000000000000e+00 6.815999999999999837e-01
1.300000000000000000e+01 6.832000000000000295e-01
7.000000000000000000e+00 6.847999999999999643e-01
1.000000000000000000e+00 6.864000000000000101e-01
0.000000000000000000e+00 6.847999999999999643e-01
1.000000000000000000e+00 6.864000000000000101e-01
6.200000000000000000e+01 6.864000000000000101e-01
1.040000000000000000e+02 6.847999999999999643e-01
4.000000000000000000e+00 6.800000000000000488e-01
1.000000000000000000e+00 6.815999999999999837e-01
2.000000000000000000e+00 6.800000000000000488e-01
0.000000000000000000e+00 6.815999999999999837e-01
1.500000000000000000e+01 6.832000000000000295e-01
9.000000000000000000e+01 6.832000000000000295e-01
0.000000000000000000e+00 6.847999999999999643e-01
2.700000000000000000e+01 6.864000000000000101e-01
0.000000000000000000e+00 6.879999999999999449e-01
7.000000000000000000e+00 6.895999999999999908e-01
1.200000000000000000e+01 6.895999999999999908e-01
3.900000000000000000e+01 6.895999999999999908e-01
3.000000000000000000e+00 6.912000000000000366e-01
4.000000000000000000e+00 6.912000000000000366e-01
6.360000000000000000e+02 6.927999999999999714e-01
8.000000000000000000e+00 6.767999999999999572e-01
1.000000000000000000e+00 6.784000000000000030e-01
0.000000000000000000e+00 6.800000000000000488e-01
1.700000000000000000e+01 6.815999999999999837e-01
3.600000000000000000e+01 6.815999999999999837e-01
3.000000000000000000e+00 6.832000000000000295e-01
0.000000000000000000e+00 6.847999999999999643e-01
0.000000000000000000e+00 6.864000000000000101e-01
7.000000000000000000e+00 6.879999999999999449e-01
0.000000000000000000e+00 6.895999999999999908e-01
3.000000000000000000e+00 6.912000000000000366e-01
3.630000000000000000e+02 6.927999999999999714e-01
2.000000000000000000e+00 6.944000000000000172e-01
1.600000000000000000e+01 6.959999999999999520e-01
0.000000000000000000e+00 6.975999999999999979e-01
1.400000000000000000e+01 6.992000000000000437e-01
0.000000000000000000e+00 7.007999999999999785e-01
6.700000000000000000e+02 7.024000000000000243e-01
0.000000000000000000e+00 6.944000000000000172e-01
1.260000000000000000e+02 6.959999999999999520e-01
0.000000000000000000e+00 6.975999999999999979e-01
0.000000000000000000e+00 6.992000000000000437e-01
7.200000000000000000e+01 7.007999999999999785e-01
6.000000000000000000e+00 6.959999999999999520e-01
3.640000000000000000e+02 6.944000000000000172e-01
3.400000000000000000e+01 6.847999999999999643e-01
2.000000000000000000e+00 6.847999999999999643e-01
8.000000000000000000e+00 6.864000000000000101e-01
1.000000000000000000e+00 6.879999999999999449e-01
8.300000000000000000e+01 6.879999999999999449e-01
3.400000000000000000e+01 6.847999999999999643e-01
1.090000000000000000e+02 6.864000000000000101e-01
4.000000000000000000e+00 6.815999999999999837e-01
7.100000000000000000e+01 6.832000000000000295e-01
0.000000000000000000e+00 6.847999999999999643e-01
3.000000000000000000e+01 6.864000000000000101e-01
0.000000000000000000e+00 6.879999999999999449e-01
2.700000000000000000e+01 6.895999999999999908e-01
8.500000000000000000e+01 6.879999999999999449e-01
5.100000000000000000e+01 6.864000000000000101e-01
2.000000000000000000e+00 6.879999999999999449e-01
2.900000000000000000e+01 6.895999999999999908e-01
5.000000000000000000e+00 6.912000000000000366e-01
0.000000000000000000e+00 6.912000000000000366e-01
0.000000000000000000e+00 6.927999999999999714e-01
4.000000000000000000e+00 6.944000000000000172e-01
0.000000000000000000e+00 6.927999999999999714e-01
7.000000000000000000e+00 6.944000000000000172e-01
4.200000000000000000e+01 6.944000000000000172e-01
0.000000000000000000e+00 6.959999999999999520e-01
4.000000000000000000e+00 6.975999999999999979e-01
0.000000000000000000e+00 6.992000000000000437e-01
0.000000000000000000e+00 7.007999999999999785e-01
1.100000000000000000e+01 7.024000000000000243e-01
0.000000000000000000e+00 7.039999999999999591e-01
1.100000000000000000e+01 7.056000000000000050e-01
2.800000000000000000e+01 7.024000000000000243e-01
4.000000000000000000e+00 6.992000000000000437e-01
3.000000000000000000e+00 7.007999999999999785e-01
0.000000000000000000e+00 7.024000000000000243e-01
0.000000000000000000e+00 7.039999999999999591e-01
8.350000000000000000e+02 7.056000000000000050e-01
4.000000000000000000e+00 6.800000000000000488e-01
1.400000000000000000e+01 6.784000000000000030e-01
1.700000000000000000e+01 6.800000000000000488e-01
1.100000000000000000e+01 6.784000000000000030e-01
1.700000000000000000e+01 6.800000000000000488e-01
0.000000000000000000e+00 6.800000000000000488e-01
0.000000000000000000e+00 6.815999999999999837e-01
1.000000000000000000e+00 6.832000000000000295e-01
8.400000000000000000e+01 6.832000000000000295e-01
2.000000000000000000e+00 6.847999999999999643e-01
1.000000000000000000e+00 6.864000000000000101e-01
2.000000000000000000e+00 6.879999999999999449e-01
2.000000000000000000e+00 6.879999999999999449e-01
2.000000000000000000e+00 6.895999999999999908e-01
0.000000000000000000e+00 6.895999999999999908e-01
1.000000000000000000e+00 6.912000000000000366e-01
0.000000000000000000e+00 6.927999999999999714e-01
4.850000000000000000e+02 6.944000000000000172e-01
9.000000000000000000e+01 6.815999999999999837e-01
1.370000000000000000e+02 6.815999999999999837e-01
0.000000000000000000e+00 6.800000000000000488e-01
1.000000000000000000e+00 6.815999999999999837e-01
0.000000000000000000e+00 6.800000000000000488e-01
7.000000000000000000e+00 6.815999999999999837e-01
0.000000000000000000e+00 6.832000000000000295e-01
2.000000000000000000e+00 6.847999999999999643e-01
2.000000000000000000e+00 6.864000000000000101e-01
4.000000000000000000e+00 6.879999999999999449e-01
0.000000000000000000e+00 6.864000000000000101e-01
1.000000000000000000e+00 6.879999999999999449e-01
0.000000000000000000e+00 6.895999999999999908e-01
0.000000000000000000e+00 6.912000000000000366e-01
6.000000000000000000e+00 6.927999999999999714e-01
0.000000000000000000e+00 6.895999999999999908e-01
2.550000000000000000e+02 6.912000000000000366e-01
0.000000000000000000e+00 6.847999999999999643e-01
1.000000000000000000e+00 6.864000000000000101e-01
0.000000000000000000e+00 6.864000000000000101e-01
2.400000000000000000e+02 6.879999999999999449e-01
8.800000000000000000e+01 6.879999999999999449e-01
1.000000000000000000e+00 6.895999999999999908e-01
3.230000000000000000e+02 6.912000000000000366e-01
4.400000000000000000e+02 6.927999999999999714e-01
1.000000000000000000e+01 6.767999999999999572e-01
6.000000000000000000e+00 6.784000000000000030e-01
0.000000000000000000e+00 6.800000000000000488e-01
2.200000000000000000e+01 6.815999999999999837e-01
2.400000000000000000e+01 6.832000000000000295e-01
3.000000000000000000e+00 6.847999999999999643e-01
1.400000000000000000e+01 6.864000000000000101e-01
2.000000000000000000e+01 6.864000000000000101e-01
0.000000000000000000e+00 6.879999999999999449e-01
3.000000000000000000e+00 6.895999999999999908e-01
4.000000000000000000e+00 6.895999999999999908e-01
7.000000000000000000e+00 6.912000000000000366e-01
2.000000000000000000e+00 6.879999999999999449e-01
6.000000000000000000e+00 6.895999999999999908e-01
6.000000000000000000e+00 6.879999999999999449e-01
3.100000000000000000e+01 6.895999999999999908e-01
7.000000000000000000e+00 6.912000000000000366e-01
0.000000000000000000e+00 6.927999999999999714e-01
0.000000000000000000e+00 6.944000000000000172e-01
0.000000000000000000e+00 6.959999999999999520e-01
1.300000000000000000e+01 6.975999999999999979e-01
1.300000000000000000e+01 6.992000000000000437e-01
4.790000000000000000e+02 6.975999999999999979e-01
5.000000000000000000e+00 6.912000000000000366e-01
0.000000000000000000e+00 6.895999999999999908e-01
0.000000000000000000e+00 6.912000000000000366e-01
0.000000000000000000e+00 6.927999999999999714e-01
4.500000000000000000e+01 6.944000000000000172e-01
2.000000000000000000e+00 6.944000000000000172e-01
1.249000000000000000e+03 6.959999999999999520e-01
1.100000000000000000e+01 6.592000000000000082e-01
2.800000000000000000e+01 6.608000000000000540e-01
1.400000000000000000e+01 6.623999999999999888e-01
4.000000000000000000e+00 6.640000000000000346e-01
1.000000000000000000e+00 6.655999999999999694e-01
1.000000000000000000e+00 6.672000000000000153e-01
3.300000000000000000e+01 6.687999999999999501e-01
0.000000000000000000e+00 6.703999999999999959e-01
0.000000000000000000e+00 6.720000000000000417e-01
0.000000000000000000e+00 6.735999999999999766e-01
1.000000000000000000e+00 6.752000000000000224e-01
0.000000000000000000e+00 6.735999999999999766e-01
4.000000000000000000e+00 6.752000000000000224e-01
0.000000000000000000e+00 6.767999999999999572e-01
5.000000000000000000e+00 6.784000000000000030e-01
1.300000000000000000e+01 6.800000000000000488e-01
0.000000000000000000e+00 6.815999999999999837e-01
2.200000000000000000e+01 6.832000000000000295e-01
1.018000000000000000e+03 6.815999999999999837e-01
3.500000000000000000e+01 6.735999999999999766e-01
1.000000000000000000e+00 6.720000000000000417e-01
0.000000000000000000e+00 6.735999999999999766e-01
4.000000000000000000e+00 6.752000000000000224e-01
1.900000000000000000e+01 6.735999999999999766e-01
1.287000000000000000e+03 6.735999999999999766e-01
0.000000000000000000e+00 6.543999999999999817e-01
0.000000000000000000e+00 6.560000000000000275e-01
8.600000000000000000e+01 6.575999999999999623e-01
3.800000000000000000e+01 6.512000000000000011e-01
0.000000000000000000e+00 6.512000000000000011e-01
0.000000000000000000e+00 6.528000000000000469e-01
0.000000000000000000e+00 6.543999999999999817e-01
0.000000000000000000e+00 6.560000000000000275e-01
2.300000000000000000e+01 6.575999999999999623e-01
1.000000000000000000e+00 6.592000000000000082e-01
1.000000000000000000e+00 6.575999999999999623e-01
5.400000000000000000e+01 6.560000000000000275e-01
0.000000000000000000e+00 6.575999999999999623e-01
1.100000000000000000e+01 6.592000000000000082e-01
2.000000000000000000e+00 6.608000000000000540e-01
9.300000000000000000e+01 6.623999999999999888e-01
5.400000000000000000e+01 6.640000000000000346e-01
2.000000000000000000e+01 6.543999999999999817e-01
1.000000000000000000e+00 6.560000000000000275e-01
0.000000000000000000e+00 6.575999999999999623e-01
7.000000000000000000e+00 6.592000000000000082e-01
1.580000000000000000e+02 6.608000000000000540e-01
5.000000000000000000e+00 6.623999999999999888e-01
4.000000000000000000e+00 6.640000000000000346e-01
6.000000000000000000e+00 6.655999999999999694e-01
1.400000000000000000e+01 6.672000000000000153e-01
0.000000000000000000e+00 6.672000000000000153e-01
4.000000000000000000e+00 6.687999999999999501e-01
0.000000000000000000e+00 6.703999999999999959e-01
4.000000000000000000e+00 6.720000000000000417e-01
1.000000000000000000e+00 6.735999999999999766e-01
2.500000000000000000e+01 6.752000000000000224e-01
4.000000000000000000e+00 6.735999999999999766e-01
4.000000000000000000e+00 6.752000000000000224e-01
2.000000000000000000e+00 6.767999999999999572e-01
0.000000000000000000e+00 6.784000000000000030e-01
8.900000000000000000e+01 6.800000000000000488e-01
2.900000000000000000e+01 6.815999999999999837e-01
0.000000000000000000e+00 6.832000000000000295e-01
1.170000000000000000e+02 6.847999999999999643e-01
0.000000000000000000e+00 6.832000000000000295e-01
0.000000000000000000e+00 6.847999999999999643e-01
0.000000000000000000e+00 6.864000000000000101e-01
3.000000000000000000e+01 6.879999999999999449e-01
1.700000000000000000e+01 6.864000000000000101e-01
3.300000000000000000e+01 6.832000000000000295e-01
4.000000000000000000e+00 6.847999999999999643e-01
6.000000000000000000e+00 6.864000000000000101e-01
6.000000000000000000e+00 6.864000000000000101e-01
6.110000000000000000e+02 6.879999999999999449e-01
5.100000000000000000e+01 6.703999999999999959e-01
3.480000000000000000e+02 6.672000000000000153e-01
0.000000000000000000e+00 6.655999999999999694e-01
0.000000000000000000e+00 6.672000000000000153e-01
2.000000000000000000e+00 6.687999999999999501e-01
2.000000000000000000e+00 6.703999999999999959e-01
2.000000000000000000e+00 6.720000000000000417e-01
4.000000000000000000e+00 6.735999999999999766e-01
5.000000000000000000e+00 6.720000000000000417e-01
1.200000000000000000e+01 6.735999999999999766e-01
6.300000000000000000e+01 6.720000000000000417e-01
2.900000000000000000e+01 6.735999999999999766e-01
0.000000000000000000e+00 6.735999999999999766e-01
0.000000000000000000e+00 6.752000000000000224e-01
2.800000000000000000e+01 6.767999999999999572e-01
7.000000000000000000e+00 6.767999999999999572e-01
0.000000000000000000e+00 6.784000000000000030e-01
1.000000000000000000e+00 6.800000000000000488e-01
0.000000000000000000e+00 6.815999999999999837e-01
1.200000000000000000e+01 6.832000000000000295e-01
0.000000000000000000e+00 6.815999999999999837e-01
2.100000000000000000e+01 6.832000000000000295e-01
4.900000000000000000e+01 6.832000000000000295e-01
6.710000000000000000e+02 6.847999999999999643e-01
0.000000000000000000e+00 6.784000000000000030e-01
3.600000000000000000e+01 6.800000000000000488e-01
8.000000000000000000e+00 6.784000000000000030e-01
0.000000000000000000e+00 6.800000000000000488e-01
1.000000000000000000e+00 6.815999999999999837e-01
1.000000000000000000e+00 6.800000000000000488e-01
8.000000000000000000e+00 6.784000000000000030e-01
7.040000000000000000e+02 6.767999999999999572e-01
9.200000000000000000e+01 6.640000000000000346e-01
2.800000000000000000e+01 6.592000000000000082e-01
2.000000000000000000e+00 6.608000000000000540e-01
1.000000000000000000e+00 6.623999999999999888e-01
5.000000000000000000e+00 6.608000000000000540e-01
1.800000000000000000e+01 6.623999999999999888e-01
9.000000000000000000e+00 6.640000000000000346e-01
3.000000000000000000e+00 6.608000000000000540e-01
2.000000000000000000e+00 6.592000000000000082e-01
1.150000000000000000e+02 6.592000000000000082e-01
1.000000000000000000e+00 6.560000000000000275e-01
0.000000000000000000e+00 6.575999999999999623e-01
9.000000000000000000e+00 6.592000000000000082e-01
2.600000000000000000e+01 6.608000000000000540e-01
5.000000000000000000e+00 6.623999999999999888e-01
2.070000000000000000e+02 6.640000000000000346e-01
0.000000000000000000e+00 6.640000000000000346e-01
2.000000000000000000e+00 6.655999999999999694e-01
2.000000000000000000e+00 6.672000000000000153e-01
7.000000000000000000e+00 6.687999999999999501e-01
2.000000000000000000e+00 6.672000000000000153e-01
1.000000000000000000e+01 6.687999999999999501e-01
1.860000000000000000e+02 6.703999999999999959e-01
0.000000000000000000e+00 6.687999999999999501e-01
2.000000000000000000e+00 6.703999999999999959e-01
7.000000000000000000e+00 6.720000000000000417e-01
1.570000000000000000e+02 6.735999999999999766e-01
1.780000000000000000e+02 6.720000000000000417e-01
1.000000000000000000e+01 6.720000000000000417e-01
2.000000000000000000e+00 6.735999999999999766e-01
0.000000000000000000e+00 6.735999999999999766e-01
2.140000000000000000e+02 6.752000000000000224e-01
4.000000000000000000e+00 6.687999999999999501e-01
1.900000000000000000e+01 6.687999999999999501e-01
1.670000000000000000e+02 6.687999999999999501e-01
2.100000000000000000e+01 6.703999999999999959e-01
6.000000000000000000e+00 6.720000000000000417e-01
9.900000000000000000e+01 6.735999999999999766e-01
1.300000000000000000e+01 6.735999999999999766e-01
4.000000000000000000e+00 6.752000000000000224e-01
1.000000000000000000e+00 6.735999999999999766e-01
0.000000000000000000e+00 6.720000000000000417e-01
4.500000000000000000e+01 6.735999999999999766e-01
3.900000000000000000e+01 6.752000000000000224e-01
2.600000000000000000e+01 6.687999999999999501e-01
2.000000000000000000e+00 6.687999999999999501e-01
0.000000000000000000e+00 6.703999999999999959e-01
2.600000000000000000e+01 6.720000000000000417e-01
7.000000000000000000e+00 6.735999999999999766e-01
1.000000000000000000e+00 6.752000000000000224e-01
5.000000000000000000e+00 6.767999999999999572e-01
4.400000000000000000e+01 6.720000000000000417e-01
0.000000000000000000e+00 6.703999999999999959e-01
0.000000000000000000e+00 6.720000000000000417e-01
4.200000000000000000e+01 6.735999999999999766e-01
0.000000000000000000e+00 6.752000000000000224e-01
0.000000000000000000e+00 6.767999999999999572e-01
1.000000000000000000e+00 6.784000000000000030e-01
4.700000000000000000e+01 6.800000000000000488e-01
1.200000000000000000e+01 6.815999999999999837e-01
3.000000000000000000e+00 6.832000000000000295e-01
0.000000000000000000e+00 6.815999999999999837e-01
0.000000000000000000e+00 6.832000000000000295e-01
2.560000000000000000e+02 6.847999999999999643e-01
9.670000000000000000e+02 6.864000000000000101e-01
0.000000000000000000e+00 6.687999999999999501e-01
0.000000000000000000e+00 6.703999999999999959e-01
1.200000000000000000e+01 6.720000000000000417e-01
0.000000000000000000e+00 6.735999999999999766e-01
4.000000000000000000e+00 6.752000000000000224e-01
1.060000000000000000e+02 6.752000000000000224e-01
1.210000000000000000e+02 6.767999999999999572e-01
5.800000000000000000e+01 6.735999999999999766e-01
5.000000000000000000e+00 6.720000000000000417e-01
4.000000000000000000e+00 6.703999999999999959e-01
2.390000000000000000e+02 6.703999999999999959e-01
0.000000000000000000e+00 6.672000000000000153e-01
2.000000000000000000e+00 6.687999999999999501e-01
1.540000000000000000e+02 6.703999999999999959e-01
9.800000000000000000e+01 6.687999999999999501e-01
7.400000000000000000e+01 6.703999999999999959e-01
3.300000000000000000e+01 6.672000000000000153e-01
2.000000000000000000e+00 6.640000000000000346e-01
2.000000000000000000e+00 6.655999999999999694e-01
4.900000000000000000e+01 6.672000000000000153e-01
1.000000000000000000e+00 6.655999999999999694e-01
0.000000000000000000e+00 6.672000000000000153e-01
1.000000000000000000e+00 6.687999999999999501e-01
9.000000000000000000e+00 6.703999999999999959e-01
0.000000000000000000e+00 6.703999999999999959e-01
6.700000000000000000e+01 6.720000000000000417e-01
2.000000000000000000e+00 6.735999999999999766e-01
0.000000000000000000e+00 6.720000000000000417e-01
2.200000000000000000e+01 6.735999999999999766e-01
2.100000000000000000e+01 6.752000000000000224e-01
6.500000000000000000e+01 6.752000000000000224e-01
5.000000000000000000e+00 6.767999999999999572e-01
3.300000000000000000e+01 6.752000000000000224e-01
0.000000000000000000e+00 6.703999999999999959e-01
8.000000000000000000e+00 6.720000000000000417e-01
0.000000000000000000e+00 6.735999999999999766e-01
3.600000000000000000e+01 6.752000000000000224e-01
4.000000000000000000e+00 6.767999999999999572e-01
2.000000000000000000e+00 6.784000000000000030e-01
0.000000000000000000e+00 6.800000000000000488e-01
1.600000000000000000e+01 6.815999999999999837e-01
6.900000000000000000e+01 6.832000000000000295e-01
1.900000000000000000e+01 6.784000000000000030e-01
4.700000000000000000e+01 6.800000000000000488e-01
1.700000000000000000e+01 6.800000000000000488e-01
0.000000000000000000e+00 6.815999999999999837e-01
1.770000000000000000e+02 6.832000000000000295e-01
4.900000000000000000e+01 6.847999999999999643e-01
0.000000000000000000e+00 6.864000000000000101e-01
3.510000000000000000e+02 6.879999999999999449e-01
4.000000000000000000e+00 6.800000000000000488e-01
1.000000000000000000e+00 6.815999999999999837e-01
1.610000000000000000e+02 6.832000000000000295e-01
1.200000000000000000e+01 6.847999999999999643e-01
0.000000000000000000e+00 6.864000000000000101e-01
7.000000000000000000e+01 6.879999999999999449e-01
2.350000000000000000e+02 6.847999999999999643e-01
0.000000000000000000e+00 6.815999999999999837e-01
4.200000000000000000e+01 6.832000000000000295e-01
0.000000000000000000e+00 6.847999999999999643e-01
0.000000000000000000e+00 6.864000000000000101e-01
1.100000000000000000e+02 6.879999999999999449e-01
5.100000000000000000e+01 6.847999999999999643e-01
1.600000000000000000e+01 6.847999999999999643e-01
7.600000000000000000e+01 6.832000000000000295e-01
5.900000000000000000e+01 6.847999999999999643e-01
0.000000000000000000e+00 6.864000000000000101e-01
5.900000000000000000e+01 6.879999999999999449e-01
2.800000000000000000e+01 6.847999999999999643e-01
0.000000000000000000e+00 6.815999999999999837e-01
0.000000000000000000e+00 6.832000000000000295e-01
0.000000000000000000e+00 6.847999999999999643e-01
4.100000000000000000e+01 6.864000000000000101e-01
1.000000000000000000e+00 6.879999999999999449e-01
0.000000000000000000e+00 6.895999999999999908e-01
1.510000000000000000e+02 6.912000000000000366e-01
5.000000000000000000e+00 6.847999999999999643e-01
5.900000000000000000e+01 6.832000000000000295e-01
1.000000000000000000e+00 6.815999999999999837e-01
4.950000000000000000e+02 6.815999999999999837e-01
0.000000000000000000e+00 6.752000000000000224e-01
8.000000000000000000e+00 6.767999999999999572e-01
0.000000000000000000e+00 6.752000000000000224e-01
2.000000000000000000e+00 6.767999999999999572e-01
0.000000000000000000e+00 6.784000000000000030e-01
0.000000000000000000e+00 6.800000000000000488e-01
0.000000000000000000e+00 6.815999999999999837e-01
0.000000000000000000e+00 6.832000000000000295e-01
0.000000000000000000e+00 6.847999999999999643e-01
1.200000000000000000e+01 6.864000000000000101e-01
0.000000000000000000e+00 6.864000000000000101e-01
0.000000000000000000e+00 6.879999999999999449e-01
1.780000000000000000e+02 6.895999999999999908e-01
5.000000000000000000e+00 6.912000000000000366e-01
1.980000000000000000e+02 6.927999999999999714e-01
7.000000000000000000e+00 6.879999999999999449e-01
9.300000000000000000e+01 6.895999999999999908e-01
2.900000000000000000e+01 6.879999999999999449e-01
0.000000000000000000e+00 6.895999999999999908e-01
4.000000000000000000e+00 6.912000000000000366e-01
8.000000000000000000e+00 6.927999999999999714e-01
4.000000000000000000e+00 6.944000000000000172e-01
1.640000000000000000e+02 6.912000000000000366e-01
3.900000000000000000e+01 6.879999999999999449e-01
4.000000000000000000e+00 6.895999999999999908e-01
0.000000000000000000e+00 6.912000000000000366e-01
2.000000000000000000e+00 6.927999999999999714e-01
1.480000000000000000e+02 6.927999999999999714e-01
4.100000000000000000e+01 6.864000000000000101e-01
4.300000000000000000e+01 6.879999999999999449e-01
0.000000000000000000e+00 6.895999999999999908e-01
0.000000000000000000e+00 6.912000000000000366e-01
1.000000000000000000e+00 6.927999999999999714e-01
4.200000000000000000e+01 6.944000000000000172e-01
7.000000000000000000e+00 6.912000000000000366e-01
0.000000000000000000e+00 6.879999999999999449e-01
0.000000000000000000e+00 6.895999999999999908e-01
6.000000000000000000e+00 6.912000000000000366e-01
0.000000000000000000e+00 6.912000000000000366e-01
1.300000000000000000e+01 6.927999999999999714e-01
0.000000000000000000e+00 6.944000000000000172e-01
2.500000000000000000e+01 6.959999999999999520e-01
1.200000000000000000e+01 6.927999999999999714e-01
0.000000000000000000e+00 6.944000000000000172e-01
2.600000000000000000e+01 6.959999999999999520e-01
1.000000000000000000e+00 6.975999999999999979e-01
1.200000000000000000e+01 6.975999999999999979e-01
0.000000000000000000e+00 6.959999999999999520e-01
0.000000000000000000e+00 6.975999999999999979e-01
0.000000000000000000e+00 6.992000000000000437e-01
2.000000000000000000e+00 7.007999999999999785e-01
0.000000000000000000e+00 6.975999999999999979e-01
6.000000000000000000e+00 6.992000000000000437e-01
6.900000000000000000e+01 7.007999999999999785e-01
0.000000000000000000e+00 7.024000000000000243e-01
0.000000000000000000e+00 7.039999999999999591e-01
4.000000000000000000e+00 7.056000000000000050e-01
6.660000000000000000e+02 7.056000000000000050e-01
0.000000000000000000e+00 6.912000000000000366e-01
2.820000000000000000e+02 6.927999999999999714e-01
1.000000000000000000e+00 6.800000000000000488e-01
8.000000000000000000e+00 6.815999999999999837e-01
6.000000000000000000e+00 6.832000000000000295e-01
1.100000000000000000e+01 6.847999999999999643e-01
0.000000000000000000e+00 6.815999999999999837e-01
2.000000000000000000e+00 6.832000000000000295e-01
4.000000000000000000e+00 6.847999999999999643e-01
1.900000000000000000e+01 6.832000000000000295e-01
1.400000000000000000e+01 6.800000000000000488e-01
0.000000000000000000e+00 6.784000000000000030e-01
0.000000000000000000e+00 6.800000000000000488e-01
0.000000000000000000e+00 6.815999999999999837e-01
7.880000000000000000e+02 6.832000000000000295e-01
1.000000000000000000e+00 6.735999999999999766e-01
4.000000000000000000e+00 6.752000000000000224e-01
4.200000000000000000e+01 6.767999999999999572e-01
0.000000000000000000e+00 6.784000000000000030e-01
2.400000000000000000e+01 6.800000000000000488e-01
7.000000000000000000e+00 6.784000000000000030e-01
0.000000000000000000e+00 6.800000000000000488e-01
3.000000000000000000e+00 6.815999999999999837e-01
2.000000000000000000e+00 6.832000000000000295e-01
6.930000000000000000e+02 6.847999999999999643e-01
6.000000000000000000e+00 6.767999999999999572e-01
2.000000000000000000e+00 6.767999999999999572e-01
6.000000000000000000e+00 6.784000000000000030e-01
2.500000000000000000e+01 6.800000000000000488e-01
7.900000000000000000e+01 6.800000000000000488e-01
4.900000000000000000e+01 6.800000000000000488e-01
0.000000000000000000e+00 6.815999999999999837e-01
0.000000000000000000e+00 6.832000000000000295e-01
0.000000000000000000e+00 6.847999999999999643e-01
1.800000000000000000e+01 6.864000000000000101e-01
6.000000000000000000e+00 6.879999999999999449e-01
0.000000000000000000e+00 6.864000000000000101e-01
5.000000000000000000e+00 6.879999999999999449e-01
4.000000000000000000e+00 6.847999999999999643e-01
0.000000000000000000e+00 6.847999999999999643e-01
2.000000000000000000e+00 6.864000000000000101e-01
7.200000000000000000e+01 6.864000000000000101e-01
0.000000000000000000e+00 6.815999999999999837e-01
6.000000000000000000e+00 6.832000000000000295e-01
0.000000000000000000e+00 6.847999999999999643e-01
4.000000000000000000e+00 6.864000000000000101e-01
1.500000000000000000e+01 6.879999999999999449e-01
4.400000000000000000e+01 6.895999999999999908e-01
0.000000000000000000e+00 6.847999999999999643e-01
9.800000000000000000e+01 6.864000000000000101e-01
8.000000000000000000e+00 6.879999999999999449e-01
1.000000000000000000e+01 6.879999999999999449e-01
1.400000000000000000e+01 6.895999999999999908e-01
3.000000000000000000e+00 6.864000000000000101e-01
0.000000000000000000e+00 6.879999999999999449e-01
1.000000000000000000e+00 6.895999999999999908e-01
7.690000000000000000e+02 6.912000000000000366e-01
1.100000000000000000e+01 6.767999999999999572e-01
1.300000000000000000e+01 6.720000000000000417e-01
0.000000000000000000e+00 6.735999999999999766e-01
4.000000000000000000e+00 6.752000000000000224e-01
1.600000000000000000e+01 6.752000000000000224e-01
9.000000000000000000e+00 6.735999999999999766e-01
4.900000000000000000e+01 6.752000000000000224e-01
0.000000000000000000e+00 6.767999999999999572e-01
0.000000000000000000e+00 6.784000000000000030e-01
6.000000000000000000e+00 6.800000000000000488e-01
0.000000000000000000e+00 6.815999999999999837e-01
4.100000000000000000e+01 6.832000000000000295e-01
1.700000000000000000e+01 6.832000000000000295e-01
0.000000000000000000e+00 6.847999999999999643e-01
0.000000000000000000e+00 6.864000000000000101e-01
1.000000000000000000e+00 6.879999999999999449e-01
0.000000000000000000e+00 6.895999999999999908e-01
0.000000000000000000e+00 6.912000000000000366e-01
1.000000000000000000e+00 6.927999999999999714e-01
2.000000000000000000e+00 6.944000000000000172e-01
3.500000000000000000e+01 6.959999999999999520e-01
4.140000000000000000e+02 6.975999999999999979e-01
7.960000000000000000e+02 6.847999999999999643e-01
1.200000000000000000e+01 6.752000000000000224e-01
0.000000000000000000e+00 6.752000000000000224e-01
3.000000000000000000e+00 6.767999999999999572e-01
2.100000000000000000e+01 6.784000000000000030e-01
0.000000000000000000e+00 6.800000000000000488e-01
1.000000000000000000e+01 6.815999999999999837e-01
1.000000000000000000e+00 6.832000000000000295e-01
0.000000000000000000e+00 6.847999999999999643e-01
0.000000000000000000e+00 6.864000000000000101e-01
3.400000000000000000e+01 6.879999999999999449e-01
8.500000000000000000e+01 6.895999999999999908e-01
5.000000000000000000e+00 6.879999999999999449e-01
0.000000000000000000e+00 6.847999999999999643e-01
0.000000000000000000e+00 6.864000000000000101e-01
0.000000000000000000e+00 6.879999999999999449e-01
1.600000000000000000e+01 6.895999999999999908e-01
1.010000000000000000e+02 6.912000000000000366e-01
3.300000000000000000e+01 6.927999999999999714e-01
1.800000000000000000e+01 6.944000000000000172e-01
2.000000000000000000e+00 6.944000000000000172e-01
0.000000000000000000e+00 6.959999999999999520e-01
2.000000000000000000e+00 6.975999999999999979e-01
3.000000000000000000e+00 6.992000000000000437e-01
0.000000000000000000e+00 7.007999999999999785e-01
1.380000000000000000e+02 7.024000000000000243e-01
4.300000000000000000e+01 6.975999999999999979e-01
0.000000000000000000e+00 6.992000000000000437e-01
1.200000000000000000e+01 7.007999999999999785e-01
0.000000000000000000e+00 7.024000000000000243e-01
0.000000000000000000e+00 7.039999999999999591e-01
0.000000000000000000e+00 7.056000000000000050e-01
0.000000000000000000e+00 7.072000000000000508e-01
0.000000000000000000e+00 7.087999999999999856e-01
3.680000000000000000e+02 7.104000000000000314e-01
0.000000000000000000e+00 7.039999999999999591e-01
0.000000000000000000e+00 7.056000000000000050e-01
0.000000000000000000e+00 7.072000000000000508e-01
3.000000000000000000e+00 7.087999999999999856e-01
0.000000000000000000e+00 7.104000000000000314e-01
0.000000000000000000e+00 7.119999999999999662e-01
0.000000000000000000e+00 7.136000000000000121e-01
0.000000000000000000e+00 7.151999999999999469e-01
3.500000000000000000e+01 7.167999999999999927e-01
0.000000000000000000e+00 7.167999999999999927e-01
2.190000000000000000e+02 7.184000000000000385e-01
1.000000000000000000e+00 7.199999999999999734e-01
4.410000000000000000e+02 7.199999999999999734e-01
0.000000000000000000e+00 7.119999999999999662e-01
0.000000000000000000e+00 7.136000000000000121e-01
6.660000000000000000e+02 7.151999999999999469e-01
0.000000000000000000e+00 7.151999999999999469e-01
8.000000000000000000e+00 7.167999999999999927e-01
7.000000000000000000e+00 7.184000000000000385e-01
3.000000000000000000e+00 7.199999999999999734e-01
0.000000000000000000e+00 7.184000000000000385e-01
6.000000000000000000e+00 7.199999999999999734e-01
2.890000000000000000e+02 7.151999999999999469e-01
5.400000000000000000e+01 7.072000000000000508e-01
0.000000000000000000e+00 6.992000000000000437e-01
4.000000000000000000e+00 7.007999999999999785e-01
1.000000000000000000e+00 6.975999999999999979e-01
0.000000000000000000e+00 6.992000000000000437e-01
1.780000000000000000e+02 7.007999999999999785e-01
9.200000000000000000e+01 6.879999999999999449e-01
0.000000000000000000e+00 6.879999999999999449e-01
3.300000000000000000e+01 6.895999999999999908e-01
4.000000000000000000e+00 6.895999999999999908e-01
1.200000000000000000e+01 6.912000000000000366e-01
8.000000000000000000e+00 6.895999999999999908e-01
1.500000000000000000e+01 6.912000000000000366e-01
2.320000000000000000e+02 6.912000000000000366e-01
5.690000000000000000e+02 6.832000000000000295e-01
2.260000000000000000e+02 6.800000000000000488e-01
3.000000000000000000e+00 6.800000000000000488e-01
2.000000000000000000e+00 6.815999999999999837e-01
9.000000000000000000e+00 6.832000000000000295e-01
0.000000000000000000e+00 6.847999999999999643e-01
0.000000000000000000e+00 6.864000000000000101e-01
2.000000000000000000e+00 6.879999999999999449e-01
3.000000000000000000e+00 6.895999999999999908e-01
2.080000000000000000e+02 6.912000000000000366e-01
5.400000000000000000e+01 6.927999999999999714e-01
5.000000000000000000e+00 6.895999999999999908e-01
0.000000000000000000e+00 6.912000000000000366e-01
1.000000000000000000e+01 6.927999999999999714e-01
3.030000000000000000e+02 6.912000000000000366e-01
0.000000000000000000e+00 6.864000000000000101e-01
2.000000000000000000e+01 6.879999999999999449e-01
6.500000000000000000e+01 6.895999999999999908e-01
2.000000000000000000e+00 6.912000000000000366e-01
0.000000000000000000e+00 6.927999999999999714e-01
1.000000000000000000e+00 6.944000000000000172e-01
1.900000000000000000e+01 6.959999999999999520e-01
5.600000000000000000e+01 6.975999999999999979e-01
6.000000000000000000e+00 6.975999999999999979e-01
1.450000000000000000e+02 6.992000000000000437e-01
0.000000000000000000e+00 6.912000000000000366e-01
1.800000000000000000e+01 6.927999999999999714e-01
5.000000000000000000e+00 6.944000000000000172e-01
3.000000000000000000e+00 6.959999999999999520e-01
1.000000000000000000e+01 6.975999999999999979e-01
0.000000000000000000e+00 6.992000000000000437e-01
0.000000000000000000e+00 7.007999999999999785e-01
0.000000000000000000e+00 7.024000000000000243e-01
6.940000000000000000e+02 7.039999999999999591e-01
0.000000000000000000e+00 6.864000000000000101e-01
2.100000000000000000e+01 6.879999999999999449e-01
0.000000000000000000e+00 6.815999999999999837e-01
0.000000000000000000e+00 6.832000000000000295e-01
2.000000000000000000e+00 6.847999999999999643e-01
1.300000000000000000e+01 6.847999999999999643e-01
0.000000000000000000e+00 6.864000000000000101e-01
0.000000000000000000e+00 6.879999999999999449e-01
3.110000000000000000e+02 6.895999999999999908e-01
3.000000000000000000e+00 6.800000000000000488e-01
2.000000000000000000e+01 6.815999999999999837e-01
3.000000000000000000e+00 6.832000000000000295e-01
0.000000000000000000e+00 6.847999999999999643e-01
2.000000000000000000e+01 6.864000000000000101e-01
5.000000000000000000e+00 6.864000000000000101e-01
0.000000000000000000e+00 6.879999999999999449e-01
2.600000000000000000e+01 6.895999999999999908e-01
0.000000000000000000e+00 6.879999999999999449e-01
1.000000000000000000e+01 6.895999999999999908e-01
1.000000000000000000e+00 6.912000000000000366e-01
2.000000000000000000e+00 6.927999999999999714e-01
7.800000000000000000e+01 6.944000000000000172e-01
4.900000000000000000e+01 6.944000000000000172e-01
3.000000000000000000e+00 6.927999999999999714e-01
3.000000000000000000e+00 6.944000000000000172e-01
0.000000000000000000e+00 6.959999999999999520e-01
7.000000000000000000e+01 6.975999999999999979e-01
4.800000000000000000e+01 6.864000000000000101e-01
1.000000000000000000e+00 6.879999999999999449e-01
0.000000000000000000e+00 6.895999999999999908e-01
1.000000000000000000e+00 6.912000000000000366e-01
2.000000000000000000e+00 6.912000000000000366e-01
2.000000000000000000e+02 6.927999999999999714e-01
3.090000000000000000e+02 6.895999999999999908e-01
6.000000000000000000e+00 6.847999999999999643e-01
1.200000000000000000e+01 6.832000000000000295e-01
0.000000000000000000e+00 6.847999999999999643e-01
1.300000000000000000e+01 6.864000000000000101e-01
8.000000000000000000e+00 6.879999999999999449e-01
0.000000000000000000e+00 6.879999999999999449e-01
2.000000000000000000e+00 6.895999999999999908e-01
0.000000000000000000e+00 6.895999999999999908e-01
0.000000000000000000e+00 6.912000000000000366e-01
3.000000000000000000e+00 6.927999999999999714e-01
3.000000000000000000e+00 6.912000000000000366e-01
0.000000000000000000e+00 6.912000000000000366e-01
1.000000000000000000e+00 6.927999999999999714e-01
0.000000000000000000e+00 6.944000000000000172e-01
0.000000000000000000e+00 6.959999999999999520e-01
5.000000000000000000e+00 6.975999999999999979e-01
4.730000000000000000e+02 6.992000000000000437e-01
1.100000000000000000e+01 6.800000000000000488e-01
2.000000000000000000e+00 6.815999999999999837e-01
1.000000000000000000e+01 6.832000000000000295e-01
0.000000000000000000e+00 6.800000000000000488e-01
7.200000000000000000e+01 6.815999999999999837e-01
0.000000000000000000e+00 6.784000000000000030e-01
4.030000000000000000e+02 6.800000000000000488e-01
0.000000000000000000e+00 6.767999999999999572e-01
1.800000000000000000e+01 6.784000000000000030e-01
2.000000000000000000e+00 6.767999999999999572e-01
0.000000000000000000e+00 6.767999999999999572e-01
1.000000000000000000e+00 6.784000000000000030e-01
0.000000000000000000e+00 6.800000000000000488e-01
2.000000000000000000e+00 6.815999999999999837e-01
7.900000000000000000e+01 6.832000000000000295e-01
5.900000000000000000e+01 6.847999999999999643e-01
3.000000000000000000e+00 6.864000000000000101e-01
5.400000000000000000e+01 6.879999999999999449e-01
2.970000000000000000e+02 6.895999999999999908e-01
4.000000000000000000e+00 6.864000000000000101e-01
0.000000000000000000e+00 6.864000000000000101e-01
1.400000000000000000e+01 6.879999999999999449e-01
3.000000000000000000e+00 6.864000000000000101e-01
1.090000000000000000e+02 6.879999999999999449e-01
3.240000000000000000e+02 6.879999999999999449e-01
7.000000000000000000e+00 6.895999999999999908e-01
2.600000000000000000e+01 6.912000000000000366e-01
1.100000000000000000e+02 6.927999999999999714e-01
2.000000000000000000e+00 6.927999999999999714e-01
4.300000000000000000e+01 6.944000000000000172e-01
8.700000000000000000e+01 6.927999999999999714e-01
0.000000000000000000e+00 6.847999999999999643e-01
1.100000000000000000e+01 6.864000000000000101e-01
6.000000000000000000e+00 6.864000000000000101e-01
3.900000000000000000e+02 6.847999999999999643e-01
0.000000000000000000e+00 6.720000000000000417e-01
7.000000000000000000e+00 6.735999999999999766e-01
0.000000000000000000e+00 6.720000000000000417e-01
3.900000000000000000e+01 6.735999999999999766e-01
0.000000000000000000e+00 6.720000000000000417e-01
5.000000000000000000e+00 6.735999999999999766e-01
8.000000000000000000e+00 6.752000000000000224e-01
2.000000000000000000e+01 6.767999999999999572e-01
0.000000000000000000e+00 6.735999999999999766e-01
0.000000000000000000e+00 6.752000000000000224e-01
3.400000000000000000e+01 6.767999999999999572e-01
1.580000000000000000e+02 6.703999999999999959e-01
1.000000000000000000e+01 6.623999999999999888e-01
0.000000000000000000e+00 6.640000000000000346e-01
6.200000000000000000e+01 6.655999999999999694e-01
0.000000000000000000e+00 6.672000000000000153e-01
2.200000000000000000e+01 6.687999999999999501e-01
0.000000000000000000e+00 6.703999999999999959e-01
5.000000000000000000e+00 6.720000000000000417e-01
0.000000000000000000e+00 6.735999999999999766e-01
0.000000000000000000e+00 6.752000000000000224e-01
2.800000000000000000e+02 6.767999999999999572e-01
2.000000000000000000e+00 6.784000000000000030e-01
1.700000000000000000e+02 6.800000000000000488e-01
0.000000000000000000e+00 6.815999999999999837e-01
6.300000000000000000e+01 6.832000000000000295e-01
5.000000000000000000e+00 6.832000000000000295e-01
0.000000000000000000e+00 6.847999999999999643e-01
0.000000000000000000e+00 6.864000000000000101e-01
4.570000000000000000e+02 6.879999999999999449e-01
1.000000000000000000e+00 6.784000000000000030e-01
2.000000000000000000e+00 6.800000000000000488e-01
7.000000000000000000e+00 6.784000000000000030e-01
0.000000000000000000e+00 6.752000000000000224e-01
0.000000000000000000e+00 6.767999999999999572e-01
2.520000000000000000e+02 6.784000000000000030e-01
0.000000000000000000e+00 6.703999999999999959e-01
2.000000000000000000e+00 6.720000000000000417e-01
5.000000000000000000e+00 6.735999999999999766e-01
1.387000000000000000e+03 6.735999999999999766e-01
0.000000000000000000e+00 6.512000000000000011e-01
1.890000000000000000e+02 6.528000000000000469e-01
0.000000000000000000e+00 6.495999999999999552e-01
4.000000000000000000e+00 6.512000000000000011e-01
2.000000000000000000e+00 6.512000000000000011e-01
0.000000000000000000e+00 6.528000000000000469e-01
1.000000000000000000e+00 6.543999999999999817e-01
3.000000000000000000e+00 6.560000000000000275e-01
1.000000000000000000e+00 6.575999999999999623e-01
0.000000000000000000e+00 6.592000000000000082e-01
9.000000000000000000e+00 6.608000000000000540e-01
7.000000000000000000e+01 6.623999999999999888e-01
2.000000000000000000e+00 6.640000000000000346e-01
0.000000000000000000e+00 6.655999999999999694e-01
0.000000000000000000e+00 6.672000000000000153e-01
3.000000000000000000e+01 6.687999999999999501e-01
6.600000000000000000e+01 6.703999999999999959e-01
1.100000000000000000e+01 6.655999999999999694e-01
0.000000000000000000e+00 6.655999999999999694e-01
0.000000000000000000e+00 6.672000000000000153e-01
1.000000000000000000e+00 6.687999999999999501e-01
4.000000000000000000e+00 6.703999999999999959e-01
1.000000000000000000e+00 6.720000000000000417e-01
1.500000000000000000e+01 6.735999999999999766e-01
1.000000000000000000e+01 6.752000000000000224e-01
5.200000000000000000e+01 6.752000000000000224e-01
0.000000000000000000e+00 6.767999999999999572e-01
1.000000000000000000e+00 6.784000000000000030e-01
1.100000000000000000e+01 6.784000000000000030e-01
2.500000000000000000e+01 6.800000000000000488e-01
0.000000000000000000e+00 6.815999999999999837e-01
2.380000000000000000e+02 6.832000000000000295e-01
1.900000000000000000e+01 6.800000000000000488e-01
0.000000000000000000e+00 6.800000000000000488e-01
0.000000000000000000e+00 6.815999999999999837e-01
0.000000000000000000e+00 6.832000000000000295e-01
0.000000000000000000e+00 6.847999999999999643e-01
0.000000000000000000e+00 6.864000000000000101e-01
5.000000000000000000e+00 6.879999999999999449e-01
1.060000000000000000e+02 6.895999999999999908e-01
0.000000000000000000e+00 6.879999999999999449e-01
1.100000000000000000e+01 6.895999999999999908e-01
0.000000000000000000e+00 6.912000000000000366e-01
5.000000000000000000e+00 6.927999999999999714e-01
2.000000000000000000e+00 6.944000000000000172e-01
3.000000000000000000e+00 6.959999999999999520e-01
2.350000000000000000e+02 6.944000000000000172e-01
1.260000000000000000e+02 6.912000000000000366e-01
0.000000000000000000e+00 6.927999999999999714e-01
1.000000000000000000e+00 6.944000000000000172e-01
0.000000000000000000e+00 6.944000000000000172e-01
2.000000000000000000e+00 6.959999999999999520e-01
4.280000000000000000e+02 6.975999999999999979e-01
2.000000000000000000e+00 6.927999999999999714e-01
3.200000000000000000e+01 6.912000000000000366e-01
1.000000000000000000e+00 6.927999999999999714e-01
1.050000000000000000e+02 6.944000000000000172e-01
2.400000000000000000e+01 6.927999999999999714e-01
1.000000000000000000e+00 6.895999999999999908e-01
4.000000000000000000e+00 6.912000000000000366e-01
0.000000000000000000e+00 6.927999999999999714e-01
2.100000000000000000e+01 6.944000000000000172e-01
0.000000000000000000e+00 6.927999999999999714e-01
0.000000000000000000e+00 6.944000000000000172e-01
2.100000000000000000e+01 6.959999999999999520e-01
1.700000000000000000e+01 6.975999999999999979e-01
1.000000000000000000e+00 6.992000000000000437e-01
6.000000000000000000e+00 7.007999999999999785e-01
1.180000000000000000e+02 7.024000000000000243e-01
1.000000000000000000e+00 6.975999999999999979e-01
7.100000000000000000e+01 6.992000000000000437e-01
3.000000000000000000e+00 6.975999999999999979e-01
1.200000000000000000e+01 6.959999999999999520e-01
0.000000000000000000e+00 6.975999999999999979e-01
1.200000000000000000e+01 6.992000000000000437e-01
1.240000000000000000e+02 7.007999999999999785e-01
2.000000000000000000e+00 6.992000000000000437e-01
2.000000000000000000e+01 7.007999999999999785e-01
0.000000000000000000e+00 6.992000000000000437e-01
3.200000000000000000e+01 7.007999999999999785e-01
1.400000000000000000e+01 7.024000000000000243e-01
4.150000000000000000e+02 7.039999999999999591e-01
2.100000000000000000e+01 6.879999999999999449e-01
6.200000000000000000e+01 6.895999999999999908e-01
1.000000000000000000e+00 6.847999999999999643e-01
2.800000000000000000e+01 6.847999999999999643e-01
1.100000000000000000e+01 6.864000000000000101e-01
1.410000000000000000e+03 6.879999999999999449e-01
1.540000000000000000e+02 6.560000000000000275e-01
1.200000000000000000e+01 6.575999999999999623e-01
0.000000000000000000e+00 6.592000000000000082e-01
0.000000000000000000e+00 6.608000000000000540e-01
0.000000000000000000e+00 6.623999999999999888e-01
3.000000000000000000e+00 6.640000000000000346e-01
0.000000000000000000e+00 6.655999999999999694e-01
2.000000000000000000e+00 6.672000000000000153e-01
6.000000000000000000e+00 6.687999999999999501e-01
2.000000000000000000e+00 6.687999999999999501e-01
0.000000000000000000e+00 6.703999999999999959e-01
3.000000000000000000e+00 6.720000000000000417e-01
1.000000000000000000e+00 6.703999999999999959e-01
3.000000000000000000e+00 6.720000000000000417e-01
0.000000000000000000e+00 6.720000000000000417e-01
2.000000000000000000e+00 6.735999999999999766e-01
0.000000000000000000e+00 6.752000000000000224e-01
9.000000000000000000e+00 6.767999999999999572e-01
7.800000000000000000e+01 6.784000000000000030e-01
6.000000000000000000e+00 6.800000000000000488e-01
2.000000000000000000e+00 6.767999999999999572e-01
4.600000000000000000e+01 6.784000000000000030e-01
1.000000000000000000e+00 6.800000000000000488e-01
0.000000000000000000e+00 6.784000000000000030e-01
1.000000000000000000e+01 6.800000000000000488e-01
1.100000000000000000e+01 6.815999999999999837e-01
3.430000000000000000e+02 6.800000000000000488e-01
0.000000000000000000e+00 6.608000000000000540e-01
1.000000000000000000e+00 6.623999999999999888e-01
1.210000000000000000e+02 6.640000000000000346e-01
1.200000000000000000e+01 6.623999999999999888e-01
9.000000000000000000e+00 6.608000000000000540e-01
0.000000000000000000e+00 6.623999999999999888e-01
2.300000000000000000e+01 6.640000000000000346e-01
0.000000000000000000e+00 6.655999999999999694e-01
2.000000000000000000e+00 6.672000000000000153e-01
1.000000000000000000e+00 6.687999999999999501e-01
8.240000000000000000e+02 6.703999999999999959e-01
1.200000000000000000e+02 6.655999999999999694e-01
0.000000000000000000e+00 6.640000000000000346e-01
3.800000000000000000e+01 6.655999999999999694e-01
3.000000000000000000e+01 6.640000000000000346e-01
3.180000000000000000e+02 6.655999999999999694e-01
0.000000000000000000e+00 6.592000000000000082e-01
1.640000000000000000e+02 6.608000000000000540e-01
2.000000000000000000e+00 6.623999999999999888e-01
7.000000000000000000e+00 6.640000000000000346e-01
0.000000000000000000e+00 6.655999999999999694e-01
4.000000000000000000e+00 6.672000000000000153e-01
6.000000000000000000e+00 6.687999999999999501e-01
0.000000000000000000e+00 6.655999999999999694e-01
0.000000000000000000e+00 6.672000000000000153e-01
3.000000000000000000e+00 6.687999999999999501e-01
0.000000000000000000e+00 6.703999999999999959e-01
0.000000000000000000e+00 6.720000000000000417e-01
0.000000000000000000e+00 6.735999999999999766e-01
6.600000000000000000e+01 6.752000000000000224e-01
2.000000000000000000e+01 6.735999999999999766e-01
2.000000000000000000e+00 6.735999999999999766e-01
0.000000000000000000e+00 6.752000000000000224e-01
8.000000000000000000e+00 6.767999999999999572e-01
0.000000000000000000e+00 6.784000000000000030e-01
8.600000000000000000e+01 6.800000000000000488e-01
2.000000000000000000e+00 6.815999999999999837e-01
2.000000000000000000e+00 6.832000000000000295e-01
2.700000000000000000e+01 6.847999999999999643e-01
0.000000000000000000e+00 6.864000000000000101e-01
2.100000000000000000e+01 6.879999999999999449e-01
9.000000000000000000e+00 6.895999999999999908e-01
0.000000000000000000e+00 6.895999999999999908e-01
0.000000000000000000e+00 6.912000000000000366e-01
0.000000000000000000e+00 6.927999999999999714e-01
0.000000000000000000e+00 6.944000000000000172e-01
5.330000000000000000e+02 6.959999999999999520e-01
0.000000000000000000e+00 6.784000000000000030e-01
1.110000000000000000e+02 6.800000000000000488e-01
1.000000000000000000e+00 6.752000000000000224e-01
7.200000000000000000e+01 6.767999999999999572e-01
0.000000000000000000e+00 6.784000000000000030e-01
2.000000000000000000e+00 6.800000000000000488e-01
2.000000000000000000e+00 6.815999999999999837e-01
2.000000000000000000e+00 6.832000000000000295e-01
1.558000000000000000e+03 6.847999999999999643e-01
1.900000000000000000e+01 6.640000000000000346e-01
1.000000000000000000e+00 6.655999999999999694e-01
1.000000000000000000e+00 6.655999999999999694e-01
1.400000000000000000e+01 6.672000000000000153e-01
2.000000000000000000e+00 6.687999999999999501e-01
4.400000000000000000e+01 6.703999999999999959e-01
1.000000000000000000e+01 6.720000000000000417e-01
3.000000000000000000e+00 6.735999999999999766e-01
0.000000000000000000e+00 6.752000000000000224e-01
2.300000000000000000e+01 6.767999999999999572e-01
2.600000000000000000e+01 6.784000000000000030e-01
1.900000000000000000e+01 6.800000000000000488e-01
6.000000000000000000e+00 6.815999999999999837e-01
1.620000000000000000e+02 6.767999999999999572e-01
0.000000000000000000e+00 6.784000000000000030e-01
3.720000000000000000e+02 6.800000000000000488e-01
1.400000000000000000e+01 6.735999999999999766e-01
2.000000000000000000e+00 6.752000000000000224e-01
0.000000000000000000e+00 6.767999999999999572e-01
3.700000000000000000e+01 6.784000000000000030e-01
4.550000000000000000e+02 6.800000000000000488e-01
4.000000000000000000e+00 6.800000000000000488e-01
1.640000000000000000e+02 6.800000000000000488e-01
0.000000000000000000e+00 6.784000000000000030e-01
5.000000000000000000e+01 6.800000000000000488e-01
0.000000000000000000e+00 6.800000000000000488e-01
0.000000000000000000e+00 6.815999999999999837e-01
0.000000000000000000e+00 6.832000000000000295e-01
1.000000000000000000e+00 6.847999999999999643e-01
1.650000000000000000e+02 6.832000000000000295e-01
3.000000000000000000e+00 6.784000000000000030e-01
1.700000000000000000e+01 6.784000000000000030e-01
2.600000000000000000e+01 6.784000000000000030e-01
0.000000000000000000e+00 6.800000000000000488e-01
1.000000000000000000e+00 6.815999999999999837e-01
1.500000000000000000e+01 6.815999999999999837e-01
0.000000000000000000e+00 6.832000000000000295e-01
4.000000000000000000e+00 6.847999999999999643e-01
1.000000000000000000e+01 6.832000000000000295e-01
3.600000000000000000e+01 6.815999999999999837e-01
2.260000000000000000e+02 6.752000000000000224e-01
3.000000000000000000e+00 6.720000000000000417e-01
0.000000000000000000e+00 6.720000000000000417e-01
3.000000000000000000e+00 6.735999999999999766e-01
4.300000000000000000e+01 6.752000000000000224e-01
0.000000000000000000e+00 6.672000000000000153e-01
0.000000000000000000e+00 6.687999999999999501e-01
1.900000000000000000e+01 6.703999999999999959e-01
0.000000000000000000e+00 6.703999999999999959e-01
0.000000000000000000e+00 6.720000000000000417e-01
5.000000000000000000e+00 6.735999999999999766e-01
7.000000000000000000e+00 6.703999999999999959e-01
0.000000000000000000e+00 6.720000000000000417e-01
1.000000000000000000e+00 6.735999999999999766e-01
0.000000000000000000e+00 6.752000000000000224e-01
0.000000000000000000e+00 6.767999999999999572e-01
0.000000000000000000e+00 6.784000000000000030e-01
3.600000000000000000e+01 6.800000000000000488e-01
6.000000000000000000e+00 6.784000000000000030e-01
0.000000000000000000e+00 6.800000000000000488e-01
1.200000000000000000e+02 6.815999999999999837e-01
2.000000000000000000e+00 6.767999999999999572e-01
1.400000000000000000e+01 6.752000000000000224e-01
3.000000000000000000e+00 6.752000000000000224e-01
7.100000000000000000e+01 6.752000000000000224e-01
0.000000000000000000e+00 6.752000000000000224e-01
3.200000000000000000e+01 6.767999999999999572e-01
4.700000000000000000e+01 6.784000000000000030e-01
1.200000000000000000e+01 6.800000000000000488e-01
3.000000000000000000e+00 6.815999999999999837e-01
0.000000000000000000e+00 6.832000000000000295e-01
2.000000000000000000e+00 6.847999999999999643e-01
0.000000000000000000e+00 6.832000000000000295e-01
3.000000000000000000e+00 6.847999999999999643e-01
3.800000000000000000e+01 6.864000000000000101e-01
5.300000000000000000e+01 6.847999999999999643e-01
0.000000000000000000e+00 6.784000000000000030e-01
9.000000000000000000e+00 6.800000000000000488e-01
1.440000000000000000e+02 6.784000000000000030e-01
0.000000000000000000e+00 6.800000000000000488e-01
0.000000000000000000e+00 6.815999999999999837e-01
0.000000000000000000e+00 6.832000000000000295e-01
3.800000000000000000e+01 6.847999999999999643e-01
4.000000000000000000e+00 6.847999999999999643e-01
1.082000000000000000e+03 6.864000000000000101e-01
0.000000000000000000e+00 6.687999999999999501e-01
0.000000000000000000e+00 6.703999999999999959e-01
2.000000000000000000e+00 6.720000000000000417e-01
1.000000000000000000e+01 6.735999999999999766e-01
3.600000000000000000e+01 6.752000000000000224e-01
1.600000000000000000e+01 6.767999999999999572e-01
2.000000000000000000e+01 6.784000000000000030e-01
1.000000000000000000e+00 6.800000000000000488e-01
0.000000000000000000e+00 6.784000000000000030e-01
1.000000000000000000e+00 6.800000000000000488e-01
0.000000000000000000e+00 6.800000000000000488e-01
0.000000000000000000e+00 6.815999999999999837e-01
4.000000000000000000e+00 6.832000000000000295e-01
0.000000000000000000e+00 6.847999999999999643e-01
0.000000000000000000e+00 6.864000000000000101e-01
8.000000000000000000e+00 6.879999999999999449e-01
3.000000000000000000e+00 6.895999999999999908e-01
1.610000000000000000e+02 6.879999999999999449e-01
0.000000000000000000e+00 6.815999999999999837e-01
5.800000000000000000e+01 6.832000000000000295e-01
0.000000000000000000e+00 6.847999999999999643e-01
0.000000000000000000e+00 6.864000000000000101e-01
0.000000000000000000e+00 6.879999999999999449e-01
0.000000000000000000e+00 6.895999999999999908e-01
4.000000000000000000e+00 6.912000000000000366e-01
0.000000000000000000e+00 6.912000000000000366e-01
1.490000000000000000e+02 6.927999999999999714e-01
1.000000000000000000e+00 6.912000000000000366e-01
0.000000000000000000e+00 6.927999999999999714e-01
9.000000000000000000e+00 6.944000000000000172e-01
1.000000000000000000e+00 6.959999999999999520e-01
7.900000000000000000e+01 6.975999999999999979e-01
1.370000000000000000e+03 6.992000000000000437e-01
4.000000000000000000e+00 6.800000000000000488e-01
2.850000000000000000e+02 6.752000000000000224e-01
0.000000000000000000e+00 6.512000000000000011e-01
0.000000000000000000e+00 6.528000000000000469e-01
3.700000000000000000e+01 6.543999999999999817e-01
0.000000000000000000e+00 6.560000000000000275e-01
0.000000000000000000e+00 6.575999999999999623e-01
3.590000000000000000e+02 6.592000000000000082e-01
1.000000000000000000e+00 6.512000000000000011e-01
1.660000000000000000e+02 6.528000000000000469e-01
0.000000000000000000e+00 6.528000000000000469e-01
0.000000000000000000e+00 6.543999999999999817e-01
4.000000000000000000e+00 6.560000000000000275e-01
1.400000000000000000e+01 6.575999999999999623e-01
0.000000000000000000e+00 6.592000000000000082e-01
2.700000000000000000e+01 6.608000000000000540e-01
0.000000000000000000e+00 6.608000000000000540e-01
0.000000000000000000e+00 6.623999999999999888e-01
6.000000000000000000e+00 6.640000000000000346e-01
3.600000000000000000e+01 6.655999999999999694e-01
5.000000000000000000e+00 6.672000000000000153e-01
1.000000000000000000e+00 6.687999999999999501e-01
2.000000000000000000e+00 6.687999999999999501e-01
1.800000000000000000e+01 6.703999999999999959e-01
3.000000000000000000e+00 6.720000000000000417e-01
0.000000000000000000e+00 6.735999999999999766e-01
4.500000000000000000e+01 6.752000000000000224e-01
0.000000000000000000e+00 6.752000000000000224e-01
4.000000000000000000e+00 6.767999999999999572e-01
3.000000000000000000e+00 6.784000000000000030e-01
1.680000000000000000e+02 6.800000000000000488e-01
4.000000000000000000e+00 6.767999999999999572e-01
1.000000000000000000e+00 6.767999999999999572e-01
2.700000000000000000e+01 6.752000000000000224e-01
0.000000000000000000e+00 6.767999999999999572e-01
0.000000000000000000e+00 6.784000000000000030e-01
1.400000000000000000e+01 6.800000000000000488e-01
0.000000000000000000e+00 6.800000000000000488e-01
6.260000000000000000e+02 6.815999999999999837e-01
4.000000000000000000e+00 6.767999999999999572e-01
7.900000000000000000e+01 6.784000000000000030e-01
3.400000000000000000e+01 6.752000000000000224e-01
2.000000000000000000e+00 6.767999999999999572e-01
0.000000000000000000e+00 6.784000000000000030e-01
5.700000000000000000e+01 6.800000000000000488e-01
7.000000000000000000e+00 6.815999999999999837e-01
3.500000000000000000e+01 6.815999999999999837e-01
3.000000000000000000e+00 6.800000000000000488e-01
3.000000000000000000e+00 6.767999999999999572e-01
1.100000000000000000e+01 6.752000000000000224e-01
5.000000000000000000e+01 6.735999999999999766e-01
7.300000000000000000e+01 6.720000000000000417e-01
3.000000000000000000e+00 6.735999999999999766e-01
3.000000000000000000e+00 6.735999999999999766e-01
2.770000000000000000e+02 6.752000000000000224e-01
1.800000000000000000e+01 6.687999999999999501e-01
0.000000000000000000e+00 6.703999999999999959e-01
1.400000000000000000e+01 6.720000000000000417e-01
0.000000000000000000e+00 6.735999999999999766e-01
0.000000000000000000e+00 6.752000000000000224e-01
0.000000000000000000e+00 6.767999999999999572e-01
1.000000000000000000e+00 6.784000000000000030e-01
0.000000000000000000e+00 6.784000000000000030e-01
4.000000000000000000e+00 6.800000000000000488e-01
3.800000000000000000e+01 6.815999999999999837e-01
1.260000000000000000e+02 6.832000000000000295e-01
1.650000000000000000e+02 6.720000000000000417e-01
0.000000000000000000e+00 6.687999999999999501e-01
0.000000000000000000e+00 6.703999999999999959e-01
6.000000000000000000e+00 6.720000000000000417e-01
3.740000000000000000e+02 6.687999999999999501e-01
2.000000000000000000e+00 6.448000000000000398e-01
4.600000000000000000e+01 6.448000000000000398e-01
4.000000000000000000e+00 6.463999999999999746e-01
0.000000000000000000e+00 6.480000000000000204e-01
3.000000000000000000e+00 6.495999999999999552e-01
1.000000000000000000e+00 6.512000000000000011e-01
2.260000000000000000e+02 6.512000000000000011e-01
1.300000000000000000e+01 6.528000000000000469e-01
4.500000000000000000e+01 6.528000000000000469e-01
1.900000000000000000e+01 6.528000000000000469e-01
1.300000000000000000e+01 6.543999999999999817e-01
2.000000000000000000e+00 6.560000000000000275e-01
0.000000000000000000e+00 6.575999999999999623e-01
2.370000000000000000e+02 6.592000000000000082e-01
9.000000000000000000e+00 6.495999999999999552e-01
7.000000000000000000e+00 6.512000000000000011e-01
2.000000000000000000e+00 6.512000000000000011e-01
3.000000000000000000e+00 6.528000000000000469e-01
8.000000000000000000e+00 6.543999999999999817e-01
0.000000000000000000e+00 6.528000000000000469e-01
5.600000000000000000e+01 6.543999999999999817e-01
7.000000000000000000e+00 6.543999999999999817e-01
0.000000000000000000e+00 6.560000000000000275e-01
4.000000000000000000e+00 6.575999999999999623e-01
0.000000000000000000e+00 6.592000000000000082e-01
1.600000000000000000e+01 6.608000000000000540e-01
0.000000000000000000e+00 6.623999999999999888e-01
1.700000000000000000e+01 6.640000000000000346e-01
3.000000000000000000e+00 6.623999999999999888e-01
0.000000000000000000e+00 6.640000000000000346e-01
0.000000000000000000e+00 6.655999999999999694e-01
1.000000000000000000e+00 6.672000000000000153e-01
1.000000000000000000e+00 6.687999999999999501e-01
4.000000000000000000e+01 6.672000000000000153e-01
3.800000000000000000e+01 6.687999999999999501e-01
8.600000000000000000e+01 6.703999999999999959e-01
0.000000000000000000e+00 6.687999999999999501e-01
0.000000000000000000e+00 6.703999999999999959e-01
3.900000000000000000e+01 6.720000000000000417e-01
0.000000000000000000e+00 6.735999999999999766e-01
5.000000000000000000e+00 6.752000000000000224e-01
0.000000000000000000e+00 6.767999999999999572e-01
0.000000000000000000e+00 6.784000000000000030e-01
0.000000000000000000e+00 6.800000000000000488e-01
1.790000000000000000e+02 6.815999999999999837e-01
6.000000000000000000e+00 6.800000000000000488e-01
1.000000000000000000e+00 6.815999999999999837e-01
0.000000000000000000e+00 6.832000000000000295e-01
1.500000000000000000e+01 6.847999999999999643e-01
6.500000000000000000e+01 6.864000000000000101e-01
0.000000000000000000e+00 6.879999999999999449e-01
1.000000000000000000e+00 6.895999999999999908e-01
1.400000000000000000e+01 6.912000000000000366e-01
0.000000000000000000e+00 6.927999999999999714e-01
9.000000000000000000e+00 6.944000000000000172e-01
1.000000000000000000e+00 6.944000000000000172e-01
6.000000000000000000e+00 6.959999999999999520e-01
3.900000000000000000e+01 6.944000000000000172e-01
0.000000000000000000e+00 6.959999999999999520e-01
1.600000000000000000e+01 6.975999999999999979e-01
0.000000000000000000e+00 6.992000000000000437e-01
1.600000000000000000e+02 7.007999999999999785e-01
9.000000000000000000e+00 7.007999999999999785e-01
5.600000000000000000e+01 7.024000000000000243e-01
1.500000000000000000e+01 7.024000000000000243e-01
0.000000000000000000e+00 7.024000000000000243e-01
0.000000000000000000e+00 7.039999999999999591e-01
0.000000000000000000e+00 7.056000000000000050e-01
2.000000000000000000e+00 7.072000000000000508e-01
3.000000000000000000e+00 7.072000000000000508e-01
0.000000000000000000e+00 7.087999999999999856e-01
0.000000000000000000e+00 7.104000000000000314e-01
0.000000000000000000e+00 7.119999999999999662e-01
1.300000000000000000e+01 7.136000000000000121e-01
0.000000000000000000e+00 7.151999999999999469e-01
2.200000000000000000e+01 7.167999999999999927e-01
0.000000000000000000e+00 7.184000000000000385e-01
0.000000000000000000e+00 7.199999999999999734e-01
0.000000000000000000e+00 7.216000000000000192e-01
0.000000000000000000e+00 7.231999999999999540e-01
4.000000000000000000e+00 7.247999999999999998e-01
3.000000000000000000e+00 7.264000000000000457e-01
3.600000000000000000e+01 7.279999999999999805e-01
2.000000000000000000e+00 7.279999999999999805e-01
7.000000000000000000e+00 7.296000000000000263e-01
0.000000000000000000e+00 7.264000000000000457e-01
2.000000000000000000e+00 7.279999999999999805e-01
0.000000000000000000e+00 7.264000000000000457e-01
0.000000000000000000e+00 7.279999999999999805e-01
1.400000000000000000e+01 7.296000000000000263e-01
0.000000000000000000e+00 7.311999999999999611e-01
1.000000000000000000e+00 7.328000000000000069e-01
3.600000000000000000e+01 7.344000000000000528e-01
0.000000000000000000e+00 7.311999999999999611e-01
5.000000000000000000e+00 7.328000000000000069e-01
1.100000000000000000e+02 7.311999999999999611e-01
0.000000000000000000e+00 7.296000000000000263e-01
1.433000000000000000e+03 7.311999999999999611e-01
1.700000000000000000e+01 6.992000000000000437e-01
0.000000000000000000e+00 7.007999999999999785e-01
9.100000000000000000e+01 7.024000000000000243e-01
1.000000000000000000e+00 7.039999999999999591e-01
2.630000000000000000e+02 7.056000000000000050e-01
1.000000000000000000e+00 7.024000000000000243e-01
2.000000000000000000e+00 7.039999999999999591e-01
0.000000000000000000e+00 7.056000000000000050e-01
2.400000000000000000e+01 7.072000000000000508e-01
0.000000000000000000e+00 7.087999999999999856e-01
1.460000000000000000e+02 7.104000000000000314e-01
0.000000000000000000e+00 7.119999999999999662e-01
0.000000000000000000e+00 7.136000000000000121e-01
3.110000000000000000e+02 7.151999999999999469e-01
0.000000000000000000e+00 6.975999999999999979e-01
0.000000000000000000e+00 6.992000000000000437e-01
1.020000000000000000e+02 7.007999999999999785e-01
0.000000000000000000e+00 7.024000000000000243e-01
1.000000000000000000e+00 7.039999999999999591e-01
2.050000000000000000e+02 7.039999999999999591e-01
1.300000000000000000e+01 6.959999999999999520e-01
0.000000000000000000e+00 6.975999999999999979e-01
6.510000000000000000e+02 6.992000000000000437e-01
1.900000000000000000e+01 6.832000000000000295e-01
9.000000000000000000e+00 6.847999999999999643e-01
0.000000000000000000e+00 6.847999999999999643e-01
0.000000000000000000e+00 6.864000000000000101e-01
1.000000000000000000e+00 6.879999999999999449e-01
4.000000000000000000e+00 6.895999999999999908e-01
0.000000000000000000e+00 6.912000000000000366e-01
2.400000000000000000e+01 6.927999999999999714e-01
1.000000000000000000e+00 6.944000000000000172e-01
2.000000000000000000e+01 6.959999999999999520e-01
0.000000000000000000e+00 6.975999999999999979e-01
3.900000000000000000e+01 6.992000000000000437e-01
0.000000000000000000e+00 6.975999999999999979e-01
3.200000000000000000e+01 6.992000000000000437e-01
6.000000000000000000e+00 6.975999999999999979e-01
0.000000000000000000e+00 6.992000000000000437e-01
1.700000000000000000e+01 7.007999999999999785e-01
0.000000000000000000e+00 6.992000000000000437e-01
4.400000000000000000e+01 7.007999999999999785e-01
0.000000000000000000e+00 6.975999999999999979e-01
0.000000000000000000e+00 6.992000000000000437e-01
2.500000000000000000e+01 7.007999999999999785e-01
0.000000000000000000e+00 6.927999999999999714e-01
0.000000000000000000e+00 6.944000000000000172e-01
2.490000000000000000e+02 6.959999999999999520e-01
4.270000000000000000e+02 6.975999999999999979e-01
2.000000000000000000e+00 6.912000000000000366e-01
1.387000000000000000e+03 6.927999999999999714e-01
2.000000000000000000e+00 6.608000000000000540e-01
4.000000000000000000e+00 6.623999999999999888e-01
0.000000000000000000e+00 6.640000000000000346e-01
0.000000000000000000e+00 6.655999999999999694e-01
7.000000000000000000e+00 6.672000000000000153e-01
0.000000000000000000e+00 6.687999999999999501e-01
1.000000000000000000e+00 6.703999999999999959e-01
7.000000000000000000e+01 6.703999999999999959e-01
0.000000000000000000e+00 6.720000000000000417e-01
0.000000000000000000e+00 6.735999999999999766e-01
5.900000000000000000e+01 6.752000000000000224e-01
2.000000000000000000e+00 6.767999999999999572e-01
5.200000000000000000e+01 6.784000000000000030e-01
2.000000000000000000e+00 6.800000000000000488e-01
0.000000000000000000e+00 6.815999999999999837e-01
1.500000000000000000e+01 6.832000000000000295e-01
1.400000000000000000e+01 6.847999999999999643e-01
0.000000000000000000e+00 6.864000000000000101e-01
6.000000000000000000e+00 6.879999999999999449e-01
1.000000000000000000e+00 6.895999999999999908e-01
8.000000000000000000e+00 6.912000000000000366e-01
0.000000000000000000e+00 6.927999999999999714e-01
4.000000000000000000e+00 6.944000000000000172e-01
1.140000000000000000e+02 6.959999999999999520e-01
1.260000000000000000e+02 6.975999999999999979e-01
1.000000000000000000e+02 6.992000000000000437e-01
0.000000000000000000e+00 6.895999999999999908e-01
1.000000000000000000e+00 6.912000000000000366e-01
2.300000000000000000e+02 6.927999999999999714e-01
1.000000000000000000e+00 6.912000000000000366e-01
1.000000000000000000e+01 6.927999999999999714e-01
6.000000000000000000e+00 6.944000000000000172e-01
0.000000000000000000e+00 6.959999999999999520e-01
1.000000000000000000e+00 6.975999999999999979e-01
2.000000000000000000e+01 6.992000000000000437e-01
6.000000000000000000e+00 7.007999999999999785e-01
1.200000000000000000e+01 7.024000000000000243e-01
0.000000000000000000e+00 7.039999999999999591e-01
2.000000000000000000e+00 7.056000000000000050e-01
4.000000000000000000e+00 7.072000000000000508e-01
1.500000000000000000e+01 7.087999999999999856e-01
1.000000000000000000e+00 7.104000000000000314e-01
1.700000000000000000e+01 7.119999999999999662e-01
1.900000000000000000e+01 7.136000000000000121e-01
0.000000000000000000e+00 7.136000000000000121e-01
0.000000000000000000e+00 7.151999999999999469e-01
0.000000000000000000e+00 7.167999999999999927e-01
3.410000000000000000e+02 7.184000000000000385e-01
3.300000000000000000e+01 7.072000000000000508e-01
2.500000000000000000e+01 7.072000000000000508e-01
0.000000000000000000e+00 7.056000000000000050e-01
3.000000000000000000e+01 7.072000000000000508e-01
2.300000000000000000e+01 7.072000000000000508e-01
1.800000000000000000e+01 7.087999999999999856e-01
2.400000000000000000e+01 7.072000000000000508e-01
3.000000000000000000e+00 7.056000000000000050e-01
1.560000000000000000e+02 7.072000000000000508e-01
1.110000000000000000e+02 7.072000000000000508e-01
2.500000000000000000e+01 7.039999999999999591e-01
0.000000000000000000e+00 7.056000000000000050e-01
2.900000000000000000e+01 7.072000000000000508e-01
3.920000000000000000e+02 7.087999999999999856e-01
0.000000000000000000e+00 6.959999999999999520e-01
0.000000000000000000e+00 6.975999999999999979e-01
1.000000000000000000e+00 6.992000000000000437e-01
4.000000000000000000e+00 6.992000000000000437e-01
0.000000000000000000e+00 7.007999999999999785e-01
6.000000000000000000e+00 7.024000000000000243e-01
0.000000000000000000e+00 7.039999999999999591e-01
0.000000000000000000e+00 7.056000000000000050e-01
1.150000000000000000e+02 7.072000000000000508e-01
4.780000000000000000e+02 7.087999999999999856e-01
6.900000000000000000e+01 6.784000000000000030e-01
5.300000000000000000e+01 6.800000000000000488e-01
0.000000000000000000e+00 6.784000000000000030e-01
2.200000000000000000e+01 6.800000000000000488e-01
0.000000000000000000e+00 6.784000000000000030e-01
2.000000000000000000e+00 6.800000000000000488e-01
0.000000000000000000e+00 6.815999999999999837e-01
1.500000000000000000e+01 6.832000000000000295e-01
2.000000000000000000e+00 6.847999999999999643e-01
1.970000000000000000e+02 6.864000000000000101e-01
0.000000000000000000e+00 6.847999999999999643e-01
5.200000000000000000e+02 6.864000000000000101e-01
0.000000000000000000e+00 6.815999999999999837e-01
3.000000000000000000e+00 6.832000000000000295e-01
0.000000000000000000e+00 6.832000000000000295e-01
6.000000000000000000e+00 6.847999999999999643e-01
6.100000000000000000e+01 6.815999999999999837e-01
4.000000000000000000e+00 6.800000000000000488e-01
5.200000000000000000e+01 6.815999999999999837e-01
0.000000000000000000e+00 6.815999999999999837e-01
4.000000000000000000e+00 6.832000000000000295e-01
2.500000000000000000e+01 6.847999999999999643e-01
1.500000000000000000e+01 6.832000000000000295e-01
2.800000000000000000e+01 6.784000000000000030e-01
2.410000000000000000e+02 6.800000000000000488e-01
6.000000000000000000e+00 6.784000000000000030e-01
5.980000000000000000e+02 6.800000000000000488e-01
0.000000000000000000e+00 6.800000000000000488e-01
3.000000000000000000e+00 6.815999999999999837e-01
0.000000000000000000e+00 6.832000000000000295e-01
3.000000000000000000e+00 6.847999999999999643e-01
3.700000000000000000e+01 6.864000000000000101e-01
1.200000000000000000e+01 6.879999999999999449e-01
2.000000000000000000e+00 6.879999999999999449e-01
6.000000000000000000e+00 6.895999999999999908e-01
2.100000000000000000e+01 6.912000000000000366e-01
0.000000000000000000e+00 6.927999999999999714e-01
2.500000000000000000e+02 6.944000000000000172e-01
0.000000000000000000e+00 6.895999999999999908e-01
0.000000000000000000e+00 6.912000000000000366e-01
0.000000000000000000e+00 6.927999999999999714e-01
3.000000000000000000e+00 6.944000000000000172e-01
1.000000000000000000e+00 6.944000000000000172e-01
1.100000000000000000e+01 6.959999999999999520e-01
9.100000000000000000e+01 6.975999999999999979e-01
0.000000000000000000e+00 6.992000000000000437e-01
4.000000000000000000e+00 7.007999999999999785e-01
0.000000000000000000e+00 7.007999999999999785e-01
2.300000000000000000e+01 7.024000000000000243e-01
7.000000000000000000e+00 6.944000000000000172e-01
0.000000000000000000e+00 6.959999999999999520e-01
3.000000000000000000e+00 6.975999999999999979e-01
2.060000000000000000e+02 6.992000000000000437e-01
8.000000000000000000e+01 7.007999999999999785e-01
9.500000000000000000e+01 7.024000000000000243e-01
1.000000000000000000e+00 7.007999999999999785e-01
1.000000000000000000e+00 7.024000000000000243e-01
0.000000000000000000e+00 7.039999999999999591e-01
7.300000000000000000e+01 7.056000000000000050e-01
5.000000000000000000e+01 7.072000000000000508e-01
1.200000000000000000e+01 7.056000000000000050e-01
0.000000000000000000e+00 7.072000000000000508e-01
0.000000000000000000e+00 7.087999999999999856e-01
0.000000000000000000e+00 7.104000000000000314e-01
1.000000000000000000e+00 7.119999999999999662e-01
6.000000000000000000e+00 7.136000000000000121e-01
5.000000000000000000e+00 7.151999999999999469e-01
8.970000000000000000e+02 7.167999999999999927e-01
5.000000000000000000e+01 7.007999999999999785e-01
3.000000000000000000e+00 6.944000000000000172e-01
3.000000000000000000e+00 6.959999999999999520e-01
1.000000000000000000e+00 6.959999999999999520e-01
5.600000000000000000e+01 6.975999999999999979e-01
4.000000000000000000e+00 6.927999999999999714e-01
0.000000000000000000e+00 6.944000000000000172e-01
4.000000000000000000e+01 6.959999999999999520e-01
0.000000000000000000e+00 6.927999999999999714e-01
6.000000000000000000e+00 6.944000000000000172e-01
0.000000000000000000e+00 6.959999999999999520e-01
1.300000000000000000e+01 6.975999999999999979e-01
0.000000000000000000e+00 6.992000000000000437e-01
5.400000000000000000e+01 7.007999999999999785e-01
0.000000000000000000e+00 6.992000000000000437e-01
3.000000000000000000e+00 7.007999999999999785e-01
0.000000000000000000e+00 7.024000000000000243e-01
0.000000000000000000e+00 7.039999999999999591e-01
1.000000000000000000e+00 7.056000000000000050e-01
2.910000000000000000e+02 7.072000000000000508e-01
0.000000000000000000e+00 6.879999999999999449e-01
0.000000000000000000e+00 6.895999999999999908e-01
7.000000000000000000e+00 6.912000000000000366e-01
8.550000000000000000e+02 6.927999999999999714e-01
2.000000000000000000e+00 6.767999999999999572e-01
4.100000000000000000e+01 6.784000000000000030e-01
9.600000000000000000e+01 6.752000000000000224e-01
1.680000000000000000e+02 6.767999999999999572e-01
0.000000000000000000e+00 6.784000000000000030e-01
5.300000000000000000e+01 6.800000000000000488e-01
0.000000000000000000e+00 6.720000000000000417e-01
0.000000000000000000e+00 6.735999999999999766e-01
1.000000000000000000e+00 6.752000000000000224e-01
9.870000000000000000e+02 6.767999999999999572e-01
2.600000000000000000e+01 6.687999999999999501e-01
1.600000000000000000e+01 6.687999999999999501e-01
4.000000000000000000e+00 6.703999999999999959e-01
1.000000000000000000e+00 6.720000000000000417e-01
2.000000000000000000e+00 6.735999999999999766e-01
4.600000000000000000e+01 6.752000000000000224e-01
0.000000000000000000e+00 6.735999999999999766e-01
0.000000000000000000e+00 6.752000000000000224e-01
1.300000000000000000e+01 6.767999999999999572e-01
4.100000000000000000e+01 6.735999999999999766e-01
1.000000000000000000e+00 6.672000000000000153e-01
7.000000000000000000e+00 6.672000000000000153e-01
0.000000000000000000e+00 6.687999999999999501e-01
0.000000000000000000e+00 6.703999999999999959e-01
1.200000000000000000e+01 6.720000000000000417e-01
3.800000000000000000e+01 6.703999999999999959e-01
4.200000000000000000e+01 6.703999999999999959e-01
3.000000000000000000e+00 6.720000000000000417e-01
0.000000000000000000e+00 6.735999999999999766e-01
4.000000000000000000e+00 6.752000000000000224e-01
2.000000000000000000e+00 6.767999999999999572e-01
0.000000000000000000e+00 6.752000000000000224e-01
2.000000000000000000e+00 6.767999999999999572e-01
5.000000000000000000e+01 6.784000000000000030e-01
0.000000000000000000e+00 6.735999999999999766e-01
7.000000000000000000e+00 6.752000000000000224e-01
3.000000000000000000e+00 6.767999999999999572e-01
1.000000000000000000e+00 6.784000000000000030e-01
2.230000000000000000e+02 6.800000000000000488e-01
0.000000000000000000e+00 6.752000000000000224e-01
2.000000000000000000e+00 6.767999999999999572e-01
2.000000000000000000e+00 6.752000000000000224e-01
2.600000000000000000e+01 6.767999999999999572e-01
3.960000000000000000e+02 6.720000000000000417e-01
6.300000000000000000e+01 6.655999999999999694e-01
0.000000000000000000e+00 6.655999999999999694e-01
0.000000000000000000e+00 6.672000000000000153e-01
1.000000000000000000e+00 6.687999999999999501e-01
1.000000000000000000e+00 6.703999999999999959e-01
7.000000000000000000e+00 6.687999999999999501e-01
1.000000000000000000e+00 6.703999999999999959e-01
2.000000000000000000e+00 6.720000000000000417e-01
5.000000000000000000e+00 6.735999999999999766e-01
9.000000000000000000e+00 6.752000000000000224e-01
0.000000000000000000e+00 6.767999999999999572e-01
2.000000000000000000e+00 6.784000000000000030e-01
9.000000000000000000e+00 6.800000000000000488e-01
0.000000000000000000e+00 6.784000000000000030e-01
3.000000000000000000e+00 6.800000000000000488e-01
3.000000000000000000e+00 6.815999999999999837e-01
0.000000000000000000e+00 6.800000000000000488e-01
1.180000000000000000e+02 6.815999999999999837e-01
0.000000000000000000e+00 6.703999999999999959e-01
1.000000000000000000e+01 6.720000000000000417e-01
3.200000000000000000e+01 6.735999999999999766e-01
2.000000000000000000e+00 6.752000000000000224e-01
0.000000000000000000e+00 6.767999999999999572e-01
0.000000000000000000e+00 6.784000000000000030e-01
1.000000000000000000e+00 6.800000000000000488e-01
6.300000000000000000e+01 6.800000000000000488e-01
2.600000000000000000e+01 6.815999999999999837e-01
4.000000000000000000e+00 6.832000000000000295e-01
0.000000000000000000e+00 6.847999999999999643e-01
0.000000000000000000e+00 6.864000000000000101e-01
9.000000000000000000e+01 6.879999999999999449e-01
1.288000000000000000e+03 6.847999999999999643e-01
2.000000000000000000e+00 6.687999999999999501e-01
7.000000000000000000e+00 6.703999999999999959e-01
2.000000000000000000e+00 6.720000000000000417e-01
4.500000000000000000e+01 6.703999999999999959e-01
2.300000000000000000e+01 6.655999999999999694e-01
0.000000000000000000e+00 6.672000000000000153e-01
3.000000000000000000e+00 6.687999999999999501e-01
1.500000000000000000e+01 6.655999999999999694e-01
8.000000000000000000e+00 6.672000000000000153e-01
1.000000000000000000e+00 6.655999999999999694e-01
8.000000000000000000e+00 6.672000000000000153e-01
0.000000000000000000e+00 6.687999999999999501e-01
7.300000000000000000e+01 6.703999999999999959e-01
1.000000000000000000e+00 6.720000000000000417e-01
0.000000000000000000e+00 6.735999999999999766e-01
0.000000000000000000e+00 6.752000000000000224e-01
3.000000000000000000e+00 6.767999999999999572e-01
3.900000000000000000e+01 6.735999999999999766e-01
2.000000000000000000e+00 6.752000000000000224e-01
0.000000000000000000e+00 6.752000000000000224e-01
8.310000000000000000e+02 6.767999999999999572e-01
3.000000000000000000e+00 6.640000000000000346e-01
3.000000000000000000e+00 6.655999999999999694e-01
6.000000000000000000e+00 6.672000000000000153e-01
0.000000000000000000e+00 6.687999999999999501e-01
8.000000000000000000e+00 6.703999999999999959e-01
0.000000000000000000e+00 6.687999999999999501e-01
1.000000000000000000e+00 6.703999999999999959e-01
0.000000000000000000e+00 6.703999999999999959e-01
2.800000000000000000e+01 6.720000000000000417e-01
2.000000000000000000e+00 6.735999999999999766e-01
5.000000000000000000e+00 6.752000000000000224e-01
1.900000000000000000e+01 6.767999999999999572e-01
1.500000000000000000e+01 6.784000000000000030e-01
0.000000000000000000e+00 6.800000000000000488e-01
1.000000000000000000e+01 6.815999999999999837e-01
0.000000000000000000e+00 6.832000000000000295e-01
6.000000000000000000e+00 6.847999999999999643e-01
0.000000000000000000e+00 6.864000000000000101e-01
6.000000000000000000e+00 6.879999999999999449e-01
1.000000000000000000e+01 6.895999999999999908e-01
2.000000000000000000e+00 6.912000000000000366e-01
2.000000000000000000e+00 6.927999999999999714e-01
2.000000000000000000e+00 6.912000000000000366e-01
2.000000000000000000e+00 6.895999999999999908e-01
9.200000000000000000e+01 6.895999999999999908e-01
8.000000000000000000e+00 6.895999999999999908e-01
1.900000000000000000e+01 6.912000000000000366e-01
1.400000000000000000e+01 6.895999999999999908e-01
9.700000000000000000e+01 6.832000000000000295e-01
4.000000000000000000e+00 6.832000000000000295e-01
5.590000000000000000e+02 6.847999999999999643e-01
0.000000000000000000e+00 6.815999999999999837e-01
0.000000000000000000e+00 6.832000000000000295e-01
2.460000000000000000e+02 6.847999999999999643e-01
2.000000000000000000e+00 6.767999999999999572e-01
7.000000000000000000e+00 6.784000000000000030e-01
1.200000000000000000e+01 6.767999999999999572e-01
0.000000000000000000e+00 6.784000000000000030e-01
1.400000000000000000e+01 6.800000000000000488e-01
2.000000000000000000e+00 6.800000000000000488e-01
0.000000000000000000e+00 6.815999999999999837e-01
3.000000000000000000e+00 6.832000000000000295e-01
0.000000000000000000e+00 6.832000000000000295e-01
0.000000000000000000e+00 6.847999999999999643e-01
1.300000000000000000e+01 6.864000000000000101e-01
6.900000000000000000e+01 6.879999999999999449e-01
1.000000000000000000e+00 6.800000000000000488e-01
0.000000000000000000e+00 6.815999999999999837e-01
1.100000000000000000e+01 6.832000000000000295e-01
4.000000000000000000e+00 6.832000000000000295e-01
1.390000000000000000e+02 6.832000000000000295e-01
4.400000000000000000e+01 6.815999999999999837e-01
2.000000000000000000e+00 6.800000000000000488e-01
2.400000000000000000e+01 6.800000000000000488e-01
8.000000000000000000e+00 6.815999999999999837e-01
1.220000000000000000e+02 6.832000000000000295e-01
2.000000000000000000e+00 6.784000000000000030e-01
0.000000000000000000e+00 6.752000000000000224e-01
0.000000000000000000e+00 6.767999999999999572e-01
0.000000000000000000e+00 6.784000000000000030e-01
0.000000000000000000e+00 6.800000000000000488e-01
1.000000000000000000e+00 6.815999999999999837e-01
0.000000000000000000e+00 6.815999999999999837e-01
5.900000000000000000e+01 6.832000000000000295e-01
5.700000000000000000e+01 6.832000000000000295e-01
5.250000000000000000e+02 6.847999999999999643e-01
0.000000000000000000e+00 6.752000000000000224e-01
0.000000000000000000e+00 6.767999999999999572e-01
2.800000000000000000e+01 6.784000000000000030e-01
6.750000000000000000e+02 6.735999999999999766e-01
6.000000000000000000e+00 6.560000000000000275e-01
0.000000000000000000e+00 6.543999999999999817e-01
0.000000000000000000e+00 6.560000000000000275e-01
2.500000000000000000e+01 6.575999999999999623e-01
5.000000000000000000e+00 6.592000000000000082e-01
3.000000000000000000e+00 6.608000000000000540e-01
0.000000000000000000e+00 6.608000000000000540e-01
1.000000000000000000e+00 6.623999999999999888e-01
1.200000000000000000e+01 6.623999999999999888e-01
3.000000000000000000e+00 6.640000000000000346e-01
0.000000000000000000e+00 6.640000000000000346e-01
2.200000000000000000e+01 6.655999999999999694e-01
4.000000000000000000e+00 6.623999999999999888e-01
1.100000000000000000e+01 6.640000000000000346e-01
3.000000000000000000e+00 6.655999999999999694e-01
1.000000000000000000e+00 6.640000000000000346e-01
2.100000000000000000e+01 6.640000000000000346e-01
2.000000000000000000e+00 6.608000000000000540e-01
0.000000000000000000e+00 6.623999999999999888e-01
2.130000000000000000e+02 6.640000000000000346e-01
0.000000000000000000e+00 6.655999999999999694e-01
2.000000000000000000e+00 6.672000000000000153e-01
0.000000000000000000e+00 6.655999999999999694e-01
2.000000000000000000e+00 6.672000000000000153e-01
4.500000000000000000e+01 6.687999999999999501e-01
1.320000000000000000e+02 6.687999999999999501e-01
4.200000000000000000e+01 6.703999999999999959e-01
0.000000000000000000e+00 6.687999999999999501e-01
2.300000000000000000e+02 6.703999999999999959e-01
2.420000000000000000e+02 6.575999999999999623e-01
4.000000000000000000e+00 6.575999999999999623e-01
0.000000000000000000e+00 6.560000000000000275e-01
0.000000000000000000e+00 6.575999999999999623e-01
1.750000000000000000e+02 6.592000000000000082e-01
1.700000000000000000e+01 6.560000000000000275e-01
8.000000000000000000e+00 6.575999999999999623e-01
1.100000000000000000e+01 6.592000000000000082e-01
1.000000000000000000e+01 6.608000000000000540e-01
8.000000000000000000e+00 6.623999999999999888e-01
1.600000000000000000e+01 6.640000000000000346e-01
1.000000000000000000e+00 6.655999999999999694e-01
0.000000000000000000e+00 6.655999999999999694e-01
0.000000000000000000e+00 6.672000000000000153e-01
3.000000000000000000e+00 6.687999999999999501e-01
8.000000000000000000e+00 6.687999999999999501e-01
0.000000000000000000e+00 6.703999999999999959e-01
0.000000000000000000e+00 6.720000000000000417e-01
8.200000000000000000e+01 6.735999999999999766e-01
0.000000000000000000e+00 6.752000000000000224e-01
1.250000000000000000e+02 6.767999999999999572e-01
3.000000000000000000e+00 6.752000000000000224e-01
4.360000000000000000e+02 6.767999999999999572e-01
0.000000000000000000e+00 6.784000000000000030e-01
0.000000000000000000e+00 6.800000000000000488e-01
0.000000000000000000e+00 6.815999999999999837e-01
3.840000000000000000e+02 6.832000000000000295e-01
2.000000000000000000e+00 6.703999999999999959e-01
1.100000000000000000e+01 6.720000000000000417e-01
2.700000000000000000e+01 6.735999999999999766e-01
0.000000000000000000e+00 6.752000000000000224e-01
0.000000000000000000e+00 6.767999999999999572e-01
2.000000000000000000e+00 6.784000000000000030e-01
9.000000000000000000e+00 6.800000000000000488e-01
1.000000000000000000e+01 6.815999999999999837e-01
2.400000000000000000e+01 6.832000000000000295e-01
1.000000000000000000e+00 6.815999999999999837e-01
1.400000000000000000e+01 6.832000000000000295e-01
6.000000000000000000e+00 6.847999999999999643e-01
0.000000000000000000e+00 6.864000000000000101e-01
0.000000000000000000e+00 6.879999999999999449e-01
0.000000000000000000e+00 6.895999999999999908e-01
1.920000000000000000e+02 6.912000000000000366e-01
6.800000000000000000e+01 6.927999999999999714e-01
2.000000000000000000e+00 6.912000000000000366e-01
6.000000000000000000e+00 6.927999999999999714e-01
7.000000000000000000e+00 6.912000000000000366e-01
2.000000000000000000e+00 6.927999999999999714e-01
3.600000000000000000e+01 6.944000000000000172e-01
3.000000000000000000e+00 6.959999999999999520e-01
0.000000000000000000e+00 6.975999999999999979e-01
1.700000000000000000e+01 6.992000000000000437e-01
2.200000000000000000e+01 6.992000000000000437e-01
1.000000000000000000e+00 6.992000000000000437e-01
0.000000000000000000e+00 7.007999999999999785e-01
0.000000000000000000e+00 7.024000000000000243e-01
1.000000000000000000e+01 7.039999999999999591e-01
2.700000000000000000e+01 6.992000000000000437e-01
4.400000000000000000e+01 6.992000000000000437e-01
0.000000000000000000e+00 7.007999999999999785e-01
6.000000000000000000e+00 7.024000000000000243e-01
0.000000000000000000e+00 7.039999999999999591e-01
0.000000000000000000e+00 7.056000000000000050e-01
1.040000000000000000e+02 7.072000000000000508e-01
6.200000000000000000e+01 7.007999999999999785e-01
2.000000000000000000e+00 7.024000000000000243e-01
0.000000000000000000e+00 7.039999999999999591e-01
0.000000000000000000e+00 7.056000000000000050e-01
5.000000000000000000e+00 7.072000000000000508e-01
3.000000000000000000e+00 7.072000000000000508e-01
0.000000000000000000e+00 7.087999999999999856e-01
0.000000000000000000e+00 7.104000000000000314e-01
1.400000000000000000e+01 7.119999999999999662e-01
5.710000000000000000e+02 7.104000000000000314e-01
4.000000000000000000e+00 7.072000000000000508e-01
2.000000000000000000e+00 7.087999999999999856e-01
4.000000000000000000e+00 7.104000000000000314e-01
5.000000000000000000e+00 7.119999999999999662e-01
0.000000000000000000e+00 7.136000000000000121e-01
9.500000000000000000e+01 7.151999999999999469e-01
1.000000000000000000e+00 7.167999999999999927e-01
1.210000000000000000e+02 7.184000000000000385e-01
3.200000000000000000e+01 7.136000000000000121e-01
3.600000000000000000e+01 7.151999999999999469e-01
1.000000000000000000e+01 7.167999999999999927e-01
1.507000000000000000e+03 7.184000000000000385e-01
0.000000000000000000e+00 6.703999999999999959e-01
0.000000000000000000e+00 6.720000000000000417e-01
0.000000000000000000e+00 6.735999999999999766e-01
7.000000000000000000e+00 6.752000000000000224e-01
1.000000000000000000e+00 6.767999999999999572e-01
0.000000000000000000e+00 6.767999999999999572e-01
2.000000000000000000e+00 6.784000000000000030e-01
0.000000000000000000e+00 6.800000000000000488e-01
2.500000000000000000e+01 6.815999999999999837e-01
2.400000000000000000e+01 6.832000000000000295e-01
1.600000000000000000e+01 6.847999999999999643e-01
2.000000000000000000e+00 6.800000000000000488e-01
0.000000000000000000e+00 6.815999999999999837e-01
2.800000000000000000e+01 6.832000000000000295e-01
8.000000000000000000e+00 6.847999999999999643e-01
9.000000000000000000e+00 6.864000000000000101e-01
0.000000000000000000e+00 6.879999999999999449e-01
2.120000000000000000e+02 6.895999999999999908e-01
0.000000000000000000e+00 6.815999999999999837e-01
0.000000000000000000e+00 6.832000000000000295e-01
2.000000000000000000e+00 6.847999999999999643e-01
0.000000000000000000e+00 6.864000000000000101e-01
3.000000000000000000e+00 6.879999999999999449e-01
1.000000000000000000e+00 6.895999999999999908e-01
5.200000000000000000e+01 6.912000000000000366e-01
0.000000000000000000e+00 6.815999999999999837e-01
8.000000000000000000e+00 6.832000000000000295e-01
2.200000000000000000e+01 6.847999999999999643e-01
2.000000000000000000e+00 6.815999999999999837e-01
2.250000000000000000e+02 6.832000000000000295e-01
0.000000000000000000e+00 6.847999999999999643e-01
1.000000000000000000e+00 6.864000000000000101e-01
1.000000000000000000e+00 6.879999999999999449e-01
1.000000000000000000e+00 6.895999999999999908e-01
0.000000000000000000e+00 6.912000000000000366e-01
7.000000000000000000e+00 6.927999999999999714e-01
0.000000000000000000e+00 6.944000000000000172e-01
0.000000000000000000e+00 6.959999999999999520e-01
0.000000000000000000e+00 6.975999999999999979e-01
0.000000000000000000e+00 6.992000000000000437e-01
2.000000000000000000e+00 7.007999999999999785e-01
3.000000000000000000e+00 7.024000000000000243e-01
1.600000000000000000e+01 7.039999999999999591e-01
3.700000000000000000e+01 7.056000000000000050e-01
1.000000000000000000e+00 7.039999999999999591e-01
6.000000000000000000e+01 7.024000000000000243e-01
0.000000000000000000e+00 7.007999999999999785e-01
2.000000000000000000e+00 7.024000000000000243e-01
2.000000000000000000e+00 7.039999999999999591e-01
1.800000000000000000e+01 7.056000000000000050e-01
0.000000000000000000e+00 7.072000000000000508e-01
7.000000000000000000e+00 7.087999999999999856e-01
2.090000000000000000e+02 7.104000000000000314e-01
1.000000000000000000e+01 7.104000000000000314e-01
1.410000000000000000e+02 7.104000000000000314e-01
0.000000000000000000e+00 7.072000000000000508e-01
3.000000000000000000e+01 7.087999999999999856e-01
3.800000000000000000e+01 7.104000000000000314e-01
2.000000000000000000e+00 7.119999999999999662e-01
0.000000000000000000e+00 7.136000000000000121e-01
0.000000000000000000e+00 7.151999999999999469e-01
3.820000000000000000e+02 7.167999999999999927e-01
4.050000000000000000e+02 7.087999999999999856e-01
8.000000000000000000e+00 7.007999999999999785e-01
1.000000000000000000e+00 7.024000000000000243e-01
2.000000000000000000e+00 7.007999999999999785e-01
1.910000000000000000e+02 7.024000000000000243e-01
0.000000000000000000e+00 6.927999999999999714e-01
3.600000000000000000e+01 6.944000000000000172e-01
0.000000000000000000e+00 6.912000000000000366e-01
0.000000000000000000e+00 6.927999999999999714e-01
2.000000000000000000e+00 6.944000000000000172e-01
0.000000000000000000e+00 6.959999999999999520e-01
1.000000000000000000e+00 6.975999999999999979e-01
7.000000000000000000e+00 6.959999999999999520e-01
6.400000000000000000e+01 6.912000000000000366e-01
2.400000000000000000e+01 6.815999999999999837e-01
3.000000000000000000e+00 6.832000000000000295e-01
0.000000000000000000e+00 6.815999999999999837e-01
0.000000000000000000e+00 6.832000000000000295e-01
6.000000000000000000e+00 6.847999999999999643e-01
4.000000000000000000e+00 6.815999999999999837e-01
2.000000000000000000e+01 6.832000000000000295e-01
1.620000000000000000e+02 6.847999999999999643e-01
0.000000000000000000e+00 6.800000000000000488e-01
1.800000000000000000e+01 6.815999999999999837e-01
0.000000000000000000e+00 6.832000000000000295e-01
1.300000000000000000e+01 6.847999999999999643e-01
0.000000000000000000e+00 6.864000000000000101e-01
4.000000000000000000e+00 6.879999999999999449e-01
8.000000000000000000e+00 6.895999999999999908e-01
0.000000000000000000e+00 6.912000000000000366e-01
0.000000000000000000e+00 6.927999999999999714e-01
0.000000000000000000e+00 6.944000000000000172e-01
1.300000000000000000e+01 6.959999999999999520e-01
3.120000000000000000e+02 6.944000000000000172e-01
7.190000000000000000e+02 6.927999999999999714e-01
0.000000000000000000e+00 6.720000000000000417e-01
0.000000000000000000e+00 6.735999999999999766e-01
0.000000000000000000e+00 6.752000000000000224e-01
2.000000000000000000e+00 6.767999999999999572e-01
2.000000000000000000e+00 6.767999999999999572e-01
4.230000000000000000e+02 6.784000000000000030e-01
0.000000000000000000e+00 6.752000000000000224e-01
0.000000000000000000e+00 6.767999999999999572e-01
6.900000000000000000e+01 6.784000000000000030e-01
6.400000000000000000e+01 6.735999999999999766e-01
8.300000000000000000e+01 6.687999999999999501e-01
1.000000000000000000e+00 6.672000000000000153e-01
5.000000000000000000e+00 6.687999999999999501e-01
3.000000000000000000e+00 6.703999999999999959e-01
4.700000000000000000e+01 6.720000000000000417e-01
1.250000000000000000e+02 6.735999999999999766e-01
1.100000000000000000e+01 6.735999999999999766e-01
1.000000000000000000e+00 6.735999999999999766e-01
5.000000000000000000e+00 6.735999999999999766e-01
0.000000000000000000e+00 6.687999999999999501e-01
0.000000000000000000e+00 6.703999999999999959e-01
1.400000000000000000e+01 6.720000000000000417e-01
3.860000000000000000e+02 6.735999999999999766e-01
6.000000000000000000e+00 6.575999999999999623e-01
0.000000000000000000e+00 6.560000000000000275e-01
1.900000000000000000e+01 6.575999999999999623e-01
4.000000000000000000e+00 6.592000000000000082e-01
4.000000000000000000e+00 6.608000000000000540e-01
1.490000000000000000e+02 6.623999999999999888e-01
0.000000000000000000e+00 6.608000000000000540e-01
1.200000000000000000e+01 6.623999999999999888e-01
0.000000000000000000e+00 6.640000000000000346e-01
3.000000000000000000e+00 6.655999999999999694e-01
0.000000000000000000e+00 6.672000000000000153e-01
0.000000000000000000e+00 6.687999999999999501e-01
7.000000000000000000e+00 6.703999999999999959e-01
1.000000000000000000e+00 6.720000000000000417e-01
2.000000000000000000e+00 6.735999999999999766e-01
5.000000000000000000e+00 6.735999999999999766e-01
1.560000000000000000e+02 6.720000000000000417e-01
1.000000000000000000e+00 6.703999999999999959e-01
0.000000000000000000e+00 6.720000000000000417e-01
2.000000000000000000e+00 6.735999999999999766e-01
0.000000000000000000e+00 6.752000000000000224e-01
0.000000000000000000e+00 6.767999999999999572e-01
1.000000000000000000e+00 6.784000000000000030e-01
1.190000000000000000e+02 6.800000000000000488e-01
3.400000000000000000e+01 6.784000000000000030e-01
3.000000000000000000e+00 6.800000000000000488e-01
0.000000000000000000e+00 6.815999999999999837e-01
1.000000000000000000e+00 6.832000000000000295e-01
1.000000000000000000e+00 6.847999999999999643e-01
1.300000000000000000e+01 6.864000000000000101e-01
0.000000000000000000e+00 6.879999999999999449e-01
0.000000000000000000e+00 6.895999999999999908e-01
3.000000000000000000e+00 6.912000000000000366e-01
2.000000000000000000e+00 6.927999999999999714e-01
4.000000000000000000e+00 6.944000000000000172e-01
2.000000000000000000e+00 6.959999999999999520e-01
1.500000000000000000e+01 6.944000000000000172e-01
1.000000000000000000e+01 6.959999999999999520e-01
4.280000000000000000e+02 6.975999999999999979e-01
0.000000000000000000e+00 6.864000000000000101e-01
0.000000000000000000e+00 6.879999999999999449e-01
3.000000000000000000e+00 6.895999999999999908e-01
1.200000000000000000e+01 6.912000000000000366e-01
2.300000000000000000e+01 6.912000000000000366e-01
1.300000000000000000e+01 6.912000000000000366e-01
2.000000000000000000e+00 6.927999999999999714e-01
4.400000000000000000e+01 6.944000000000000172e-01
1.070000000000000000e+02 6.959999999999999520e-01
0.000000000000000000e+00 6.975999999999999979e-01
0.000000000000000000e+00 6.992000000000000437e-01
0.000000000000000000e+00 7.007999999999999785e-01
5.100000000000000000e+01 7.024000000000000243e-01
0.000000000000000000e+00 7.024000000000000243e-01
3.400000000000000000e+01 7.039999999999999591e-01
1.600000000000000000e+01 6.992000000000000437e-01
2.300000000000000000e+01 6.992000000000000437e-01
0.000000000000000000e+00 6.959999999999999520e-01
1.000000000000000000e+01 6.975999999999999979e-01
5.400000000000000000e+01 6.992000000000000437e-01
1.140000000000000000e+02 7.007999999999999785e-01
1.140000000000000000e+02 6.864000000000000101e-01
3.200000000000000000e+01 6.832000000000000295e-01
4.000000000000000000e+00 6.784000000000000030e-01
2.070000000000000000e+02 6.800000000000000488e-01
6.600000000000000000e+01 6.767999999999999572e-01
8.000000000000000000e+00 6.752000000000000224e-01
0.000000000000000000e+00 6.767999999999999572e-01
1.000000000000000000e+00 6.784000000000000030e-01
1.040000000000000000e+02 6.784000000000000030e-01
1.000000000000000000e+00 6.767999999999999572e-01
1.347000000000000000e+03 6.784000000000000030e-01
9.900000000000000000e+01 6.687999999999999501e-01
2.000000000000000000e+00 6.672000000000000153e-01
3.000000000000000000e+00 6.672000000000000153e-01
0.000000000000000000e+00 6.640000000000000346e-01
3.000000000000000000e+00 6.655999999999999694e-01
0.000000000000000000e+00 6.672000000000000153e-01
2.100000000000000000e+01 6.687999999999999501e-01
0.000000000000000000e+00 6.703999999999999959e-01
5.150000000000000000e+02 6.720000000000000417e-01
4.000000000000000000e+00 6.640000000000000346e-01
7.000000000000000000e+00 6.655999999999999694e-01
0.000000000000000000e+00 6.672000000000000153e-01
1.000000000000000000e+00 6.687999999999999501e-01
0.000000000000000000e+00 6.703999999999999959e-01
1.100000000000000000e+01 6.720000000000000417e-01
1.000000000000000000e+00 6.720000000000000417e-01
1.900000000000000000e+01 6.735999999999999766e-01
2.700000000000000000e+01 6.687999999999999501e-01
2.000000000000000000e+00 6.703999999999999959e-01
1.800000000000000000e+01 6.720000000000000417e-01
0.000000000000000000e+00 6.735999999999999766e-01
6.000000000000000000e+00 6.752000000000000224e-01
1.190000000000000000e+02 6.752000000000000224e-01
0.000000000000000000e+00 6.767999999999999572e-01
4.000000000000000000e+00 6.784000000000000030e-01
2.000000000000000000e+00 6.800000000000000488e-01
7.400000000000000000e+01 6.815999999999999837e-01
2.620000000000000000e+02 6.832000000000000295e-01
8.500000000000000000e+01 6.815999999999999837e-01
0.000000000000000000e+00 6.687999999999999501e-01
0.000000000000000000e+00 6.703999999999999959e-01
0.000000000000000000e+00 6.720000000000000417e-01
3.500000000000000000e+01 6.735999999999999766e-01
2.000000000000000000e+00 6.735999999999999766e-01
0.000000000000000000e+00 6.752000000000000224e-01
5.000000000000000000e+00 6.767999999999999572e-01
5.690000000000000000e+02 6.784000000000000030e-01
4.900000000000000000e+01 6.655999999999999694e-01
0.000000000000000000e+00 6.672000000000000153e-01
1.000000000000000000e+00 6.687999999999999501e-01
8.000000000000000000e+00 6.703999999999999959e-01
1.300000000000000000e+01 6.703999999999999959e-01
4.200000000000000000e+01 6.720000000000000417e-01
1.300000000000000000e+01 6.735999999999999766e-01
5.160000000000000000e+02 6.752000000000000224e-01
2.000000000000000000e+00 6.655999999999999694e-01
6.700000000000000000e+01 6.672000000000000153e-01
6.000000000000000000e+00 6.655999999999999694e-01
2.000000000000000000e+00 6.655999999999999694e-01
2.000000000000000000e+00 6.672000000000000153e-01
7.000000000000000000e+00 6.687999999999999501e-01
1.300000000000000000e+01 6.703999999999999959e-01
1.000000000000000000e+00 6.720000000000000417e-01
1.200000000000000000e+02 6.735999999999999766e-01
0.000000000000000000e+00 6.703999999999999959e-01
1.290000000000000000e+02 6.720000000000000417e-01
2.100000000000000000e+01 6.672000000000000153e-01
1.130000000000000000e+02 6.640000000000000346e-01
4.000000000000000000e+00 6.640000000000000346e-01
0.000000000000000000e+00 6.655999999999999694e-01
2.600000000000000000e+01 6.672000000000000153e-01
1.640000000000000000e+02 6.687999999999999501e-01
0.000000000000000000e+00 6.672000000000000153e-01
8.700000000000000000e+01 6.687999999999999501e-01
0.000000000000000000e+00 6.640000000000000346e-01
0.000000000000000000e+00 6.655999999999999694e-01
2.000000000000000000e+00 6.672000000000000153e-01
2.800000000000000000e+01 6.687999999999999501e-01
4.000000000000000000e+00 6.687999999999999501e-01
4.350000000000000000e+02 6.703999999999999959e-01
0.000000000000000000e+00 6.592000000000000082e-01
6.800000000000000000e+01 6.608000000000000540e-01
7.000000000000000000e+00 6.623999999999999888e-01
0.000000000000000000e+00 6.640000000000000346e-01
7.300000000000000000e+01 6.655999999999999694e-01
2.400000000000000000e+01 6.655999999999999694e-01
2.320000000000000000e+02 6.672000000000000153e-01
0.000000000000000000e+00 6.640000000000000346e-01
1.000000000000000000e+00 6.655999999999999694e-01
2.000000000000000000e+00 6.655999999999999694e-01
1.000000000000000000e+00 6.672000000000000153e-01
1.000000000000000000e+00 6.655999999999999694e-01
7.000000000000000000e+00 6.640000000000000346e-01
4.000000000000000000e+00 6.655999999999999694e-01
2.000000000000000000e+00 6.640000000000000346e-01
7.700000000000000000e+01 6.655999999999999694e-01
3.000000000000000000e+01 6.672000000000000153e-01
0.000000000000000000e+00 6.687999999999999501e-01
0.000000000000000000e+00 6.703999999999999959e-01
5.000000000000000000e+00 6.720000000000000417e-01
0.000000000000000000e+00 6.735999999999999766e-01
4.000000000000000000e+00 6.752000000000000224e-01
0.000000000000000000e+00 6.767999999999999572e-01
0.000000000000000000e+00 6.784000000000000030e-01
0.000000000000000000e+00 6.800000000000000488e-01
8.000000000000000000e+00 6.815999999999999837e-01
4.380000000000000000e+02 6.784000000000000030e-01
1.000000000000000000e+00 6.720000000000000417e-01
3.200000000000000000e+01 6.720000000000000417e-01
4.400000000000000000e+01 6.720000000000000417e-01
2.000000000000000000e+00 6.735999999999999766e-01
0.000000000000000000e+00 6.752000000000000224e-01
0.000000000000000000e+00 6.767999999999999572e-01
2.710000000000000000e+02 6.784000000000000030e-01
0.000000000000000000e+00 6.767999999999999572e-01
0.000000000000000000e+00 6.784000000000000030e-01
0.000000000000000000e+00 6.800000000000000488e-01
1.800000000000000000e+01 6.815999999999999837e-01
4.000000000000000000e+00 6.832000000000000295e-01
1.500000000000000000e+01 6.847999999999999643e-01
2.000000000000000000e+01 6.864000000000000101e-01
0.000000000000000000e+00 6.815999999999999837e-01
0.000000000000000000e+00 6.832000000000000295e-01
2.100000000000000000e+01 6.847999999999999643e-01
0.000000000000000000e+00 6.864000000000000101e-01
0.000000000000000000e+00 6.879999999999999449e-01
0.000000000000000000e+00 6.895999999999999908e-01
0.000000000000000000e+00 6.912000000000000366e-01
2.600000000000000000e+01 6.927999999999999714e-01
2.000000000000000000e+00 6.895999999999999908e-01
0.000000000000000000e+00 6.912000000000000366e-01
1.500000000000000000e+01 6.927999999999999714e-01
1.600000000000000000e+01 6.912000000000000366e-01
0.000000000000000000e+00 6.912000000000000366e-01
0.000000000000000000e+00 6.927999999999999714e-01
1.000000000000000000e+00 6.944000000000000172e-01
4.000000000000000000e+01 6.959999999999999520e-01
0.000000000000000000e+00 6.975999999999999979e-01
0.000000000000000000e+00 6.992000000000000437e-01
3.000000000000000000e+00 7.007999999999999785e-01
4.820000000000000000e+02 7.024000000000000243e-01
5.600000000000000000e+01 6.895999999999999908e-01
2.370000000000000000e+02 6.912000000000000366e-01
8.500000000000000000e+01 6.879999999999999449e-01
2.000000000000000000e+00 6.864000000000000101e-01
0.000000000000000000e+00 6.879999999999999449e-01
1.300000000000000000e+01 6.895999999999999908e-01
9.000000000000000000e+00 6.912000000000000366e-01
0.000000000000000000e+00 6.864000000000000101e-01
2.000000000000000000e+00 6.879999999999999449e-01
2.000000000000000000e+00 6.895999999999999908e-01
0.000000000000000000e+00 6.895999999999999908e-01
2.000000000000000000e+00 6.912000000000000366e-01
7.000000000000000000e+00 6.927999999999999714e-01
5.950000000000000000e+02 6.944000000000000172e-01
0.000000000000000000e+00 6.912000000000000366e-01
2.000000000000000000e+00 6.927999999999999714e-01
3.500000000000000000e+01 6.944000000000000172e-01
0.000000000000000000e+00 6.959999999999999520e-01
1.900000000000000000e+01 6.975999999999999979e-01
5.290000000000000000e+02 6.927999999999999714e-01
1.000000000000000000e+00 6.815999999999999837e-01
0.000000000000000000e+00 6.815999999999999837e-01
0.000000000000000000e+00 6.832000000000000295e-01
2.000000000000000000e+00 6.847999999999999643e-01
0.000000000000000000e+00 6.864000000000000101e-01
0.000000000000000000e+00 6.879999999999999449e-01
0.000000000000000000e+00 6.895999999999999908e-01
1.000000000000000000e+00 6.912000000000000366e-01
1.000000000000000000e+01 6.927999999999999714e-01
2.000000000000000000e+01 6.927999999999999714e-01
0.000000000000000000e+00 6.944000000000000172e-01
1.470000000000000000e+02 6.959999999999999520e-01
1.190000000000000000e+02 6.927999999999999714e-01
4.000000000000000000e+00 6.895999999999999908e-01
2.000000000000000000e+00 6.895999999999999908e-01
2.400000000000000000e+01 6.912000000000000366e-01
3.900000000000000000e+01 6.912000000000000366e-01
2.000000000000000000e+00 6.912000000000000366e-01
5.000000000000000000e+00 6.927999999999999714e-01
4.800000000000000000e+01 6.944000000000000172e-01
9.000000000000000000e+00 6.959999999999999520e-01
4.000000000000000000e+00 6.959999999999999520e-01
0.000000000000000000e+00 6.975999999999999979e-01
0.000000000000000000e+00 6.992000000000000437e-01
4.000000000000000000e+00 7.007999999999999785e-01
5.000000000000000000e+01 7.024000000000000243e-01
0.000000000000000000e+00 7.007999999999999785e-01
0.000000000000000000e+00 7.024000000000000243e-01
4.000000000000000000e+00 7.039999999999999591e-01
1.000000000000000000e+00 7.056000000000000050e-01
2.000000000000000000e+00 7.056000000000000050e-01
6.000000000000000000e+00 7.056000000000000050e-01
0.000000000000000000e+00 7.072000000000000508e-01
2.000000000000000000e+00 7.087999999999999856e-01
5.000000000000000000e+00 7.104000000000000314e-01
6.000000000000000000e+00 7.104000000000000314e-01
4.400000000000000000e+01 7.104000000000000314e-01
1.000000000000000000e+00 7.072000000000000508e-01
2.000000000000000000e+00 7.087999999999999856e-01
6.000000000000000000e+00 7.104000000000000314e-01
2.800000000000000000e+01 7.119999999999999662e-01
1.150000000000000000e+02 7.119999999999999662e-01
0.000000000000000000e+00 7.119999999999999662e-01
1.125000000000000000e+03 7.136000000000000121e-01
0.000000000000000000e+00 7.007999999999999785e-01
6.200000000000000000e+01 7.024000000000000243e-01
8.000000000000000000e+00 7.024000000000000243e-01
0.000000000000000000e+00 7.039999999999999591e-01
3.000000000000000000e+00 7.056000000000000050e-01
2.590000000000000000e+02 7.039999999999999591e-01
0.000000000000000000e+00 6.927999999999999714e-01
3.000000000000000000e+00 6.944000000000000172e-01
1.170000000000000000e+02 6.927999999999999714e-01
6.000000000000000000e+00 6.832000000000000295e-01
1.300000000000000000e+01 6.832000000000000295e-01
0.000000000000000000e+00 6.847999999999999643e-01
1.000000000000000000e+00 6.864000000000000101e-01
0.000000000000000000e+00 6.879999999999999449e-01
0.000000000000000000e+00 6.895999999999999908e-01
0.000000000000000000e+00 6.912000000000000366e-01
7.000000000000000000e+00 6.927999999999999714e-01
1.000000000000000000e+00 6.944000000000000172e-01
2.000000000000000000e+00 6.959999999999999520e-01
5.700000000000000000e+01 6.975999999999999979e-01
2.370000000000000000e+02 6.975999999999999979e-01
1.700000000000000000e+01 6.927999999999999714e-01
3.000000000000000000e+00 6.912000000000000366e-01
1.000000000000000000e+00 6.927999999999999714e-01
8.400000000000000000e+01 6.944000000000000172e-01
4.400000000000000000e+01 6.879999999999999449e-01
6.400000000000000000e+01 6.847999999999999643e-01
1.000000000000000000e+00 6.864000000000000101e-01
1.700000000000000000e+01 6.879999999999999449e-01
4.000000000000000000e+00 6.895999999999999908e-01
1.000000000000000000e+01 6.912000000000000366e-01
8.280000000000000000e+02 6.895999999999999908e-01
1.600000000000000000e+02 6.847999999999999643e-01
0.000000000000000000e+00 6.847999999999999643e-01
0.000000000000000000e+00 6.864000000000000101e-01
2.900000000000000000e+01 6.879999999999999449e-01
1.000000000000000000e+00 6.895999999999999908e-01
5.000000000000000000e+00 6.912000000000000366e-01
0.000000000000000000e+00 6.927999999999999714e-01
0.000000000000000000e+00 6.944000000000000172e-01
7.000000000000000000e+00 6.959999999999999520e-01
1.190000000000000000e+02 6.975999999999999979e-01
1.700000000000000000e+01 6.959999999999999520e-01
2.660000000000000000e+02 6.944000000000000172e-01
1.700000000000000000e+01 6.912000000000000366e-01
2.300000000000000000e+01 6.879999999999999449e-01
1.000000000000000000e+00 6.895999999999999908e-01
0.000000000000000000e+00 6.912000000000000366e-01
6.540000000000000000e+02 6.927999999999999714e-01
0.000000000000000000e+00 6.703999999999999959e-01
1.100000000000000000e+01 6.720000000000000417e-01
1.000000000000000000e+00 6.720000000000000417e-01
2.050000000000000000e+02 6.735999999999999766e-01
1.640000000000000000e+02 6.575999999999999623e-01
3.000000000000000000e+00 6.592000000000000082e-01
4.000000000000000000e+00 6.575999999999999623e-01
1.000000000000000000e+00 6.560000000000000275e-01
1.000000000000000000e+00 6.560000000000000275e-01
0.000000000000000000e+00 6.560000000000000275e-01
0.000000000000000000e+00 6.575999999999999623e-01
4.000000000000000000e+00 6.592000000000000082e-01
2.100000000000000000e+01 6.592000000000000082e-01
2.100000000000000000e+01 6.560000000000000275e-01
2.200000000000000000e+01 6.560000000000000275e-01
1.200000000000000000e+01 6.575999999999999623e-01
2.000000000000000000e+00 6.575999999999999623e-01
1.800000000000000000e+01 6.592000000000000082e-01
0.000000000000000000e+00 6.592000000000000082e-01
0.000000000000000000e+00 6.608000000000000540e-01
1.330000000000000000e+02 6.623999999999999888e-01
9.700000000000000000e+01 6.640000000000000346e-01
0.000000000000000000e+00 6.655999999999999694e-01
2.000000000000000000e+00 6.672000000000000153e-01
1.100000000000000000e+01 6.687999999999999501e-01
2.000000000000000000e+00 6.703999999999999959e-01
0.000000000000000000e+00 6.703999999999999959e-01
0.000000000000000000e+00 6.720000000000000417e-01
0.000000000000000000e+00 6.735999999999999766e-01
8.000000000000000000e+00 6.752000000000000224e-01
3.000000000000000000e+00 6.767999999999999572e-01
4.000000000000000000e+00 6.784000000000000030e-01
0.000000000000000000e+00 6.800000000000000488e-01
5.000000000000000000e+00 6.815999999999999837e-01
7.480000000000000000e+02 6.832000000000000295e-01
0.000000000000000000e+00 6.608000000000000540e-01
5.000000000000000000e+00 6.623999999999999888e-01
0.000000000000000000e+00 6.623999999999999888e-01
0.000000000000000000e+00 6.640000000000000346e-01
1.000000000000000000e+00 6.655999999999999694e-01
4.000000000000000000e+00 6.672000000000000153e-01
6.000000000000000000e+00 6.687999999999999501e-01
2.300000000000000000e+01 6.703999999999999959e-01
0.000000000000000000e+00 6.720000000000000417e-01
3.400000000000000000e+01 6.735999999999999766e-01
3.300000000000000000e+01 6.735999999999999766e-01
0.000000000000000000e+00 6.687999999999999501e-01
1.550000000000000000e+02 6.703999999999999959e-01
2.200000000000000000e+01 6.720000000000000417e-01
0.000000000000000000e+00 6.687999999999999501e-01
2.000000000000000000e+00 6.703999999999999959e-01
1.200000000000000000e+01 6.720000000000000417e-01
6.000000000000000000e+00 6.720000000000000417e-01
1.100000000000000000e+01 6.687999999999999501e-01
7.700000000000000000e+01 6.640000000000000346e-01
1.000000000000000000e+00 6.640000000000000346e-01
1.700000000000000000e+01 6.640000000000000346e-01
2.000000000000000000e+00 6.640000000000000346e-01
0.000000000000000000e+00 6.655999999999999694e-01
0.000000000000000000e+00 6.672000000000000153e-01
3.900000000000000000e+01 6.687999999999999501e-01
0.000000000000000000e+00 6.703999999999999959e-01
2.000000000000000000e+00 6.720000000000000417e-01
2.350000000000000000e+02 6.735999999999999766e-01
0.000000000000000000e+00 6.592000000000000082e-01
0.000000000000000000e+00 6.608000000000000540e-01
2.300000000000000000e+01 6.623999999999999888e-01
2.000000000000000000e+00 6.640000000000000346e-01
1.000000000000000000e+00 6.655999999999999694e-01
5.000000000000000000e+00 6.655999999999999694e-01
2.000000000000000000e+00 6.672000000000000153e-01
0.000000000000000000e+00 6.687999999999999501e-01
7.000000000000000000e+00 6.703999999999999959e-01
2.410000000000000000e+02 6.720000000000000417e-01
8.000000000000000000e+00 6.735999999999999766e-01
1.100000000000000000e+01 6.735999999999999766e-01
9.000000000000000000e+00 6.752000000000000224e-01
3.000000000000000000e+00 6.767999999999999572e-01
1.253000000000000000e+03 6.784000000000000030e-01
5.400000000000000000e+01 6.608000000000000540e-01
5.200000000000000000e+01 6.623999999999999888e-01
1.000000000000000000e+00 6.640000000000000346e-01
4.000000000000000000e+00 6.655999999999999694e-01
1.000000000000000000e+00 6.672000000000000153e-01
1.000000000000000000e+00 6.655999999999999694e-01
8.000000000000000000e+00 6.640000000000000346e-01
0.000000000000000000e+00 6.623999999999999888e-01
6.000000000000000000e+00 6.640000000000000346e-01
5.000000000000000000e+00 6.655999999999999694e-01
0.000000000000000000e+00 6.655999999999999694e-01
0.000000000000000000e+00 6.672000000000000153e-01
6.400000000000000000e+01 6.687999999999999501e-01
2.000000000000000000e+00 6.703999999999999959e-01
0.000000000000000000e+00 6.720000000000000417e-01
4.000000000000000000e+00 6.735999999999999766e-01
4.000000000000000000e+00 6.752000000000000224e-01
1.200000000000000000e+01 6.767999999999999572e-01
0.000000000000000000e+00 6.784000000000000030e-01
1.400000000000000000e+01 6.800000000000000488e-01
9.600000000000000000e+01 6.815999999999999837e-01
1.800000000000000000e+01 6.800000000000000488e-01
4.300000000000000000e+01 6.815999999999999837e-01
6.000000000000000000e+00 6.832000000000000295e-01
6.000000000000000000e+00 6.847999999999999643e-01
0.000000000000000000e+00 6.832000000000000295e-01
5.000000000000000000e+00 6.847999999999999643e-01
8.830000000000000000e+02 6.832000000000000295e-01
2.000000000000000000e+00 6.735999999999999766e-01
7.400000000000000000e+01 6.752000000000000224e-01
6.000000000000000000e+00 6.767999999999999572e-01
4.200000000000000000e+01 6.784000000000000030e-01
0.000000000000000000e+00 6.767999999999999572e-01
0.000000000000000000e+00 6.784000000000000030e-01
0.000000000000000000e+00 6.800000000000000488e-01
4.000000000000000000e+00 6.815999999999999837e-01
1.400000000000000000e+01 6.832000000000000295e-01
0.000000000000000000e+00 6.832000000000000295e-01
2.000000000000000000e+00 6.847999999999999643e-01
6.530000000000000000e+02 6.864000000000000101e-01
1.100000000000000000e+01 6.767999999999999572e-01
1.000000000000000000e+00 6.784000000000000030e-01
6.800000000000000000e+01 6.784000000000000030e-01
8.200000000000000000e+01 6.784000000000000030e-01
1.310000000000000000e+02 6.800000000000000488e-01
1.960000000000000000e+02 6.815999999999999837e-01
0.000000000000000000e+00 6.832000000000000295e-01
0.000000000000000000e+00 6.847999999999999643e-01
5.000000000000000000e+01 6.864000000000000101e-01
0.000000000000000000e+00 6.800000000000000488e-01
4.700000000000000000e+01 6.815999999999999837e-01
2.000000000000000000e+00 6.800000000000000488e-01
2.400000000000000000e+01 6.784000000000000030e-01
0.000000000000000000e+00 6.800000000000000488e-01
1.600000000000000000e+01 6.815999999999999837e-01
0.000000000000000000e+00 6.784000000000000030e-01
5.000000000000000000e+00 6.800000000000000488e-01
2.000000000000000000e+00 6.815999999999999837e-01
0.000000000000000000e+00 6.832000000000000295e-01
2.000000000000000000e+00 6.847999999999999643e-01
3.130000000000000000e+02 6.864000000000000101e-01
6.700000000000000000e+01 6.879999999999999449e-01
2.000000000000000000e+00 6.879999999999999449e-01
0.000000000000000000e+00 6.895999999999999908e-01
1.000000000000000000e+00 6.912000000000000366e-01
3.050000000000000000e+02 6.895999999999999908e-01
9.000000000000000000e+00 6.832000000000000295e-01
4.410000000000000000e+02 6.832000000000000295e-01
8.000000000000000000e+00 6.655999999999999694e-01
2.800000000000000000e+01 6.623999999999999888e-01
0.000000000000000000e+00 6.623999999999999888e-01
1.000000000000000000e+00 6.640000000000000346e-01
0.000000000000000000e+00 6.655999999999999694e-01
5.000000000000000000e+00 6.672000000000000153e-01
0.000000000000000000e+00 6.687999999999999501e-01
2.400000000000000000e+01 6.703999999999999959e-01
0.000000000000000000e+00 6.687999999999999501e-01
0.000000000000000000e+00 6.703999999999999959e-01
1.500000000000000000e+01 6.720000000000000417e-01
1.610000000000000000e+02 6.735999999999999766e-01
4.000000000000000000e+00 6.752000000000000224e-01
0.000000000000000000e+00 6.767999999999999572e-01
8.300000000000000000e+01 6.784000000000000030e-01
0.000000000000000000e+00 6.735999999999999766e-01
0.000000000000000000e+00 6.752000000000000224e-01
4.900000000000000000e+01 6.767999999999999572e-01
1.350000000000000000e+02 6.752000000000000224e-01
6.000000000000000000e+00 6.720000000000000417e-01
2.100000000000000000e+01 6.720000000000000417e-01
0.000000000000000000e+00 6.735999999999999766e-01
0.000000000000000000e+00 6.752000000000000224e-01
3.900000000000000000e+01 6.767999999999999572e-01
1.000000000000000000e+00 6.784000000000000030e-01
1.000000000000000000e+00 6.800000000000000488e-01
0.000000000000000000e+00 6.815999999999999837e-01
4.000000000000000000e+00 6.832000000000000295e-01
2.000000000000000000e+00 6.815999999999999837e-01
2.600000000000000000e+01 6.784000000000000030e-01
7.020000000000000000e+02 6.800000000000000488e-01
1.000000000000000000e+00 6.752000000000000224e-01
3.000000000000000000e+01 6.767999999999999572e-01
0.000000000000000000e+00 6.784000000000000030e-01
0.000000000000000000e+00 6.800000000000000488e-01
9.000000000000000000e+00 6.815999999999999837e-01
1.600000000000000000e+01 6.832000000000000295e-01
4.000000000000000000e+00 6.832000000000000295e-01
1.600000000000000000e+01 6.832000000000000295e-01
3.360000000000000000e+02 6.800000000000000488e-01
0.000000000000000000e+00 6.720000000000000417e-01
4.000000000000000000e+00 6.735999999999999766e-01
0.000000000000000000e+00 6.752000000000000224e-01
2.000000000000000000e+00 6.767999999999999572e-01
0.000000000000000000e+00 6.784000000000000030e-01
0.000000000000000000e+00 6.800000000000000488e-01
3.000000000000000000e+01 6.815999999999999837e-01
2.050000000000000000e+02 6.784000000000000030e-01
1.320000000000000000e+02 6.703999999999999959e-01
1.000000000000000000e+00 6.720000000000000417e-01
2.600000000000000000e+01 6.735999999999999766e-01
1.000000000000000000e+00 6.752000000000000224e-01
4.000000000000000000e+00 6.767999999999999572e-01
5.000000000000000000e+01 6.784000000000000030e-01
0.000000000000000000e+00 6.800000000000000488e-01
2.500000000000000000e+01 6.815999999999999837e-01
0.000000000000000000e+00 6.832000000000000295e-01
2.100000000000000000e+01 6.847999999999999643e-01
6.000000000000000000e+00 6.864000000000000101e-01
5.000000000000000000e+00 6.879999999999999449e-01
4.000000000000000000e+01 6.895999999999999908e-01
4.760000000000000000e+02 6.912000000000000366e-01
4.200000000000000000e+01 6.784000000000000030e-01
6.500000000000000000e+01 6.767999999999999572e-01
1.200000000000000000e+01 6.784000000000000030e-01
0.000000000000000000e+00 6.800000000000000488e-01
1.300000000000000000e+01 6.815999999999999837e-01
1.000000000000000000e+00 6.832000000000000295e-01
2.020000000000000000e+02 6.847999999999999643e-01
4.100000000000000000e+01 6.767999999999999572e-01
5.200000000000000000e+01 6.784000000000000030e-01
8.900000000000000000e+01 6.767999999999999572e-01
0.000000000000000000e+00 6.784000000000000030e-01
0.000000000000000000e+00 6.800000000000000488e-01
0.000000000000000000e+00 6.815999999999999837e-01
1.000000000000000000e+01 6.832000000000000295e-01
0.000000000000000000e+00 6.815999999999999837e-01
1.110000000000000000e+02 6.832000000000000295e-01
1.000000000000000000e+00 6.752000000000000224e-01
1.000000000000000000e+00 6.752000000000000224e-01
4.000000000000000000e+00 6.767999999999999572e-01
0.000000000000000000e+00 6.784000000000000030e-01
4.800000000000000000e+02 6.800000000000000488e-01
5.000000000000000000e+00 6.752000000000000224e-01
1.500000000000000000e+01 6.767999999999999572e-01
1.300000000000000000e+01 6.784000000000000030e-01
0.000000000000000000e+00 6.800000000000000488e-01
8.400000000000000000e+01 6.815999999999999837e-01
0.000000000000000000e+00 6.832000000000000295e-01
1.000000000000000000e+00 6.847999999999999643e-01
1.100000000000000000e+01 6.864000000000000101e-01
1.300000000000000000e+01 6.879999999999999449e-01
2.070000000000000000e+02 6.895999999999999908e-01
8.360000000000000000e+02 6.895999999999999908e-01
2.050000000000000000e+02 6.800000000000000488e-01
3.000000000000000000e+00 6.784000000000000030e-01
1.150000000000000000e+02 6.800000000000000488e-01
4.000000000000000000e+00 6.767999999999999572e-01
0.000000000000000000e+00 6.784000000000000030e-01
1.300000000000000000e+01 6.800000000000000488e-01
3.500000000000000000e+01 6.800000000000000488e-01
0.000000000000000000e+00 6.767999999999999572e-01
3.600000000000000000e+01 6.784000000000000030e-01
1.000000000000000000e+00 6.735999999999999766e-01
0.000000000000000000e+00 6.735999999999999766e-01
3.700000000000000000e+01 6.752000000000000224e-01
3.000000000000000000e+00 6.767999999999999572e-01
1.000000000000000000e+00 6.784000000000000030e-01
9.600000000000000000e+01 6.800000000000000488e-01
1.000000000000000000e+00 6.784000000000000030e-01
4.000000000000000000e+00 6.800000000000000488e-01
2.000000000000000000e+00 6.815999999999999837e-01
2.000000000000000000e+01 6.832000000000000295e-01
6.900000000000000000e+01 6.815999999999999837e-01
3.000000000000000000e+00 6.800000000000000488e-01
0.000000000000000000e+00 6.815999999999999837e-01
2.000000000000000000e+00 6.832000000000000295e-01
1.300000000000000000e+01 6.847999999999999643e-01
0.000000000000000000e+00 6.864000000000000101e-01
1.320000000000000000e+02 6.879999999999999449e-01
0.000000000000000000e+00 6.784000000000000030e-01
0.000000000000000000e+00 6.800000000000000488e-01
0.000000000000000000e+00 6.815999999999999837e-01
2.820000000000000000e+02 6.832000000000000295e-01
0.000000000000000000e+00 6.847999999999999643e-01
2.000000000000000000e+00 6.864000000000000101e-01
3.000000000000000000e+00 6.847999999999999643e-01
7.000000000000000000e+00 6.864000000000000101e-01
0.000000000000000000e+00 6.879999999999999449e-01
0.000000000000000000e+00 6.895999999999999908e-01
2.080000000000000000e+02 6.912000000000000366e-01
3.510000000000000000e+02 6.895999999999999908e-01
0.000000000000000000e+00 6.832000000000000295e-01
3.000000000000000000e+00 6.847999999999999643e-01
0.000000000000000000e+00 6.864000000000000101e-01
0.000000000000000000e+00 6.879999999999999449e-01
1.000000000000000000e+00 6.895999999999999908e-01
1.640000000000000000e+02 6.895999999999999908e-01
2.000000000000000000e+00 6.864000000000000101e-01
0.000000000000000000e+00 6.832000000000000295e-01
6.000000000000000000e+00 6.847999999999999643e-01
5.500000000000000000e+01 6.847999999999999643e-01
0.000000000000000000e+00 6.815999999999999837e-01
1.500000000000000000e+01 6.832000000000000295e-01
0.000000000000000000e+00 6.815999999999999837e-01
0.000000000000000000e+00 6.832000000000000295e-01
0.000000000000000000e+00 6.847999999999999643e-01
2.000000000000000000e+00 6.864000000000000101e-01
1.000000000000000000e+00 6.879999999999999449e-01
6.370000000000000000e+02 6.895999999999999908e-01
1.250000000000000000e+02 6.655999999999999694e-01
1.900000000000000000e+01 6.655999999999999694e-01
1.300000000000000000e+01 6.672000000000000153e-01
0.000000000000000000e+00 6.672000000000000153e-01
1.000000000000000000e+00 6.687999999999999501e-01
3.000000000000000000e+00 6.672000000000000153e-01
2.000000000000000000e+00 6.687999999999999501e-01
0.000000000000000000e+00 6.703999999999999959e-01
2.000000000000000000e+00 6.720000000000000417e-01
0.000000000000000000e+00 6.735999999999999766e-01
1.000000000000000000e+00 6.752000000000000224e-01
0.000000000000000000e+00 6.767999999999999572e-01
1.400000000000000000e+01 6.784000000000000030e-01
0.000000000000000000e+00 6.784000000000000030e-01
1.230000000000000000e+02 6.800000000000000488e-01
0.000000000000000000e+00 6.752000000000000224e-01
6.200000000000000000e+01 6.767999999999999572e-01
1.570000000000000000e+02 6.703999999999999959e-01
3.000000000000000000e+00 6.720000000000000417e-01
6.440000000000000000e+02 6.735999999999999766e-01
0.000000000000000000e+00 6.655999999999999694e-01
1.740000000000000000e+02 6.672000000000000153e-01
6.000000000000000000e+00 6.640000000000000346e-01
0.000000000000000000e+00 6.640000000000000346e-01
1.200000000000000000e+01 6.655999999999999694e-01
0.000000000000000000e+00 6.672000000000000153e-01
0.000000000000000000e+00 6.687999999999999501e-01
9.200000000000000000e+01 6.703999999999999959e-01
3.000000000000000000e+00 6.720000000000000417e-01
0.000000000000000000e+00 6.735999999999999766e-01
0.000000000000000000e+00 6.752000000000000224e-01
7.000000000000000000e+00 6.767999999999999572e-01
0.000000000000000000e+00 6.767999999999999572e-01
2.000000000000000000e+01 6.784000000000000030e-01
3.000000000000000000e+00 6.784000000000000030e-01
0.000000000000000000e+00 6.800000000000000488e-01
6.000000000000000000e+00 6.815999999999999837e-01
1.300000000000000000e+01 6.832000000000000295e-01
8.000000000000000000e+01 6.847999999999999643e-01
7.000000000000000000e+00 6.832000000000000295e-01
0.000000000000000000e+00 6.847999999999999643e-01
0.000000000000000000e+00 6.864000000000000101e-01
6.000000000000000000e+00 6.879999999999999449e-01
0.000000000000000000e+00 6.895999999999999908e-01
4.000000000000000000e+00 6.912000000000000366e-01
2.230000000000000000e+02 6.927999999999999714e-01
2.000000000000000000e+00 6.815999999999999837e-01
1.600000000000000000e+01 6.832000000000000295e-01
0.000000000000000000e+00 6.847999999999999643e-01
1.000000000000000000e+00 6.864000000000000101e-01
0.000000000000000000e+00 6.879999999999999449e-01
9.000000000000000000e+00 6.895999999999999908e-01
0.000000000000000000e+00 6.912000000000000366e-01
4.400000000000000000e+01 6.927999999999999714e-01
4.700000000000000000e+01 6.944000000000000172e-01
2.000000000000000000e+00 6.959999999999999520e-01
7.000000000000000000e+00 6.975999999999999979e-01
2.400000000000000000e+01 6.927999999999999714e-01
0.000000000000000000e+00 6.927999999999999714e-01
2.000000000000000000e+00 6.944000000000000172e-01
0.000000000000000000e+00 6.959999999999999520e-01
5.320000000000000000e+02 6.975999999999999979e-01
4.000000000000000000e+00 6.847999999999999643e-01
1.000000000000000000e+00 6.864000000000000101e-01
2.550000000000000000e+02 6.879999999999999449e-01
3.000000000000000000e+00 6.800000000000000488e-01
4.800000000000000000e+01 6.800000000000000488e-01
0.000000000000000000e+00 6.800000000000000488e-01
1.176000000000000000e+03 6.815999999999999837e-01
1.300000000000000000e+01 6.623999999999999888e-01
1.500000000000000000e+01 6.623999999999999888e-01
4.000000000000000000e+00 6.640000000000000346e-01
0.000000000000000000e+00 6.655999999999999694e-01
1.000000000000000000e+01 6.672000000000000153e-01
5.600000000000000000e+01 6.687999999999999501e-01
2.000000000000000000e+00 6.703999999999999959e-01
0.000000000000000000e+00 6.720000000000000417e-01
3.000000000000000000e+01 6.735999999999999766e-01
6.000000000000000000e+01 6.752000000000000224e-01
0.000000000000000000e+00 6.735999999999999766e-01
8.400000000000000000e+01 6.752000000000000224e-01
2.500000000000000000e+01 6.767999999999999572e-01
1.000000000000000000e+00 6.767999999999999572e-01
6.400000000000000000e+01 6.784000000000000030e-01
2.000000000000000000e+00 6.800000000000000488e-01
1.000000000000000000e+00 6.784000000000000030e-01
2.000000000000000000e+00 6.767999999999999572e-01
0.000000000000000000e+00 6.767999999999999572e-01
7.000000000000000000e+01 6.784000000000000030e-01
0.000000000000000000e+00 6.767999999999999572e-01
1.500000000000000000e+01 6.784000000000000030e-01
2.000000000000000000e+00 6.800000000000000488e-01
0.000000000000000000e+00 6.815999999999999837e-01
3.600000000000000000e+01 6.832000000000000295e-01
1.000000000000000000e+01 6.847999999999999643e-01
0.000000000000000000e+00 6.864000000000000101e-01
2.000000000000000000e+00 6.879999999999999449e-01
1.000000000000000000e+00 6.895999999999999908e-01
4.000000000000000000e+00 6.912000000000000366e-01
0.000000000000000000e+00 6.927999999999999714e-01
2.000000000000000000e+00 6.944000000000000172e-01
8.000000000000000000e+00 6.959999999999999520e-01
5.000000000000000000e+00 6.975999999999999979e-01
3.400000000000000000e+01 6.992000000000000437e-01
3.400000000000000000e+01 7.007999999999999785e-01
1.200000000000000000e+01 6.959999999999999520e-01
0.000000000000000000e+00 6.975999999999999979e-01
1.100000000000000000e+01 6.992000000000000437e-01
1.000000000000000000e+00 7.007999999999999785e-01
0.000000000000000000e+00 7.024000000000000243e-01
5.300000000000000000e+01 7.039999999999999591e-01
7.500000000000000000e+01 6.992000000000000437e-01
3.400000000000000000e+01 6.944000000000000172e-01
3.000000000000000000e+00 6.959999999999999520e-01
1.000000000000000000e+01 6.975999999999999979e-01
2.000000000000000000e+00 6.992000000000000437e-01
4.000000000000000000e+00 7.007999999999999785e-01
0.000000000000000000e+00 7.024000000000000243e-01
2.460000000000000000e+02 7.039999999999999591e-01
0.000000000000000000e+00 6.944000000000000172e-01
4.000000000000000000e+00 6.959999999999999520e-01
0.000000000000000000e+00 6.975999999999999979e-01
8.210000000000000000e+02 6.992000000000000437e-01
1.110000000000000000e+02 6.847999999999999643e-01
1.640000000000000000e+02 6.864000000000000101e-01
0.000000000000000000e+00 6.847999999999999643e-01
2.200000000000000000e+01 6.864000000000000101e-01
1.000000000000000000e+00 6.879999999999999449e-01
2.000000000000000000e+00 6.879999999999999449e-01
0.000000000000000000e+00 6.895999999999999908e-01
8.000000000000000000e+00 6.912000000000000366e-01
0.000000000000000000e+00 6.912000000000000366e-01
1.000000000000000000e+00 6.927999999999999714e-01
0.000000000000000000e+00 6.944000000000000172e-01
3.700000000000000000e+01 6.959999999999999520e-01
2.500000000000000000e+01 6.975999999999999979e-01
0.000000000000000000e+00 6.992000000000000437e-01
0.000000000000000000e+00 7.007999999999999785e-01
0.000000000000000000e+00 7.024000000000000243e-01
0.000000000000000000e+00 7.039999999999999591e-01
4.000000000000000000e+00 7.056000000000000050e-01
0.000000000000000000e+00 7.056000000000000050e-01
0.000000000000000000e+00 7.072000000000000508e-01
1.000000000000000000e+01 7.087999999999999856e-01
9.000000000000000000e+00 7.104000000000000314e-01
0.000000000000000000e+00 7.119999999999999662e-01
0.000000000000000000e+00 7.136000000000000121e-01
5.500000000000000000e+01 7.151999999999999469e-01
2.000000000000000000e+00 7.167999999999999927e-01
1.000000000000000000e+00 7.184000000000000385e-01
4.000000000000000000e+00 7.199999999999999734e-01
2.100000000000000000e+01 7.216000000000000192e-01
1.000000000000000000e+00 7.231999999999999540e-01
1.000000000000000000e+01 7.216000000000000192e-01
3.500000000000000000e+01 7.199999999999999734e-01
1.390000000000000000e+02 7.184000000000000385e-01
1.000000000000000000e+00 7.039999999999999591e-01
0.000000000000000000e+00 7.039999999999999591e-01
5.300000000000000000e+02 7.056000000000000050e-01
1.130000000000000000e+02 6.975999999999999979e-01
1.200000000000000000e+01 6.959999999999999520e-01
7.500000000000000000e+01 6.944000000000000172e-01
2.640000000000000000e+02 6.912000000000000366e-01
2.000000000000000000e+00 6.864000000000000101e-01
2.000000000000000000e+00 6.879999999999999449e-01
1.000000000000000000e+00 6.879999999999999449e-01
7.000000000000000000e+00 6.879999999999999449e-01
0.000000000000000000e+00 6.879999999999999449e-01
0.000000000000000000e+00 6.895999999999999908e-01
0.000000000000000000e+00 6.912000000000000366e-01
2.500000000000000000e+02 6.927999999999999714e-01
3.500000000000000000e+01 6.800000000000000488e-01
1.500000000000000000e+01 6.800000000000000488e-01
0.000000000000000000e+00 6.767999999999999572e-01
6.800000000000000000e+01 6.784000000000000030e-01
2.500000000000000000e+01 6.735999999999999766e-01
5.000000000000000000e+00 6.752000000000000224e-01
1.100000000000000000e+01 6.767999999999999572e-01
0.000000000000000000e+00 6.784000000000000030e-01
1.700000000000000000e+01 6.800000000000000488e-01
1.000000000000000000e+00 6.815999999999999837e-01
2.000000000000000000e+00 6.815999999999999837e-01
6.850000000000000000e+02 6.832000000000000295e-01
4.600000000000000000e+01 6.608000000000000540e-01
1.580000000000000000e+02 6.592000000000000082e-01
1.400000000000000000e+01 6.608000000000000540e-01
0.000000000000000000e+00 6.608000000000000540e-01
1.800000000000000000e+01 6.623999999999999888e-01
3.300000000000000000e+02 6.640000000000000346e-01
1.000000000000000000e+00 6.560000000000000275e-01
4.000000000000000000e+00 6.575999999999999623e-01
7.000000000000000000e+00 6.543999999999999817e-01
0.000000000000000000e+00 6.560000000000000275e-01
6.000000000000000000e+00 6.575999999999999623e-01
1.360000000000000000e+02 6.592000000000000082e-01
2.370000000000000000e+02 6.608000000000000540e-01
5.000000000000000000e+00 6.608000000000000540e-01
2.000000000000000000e+00 6.623999999999999888e-01
0.000000000000000000e+00 6.640000000000000346e-01
0.000000000000000000e+00 6.655999999999999694e-01
5.400000000000000000e+01 6.672000000000000153e-01
0.000000000000000000e+00 6.687999999999999501e-01
2.300000000000000000e+01 6.703999999999999959e-01
1.300000000000000000e+01 6.672000000000000153e-01
2.600000000000000000e+01 6.640000000000000346e-01
0.000000000000000000e+00 6.655999999999999694e-01
2.150000000000000000e+02 6.672000000000000153e-01
2.200000000000000000e+01 6.608000000000000540e-01
1.000000000000000000e+00 6.623999999999999888e-01
5.000000000000000000e+00 6.640000000000000346e-01
1.150000000000000000e+02 6.623999999999999888e-01
0.000000000000000000e+00 6.608000000000000540e-01
9.000000000000000000e+00 6.623999999999999888e-01
1.900000000000000000e+01 6.640000000000000346e-01
2.100000000000000000e+01 6.655999999999999694e-01
0.000000000000000000e+00 6.672000000000000153e-01
0.000000000000000000e+00 6.687999999999999501e-01
6.500000000000000000e+01 6.703999999999999959e-01
7.000000000000000000e+00 6.687999999999999501e-01
1.000000000000000000e+00 6.703999999999999959e-01
5.900000000000000000e+01 6.720000000000000417e-01
0.000000000000000000e+00 6.687999999999999501e-01
2.000000000000000000e+00 6.703999999999999959e-01
0.000000000000000000e+00 6.703999999999999959e-01
2.680000000000000000e+02 6.720000000000000417e-01
1.000000000000000000e+00 6.703999999999999959e-01
1.860000000000000000e+02 6.720000000000000417e-01
0.000000000000000000e+00 6.687999999999999501e-01
1.000000000000000000e+00 6.703999999999999959e-01
0.000000000000000000e+00 6.720000000000000417e-01
5.000000000000000000e+01 6.735999999999999766e-01
0.000000000000000000e+00 6.735999999999999766e-01
1.000000000000000000e+00 6.752000000000000224e-01
2.320000000000000000e+02 6.752000000000000224e-01
6.000000000000000000e+00 6.735999999999999766e-01
1.000000000000000000e+01 6.752000000000000224e-01
2.000000000000000000e+00 6.752000000000000224e-01
2.000000000000000000e+00 6.767999999999999572e-01
3.000000000000000000e+01 6.784000000000000030e-01
0.000000000000000000e+00 6.752000000000000224e-01
2.000000000000000000e+00 6.767999999999999572e-01
1.600000000000000000e+01 6.784000000000000030e-01
0.000000000000000000e+00 6.800000000000000488e-01
0.000000000000000000e+00 6.815999999999999837e-01
0.000000000000000000e+00 6.832000000000000295e-01
1.790000000000000000e+02 6.847999999999999643e-01
0.000000000000000000e+00 6.832000000000000295e-01
4.970000000000000000e+02 6.847999999999999643e-01
0.000000000000000000e+00 6.767999999999999572e-01
1.150000000000000000e+02 6.784000000000000030e-01
5.000000000000000000e+00 6.720000000000000417e-01
3.000000000000000000e+00 6.735999999999999766e-01
3.000000000000000000e+00 6.752000000000000224e-01
0.000000000000000000e+00 6.767999999999999572e-01
0.000000000000000000e+00 6.784000000000000030e-01
9.000000000000000000e+00 6.800000000000000488e-01
0.000000000000000000e+00 6.815999999999999837e-01
3.000000000000000000e+00 6.832000000000000295e-01
3.000000000000000000e+00 6.847999999999999643e-01
0.000000000000000000e+00 6.864000000000000101e-01
4.800000000000000000e+01 6.879999999999999449e-01
0.000000000000000000e+00 6.895999999999999908e-01
1.200000000000000000e+02 6.912000000000000366e-01
4.000000000000000000e+00 6.879999999999999449e-01
3.000000000000000000e+00 6.879999999999999449e-01
6.000000000000000000e+01 6.895999999999999908e-01
0.000000000000000000e+00 6.895999999999999908e-01
1.000000000000000000e+00 6.912000000000000366e-01
3.400000000000000000e+01 6.927999999999999714e-01
9.500000000000000000e+01 6.912000000000000366e-01
5.000000000000000000e+00 6.815999999999999837e-01
3.000000000000000000e+00 6.832000000000000295e-01
7.000000000000000000e+00 6.832000000000000295e-01
3.000000000000000000e+00 6.815999999999999837e-01
4.000000000000000000e+00 6.815999999999999837e-01
0.000000000000000000e+00 6.832000000000000295e-01
0.000000000000000000e+00 6.847999999999999643e-01
4.000000000000000000e+00 6.864000000000000101e-01
3.600000000000000000e+01 6.864000000000000101e-01
0.000000000000000000e+00 6.879999999999999449e-01
6.000000000000000000e+00 6.895999999999999908e-01
5.920000000000000000e+02 6.912000000000000366e-01
0.000000000000000000e+00 6.879999999999999449e-01
1.010000000000000000e+02 6.895999999999999908e-01
5.000000000000000000e+00 6.912000000000000366e-01
0.000000000000000000e+00 6.864000000000000101e-01
0.000000000000000000e+00 6.879999999999999449e-01
2.200000000000000000e+01 6.895999999999999908e-01
6.500000000000000000e+02 6.895999999999999908e-01
4.300000000000000000e+01 6.752000000000000224e-01
9.000000000000000000e+00 6.752000000000000224e-01
0.000000000000000000e+00 6.767999999999999572e-01
0.000000000000000000e+00 6.784000000000000030e-01
0.000000000000000000e+00 6.800000000000000488e-01
1.190000000000000000e+02 6.815999999999999837e-01
3.040000000000000000e+02 6.832000000000000295e-01
1.200000000000000000e+01 6.800000000000000488e-01
3.900000000000000000e+01 6.815999999999999837e-01
5.160000000000000000e+02 6.752000000000000224e-01
1.000000000000000000e+00 6.560000000000000275e-01
4.000000000000000000e+00 6.575999999999999623e-01
1.500000000000000000e+01 6.592000000000000082e-01
1.000000000000000000e+01 6.608000000000000540e-01
5.000000000000000000e+00 6.623999999999999888e-01
5.900000000000000000e+01 6.640000000000000346e-01
2.000000000000000000e+00 6.640000000000000346e-01
0.000000000000000000e+00 6.655999999999999694e-01
0.000000000000000000e+00 6.672000000000000153e-01
0.000000000000000000e+00 6.687999999999999501e-01
9.000000000000000000e+00 6.703999999999999959e-01
5.300000000000000000e+01 6.703999999999999959e-01
1.950000000000000000e+02 6.687999999999999501e-01
8.000000000000000000e+00 6.672000000000000153e-01
0.000000000000000000e+00 6.672000000000000153e-01
1.000000000000000000e+00 6.687999999999999501e-01
0.000000000000000000e+00 6.703999999999999959e-01
0.000000000000000000e+00 6.720000000000000417e-01
0.000000000000000000e+00 6.735999999999999766e-01
9.000000000000000000e+00 6.752000000000000224e-01
1.600000000000000000e+01 6.767999999999999572e-01
0.000000000000000000e+00 6.784000000000000030e-01
8.000000000000000000e+00 6.800000000000000488e-01
0.000000000000000000e+00 6.815999999999999837e-01
4.000000000000000000e+00 6.832000000000000295e-01
0.000000000000000000e+00 6.847999999999999643e-01
2.000000000000000000e+01 6.864000000000000101e-01
0.000000000000000000e+00 6.847999999999999643e-01
1.500000000000000000e+01 6.864000000000000101e-01
0.000000000000000000e+00 6.879999999999999449e-01
0.000000000000000000e+00 6.895999999999999908e-01
0.000000000000000000e+00 6.912000000000000366e-01
5.000000000000000000e+00 6.927999999999999714e-01
1.200000000000000000e+01 6.944000000000000172e-01
0.000000000000000000e+00 6.959999999999999520e-01
0.000000000000000000e+00 6.975999999999999979e-01
1.637000000000000000e+03 6.992000000000000437e-01
0.000000000000000000e+00 6.703999999999999959e-01
1.000000000000000000e+00 6.720000000000000417e-01
0.000000000000000000e+00 6.735999999999999766e-01
5.000000000000000000e+00 6.752000000000000224e-01
3.110000000000000000e+02 6.767999999999999572e-01
8.000000000000000000e+00 6.735999999999999766e-01
7.300000000000000000e+01 6.752000000000000224e-01
0.000000000000000000e+00 6.720000000000000417e-01
5.000000000000000000e+00 6.735999999999999766e-01
2.100000000000000000e+01 6.735999999999999766e-01
1.300000000000000000e+01 6.672000000000000153e-01
1.100000000000000000e+01 6.672000000000000153e-01
0.000000000000000000e+00 6.687999999999999501e-01
0.000000000000000000e+00 6.703999999999999959e-01
1.100000000000000000e+01 6.720000000000000417e-01
1.100000000000000000e+01 6.735999999999999766e-01
1.000000000000000000e+00 6.752000000000000224e-01
3.000000000000000000e+00 6.767999999999999572e-01
4.000000000000000000e+00 6.784000000000000030e-01
7.000000000000000000e+01 6.800000000000000488e-01
0.000000000000000000e+00 6.815999999999999837e-01
1.500000000000000000e+02 6.832000000000000295e-01
5.000000000000000000e+00 6.847999999999999643e-01
1.410000000000000000e+02 6.832000000000000295e-01
1.300000000000000000e+01 6.815999999999999837e-01
3.000000000000000000e+00 6.832000000000000295e-01
1.000000000000000000e+01 6.847999999999999643e-01
0.000000000000000000e+00 6.832000000000000295e-01
2.000000000000000000e+00 6.847999999999999643e-01
1.300000000000000000e+01 6.864000000000000101e-01
0.000000000000000000e+00 6.879999999999999449e-01
0.000000000000000000e+00 6.895999999999999908e-01
2.700000000000000000e+01 6.912000000000000366e-01
0.000000000000000000e+00 6.927999999999999714e-01
1.400000000000000000e+01 6.944000000000000172e-01
0.000000000000000000e+00 6.944000000000000172e-01
1.500000000000000000e+01 6.959999999999999520e-01
1.870000000000000000e+02 6.975999999999999979e-01
3.700000000000000000e+01 6.912000000000000366e-01
8.000000000000000000e+00 6.927999999999999714e-01
2.000000000000000000e+01 6.927999999999999714e-01
9.500000000000000000e+01 6.927999999999999714e-01
1.900000000000000000e+01 6.944000000000000172e-01
1.900000000000000000e+01 6.959999999999999520e-01
0.000000000000000000e+00 6.944000000000000172e-01
0.000000000000000000e+00 6.959999999999999520e-01
0.000000000000000000e+00 6.975999999999999979e-01
4.000000000000000000e+00 6.992000000000000437e-01
0.000000000000000000e+00 7.007999999999999785e-01
0.000000000000000000e+00 7.024000000000000243e-01
2.000000000000000000e+00 7.039999999999999591e-01
3.800000000000000000e+01 7.056000000000000050e-01
9.000000000000000000e+00 7.072000000000000508e-01
0.000000000000000000e+00 7.087999999999999856e-01
0.000000000000000000e+00 7.104000000000000314e-01
1.600000000000000000e+01 7.119999999999999662e-01
0.000000000000000000e+00 7.136000000000000121e-01
5.870000000000000000e+02 7.151999999999999469e-01
1.300000000000000000e+01 7.087999999999999856e-01
0.000000000000000000e+00 7.104000000000000314e-01
2.000000000000000000e+00 7.119999999999999662e-01
3.000000000000000000e+00 7.136000000000000121e-01
1.800000000000000000e+01 7.151999999999999469e-01
3.800000000000000000e+01 7.119999999999999662e-01
4.000000000000000000e+00 7.136000000000000121e-01
3.080000000000000000e+02 7.151999999999999469e-01
1.600000000000000000e+01 6.895999999999999908e-01
3.100000000000000000e+01 6.895999999999999908e-01
3.000000000000000000e+00 6.847999999999999643e-01
0.000000000000000000e+00 6.832000000000000295e-01
0.000000000000000000e+00 6.847999999999999643e-01
0.000000000000000000e+00 6.864000000000000101e-01
0.000000000000000000e+00 6.879999999999999449e-01
1.200000000000000000e+01 6.895999999999999908e-01
2.540000000000000000e+02 6.912000000000000366e-01
0.000000000000000000e+00 6.879999999999999449e-01
2.400000000000000000e+01 6.895999999999999908e-01
6.400000000000000000e+01 6.912000000000000366e-01
2.000000000000000000e+00 6.879999999999999449e-01
3.400000000000000000e+01 6.879999999999999449e-01
1.000000000000000000e+00 6.847999999999999643e-01
3.300000000000000000e+01 6.864000000000000101e-01
1.000000000000000000e+00 6.847999999999999643e-01
3.000000000000000000e+01 6.864000000000000101e-01
2.206000000000000000e+03 6.879999999999999449e-01
1.000000000000000000e+00 6.415999999999999481e-01
0.000000000000000000e+00 6.431999999999999940e-01
2.000000000000000000e+00 6.448000000000000398e-01
1.800000000000000000e+01 6.463999999999999746e-01
1.000000000000000000e+00 6.480000000000000204e-01
5.000000000000000000e+00 6.495999999999999552e-01
0.000000000000000000e+00 6.480000000000000204e-01
1.200000000000000000e+01 6.495999999999999552e-01
0.000000000000000000e+00 6.512000000000000011e-01
3.000000000000000000e+00 6.528000000000000469e-01
0.000000000000000000e+00 6.528000000000000469e-01
9.000000000000000000e+00 6.543999999999999817e-01
1.000000000000000000e+00 6.495999999999999552e-01
0.000000000000000000e+00 6.512000000000000011e-01
4.000000000000000000e+00 6.528000000000000469e-01
1.000000000000000000e+00 6.543999999999999817e-01
3.500000000000000000e+01 6.560000000000000275e-01
1.300000000000000000e+01 6.575999999999999623e-01
1.000000000000000000e+00 6.592000000000000082e-01
0.000000000000000000e+00 6.575999999999999623e-01
3.000000000000000000e+00 6.592000000000000082e-01
1.800000000000000000e+01 6.608000000000000540e-01
0.000000000000000000e+00 6.623999999999999888e-01
4.000000000000000000e+00 6.640000000000000346e-01
7.000000000000000000e+00 6.655999999999999694e-01
7.000000000000000000e+01 6.672000000000000153e-01
2.000000000000000000e+01 6.655999999999999694e-01
1.100000000000000000e+02 6.672000000000000153e-01
7.600000000000000000e+01 6.575999999999999623e-01
4.000000000000000000e+01 6.592000000000000082e-01
0.000000000000000000e+00 6.608000000000000540e-01
2.000000000000000000e+00 6.623999999999999888e-01
3.500000000000000000e+01 6.640000000000000346e-01
0.000000000000000000e+00 6.655999999999999694e-01
6.000000000000000000e+00 6.672000000000000153e-01
0.000000000000000000e+00 6.640000000000000346e-01
8.000000000000000000e+00 6.655999999999999694e-01
9.000000000000000000e+00 6.672000000000000153e-01
1.000000000000000000e+00 6.687999999999999501e-01
0.000000000000000000e+00 6.703999999999999959e-01
0.000000000000000000e+00 6.720000000000000417e-01
9.000000000000000000e+00 6.735999999999999766e-01
1.700000000000000000e+01 6.752000000000000224e-01
2.000000000000000000e+00 6.735999999999999766e-01
8.000000000000000000e+00 6.735999999999999766e-01
0.000000000000000000e+00 6.720000000000000417e-01
7.000000000000000000e+00 6.735999999999999766e-01
8.000000000000000000e+00 6.752000000000000224e-01
0.000000000000000000e+00 6.767999999999999572e-01
0.000000000000000000e+00 6.784000000000000030e-01
1.700000000000000000e+01 6.800000000000000488e-01
2.400000000000000000e+01 6.752000000000000224e-01
0.000000000000000000e+00 6.767999999999999572e-01
2.000000000000000000e+00 6.784000000000000030e-01
0.000000000000000000e+00 6.800000000000000488e-01
0.000000000000000000e+00 6.815999999999999837e-01
0.000000000000000000e+00 6.832000000000000295e-01
0.000000000000000000e+00 6.847999999999999643e-01
2.200000000000000000e+01 6.864000000000000101e-01
7.100000000000000000e+01 6.879999999999999449e-01
0.000000000000000000e+00 6.895999999999999908e-01
0.000000000000000000e+00 6.912000000000000366e-01
3.000000000000000000e+00 6.927999999999999714e-01
5.000000000000000000e+00 6.944000000000000172e-01
2.280000000000000000e+02 6.959999999999999520e-01
0.000000000000000000e+00 6.847999999999999643e-01
2.000000000000000000e+00 6.864000000000000101e-01
1.300000000000000000e+02 6.879999999999999449e-01
5.050000000000000000e+02 6.815999999999999837e-01
3.000000000000000000e+00 6.608000000000000540e-01
1.000000000000000000e+00 6.623999999999999888e-01
0.000000000000000000e+00 6.640000000000000346e-01
2.000000000000000000e+00 6.655999999999999694e-01
0.000000000000000000e+00 6.672000000000000153e-01
0.000000000000000000e+00 6.687999999999999501e-01
4.000000000000000000e+00 6.703999999999999959e-01
6.000000000000000000e+00 6.687999999999999501e-01
6.500000000000000000e+01 6.703999999999999959e-01
2.000000000000000000e+00 6.703999999999999959e-01
1.200000000000000000e+01 6.720000000000000417e-01
2.000000000000000000e+00 6.735999999999999766e-01
2.000000000000000000e+00 6.752000000000000224e-01
0.000000000000000000e+00 6.767999999999999572e-01
1.000000000000000000e+00 6.784000000000000030e-01
3.900000000000000000e+01 6.784000000000000030e-01
4.900000000000000000e+02 6.784000000000000030e-01
0.000000000000000000e+00 6.687999999999999501e-01
3.500000000000000000e+01 6.703999999999999959e-01
0.000000000000000000e+00 6.720000000000000417e-01
0.000000000000000000e+00 6.735999999999999766e-01
6.000000000000000000e+00 6.752000000000000224e-01
0.000000000000000000e+00 6.720000000000000417e-01
2.170000000000000000e+02 6.735999999999999766e-01
0.000000000000000000e+00 6.735999999999999766e-01
1.000000000000000000e+00 6.752000000000000224e-01
7.000000000000000000e+00 6.752000000000000224e-01
1.300000000000000000e+01 6.767999999999999572e-01
4.000000000000000000e+00 6.784000000000000030e-01
0.000000000000000000e+00 6.800000000000000488e-01
2.000000000000000000e+01 6.815999999999999837e-01
0.000000000000000000e+00 6.832000000000000295e-01
0.000000000000000000e+00 6.847999999999999643e-01
1.000000000000000000e+00 6.864000000000000101e-01
0.000000000000000000e+00 6.864000000000000101e-01
8.000000000000000000e+00 6.879999999999999449e-01
0.000000000000000000e+00 6.879999999999999449e-01
1.000000000000000000e+00 6.895999999999999908e-01
0.000000000000000000e+00 6.912000000000000366e-01
1.000000000000000000e+01 6.927999999999999714e-01
1.500000000000000000e+01 6.944000000000000172e-01
6.970000000000000000e+02 6.927999999999999714e-01
8.000000000000000000e+00 6.800000000000000488e-01
0.000000000000000000e+00 6.815999999999999837e-01
1.620000000000000000e+02 6.832000000000000295e-01
0.000000000000000000e+00 6.752000000000000224e-01
2.000000000000000000e+01 6.767999999999999572e-01
1.000000000000000000e+00 6.767999999999999572e-01
1.000000000000000000e+00 6.784000000000000030e-01
2.900000000000000000e+01 6.800000000000000488e-01
1.000000000000000000e+00 6.767999999999999572e-01
2.000000000000000000e+00 6.767999999999999572e-01
1.400000000000000000e+01 6.784000000000000030e-01
4.000000000000000000e+00 6.800000000000000488e-01
6.900000000000000000e+01 6.815999999999999837e-01
4.000000000000000000e+00 6.832000000000000295e-01
7.200000000000000000e+01 6.800000000000000488e-01
2.000000000000000000e+00 6.800000000000000488e-01
0.000000000000000000e+00 6.815999999999999837e-01
2.050000000000000000e+02 6.832000000000000295e-01
0.000000000000000000e+00 6.832000000000000295e-01
6.940000000000000000e+02 6.847999999999999643e-01
1.250000000000000000e+02 6.832000000000000295e-01
9.600000000000000000e+01 6.847999999999999643e-01
0.000000000000000000e+00 6.847999999999999643e-01
1.100000000000000000e+01 6.864000000000000101e-01
7.000000000000000000e+00 6.879999999999999449e-01
6.000000000000000000e+00 6.879999999999999449e-01
3.000000000000000000e+00 6.895999999999999908e-01
2.000000000000000000e+00 6.912000000000000366e-01
3.470000000000000000e+02 6.927999999999999714e-01
4.000000000000000000e+00 6.927999999999999714e-01
5.000000000000000000e+00 6.944000000000000172e-01
0.000000000000000000e+00 6.959999999999999520e-01
3.100000000000000000e+01 6.975999999999999979e-01
0.000000000000000000e+00 6.927999999999999714e-01
4.000000000000000000e+00 6.944000000000000172e-01
0.000000000000000000e+00 6.959999999999999520e-01
0.000000000000000000e+00 6.975999999999999979e-01
1.200000000000000000e+01 6.992000000000000437e-01
7.500000000000000000e+01 6.959999999999999520e-01
1.320000000000000000e+02 6.879999999999999449e-01
1.325000000000000000e+03 6.879999999999999449e-01
2.800000000000000000e+01 6.640000000000000346e-01
0.000000000000000000e+00 6.640000000000000346e-01
0.000000000000000000e+00 6.655999999999999694e-01
6.300000000000000000e+01 6.672000000000000153e-01
5.000000000000000000e+00 6.672000000000000153e-01
4.500000000000000000e+01 6.687999999999999501e-01
0.000000000000000000e+00 6.703999999999999959e-01
8.000000000000000000e+00 6.720000000000000417e-01
2.000000000000000000e+00 6.735999999999999766e-01
2.300000000000000000e+01 6.752000000000000224e-01
0.000000000000000000e+00 6.767999999999999572e-01
7.000000000000000000e+00 6.784000000000000030e-01
2.800000000000000000e+01 6.752000000000000224e-01
2.000000000000000000e+00 6.767999999999999572e-01
7.000000000000000000e+00 6.784000000000000030e-01
0.000000000000000000e+00 6.800000000000000488e-01
2.000000000000000000e+00 6.815999999999999837e-01
2.000000000000000000e+00 6.832000000000000295e-01
2.000000000000000000e+00 6.832000000000000295e-01
5.100000000000000000e+01 6.847999999999999643e-01
5.400000000000000000e+01 6.864000000000000101e-01
1.400000000000000000e+01 6.864000000000000101e-01
0.000000000000000000e+00 6.864000000000000101e-01
3.500000000000000000e+01 6.879999999999999449e-01
6.340000000000000000e+02 6.895999999999999908e-01
4.000000000000000000e+00 6.784000000000000030e-01
5.150000000000000000e+02 6.784000000000000030e-01
2.700000000000000000e+01 6.703999999999999959e-01
2.300000000000000000e+01 6.720000000000000417e-01
0.000000000000000000e+00 6.735999999999999766e-01
4.000000000000000000e+00 6.752000000000000224e-01
5.700000000000000000e+01 6.752000000000000224e-01
1.200000000000000000e+01 6.767999999999999572e-01
1.800000000000000000e+01 6.784000000000000030e-01
2.800000000000000000e+01 6.800000000000000488e-01
8.000000000000000000e+00 6.752000000000000224e-01
0.000000000000000000e+00 6.767999999999999572e-01
1.250000000000000000e+02 6.784000000000000030e-01
0.000000000000000000e+00 6.784000000000000030e-01
0.000000000000000000e+00 6.800000000000000488e-01
0.000000000000000000e+00 6.815999999999999837e-01
0.000000000000000000e+00 6.832000000000000295e-01
0.000000000000000000e+00 6.847999999999999643e-01
1.400000000000000000e+01 6.864000000000000101e-01
0.000000000000000000e+00 6.879999999999999449e-01
3.100000000000000000e+01 6.895999999999999908e-01
0.000000000000000000e+00 6.879999999999999449e-01
0.000000000000000000e+00 6.895999999999999908e-01
2.000000000000000000e+00 6.912000000000000366e-01
1.000000000000000000e+00 6.927999999999999714e-01
2.450000000000000000e+02 6.944000000000000172e-01
4.000000000000000000e+01 6.944000000000000172e-01
0.000000000000000000e+00 6.895999999999999908e-01
0.000000000000000000e+00 6.912000000000000366e-01
5.000000000000000000e+00 6.927999999999999714e-01
0.000000000000000000e+00 6.944000000000000172e-01
0.000000000000000000e+00 6.959999999999999520e-01
5.000000000000000000e+01 6.975999999999999979e-01
0.000000000000000000e+00 6.992000000000000437e-01
0.000000000000000000e+00 7.007999999999999785e-01
0.000000000000000000e+00 7.024000000000000243e-01
3.000000000000000000e+00 7.039999999999999591e-01
4.140000000000000000e+02 7.056000000000000050e-01
0.000000000000000000e+00 6.912000000000000366e-01
0.000000000000000000e+00 6.927999999999999714e-01
3.000000000000000000e+00 6.944000000000000172e-01
4.000000000000000000e+00 6.959999999999999520e-01
8.700000000000000000e+01 6.975999999999999979e-01
6.000000000000000000e+00 6.895999999999999908e-01
0.000000000000000000e+00 6.912000000000000366e-01
7.910000000000000000e+02 6.927999999999999714e-01
1.000000000000000000e+00 6.879999999999999449e-01
8.700000000000000000e+01 6.895999999999999908e-01
0.000000000000000000e+00 6.847999999999999643e-01
4.320000000000000000e+02 6.864000000000000101e-01
4.080000000000000000e+02 6.800000000000000488e-01
1.100000000000000000e+01 6.623999999999999888e-01
6.000000000000000000e+00 6.640000000000000346e-01
0.000000000000000000e+00 6.640000000000000346e-01
8.000000000000000000e+00 6.655999999999999694e-01
6.110000000000000000e+02 6.672000000000000153e-01
1.800000000000000000e+01 6.560000000000000275e-01
3.700000000000000000e+01 6.575999999999999623e-01
0.000000000000000000e+00 6.495999999999999552e-01
9.000000000000000000e+00 6.512000000000000011e-01
0.000000000000000000e+00 6.528000000000000469e-01
0.000000000000000000e+00 6.543999999999999817e-01
2.140000000000000000e+02 6.560000000000000275e-01
8.000000000000000000e+00 6.463999999999999746e-01
3.000000000000000000e+00 6.448000000000000398e-01
0.000000000000000000e+00 6.463999999999999746e-01
6.000000000000000000e+00 6.480000000000000204e-01
5.000000000000000000e+00 6.495999999999999552e-01
2.000000000000000000e+00 6.512000000000000011e-01
5.400000000000000000e+01 6.495999999999999552e-01
0.000000000000000000e+00 6.480000000000000204e-01
1.200000000000000000e+01 6.495999999999999552e-01
6.000000000000000000e+00 6.512000000000000011e-01
7.000000000000000000e+00 6.528000000000000469e-01
3.180000000000000000e+02 6.528000000000000469e-01
3.000000000000000000e+01 6.528000000000000469e-01
0.000000000000000000e+00 6.543999999999999817e-01
0.000000000000000000e+00 6.560000000000000275e-01
0.000000000000000000e+00 6.575999999999999623e-01
4.000000000000000000e+00 6.592000000000000082e-01
1.000000000000000000e+00 6.608000000000000540e-01
0.000000000000000000e+00 6.608000000000000540e-01
2.000000000000000000e+00 6.623999999999999888e-01
1.100000000000000000e+02 6.640000000000000346e-01
0.000000000000000000e+00 6.655999999999999694e-01
0.000000000000000000e+00 6.672000000000000153e-01
0.000000000000000000e+00 6.687999999999999501e-01
2.000000000000000000e+00 6.703999999999999959e-01
0.000000000000000000e+00 6.703999999999999959e-01
3.000000000000000000e+00 6.720000000000000417e-01
4.000000000000000000e+00 6.735999999999999766e-01
3.000000000000000000e+00 6.752000000000000224e-01
0.000000000000000000e+00 6.767999999999999572e-01
0.000000000000000000e+00 6.784000000000000030e-01
0.000000000000000000e+00 6.800000000000000488e-01
2.000000000000000000e+00 6.815999999999999837e-01
4.000000000000000000e+00 6.832000000000000295e-01
7.500000000000000000e+01 6.847999999999999643e-01
1.000000000000000000e+01 6.864000000000000101e-01
0.000000000000000000e+00 6.879999999999999449e-01
2.190000000000000000e+02 6.895999999999999908e-01
0.000000000000000000e+00 6.847999999999999643e-01
2.370000000000000000e+02 6.864000000000000101e-01
4.500000000000000000e+01 6.879999999999999449e-01
2.350000000000000000e+02 6.879999999999999449e-01
5.000000000000000000e+00 6.784000000000000030e-01
0.000000000000000000e+00 6.800000000000000488e-01
0.000000000000000000e+00 6.815999999999999837e-01
2.200000000000000000e+01 6.832000000000000295e-01
0.000000000000000000e+00 6.847999999999999643e-01
1.000000000000000000e+00 6.864000000000000101e-01
2.000000000000000000e+00 6.879999999999999449e-01
5.000000000000000000e+00 6.895999999999999908e-01
1.000000000000000000e+00 6.895999999999999908e-01
6.000000000000000000e+00 6.912000000000000366e-01
0.000000000000000000e+00 6.927999999999999714e-01
6.000000000000000000e+00 6.944000000000000172e-01
4.400000000000000000e+01 6.959999999999999520e-01
2.600000000000000000e+01 6.975999999999999979e-01
0.000000000000000000e+00 6.975999999999999979e-01
1.468000000000000000e+03 6.992000000000000437e-01
1.200000000000000000e+01 6.703999999999999959e-01
1.300000000000000000e+01 6.720000000000000417e-01
0.000000000000000000e+00 6.735999999999999766e-01
3.000000000000000000e+00 6.752000000000000224e-01
2.000000000000000000e+00 6.752000000000000224e-01
0.000000000000000000e+00 6.767999999999999572e-01
1.830000000000000000e+02 6.784000000000000030e-01
2.900000000000000000e+01 6.735999999999999766e-01
1.370000000000000000e+02 6.735999999999999766e-01
3.300000000000000000e+01 6.687999999999999501e-01
0.000000000000000000e+00 6.623999999999999888e-01
1.800000000000000000e+01 6.640000000000000346e-01
3.000000000000000000e+00 6.655999999999999694e-01
1.000000000000000000e+00 6.672000000000000153e-01
0.000000000000000000e+00 6.687999999999999501e-01
3.700000000000000000e+01 6.703999999999999959e-01
5.400000000000000000e+01 6.720000000000000417e-01
2.000000000000000000e+00 6.735999999999999766e-01
3.000000000000000000e+00 6.752000000000000224e-01
2.000000000000000000e+00 6.767999999999999572e-01
1.040000000000000000e+02 6.784000000000000030e-01
4.700000000000000000e+01 6.800000000000000488e-01
1.800000000000000000e+01 6.800000000000000488e-01
1.100000000000000000e+01 6.815999999999999837e-01
3.000000000000000000e+00 6.832000000000000295e-01
0.000000000000000000e+00 6.847999999999999643e-01
0.000000000000000000e+00 6.864000000000000101e-01
1.000000000000000000e+00 6.879999999999999449e-01
2.780000000000000000e+02 6.895999999999999908e-01
0.000000000000000000e+00 6.912000000000000366e-01
3.090000000000000000e+02 6.927999999999999714e-01
0.000000000000000000e+00 6.847999999999999643e-01
2.000000000000000000e+01 6.864000000000000101e-01
3.250000000000000000e+02 6.832000000000000295e-01
5.000000000000000000e+00 6.847999999999999643e-01
5.300000000000000000e+01 6.864000000000000101e-01
4.000000000000000000e+00 6.879999999999999449e-01
5.000000000000000000e+00 6.879999999999999449e-01
5.500000000000000000e+01 6.895999999999999908e-01
1.300000000000000000e+02 6.912000000000000366e-01
4.600000000000000000e+01 6.927999999999999714e-01
0.000000000000000000e+00 6.944000000000000172e-01
0.000000000000000000e+00 6.959999999999999520e-01
2.000000000000000000e+00 6.975999999999999979e-01
1.620000000000000000e+02 6.992000000000000437e-01
0.000000000000000000e+00 6.944000000000000172e-01
0.000000000000000000e+00 6.959999999999999520e-01
4.000000000000000000e+01 6.975999999999999979e-01
1.000000000000000000e+00 6.959999999999999520e-01
1.000000000000000000e+00 6.975999999999999979e-01
3.610000000000000000e+02 6.992000000000000437e-01
7.100000000000000000e+01 6.847999999999999643e-01
0.000000000000000000e+00 6.767999999999999572e-01
0.000000000000000000e+00 6.784000000000000030e-01
0.000000000000000000e+00 6.800000000000000488e-01
2.090000000000000000e+02 6.815999999999999837e-01
1.900000000000000000e+01 6.832000000000000295e-01
0.000000000000000000e+00 6.847999999999999643e-01
0.000000000000000000e+00 6.864000000000000101e-01
0.000000000000000000e+00 6.879999999999999449e-01
0.000000000000000000e+00 6.895999999999999908e-01
0.000000000000000000e+00 6.912000000000000366e-01
1.000000000000000000e+00 6.927999999999999714e-01
1.300000000000000000e+01 6.944000000000000172e-01
6.000000000000000000e+00 6.944000000000000172e-01
2.000000000000000000e+00 6.959999999999999520e-01
0.000000000000000000e+00 6.959999999999999520e-01
6.190000000000000000e+02 6.975999999999999979e-01
1.500000000000000000e+01 6.800000000000000488e-01
0.000000000000000000e+00 6.800000000000000488e-01
4.000000000000000000e+00 6.815999999999999837e-01
0.000000000000000000e+00 6.832000000000000295e-01
2.400000000000000000e+01 6.847999999999999643e-01
6.200000000000000000e+01 6.864000000000000101e-01
1.300000000000000000e+01 6.832000000000000295e-01
3.000000000000000000e+00 6.800000000000000488e-01
4.000000000000000000e+00 6.815999999999999837e-01
1.300000000000000000e+01 6.815999999999999837e-01
7.000000000000000000e+00 6.832000000000000295e-01
1.000000000000000000e+00 6.847999999999999643e-01
1.000000000000000000e+00 6.864000000000000101e-01
2.900000000000000000e+02 6.864000000000000101e-01
0.000000000000000000e+00 6.784000000000000030e-01
2.000000000000000000e+01 6.800000000000000488e-01
4.000000000000000000e+00 6.800000000000000488e-01
2.000000000000000000e+00 6.815999999999999837e-01
2.400000000000000000e+01 6.832000000000000295e-01
2.000000000000000000e+00 6.815999999999999837e-01
4.000000000000000000e+00 6.815999999999999837e-01
8.000000000000000000e+00 6.832000000000000295e-01
1.100000000000000000e+01 6.800000000000000488e-01
1.000000000000000000e+00 6.815999999999999837e-01
0.000000000000000000e+00 6.832000000000000295e-01
0.000000000000000000e+00 6.847999999999999643e-01
2.000000000000000000e+00 6.864000000000000101e-01
1.100000000000000000e+01 6.879999999999999449e-01
3.790000000000000000e+02 6.895999999999999908e-01
4.000000000000000000e+00 6.703999999999999959e-01
1.000000000000000000e+00 6.720000000000000417e-01
8.000000000000000000e+01 6.735999999999999766e-01
1.000000000000000000e+00 6.752000000000000224e-01
4.640000000000000000e+02 6.767999999999999572e-01
1.000000000000000000e+01 6.703999999999999959e-01
2.000000000000000000e+00 6.720000000000000417e-01
0.000000000000000000e+00 6.720000000000000417e-01
0.000000000000000000e+00 6.735999999999999766e-01
5.000000000000000000e+00 6.752000000000000224e-01
0.000000000000000000e+00 6.735999999999999766e-01
4.300000000000000000e+01 6.752000000000000224e-01
0.000000000000000000e+00 6.767999999999999572e-01
0.000000000000000000e+00 6.784000000000000030e-01
0.000000000000000000e+00 6.800000000000000488e-01
0.000000000000000000e+00 6.815999999999999837e-01
2.400000000000000000e+01 6.832000000000000295e-01
2.000000000000000000e+00 6.847999999999999643e-01
0.000000000000000000e+00 6.864000000000000101e-01
0.000000000000000000e+00 6.879999999999999449e-01
4.500000000000000000e+01 6.895999999999999908e-01
3.410000000000000000e+02 6.879999999999999449e-01
1.000000000000000000e+00 6.864000000000000101e-01
6.700000000000000000e+01 6.879999999999999449e-01
1.000000000000000000e+00 6.847999999999999643e-01
1.000000000000000000e+00 6.832000000000000295e-01
2.000000000000000000e+00 6.832000000000000295e-01
6.000000000000000000e+00 6.847999999999999643e-01
4.000000000000000000e+00 6.864000000000000101e-01
1.000000000000000000e+00 6.864000000000000101e-01
1.000000000000000000e+01 6.879999999999999449e-01
0.000000000000000000e+00 6.895999999999999908e-01
0.000000000000000000e+00 6.912000000000000366e-01
3.000000000000000000e+00 6.927999999999999714e-01
2.000000000000000000e+00 6.944000000000000172e-01
5.500000000000000000e+01 6.959999999999999520e-01
4.800000000000000000e+01 6.975999999999999979e-01
0.000000000000000000e+00 6.992000000000000437e-01
1.000000000000000000e+01 7.007999999999999785e-01
9.100000000000000000e+01 7.024000000000000243e-01
0.000000000000000000e+00 7.024000000000000243e-01
0.000000000000000000e+00 7.039999999999999591e-01
2.000000000000000000e+00 7.056000000000000050e-01
1.000000000000000000e+00 7.072000000000000508e-01
3.180000000000000000e+02 7.072000000000000508e-01
1.170000000000000000e+03 6.992000000000000437e-01
2.000000000000000000e+01 6.895999999999999908e-01
3.000000000000000000e+00 6.895999999999999908e-01
6.000000000000000000e+00 6.879999999999999449e-01
0.000000000000000000e+00 6.895999999999999908e-01
0.000000000000000000e+00 6.912000000000000366e-01
1.000000000000000000e+00 6.927999999999999714e-01
0.000000000000000000e+00 6.927999999999999714e-01
0.000000000000000000e+00 6.944000000000000172e-01
0.000000000000000000e+00 6.959999999999999520e-01
0.000000000000000000e+00 6.975999999999999979e-01
1.200000000000000000e+01 6.992000000000000437e-01
2.000000000000000000e+00 6.992000000000000437e-01
0.000000000000000000e+00 7.007999999999999785e-01
1.000000000000000000e+00 7.024000000000000243e-01
0.000000000000000000e+00 7.039999999999999591e-01
0.000000000000000000e+00 7.056000000000000050e-01
1.000000000000000000e+01 7.072000000000000508e-01
2.000000000000000000e+01 7.072000000000000508e-01
5.000000000000000000e+00 7.072000000000000508e-01
0.000000000000000000e+00 7.087999999999999856e-01
6.900000000000000000e+01 7.104000000000000314e-01
1.500000000000000000e+01 7.056000000000000050e-01
5.400000000000000000e+01 7.039999999999999591e-01
2.500000000000000000e+01 7.039999999999999591e-01
0.000000000000000000e+00 7.056000000000000050e-01
5.000000000000000000e+00 7.072000000000000508e-01
0.000000000000000000e+00 7.072000000000000508e-01
2.040000000000000000e+02 7.087999999999999856e-01
4.000000000000000000e+00 6.944000000000000172e-01
1.100000000000000000e+01 6.944000000000000172e-01
1.300000000000000000e+01 6.959999999999999520e-01
1.400000000000000000e+01 6.975999999999999979e-01
4.660000000000000000e+02 6.992000000000000437e-01
1.400000000000000000e+02 7.007999999999999785e-01
5.200000000000000000e+01 6.992000000000000437e-01
1.056000000000000000e+03 6.927999999999999714e-01
2.000000000000000000e+00 6.703999999999999959e-01
4.470000000000000000e+02 6.720000000000000417e-01
0.000000000000000000e+00 6.608000000000000540e-01
4.000000000000000000e+00 6.623999999999999888e-01
3.600000000000000000e+01 6.640000000000000346e-01
2.000000000000000000e+00 6.640000000000000346e-01
3.800000000000000000e+01 6.655999999999999694e-01
0.000000000000000000e+00 6.672000000000000153e-01
0.000000000000000000e+00 6.687999999999999501e-01
4.000000000000000000e+01 6.703999999999999959e-01
6.700000000000000000e+01 6.720000000000000417e-01
3.850000000000000000e+02 6.687999999999999501e-01
0.000000000000000000e+00 6.687999999999999501e-01
1.000000000000000000e+01 6.703999999999999959e-01
6.000000000000000000e+00 6.720000000000000417e-01
0.000000000000000000e+00 6.735999999999999766e-01
3.800000000000000000e+01 6.752000000000000224e-01
1.000000000000000000e+00 6.767999999999999572e-01
0.000000000000000000e+00 6.784000000000000030e-01
4.000000000000000000e+00 6.800000000000000488e-01
4.400000000000000000e+01 6.815999999999999837e-01
1.000000000000000000e+00 6.832000000000000295e-01
2.080000000000000000e+02 6.847999999999999643e-01
2.000000000000000000e+00 6.735999999999999766e-01
6.300000000000000000e+01 6.752000000000000224e-01
2.000000000000000000e+00 6.720000000000000417e-01
0.000000000000000000e+00 6.735999999999999766e-01
3.000000000000000000e+00 6.752000000000000224e-01
8.000000000000000000e+00 6.767999999999999572e-01
1.740000000000000000e+02 6.784000000000000030e-01
6.000000000000000000e+00 6.767999999999999572e-01
4.860000000000000000e+02 6.767999999999999572e-01
6.900000000000000000e+01 6.720000000000000417e-01
0.000000000000000000e+00 6.640000000000000346e-01
0.000000000000000000e+00 6.655999999999999694e-01
7.200000000000000000e+01 6.672000000000000153e-01
0.000000000000000000e+00 6.672000000000000153e-01
4.200000000000000000e+01 6.687999999999999501e-01
0.000000000000000000e+00 6.672000000000000153e-01
6.000000000000000000e+00 6.687999999999999501e-01
0.000000000000000000e+00 6.703999999999999959e-01
3.000000000000000000e+00 6.720000000000000417e-01
2.000000000000000000e+00 6.735999999999999766e-01
2.500000000000000000e+01 6.735999999999999766e-01
1.030000000000000000e+02 6.735999999999999766e-01
2.100000000000000000e+01 6.752000000000000224e-01
1.720000000000000000e+02 6.752000000000000224e-01
1.000000000000000000e+00 6.703999999999999959e-01
0.000000000000000000e+00 6.720000000000000417e-01
0.000000000000000000e+00 6.735999999999999766e-01
8.200000000000000000e+01 6.752000000000000224e-01
4.600000000000000000e+01 6.655999999999999694e-01
0.000000000000000000e+00 6.623999999999999888e-01
0.000000000000000000e+00 6.640000000000000346e-01
3.000000000000000000e+00 6.655999999999999694e-01
3.800000000000000000e+01 6.672000000000000153e-01
0.000000000000000000e+00 6.672000000000000153e-01
4.000000000000000000e+00 6.687999999999999501e-01
0.000000000000000000e+00 6.703999999999999959e-01
7.000000000000000000e+00 6.720000000000000417e-01
0.000000000000000000e+00 6.735999999999999766e-01
2.000000000000000000e+01 6.752000000000000224e-01
1.000000000000000000e+00 6.767999999999999572e-01
2.040000000000000000e+02 6.784000000000000030e-01
7.000000000000000000e+00 6.800000000000000488e-01
1.110000000000000000e+02 6.815999999999999837e-01
1.000000000000000000e+00 6.815999999999999837e-01
3.000000000000000000e+00 6.832000000000000295e-01
0.000000000000000000e+00 6.847999999999999643e-01
0.000000000000000000e+00 6.864000000000000101e-01
0.000000000000000000e+00 6.879999999999999449e-01
2.000000000000000000e+00 6.895999999999999908e-01
4.000000000000000000e+00 6.912000000000000366e-01
4.700000000000000000e+01 6.927999999999999714e-01
0.000000000000000000e+00 6.895999999999999908e-01
0.000000000000000000e+00 6.912000000000000366e-01
7.000000000000000000e+00 6.927999999999999714e-01
5.000000000000000000e+00 6.944000000000000172e-01
3.000000000000000000e+00 6.944000000000000172e-01
0.000000000000000000e+00 6.927999999999999714e-01
1.100000000000000000e+01 6.944000000000000172e-01
1.000000000000000000e+01 6.944000000000000172e-01
3.100000000000000000e+01 6.959999999999999520e-01
4.000000000000000000e+00 6.975999999999999979e-01
6.000000000000000000e+00 6.992000000000000437e-01
2.000000000000000000e+00 6.959999999999999520e-01
2.000000000000000000e+00 6.975999999999999979e-01
0.000000000000000000e+00 6.992000000000000437e-01
1.880000000000000000e+02 7.007999999999999785e-01
3.000000000000000000e+00 7.007999999999999785e-01
2.400000000000000000e+01 6.992000000000000437e-01
2.200000000000000000e+01 6.944000000000000172e-01
9.000000000000000000e+00 6.959999999999999520e-01
4.200000000000000000e+01 6.959999999999999520e-01
0.000000000000000000e+00 6.879999999999999449e-01
0.000000000000000000e+00 6.895999999999999908e-01
8.900000000000000000e+01 6.912000000000000366e-01
5.400000000000000000e+01 6.879999999999999449e-01
7.000000000000000000e+00 6.879999999999999449e-01
3.000000000000000000e+00 6.847999999999999643e-01
1.000000000000000000e+00 6.864000000000000101e-01
3.000000000000000000e+00 6.879999999999999449e-01
0.000000000000000000e+00 6.895999999999999908e-01
5.000000000000000000e+00 6.912000000000000366e-01
2.100000000000000000e+01 6.927999999999999714e-01
5.400000000000000000e+01 6.927999999999999714e-01
2.000000000000000000e+00 6.944000000000000172e-01
4.000000000000000000e+00 6.959999999999999520e-01
0.000000000000000000e+00 6.975999999999999979e-01
0.000000000000000000e+00 6.992000000000000437e-01
0.000000000000000000e+00 7.007999999999999785e-01
0.000000000000000000e+00 7.024000000000000243e-01
2.910000000000000000e+02 7.039999999999999591e-01
1.000000000000000000e+01 7.056000000000000050e-01
4.190000000000000000e+02 7.072000000000000508e-01
0.000000000000000000e+00 6.975999999999999979e-01
1.000000000000000000e+00 6.992000000000000437e-01
1.000000000000000000e+00 7.007999999999999785e-01
5.310000000000000000e+02 7.024000000000000243e-01
2.000000000000000000e+00 6.975999999999999979e-01
0.000000000000000000e+00 6.959999999999999520e-01
0.000000000000000000e+00 6.975999999999999979e-01
1.000000000000000000e+00 6.992000000000000437e-01
7.300000000000000000e+01 6.975999999999999979e-01
0.000000000000000000e+00 6.975999999999999979e-01
7.330000000000000000e+02 6.992000000000000437e-01
1.050000000000000000e+02 6.800000000000000488e-01
9.700000000000000000e+01 6.767999999999999572e-01
9.600000000000000000e+01 6.735999999999999766e-01
0.000000000000000000e+00 6.703999999999999959e-01
0.000000000000000000e+00 6.720000000000000417e-01
0.000000000000000000e+00 6.735999999999999766e-01
2.000000000000000000e+00 6.752000000000000224e-01
0.000000000000000000e+00 6.767999999999999572e-01
0.000000000000000000e+00 6.784000000000000030e-01
1.000000000000000000e+00 6.800000000000000488e-01
2.000000000000000000e+00 6.815999999999999837e-01
0.000000000000000000e+00 6.832000000000000295e-01
2.000000000000000000e+00 6.847999999999999643e-01
2.030000000000000000e+02 6.864000000000000101e-01
1.000000000000000000e+00 6.832000000000000295e-01
0.000000000000000000e+00 6.847999999999999643e-01
1.000000000000000000e+00 6.864000000000000101e-01
4.000000000000000000e+00 6.879999999999999449e-01
7.000000000000000000e+00 6.895999999999999908e-01
1.900000000000000000e+01 6.912000000000000366e-01
8.000000000000000000e+00 6.832000000000000295e-01
0.000000000000000000e+00 6.847999999999999643e-01
6.260000000000000000e+02 6.864000000000000101e-01
3.000000000000000000e+00 6.687999999999999501e-01
6.000000000000000000e+00 6.703999999999999959e-01
5.400000000000000000e+01 6.720000000000000417e-01
0.000000000000000000e+00 6.735999999999999766e-01
1.500000000000000000e+01 6.752000000000000224e-01
1.060000000000000000e+02 6.767999999999999572e-01
0.000000000000000000e+00 6.767999999999999572e-01
2.320000000000000000e+02 6.784000000000000030e-01
0.000000000000000000e+00 6.767999999999999572e-01
2.200000000000000000e+01 6.784000000000000030e-01
0.000000000000000000e+00 6.767999999999999572e-01
0.000000000000000000e+00 6.784000000000000030e-01
0.000000000000000000e+00 6.800000000000000488e-01
3.000000000000000000e+00 6.815999999999999837e-01
5.000000000000000000e+00 6.832000000000000295e-01
1.600000000000000000e+01 6.847999999999999643e-01
2.400000000000000000e+01 6.847999999999999643e-01
2.000000000000000000e+00 6.864000000000000101e-01
3.400000000000000000e+01 6.879999999999999449e-01
0.000000000000000000e+00 6.895999999999999908e-01
3.000000000000000000e+00 6.912000000000000366e-01
0.000000000000000000e+00 6.927999999999999714e-01
3.700000000000000000e+01 6.944000000000000172e-01
0.000000000000000000e+00 6.959999999999999520e-01
1.290000000000000000e+02 6.975999999999999979e-01
1.000000000000000000e+00 6.992000000000000437e-01
0.000000000000000000e+00 7.007999999999999785e-01
0.000000000000000000e+00 7.024000000000000243e-01
0.000000000000000000e+00 7.039999999999999591e-01
0.000000000000000000e+00 7.056000000000000050e-01
3.000000000000000000e+00 7.072000000000000508e-01
0.000000000000000000e+00 7.087999999999999856e-01
0.000000000000000000e+00 7.104000000000000314e-01
3.200000000000000000e+01 7.119999999999999662e-01
2.000000000000000000e+00 7.104000000000000314e-01
1.000000000000000000e+00 7.119999999999999662e-01
0.000000000000000000e+00 7.136000000000000121e-01
2.000000000000000000e+00 7.151999999999999469e-01
2.200000000000000000e+01 7.167999999999999927e-01
4.000000000000000000e+00 7.184000000000000385e-01
2.540000000000000000e+02 7.199999999999999734e-01
0.000000000000000000e+00 7.167999999999999927e-01
0.000000000000000000e+00 7.184000000000000385e-01
0.000000000000000000e+00 7.199999999999999734e-01
2.000000000000000000e+00 7.216000000000000192e-01
8.190000000000000000e+02 7.216000000000000192e-01
8.000000000000000000e+01 7.056000000000000050e-01
3.000000000000000000e+00 7.007999999999999785e-01
0.000000000000000000e+00 7.024000000000000243e-01
4.000000000000000000e+00 7.039999999999999591e-01
0.000000000000000000e+00 7.056000000000000050e-01
1.000000000000000000e+00 7.072000000000000508e-01
3.300000000000000000e+02 7.072000000000000508e-01
0.000000000000000000e+00 6.992000000000000437e-01
2.000000000000000000e+00 7.007999999999999785e-01
1.000000000000000000e+00 7.024000000000000243e-01
1.000000000000000000e+00 7.039999999999999591e-01
0.000000000000000000e+00 7.056000000000000050e-01
0.000000000000000000e+00 7.072000000000000508e-01
0.000000000000000000e+00 7.087999999999999856e-01
0.000000000000000000e+00 7.104000000000000314e-01
7.620000000000000000e+02 7.119999999999999662e-01
1.800000000000000000e+01 7.039999999999999591e-01
0.000000000000000000e+00 7.039999999999999591e-01
4.280000000000000000e+02 7.056000000000000050e-01
0.000000000000000000e+00 6.864000000000000101e-01
2.450000000000000000e+02 6.879999999999999449e-01
1.000000000000000000e+00 6.832000000000000295e-01
1.000000000000000000e+00 6.847999999999999643e-01
1.800000000000000000e+01 6.864000000000000101e-01
1.200000000000000000e+01 6.847999999999999643e-01
5.300000000000000000e+01 6.864000000000000101e-01
3.000000000000000000e+00 6.864000000000000101e-01
0.000000000000000000e+00 6.879999999999999449e-01
0.000000000000000000e+00 6.895999999999999908e-01
2.000000000000000000e+00 6.912000000000000366e-01
0.000000000000000000e+00 6.927999999999999714e-01
2.000000000000000000e+00 6.944000000000000172e-01
2.000000000000000000e+01 6.959999999999999520e-01
2.000000000000000000e+00 6.975999999999999979e-01
0.000000000000000000e+00 6.959999999999999520e-01
4.900000000000000000e+01 6.975999999999999979e-01
2.000000000000000000e+00 6.992000000000000437e-01
2.900000000000000000e+01 7.007999999999999785e-01
7.640000000000000000e+02 7.024000000000000243e-01
5.000000000000000000e+00 6.655999999999999694e-01
1.240000000000000000e+02 6.672000000000000153e-01
7.000000000000000000e+00 6.687999999999999501e-01
3.000000000000000000e+00 6.672000000000000153e-01
6.000000000000000000e+00 6.687999999999999501e-01
6.000000000000000000e+00 6.703999999999999959e-01
0.000000000000000000e+00 6.720000000000000417e-01
0.000000000000000000e+00 6.735999999999999766e-01
0.000000000000000000e+00 6.752000000000000224e-01
0.000000000000000000e+00 6.767999999999999572e-01
1.000000000000000000e+00 6.784000000000000030e-01
1.000000000000000000e+00 6.800000000000000488e-01
1.500000000000000000e+01 6.800000000000000488e-01
0.000000000000000000e+00 6.815999999999999837e-01
4.000000000000000000e+00 6.832000000000000295e-01
2.000000000000000000e+00 6.832000000000000295e-01
3.000000000000000000e+01 6.832000000000000295e-01
1.000000000000000000e+00 6.847999999999999643e-01
0.000000000000000000e+00 6.864000000000000101e-01
0.000000000000000000e+00 6.879999999999999449e-01
0.000000000000000000e+00 6.895999999999999908e-01
6.000000000000000000e+00 6.912000000000000366e-01
0.000000000000000000e+00 6.912000000000000366e-01
0.000000000000000000e+00 6.927999999999999714e-01
2.000000000000000000e+00 6.944000000000000172e-01
1.550000000000000000e+02 6.927999999999999714e-01
0.000000000000000000e+00 6.895999999999999908e-01
0.000000000000000000e+00 6.912000000000000366e-01
4.880000000000000000e+02 6.927999999999999714e-01
7.000000000000000000e+00 6.815999999999999837e-01
2.400000000000000000e+01 6.815999999999999837e-01
2.060000000000000000e+02 6.815999999999999837e-01
6.290000000000000000e+02 6.800000000000000488e-01
1.000000000000000000e+00 6.623999999999999888e-01
0.000000000000000000e+00 6.640000000000000346e-01
7.000000000000000000e+00 6.655999999999999694e-01
0.000000000000000000e+00 6.655999999999999694e-01
2.490000000000000000e+02 6.672000000000000153e-01
5.600000000000000000e+01 6.608000000000000540e-01
1.250000000000000000e+02 6.560000000000000275e-01
1.500000000000000000e+01 6.480000000000000204e-01
4.000000000000000000e+00 6.495999999999999552e-01
0.000000000000000000e+00 6.512000000000000011e-01
3.780000000000000000e+02 6.528000000000000469e-01
5.000000000000000000e+00 6.495999999999999552e-01
0.000000000000000000e+00 6.512000000000000011e-01
7.000000000000000000e+01 6.528000000000000469e-01
4.000000000000000000e+00 6.543999999999999817e-01
1.500000000000000000e+01 6.560000000000000275e-01
0.000000000000000000e+00 6.575999999999999623e-01
1.700000000000000000e+01 6.592000000000000082e-01
2.600000000000000000e+01 6.608000000000000540e-01
0.000000000000000000e+00 6.608000000000000540e-01
3.100000000000000000e+01 6.623999999999999888e-01
3.000000000000000000e+01 6.623999999999999888e-01
1.200000000000000000e+01 6.640000000000000346e-01
0.000000000000000000e+00 6.655999999999999694e-01
2.000000000000000000e+00 6.672000000000000153e-01
4.300000000000000000e+01 6.687999999999999501e-01
6.100000000000000000e+01 6.703999999999999959e-01
0.000000000000000000e+00 6.720000000000000417e-01
5.000000000000000000e+00 6.735999999999999766e-01
0.000000000000000000e+00 6.735999999999999766e-01
3.000000000000000000e+00 6.752000000000000224e-01
0.000000000000000000e+00 6.767999999999999572e-01
3.000000000000000000e+00 6.784000000000000030e-01
3.000000000000000000e+00 6.800000000000000488e-01
0.000000000000000000e+00 6.800000000000000488e-01
0.000000000000000000e+00 6.815999999999999837e-01
1.000000000000000000e+00 6.832000000000000295e-01
0.000000000000000000e+00 6.847999999999999643e-01
0.000000000000000000e+00 6.864000000000000101e-01
0.000000000000000000e+00 6.879999999999999449e-01
6.000000000000000000e+00 6.895999999999999908e-01
2.300000000000000000e+01 6.912000000000000366e-01
9.800000000000000000e+02 6.927999999999999714e-01
4.000000000000000000e+00 6.784000000000000030e-01
3.000000000000000000e+00 6.800000000000000488e-01
2.000000000000000000e+00 6.815999999999999837e-01
0.000000000000000000e+00 6.832000000000000295e-01
2.570000000000000000e+02 6.847999999999999643e-01
2.000000000000000000e+00 6.815999999999999837e-01
0.000000000000000000e+00 6.832000000000000295e-01
3.400000000000000000e+01 6.847999999999999643e-01
0.000000000000000000e+00 6.864000000000000101e-01
3.100000000000000000e+01 6.879999999999999449e-01
2.000000000000000000e+00 6.847999999999999643e-01
6.000000000000000000e+00 6.864000000000000101e-01
4.900000000000000000e+01 6.832000000000000295e-01
7.000000000000000000e+00 6.847999999999999643e-01
5.000000000000000000e+00 6.864000000000000101e-01
1.020000000000000000e+02 6.847999999999999643e-01
2.700000000000000000e+01 6.767999999999999572e-01
0.000000000000000000e+00 6.784000000000000030e-01
0.000000000000000000e+00 6.800000000000000488e-01
0.000000000000000000e+00 6.815999999999999837e-01
1.490000000000000000e+02 6.832000000000000295e-01
0.000000000000000000e+00 6.800000000000000488e-01
0.000000000000000000e+00 6.815999999999999837e-01
9.000000000000000000e+00 6.832000000000000295e-01
5.900000000000000000e+01 6.847999999999999643e-01
1.100000000000000000e+01 6.800000000000000488e-01
0.000000000000000000e+00 6.784000000000000030e-01
6.500000000000000000e+01 6.800000000000000488e-01
0.000000000000000000e+00 6.767999999999999572e-01
1.000000000000000000e+00 6.784000000000000030e-01
7.000000000000000000e+00 6.800000000000000488e-01
6.000000000000000000e+00 6.815999999999999837e-01
7.000000000000000000e+00 6.832000000000000295e-01
2.000000000000000000e+00 6.832000000000000295e-01
2.200000000000000000e+01 6.847999999999999643e-01
0.000000000000000000e+00 6.864000000000000101e-01
1.950000000000000000e+02 6.879999999999999449e-01
0.000000000000000000e+00 6.784000000000000030e-01
0.000000000000000000e+00 6.800000000000000488e-01
4.280000000000000000e+02 6.815999999999999837e-01
7.000000000000000000e+00 6.800000000000000488e-01
0.000000000000000000e+00 6.815999999999999837e-01
8.000000000000000000e+00 6.832000000000000295e-01
4.000000000000000000e+01 6.847999999999999643e-01
3.000000000000000000e+00 6.864000000000000101e-01
0.000000000000000000e+00 6.879999999999999449e-01
3.000000000000000000e+00 6.895999999999999908e-01
3.000000000000000000e+00 6.912000000000000366e-01
1.100000000000000000e+01 6.927999999999999714e-01
7.000000000000000000e+00 6.944000000000000172e-01
1.000000000000000000e+00 6.959999999999999520e-01
2.000000000000000000e+00 6.975999999999999979e-01
4.000000000000000000e+00 6.975999999999999979e-01
8.400000000000000000e+01 6.992000000000000437e-01
2.000000000000000000e+00 6.944000000000000172e-01
2.200000000000000000e+01 6.959999999999999520e-01
1.600000000000000000e+01 6.927999999999999714e-01
4.000000000000000000e+00 6.895999999999999908e-01
1.100000000000000000e+01 6.864000000000000101e-01
8.000000000000000000e+00 6.864000000000000101e-01
4.000000000000000000e+00 6.879999999999999449e-01
1.500000000000000000e+01 6.847999999999999643e-01
1.600000000000000000e+01 6.847999999999999643e-01
2.800000000000000000e+01 6.864000000000000101e-01
1.870000000000000000e+02 6.879999999999999449e-01
0.000000000000000000e+00 6.767999999999999572e-01
5.500000000000000000e+01 6.784000000000000030e-01
0.000000000000000000e+00 6.800000000000000488e-01
5.000000000000000000e+00 6.815999999999999837e-01
3.900000000000000000e+01 6.832000000000000295e-01
1.400000000000000000e+01 6.832000000000000295e-01
5.190000000000000000e+02 6.815999999999999837e-01
1.000000000000000000e+00 6.784000000000000030e-01
0.000000000000000000e+00 6.800000000000000488e-01
0.000000000000000000e+00 6.815999999999999837e-01
0.000000000000000000e+00 6.832000000000000295e-01
5.700000000000000000e+01 6.847999999999999643e-01
0.000000000000000000e+00 6.815999999999999837e-01
0.000000000000000000e+00 6.832000000000000295e-01
3.000000000000000000e+00 6.847999999999999643e-01
3.000000000000000000e+00 6.864000000000000101e-01
0.000000000000000000e+00 6.879999999999999449e-01
0.000000000000000000e+00 6.895999999999999908e-01
6.500000000000000000e+01 6.912000000000000366e-01
1.100000000000000000e+01 6.927999999999999714e-01
9.000000000000000000e+00 6.944000000000000172e-01
0.000000000000000000e+00 6.959999999999999520e-01
0.000000000000000000e+00 6.975999999999999979e-01
8.300000000000000000e+01 6.992000000000000437e-01
3.000000000000000000e+00 6.927999999999999714e-01
1.000000000000000000e+00 6.944000000000000172e-01
0.000000000000000000e+00 6.959999999999999520e-01
0.000000000000000000e+00 6.975999999999999979e-01
2.710000000000000000e+02 6.992000000000000437e-01
0.000000000000000000e+00 6.927999999999999714e-01
0.000000000000000000e+00 6.944000000000000172e-01
2.000000000000000000e+00 6.959999999999999520e-01
0.000000000000000000e+00 6.975999999999999979e-01
1.100000000000000000e+01 6.992000000000000437e-01
1.300000000000000000e+01 7.007999999999999785e-01
0.000000000000000000e+00 7.007999999999999785e-01
0.000000000000000000e+00 7.024000000000000243e-01
3.000000000000000000e+00 7.039999999999999591e-01
1.000000000000000000e+00 7.056000000000000050e-01
0.000000000000000000e+00 7.039999999999999591e-01
0.000000000000000000e+00 7.056000000000000050e-01
0.000000000000000000e+00 7.072000000000000508e-01
1.760000000000000000e+02 7.087999999999999856e-01
0.000000000000000000e+00 7.104000000000000314e-01
1.520000000000000000e+02 7.119999999999999662e-01
1.100000000000000000e+01 7.087999999999999856e-01
3.800000000000000000e+01 7.104000000000000314e-01
0.000000000000000000e+00 7.119999999999999662e-01
0.000000000000000000e+00 7.136000000000000121e-01
0.000000000000000000e+00 7.151999999999999469e-01
0.000000000000000000e+00 7.167999999999999927e-01
2.000000000000000000e+00 7.184000000000000385e-01
0.000000000000000000e+00 7.199999999999999734e-01
2.000000000000000000e+00 7.216000000000000192e-01
2.500000000000000000e+01 7.231999999999999540e-01
2.790000000000000000e+02 7.247999999999999998e-01
1.140000000000000000e+02 7.247999999999999998e-01
3.000000000000000000e+00 7.167999999999999927e-01
1.200000000000000000e+01 7.184000000000000385e-01
0.000000000000000000e+00 7.199999999999999734e-01
5.000000000000000000e+00 7.216000000000000192e-01
8.950000000000000000e+02 7.231999999999999540e-01
2.000000000000000000e+00 7.007999999999999785e-01
4.000000000000000000e+00 7.024000000000000243e-01
0.000000000000000000e+00 7.007999999999999785e-01
1.080000000000000000e+02 7.024000000000000243e-01
1.530000000000000000e+02 6.992000000000000437e-01
0.000000000000000000e+00 6.959999999999999520e-01
0.000000000000000000e+00 6.975999999999999979e-01
0.000000000000000000e+00 6.992000000000000437e-01
0.000000000000000000e+00 7.007999999999999785e-01
1.000000000000000000e+00 7.024000000000000243e-01
1.000000000000000000e+00 7.024000000000000243e-01
0.000000000000000000e+00 7.039999999999999591e-01
4.460000000000000000e+02 7.056000000000000050e-01
1.000000000000000000e+00 6.927999999999999714e-01
3.000000000000000000e+00 6.944000000000000172e-01
1.400000000000000000e+01 6.927999999999999714e-01
0.000000000000000000e+00 6.927999999999999714e-01
0.000000000000000000e+00 6.944000000000000172e-01
2.130000000000000000e+02 6.959999999999999520e-01
5.100000000000000000e+01 6.959999999999999520e-01
0.000000000000000000e+00 6.959999999999999520e-01
0.000000000000000000e+00 6.975999999999999979e-01
2.000000000000000000e+00 6.992000000000000437e-01
1.150000000000000000e+02 7.007999999999999785e-01
4.000000000000000000e+00 6.944000000000000172e-01
6.400000000000000000e+01 6.944000000000000172e-01
1.000000000000000000e+00 6.912000000000000366e-01
1.140000000000000000e+02 6.927999999999999714e-01
0.000000000000000000e+00 6.895999999999999908e-01
7.000000000000000000e+00 6.912000000000000366e-01
1.830000000000000000e+02 6.927999999999999714e-01
2.600000000000000000e+01 6.847999999999999643e-01
9.000000000000000000e+00 6.864000000000000101e-01
3.000000000000000000e+00 6.879999999999999449e-01
4.100000000000000000e+01 6.879999999999999449e-01
9.700000000000000000e+01 6.895999999999999908e-01
3.000000000000000000e+00 6.879999999999999449e-01
3.270000000000000000e+02 6.895999999999999908e-01
2.810000000000000000e+02 6.912000000000000366e-01
4.200000000000000000e+01 6.815999999999999837e-01
1.700000000000000000e+01 6.832000000000000295e-01
0.000000000000000000e+00 6.847999999999999643e-01
0.000000000000000000e+00 6.864000000000000101e-01
0.000000000000000000e+00 6.879999999999999449e-01
2.000000000000000000e+00 6.895999999999999908e-01
5.000000000000000000e+00 6.912000000000000366e-01
0.000000000000000000e+00 6.927999999999999714e-01
1.440000000000000000e+02 6.944000000000000172e-01
0.000000000000000000e+00 6.959999999999999520e-01
1.000000000000000000e+00 6.975999999999999979e-01
2.800000000000000000e+01 6.959999999999999520e-01
5.000000000000000000e+01 6.975999999999999979e-01
1.130000000000000000e+02 6.959999999999999520e-01
0.000000000000000000e+00 6.847999999999999643e-01
0.000000000000000000e+00 6.864000000000000101e-01
6.000000000000000000e+00 6.879999999999999449e-01
7.320000000000000000e+02 6.895999999999999908e-01
7.000000000000000000e+00 6.895999999999999908e-01
4.300000000000000000e+01 6.879999999999999449e-01
4.400000000000000000e+01 6.879999999999999449e-01
0.000000000000000000e+00 6.895999999999999908e-01
2.000000000000000000e+00 6.912000000000000366e-01
0.000000000000000000e+00 6.927999999999999714e-01
3.000000000000000000e+00 6.944000000000000172e-01
1.000000000000000000e+00 6.944000000000000172e-01
1.030000000000000000e+02 6.959999999999999520e-01
5.000000000000000000e+00 6.895999999999999908e-01
4.000000000000000000e+00 6.912000000000000366e-01
1.400000000000000000e+01 6.895999999999999908e-01
0.000000000000000000e+00 6.912000000000000366e-01
8.100000000000000000e+01 6.927999999999999714e-01
0.000000000000000000e+00 6.912000000000000366e-01
1.000000000000000000e+00 6.927999999999999714e-01
1.200000000000000000e+01 6.944000000000000172e-01
1.067000000000000000e+03 6.959999999999999520e-01
1.700000000000000000e+01 6.735999999999999766e-01
2.000000000000000000e+00 6.752000000000000224e-01
0.000000000000000000e+00 6.767999999999999572e-01
2.000000000000000000e+00 6.784000000000000030e-01
0.000000000000000000e+00 6.800000000000000488e-01
0.000000000000000000e+00 6.815999999999999837e-01
7.000000000000000000e+00 6.832000000000000295e-01
2.000000000000000000e+00 6.847999999999999643e-01
1.600000000000000000e+01 6.864000000000000101e-01
0.000000000000000000e+00 6.879999999999999449e-01
5.000000000000000000e+00 6.895999999999999908e-01
1.000000000000000000e+00 6.895999999999999908e-01
1.300000000000000000e+01 6.895999999999999908e-01
2.300000000000000000e+01 6.912000000000000366e-01
2.110000000000000000e+02 6.912000000000000366e-01
7.000000000000000000e+01 6.752000000000000224e-01
0.000000000000000000e+00 6.767999999999999572e-01
0.000000000000000000e+00 6.784000000000000030e-01
1.000000000000000000e+00 6.800000000000000488e-01
0.000000000000000000e+00 6.815999999999999837e-01
0.000000000000000000e+00 6.832000000000000295e-01
7.000000000000000000e+00 6.847999999999999643e-01
5.000000000000000000e+00 6.864000000000000101e-01
0.000000000000000000e+00 6.879999999999999449e-01
2.100000000000000000e+01 6.895999999999999908e-01
0.000000000000000000e+00 6.912000000000000366e-01
1.000000000000000000e+01 6.927999999999999714e-01
0.000000000000000000e+00 6.927999999999999714e-01
0.000000000000000000e+00 6.944000000000000172e-01
2.000000000000000000e+00 6.959999999999999520e-01
0.000000000000000000e+00 6.975999999999999979e-01
0.000000000000000000e+00 6.992000000000000437e-01
2.000000000000000000e+00 7.007999999999999785e-01
1.073000000000000000e+03 7.024000000000000243e-01
4.100000000000000000e+01 6.879999999999999449e-01
2.000000000000000000e+00 6.895999999999999908e-01
0.000000000000000000e+00 6.912000000000000366e-01
1.000000000000000000e+00 6.927999999999999714e-01
0.000000000000000000e+00 6.944000000000000172e-01
6.400000000000000000e+01 6.959999999999999520e-01
1.700000000000000000e+01 6.959999999999999520e-01
1.280000000000000000e+02 6.975999999999999979e-01
5.700000000000000000e+02 6.992000000000000437e-01
2.400000000000000000e+01 6.912000000000000366e-01
5.000000000000000000e+00 6.927999999999999714e-01
0.000000000000000000e+00 6.944000000000000172e-01
0.000000000000000000e+00 6.959999999999999520e-01
2.100000000000000000e+01 6.975999999999999979e-01
0.000000000000000000e+00 6.992000000000000437e-01
0.000000000000000000e+00 7.007999999999999785e-01
5.210000000000000000e+02 7.024000000000000243e-01
2.000000000000000000e+00 6.895999999999999908e-01
4.000000000000000000e+00 6.912000000000000366e-01
0.000000000000000000e+00 6.927999999999999714e-01
1.400000000000000000e+01 6.944000000000000172e-01
0.000000000000000000e+00 6.959999999999999520e-01
9.000000000000000000e+00 6.975999999999999979e-01
0.000000000000000000e+00 6.992000000000000437e-01
2.000000000000000000e+00 7.007999999999999785e-01
3.000000000000000000e+00 7.007999999999999785e-01
1.000000000000000000e+01 7.024000000000000243e-01
1.000000000000000000e+01 7.039999999999999591e-01
6.000000000000000000e+00 7.024000000000000243e-01
1.220000000000000000e+02 7.039999999999999591e-01
0.000000000000000000e+00 7.056000000000000050e-01
3.000000000000000000e+00 7.072000000000000508e-01
2.000000000000000000e+00 7.087999999999999856e-01
4.000000000000000000e+00 7.104000000000000314e-01
0.000000000000000000e+00 7.104000000000000314e-01
5.000000000000000000e+00 7.119999999999999662e-01
8.300000000000000000e+01 7.136000000000000121e-01
2.300000000000000000e+01 7.087999999999999856e-01
1.000000000000000000e+00 7.104000000000000314e-01
4.960000000000000000e+02 7.119999999999999662e-01
4.000000000000000000e+01 7.024000000000000243e-01
2.600000000000000000e+01 7.039999999999999591e-01
3.000000000000000000e+00 6.992000000000000437e-01
0.000000000000000000e+00 7.007999999999999785e-01
1.200000000000000000e+01 7.024000000000000243e-01
2.000000000000000000e+00 6.975999999999999979e-01
6.000000000000000000e+00 6.959999999999999520e-01
9.890000000000000000e+02 6.975999999999999979e-01
0.000000000000000000e+00 6.687999999999999501e-01
6.000000000000000000e+00 6.703999999999999959e-01
6.800000000000000000e+01 6.720000000000000417e-01
2.000000000000000000e+00 6.720000000000000417e-01
0.000000000000000000e+00 6.735999999999999766e-01
1.600000000000000000e+01 6.752000000000000224e-01
0.000000000000000000e+00 6.767999999999999572e-01
0.000000000000000000e+00 6.784000000000000030e-01
1.500000000000000000e+01 6.800000000000000488e-01
2.400000000000000000e+01 6.815999999999999837e-01
1.000000000000000000e+00 6.832000000000000295e-01
1.000000000000000000e+00 6.832000000000000295e-01
4.200000000000000000e+01 6.847999999999999643e-01
4.000000000000000000e+00 6.864000000000000101e-01
0.000000000000000000e+00 6.847999999999999643e-01
0.000000000000000000e+00 6.864000000000000101e-01
0.000000000000000000e+00 6.879999999999999449e-01
6.300000000000000000e+01 6.895999999999999908e-01
1.600000000000000000e+01 6.832000000000000295e-01
1.000000000000000000e+00 6.800000000000000488e-01
0.000000000000000000e+00 6.800000000000000488e-01
1.000000000000000000e+00 6.815999999999999837e-01
7.200000000000000000e+01 6.832000000000000295e-01
5.000000000000000000e+00 6.847999999999999643e-01
0.000000000000000000e+00 6.864000000000000101e-01
3.000000000000000000e+00 6.879999999999999449e-01
0.000000000000000000e+00 6.864000000000000101e-01
1.000000000000000000e+00 6.879999999999999449e-01
3.600000000000000000e+01 6.879999999999999449e-01
1.800000000000000000e+01 6.895999999999999908e-01
0.000000000000000000e+00 6.912000000000000366e-01
1.180000000000000000e+02 6.927999999999999714e-01
0.000000000000000000e+00 6.879999999999999449e-01
1.280000000000000000e+02 6.895999999999999908e-01
1.000000000000000000e+00 6.864000000000000101e-01
0.000000000000000000e+00 6.879999999999999449e-01
8.240000000000000000e+02 6.895999999999999908e-01
7.000000000000000000e+00 6.784000000000000030e-01
1.000000000000000000e+00 6.800000000000000488e-01
1.080000000000000000e+02 6.815999999999999837e-01
8.600000000000000000e+01 6.767999999999999572e-01
0.000000000000000000e+00 6.767999999999999572e-01
4.000000000000000000e+00 6.784000000000000030e-01
0.000000000000000000e+00 6.800000000000000488e-01
0.000000000000000000e+00 6.815999999999999837e-01
0.000000000000000000e+00 6.832000000000000295e-01
5.000000000000000000e+00 6.847999999999999643e-01
2.700000000000000000e+01 6.847999999999999643e-01
0.000000000000000000e+00 6.847999999999999643e-01
2.000000000000000000e+00 6.864000000000000101e-01
2.000000000000000000e+00 6.864000000000000101e-01
2.400000000000000000e+01 6.879999999999999449e-01
3.000000000000000000e+00 6.864000000000000101e-01
0.000000000000000000e+00 6.879999999999999449e-01
9.000000000000000000e+00 6.895999999999999908e-01
0.000000000000000000e+00 6.912000000000000366e-01
4.000000000000000000e+00 6.927999999999999714e-01
1.400000000000000000e+01 6.944000000000000172e-01
0.000000000000000000e+00 6.944000000000000172e-01
3.000000000000000000e+00 6.959999999999999520e-01
2.000000000000000000e+00 6.975999999999999979e-01
2.000000000000000000e+01 6.992000000000000437e-01
1.410000000000000000e+02 7.007999999999999785e-01
1.000000000000000000e+00 6.944000000000000172e-01
7.430000000000000000e+02 6.959999999999999520e-01
0.000000000000000000e+00 6.703999999999999959e-01
0.000000000000000000e+00 6.720000000000000417e-01
0.000000000000000000e+00 6.735999999999999766e-01
4.880000000000000000e+02 6.752000000000000224e-01
0.000000000000000000e+00 6.672000000000000153e-01
3.000000000000000000e+01 6.687999999999999501e-01
3.000000000000000000e+00 6.703999999999999959e-01
2.000000000000000000e+00 6.687999999999999501e-01
0.000000000000000000e+00 6.703999999999999959e-01
2.940000000000000000e+02 6.720000000000000417e-01
2.000000000000000000e+00 6.735999999999999766e-01
0.000000000000000000e+00 6.752000000000000224e-01
0.000000000000000000e+00 6.767999999999999572e-01
0.000000000000000000e+00 6.784000000000000030e-01
1.000000000000000000e+01 6.800000000000000488e-01
1.100000000000000000e+01 6.800000000000000488e-01
7.000000000000000000e+00 6.800000000000000488e-01
0.000000000000000000e+00 6.784000000000000030e-01
2.000000000000000000e+00 6.800000000000000488e-01
2.000000000000000000e+00 6.815999999999999837e-01
4.380000000000000000e+02 6.800000000000000488e-01
8.000000000000000000e+00 6.672000000000000153e-01
4.000000000000000000e+01 6.687999999999999501e-01
1.500000000000000000e+01 6.703999999999999959e-01
4.900000000000000000e+01 6.687999999999999501e-01
3.800000000000000000e+01 6.703999999999999959e-01
0.000000000000000000e+00 6.687999999999999501e-01
4.000000000000000000e+00 6.703999999999999959e-01
0.000000000000000000e+00 6.720000000000000417e-01
1.200000000000000000e+02 6.735999999999999766e-01
3.400000000000000000e+01 6.735999999999999766e-01
8.000000000000000000e+00 6.752000000000000224e-01
0.000000000000000000e+00 6.767999999999999572e-01
0.000000000000000000e+00 6.784000000000000030e-01
7.000000000000000000e+00 6.800000000000000488e-01
0.000000000000000000e+00 6.815999999999999837e-01
2.000000000000000000e+00 6.832000000000000295e-01
5.700000000000000000e+01 6.847999999999999643e-01
4.000000000000000000e+00 6.832000000000000295e-01
1.600000000000000000e+01 6.847999999999999643e-01
6.000000000000000000e+00 6.847999999999999643e-01
9.000000000000000000e+00 6.815999999999999837e-01
2.000000000000000000e+00 6.832000000000000295e-01
1.000000000000000000e+00 6.832000000000000295e-01
3.000000000000000000e+00 6.847999999999999643e-01
0.000000000000000000e+00 6.864000000000000101e-01
5.950000000000000000e+02 6.879999999999999449e-01
0.000000000000000000e+00 6.687999999999999501e-01
3.400000000000000000e+01 6.703999999999999959e-01
7.000000000000000000e+01 6.720000000000000417e-01
1.000000000000000000e+00 6.720000000000000417e-01
5.000000000000000000e+00 6.703999999999999959e-01
2.000000000000000000e+00 6.687999999999999501e-01
1.200000000000000000e+01 6.703999999999999959e-01
0.000000000000000000e+00 6.720000000000000417e-01
0.000000000000000000e+00 6.735999999999999766e-01
0.000000000000000000e+00 6.752000000000000224e-01
0.000000000000000000e+00 6.767999999999999572e-01
1.050000000000000000e+02 6.784000000000000030e-01
6.810000000000000000e+02 6.800000000000000488e-01
1.400000000000000000e+01 6.592000000000000082e-01
4.000000000000000000e+00 6.592000000000000082e-01
0.000000000000000000e+00 6.608000000000000540e-01
1.200000000000000000e+01 6.623999999999999888e-01
9.200000000000000000e+01 6.640000000000000346e-01
0.000000000000000000e+00 6.655999999999999694e-01
1.640000000000000000e+02 6.672000000000000153e-01
0.000000000000000000e+00 6.687999999999999501e-01
1.000000000000000000e+01 6.703999999999999959e-01
1.800000000000000000e+01 6.720000000000000417e-01
9.000000000000000000e+00 6.720000000000000417e-01
2.640000000000000000e+02 6.720000000000000417e-01
0.000000000000000000e+00 6.720000000000000417e-01
0.000000000000000000e+00 6.735999999999999766e-01
0.000000000000000000e+00 6.752000000000000224e-01
5.000000000000000000e+00 6.767999999999999572e-01
1.450000000000000000e+02 6.784000000000000030e-01
0.000000000000000000e+00 6.672000000000000153e-01
3.800000000000000000e+01 6.687999999999999501e-01
0.000000000000000000e+00 6.703999999999999959e-01
4.700000000000000000e+01 6.720000000000000417e-01
9.540000000000000000e+02 6.720000000000000417e-01
5.000000000000000000e+00 6.640000000000000346e-01
1.200000000000000000e+01 6.640000000000000346e-01
2.000000000000000000e+00 6.655999999999999694e-01
3.000000000000000000e+00 6.640000000000000346e-01
1.000000000000000000e+01 6.655999999999999694e-01
0.000000000000000000e+00 6.672000000000000153e-01
2.000000000000000000e+00 6.687999999999999501e-01
5.000000000000000000e+00 6.703999999999999959e-01
5.000000000000000000e+00 6.720000000000000417e-01
0.000000000000000000e+00 6.735999999999999766e-01
4.900000000000000000e+01 6.752000000000000224e-01
8.000000000000000000e+00 6.767999999999999572e-01
7.000000000000000000e+00 6.752000000000000224e-01
1.000000000000000000e+00 6.767999999999999572e-01
9.000000000000000000e+00 6.784000000000000030e-01
0.000000000000000000e+00 6.800000000000000488e-01
9.000000000000000000e+00 6.815999999999999837e-01
3.000000000000000000e+00 6.832000000000000295e-01
0.000000000000000000e+00 6.847999999999999643e-01
1.350000000000000000e+02 6.864000000000000101e-01
2.900000000000000000e+02 6.879999999999999449e-01
2.200000000000000000e+01 6.879999999999999449e-01
1.600000000000000000e+01 6.847999999999999643e-01
2.000000000000000000e+01 6.864000000000000101e-01
0.000000000000000000e+00 6.864000000000000101e-01
2.750000000000000000e+02 6.879999999999999449e-01
1.600000000000000000e+01 6.800000000000000488e-01
3.400000000000000000e+01 6.815999999999999837e-01
1.300000000000000000e+01 6.784000000000000030e-01
0.000000000000000000e+00 6.735999999999999766e-01
9.000000000000000000e+00 6.752000000000000224e-01
0.000000000000000000e+00 6.767999999999999572e-01
0.000000000000000000e+00 6.784000000000000030e-01
1.000000000000000000e+00 6.800000000000000488e-01
0.000000000000000000e+00 6.815999999999999837e-01
1.200000000000000000e+01 6.832000000000000295e-01
7.000000000000000000e+00 6.847999999999999643e-01
8.000000000000000000e+00 6.815999999999999837e-01
0.000000000000000000e+00 6.832000000000000295e-01
2.560000000000000000e+02 6.847999999999999643e-01
0.000000000000000000e+00 6.815999999999999837e-01
5.000000000000000000e+00 6.832000000000000295e-01
1.250000000000000000e+02 6.847999999999999643e-01
1.000000000000000000e+00 6.847999999999999643e-01
2.000000000000000000e+00 6.832000000000000295e-01
0.000000000000000000e+00 6.847999999999999643e-01
2.000000000000000000e+00 6.864000000000000101e-01
2.000000000000000000e+00 6.879999999999999449e-01
0.000000000000000000e+00 6.895999999999999908e-01
1.000000000000000000e+01 6.912000000000000366e-01
2.000000000000000000e+00 6.879999999999999449e-01
6.200000000000000000e+01 6.847999999999999643e-01
0.000000000000000000e+00 6.864000000000000101e-01
8.000000000000000000e+00 6.879999999999999449e-01
0.000000000000000000e+00 6.879999999999999449e-01
1.800000000000000000e+01 6.895999999999999908e-01
3.000000000000000000e+00 6.864000000000000101e-01
1.770000000000000000e+02 6.847999999999999643e-01
6.000000000000000000e+00 6.800000000000000488e-01
9.000000000000000000e+00 6.815999999999999837e-01
0.000000000000000000e+00 6.800000000000000488e-01
4.000000000000000000e+00 6.815999999999999837e-01
2.000000000000000000e+00 6.832000000000000295e-01
1.140000000000000000e+02 6.847999999999999643e-01
8.700000000000000000e+01 6.864000000000000101e-01
4.600000000000000000e+01 6.879999999999999449e-01
3.500000000000000000e+01 6.879999999999999449e-01
1.200000000000000000e+01 6.895999999999999908e-01
0.000000000000000000e+00 6.879999999999999449e-01
0.000000000000000000e+00 6.895999999999999908e-01
0.000000000000000000e+00 6.912000000000000366e-01
1.600000000000000000e+01 6.927999999999999714e-01
1.820000000000000000e+02 6.864000000000000101e-01
0.000000000000000000e+00 6.879999999999999449e-01
0.000000000000000000e+00 6.895999999999999908e-01
0.000000000000000000e+00 6.912000000000000366e-01
0.000000000000000000e+00 6.927999999999999714e-01
0.000000000000000000e+00 6.944000000000000172e-01
3.200000000000000000e+01 6.959999999999999520e-01
2.000000000000000000e+00 6.975999999999999979e-01
0.000000000000000000e+00 6.975999999999999979e-01
5.000000000000000000e+00 6.992000000000000437e-01
3.400000000000000000e+01 7.007999999999999785e-01
5.000000000000000000e+01 7.024000000000000243e-01
5.000000000000000000e+00 7.039999999999999591e-01
0.000000000000000000e+00 7.056000000000000050e-01
1.700000000000000000e+02 7.072000000000000508e-01
2.800000000000000000e+01 7.087999999999999856e-01
0.000000000000000000e+00 7.072000000000000508e-01
3.000000000000000000e+00 7.087999999999999856e-01
9.000000000000000000e+00 7.104000000000000314e-01
1.208000000000000000e+03 7.119999999999999662e-01
5.000000000000000000e+00 6.912000000000000366e-01
1.490000000000000000e+02 6.927999999999999714e-01
0.000000000000000000e+00 6.864000000000000101e-01
0.000000000000000000e+00 6.879999999999999449e-01
2.000000000000000000e+00 6.895999999999999908e-01
0.000000000000000000e+00 6.912000000000000366e-01
1.000000000000000000e+01 6.927999999999999714e-01
2.800000000000000000e+01 6.912000000000000366e-01
0.000000000000000000e+00 6.864000000000000101e-01
4.660000000000000000e+02 6.879999999999999449e-01
4.200000000000000000e+01 6.815999999999999837e-01
0.000000000000000000e+00 6.815999999999999837e-01
0.000000000000000000e+00 6.832000000000000295e-01
0.000000000000000000e+00 6.847999999999999643e-01
4.300000000000000000e+01 6.864000000000000101e-01
5.000000000000000000e+00 6.879999999999999449e-01
2.000000000000000000e+00 6.864000000000000101e-01
6.000000000000000000e+00 6.879999999999999449e-01
1.000000000000000000e+00 6.895999999999999908e-01
3.300000000000000000e+01 6.912000000000000366e-01
4.780000000000000000e+02 6.912000000000000366e-01
2.000000000000000000e+00 6.832000000000000295e-01
4.700000000000000000e+01 6.847999999999999643e-01
4.530000000000000000e+02 6.864000000000000101e-01
0.000000000000000000e+00 6.784000000000000030e-01
4.700000000000000000e+01 6.800000000000000488e-01
0.000000000000000000e+00 6.784000000000000030e-01
5.000000000000000000e+00 6.800000000000000488e-01
6.000000000000000000e+00 6.800000000000000488e-01
0.000000000000000000e+00 6.800000000000000488e-01
1.000000000000000000e+00 6.815999999999999837e-01
0.000000000000000000e+00 6.832000000000000295e-01
2.000000000000000000e+00 6.847999999999999643e-01
0.000000000000000000e+00 6.864000000000000101e-01
0.000000000000000000e+00 6.879999999999999449e-01
7.300000000000000000e+01 6.895999999999999908e-01
5.000000000000000000e+00 6.879999999999999449e-01
1.000000000000000000e+00 6.832000000000000295e-01
3.000000000000000000e+01 6.847999999999999643e-01
4.510000000000000000e+02 6.800000000000000488e-01
3.000000000000000000e+00 6.767999999999999572e-01
0.000000000000000000e+00 6.784000000000000030e-01
0.000000000000000000e+00 6.800000000000000488e-01
8.900000000000000000e+01 6.815999999999999837e-01
2.000000000000000000e+01 6.815999999999999837e-01
1.300000000000000000e+01 6.832000000000000295e-01
2.200000000000000000e+01 6.847999999999999643e-01
0.000000000000000000e+00 6.864000000000000101e-01
0.000000000000000000e+00 6.879999999999999449e-01
1.030000000000000000e+02 6.895999999999999908e-01
0.000000000000000000e+00 6.815999999999999837e-01
1.000000000000000000e+00 6.832000000000000295e-01
3.000000000000000000e+00 6.847999999999999643e-01
1.000000000000000000e+00 6.864000000000000101e-01
2.000000000000000000e+00 6.879999999999999449e-01
1.100000000000000000e+01 6.895999999999999908e-01
2.000000000000000000e+00 6.912000000000000366e-01
2.200000000000000000e+01 6.912000000000000366e-01
6.030000000000000000e+02 6.927999999999999714e-01
7.000000000000000000e+00 6.800000000000000488e-01
2.000000000000000000e+00 6.815999999999999837e-01
3.500000000000000000e+01 6.800000000000000488e-01
2.900000000000000000e+01 6.815999999999999837e-01
1.300000000000000000e+01 6.800000000000000488e-01
0.000000000000000000e+00 6.815999999999999837e-01
6.000000000000000000e+00 6.832000000000000295e-01
3.900000000000000000e+01 6.847999999999999643e-01
0.000000000000000000e+00 6.832000000000000295e-01
0.000000000000000000e+00 6.847999999999999643e-01
7.300000000000000000e+01 6.864000000000000101e-01
9.000000000000000000e+00 6.879999999999999449e-01
2.000000000000000000e+01 6.895999999999999908e-01
2.900000000000000000e+01 6.879999999999999449e-01
0.000000000000000000e+00 6.832000000000000295e-01
0.000000000000000000e+00 6.847999999999999643e-01
2.900000000000000000e+01 6.864000000000000101e-01
5.600000000000000000e+01 6.879999999999999449e-01
0.000000000000000000e+00 6.847999999999999643e-01
2.000000000000000000e+00 6.864000000000000101e-01
2.130000000000000000e+02 6.879999999999999449e-01
4.100000000000000000e+01 6.784000000000000030e-01
0.000000000000000000e+00 6.767999999999999572e-01
0.000000000000000000e+00 6.784000000000000030e-01
5.000000000000000000e+01 6.800000000000000488e-01
3.000000000000000000e+00 6.815999999999999837e-01
8.600000000000000000e+01 6.815999999999999837e-01
1.000000000000000000e+01 6.815999999999999837e-01
0.000000000000000000e+00 6.752000000000000224e-01
0.000000000000000000e+00 6.767999999999999572e-01
1.800000000000000000e+01 6.784000000000000030e-01
5.000000000000000000e+00 6.784000000000000030e-01
0.000000000000000000e+00 6.800000000000000488e-01
0.000000000000000000e+00 6.815999999999999837e-01
2.000000000000000000e+00 6.832000000000000295e-01
2.420000000000000000e+02 6.847999999999999643e-01
9.000000000000000000e+00 6.800000000000000488e-01
0.000000000000000000e+00 6.815999999999999837e-01
2.000000000000000000e+00 6.832000000000000295e-01
3.130000000000000000e+02 6.847999999999999643e-01
6.000000000000000000e+00 6.864000000000000101e-01
0.000000000000000000e+00 6.879999999999999449e-01
0.000000000000000000e+00 6.895999999999999908e-01
0.000000000000000000e+00 6.912000000000000366e-01
1.100000000000000000e+01 6.927999999999999714e-01
0.000000000000000000e+00 6.944000000000000172e-01
3.500000000000000000e+01 6.959999999999999520e-01
1.300000000000000000e+01 6.975999999999999979e-01
0.000000000000000000e+00 6.992000000000000437e-01
1.740000000000000000e+02 7.007999999999999785e-01
5.820000000000000000e+02 6.992000000000000437e-01
0.000000000000000000e+00 6.815999999999999837e-01
1.000000000000000000e+00 6.832000000000000295e-01
3.000000000000000000e+00 6.815999999999999837e-01
0.000000000000000000e+00 6.815999999999999837e-01
7.000000000000000000e+01 6.832000000000000295e-01
1.400000000000000000e+01 6.847999999999999643e-01
0.000000000000000000e+00 6.832000000000000295e-01
0.000000000000000000e+00 6.847999999999999643e-01
1.390000000000000000e+02 6.864000000000000101e-01
2.300000000000000000e+01 6.832000000000000295e-01
1.000000000000000000e+00 6.815999999999999837e-01
2.000000000000000000e+01 6.832000000000000295e-01
0.000000000000000000e+00 6.847999999999999643e-01
4.000000000000000000e+00 6.864000000000000101e-01
3.000000000000000000e+00 6.864000000000000101e-01
7.600000000000000000e+01 6.847999999999999643e-01
9.900000000000000000e+01 6.864000000000000101e-01
4.560000000000000000e+02 6.879999999999999449e-01
0.000000000000000000e+00 6.815999999999999837e-01
1.000000000000000000e+01 6.832000000000000295e-01
8.500000000000000000e+01 6.815999999999999837e-01
0.000000000000000000e+00 6.784000000000000030e-01
2.300000000000000000e+01 6.800000000000000488e-01
3.200000000000000000e+01 6.815999999999999837e-01
3.400000000000000000e+01 6.832000000000000295e-01
2.000000000000000000e+00 6.847999999999999643e-01
0.000000000000000000e+00 6.847999999999999643e-01
0.000000000000000000e+00 6.864000000000000101e-01
1.400000000000000000e+01 6.879999999999999449e-01
0.000000000000000000e+00 6.879999999999999449e-01
0.000000000000000000e+00 6.895999999999999908e-01
0.000000000000000000e+00 6.912000000000000366e-01
0.000000000000000000e+00 6.927999999999999714e-01
2.100000000000000000e+02 6.944000000000000172e-01
8.300000000000000000e+01 6.832000000000000295e-01
1.510000000000000000e+02 6.815999999999999837e-01
6.000000000000000000e+00 6.815999999999999837e-01
8.000000000000000000e+00 6.832000000000000295e-01
3.000000000000000000e+00 6.847999999999999643e-01
2.300000000000000000e+01 6.864000000000000101e-01
0.000000000000000000e+00 6.879999999999999449e-01
1.400000000000000000e+01 6.895999999999999908e-01
3.000000000000000000e+00 6.912000000000000366e-01
1.500000000000000000e+01 6.912000000000000366e-01
0.000000000000000000e+00 6.927999999999999714e-01
2.030000000000000000e+02 6.944000000000000172e-01
2.000000000000000000e+00 6.912000000000000366e-01
1.300000000000000000e+01 6.927999999999999714e-01
4.500000000000000000e+01 6.927999999999999714e-01
0.000000000000000000e+00 6.944000000000000172e-01
1.240000000000000000e+02 6.959999999999999520e-01
0.000000000000000000e+00 6.927999999999999714e-01
0.000000000000000000e+00 6.944000000000000172e-01
1.600000000000000000e+01 6.959999999999999520e-01
1.000000000000000000e+02 6.944000000000000172e-01
3.080000000000000000e+02 6.912000000000000366e-01
1.800000000000000000e+01 6.927999999999999714e-01
4.000000000000000000e+00 6.944000000000000172e-01
0.000000000000000000e+00 6.927999999999999714e-01
0.000000000000000000e+00 6.944000000000000172e-01
3.600000000000000000e+01 6.959999999999999520e-01
3.030000000000000000e+02 6.975999999999999979e-01
4.800000000000000000e+01 6.959999999999999520e-01
7.000000000000000000e+00 6.959999999999999520e-01
1.400000000000000000e+01 6.975999999999999979e-01
1.000000000000000000e+00 6.992000000000000437e-01
2.000000000000000000e+00 7.007999999999999785e-01
8.000000000000000000e+00 7.024000000000000243e-01
9.000000000000000000e+00 7.039999999999999591e-01
3.880000000000000000e+02 7.056000000000000050e-01
2.200000000000000000e+01 6.879999999999999449e-01
5.170000000000000000e+02 6.895999999999999908e-01
4.100000000000000000e+01 6.847999999999999643e-01
0.000000000000000000e+00 6.832000000000000295e-01
6.990000000000000000e+02 6.847999999999999643e-01
6.000000000000000000e+00 6.735999999999999766e-01
1.400000000000000000e+01 6.752000000000000224e-01
2.000000000000000000e+00 6.767999999999999572e-01
3.100000000000000000e+01 6.784000000000000030e-01
0.000000000000000000e+00 6.800000000000000488e-01
3.000000000000000000e+01 6.815999999999999837e-01
2.000000000000000000e+00 6.832000000000000295e-01
2.000000000000000000e+00 6.847999999999999643e-01
4.000000000000000000e+01 6.864000000000000101e-01
0.000000000000000000e+00 6.879999999999999449e-01
0.000000000000000000e+00 6.895999999999999908e-01
0.000000000000000000e+00 6.912000000000000366e-01
1.300000000000000000e+01 6.927999999999999714e-01
6.000000000000000000e+00 6.944000000000000172e-01
0.000000000000000000e+00 6.959999999999999520e-01
1.400000000000000000e+01 6.975999999999999979e-01
2.000000000000000000e+00 6.992000000000000437e-01
2.000000000000000000e+00 6.992000000000000437e-01
9.000000000000000000e+00 7.007999999999999785e-01
3.000000000000000000e+00 7.024000000000000243e-01
1.000000000000000000e+01 7.039999999999999591e-01
0.000000000000000000e+00 7.056000000000000050e-01
9.800000000000000000e+01 7.072000000000000508e-01
1.120000000000000000e+02 7.024000000000000243e-01
0.000000000000000000e+00 7.024000000000000243e-01
0.000000000000000000e+00 7.039999999999999591e-01
0.000000000000000000e+00 7.056000000000000050e-01
1.000000000000000000e+01 7.072000000000000508e-01
0.000000000000000000e+00 7.087999999999999856e-01
2.400000000000000000e+01 7.104000000000000314e-01
1.900000000000000000e+01 7.056000000000000050e-01
2.000000000000000000e+00 7.056000000000000050e-01
1.200000000000000000e+01 7.056000000000000050e-01
4.800000000000000000e+01 7.072000000000000508e-01
0.000000000000000000e+00 7.087999999999999856e-01
1.670000000000000000e+02 7.104000000000000314e-01
2.500000000000000000e+01 7.024000000000000243e-01
6.000000000000000000e+00 7.039999999999999591e-01
3.000000000000000000e+00 7.056000000000000050e-01
0.000000000000000000e+00 7.072000000000000508e-01
1.000000000000000000e+00 7.087999999999999856e-01
0.000000000000000000e+00 7.104000000000000314e-01
9.440000000000000000e+02 7.119999999999999662e-01
2.000000000000000000e+00 6.864000000000000101e-01
6.000000000000000000e+00 6.879999999999999449e-01
1.000000000000000000e+00 6.895999999999999908e-01
0.000000000000000000e+00 6.912000000000000366e-01
0.000000000000000000e+00 6.927999999999999714e-01
0.000000000000000000e+00 6.944000000000000172e-01
1.410000000000000000e+02 6.959999999999999520e-01
0.000000000000000000e+00 6.879999999999999449e-01
1.300000000000000000e+02 6.895999999999999908e-01
0.000000000000000000e+00 6.912000000000000366e-01
2.000000000000000000e+00 6.927999999999999714e-01
6.200000000000000000e+01 6.944000000000000172e-01
1.800000000000000000e+02 6.895999999999999908e-01
2.000000000000000000e+00 6.864000000000000101e-01
0.000000000000000000e+00 6.879999999999999449e-01
0.000000000000000000e+00 6.895999999999999908e-01
4.100000000000000000e+01 6.912000000000000366e-01
3.730000000000000000e+02 6.879999999999999449e-01
2.700000000000000000e+01 6.767999999999999572e-01
0.000000000000000000e+00 6.784000000000000030e-01
5.000000000000000000e+00 6.800000000000000488e-01
1.000000000000000000e+00 6.815999999999999837e-01
7.800000000000000000e+01 6.832000000000000295e-01
0.000000000000000000e+00 6.800000000000000488e-01
0.000000000000000000e+00 6.815999999999999837e-01
2.000000000000000000e+00 6.832000000000000295e-01
5.100000000000000000e+01 6.847999999999999643e-01
6.000000000000000000e+00 6.847999999999999643e-01
0.000000000000000000e+00 6.864000000000000101e-01
0.000000000000000000e+00 6.879999999999999449e-01
4.000000000000000000e+00 6.895999999999999908e-01
3.000000000000000000e+00 6.912000000000000366e-01
0.000000000000000000e+00 6.927999999999999714e-01
0.000000000000000000e+00 6.944000000000000172e-01
5.000000000000000000e+00 6.959999999999999520e-01
1.800000000000000000e+01 6.975999999999999979e-01
9.990000000000000000e+02 6.992000000000000437e-01
0.000000000000000000e+00 6.800000000000000488e-01
1.500000000000000000e+01 6.815999999999999837e-01
0.000000000000000000e+00 6.800000000000000488e-01
4.520000000000000000e+02 6.815999999999999837e-01
3.000000000000000000e+00 6.800000000000000488e-01
0.000000000000000000e+00 6.784000000000000030e-01
2.500000000000000000e+01 6.800000000000000488e-01
0.000000000000000000e+00 6.800000000000000488e-01
0.000000000000000000e+00 6.815999999999999837e-01
1.300000000000000000e+01 6.832000000000000295e-01
1.400000000000000000e+01 6.847999999999999643e-01
0.000000000000000000e+00 6.847999999999999643e-01
0.000000000000000000e+00 6.864000000000000101e-01
8.000000000000000000e+00 6.879999999999999449e-01
2.000000000000000000e+00 6.895999999999999908e-01
3.000000000000000000e+00 6.912000000000000366e-01
1.000000000000000000e+01 6.912000000000000366e-01
0.000000000000000000e+00 6.927999999999999714e-01
5.000000000000000000e+00 6.944000000000000172e-01
1.580000000000000000e+02 6.959999999999999520e-01
8.000000000000000000e+00 6.944000000000000172e-01
5.000000000000000000e+00 6.912000000000000366e-01
0.000000000000000000e+00 6.927999999999999714e-01
1.000000000000000000e+00 6.944000000000000172e-01
1.120000000000000000e+02 6.959999999999999520e-01
3.770000000000000000e+02 6.959999999999999520e-01
1.000000000000000000e+00 6.895999999999999908e-01
0.000000000000000000e+00 6.912000000000000366e-01
5.000000000000000000e+02 6.927999999999999714e-01
3.800000000000000000e+01 6.879999999999999449e-01
5.000000000000000000e+00 6.895999999999999908e-01
1.000000000000000000e+00 6.912000000000000366e-01
3.000000000000000000e+00 6.927999999999999714e-01
0.000000000000000000e+00 6.927999999999999714e-01
2.000000000000000000e+00 6.944000000000000172e-01
0.000000000000000000e+00 6.944000000000000172e-01
1.575000000000000000e+03 6.959999999999999520e-01
8.000000000000000000e+00 6.703999999999999959e-01
9.000000000000000000e+00 6.672000000000000153e-01
5.000000000000000000e+01 6.687999999999999501e-01
0.000000000000000000e+00 6.703999999999999959e-01
4.000000000000000000e+00 6.720000000000000417e-01
6.100000000000000000e+01 6.720000000000000417e-01
0.000000000000000000e+00 6.735999999999999766e-01
2.000000000000000000e+00 6.752000000000000224e-01
4.000000000000000000e+00 6.767999999999999572e-01
1.000000000000000000e+00 6.784000000000000030e-01
0.000000000000000000e+00 6.767999999999999572e-01
9.000000000000000000e+00 6.784000000000000030e-01
2.000000000000000000e+00 6.800000000000000488e-01
0.000000000000000000e+00 6.815999999999999837e-01
4.000000000000000000e+01 6.832000000000000295e-01
6.000000000000000000e+00 6.847999999999999643e-01
1.800000000000000000e+01 6.864000000000000101e-01
0.000000000000000000e+00 6.879999999999999449e-01
0.000000000000000000e+00 6.895999999999999908e-01
2.000000000000000000e+00 6.912000000000000366e-01
1.000000000000000000e+01 6.912000000000000366e-01
2.740000000000000000e+02 6.927999999999999714e-01
5.100000000000000000e+01 6.832000000000000295e-01
9.000000000000000000e+00 6.847999999999999643e-01
4.700000000000000000e+01 6.864000000000000101e-01
0.000000000000000000e+00 6.879999999999999449e-01
1.100000000000000000e+01 6.895999999999999908e-01
2.800000000000000000e+01 6.879999999999999449e-01
6.000000000000000000e+00 6.895999999999999908e-01
0.000000000000000000e+00 6.879999999999999449e-01
2.000000000000000000e+01 6.895999999999999908e-01
1.500000000000000000e+01 6.912000000000000366e-01
3.500000000000000000e+01 6.927999999999999714e-01
2.900000000000000000e+01 6.912000000000000366e-01
1.200000000000000000e+01 6.927999999999999714e-01
2.000000000000000000e+01 6.944000000000000172e-01
0.000000000000000000e+00 6.944000000000000172e-01
2.000000000000000000e+00 6.959999999999999520e-01
5.730000000000000000e+02 6.975999999999999979e-01
4.000000000000000000e+00 6.992000000000000437e-01
0.000000000000000000e+00 6.992000000000000437e-01
4.600000000000000000e+01 7.007999999999999785e-01
1.000000000000000000e+00 7.007999999999999785e-01
0.000000000000000000e+00 7.024000000000000243e-01
5.100000000000000000e+01 7.039999999999999591e-01
1.600000000000000000e+01 7.024000000000000243e-01
1.070000000000000000e+02 6.992000000000000437e-01
3.900000000000000000e+01 6.959999999999999520e-01
0.000000000000000000e+00 6.975999999999999979e-01
1.290000000000000000e+02 6.992000000000000437e-01
6.760000000000000000e+02 7.007999999999999785e-01
1.340000000000000000e+02 6.815999999999999837e-01
5.900000000000000000e+01 6.687999999999999501e-01
3.700000000000000000e+01 6.703999999999999959e-01
2.000000000000000000e+00 6.720000000000000417e-01
3.700000000000000000e+01 6.735999999999999766e-01
0.000000000000000000e+00 6.640000000000000346e-01
0.000000000000000000e+00 6.655999999999999694e-01
1.840000000000000000e+02 6.672000000000000153e-01
1.330000000000000000e+02 6.655999999999999694e-01
3.000000000000000000e+00 6.623999999999999888e-01
6.500000000000000000e+01 6.640000000000000346e-01
1.200000000000000000e+01 6.640000000000000346e-01
0.000000000000000000e+00 6.655999999999999694e-01
0.000000000000000000e+00 6.672000000000000153e-01
1.630000000000000000e+02 6.687999999999999501e-01
0.000000000000000000e+00 6.655999999999999694e-01
0.000000000000000000e+00 6.672000000000000153e-01
2.900000000000000000e+01 6.687999999999999501e-01
1.930000000000000000e+02 6.703999999999999959e-01
1.990000000000000000e+02 6.655999999999999694e-01
0.000000000000000000e+00 6.655999999999999694e-01
1.150000000000000000e+02 6.672000000000000153e-01
3.000000000000000000e+00 6.672000000000000153e-01
0.000000000000000000e+00 6.687999999999999501e-01
0.000000000000000000e+00 6.703999999999999959e-01
0.000000000000000000e+00 6.720000000000000417e-01
2.300000000000000000e+01 6.735999999999999766e-01
3.300000000000000000e+01 6.752000000000000224e-01
2.300000000000000000e+01 6.767999999999999572e-01
1.000000000000000000e+01 6.784000000000000030e-01
1.000000000000000000e+01 6.800000000000000488e-01
4.000000000000000000e+00 6.815999999999999837e-01
0.000000000000000000e+00 6.815999999999999837e-01
2.000000000000000000e+00 6.832000000000000295e-01
0.000000000000000000e+00 6.847999999999999643e-01
6.000000000000000000e+00 6.864000000000000101e-01
0.000000000000000000e+00 6.879999999999999449e-01
0.000000000000000000e+00 6.895999999999999908e-01
0.000000000000000000e+00 6.912000000000000366e-01
0.000000000000000000e+00 6.927999999999999714e-01
0.000000000000000000e+00 6.944000000000000172e-01
6.520000000000000000e+02 6.959999999999999520e-01
1.200000000000000000e+01 6.895999999999999908e-01
0.000000000000000000e+00 6.879999999999999449e-01
1.070000000000000000e+02 6.895999999999999908e-01
0.000000000000000000e+00 6.832000000000000295e-01
2.000000000000000000e+00 6.847999999999999643e-01
2.500000000000000000e+01 6.864000000000000101e-01
2.100000000000000000e+01 6.879999999999999449e-01
1.000000000000000000e+00 6.895999999999999908e-01
2.000000000000000000e+00 6.895999999999999908e-01
4.000000000000000000e+00 6.912000000000000366e-01
2.300000000000000000e+01 6.912000000000000366e-01
0.000000000000000000e+00 6.927999999999999714e-01
2.000000000000000000e+00 6.944000000000000172e-01
2.760000000000000000e+02 6.959999999999999520e-01
1.800000000000000000e+01 6.847999999999999643e-01
0.000000000000000000e+00 6.864000000000000101e-01
6.000000000000000000e+00 6.879999999999999449e-01
6.600000000000000000e+01 6.895999999999999908e-01
0.000000000000000000e+00 6.912000000000000366e-01
3.000000000000000000e+00 6.927999999999999714e-01
6.000000000000000000e+00 6.944000000000000172e-01
0.000000000000000000e+00 6.959999999999999520e-01
0.000000000000000000e+00 6.975999999999999979e-01
2.000000000000000000e+01 6.992000000000000437e-01
9.400000000000000000e+01 7.007999999999999785e-01
0.000000000000000000e+00 6.927999999999999714e-01
1.411000000000000000e+03 6.944000000000000172e-01
0.000000000000000000e+00 6.735999999999999766e-01
4.700000000000000000e+01 6.752000000000000224e-01
0.000000000000000000e+00 6.767999999999999572e-01
6.000000000000000000e+00 6.784000000000000030e-01
4.200000000000000000e+01 6.735999999999999766e-01
2.000000000000000000e+00 6.752000000000000224e-01
2.400000000000000000e+01 6.735999999999999766e-01
0.000000000000000000e+00 6.735999999999999766e-01
3.200000000000000000e+02 6.752000000000000224e-01
0.000000000000000000e+00 6.767999999999999572e-01
6.200000000000000000e+01 6.784000000000000030e-01
1.100000000000000000e+01 6.767999999999999572e-01
5.500000000000000000e+01 6.784000000000000030e-01
1.000000000000000000e+01 6.735999999999999766e-01
6.000000000000000000e+00 6.752000000000000224e-01
0.000000000000000000e+00 6.767999999999999572e-01
2.000000000000000000e+00 6.784000000000000030e-01
0.000000000000000000e+00 6.784000000000000030e-01
2.000000000000000000e+00 6.800000000000000488e-01
1.800000000000000000e+01 6.815999999999999837e-01
1.780000000000000000e+02 6.832000000000000295e-01
0.000000000000000000e+00 6.815999999999999837e-01
2.300000000000000000e+01 6.832000000000000295e-01
2.030000000000000000e+02 6.767999999999999572e-01
0.000000000000000000e+00 6.672000000000000153e-01
3.000000000000000000e+00 6.687999999999999501e-01
0.000000000000000000e+00 6.703999999999999959e-01
1.000000000000000000e+00 6.720000000000000417e-01
7.870000000000000000e+02 6.735999999999999766e-01
9.400000000000000000e+01 6.640000000000000346e-01
3.100000000000000000e+01 6.655999999999999694e-01
1.140000000000000000e+02 6.672000000000000153e-01
0.000000000000000000e+00 6.640000000000000346e-01
2.200000000000000000e+01 6.655999999999999694e-01
1.500000000000000000e+01 6.672000000000000153e-01
1.200000000000000000e+01 6.687999999999999501e-01
2.000000000000000000e+00 6.672000000000000153e-01
3.000000000000000000e+01 6.655999999999999694e-01
0.000000000000000000e+00 6.608000000000000540e-01
0.000000000000000000e+00 6.623999999999999888e-01
2.930000000000000000e+02 6.640000000000000346e-01
0.000000000000000000e+00 6.655999999999999694e-01
1.500000000000000000e+01 6.672000000000000153e-01
4.630000000000000000e+02 6.687999999999999501e-01
2.010000000000000000e+02 6.528000000000000469e-01
0.000000000000000000e+00 6.512000000000000011e-01
0.000000000000000000e+00 6.528000000000000469e-01
4.000000000000000000e+00 6.543999999999999817e-01
0.000000000000000000e+00 6.560000000000000275e-01
4.000000000000000000e+00 6.575999999999999623e-01
4.000000000000000000e+00 6.560000000000000275e-01
0.000000000000000000e+00 6.575999999999999623e-01
0.000000000000000000e+00 6.592000000000000082e-01
1.000000000000000000e+00 6.608000000000000540e-01
1.600000000000000000e+01 6.623999999999999888e-01
0.000000000000000000e+00 6.640000000000000346e-01
1.000000000000000000e+00 6.655999999999999694e-01
0.000000000000000000e+00 6.672000000000000153e-01
1.800000000000000000e+01 6.687999999999999501e-01
7.000000000000000000e+00 6.687999999999999501e-01
2.790000000000000000e+02 6.703999999999999959e-01
1.000000000000000000e+00 6.703999999999999959e-01
2.000000000000000000e+00 6.720000000000000417e-01
1.400000000000000000e+01 6.735999999999999766e-01
2.000000000000000000e+00 6.735999999999999766e-01
2.500000000000000000e+01 6.720000000000000417e-01
1.000000000000000000e+00 6.735999999999999766e-01
7.000000000000000000e+00 6.752000000000000224e-01
3.700000000000000000e+01 6.752000000000000224e-01
3.000000000000000000e+00 6.720000000000000417e-01
0.000000000000000000e+00 6.735999999999999766e-01
3.000000000000000000e+00 6.752000000000000224e-01
2.000000000000000000e+00 6.767999999999999572e-01
2.000000000000000000e+00 6.784000000000000030e-01
4.960000000000000000e+02 6.800000000000000488e-01
1.000000000000000000e+00 6.767999999999999572e-01
0.000000000000000000e+00 6.784000000000000030e-01
4.300000000000000000e+01 6.800000000000000488e-01
1.000000000000000000e+00 6.815999999999999837e-01
0.000000000000000000e+00 6.832000000000000295e-01
1.000000000000000000e+00 6.847999999999999643e-01
2.000000000000000000e+00 6.864000000000000101e-01
1.000000000000000000e+00 6.864000000000000101e-01
7.700000000000000000e+01 6.847999999999999643e-01
2.270000000000000000e+02 6.815999999999999837e-01
0.000000000000000000e+00 6.800000000000000488e-01
1.950000000000000000e+02 6.815999999999999837e-01
0.000000000000000000e+00 6.752000000000000224e-01
1.000000000000000000e+00 6.767999999999999572e-01
4.000000000000000000e+00 6.784000000000000030e-01
1.700000000000000000e+01 6.767999999999999572e-01
2.100000000000000000e+01 6.735999999999999766e-01
2.200000000000000000e+01 6.735999999999999766e-01
2.000000000000000000e+00 6.720000000000000417e-01
0.000000000000000000e+00 6.720000000000000417e-01
0.000000000000000000e+00 6.735999999999999766e-01
3.100000000000000000e+01 6.752000000000000224e-01
6.900000000000000000e+01 6.767999999999999572e-01
5.000000000000000000e+01 6.752000000000000224e-01
1.960000000000000000e+02 6.703999999999999959e-01
6.000000000000000000e+00 6.703999999999999959e-01
0.000000000000000000e+00 6.720000000000000417e-01
3.400000000000000000e+01 6.735999999999999766e-01
5.680000000000000000e+02 6.720000000000000417e-01
0.000000000000000000e+00 6.592000000000000082e-01
1.400000000000000000e+01 6.608000000000000540e-01
1.810000000000000000e+02 6.623999999999999888e-01
1.000000000000000000e+01 6.592000000000000082e-01
0.000000000000000000e+00 6.608000000000000540e-01
2.000000000000000000e+00 6.623999999999999888e-01
2.910000000000000000e+02 6.640000000000000346e-01
2.000000000000000000e+00 6.623999999999999888e-01
0.000000000000000000e+00 6.623999999999999888e-01
1.000000000000000000e+00 6.640000000000000346e-01
1.300000000000000000e+01 6.655999999999999694e-01
0.000000000000000000e+00 6.672000000000000153e-01
0.000000000000000000e+00 6.687999999999999501e-01
1.600000000000000000e+01 6.703999999999999959e-01
0.000000000000000000e+00 6.672000000000000153e-01
1.050000000000000000e+02 6.687999999999999501e-01
0.000000000000000000e+00 6.655999999999999694e-01
6.000000000000000000e+00 6.672000000000000153e-01
2.000000000000000000e+00 6.687999999999999501e-01
2.200000000000000000e+01 6.703999999999999959e-01
0.000000000000000000e+00 6.687999999999999501e-01
1.000000000000000000e+00 6.703999999999999959e-01
3.000000000000000000e+00 6.687999999999999501e-01
3.800000000000000000e+01 6.703999999999999959e-01
0.000000000000000000e+00 6.655999999999999694e-01
3.000000000000000000e+00 6.672000000000000153e-01
5.900000000000000000e+01 6.655999999999999694e-01
0.000000000000000000e+00 6.672000000000000153e-01
0.000000000000000000e+00 6.687999999999999501e-01
1.730000000000000000e+02 6.703999999999999959e-01
6.000000000000000000e+00 6.720000000000000417e-01
0.000000000000000000e+00 6.735999999999999766e-01
0.000000000000000000e+00 6.752000000000000224e-01
0.000000000000000000e+00 6.767999999999999572e-01
0.000000000000000000e+00 6.784000000000000030e-01
6.700000000000000000e+02 6.800000000000000488e-01
6.500000000000000000e+01 6.528000000000000469e-01
2.000000000000000000e+00 6.543999999999999817e-01
0.000000000000000000e+00 6.560000000000000275e-01
0.000000000000000000e+00 6.575999999999999623e-01
9.000000000000000000e+00 6.592000000000000082e-01
9.000000000000000000e+00 6.575999999999999623e-01
7.000000000000000000e+00 6.592000000000000082e-01
6.000000000000000000e+00 6.608000000000000540e-01
1.000000000000000000e+00 6.608000000000000540e-01
0.000000000000000000e+00 6.623999999999999888e-01
6.000000000000000000e+00 6.640000000000000346e-01
1.000000000000000000e+00 6.640000000000000346e-01
0.000000000000000000e+00 6.640000000000000346e-01
1.000000000000000000e+00 6.655999999999999694e-01
1.000000000000000000e+00 6.672000000000000153e-01
0.000000000000000000e+00 6.655999999999999694e-01
1.800000000000000000e+01 6.672000000000000153e-01
9.000000000000000000e+00 6.687999999999999501e-01
0.000000000000000000e+00 6.703999999999999959e-01
1.800000000000000000e+01 6.720000000000000417e-01
0.000000000000000000e+00 6.720000000000000417e-01
0.000000000000000000e+00 6.735999999999999766e-01
2.000000000000000000e+00 6.752000000000000224e-01
6.000000000000000000e+00 6.752000000000000224e-01
1.000000000000000000e+00 6.767999999999999572e-01
0.000000000000000000e+00 6.767999999999999572e-01
0.000000000000000000e+00 6.784000000000000030e-01
2.000000000000000000e+00 6.800000000000000488e-01
0.000000000000000000e+00 6.800000000000000488e-01
0.000000000000000000e+00 6.815999999999999837e-01
0.000000000000000000e+00 6.832000000000000295e-01
5.000000000000000000e+00 6.847999999999999643e-01
0.000000000000000000e+00 6.847999999999999643e-01
0.000000000000000000e+00 6.864000000000000101e-01
5.340000000000000000e+02 6.879999999999999449e-01
1.200000000000000000e+01 6.815999999999999837e-01
7.100000000000000000e+01 6.832000000000000295e-01
1.000000000000000000e+00 6.800000000000000488e-01
2.000000000000000000e+00 6.800000000000000488e-01
1.610000000000000000e+02 6.800000000000000488e-01
0.000000000000000000e+00 6.815999999999999837e-01
4.000000000000000000e+00 6.832000000000000295e-01
0.000000000000000000e+00 6.847999999999999643e-01
0.000000000000000000e+00 6.864000000000000101e-01
2.600000000000000000e+01 6.879999999999999449e-01
2.000000000000000000e+00 6.895999999999999908e-01
1.200000000000000000e+01 6.912000000000000366e-01
0.000000000000000000e+00 6.927999999999999714e-01
0.000000000000000000e+00 6.944000000000000172e-01
0.000000000000000000e+00 6.959999999999999520e-01
2.200000000000000000e+01 6.975999999999999979e-01
0.000000000000000000e+00 6.975999999999999979e-01
0.000000000000000000e+00 6.992000000000000437e-01
7.690000000000000000e+02 7.007999999999999785e-01
2.300000000000000000e+01 6.895999999999999908e-01
0.000000000000000000e+00 6.912000000000000366e-01
1.600000000000000000e+01 6.927999999999999714e-01
8.000000000000000000e+00 6.944000000000000172e-01
0.000000000000000000e+00 6.959999999999999520e-01
2.000000000000000000e+00 6.975999999999999979e-01
0.000000000000000000e+00 6.992000000000000437e-01
3.740000000000000000e+02 7.007999999999999785e-01
0.000000000000000000e+00 6.879999999999999449e-01
1.000000000000000000e+00 6.895999999999999908e-01
0.000000000000000000e+00 6.912000000000000366e-01
0.000000000000000000e+00 6.927999999999999714e-01
1.500000000000000000e+01 6.944000000000000172e-01
2.000000000000000000e+01 6.895999999999999908e-01
5.500000000000000000e+01 6.895999999999999908e-01
1.500000000000000000e+01 6.912000000000000366e-01
2.000000000000000000e+00 6.927999999999999714e-01
4.000000000000000000e+01 6.944000000000000172e-01
0.000000000000000000e+00 6.912000000000000366e-01
0.000000000000000000e+00 6.927999999999999714e-01
1.000000000000000000e+00 6.944000000000000172e-01
3.800000000000000000e+01 6.959999999999999520e-01
2.950000000000000000e+02 6.944000000000000172e-01
3.500000000000000000e+01 6.879999999999999449e-01
6.000000000000000000e+00 6.895999999999999908e-01
0.000000000000000000e+00 6.912000000000000366e-01
2.000000000000000000e+00 6.927999999999999714e-01
0.000000000000000000e+00 6.912000000000000366e-01
2.000000000000000000e+00 6.927999999999999714e-01
1.900000000000000000e+01 6.927999999999999714e-01
2.000000000000000000e+00 6.944000000000000172e-01
0.000000000000000000e+00 6.959999999999999520e-01
1.000000000000000000e+00 6.975999999999999979e-01
1.115000000000000000e+03 6.992000000000000437e-01
9.000000000000000000e+00 6.655999999999999694e-01
5.000000000000000000e+00 6.672000000000000153e-01
0.000000000000000000e+00 6.687999999999999501e-01
4.000000000000000000e+00 6.703999999999999959e-01
0.000000000000000000e+00 6.720000000000000417e-01
0.000000000000000000e+00 6.735999999999999766e-01
1.020000000000000000e+02 6.752000000000000224e-01
1.400000000000000000e+01 6.735999999999999766e-01
1.100000000000000000e+01 6.752000000000000224e-01
0.000000000000000000e+00 6.703999999999999959e-01
3.800000000000000000e+01 6.720000000000000417e-01
0.000000000000000000e+00 6.735999999999999766e-01
6.600000000000000000e+01 6.752000000000000224e-01
2.000000000000000000e+00 6.767999999999999572e-01
0.000000000000000000e+00 6.784000000000000030e-01
0.000000000000000000e+00 6.800000000000000488e-01
0.000000000000000000e+00 6.815999999999999837e-01
7.500000000000000000e+01 6.832000000000000295e-01
6.100000000000000000e+01 6.815999999999999837e-01
0.000000000000000000e+00 6.832000000000000295e-01
8.760000000000000000e+02 6.847999999999999643e-01
2.000000000000000000e+00 6.672000000000000153e-01
3.700000000000000000e+01 6.687999999999999501e-01
4.000000000000000000e+00 6.703999999999999959e-01
0.000000000000000000e+00 6.720000000000000417e-01
7.000000000000000000e+00 6.735999999999999766e-01
4.500000000000000000e+01 6.752000000000000224e-01
1.520000000000000000e+02 6.767999999999999572e-01
0.000000000000000000e+00 6.752000000000000224e-01
1.500000000000000000e+01 6.767999999999999572e-01
0.000000000000000000e+00 6.767999999999999572e-01
2.900000000000000000e+01 6.784000000000000030e-01
1.600000000000000000e+01 6.784000000000000030e-01
0.000000000000000000e+00 6.800000000000000488e-01
0.000000000000000000e+00 6.815999999999999837e-01
2.500000000000000000e+01 6.832000000000000295e-01
1.100000000000000000e+01 6.832000000000000295e-01
1.015000000000000000e+03 6.847999999999999643e-01
0.000000000000000000e+00 6.720000000000000417e-01
1.000000000000000000e+00 6.735999999999999766e-01
0.000000000000000000e+00 6.752000000000000224e-01
4.000000000000000000e+00 6.767999999999999572e-01
3.000000000000000000e+00 6.784000000000000030e-01
3.000000000000000000e+00 6.800000000000000488e-01
1.300000000000000000e+01 6.800000000000000488e-01
0.000000000000000000e+00 6.815999999999999837e-01
1.790000000000000000e+02 6.832000000000000295e-01
2.000000000000000000e+00 6.847999999999999643e-01
1.000000000000000000e+01 6.864000000000000101e-01
1.300000000000000000e+01 6.879999999999999449e-01
9.000000000000000000e+00 6.895999999999999908e-01
0.000000000000000000e+00 6.912000000000000366e-01
4.000000000000000000e+00 6.927999999999999714e-01
3.500000000000000000e+02 6.944000000000000172e-01
0.000000000000000000e+00 6.959999999999999520e-01
6.600000000000000000e+01 6.975999999999999979e-01
2.400000000000000000e+01 6.992000000000000437e-01
3.860000000000000000e+02 7.007999999999999785e-01
0.000000000000000000e+00 6.975999999999999979e-01
0.000000000000000000e+00 6.992000000000000437e-01
1.000000000000000000e+00 7.007999999999999785e-01
1.000000000000000000e+00 7.024000000000000243e-01
0.000000000000000000e+00 7.039999999999999591e-01
0.000000000000000000e+00 7.056000000000000050e-01
4.400000000000000000e+01 7.072000000000000508e-01
8.000000000000000000e+00 7.007999999999999785e-01
9.000000000000000000e+00 7.024000000000000243e-01
0.000000000000000000e+00 7.039999999999999591e-01
4.600000000000000000e+01 7.056000000000000050e-01
1.000000000000000000e+00 7.072000000000000508e-01
0.000000000000000000e+00 7.056000000000000050e-01
1.300000000000000000e+01 7.072000000000000508e-01
1.500000000000000000e+01 7.087999999999999856e-01
2.000000000000000000e+00 7.104000000000000314e-01
0.000000000000000000e+00 7.119999999999999662e-01
0.000000000000000000e+00 7.136000000000000121e-01
6.000000000000000000e+00 7.151999999999999469e-01
0.000000000000000000e+00 7.136000000000000121e-01
0.000000000000000000e+00 7.151999999999999469e-01
1.000000000000000000e+00 7.167999999999999927e-01
2.200000000000000000e+01 7.167999999999999927e-01
4.000000000000000000e+00 7.184000000000000385e-01
1.000000000000000000e+00 7.184000000000000385e-01
0.000000000000000000e+00 7.199999999999999734e-01
2.660000000000000000e+02 7.216000000000000192e-01
2.000000000000000000e+00 7.199999999999999734e-01
1.190000000000000000e+02 7.199999999999999734e-01
0.000000000000000000e+00 7.184000000000000385e-01
5.800000000000000000e+01 7.199999999999999734e-01
1.000000000000000000e+00 7.184000000000000385e-01
0.000000000000000000e+00 7.199999999999999734e-01
0.000000000000000000e+00 7.216000000000000192e-01
3.700000000000000000e+01 7.231999999999999540e-01
4.730000000000000000e+02 7.247999999999999998e-01
3.000000000000000000e+00 7.199999999999999734e-01
4.550000000000000000e+02 7.216000000000000192e-01
2.000000000000000000e+00 7.056000000000000050e-01
2.200000000000000000e+01 7.072000000000000508e-01
0.000000000000000000e+00 7.087999999999999856e-01
0.000000000000000000e+00 7.104000000000000314e-01
0.000000000000000000e+00 7.119999999999999662e-01
3.500000000000000000e+01 7.136000000000000121e-01
5.100000000000000000e+01 7.151999999999999469e-01
5.200000000000000000e+01 7.151999999999999469e-01
0.000000000000000000e+00 7.119999999999999662e-01
0.000000000000000000e+00 7.136000000000000121e-01
3.000000000000000000e+00 7.151999999999999469e-01
0.000000000000000000e+00 7.136000000000000121e-01
5.000000000000000000e+00 7.151999999999999469e-01
8.000000000000000000e+00 7.167999999999999927e-01
1.000000000000000000e+00 7.184000000000000385e-01
4.200000000000000000e+01 7.184000000000000385e-01
0.000000000000000000e+00 7.184000000000000385e-01
5.900000000000000000e+01 7.199999999999999734e-01
1.000000000000000000e+01 7.167999999999999927e-01
0.000000000000000000e+00 7.184000000000000385e-01
1.420000000000000000e+02 7.199999999999999734e-01
0.000000000000000000e+00 7.167999999999999927e-01
6.000000000000000000e+00 7.184000000000000385e-01
5.000000000000000000e+02 7.199999999999999734e-01
0.000000000000000000e+00 7.072000000000000508e-01
3.550000000000000000e+02 7.087999999999999856e-01
1.000000000000000000e+00 7.024000000000000243e-01
2.490000000000000000e+02 7.039999999999999591e-01
1.000000000000000000e+00 6.912000000000000366e-01
3.000000000000000000e+00 6.895999999999999908e-01
0.000000000000000000e+00 6.912000000000000366e-01
1.170000000000000000e+03 6.927999999999999714e-01
1.000000000000000000e+02 6.687999999999999501e-01
0.000000000000000000e+00 6.640000000000000346e-01
1.300000000000000000e+01 6.655999999999999694e-01
2.200000000000000000e+01 6.672000000000000153e-01
1.060000000000000000e+02 6.655999999999999694e-01
8.100000000000000000e+01 6.608000000000000540e-01
9.200000000000000000e+01 6.608000000000000540e-01
3.000000000000000000e+00 6.608000000000000540e-01
1.500000000000000000e+01 6.623999999999999888e-01
1.200000000000000000e+01 6.640000000000000346e-01
5.000000000000000000e+00 6.655999999999999694e-01
0.000000000000000000e+00 6.672000000000000153e-01
3.100000000000000000e+01 6.687999999999999501e-01
1.500000000000000000e+01 6.703999999999999959e-01
0.000000000000000000e+00 6.720000000000000417e-01
3.900000000000000000e+01 6.735999999999999766e-01
0.000000000000000000e+00 6.735999999999999766e-01
1.670000000000000000e+02 6.752000000000000224e-01
1.000000000000000000e+00 6.608000000000000540e-01
2.300000000000000000e+01 6.623999999999999888e-01
4.000000000000000000e+00 6.640000000000000346e-01
5.300000000000000000e+01 6.655999999999999694e-01
0.000000000000000000e+00 6.672000000000000153e-01
3.000000000000000000e+00 6.687999999999999501e-01
0.000000000000000000e+00 6.703999999999999959e-01
4.000000000000000000e+00 6.720000000000000417e-01
0.000000000000000000e+00 6.735999999999999766e-01
0.000000000000000000e+00 6.752000000000000224e-01
0.000000000000000000e+00 6.767999999999999572e-01
0.000000000000000000e+00 6.784000000000000030e-01
8.300000000000000000e+01 6.800000000000000488e-01
1.000000000000000000e+00 6.767999999999999572e-01
5.000000000000000000e+01 6.752000000000000224e-01
0.000000000000000000e+00 6.735999999999999766e-01
3.200000000000000000e+01 6.752000000000000224e-01
0.000000000000000000e+00 6.735999999999999766e-01
2.980000000000000000e+02 6.752000000000000224e-01
2.000000000000000000e+00 6.687999999999999501e-01
1.000000000000000000e+00 6.703999999999999959e-01
6.000000000000000000e+00 6.720000000000000417e-01
3.700000000000000000e+01 6.735999999999999766e-01
1.330000000000000000e+02 6.752000000000000224e-01
1.730000000000000000e+02 6.735999999999999766e-01
0.000000000000000000e+00 6.735999999999999766e-01
2.000000000000000000e+00 6.752000000000000224e-01
3.000000000000000000e+00 6.767999999999999572e-01
8.810000000000000000e+02 6.752000000000000224e-01
1.500000000000000000e+01 6.592000000000000082e-01
0.000000000000000000e+00 6.608000000000000540e-01
2.000000000000000000e+01 6.623999999999999888e-01
5.300000000000000000e+01 6.640000000000000346e-01
0.000000000000000000e+00 6.655999999999999694e-01
5.000000000000000000e+00 6.672000000000000153e-01
3.600000000000000000e+01 6.672000000000000153e-01
2.000000000000000000e+00 6.687999999999999501e-01
5.000000000000000000e+01 6.703999999999999959e-01
1.000000000000000000e+00 6.720000000000000417e-01
1.000000000000000000e+00 6.703999999999999959e-01
2.000000000000000000e+00 6.687999999999999501e-01
3.800000000000000000e+01 6.703999999999999959e-01
0.000000000000000000e+00 6.720000000000000417e-01
4.400000000000000000e+01 6.735999999999999766e-01
0.000000000000000000e+00 6.752000000000000224e-01
1.960000000000000000e+02 6.767999999999999572e-01
8.640000000000000000e+02 6.752000000000000224e-01
1.700000000000000000e+01 6.560000000000000275e-01
0.000000000000000000e+00 6.575999999999999623e-01
2.000000000000000000e+00 6.592000000000000082e-01
0.000000000000000000e+00 6.608000000000000540e-01
2.000000000000000000e+00 6.623999999999999888e-01
0.000000000000000000e+00 6.640000000000000346e-01
0.000000000000000000e+00 6.655999999999999694e-01
0.000000000000000000e+00 6.672000000000000153e-01
2.000000000000000000e+01 6.687999999999999501e-01
0.000000000000000000e+00 6.640000000000000346e-01
0.000000000000000000e+00 6.655999999999999694e-01
0.000000000000000000e+00 6.672000000000000153e-01
1.150000000000000000e+02 6.687999999999999501e-01
0.000000000000000000e+00 6.703999999999999959e-01
8.700000000000000000e+01 6.720000000000000417e-01
2.700000000000000000e+02 6.703999999999999959e-01
1.000000000000000000e+00 6.687999999999999501e-01
1.000000000000000000e+00 6.703999999999999959e-01
6.000000000000000000e+00 6.720000000000000417e-01
2.800000000000000000e+01 6.735999999999999766e-01
4.000000000000000000e+00 6.720000000000000417e-01
0.000000000000000000e+00 6.735999999999999766e-01
1.000000000000000000e+00 6.752000000000000224e-01
0.000000000000000000e+00 6.752000000000000224e-01
0.000000000000000000e+00 6.767999999999999572e-01
0.000000000000000000e+00 6.784000000000000030e-01
2.000000000000000000e+00 6.800000000000000488e-01
0.000000000000000000e+00 6.815999999999999837e-01
1.000000000000000000e+00 6.832000000000000295e-01
7.500000000000000000e+01 6.847999999999999643e-01
2.000000000000000000e+00 6.847999999999999643e-01
0.000000000000000000e+00 6.864000000000000101e-01
0.000000000000000000e+00 6.879999999999999449e-01
0.000000000000000000e+00 6.895999999999999908e-01
7.000000000000000000e+00 6.912000000000000366e-01
0.000000000000000000e+00 6.927999999999999714e-01
2.000000000000000000e+00 6.944000000000000172e-01
0.000000000000000000e+00 6.927999999999999714e-01
0.000000000000000000e+00 6.944000000000000172e-01
5.000000000000000000e+00 6.959999999999999520e-01
4.000000000000000000e+00 6.975999999999999979e-01
0.000000000000000000e+00 6.992000000000000437e-01
6.900000000000000000e+02 7.007999999999999785e-01
6.000000000000000000e+00 6.752000000000000224e-01
1.000000000000000000e+00 6.767999999999999572e-01
5.600000000000000000e+01 6.784000000000000030e-01
1.220000000000000000e+02 6.800000000000000488e-01
2.900000000000000000e+02 6.800000000000000488e-01
2.000000000000000000e+00 6.752000000000000224e-01
3.000000000000000000e+00 6.735999999999999766e-01
1.700000000000000000e+01 6.752000000000000224e-01
1.790000000000000000e+02 6.735999999999999766e-01
4.000000000000000000e+00 6.720000000000000417e-01
2.000000000000000000e+00 6.735999999999999766e-01
6.900000000000000000e+01 6.720000000000000417e-01
0.000000000000000000e+00 6.735999999999999766e-01
0.000000000000000000e+00 6.752000000000000224e-01
2.000000000000000000e+00 6.767999999999999572e-01
5.900000000000000000e+01 6.784000000000000030e-01
0.000000000000000000e+00 6.735999999999999766e-01
0.000000000000000000e+00 6.752000000000000224e-01
1.670000000000000000e+02 6.767999999999999572e-01
0.000000000000000000e+00 6.784000000000000030e-01
0.000000000000000000e+00 6.800000000000000488e-01
3.000000000000000000e+00 6.815999999999999837e-01
0.000000000000000000e+00 6.832000000000000295e-01
2.500000000000000000e+01 6.847999999999999643e-01
1.100000000000000000e+01 6.847999999999999643e-01
2.600000000000000000e+01 6.847999999999999643e-01
1.300000000000000000e+01 6.864000000000000101e-01
3.000000000000000000e+01 6.879999999999999449e-01
0.000000000000000000e+00 6.879999999999999449e-01
2.400000000000000000e+01 6.895999999999999908e-01
2.160000000000000000e+02 6.912000000000000366e-01
0.000000000000000000e+00 6.815999999999999837e-01
1.500000000000000000e+01 6.832000000000000295e-01
8.000000000000000000e+00 6.847999999999999643e-01
4.000000000000000000e+00 6.864000000000000101e-01
2.000000000000000000e+00 6.864000000000000101e-01
6.800000000000000000e+01 6.879999999999999449e-01
0.000000000000000000e+00 6.895999999999999908e-01
0.000000000000000000e+00 6.912000000000000366e-01
5.000000000000000000e+00 6.927999999999999714e-01
4.880000000000000000e+02 6.879999999999999449e-01
0.000000000000000000e+00 6.800000000000000488e-01
6.000000000000000000e+00 6.815999999999999837e-01
3.000000000000000000e+00 6.832000000000000295e-01
0.000000000000000000e+00 6.847999999999999643e-01
5.000000000000000000e+00 6.864000000000000101e-01
6.900000000000000000e+01 6.847999999999999643e-01
3.000000000000000000e+00 6.864000000000000101e-01
2.000000000000000000e+00 6.847999999999999643e-01
0.000000000000000000e+00 6.864000000000000101e-01
3.000000000000000000e+00 6.879999999999999449e-01
4.000000000000000000e+00 6.895999999999999908e-01
0.000000000000000000e+00 6.912000000000000366e-01
4.100000000000000000e+01 6.927999999999999714e-01
9.000000000000000000e+00 6.912000000000000366e-01
2.400000000000000000e+01 6.879999999999999449e-01
0.000000000000000000e+00 6.895999999999999908e-01
1.100000000000000000e+01 6.912000000000000366e-01
0.000000000000000000e+00 6.895999999999999908e-01
0.000000000000000000e+00 6.912000000000000366e-01
5.360000000000000000e+02 6.927999999999999714e-01
2.000000000000000000e+00 6.815999999999999837e-01
1.700000000000000000e+01 6.800000000000000488e-01
0.000000000000000000e+00 6.815999999999999837e-01
0.000000000000000000e+00 6.832000000000000295e-01
3.260000000000000000e+02 6.847999999999999643e-01
0.000000000000000000e+00 6.752000000000000224e-01
0.000000000000000000e+00 6.767999999999999572e-01
0.000000000000000000e+00 6.784000000000000030e-01
0.000000000000000000e+00 6.800000000000000488e-01
7.000000000000000000e+01 6.815999999999999837e-01
0.000000000000000000e+00 6.815999999999999837e-01
8.000000000000000000e+00 6.832000000000000295e-01
3.100000000000000000e+01 6.847999999999999643e-01
1.200000000000000000e+01 6.847999999999999643e-01
1.800000000000000000e+01 6.864000000000000101e-01
0.000000000000000000e+00 6.864000000000000101e-01
1.000000000000000000e+00 6.879999999999999449e-01
1.400000000000000000e+01 6.895999999999999908e-01
0.000000000000000000e+00 6.912000000000000366e-01
1.600000000000000000e+01 6.927999999999999714e-01
0.000000000000000000e+00 6.944000000000000172e-01
1.800000000000000000e+01 6.959999999999999520e-01
0.000000000000000000e+00 6.895999999999999908e-01
0.000000000000000000e+00 6.912000000000000366e-01
2.000000000000000000e+01 6.927999999999999714e-01
2.700000000000000000e+02 6.927999999999999714e-01
0.000000000000000000e+00 6.895999999999999908e-01
0.000000000000000000e+00 6.912000000000000366e-01
0.000000000000000000e+00 6.927999999999999714e-01
1.070000000000000000e+02 6.944000000000000172e-01
2.950000000000000000e+02 6.944000000000000172e-01
9.000000000000000000e+00 6.800000000000000488e-01
1.000000000000000000e+00 6.815999999999999837e-01
1.000000000000000000e+00 6.832000000000000295e-01
0.000000000000000000e+00 6.832000000000000295e-01
8.220000000000000000e+02 6.847999999999999643e-01
6.700000000000000000e+01 6.784000000000000030e-01
6.200000000000000000e+01 6.800000000000000488e-01
0.000000000000000000e+00 6.815999999999999837e-01
3.000000000000000000e+00 6.832000000000000295e-01
0.000000000000000000e+00 6.847999999999999643e-01
0.000000000000000000e+00 6.864000000000000101e-01
3.000000000000000000e+00 6.879999999999999449e-01
1.000000000000000000e+00 6.895999999999999908e-01
5.440000000000000000e+02 6.912000000000000366e-01
9.000000000000000000e+00 6.895999999999999908e-01
2.000000000000000000e+00 6.912000000000000366e-01
0.000000000000000000e+00 6.927999999999999714e-01
1.000000000000000000e+00 6.944000000000000172e-01
1.600000000000000000e+01 6.959999999999999520e-01
8.000000000000000000e+00 6.975999999999999979e-01
2.000000000000000000e+00 6.959999999999999520e-01
2.000000000000000000e+00 6.975999999999999979e-01
1.100000000000000000e+01 6.992000000000000437e-01
0.000000000000000000e+00 6.975999999999999979e-01
0.000000000000000000e+00 6.992000000000000437e-01
2.000000000000000000e+00 7.007999999999999785e-01
0.000000000000000000e+00 7.024000000000000243e-01
0.000000000000000000e+00 7.039999999999999591e-01
0.000000000000000000e+00 7.056000000000000050e-01
8.870000000000000000e+02 7.072000000000000508e-01
6.000000000000000000e+00 7.039999999999999591e-01
5.700000000000000000e+01 7.056000000000000050e-01
0.000000000000000000e+00 7.039999999999999591e-01
0.000000000000000000e+00 7.056000000000000050e-01
1.330000000000000000e+02 7.072000000000000508e-01
1.900000000000000000e+01 7.072000000000000508e-01
1.700000000000000000e+01 7.072000000000000508e-01
3.320000000000000000e+02 7.087999999999999856e-01
2.690000000000000000e+02 6.975999999999999979e-01
1.790000000000000000e+02 6.975999999999999979e-01
2.000000000000000000e+00 6.927999999999999714e-01
2.000000000000000000e+00 6.944000000000000172e-01
0.000000000000000000e+00 6.944000000000000172e-01
2.000000000000000000e+00 6.959999999999999520e-01
0.000000000000000000e+00 6.975999999999999979e-01
0.000000000000000000e+00 6.992000000000000437e-01
5.000000000000000000e+00 7.007999999999999785e-01
1.020000000000000000e+02 7.007999999999999785e-01
1.400000000000000000e+01 6.975999999999999979e-01
2.000000000000000000e+00 6.992000000000000437e-01
0.000000000000000000e+00 7.007999999999999785e-01
4.060000000000000000e+02 7.024000000000000243e-01
0.000000000000000000e+00 6.944000000000000172e-01
1.900000000000000000e+02 6.959999999999999520e-01
0.000000000000000000e+00 6.927999999999999714e-01
0.000000000000000000e+00 6.944000000000000172e-01
2.100000000000000000e+01 6.959999999999999520e-01
0.000000000000000000e+00 6.975999999999999979e-01
0.000000000000000000e+00 6.992000000000000437e-01
0.000000000000000000e+00 7.007999999999999785e-01
0.000000000000000000e+00 7.024000000000000243e-01
0.000000000000000000e+00 7.039999999999999591e-01
3.020000000000000000e+02 7.056000000000000050e-01
1.000000000000000000e+00 7.024000000000000243e-01
3.000000000000000000e+01 7.039999999999999591e-01
1.300000000000000000e+01 6.927999999999999714e-01
5.510000000000000000e+02 6.944000000000000172e-01
2.900000000000000000e+01 6.832000000000000295e-01
2.000000000000000000e+00 6.847999999999999643e-01
0.000000000000000000e+00 6.847999999999999643e-01
4.100000000000000000e+01 6.864000000000000101e-01
0.000000000000000000e+00 6.864000000000000101e-01
2.000000000000000000e+00 6.879999999999999449e-01
0.000000000000000000e+00 6.879999999999999449e-01
0.000000000000000000e+00 6.895999999999999908e-01
9.000000000000000000e+00 6.912000000000000366e-01
9.000000000000000000e+00 6.927999999999999714e-01
3.000000000000000000e+00 6.944000000000000172e-01
5.550000000000000000e+02 6.959999999999999520e-01
3.000000000000000000e+00 6.879999999999999449e-01
0.000000000000000000e+00 6.895999999999999908e-01
2.000000000000000000e+01 6.912000000000000366e-01
0.000000000000000000e+00 6.912000000000000366e-01
2.100000000000000000e+01 6.927999999999999714e-01
1.120000000000000000e+02 6.927999999999999714e-01
0.000000000000000000e+00 6.927999999999999714e-01
0.000000000000000000e+00 6.944000000000000172e-01
3.000000000000000000e+00 6.959999999999999520e-01
2.600000000000000000e+01 6.975999999999999979e-01
0.000000000000000000e+00 6.992000000000000437e-01
1.100000000000000000e+01 7.007999999999999785e-01
5.800000000000000000e+01 7.024000000000000243e-01
5.200000000000000000e+01 7.039999999999999591e-01
8.000000000000000000e+00 7.024000000000000243e-01
4.000000000000000000e+00 7.007999999999999785e-01
9.000000000000000000e+00 7.024000000000000243e-01
0.000000000000000000e+00 7.039999999999999591e-01
1.570000000000000000e+02 7.056000000000000050e-01
4.000000000000000000e+00 7.024000000000000243e-01
2.000000000000000000e+00 7.039999999999999591e-01
2.880000000000000000e+02 7.056000000000000050e-01
1.800000000000000000e+01 7.056000000000000050e-01
0.000000000000000000e+00 7.072000000000000508e-01
4.930000000000000000e+02 7.087999999999999856e-01
0.000000000000000000e+00 6.944000000000000172e-01
1.500000000000000000e+01 6.959999999999999520e-01
0.000000000000000000e+00 6.959999999999999520e-01
8.400000000000000000e+01 6.975999999999999979e-01
3.000000000000000000e+00 6.944000000000000172e-01
1.100000000000000000e+01 6.944000000000000172e-01
4.700000000000000000e+01 6.959999999999999520e-01
3.400000000000000000e+01 6.864000000000000101e-01
8.500000000000000000e+01 6.879999999999999449e-01
0.000000000000000000e+00 6.864000000000000101e-01
1.860000000000000000e+02 6.879999999999999449e-01
2.380000000000000000e+02 6.895999999999999908e-01
0.000000000000000000e+00 6.912000000000000366e-01
1.800000000000000000e+01 6.927999999999999714e-01
0.000000000000000000e+00 6.927999999999999714e-01
0.000000000000000000e+00 6.944000000000000172e-01
0.000000000000000000e+00 6.959999999999999520e-01
1.000000000000000000e+01 6.975999999999999979e-01
0.000000000000000000e+00 6.992000000000000437e-01
1.800000000000000000e+02 7.007999999999999785e-01
3.000000000000000000e+00 7.024000000000000243e-01
1.880000000000000000e+02 7.039999999999999591e-01
0.000000000000000000e+00 6.975999999999999979e-01
1.200000000000000000e+01 6.992000000000000437e-01
2.500000000000000000e+01 6.944000000000000172e-01
8.300000000000000000e+01 6.959999999999999520e-01
6.000000000000000000e+01 6.895999999999999908e-01
1.000000000000000000e+00 6.879999999999999449e-01
1.500000000000000000e+01 6.895999999999999908e-01
4.000000000000000000e+00 6.895999999999999908e-01
2.000000000000000000e+00 6.912000000000000366e-01
1.100000000000000000e+01 6.927999999999999714e-01
3.100000000000000000e+01 6.944000000000000172e-01
1.000000000000000000e+00 6.959999999999999520e-01
0.000000000000000000e+00 6.975999999999999979e-01
0.000000000000000000e+00 6.992000000000000437e-01
0.000000000000000000e+00 7.007999999999999785e-01
0.000000000000000000e+00 7.024000000000000243e-01
0.000000000000000000e+00 7.039999999999999591e-01
1.167000000000000000e+03 7.056000000000000050e-01
1.000000000000000000e+00 6.864000000000000101e-01
9.600000000000000000e+01 6.879999999999999449e-01
1.400000000000000000e+01 6.703999999999999959e-01
2.080000000000000000e+02 6.703999999999999959e-01
3.000000000000000000e+00 6.672000000000000153e-01
2.260000000000000000e+02 6.655999999999999694e-01
0.000000000000000000e+00 6.608000000000000540e-01
4.300000000000000000e+01 6.623999999999999888e-01
1.100000000000000000e+02 6.640000000000000346e-01
0.000000000000000000e+00 6.655999999999999694e-01
3.000000000000000000e+00 6.672000000000000153e-01
0.000000000000000000e+00 6.655999999999999694e-01
1.300000000000000000e+01 6.672000000000000153e-01
0.000000000000000000e+00 6.687999999999999501e-01
2.100000000000000000e+01 6.703999999999999959e-01
4.000000000000000000e+00 6.672000000000000153e-01
0.000000000000000000e+00 6.687999999999999501e-01
0.000000000000000000e+00 6.703999999999999959e-01
8.000000000000000000e+00 6.720000000000000417e-01
0.000000000000000000e+00 6.735999999999999766e-01
4.100000000000000000e+01 6.752000000000000224e-01
1.000000000000000000e+00 6.720000000000000417e-01
1.100000000000000000e+02 6.720000000000000417e-01
0.000000000000000000e+00 6.735999999999999766e-01
5.000000000000000000e+00 6.752000000000000224e-01
2.000000000000000000e+00 6.767999999999999572e-01
1.600000000000000000e+01 6.784000000000000030e-01
2.100000000000000000e+01 6.800000000000000488e-01
0.000000000000000000e+00 6.800000000000000488e-01
1.000000000000000000e+00 6.815999999999999837e-01
3.800000000000000000e+02 6.815999999999999837e-01
2.000000000000000000e+00 6.735999999999999766e-01
0.000000000000000000e+00 6.752000000000000224e-01
1.100000000000000000e+01 6.767999999999999572e-01
9.000000000000000000e+00 6.784000000000000030e-01
2.500000000000000000e+01 6.800000000000000488e-01
5.000000000000000000e+00 6.815999999999999837e-01
0.000000000000000000e+00 6.832000000000000295e-01
1.700000000000000000e+01 6.847999999999999643e-01
5.200000000000000000e+01 6.832000000000000295e-01
2.300000000000000000e+01 6.832000000000000295e-01
0.000000000000000000e+00 6.832000000000000295e-01
1.660000000000000000e+02 6.847999999999999643e-01
0.000000000000000000e+00 6.832000000000000295e-01
0.000000000000000000e+00 6.847999999999999643e-01
1.000000000000000000e+00 6.864000000000000101e-01
0.000000000000000000e+00 6.879999999999999449e-01
9.000000000000000000e+00 6.895999999999999908e-01
4.000000000000000000e+00 6.895999999999999908e-01
1.000000000000000000e+00 6.912000000000000366e-01
4.200000000000000000e+01 6.927999999999999714e-01
0.000000000000000000e+00 6.895999999999999908e-01
1.000000000000000000e+00 6.912000000000000366e-01
0.000000000000000000e+00 6.927999999999999714e-01
0.000000000000000000e+00 6.944000000000000172e-01
0.000000000000000000e+00 6.959999999999999520e-01
2.300000000000000000e+01 6.975999999999999979e-01
5.000000000000000000e+01 6.992000000000000437e-01
0.000000000000000000e+00 6.944000000000000172e-01
2.800000000000000000e+01 6.959999999999999520e-01
3.300000000000000000e+01 6.975999999999999979e-01
0.000000000000000000e+00 6.959999999999999520e-01
5.000000000000000000e+00 6.975999999999999979e-01
8.000000000000000000e+00 6.992000000000000437e-01
1.000000000000000000e+00 7.007999999999999785e-01
1.900000000000000000e+01 7.024000000000000243e-01
0.000000000000000000e+00 7.039999999999999591e-01
0.000000000000000000e+00 7.056000000000000050e-01
3.000000000000000000e+00 7.072000000000000508e-01
0.000000000000000000e+00 7.087999999999999856e-01
4.100000000000000000e+01 7.104000000000000314e-01
4.900000000000000000e+01 7.119999999999999662e-01
0.000000000000000000e+00 7.136000000000000121e-01
0.000000000000000000e+00 7.151999999999999469e-01
1.960000000000000000e+02 7.167999999999999927e-01
2.000000000000000000e+00 7.136000000000000121e-01
0.000000000000000000e+00 7.151999999999999469e-01
2.000000000000000000e+00 7.167999999999999927e-01
0.000000000000000000e+00 7.151999999999999469e-01
4.800000000000000000e+01 7.167999999999999927e-01
1.010000000000000000e+02 7.167999999999999927e-01
6.500000000000000000e+01 7.136000000000000121e-01
3.000000000000000000e+00 7.119999999999999662e-01
0.000000000000000000e+00 7.136000000000000121e-01
0.000000000000000000e+00 7.151999999999999469e-01
0.000000000000000000e+00 7.167999999999999927e-01
5.000000000000000000e+00 7.184000000000000385e-01
2.100000000000000000e+01 7.199999999999999734e-01
0.000000000000000000e+00 7.167999999999999927e-01
1.360000000000000000e+02 7.184000000000000385e-01
7.000000000000000000e+00 7.151999999999999469e-01
6.000000000000000000e+00 7.167999999999999927e-01
0.000000000000000000e+00 7.167999999999999927e-01
6.000000000000000000e+00 7.184000000000000385e-01
1.190000000000000000e+02 7.199999999999999734e-01
0.000000000000000000e+00 7.184000000000000385e-01
2.000000000000000000e+00 7.199999999999999734e-01
1.940000000000000000e+02 7.216000000000000192e-01
2.000000000000000000e+01 7.151999999999999469e-01
1.438000000000000000e+03 7.119999999999999662e-01
0.000000000000000000e+00 6.800000000000000488e-01
6.000000000000000000e+00 6.815999999999999837e-01
3.500000000000000000e+01 6.815999999999999837e-01
1.000000000000000000e+00 6.800000000000000488e-01
2.000000000000000000e+00 6.800000000000000488e-01
1.390000000000000000e+02 6.815999999999999837e-01
0.000000000000000000e+00 6.800000000000000488e-01
6.000000000000000000e+00 6.815999999999999837e-01
8.000000000000000000e+00 6.832000000000000295e-01
1.570000000000000000e+02 6.847999999999999643e-01
3.600000000000000000e+02 6.752000000000000224e-01
2.400000000000000000e+01 6.752000000000000224e-01
0.000000000000000000e+00 6.735999999999999766e-01
8.800000000000000000e+01 6.752000000000000224e-01
0.000000000000000000e+00 6.767999999999999572e-01
0.000000000000000000e+00 6.784000000000000030e-01
2.000000000000000000e+00 6.800000000000000488e-01
1.200000000000000000e+01 6.815999999999999837e-01
0.000000000000000000e+00 6.784000000000000030e-01
0.000000000000000000e+00 6.800000000000000488e-01
1.400000000000000000e+01 6.815999999999999837e-01
6.000000000000000000e+00 6.832000000000000295e-01
2.900000000000000000e+01 6.847999999999999643e-01
8.480000000000000000e+02 6.864000000000000101e-01
5.340000000000000000e+02 6.720000000000000417e-01
9.000000000000000000e+00 6.608000000000000540e-01
2.000000000000000000e+00 6.623999999999999888e-01
3.800000000000000000e+01 6.640000000000000346e-01
1.000000000000000000e+00 6.640000000000000346e-01
2.960000000000000000e+02 6.655999999999999694e-01
3.000000000000000000e+00 6.575999999999999623e-01
4.500000000000000000e+01 6.592000000000000082e-01
1.100000000000000000e+01 6.608000000000000540e-01
7.000000000000000000e+01 6.623999999999999888e-01
3.270000000000000000e+02 6.608000000000000540e-01
0.000000000000000000e+00 6.608000000000000540e-01
1.600000000000000000e+01 6.623999999999999888e-01
0.000000000000000000e+00 6.640000000000000346e-01
2.000000000000000000e+00 6.655999999999999694e-01
2.900000000000000000e+01 6.672000000000000153e-01
6.400000000000000000e+01 6.655999999999999694e-01
1.000000000000000000e+00 6.623999999999999888e-01
0.000000000000000000e+00 6.623999999999999888e-01
1.600000000000000000e+01 6.640000000000000346e-01
0.000000000000000000e+00 6.655999999999999694e-01
0.000000000000000000e+00 6.672000000000000153e-01
1.780000000000000000e+02 6.687999999999999501e-01
1.000000000000000000e+00 6.687999999999999501e-01
1.500000000000000000e+01 6.687999999999999501e-01
1.000000000000000000e+00 6.640000000000000346e-01
2.300000000000000000e+01 6.640000000000000346e-01
0.000000000000000000e+00 6.655999999999999694e-01
0.000000000000000000e+00 6.672000000000000153e-01
0.000000000000000000e+00 6.687999999999999501e-01
1.500000000000000000e+01 6.703999999999999959e-01
3.770000000000000000e+02 6.720000000000000417e-01
0.000000000000000000e+00 6.687999999999999501e-01
0.000000000000000000e+00 6.703999999999999959e-01
3.200000000000000000e+01 6.720000000000000417e-01
0.000000000000000000e+00 6.672000000000000153e-01
1.680000000000000000e+02 6.687999999999999501e-01
4.000000000000000000e+00 6.655999999999999694e-01
3.000000000000000000e+00 6.672000000000000153e-01
4.000000000000000000e+00 6.687999999999999501e-01
9.600000000000000000e+01 6.703999999999999959e-01
0.000000000000000000e+00 6.720000000000000417e-01
6.300000000000000000e+01 6.735999999999999766e-01
0.000000000000000000e+00 6.672000000000000153e-01
0.000000000000000000e+00 6.687999999999999501e-01
3.000000000000000000e+02 6.703999999999999959e-01
2.000000000000000000e+00 6.640000000000000346e-01
7.000000000000000000e+00 6.655999999999999694e-01
0.000000000000000000e+00 6.672000000000000153e-01
1.000000000000000000e+00 6.687999999999999501e-01
0.000000000000000000e+00 6.672000000000000153e-01
2.000000000000000000e+00 6.687999999999999501e-01
5.000000000000000000e+00 6.703999999999999959e-01
0.000000000000000000e+00 6.720000000000000417e-01
1.500000000000000000e+01 6.735999999999999766e-01
1.500000000000000000e+01 6.752000000000000224e-01
0.000000000000000000e+00 6.720000000000000417e-01
2.600000000000000000e+01 6.735999999999999766e-01
1.600000000000000000e+01 6.703999999999999959e-01
7.200000000000000000e+01 6.720000000000000417e-01
8.900000000000000000e+01 6.703999999999999959e-01
0.000000000000000000e+00 6.720000000000000417e-01
2.000000000000000000e+00 6.735999999999999766e-01
6.000000000000000000e+00 6.752000000000000224e-01
1.200000000000000000e+01 6.767999999999999572e-01
1.300000000000000000e+01 6.784000000000000030e-01
0.000000000000000000e+00 6.784000000000000030e-01
0.000000000000000000e+00 6.800000000000000488e-01
0.000000000000000000e+00 6.815999999999999837e-01
0.000000000000000000e+00 6.832000000000000295e-01
1.390000000000000000e+02 6.847999999999999643e-01
6.000000000000000000e+01 6.832000000000000295e-01
9.000000000000000000e+00 6.784000000000000030e-01
1.800000000000000000e+01 6.800000000000000488e-01
5.400000000000000000e+01 6.815999999999999837e-01
3.000000000000000000e+00 6.815999999999999837e-01
8.000000000000000000e+00 6.832000000000000295e-01
4.400000000000000000e+01 6.832000000000000295e-01
4.000000000000000000e+00 6.800000000000000488e-01
5.000000000000000000e+00 6.815999999999999837e-01
1.500000000000000000e+01 6.832000000000000295e-01
2.000000000000000000e+00 6.847999999999999643e-01
9.230000000000000000e+02 6.847999999999999643e-01
2.000000000000000000e+00 6.720000000000000417e-01
7.000000000000000000e+00 6.735999999999999766e-01
0.000000000000000000e+00 6.703999999999999959e-01
1.200000000000000000e+01 6.720000000000000417e-01
0.000000000000000000e+00 6.655999999999999694e-01
0.000000000000000000e+00 6.672000000000000153e-01
0.000000000000000000e+00 6.687999999999999501e-01
0.000000000000000000e+00 6.703999999999999959e-01
3.300000000000000000e+01 6.720000000000000417e-01
1.000000000000000000e+00 6.735999999999999766e-01
2.000000000000000000e+00 6.735999999999999766e-01
1.000000000000000000e+00 6.752000000000000224e-01
8.000000000000000000e+00 6.767999999999999572e-01
1.800000000000000000e+01 6.784000000000000030e-01
4.000000000000000000e+00 6.800000000000000488e-01
0.000000000000000000e+00 6.815999999999999837e-01
0.000000000000000000e+00 6.832000000000000295e-01
5.400000000000000000e+01 6.847999999999999643e-01
2.770000000000000000e+02 6.815999999999999837e-01
1.200000000000000000e+01 6.815999999999999837e-01
0.000000000000000000e+00 6.832000000000000295e-01
1.000000000000000000e+01 6.847999999999999643e-01
7.300000000000000000e+01 6.847999999999999643e-01
0.000000000000000000e+00 6.864000000000000101e-01
7.000000000000000000e+00 6.879999999999999449e-01
0.000000000000000000e+00 6.895999999999999908e-01
1.000000000000000000e+00 6.912000000000000366e-01
0.000000000000000000e+00 6.927999999999999714e-01
1.300000000000000000e+01 6.944000000000000172e-01
3.000000000000000000e+00 6.927999999999999714e-01
8.000000000000000000e+00 6.927999999999999714e-01
0.000000000000000000e+00 6.944000000000000172e-01
0.000000000000000000e+00 6.959999999999999520e-01
3.000000000000000000e+01 6.975999999999999979e-01
0.000000000000000000e+00 6.927999999999999714e-01
4.460000000000000000e+02 6.944000000000000172e-01
2.000000000000000000e+00 6.944000000000000172e-01
1.000000000000000000e+01 6.959999999999999520e-01
1.060000000000000000e+02 6.944000000000000172e-01
1.480000000000000000e+02 6.944000000000000172e-01
6.000000000000000000e+01 6.864000000000000101e-01
1.000000000000000000e+01 6.703999999999999959e-01
1.000000000000000000e+00 6.655999999999999694e-01
0.000000000000000000e+00 6.672000000000000153e-01
0.000000000000000000e+00 6.687999999999999501e-01
0.000000000000000000e+00 6.703999999999999959e-01
2.000000000000000000e+00 6.720000000000000417e-01
0.000000000000000000e+00 6.735999999999999766e-01
1.290000000000000000e+02 6.752000000000000224e-01
7.000000000000000000e+00 6.767999999999999572e-01
1.200000000000000000e+01 6.784000000000000030e-01
1.000000000000000000e+00 6.767999999999999572e-01
0.000000000000000000e+00 6.784000000000000030e-01
0.000000000000000000e+00 6.800000000000000488e-01
0.000000000000000000e+00 6.815999999999999837e-01
8.800000000000000000e+01 6.832000000000000295e-01
1.000000000000000000e+00 6.815999999999999837e-01
0.000000000000000000e+00 6.832000000000000295e-01
1.000000000000000000e+00 6.847999999999999643e-01
0.000000000000000000e+00 6.864000000000000101e-01
7.900000000000000000e+02 6.879999999999999449e-01
4.000000000000000000e+00 6.832000000000000295e-01
2.090000000000000000e+02 6.847999999999999643e-01
1.000000000000000000e+00 6.864000000000000101e-01
0.000000000000000000e+00 6.879999999999999449e-01
2.300000000000000000e+01 6.895999999999999908e-01
1.080000000000000000e+02 6.912000000000000366e-01
2.700000000000000000e+01 6.927999999999999714e-01
2.000000000000000000e+00 6.927999999999999714e-01
8.000000000000000000e+00 6.944000000000000172e-01
6.000000000000000000e+00 6.944000000000000172e-01
0.000000000000000000e+00 6.959999999999999520e-01
1.100000000000000000e+01 6.975999999999999979e-01
1.890000000000000000e+02 6.992000000000000437e-01
0.000000000000000000e+00 7.007999999999999785e-01
7.000000000000000000e+00 7.024000000000000243e-01
8.000000000000000000e+01 7.039999999999999591e-01
1.040000000000000000e+02 6.975999999999999979e-01
1.000000000000000000e+00 6.927999999999999714e-01
1.800000000000000000e+01 6.944000000000000172e-01
6.200000000000000000e+01 6.959999999999999520e-01
0.000000000000000000e+00 6.975999999999999979e-01
5.700000000000000000e+01 6.992000000000000437e-01
6.400000000000000000e+01 7.007999999999999785e-01
9.000000000000000000e+00 6.959999999999999520e-01
4.000000000000000000e+00 6.959999999999999520e-01
1.700000000000000000e+01 6.975999999999999979e-01
5.650000000000000000e+02 6.992000000000000437e-01
2.000000000000000000e+00 6.864000000000000101e-01
0.000000000000000000e+00 6.879999999999999449e-01
6.300000000000000000e+01 6.895999999999999908e-01
1.100000000000000000e+01 6.864000000000000101e-01
2.000000000000000000e+00 6.879999999999999449e-01
1.000000000000000000e+00 6.895999999999999908e-01
1.350000000000000000e+02 6.912000000000000366e-01
7.100000000000000000e+01 6.895999999999999908e-01
0.000000000000000000e+00 6.912000000000000366e-01
2.000000000000000000e+01 6.927999999999999714e-01
7.400000000000000000e+01 6.944000000000000172e-01
1.200000000000000000e+01 6.959999999999999520e-01
1.000000000000000000e+00 6.975999999999999979e-01
0.000000000000000000e+00 6.992000000000000437e-01
8.800000000000000000e+01 7.007999999999999785e-01
2.200000000000000000e+01 6.992000000000000437e-01
5.000000000000000000e+00 6.975999999999999979e-01
0.000000000000000000e+00 6.975999999999999979e-01
8.000000000000000000e+00 6.992000000000000437e-01
0.000000000000000000e+00 7.007999999999999785e-01
8.170000000000000000e+02 7.024000000000000243e-01
0.000000000000000000e+00 6.944000000000000172e-01
0.000000000000000000e+00 6.959999999999999520e-01
0.000000000000000000e+00 6.975999999999999979e-01
0.000000000000000000e+00 6.992000000000000437e-01
6.890000000000000000e+02 7.007999999999999785e-01
2.000000000000000000e+00 6.800000000000000488e-01
6.000000000000000000e+00 6.815999999999999837e-01
0.000000000000000000e+00 6.800000000000000488e-01
5.400000000000000000e+01 6.815999999999999837e-01
1.900000000000000000e+01 6.832000000000000295e-01
7.000000000000000000e+00 6.832000000000000295e-01
7.800000000000000000e+01 6.832000000000000295e-01
3.200000000000000000e+01 6.847999999999999643e-01
9.000000000000000000e+01 6.864000000000000101e-01
1.300000000000000000e+01 6.864000000000000101e-01
1.000000000000000000e+00 6.879999999999999449e-01
0.000000000000000000e+00 6.864000000000000101e-01
0.000000000000000000e+00 6.879999999999999449e-01
2.000000000000000000e+00 6.895999999999999908e-01
1.000000000000000000e+01 6.912000000000000366e-01
4.000000000000000000e+00 6.927999999999999714e-01
1.000000000000000000e+00 6.944000000000000172e-01
5.000000000000000000e+00 6.959999999999999520e-01
0.000000000000000000e+00 6.975999999999999979e-01
1.000000000000000000e+00 6.992000000000000437e-01
3.000000000000000000e+00 6.992000000000000437e-01
1.500000000000000000e+01 6.975999999999999979e-01
7.770000000000000000e+02 6.992000000000000437e-01
1.300000000000000000e+01 6.895999999999999908e-01
3.940000000000000000e+02 6.912000000000000366e-01
8.100000000000000000e+01 6.784000000000000030e-01
0.000000000000000000e+00 6.767999999999999572e-01
3.000000000000000000e+00 6.784000000000000030e-01
0.000000000000000000e+00 6.800000000000000488e-01
1.260000000000000000e+02 6.815999999999999837e-01
5.630000000000000000e+02 6.735999999999999766e-01
0.000000000000000000e+00 6.752000000000000224e-01
3.300000000000000000e+01 6.767999999999999572e-01
0.000000000000000000e+00 6.784000000000000030e-01
7.000000000000000000e+00 6.800000000000000488e-01
4.300000000000000000e+01 6.815999999999999837e-01
3.040000000000000000e+02 6.815999999999999837e-01
1.580000000000000000e+02 6.767999999999999572e-01
2.000000000000000000e+00 6.720000000000000417e-01
9.400000000000000000e+01 6.735999999999999766e-01
1.600000000000000000e+01 6.752000000000000224e-01
0.000000000000000000e+00 6.767999999999999572e-01
9.000000000000000000e+01 6.784000000000000030e-01
2.000000000000000000e+00 6.703999999999999959e-01
1.700000000000000000e+01 6.720000000000000417e-01
2.500000000000000000e+01 6.735999999999999766e-01
9.900000000000000000e+01 6.703999999999999959e-01
6.000000000000000000e+00 6.640000000000000346e-01
