8.000000000000000000e+00 5.315999999999999615e-01
0.000000000000000000e+00 4.899999999999999911e-01
0.000000000000000000e+00 4.904000000000000026e-01
0.000000000000000000e+00 4.908000000000000140e-01
0.000000000000000000e+00 4.912000000000000255e-01
0.000000000000000000e+00 4.915999999999999814e-01
0.000000000000000000e+00 4.919999999999999929e-01
7.000000000000000000e+00 4.924000000000000044e-01
2.000000000000000000e+00 4.928000000000000158e-01
4.000000000000000000e+00 4.932000000000000273e-01
0.000000000000000000e+00 4.935999999999999832e-01
1.000000000000000000e+00 4.939999999999999947e-01
3.100000000000000000e+01 4.944000000000000061e-01
2.000000000000000000e+00 4.948000000000000176e-01
8.000000000000000000e+00 4.951999999999999735e-01
0.000000000000000000e+00 4.955999999999999850e-01
2.000000000000000000e+00 4.959999999999999964e-01
1.060000000000000000e+02 4.964000000000000079e-01
8.000000000000000000e+00 4.968000000000000194e-01
2.000000000000000000e+00 4.968000000000000194e-01
1.000000000000000000e+00 4.971999999999999753e-01
3.000000000000000000e+00 4.975999999999999868e-01
0.000000000000000000e+00 4.979999999999999982e-01
5.000000000000000000e+00 4.984000000000000097e-01
3.200000000000000000e+01 4.988000000000000211e-01
0.000000000000000000e+00 4.991999999999999771e-01
0.000000000000000000e+00 4.995999999999999885e-01
0.000000000000000000e+00 5.000000000000000000e-01
0.000000000000000000e+00 5.003999999999999559e-01
0.000000000000000000e+00 5.008000000000000229e-01
0.000000000000000000e+00 5.011999999999999789e-01
2.000000000000000000e+00 5.016000000000000458e-01
1.000000000000000000e+00 5.020000000000000018e-01
0.000000000000000000e+00 5.023999999999999577e-01
0.000000000000000000e+00 5.028000000000000247e-01
0.000000000000000000e+00 5.031999999999999806e-01
0.000000000000000000e+00 5.036000000000000476e-01
0.000000000000000000e+00 5.040000000000000036e-01
7.000000000000000000e+00 5.043999999999999595e-01
0.000000000000000000e+00 5.048000000000000265e-01
2.200000000000000000e+01 5.051999999999999824e-01
0.000000000000000000e+00 5.056000000000000494e-01
0.000000000000000000e+00 5.060000000000000053e-01
0.000000000000000000e+00 5.063999999999999613e-01
0.000000000000000000e+00 5.068000000000000282e-01
0.000000000000000000e+00 5.071999999999999842e-01
2.000000000000000000e+00 5.076000000000000512e-01
0.000000000000000000e+00 5.080000000000000071e-01
0.000000000000000000e+00 5.083999999999999631e-01
1.240000000000000000e+02 5.088000000000000300e-01
0.000000000000000000e+00 5.091999999999999860e-01
0.000000000000000000e+00 5.096000000000000529e-01
1.300000000000000000e+01 5.100000000000000089e-01
0.000000000000000000e+00 5.103999999999999648e-01
1.500000000000000000e+01 5.108000000000000318e-01
0.000000000000000000e+00 5.111999999999999877e-01
3.400000000000000000e+01 5.116000000000000547e-01
1.200000000000000000e+01 5.116000000000000547e-01
0.000000000000000000e+00 5.120000000000000107e-01
0.000000000000000000e+00 5.123999999999999666e-01
0.000000000000000000e+00 5.128000000000000336e-01
1.000000000000000000e+00 5.131999999999999895e-01
8.000000000000000000e+00 5.135999999999999455e-01
3.000000000000000000e+00 5.140000000000000124e-01
6.000000000000000000e+00 5.143999999999999684e-01
1.800000000000000000e+01 5.148000000000000353e-01
0.000000000000000000e+00 5.151999999999999913e-01
0.000000000000000000e+00 5.155999999999999472e-01
9.000000000000000000e+00 5.160000000000000142e-01
1.000000000000000000e+00 5.155999999999999472e-01
2.000000000000000000e+00 5.160000000000000142e-01
0.000000000000000000e+00 5.163999999999999702e-01
0.000000000000000000e+00 5.168000000000000371e-01
1.000000000000000000e+00 5.171999999999999931e-01
2.600000000000000000e+01 5.175999999999999490e-01
1.700000000000000000e+01 5.180000000000000160e-01
2.000000000000000000e+01 5.183999999999999719e-01
0.000000000000000000e+00 5.188000000000000389e-01
0.000000000000000000e+00 5.191999999999999948e-01
0.000000000000000000e+00 5.195999999999999508e-01
0.000000000000000000e+00 5.200000000000000178e-01
6.000000000000000000e+00 5.203999999999999737e-01
2.000000000000000000e+00 5.208000000000000407e-01
0.000000000000000000e+00 5.211999999999999966e-01
3.000000000000000000e+00 5.215999999999999526e-01
0.000000000000000000e+00 5.220000000000000195e-01
2.400000000000000000e+01 5.223999999999999755e-01
4.000000000000000000e+00 5.228000000000000425e-01
7.900000000000000000e+01 5.231999999999999984e-01
0.000000000000000000e+00 5.228000000000000425e-01
0.000000000000000000e+00 5.231999999999999984e-01
1.200000000000000000e+01 5.235999999999999543e-01
0.000000000000000000e+00 5.240000000000000213e-01
0.000000000000000000e+00 5.243999999999999773e-01
1.000000000000000000e+00 5.248000000000000442e-01
3.300000000000000000e+01 5.252000000000000002e-01
0.000000000000000000e+00 5.255999999999999561e-01
0.000000000000000000e+00 5.260000000000000231e-01
3.000000000000000000e+00 5.263999999999999790e-01
2.000000000000000000e+00 5.268000000000000460e-01
1.100000000000000000e+01 5.272000000000000020e-01
0.000000000000000000e+00 5.275999999999999579e-01
1.000000000000000000e+00 5.280000000000000249e-01
0.000000000000000000e+00 5.283999999999999808e-01
0.000000000000000000e+00 5.288000000000000478e-01
0.000000000000000000e+00 5.292000000000000037e-01
0.000000000000000000e+00 5.295999999999999597e-01
0.000000000000000000e+00 5.300000000000000266e-01
2.400000000000000000e+01 5.303999999999999826e-01
3.000000000000000000e+00 5.308000000000000496e-01
0.000000000000000000e+00 5.308000000000000496e-01
1.000000000000000000e+00 5.312000000000000055e-01
0.000000000000000000e+00 5.312000000000000055e-01
2.000000000000000000e+00 5.315999999999999615e-01
0.000000000000000000e+00 5.320000000000000284e-01
3.000000000000000000e+00 5.323999999999999844e-01
0.000000000000000000e+00 5.328000000000000513e-01
0.000000000000000000e+00 5.332000000000000073e-01
0.000000000000000000e+00 5.335999999999999632e-01
2.000000000000000000e+00 5.340000000000000302e-01
1.000000000000000000e+00 5.343999999999999861e-01
0.000000000000000000e+00 5.348000000000000531e-01
2.000000000000000000e+00 5.352000000000000091e-01
0.000000000000000000e+00 5.355999999999999650e-01
0.000000000000000000e+00 5.360000000000000320e-01
5.000000000000000000e+00 5.363999999999999879e-01
0.000000000000000000e+00 5.368000000000000549e-01
1.000000000000000000e+00 5.372000000000000108e-01
0.000000000000000000e+00 5.375999999999999668e-01
3.000000000000000000e+00 5.380000000000000338e-01
9.000000000000000000e+00 5.383999999999999897e-01
0.000000000000000000e+00 5.387999999999999456e-01
0.000000000000000000e+00 5.392000000000000126e-01
3.800000000000000000e+01 5.395999999999999686e-01
0.000000000000000000e+00 5.400000000000000355e-01
5.000000000000000000e+00 5.403999999999999915e-01
1.000000000000000000e+00 5.407999999999999474e-01
0.000000000000000000e+00 5.412000000000000144e-01
0.000000000000000000e+00 5.415999999999999703e-01
1.500000000000000000e+01 5.420000000000000373e-01
0.000000000000000000e+00 5.423999999999999932e-01
1.000000000000000000e+00 5.427999999999999492e-01
1.000000000000000000e+00 5.432000000000000162e-01
0.000000000000000000e+00 5.435999999999999721e-01
9.000000000000000000e+00 5.440000000000000391e-01
1.400000000000000000e+01 5.443999999999999950e-01
0.000000000000000000e+00 5.447999999999999510e-01
1.000000000000000000e+01 5.452000000000000179e-01
0.000000000000000000e+00 5.440000000000000391e-01
1.000000000000000000e+00 5.443999999999999950e-01
0.000000000000000000e+00 5.447999999999999510e-01
0.000000000000000000e+00 5.452000000000000179e-01
8.000000000000000000e+00 5.455999999999999739e-01
0.000000000000000000e+00 5.460000000000000409e-01
4.000000000000000000e+00 5.463999999999999968e-01
5.000000000000000000e+00 5.467999999999999527e-01
3.000000000000000000e+00 5.472000000000000197e-01
3.000000000000000000e+00 5.475999999999999757e-01
0.000000000000000000e+00 5.480000000000000426e-01
1.000000000000000000e+00 5.483999999999999986e-01
2.000000000000000000e+00 5.487999999999999545e-01
0.000000000000000000e+00 5.492000000000000215e-01
0.000000000000000000e+00 5.495999999999999774e-01
8.000000000000000000e+00 5.500000000000000444e-01
6.000000000000000000e+00 5.504000000000000004e-01
1.530000000000000000e+02 5.507999999999999563e-01
5.000000000000000000e+00 5.512000000000000233e-01
2.000000000000000000e+00 5.515999999999999792e-01
0.000000000000000000e+00 5.520000000000000462e-01
1.000000000000000000e+00 5.524000000000000021e-01
3.000000000000000000e+00 5.527999999999999581e-01
2.000000000000000000e+00 5.532000000000000250e-01
2.400000000000000000e+01 5.535999999999999810e-01
0.000000000000000000e+00 5.532000000000000250e-01
2.000000000000000000e+00 5.535999999999999810e-01
1.000000000000000000e+00 5.535999999999999810e-01
0.000000000000000000e+00 5.540000000000000480e-01
0.000000000000000000e+00 5.544000000000000039e-01
1.000000000000000000e+00 5.547999999999999599e-01
0.000000000000000000e+00 5.544000000000000039e-01
5.000000000000000000e+00 5.547999999999999599e-01
0.000000000000000000e+00 5.552000000000000268e-01
0.000000000000000000e+00 5.555999999999999828e-01
1.000000000000000000e+00 5.560000000000000497e-01
4.000000000000000000e+00 5.555999999999999828e-01
0.000000000000000000e+00 5.560000000000000497e-01
1.200000000000000000e+01 5.564000000000000057e-01
0.000000000000000000e+00 5.567999999999999616e-01
1.800000000000000000e+01 5.572000000000000286e-01
0.000000000000000000e+00 5.575999999999999845e-01
5.900000000000000000e+01 5.580000000000000515e-01
1.500000000000000000e+01 5.584000000000000075e-01
0.000000000000000000e+00 5.587999999999999634e-01
1.000000000000000000e+00 5.592000000000000304e-01
1.000000000000000000e+01 5.595999999999999863e-01
0.000000000000000000e+00 5.600000000000000533e-01
2.000000000000000000e+00 5.604000000000000092e-01
4.300000000000000000e+01 5.607999999999999652e-01
0.000000000000000000e+00 5.612000000000000322e-01
0.000000000000000000e+00 5.615999999999999881e-01
9.900000000000000000e+01 5.620000000000000551e-01
6.000000000000000000e+00 5.624000000000000110e-01
0.000000000000000000e+00 5.627999999999999670e-01
1.500000000000000000e+01 5.632000000000000339e-01
7.000000000000000000e+00 5.635999999999999899e-01
0.000000000000000000e+00 5.635999999999999899e-01
7.000000000000000000e+00 5.639999999999999458e-01
1.000000000000000000e+00 5.644000000000000128e-01
1.000000000000000000e+00 5.647999999999999687e-01
0.000000000000000000e+00 5.652000000000000357e-01
1.200000000000000000e+01 5.655999999999999917e-01
0.000000000000000000e+00 5.659999999999999476e-01
2.000000000000000000e+00 5.664000000000000146e-01
8.000000000000000000e+00 5.667999999999999705e-01
1.400000000000000000e+01 5.672000000000000375e-01
0.000000000000000000e+00 5.675999999999999934e-01
0.000000000000000000e+00 5.679999999999999494e-01
3.900000000000000000e+01 5.684000000000000163e-01
1.400000000000000000e+01 5.684000000000000163e-01
0.000000000000000000e+00 5.684000000000000163e-01
2.000000000000000000e+00 5.687999999999999723e-01
1.100000000000000000e+01 5.692000000000000393e-01
3.000000000000000000e+00 5.695999999999999952e-01
0.000000000000000000e+00 5.692000000000000393e-01
0.000000000000000000e+00 5.695999999999999952e-01
0.000000000000000000e+00 5.699999999999999512e-01
4.000000000000000000e+00 5.704000000000000181e-01
1.400000000000000000e+01 5.699999999999999512e-01
1.200000000000000000e+01 5.704000000000000181e-01
3.000000000000000000e+00 5.707999999999999741e-01
4.000000000000000000e+00 5.712000000000000410e-01
1.900000000000000000e+01 5.715999999999999970e-01
1.100000000000000000e+01 5.719999999999999529e-01
2.000000000000000000e+00 5.724000000000000199e-01
0.000000000000000000e+00 5.724000000000000199e-01
8.000000000000000000e+00 5.727999999999999758e-01
0.000000000000000000e+00 5.732000000000000428e-01
4.000000000000000000e+00 5.735999999999999988e-01
2.000000000000000000e+00 5.739999999999999547e-01
0.000000000000000000e+00 5.744000000000000217e-01
0.000000000000000000e+00 5.747999999999999776e-01
3.000000000000000000e+00 5.752000000000000446e-01
0.000000000000000000e+00 5.756000000000000005e-01
0.000000000000000000e+00 5.759999999999999565e-01
0.000000000000000000e+00 5.764000000000000234e-01
3.000000000000000000e+00 5.767999999999999794e-01
0.000000000000000000e+00 5.772000000000000464e-01
4.000000000000000000e+00 5.776000000000000023e-01
0.000000000000000000e+00 5.779999999999999583e-01
0.000000000000000000e+00 5.784000000000000252e-01
0.000000000000000000e+00 5.787999999999999812e-01
7.200000000000000000e+01 5.792000000000000481e-01
0.000000000000000000e+00 5.796000000000000041e-01
0.000000000000000000e+00 5.799999999999999600e-01
2.000000000000000000e+00 5.804000000000000270e-01
0.000000000000000000e+00 5.807999999999999829e-01
7.000000000000000000e+00 5.812000000000000499e-01
0.000000000000000000e+00 5.816000000000000059e-01
2.000000000000000000e+00 5.819999999999999618e-01
0.000000000000000000e+00 5.819999999999999618e-01
0.000000000000000000e+00 5.824000000000000288e-01
0.000000000000000000e+00 5.827999999999999847e-01
0.000000000000000000e+00 5.832000000000000517e-01
0.000000000000000000e+00 5.836000000000000076e-01
0.000000000000000000e+00 5.839999999999999636e-01
1.500000000000000000e+01 5.844000000000000306e-01
2.700000000000000000e+01 5.847999999999999865e-01
0.000000000000000000e+00 5.852000000000000535e-01
0.000000000000000000e+00 5.856000000000000094e-01
1.000000000000000000e+00 5.859999999999999654e-01
1.900000000000000000e+01 5.864000000000000323e-01
0.000000000000000000e+00 5.867999999999999883e-01
0.000000000000000000e+00 5.872000000000000552e-01
7.000000000000000000e+00 5.876000000000000112e-01
1.000000000000000000e+00 5.879999999999999671e-01
2.200000000000000000e+01 5.884000000000000341e-01
1.400000000000000000e+01 5.887999999999999901e-01
3.000000000000000000e+00 5.891999999999999460e-01
2.000000000000000000e+00 5.896000000000000130e-01
2.400000000000000000e+02 5.899999999999999689e-01
0.000000000000000000e+00 5.904000000000000359e-01
1.900000000000000000e+01 5.907999999999999918e-01
1.200000000000000000e+01 5.911999999999999478e-01
0.000000000000000000e+00 5.916000000000000147e-01
1.000000000000000000e+00 5.919999999999999707e-01
1.000000000000000000e+00 5.924000000000000377e-01
1.000000000000000000e+00 5.927999999999999936e-01
8.000000000000000000e+00 5.931999999999999496e-01
1.000000000000000000e+01 5.936000000000000165e-01
2.200000000000000000e+01 5.939999999999999725e-01
2.000000000000000000e+00 5.944000000000000394e-01
1.000000000000000000e+00 5.947999999999999954e-01
1.000000000000000000e+00 5.951999999999999513e-01
0.000000000000000000e+00 5.956000000000000183e-01
1.000000000000000000e+00 5.959999999999999742e-01
1.000000000000000000e+01 5.964000000000000412e-01
2.000000000000000000e+00 5.967999999999999972e-01
2.700000000000000000e+01 5.964000000000000412e-01
0.000000000000000000e+00 5.951999999999999513e-01
0.000000000000000000e+00 5.956000000000000183e-01
9.000000000000000000e+00 5.959999999999999742e-01
6.000000000000000000e+01 5.964000000000000412e-01
1.000000000000000000e+01 5.967999999999999972e-01
0.000000000000000000e+00 5.971999999999999531e-01
0.000000000000000000e+00 5.976000000000000201e-01
0.000000000000000000e+00 5.979999999999999760e-01
6.000000000000000000e+00 5.984000000000000430e-01
0.000000000000000000e+00 5.987999999999999989e-01
0.000000000000000000e+00 5.991999999999999549e-01
2.000000000000000000e+00 5.996000000000000218e-01
1.000000000000000000e+00 5.999999999999999778e-01
1.000000000000000000e+01 6.004000000000000448e-01
1.170000000000000000e+02 6.008000000000000007e-01
1.000000000000000000e+00 5.991999999999999549e-01
0.000000000000000000e+00 5.996000000000000218e-01
0.000000000000000000e+00 5.999999999999999778e-01
1.200000000000000000e+01 6.004000000000000448e-01
1.000000000000000000e+00 6.008000000000000007e-01
4.000000000000000000e+00 6.011999999999999567e-01
0.000000000000000000e+00 6.016000000000000236e-01
1.000000000000000000e+00 6.019999999999999796e-01
1.000000000000000000e+00 6.024000000000000465e-01
8.000000000000000000e+00 6.028000000000000025e-01
1.000000000000000000e+01 6.031999999999999584e-01
7.000000000000000000e+00 6.036000000000000254e-01
0.000000000000000000e+00 6.039999999999999813e-01
0.000000000000000000e+00 6.044000000000000483e-01
1.000000000000000000e+00 6.048000000000000043e-01
0.000000000000000000e+00 6.051999999999999602e-01
1.000000000000000000e+00 6.056000000000000272e-01
9.000000000000000000e+00 6.059999999999999831e-01
0.000000000000000000e+00 6.064000000000000501e-01
1.820000000000000000e+02 6.068000000000000060e-01
4.000000000000000000e+00 6.071999999999999620e-01
6.000000000000000000e+00 6.071999999999999620e-01
4.800000000000000000e+01 6.076000000000000290e-01
3.000000000000000000e+00 6.079999999999999849e-01
0.000000000000000000e+00 6.084000000000000519e-01
0.000000000000000000e+00 6.088000000000000078e-01
7.000000000000000000e+00 6.091999999999999638e-01
0.000000000000000000e+00 6.096000000000000307e-01
0.000000000000000000e+00 6.099999999999999867e-01
0.000000000000000000e+00 6.104000000000000536e-01
0.000000000000000000e+00 6.108000000000000096e-01
0.000000000000000000e+00 6.111999999999999655e-01
3.000000000000000000e+00 6.116000000000000325e-01
1.000000000000000000e+00 6.119999999999999885e-01
0.000000000000000000e+00 6.124000000000000554e-01
0.000000000000000000e+00 6.128000000000000114e-01
3.300000000000000000e+01 6.131999999999999673e-01
1.500000000000000000e+01 6.124000000000000554e-01
4.900000000000000000e+01 6.128000000000000114e-01
8.000000000000000000e+00 6.131999999999999673e-01
0.000000000000000000e+00 6.136000000000000343e-01
0.000000000000000000e+00 6.139999999999999902e-01
0.000000000000000000e+00 6.143999999999999462e-01
3.000000000000000000e+00 6.148000000000000131e-01
0.000000000000000000e+00 6.151999999999999691e-01
2.000000000000000000e+00 6.156000000000000361e-01
0.000000000000000000e+00 6.159999999999999920e-01
0.000000000000000000e+00 6.163999999999999480e-01
4.000000000000000000e+00 6.168000000000000149e-01
0.000000000000000000e+00 6.171999999999999709e-01
0.000000000000000000e+00 6.176000000000000378e-01
0.000000000000000000e+00 6.179999999999999938e-01
0.000000000000000000e+00 6.183999999999999497e-01
2.000000000000000000e+00 6.188000000000000167e-01
1.040000000000000000e+02 6.191999999999999726e-01
1.000000000000000000e+00 6.196000000000000396e-01
2.200000000000000000e+01 6.199999999999999956e-01
8.000000000000000000e+00 6.203999999999999515e-01
1.000000000000000000e+00 6.208000000000000185e-01
0.000000000000000000e+00 6.211999999999999744e-01
0.000000000000000000e+00 6.216000000000000414e-01
5.000000000000000000e+00 6.219999999999999973e-01
0.000000000000000000e+00 6.223999999999999533e-01
1.000000000000000000e+00 6.228000000000000203e-01
1.740000000000000000e+02 6.228000000000000203e-01
2.000000000000000000e+00 6.231999999999999762e-01
5.700000000000000000e+01 6.236000000000000432e-01
0.000000000000000000e+00 6.239999999999999991e-01
4.000000000000000000e+00 6.243999999999999551e-01
3.000000000000000000e+00 6.239999999999999991e-01
2.700000000000000000e+01 6.243999999999999551e-01
0.000000000000000000e+00 6.248000000000000220e-01
0.000000000000000000e+00 6.251999999999999780e-01
0.000000000000000000e+00 6.256000000000000449e-01
2.150000000000000000e+02 6.260000000000000009e-01
3.900000000000000000e+01 6.263999999999999568e-01
0.000000000000000000e+00 6.268000000000000238e-01
0.000000000000000000e+00 6.271999999999999797e-01
4.000000000000000000e+01 6.276000000000000467e-01
0.000000000000000000e+00 6.280000000000000027e-01
1.000000000000000000e+00 6.283999999999999586e-01
0.000000000000000000e+00 6.283999999999999586e-01
0.000000000000000000e+00 6.288000000000000256e-01
1.900000000000000000e+01 6.291999999999999815e-01
0.000000000000000000e+00 6.296000000000000485e-01
1.600000000000000000e+01 6.300000000000000044e-01
0.000000000000000000e+00 6.303999999999999604e-01
0.000000000000000000e+00 6.308000000000000274e-01
0.000000000000000000e+00 6.311999999999999833e-01
5.000000000000000000e+00 6.316000000000000503e-01
0.000000000000000000e+00 6.320000000000000062e-01
9.000000000000000000e+00 6.323999999999999622e-01
0.000000000000000000e+00 6.328000000000000291e-01
0.000000000000000000e+00 6.331999999999999851e-01
0.000000000000000000e+00 6.336000000000000520e-01
0.000000000000000000e+00 6.340000000000000080e-01
4.200000000000000000e+01 6.343999999999999639e-01
4.000000000000000000e+00 6.348000000000000309e-01
5.000000000000000000e+00 6.343999999999999639e-01
0.000000000000000000e+00 6.336000000000000520e-01
3.000000000000000000e+00 6.340000000000000080e-01
6.300000000000000000e+01 6.343999999999999639e-01
6.000000000000000000e+00 6.348000000000000309e-01
1.900000000000000000e+01 6.348000000000000309e-01
0.000000000000000000e+00 6.351999999999999869e-01
1.000000000000000000e+01 6.356000000000000538e-01
2.900000000000000000e+01 6.360000000000000098e-01
1.100000000000000000e+01 6.363999999999999657e-01
5.000000000000000000e+00 6.368000000000000327e-01
2.000000000000000000e+00 6.371999999999999886e-01
0.000000000000000000e+00 6.368000000000000327e-01
6.800000000000000000e+01 6.371999999999999886e-01
2.000000000000000000e+00 6.375999999999999446e-01
0.000000000000000000e+00 6.380000000000000115e-01
2.500000000000000000e+01 6.383999999999999675e-01
2.000000000000000000e+00 6.388000000000000345e-01
4.910000000000000000e+02 6.391999999999999904e-01
5.700000000000000000e+01 6.395999999999999464e-01
2.000000000000000000e+00 6.395999999999999464e-01
6.290000000000000000e+02 6.400000000000000133e-01
0.000000000000000000e+00 6.403999999999999693e-01
0.000000000000000000e+00 6.408000000000000362e-01
0.000000000000000000e+00 6.411999999999999922e-01
2.000000000000000000e+00 6.415999999999999481e-01
2.000000000000000000e+00 6.415999999999999481e-01
0.000000000000000000e+00 6.420000000000000151e-01
2.000000000000000000e+00 6.423999999999999710e-01
0.000000000000000000e+00 6.428000000000000380e-01
0.000000000000000000e+00 6.431999999999999940e-01
6.730000000000000000e+02 6.435999999999999499e-01
2.000000000000000000e+00 6.440000000000000169e-01
0.000000000000000000e+00 6.435999999999999499e-01
0.000000000000000000e+00 6.440000000000000169e-01
3.000000000000000000e+00 6.443999999999999728e-01
1.900000000000000000e+01 6.443999999999999728e-01
3.500000000000000000e+01 6.448000000000000398e-01
0.000000000000000000e+00 6.451999999999999957e-01
4.240000000000000000e+02 6.455999999999999517e-01
4.010000000000000000e+02 6.443999999999999728e-01
0.000000000000000000e+00 6.448000000000000398e-01
1.740000000000000000e+02 6.451999999999999957e-01
0.000000000000000000e+00 6.455999999999999517e-01
0.000000000000000000e+00 6.460000000000000187e-01
9.000000000000000000e+00 6.463999999999999746e-01
0.000000000000000000e+00 6.468000000000000416e-01
3.600000000000000000e+01 6.471999999999999975e-01
0.000000000000000000e+00 6.471999999999999975e-01
0.000000000000000000e+00 6.475999999999999535e-01
0.000000000000000000e+00 6.480000000000000204e-01
0.000000000000000000e+00 6.483999999999999764e-01
6.000000000000000000e+01 6.488000000000000433e-01
0.000000000000000000e+00 6.491999999999999993e-01
0.000000000000000000e+00 6.495999999999999552e-01
8.000000000000000000e+00 6.500000000000000222e-01
0.000000000000000000e+00 6.503999999999999782e-01
0.000000000000000000e+00 6.508000000000000451e-01
9.600000000000000000e+01 6.512000000000000011e-01
0.000000000000000000e+00 6.515999999999999570e-01
0.000000000000000000e+00 6.520000000000000240e-01
2.000000000000000000e+00 6.523999999999999799e-01
0.000000000000000000e+00 6.528000000000000469e-01
1.200000000000000000e+01 6.532000000000000028e-01
7.500000000000000000e+01 6.523999999999999799e-01
9.200000000000000000e+01 6.528000000000000469e-01
0.000000000000000000e+00 6.512000000000000011e-01
0.000000000000000000e+00 6.515999999999999570e-01
0.000000000000000000e+00 6.520000000000000240e-01
0.000000000000000000e+00 6.523999999999999799e-01
0.000000000000000000e+00 6.528000000000000469e-01
2.000000000000000000e+00 6.532000000000000028e-01
7.000000000000000000e+00 6.535999999999999588e-01
0.000000000000000000e+00 6.540000000000000258e-01
5.000000000000000000e+00 6.543999999999999817e-01
0.000000000000000000e+00 6.548000000000000487e-01
4.100000000000000000e+01 6.552000000000000046e-01
4.680000000000000000e+02 6.555999999999999606e-01
4.300000000000000000e+01 6.560000000000000275e-01
1.000000000000000000e+00 6.563999999999999835e-01
2.000000000000000000e+00 6.568000000000000504e-01
0.000000000000000000e+00 6.568000000000000504e-01
0.000000000000000000e+00 6.572000000000000064e-01
0.000000000000000000e+00 6.575999999999999623e-01
3.000000000000000000e+00 6.580000000000000293e-01
7.300000000000000000e+01 6.583999999999999853e-01
2.000000000000000000e+00 6.588000000000000522e-01
7.000000000000000000e+00 6.588000000000000522e-01
0.000000000000000000e+00 6.580000000000000293e-01
0.000000000000000000e+00 6.583999999999999853e-01
4.040000000000000000e+02 6.588000000000000522e-01
0.000000000000000000e+00 6.583999999999999853e-01
4.930000000000000000e+02 6.588000000000000522e-01
0.000000000000000000e+00 6.580000000000000293e-01
1.600000000000000000e+01 6.583999999999999853e-01
1.600000000000000000e+01 6.588000000000000522e-01
6.000000000000000000e+00 6.592000000000000082e-01
4.300000000000000000e+01 6.595999999999999641e-01
0.000000000000000000e+00 6.600000000000000311e-01
8.000000000000000000e+00 6.603999999999999870e-01
2.100000000000000000e+01 6.608000000000000540e-01
0.000000000000000000e+00 6.608000000000000540e-01
1.230000000000000000e+02 6.612000000000000099e-01
0.000000000000000000e+00 6.615999999999999659e-01
3.000000000000000000e+00 6.620000000000000329e-01
0.000000000000000000e+00 6.623999999999999888e-01
1.230000000000000000e+03 6.627999999999999448e-01
1.000000000000000000e+00 6.627999999999999448e-01
0.000000000000000000e+00 6.632000000000000117e-01
6.000000000000000000e+00 6.635999999999999677e-01
0.000000000000000000e+00 6.640000000000000346e-01
1.000000000000000000e+00 6.643999999999999906e-01
0.000000000000000000e+00 6.647999999999999465e-01
9.000000000000000000e+00 6.652000000000000135e-01
1.200000000000000000e+01 6.655999999999999694e-01
8.150000000000000000e+02 6.660000000000000364e-01
1.000000000000000000e+00 6.660000000000000364e-01
3.000000000000000000e+00 6.663999999999999924e-01
7.730000000000000000e+02 6.667999999999999483e-01
5.700000000000000000e+01 6.672000000000000153e-01
2.000000000000000000e+00 6.675999999999999712e-01
0.000000000000000000e+00 6.672000000000000153e-01
7.000000000000000000e+00 6.675999999999999712e-01
8.600000000000000000e+01 6.680000000000000382e-01
6.000000000000000000e+00 6.683999999999999941e-01
2.970000000000000000e+02 6.687999999999999501e-01
1.300000000000000000e+01 6.692000000000000171e-01
8.600000000000000000e+01 6.683999999999999941e-01
1.671000000000000000e+03 6.660000000000000364e-01
3.310000000000000000e+02 6.640000000000000346e-01
0.000000000000000000e+00 6.643999999999999906e-01
9.000000000000000000e+00 6.647999999999999465e-01
1.000000000000000000e+00 6.652000000000000135e-01
8.000000000000000000e+00 6.655999999999999694e-01
2.000000000000000000e+00 6.660000000000000364e-01
2.700000000000000000e+01 6.660000000000000364e-01
0.000000000000000000e+00 6.663999999999999924e-01
8.000000000000000000e+00 6.667999999999999483e-01
4.100000000000000000e+02 6.672000000000000153e-01
2.060000000000000000e+02 6.675999999999999712e-01
0.000000000000000000e+00 6.672000000000000153e-01
0.000000000000000000e+00 6.675999999999999712e-01
0.000000000000000000e+00 6.680000000000000382e-01
3.000000000000000000e+00 6.683999999999999941e-01
3.600000000000000000e+01 6.687999999999999501e-01
0.000000000000000000e+00 6.683999999999999941e-01
0.000000000000000000e+00 6.687999999999999501e-01
3.710000000000000000e+02 6.692000000000000171e-01
0.000000000000000000e+00 6.687999999999999501e-01
6.000000000000000000e+00 6.692000000000000171e-01
0.000000000000000000e+00 6.695999999999999730e-01
1.000000000000000000e+00 6.700000000000000400e-01
0.000000000000000000e+00 6.695999999999999730e-01
3.100000000000000000e+01 6.700000000000000400e-01
2.700000000000000000e+01 6.703999999999999959e-01
2.300000000000000000e+01 6.707999999999999519e-01
1.000000000000000000e+00 6.712000000000000188e-01
0.000000000000000000e+00 6.712000000000000188e-01
4.600000000000000000e+01 6.715999999999999748e-01
0.000000000000000000e+00 6.720000000000000417e-01
0.000000000000000000e+00 6.723999999999999977e-01
0.000000000000000000e+00 6.727999999999999536e-01
1.000000000000000000e+00 6.732000000000000206e-01
0.000000000000000000e+00 6.735999999999999766e-01
0.000000000000000000e+00 6.740000000000000435e-01
1.300000000000000000e+01 6.743999999999999995e-01
1.200000000000000000e+01 6.740000000000000435e-01
1.060000000000000000e+02 6.743999999999999995e-01
9.400000000000000000e+01 6.740000000000000435e-01
6.000000000000000000e+00 6.743999999999999995e-01
1.300000000000000000e+01 6.747999999999999554e-01
1.000000000000000000e+00 6.752000000000000224e-01
5.800000000000000000e+01 6.755999999999999783e-01
1.070000000000000000e+02 6.760000000000000453e-01
4.000000000000000000e+00 6.740000000000000435e-01
0.000000000000000000e+00 6.743999999999999995e-01
1.100000000000000000e+01 6.747999999999999554e-01
6.000000000000000000e+00 6.752000000000000224e-01
1.000000000000000000e+01 6.755999999999999783e-01
3.102000000000000000e+03 6.760000000000000453e-01
0.000000000000000000e+00 6.760000000000000453e-01
0.000000000000000000e+00 6.764000000000000012e-01
1.200000000000000000e+01 6.767999999999999572e-01
7.000000000000000000e+00 6.772000000000000242e-01
0.000000000000000000e+00 6.775999999999999801e-01
4.000000000000000000e+00 6.780000000000000471e-01
5.000000000000000000e+00 6.784000000000000030e-01
0.000000000000000000e+00 6.787999999999999590e-01
0.000000000000000000e+00 6.792000000000000259e-01
0.000000000000000000e+00 6.795999999999999819e-01
1.780000000000000000e+02 6.800000000000000488e-01
4.700000000000000000e+01 6.804000000000000048e-01
2.000000000000000000e+00 6.807999999999999607e-01
9.000000000000000000e+00 6.812000000000000277e-01
1.880000000000000000e+02 6.815999999999999837e-01
7.000000000000000000e+00 6.800000000000000488e-01
1.700000000000000000e+01 6.804000000000000048e-01
5.000000000000000000e+00 6.807999999999999607e-01
6.000000000000000000e+00 6.807999999999999607e-01
2.573000000000000000e+03 6.812000000000000277e-01
2.000000000000000000e+00 6.775999999999999801e-01
1.100000000000000000e+01 6.780000000000000471e-01
5.000000000000000000e+00 6.784000000000000030e-01
0.000000000000000000e+00 6.787999999999999590e-01
0.000000000000000000e+00 6.792000000000000259e-01
0.000000000000000000e+00 6.795999999999999819e-01
0.000000000000000000e+00 6.800000000000000488e-01
1.000000000000000000e+01 6.804000000000000048e-01
1.100000000000000000e+01 6.800000000000000488e-01
6.000000000000000000e+00 6.804000000000000048e-01
6.000000000000000000e+00 6.807999999999999607e-01
0.000000000000000000e+00 6.812000000000000277e-01
0.000000000000000000e+00 6.815999999999999837e-01
7.000000000000000000e+00 6.820000000000000506e-01
8.000000000000000000e+00 6.820000000000000506e-01
0.000000000000000000e+00 6.824000000000000066e-01
3.000000000000000000e+00 6.827999999999999625e-01
0.000000000000000000e+00 6.832000000000000295e-01
1.200000000000000000e+01 6.835999999999999854e-01
4.000000000000000000e+00 6.840000000000000524e-01
1.592000000000000000e+03 6.844000000000000083e-01
4.600000000000000000e+01 6.835999999999999854e-01
0.000000000000000000e+00 6.840000000000000524e-01
0.000000000000000000e+00 6.844000000000000083e-01
2.000000000000000000e+00 6.847999999999999643e-01
0.000000000000000000e+00 6.852000000000000313e-01
1.000000000000000000e+00 6.855999999999999872e-01
4.000000000000000000e+00 6.860000000000000542e-01
1.000000000000000000e+00 6.860000000000000542e-01
9.000000000000000000e+00 6.864000000000000101e-01
0.000000000000000000e+00 6.867999999999999661e-01
1.000000000000000000e+00 6.872000000000000330e-01
6.000000000000000000e+00 6.872000000000000330e-01
0.000000000000000000e+00 6.875999999999999890e-01
5.400000000000000000e+01 6.879999999999999449e-01
1.740000000000000000e+03 6.884000000000000119e-01
0.000000000000000000e+00 6.847999999999999643e-01
6.200000000000000000e+01 6.852000000000000313e-01
0.000000000000000000e+00 6.855999999999999872e-01
2.600000000000000000e+01 6.860000000000000542e-01
0.000000000000000000e+00 6.864000000000000101e-01
1.500000000000000000e+01 6.867999999999999661e-01
0.000000000000000000e+00 6.872000000000000330e-01
0.000000000000000000e+00 6.875999999999999890e-01
4.120000000000000000e+02 6.879999999999999449e-01
0.000000000000000000e+00 6.884000000000000119e-01
7.790000000000000000e+02 6.887999999999999678e-01
0.000000000000000000e+00 6.887999999999999678e-01
2.600000000000000000e+01 6.892000000000000348e-01
0.000000000000000000e+00 6.895999999999999908e-01
1.000000000000000000e+00 6.899999999999999467e-01
2.000000000000000000e+00 6.899999999999999467e-01
1.800000000000000000e+01 6.904000000000000137e-01
0.000000000000000000e+00 6.907999999999999696e-01
0.000000000000000000e+00 6.912000000000000366e-01
0.000000000000000000e+00 6.915999999999999925e-01
1.700000000000000000e+01 6.919999999999999485e-01
1.120000000000000000e+02 6.924000000000000155e-01
0.000000000000000000e+00 6.927999999999999714e-01
8.000000000000000000e+01 6.932000000000000384e-01
3.900000000000000000e+01 6.935999999999999943e-01
1.420000000000000000e+02 6.932000000000000384e-01
5.000000000000000000e+00 6.932000000000000384e-01
4.000000000000000000e+00 6.935999999999999943e-01
8.000000000000000000e+00 6.939999999999999503e-01
0.000000000000000000e+00 6.944000000000000172e-01
1.770000000000000000e+02 6.947999999999999732e-01
0.000000000000000000e+00 6.952000000000000401e-01
6.422000000000000000e+03 6.955999999999999961e-01
3.900000000000000000e+01 6.924000000000000155e-01
4.890000000000000000e+02 6.927999999999999714e-01
4.000000000000000000e+00 6.932000000000000384e-01
3.000000000000000000e+00 6.935999999999999943e-01
2.000000000000000000e+00 6.939999999999999503e-01
8.200000000000000000e+01 6.944000000000000172e-01
4.000000000000000000e+00 6.939999999999999503e-01
0.000000000000000000e+00 6.944000000000000172e-01
2.400000000000000000e+01 6.947999999999999732e-01
9.000000000000000000e+00 6.939999999999999503e-01
3.400000000000000000e+01 6.944000000000000172e-01
4.000000000000000000e+00 6.947999999999999732e-01
1.000000000000000000e+00 6.952000000000000401e-01
1.472000000000000000e+03 6.955999999999999961e-01
9.000000000000000000e+00 6.959999999999999520e-01
0.000000000000000000e+00 6.955999999999999961e-01
0.000000000000000000e+00 6.959999999999999520e-01
4.600000000000000000e+01 6.964000000000000190e-01
0.000000000000000000e+00 6.967999999999999750e-01
0.000000000000000000e+00 6.972000000000000419e-01
2.000000000000000000e+00 6.975999999999999979e-01
7.800000000000000000e+01 6.979999999999999538e-01
1.500000000000000000e+01 6.979999999999999538e-01
0.000000000000000000e+00 6.979999999999999538e-01
3.000000000000000000e+00 6.984000000000000208e-01
5.428000000000000000e+03 6.987999999999999767e-01
0.000000000000000000e+00 6.952000000000000401e-01
3.000000000000000000e+00 6.955999999999999961e-01
0.000000000000000000e+00 6.959999999999999520e-01
0.000000000000000000e+00 6.964000000000000190e-01
1.900000000000000000e+01 6.967999999999999750e-01
2.000000000000000000e+00 6.972000000000000419e-01
9.000000000000000000e+00 6.975999999999999979e-01
2.000000000000000000e+00 6.979999999999999538e-01
1.200000000000000000e+01 6.984000000000000208e-01
0.000000000000000000e+00 6.987999999999999767e-01
6.000000000000000000e+00 6.992000000000000437e-01
1.300000000000000000e+01 6.995999999999999996e-01
1.390000000000000000e+02 6.995999999999999996e-01
5.000000000000000000e+00 6.999999999999999556e-01
5.000000000000000000e+00 7.004000000000000226e-01
4.100000000000000000e+01 7.007999999999999785e-01
4.900000000000000000e+01 7.012000000000000455e-01
1.500000000000000000e+01 7.004000000000000226e-01
3.000000000000000000e+00 7.007999999999999785e-01
7.000000000000000000e+00 7.012000000000000455e-01
0.000000000000000000e+00 7.016000000000000014e-01
0.000000000000000000e+00 7.019999999999999574e-01
0.000000000000000000e+00 7.024000000000000243e-01
0.000000000000000000e+00 7.027999999999999803e-01
3.000000000000000000e+01 7.032000000000000473e-01
1.240000000000000000e+02 7.036000000000000032e-01
1.128000000000000000e+03 7.039999999999999591e-01
7.200000000000000000e+01 7.007999999999999785e-01
0.000000000000000000e+00 6.999999999999999556e-01
2.000000000000000000e+00 7.004000000000000226e-01
3.620000000000000000e+02 7.007999999999999785e-01
2.000000000000000000e+00 7.012000000000000455e-01
1.000000000000000000e+00 7.016000000000000014e-01
1.910000000000000000e+02 7.019999999999999574e-01
0.000000000000000000e+00 7.016000000000000014e-01
2.300000000000000000e+01 7.019999999999999574e-01
2.560000000000000000e+02 7.024000000000000243e-01
0.000000000000000000e+00 7.004000000000000226e-01
6.000000000000000000e+00 7.007999999999999785e-01
1.800000000000000000e+01 7.012000000000000455e-01
5.000000000000000000e+00 7.007999999999999785e-01
0.000000000000000000e+00 7.012000000000000455e-01
1.740000000000000000e+03 7.016000000000000014e-01
0.000000000000000000e+00 7.012000000000000455e-01
3.300000000000000000e+01 7.016000000000000014e-01
5.000000000000000000e+00 6.999999999999999556e-01
1.000000000000000000e+01 7.004000000000000226e-01
1.280000000000000000e+02 6.999999999999999556e-01
9.000000000000000000e+00 6.999999999999999556e-01
2.000000000000000000e+00 7.004000000000000226e-01
0.000000000000000000e+00 6.999999999999999556e-01
2.630000000000000000e+02 7.004000000000000226e-01
4.000000000000000000e+00 7.007999999999999785e-01
2.400000000000000000e+01 7.012000000000000455e-01
0.000000000000000000e+00 7.004000000000000226e-01
2.200000000000000000e+01 7.007999999999999785e-01
9.400000000000000000e+01 7.012000000000000455e-01
0.000000000000000000e+00 7.012000000000000455e-01
0.000000000000000000e+00 7.016000000000000014e-01
1.300000000000000000e+01 7.019999999999999574e-01
2.700000000000000000e+01 7.024000000000000243e-01
3.200000000000000000e+01 7.019999999999999574e-01
2.000000000000000000e+01 7.024000000000000243e-01
8.660000000000000000e+02 7.027999999999999803e-01
1.000000000000000000e+00 6.987999999999999767e-01
1.650000000000000000e+02 6.992000000000000437e-01
6.470000000000000000e+02 6.995999999999999996e-01
0.000000000000000000e+00 6.967999999999999750e-01
2.200000000000000000e+01 6.972000000000000419e-01
0.000000000000000000e+00 6.967999999999999750e-01
0.000000000000000000e+00 6.972000000000000419e-01
2.000000000000000000e+00 6.975999999999999979e-01
6.100000000000000000e+01 6.979999999999999538e-01
9.000000000000000000e+00 6.984000000000000208e-01
2.089000000000000000e+03 6.987999999999999767e-01
1.400000000000000000e+01 6.944000000000000172e-01
0.000000000000000000e+00 6.947999999999999732e-01
0.000000000000000000e+00 6.952000000000000401e-01
2.000000000000000000e+00 6.955999999999999961e-01
0.000000000000000000e+00 6.959999999999999520e-01
0.000000000000000000e+00 6.964000000000000190e-01
2.450000000000000000e+02 6.967999999999999750e-01
9.000000000000000000e+00 6.972000000000000419e-01
1.100000000000000000e+01 6.975999999999999979e-01
0.000000000000000000e+00 6.979999999999999538e-01
0.000000000000000000e+00 6.984000000000000208e-01
4.809000000000000000e+03 6.987999999999999767e-01
2.340000000000000000e+02 6.939999999999999503e-01
1.350000000000000000e+02 6.899999999999999467e-01
6.570000000000000000e+02 6.875999999999999890e-01
0.000000000000000000e+00 6.879999999999999449e-01
1.900000000000000000e+01 6.884000000000000119e-01
1.000000000000000000e+00 6.887999999999999678e-01
0.000000000000000000e+00 6.892000000000000348e-01
0.000000000000000000e+00 6.895999999999999908e-01
2.500000000000000000e+01 6.899999999999999467e-01
0.000000000000000000e+00 6.904000000000000137e-01
0.000000000000000000e+00 6.907999999999999696e-01
2.000000000000000000e+00 6.912000000000000366e-01
6.970000000000000000e+02 6.915999999999999925e-01
2.500000000000000000e+01 6.915999999999999925e-01
2.000000000000000000e+00 6.912000000000000366e-01
0.000000000000000000e+00 6.915999999999999925e-01
1.000000000000000000e+00 6.919999999999999485e-01
4.000000000000000000e+00 6.924000000000000155e-01
2.293000000000000000e+03 6.927999999999999714e-01
9.000000000000000000e+01 6.899999999999999467e-01
2.200000000000000000e+01 6.899999999999999467e-01
3.040000000000000000e+02 6.895999999999999908e-01
0.000000000000000000e+00 6.899999999999999467e-01
0.000000000000000000e+00 6.904000000000000137e-01
1.000000000000000000e+00 6.907999999999999696e-01
6.000000000000000000e+00 6.907999999999999696e-01
3.000000000000000000e+00 6.912000000000000366e-01
8.100000000000000000e+01 6.904000000000000137e-01
6.200000000000000000e+01 6.907999999999999696e-01
8.000000000000000000e+00 6.912000000000000366e-01
2.000000000000000000e+00 6.915999999999999925e-01
1.120000000000000000e+02 6.919999999999999485e-01
1.800000000000000000e+01 6.892000000000000348e-01
1.000000000000000000e+00 6.895999999999999908e-01
2.700000000000000000e+01 6.899999999999999467e-01
0.000000000000000000e+00 6.904000000000000137e-01
2.930000000000000000e+02 6.907999999999999696e-01
4.079000000000000000e+03 6.899999999999999467e-01
2.200000000000000000e+01 6.884000000000000119e-01
8.000000000000000000e+00 6.887999999999999678e-01
1.000000000000000000e+01 6.892000000000000348e-01
2.000000000000000000e+00 6.895999999999999908e-01
1.165000000000000000e+03 6.899999999999999467e-01
6.000000000000000000e+00 6.904000000000000137e-01
4.900000000000000000e+01 6.907999999999999696e-01
3.000000000000000000e+00 6.912000000000000366e-01
2.000000000000000000e+02 6.915999999999999925e-01
7.000000000000000000e+00 6.919999999999999485e-01
1.300000000000000000e+01 6.924000000000000155e-01
1.000000000000000000e+00 6.927999999999999714e-01
9.800000000000000000e+01 6.932000000000000384e-01
1.000000000000000000e+00 6.935999999999999943e-01
6.000000000000000000e+00 6.939999999999999503e-01
2.000000000000000000e+00 6.939999999999999503e-01
0.000000000000000000e+00 6.944000000000000172e-01
1.600000000000000000e+01 6.947999999999999732e-01
1.000000000000000000e+00 6.952000000000000401e-01
2.000000000000000000e+00 6.955999999999999961e-01
3.100000000000000000e+01 6.959999999999999520e-01
2.440000000000000000e+02 6.964000000000000190e-01
0.000000000000000000e+00 6.967999999999999750e-01
9.000000000000000000e+00 6.972000000000000419e-01
4.420000000000000000e+02 6.975999999999999979e-01
8.100000000000000000e+01 6.979999999999999538e-01
0.000000000000000000e+00 6.984000000000000208e-01
0.000000000000000000e+00 6.987999999999999767e-01
1.000000000000000000e+00 6.992000000000000437e-01
0.000000000000000000e+00 6.995999999999999996e-01
1.070000000000000000e+02 6.999999999999999556e-01
3.000000000000000000e+00 6.992000000000000437e-01
0.000000000000000000e+00 6.995999999999999996e-01
1.420000000000000000e+02 6.999999999999999556e-01
0.000000000000000000e+00 7.004000000000000226e-01
1.000000000000000000e+00 7.007999999999999785e-01
4.000000000000000000e+01 7.012000000000000455e-01
0.000000000000000000e+00 7.016000000000000014e-01
0.000000000000000000e+00 7.019999999999999574e-01
2.740000000000000000e+02 7.024000000000000243e-01
3.580000000000000000e+02 7.027999999999999803e-01
0.000000000000000000e+00 7.004000000000000226e-01
3.880000000000000000e+02 7.007999999999999785e-01
2.300000000000000000e+01 6.999999999999999556e-01
0.000000000000000000e+00 7.004000000000000226e-01
0.000000000000000000e+00 7.007999999999999785e-01
1.618000000000000000e+03 7.012000000000000455e-01
2.000000000000000000e+00 6.964000000000000190e-01
1.300000000000000000e+01 6.967999999999999750e-01
1.100000000000000000e+01 6.972000000000000419e-01
0.000000000000000000e+00 6.975999999999999979e-01
1.200000000000000000e+01 6.979999999999999538e-01
6.000000000000000000e+00 6.984000000000000208e-01
5.000000000000000000e+00 6.987999999999999767e-01
8.747000000000000000e+03 6.992000000000000437e-01
9.300000000000000000e+01 6.892000000000000348e-01
1.020000000000000000e+03 6.895999999999999908e-01
3.300000000000000000e+01 6.875999999999999890e-01
1.282000000000000000e+03 6.875999999999999890e-01
0.000000000000000000e+00 6.864000000000000101e-01
2.000000000000000000e+00 6.867999999999999661e-01
0.000000000000000000e+00 6.872000000000000330e-01
3.000000000000000000e+00 6.875999999999999890e-01
2.000000000000000000e+00 6.879999999999999449e-01
3.200000000000000000e+01 6.884000000000000119e-01
1.000000000000000000e+00 6.872000000000000330e-01
0.000000000000000000e+00 6.875999999999999890e-01
0.000000000000000000e+00 6.879999999999999449e-01
0.000000000000000000e+00 6.884000000000000119e-01
1.451000000000000000e+03 6.887999999999999678e-01
0.000000000000000000e+00 6.879999999999999449e-01
0.000000000000000000e+00 6.884000000000000119e-01
0.000000000000000000e+00 6.887999999999999678e-01
8.500000000000000000e+01 6.892000000000000348e-01
3.300000000000000000e+01 6.895999999999999908e-01
5.000000000000000000e+00 6.895999999999999908e-01
0.000000000000000000e+00 6.899999999999999467e-01
2.500000000000000000e+01 6.904000000000000137e-01
0.000000000000000000e+00 6.899999999999999467e-01
0.000000000000000000e+00 6.904000000000000137e-01
1.247000000000000000e+03 6.907999999999999696e-01
6.000000000000000000e+00 6.904000000000000137e-01
3.000000000000000000e+00 6.907999999999999696e-01
1.000000000000000000e+00 6.912000000000000366e-01
7.000000000000000000e+01 6.915999999999999925e-01
1.400000000000000000e+01 6.919999999999999485e-01
0.000000000000000000e+00 6.915999999999999925e-01
7.000000000000000000e+00 6.919999999999999485e-01
2.300000000000000000e+01 6.924000000000000155e-01
7.000000000000000000e+00 6.927999999999999714e-01
7.600000000000000000e+01 6.932000000000000384e-01
5.000000000000000000e+00 6.935999999999999943e-01
0.000000000000000000e+00 6.939999999999999503e-01
5.700000000000000000e+01 6.944000000000000172e-01
5.400000000000000000e+01 6.947999999999999732e-01
5.000000000000000000e+00 6.952000000000000401e-01
4.600000000000000000e+01 6.955999999999999961e-01
3.400000000000000000e+01 6.959999999999999520e-01
0.000000000000000000e+00 6.955999999999999961e-01
0.000000000000000000e+00 6.959999999999999520e-01
2.278000000000000000e+03 6.964000000000000190e-01
0.000000000000000000e+00 6.964000000000000190e-01
0.000000000000000000e+00 6.967999999999999750e-01
0.000000000000000000e+00 6.972000000000000419e-01
2.000000000000000000e+00 6.975999999999999979e-01
0.000000000000000000e+00 6.979999999999999538e-01
2.000000000000000000e+00 6.984000000000000208e-01
5.670000000000000000e+02 6.987999999999999767e-01
4.700000000000000000e+01 6.984000000000000208e-01
2.500000000000000000e+01 6.987999999999999767e-01
1.096000000000000000e+03 6.992000000000000437e-01
0.000000000000000000e+00 6.979999999999999538e-01
5.000000000000000000e+00 6.984000000000000208e-01
4.810000000000000000e+02 6.987999999999999767e-01
1.000000000000000000e+00 6.992000000000000437e-01
3.000000000000000000e+00 6.995999999999999996e-01
0.000000000000000000e+00 6.999999999999999556e-01
1.000000000000000000e+00 7.004000000000000226e-01
2.000000000000000000e+00 7.007999999999999785e-01
1.300000000000000000e+01 6.999999999999999556e-01
1.090000000000000000e+02 7.004000000000000226e-01
1.232000000000000000e+03 7.007999999999999785e-01
0.000000000000000000e+00 6.995999999999999996e-01
1.730000000000000000e+02 6.999999999999999556e-01
2.000000000000000000e+00 7.004000000000000226e-01
4.900000000000000000e+01 7.007999999999999785e-01
0.000000000000000000e+00 6.984000000000000208e-01
3.600000000000000000e+01 6.987999999999999767e-01
2.000000000000000000e+00 6.992000000000000437e-01
0.000000000000000000e+00 6.995999999999999996e-01
3.000000000000000000e+00 6.999999999999999556e-01
4.700000000000000000e+01 7.004000000000000226e-01
0.000000000000000000e+00 6.995999999999999996e-01
2.000000000000000000e+00 6.999999999999999556e-01
1.960000000000000000e+02 7.004000000000000226e-01
0.000000000000000000e+00 6.992000000000000437e-01
0.000000000000000000e+00 6.995999999999999996e-01
0.000000000000000000e+00 6.999999999999999556e-01
9.700000000000000000e+01 7.004000000000000226e-01
2.000000000000000000e+00 7.004000000000000226e-01
1.000000000000000000e+00 7.007999999999999785e-01
5.360000000000000000e+02 7.012000000000000455e-01
1.000000000000000000e+00 6.987999999999999767e-01
1.700000000000000000e+01 6.992000000000000437e-01
6.500000000000000000e+01 6.995999999999999996e-01
4.600000000000000000e+01 6.999999999999999556e-01
5.300000000000000000e+01 7.004000000000000226e-01
0.000000000000000000e+00 7.007999999999999785e-01
8.700000000000000000e+01 7.012000000000000455e-01
0.000000000000000000e+00 7.016000000000000014e-01
3.514000000000000000e+03 7.019999999999999574e-01
6.000000000000000000e+00 6.984000000000000208e-01
0.000000000000000000e+00 6.987999999999999767e-01
3.000000000000000000e+00 6.992000000000000437e-01
2.940000000000000000e+02 6.995999999999999996e-01
3.000000000000000000e+00 6.979999999999999538e-01
0.000000000000000000e+00 6.984000000000000208e-01
1.000000000000000000e+00 6.987999999999999767e-01
1.000000000000000000e+00 6.984000000000000208e-01
2.535000000000000000e+03 6.987999999999999767e-01
3.900000000000000000e+01 6.939999999999999503e-01
0.000000000000000000e+00 6.944000000000000172e-01
2.400000000000000000e+01 6.947999999999999732e-01
0.000000000000000000e+00 6.952000000000000401e-01
7.000000000000000000e+00 6.955999999999999961e-01
0.000000000000000000e+00 6.959999999999999520e-01
5.000000000000000000e+00 6.964000000000000190e-01
1.330000000000000000e+02 6.967999999999999750e-01
4.900000000000000000e+01 6.964000000000000190e-01
3.700000000000000000e+01 6.967999999999999750e-01
8.000000000000000000e+00 6.972000000000000419e-01
5.000000000000000000e+00 6.967999999999999750e-01
1.800000000000000000e+01 6.967999999999999750e-01
3.700000000000000000e+01 6.972000000000000419e-01
3.600000000000000000e+01 6.959999999999999520e-01
0.000000000000000000e+00 6.964000000000000190e-01
0.000000000000000000e+00 6.967999999999999750e-01
8.000000000000000000e+00 6.972000000000000419e-01
1.000000000000000000e+00 6.975999999999999979e-01
0.000000000000000000e+00 6.975999999999999979e-01
3.100000000000000000e+01 6.979999999999999538e-01
8.000000000000000000e+00 6.975999999999999979e-01
2.400000000000000000e+01 6.967999999999999750e-01
0.000000000000000000e+00 6.972000000000000419e-01
6.470000000000000000e+02 6.975999999999999979e-01
1.230000000000000000e+02 6.975999999999999979e-01
2.000000000000000000e+01 6.975999999999999979e-01
3.000000000000000000e+00 6.979999999999999538e-01
1.000000000000000000e+00 6.979999999999999538e-01
1.090000000000000000e+02 6.984000000000000208e-01
1.100000000000000000e+01 6.987999999999999767e-01
5.000000000000000000e+00 6.992000000000000437e-01
2.240000000000000000e+02 6.995999999999999996e-01
4.600000000000000000e+01 6.979999999999999538e-01
3.100000000000000000e+01 6.975999999999999979e-01
1.078000000000000000e+03 6.979999999999999538e-01
0.000000000000000000e+00 6.952000000000000401e-01
1.000000000000000000e+00 6.955999999999999961e-01
1.000000000000000000e+00 6.952000000000000401e-01
3.000000000000000000e+01 6.955999999999999961e-01
1.400000000000000000e+01 6.959999999999999520e-01
0.000000000000000000e+00 6.964000000000000190e-01
2.000000000000000000e+00 6.967999999999999750e-01
9.370000000000000000e+02 6.964000000000000190e-01
1.200000000000000000e+01 6.927999999999999714e-01
9.000000000000000000e+00 6.932000000000000384e-01
2.000000000000000000e+00 6.932000000000000384e-01
0.000000000000000000e+00 6.935999999999999943e-01
0.000000000000000000e+00 6.939999999999999503e-01
3.000000000000000000e+00 6.944000000000000172e-01
3.000000000000000000e+00 6.947999999999999732e-01
0.000000000000000000e+00 6.952000000000000401e-01
5.100000000000000000e+01 6.955999999999999961e-01
5.000000000000000000e+00 6.959999999999999520e-01
6.700000000000000000e+01 6.964000000000000190e-01
1.000000000000000000e+00 6.967999999999999750e-01
0.000000000000000000e+00 6.972000000000000419e-01
6.740000000000000000e+02 6.975999999999999979e-01
2.000000000000000000e+00 6.979999999999999538e-01
1.040000000000000000e+02 6.979999999999999538e-01
1.742000000000000000e+03 6.984000000000000208e-01
9.070000000000000000e+02 6.939999999999999503e-01
1.000000000000000000e+00 6.944000000000000172e-01
1.000000000000000000e+01 6.947999999999999732e-01
2.780000000000000000e+02 6.952000000000000401e-01
2.000000000000000000e+00 6.947999999999999732e-01
0.000000000000000000e+00 6.944000000000000172e-01
3.000000000000000000e+00 6.947999999999999732e-01
0.000000000000000000e+00 6.952000000000000401e-01
4.000000000000000000e+00 6.955999999999999961e-01
4.000000000000000000e+01 6.959999999999999520e-01
0.000000000000000000e+00 6.964000000000000190e-01
8.820000000000000000e+02 6.967999999999999750e-01
2.000000000000000000e+00 6.964000000000000190e-01
0.000000000000000000e+00 6.967999999999999750e-01
1.700000000000000000e+01 6.972000000000000419e-01
6.000000000000000000e+00 6.975999999999999979e-01
3.520000000000000000e+02 6.979999999999999538e-01
0.000000000000000000e+00 6.984000000000000208e-01
1.661000000000000000e+03 6.987999999999999767e-01
4.147000000000000000e+03 6.967999999999999750e-01
3.470000000000000000e+02 6.952000000000000401e-01
4.000000000000000000e+00 6.952000000000000401e-01
9.060000000000000000e+02 6.955999999999999961e-01
1.070000000000000000e+02 6.959999999999999520e-01
1.800000000000000000e+01 6.964000000000000190e-01
4.000000000000000000e+00 6.967999999999999750e-01
2.085000000000000000e+03 6.972000000000000419e-01
2.300000000000000000e+01 6.939999999999999503e-01
0.000000000000000000e+00 6.939999999999999503e-01
2.500000000000000000e+01 6.944000000000000172e-01
0.000000000000000000e+00 6.947999999999999732e-01
0.000000000000000000e+00 6.952000000000000401e-01
8.250000000000000000e+02 6.955999999999999961e-01
0.000000000000000000e+00 6.939999999999999503e-01
0.000000000000000000e+00 6.944000000000000172e-01
0.000000000000000000e+00 6.947999999999999732e-01
1.000000000000000000e+01 6.952000000000000401e-01
6.800000000000000000e+01 6.955999999999999961e-01
2.880000000000000000e+02 6.959999999999999520e-01
1.830000000000000000e+02 6.964000000000000190e-01
4.000000000000000000e+00 6.967999999999999750e-01
4.000000000000000000e+00 6.964000000000000190e-01
2.328000000000000000e+03 6.967999999999999750e-01
5.000000000000000000e+00 6.932000000000000384e-01
2.100000000000000000e+01 6.935999999999999943e-01
3.500000000000000000e+02 6.939999999999999503e-01
1.320000000000000000e+02 6.939999999999999503e-01
2.000000000000000000e+00 6.944000000000000172e-01
3.000000000000000000e+00 6.947999999999999732e-01
0.000000000000000000e+00 6.952000000000000401e-01
0.000000000000000000e+00 6.955999999999999961e-01
1.400000000000000000e+01 6.959999999999999520e-01
0.000000000000000000e+00 6.964000000000000190e-01
7.000000000000000000e+00 6.967999999999999750e-01
0.000000000000000000e+00 6.972000000000000419e-01
0.000000000000000000e+00 6.975999999999999979e-01
1.320000000000000000e+02 6.979999999999999538e-01
5.150000000000000000e+02 6.984000000000000208e-01
4.600000000000000000e+01 6.987999999999999767e-01
0.000000000000000000e+00 6.992000000000000437e-01
5.800000000000000000e+01 6.995999999999999996e-01
1.500000000000000000e+01 6.992000000000000437e-01
1.000000000000000000e+00 6.995999999999999996e-01
1.700000000000000000e+01 6.999999999999999556e-01
0.000000000000000000e+00 6.999999999999999556e-01
5.530000000000000000e+02 7.004000000000000226e-01
6.240000000000000000e+02 6.987999999999999767e-01
0.000000000000000000e+00 6.975999999999999979e-01
2.000000000000000000e+00 6.979999999999999538e-01
6.700000000000000000e+01 6.984000000000000208e-01
1.800000000000000000e+01 6.984000000000000208e-01
1.200000000000000000e+01 6.987999999999999767e-01
0.000000000000000000e+00 6.992000000000000437e-01
1.000000000000000000e+00 6.995999999999999996e-01
0.000000000000000000e+00 6.999999999999999556e-01
1.208000000000000000e+03 7.004000000000000226e-01
6.000000000000000000e+00 6.955999999999999961e-01
5.000000000000000000e+00 6.959999999999999520e-01
1.000000000000000000e+00 6.964000000000000190e-01
3.000000000000000000e+00 6.967999999999999750e-01
7.000000000000000000e+00 6.972000000000000419e-01
1.200000000000000000e+01 6.975999999999999979e-01
5.180000000000000000e+02 6.979999999999999538e-01
4.000000000000000000e+01 6.952000000000000401e-01
7.630000000000000000e+02 6.939999999999999503e-01
0.000000000000000000e+00 6.907999999999999696e-01
0.000000000000000000e+00 6.912000000000000366e-01
2.000000000000000000e+00 6.915999999999999925e-01
1.950000000000000000e+02 6.915999999999999925e-01
3.000000000000000000e+02 6.904000000000000137e-01
2.000000000000000000e+00 6.892000000000000348e-01
0.000000000000000000e+00 6.895999999999999908e-01
0.000000000000000000e+00 6.899999999999999467e-01
0.000000000000000000e+00 6.904000000000000137e-01
3.000000000000000000e+00 6.907999999999999696e-01
2.000000000000000000e+00 6.912000000000000366e-01
0.000000000000000000e+00 6.915999999999999925e-01
0.000000000000000000e+00 6.919999999999999485e-01
0.000000000000000000e+00 6.924000000000000155e-01
0.000000000000000000e+00 6.927999999999999714e-01
5.800000000000000000e+01 6.932000000000000384e-01
2.000000000000000000e+00 6.935999999999999943e-01
0.000000000000000000e+00 6.939999999999999503e-01
0.000000000000000000e+00 6.944000000000000172e-01
1.000000000000000000e+01 6.947999999999999732e-01
0.000000000000000000e+00 6.952000000000000401e-01
5.000000000000000000e+01 6.955999999999999961e-01
1.000000000000000000e+00 6.959999999999999520e-01
0.000000000000000000e+00 6.964000000000000190e-01
0.000000000000000000e+00 6.967999999999999750e-01
0.000000000000000000e+00 6.972000000000000419e-01
0.000000000000000000e+00 6.975999999999999979e-01
0.000000000000000000e+00 6.979999999999999538e-01
2.900000000000000000e+01 6.984000000000000208e-01
3.000000000000000000e+00 6.987999999999999767e-01
0.000000000000000000e+00 6.992000000000000437e-01
7.970000000000000000e+02 6.995999999999999996e-01
2.000000000000000000e+00 6.995999999999999996e-01
0.000000000000000000e+00 6.999999999999999556e-01
2.000000000000000000e+00 7.004000000000000226e-01
0.000000000000000000e+00 7.007999999999999785e-01
0.000000000000000000e+00 7.012000000000000455e-01
0.000000000000000000e+00 7.016000000000000014e-01
4.000000000000000000e+00 7.019999999999999574e-01
9.000000000000000000e+00 7.024000000000000243e-01
3.390000000000000000e+02 7.027999999999999803e-01
0.000000000000000000e+00 7.032000000000000473e-01
2.093000000000000000e+03 7.036000000000000032e-01
3.000000000000000000e+00 7.027999999999999803e-01
3.900000000000000000e+01 7.032000000000000473e-01
5.000000000000000000e+00 7.036000000000000032e-01
0.000000000000000000e+00 7.039999999999999591e-01
3.300000000000000000e+01 7.044000000000000261e-01
0.000000000000000000e+00 7.047999999999999821e-01
1.290000000000000000e+02 7.052000000000000490e-01
4.000000000000000000e+00 7.056000000000000050e-01
8.000000000000000000e+00 7.059999999999999609e-01
9.300000000000000000e+01 7.064000000000000279e-01
1.140000000000000000e+02 7.056000000000000050e-01
5.000000000000000000e+00 7.059999999999999609e-01
6.000000000000000000e+00 7.064000000000000279e-01
1.500000000000000000e+01 7.067999999999999838e-01
6.500000000000000000e+01 7.064000000000000279e-01
1.000000000000000000e+00 7.059999999999999609e-01
1.000000000000000000e+00 7.064000000000000279e-01
1.000000000000000000e+00 7.067999999999999838e-01
0.000000000000000000e+00 7.067999999999999838e-01
3.000000000000000000e+00 7.072000000000000508e-01
0.000000000000000000e+00 7.076000000000000068e-01
0.000000000000000000e+00 7.079999999999999627e-01
3.300000000000000000e+01 7.084000000000000297e-01
3.500000000000000000e+01 7.084000000000000297e-01
0.000000000000000000e+00 7.079999999999999627e-01
0.000000000000000000e+00 7.084000000000000297e-01
2.600000000000000000e+01 7.087999999999999856e-01
4.900000000000000000e+01 7.092000000000000526e-01
0.000000000000000000e+00 7.096000000000000085e-01
1.400000000000000000e+01 7.099999999999999645e-01
1.700000000000000000e+01 7.084000000000000297e-01
0.000000000000000000e+00 7.087999999999999856e-01
4.600000000000000000e+01 7.092000000000000526e-01
1.000000000000000000e+00 7.096000000000000085e-01
0.000000000000000000e+00 7.099999999999999645e-01
0.000000000000000000e+00 7.104000000000000314e-01
5.200000000000000000e+01 7.107999999999999874e-01
1.510000000000000000e+02 7.112000000000000544e-01
1.024800000000000000e+04 7.116000000000000103e-01
0.000000000000000000e+00 6.932000000000000384e-01
1.800000000000000000e+01 6.935999999999999943e-01
0.000000000000000000e+00 6.939999999999999503e-01
8.000000000000000000e+00 6.944000000000000172e-01
5.980000000000000000e+02 6.947999999999999732e-01
4.000000000000000000e+00 6.944000000000000172e-01
2.000000000000000000e+00 6.939999999999999503e-01
6.000000000000000000e+00 6.944000000000000172e-01
1.100000000000000000e+01 6.947999999999999732e-01
2.000000000000000000e+00 6.952000000000000401e-01
2.000000000000000000e+01 6.955999999999999961e-01
2.600000000000000000e+01 6.955999999999999961e-01
0.000000000000000000e+00 6.955999999999999961e-01
3.700000000000000000e+01 6.959999999999999520e-01
2.000000000000000000e+00 6.959999999999999520e-01
1.810000000000000000e+02 6.964000000000000190e-01
5.000000000000000000e+00 6.967999999999999750e-01
3.600000000000000000e+02 6.972000000000000419e-01
0.000000000000000000e+00 6.972000000000000419e-01
1.100000000000000000e+02 6.975999999999999979e-01
5.412000000000000000e+03 6.979999999999999538e-01
0.000000000000000000e+00 6.952000000000000401e-01
3.000000000000000000e+00 6.955999999999999961e-01
9.000000000000000000e+00 6.959999999999999520e-01
1.200000000000000000e+01 6.952000000000000401e-01
2.100000000000000000e+01 6.955999999999999961e-01
2.000000000000000000e+00 6.959999999999999520e-01
0.000000000000000000e+00 6.964000000000000190e-01
7.000000000000000000e+00 6.967999999999999750e-01
0.000000000000000000e+00 6.972000000000000419e-01
1.270000000000000000e+02 6.975999999999999979e-01
1.800000000000000000e+01 6.979999999999999538e-01
1.200000000000000000e+01 6.984000000000000208e-01
3.000000000000000000e+00 6.987999999999999767e-01
0.000000000000000000e+00 6.992000000000000437e-01
0.000000000000000000e+00 6.995999999999999996e-01
2.000000000000000000e+00 6.999999999999999556e-01
1.500000000000000000e+01 7.004000000000000226e-01
2.000000000000000000e+01 7.007999999999999785e-01
4.958000000000000000e+03 7.012000000000000455e-01
1.000000000000000000e+00 6.939999999999999503e-01
4.010000000000000000e+02 6.944000000000000172e-01
1.480000000000000000e+02 6.939999999999999503e-01
1.600000000000000000e+01 6.932000000000000384e-01
8.800000000000000000e+01 6.935999999999999943e-01
0.000000000000000000e+00 6.939999999999999503e-01
6.000000000000000000e+00 6.944000000000000172e-01
0.000000000000000000e+00 6.947999999999999732e-01
9.700000000000000000e+01 6.952000000000000401e-01
0.000000000000000000e+00 6.955999999999999961e-01
1.580000000000000000e+02 6.959999999999999520e-01
5.000000000000000000e+00 6.959999999999999520e-01
2.000000000000000000e+00 6.964000000000000190e-01
5.200000000000000000e+01 6.967999999999999750e-01
9.000000000000000000e+00 6.972000000000000419e-01
1.500000000000000000e+01 6.975999999999999979e-01
3.200000000000000000e+02 6.979999999999999538e-01
1.700000000000000000e+01 6.984000000000000208e-01
2.000000000000000000e+00 6.987999999999999767e-01
2.000000000000000000e+00 6.992000000000000437e-01
1.240000000000000000e+02 6.995999999999999996e-01
1.800000000000000000e+01 6.987999999999999767e-01
1.610000000000000000e+02 6.992000000000000437e-01
1.000000000000000000e+00 6.995999999999999996e-01
0.000000000000000000e+00 6.999999999999999556e-01
0.000000000000000000e+00 7.004000000000000226e-01
6.900000000000000000e+01 7.007999999999999785e-01
0.000000000000000000e+00 7.012000000000000455e-01
3.000000000000000000e+00 7.016000000000000014e-01
6.000000000000000000e+00 7.019999999999999574e-01
3.000000000000000000e+00 7.019999999999999574e-01
2.000000000000000000e+00 7.024000000000000243e-01
1.000000000000000000e+00 7.027999999999999803e-01
1.200000000000000000e+01 7.032000000000000473e-01
3.100000000000000000e+01 7.036000000000000032e-01
0.000000000000000000e+00 7.039999999999999591e-01
0.000000000000000000e+00 7.044000000000000261e-01
0.000000000000000000e+00 7.047999999999999821e-01
3.000000000000000000e+00 7.052000000000000490e-01
4.210000000000000000e+02 7.056000000000000050e-01
7.770000000000000000e+02 7.059999999999999609e-01
2.900000000000000000e+02 7.059999999999999609e-01
0.000000000000000000e+00 7.047999999999999821e-01
0.000000000000000000e+00 7.052000000000000490e-01
2.183000000000000000e+03 7.056000000000000050e-01
5.800000000000000000e+01 7.012000000000000455e-01
2.000000000000000000e+00 7.016000000000000014e-01
8.510000000000000000e+02 7.019999999999999574e-01
0.000000000000000000e+00 6.987999999999999767e-01
3.000000000000000000e+01 6.992000000000000437e-01
1.000000000000000000e+00 6.995999999999999996e-01
6.000000000000000000e+00 6.992000000000000437e-01
2.700000000000000000e+01 6.992000000000000437e-01
4.810000000000000000e+02 6.987999999999999767e-01
6.160000000000000000e+02 6.967999999999999750e-01
0.000000000000000000e+00 6.912000000000000366e-01
4.300000000000000000e+01 6.915999999999999925e-01
8.400000000000000000e+01 6.919999999999999485e-01
1.600000000000000000e+01 6.907999999999999696e-01
0.000000000000000000e+00 6.912000000000000366e-01
1.400000000000000000e+01 6.915999999999999925e-01
4.000000000000000000e+00 6.919999999999999485e-01
0.000000000000000000e+00 6.924000000000000155e-01
2.000000000000000000e+00 6.927999999999999714e-01
6.100000000000000000e+01 6.932000000000000384e-01
5.700000000000000000e+01 6.932000000000000384e-01
1.000000000000000000e+01 6.935999999999999943e-01
5.440000000000000000e+02 6.939999999999999503e-01
1.160000000000000000e+02 6.932000000000000384e-01
1.000000000000000000e+01 6.907999999999999696e-01
0.000000000000000000e+00 6.912000000000000366e-01
0.000000000000000000e+00 6.915999999999999925e-01
1.390000000000000000e+02 6.919999999999999485e-01
3.736000000000000000e+03 6.924000000000000155e-01
2.000000000000000000e+00 6.907999999999999696e-01
1.000000000000000000e+00 6.912000000000000366e-01
1.000000000000000000e+00 6.915999999999999925e-01
3.000000000000000000e+00 6.919999999999999485e-01
2.460000000000000000e+02 6.924000000000000155e-01
0.000000000000000000e+00 6.927999999999999714e-01
5.000000000000000000e+00 6.932000000000000384e-01
0.000000000000000000e+00 6.935999999999999943e-01
2.000000000000000000e+00 6.939999999999999503e-01
1.730000000000000000e+02 6.944000000000000172e-01
1.400000000000000000e+01 6.947999999999999732e-01
5.000000000000000000e+00 6.952000000000000401e-01
0.000000000000000000e+00 6.955999999999999961e-01
5.000000000000000000e+01 6.959999999999999520e-01
0.000000000000000000e+00 6.964000000000000190e-01
0.000000000000000000e+00 6.967999999999999750e-01
0.000000000000000000e+00 6.972000000000000419e-01
3.400000000000000000e+01 6.975999999999999979e-01
1.600000000000000000e+01 6.975999999999999979e-01
0.000000000000000000e+00 6.979999999999999538e-01
0.000000000000000000e+00 6.984000000000000208e-01
0.000000000000000000e+00 6.987999999999999767e-01
1.000000000000000000e+01 6.992000000000000437e-01
6.960000000000000000e+02 6.992000000000000437e-01
3.000000000000000000e+00 6.959999999999999520e-01
3.000000000000000000e+00 6.964000000000000190e-01
1.000000000000000000e+01 6.967999999999999750e-01
1.000000000000000000e+00 6.972000000000000419e-01
1.870000000000000000e+02 6.975999999999999979e-01
0.000000000000000000e+00 6.975999999999999979e-01
4.000000000000000000e+00 6.979999999999999538e-01
9.800000000000000000e+02 6.984000000000000208e-01
5.600000000000000000e+01 6.967999999999999750e-01
0.000000000000000000e+00 6.972000000000000419e-01
2.300000000000000000e+01 6.975999999999999979e-01
0.000000000000000000e+00 6.979999999999999538e-01
8.000000000000000000e+00 6.984000000000000208e-01
0.000000000000000000e+00 6.984000000000000208e-01
1.500000000000000000e+01 6.987999999999999767e-01
1.400000000000000000e+01 6.984000000000000208e-01
0.000000000000000000e+00 6.987999999999999767e-01
0.000000000000000000e+00 6.992000000000000437e-01
0.000000000000000000e+00 6.995999999999999996e-01
3.000000000000000000e+00 6.999999999999999556e-01
4.000000000000000000e+00 7.004000000000000226e-01
8.000000000000000000e+00 7.007999999999999785e-01
0.000000000000000000e+00 7.012000000000000455e-01
2.800000000000000000e+01 7.016000000000000014e-01
9.000000000000000000e+00 7.019999999999999574e-01
9.000000000000000000e+00 7.024000000000000243e-01
0.000000000000000000e+00 7.027999999999999803e-01
0.000000000000000000e+00 7.032000000000000473e-01
4.000000000000000000e+00 7.036000000000000032e-01
8.233000000000000000e+03 7.039999999999999591e-01
0.000000000000000000e+00 6.899999999999999467e-01
1.070000000000000000e+02 6.904000000000000137e-01
3.000000000000000000e+00 6.904000000000000137e-01
0.000000000000000000e+00 6.907999999999999696e-01
5.300000000000000000e+01 6.912000000000000366e-01
3.800000000000000000e+01 6.912000000000000366e-01
0.000000000000000000e+00 6.915999999999999925e-01
6.000000000000000000e+00 6.919999999999999485e-01
0.000000000000000000e+00 6.924000000000000155e-01
1.500000000000000000e+02 6.927999999999999714e-01
1.070000000000000000e+02 6.912000000000000366e-01
4.000000000000000000e+00 6.907999999999999696e-01
0.000000000000000000e+00 6.912000000000000366e-01
5.000000000000000000e+01 6.915999999999999925e-01
1.000000000000000000e+00 6.915999999999999925e-01
3.000000000000000000e+00 6.919999999999999485e-01
0.000000000000000000e+00 6.924000000000000155e-01
0.000000000000000000e+00 6.927999999999999714e-01
0.000000000000000000e+00 6.932000000000000384e-01
0.000000000000000000e+00 6.935999999999999943e-01
1.600000000000000000e+01 6.939999999999999503e-01
1.200000000000000000e+01 6.944000000000000172e-01
0.000000000000000000e+00 6.947999999999999732e-01
2.000000000000000000e+00 6.952000000000000401e-01
2.100000000000000000e+01 6.955999999999999961e-01
0.000000000000000000e+00 6.959999999999999520e-01
2.000000000000000000e+00 6.964000000000000190e-01
0.000000000000000000e+00 6.967999999999999750e-01
2.000000000000000000e+00 6.972000000000000419e-01
1.000000000000000000e+00 6.975999999999999979e-01
2.800000000000000000e+01 6.979999999999999538e-01
1.300000000000000000e+01 6.984000000000000208e-01
1.300000000000000000e+01 6.987999999999999767e-01
0.000000000000000000e+00 6.992000000000000437e-01
2.900000000000000000e+01 6.995999999999999996e-01
4.000000000000000000e+01 6.999999999999999556e-01
0.000000000000000000e+00 7.004000000000000226e-01
9.000000000000000000e+01 7.007999999999999785e-01
0.000000000000000000e+00 7.012000000000000455e-01
1.000000000000000000e+00 7.016000000000000014e-01
1.000000000000000000e+00 7.012000000000000455e-01
0.000000000000000000e+00 7.016000000000000014e-01
2.920000000000000000e+02 7.019999999999999574e-01
2.000000000000000000e+00 7.024000000000000243e-01
1.200000000000000000e+01 7.027999999999999803e-01
4.000000000000000000e+00 7.032000000000000473e-01
1.240000000000000000e+02 7.036000000000000032e-01
2.000000000000000000e+00 7.032000000000000473e-01
1.009000000000000000e+03 7.036000000000000032e-01
1.430000000000000000e+02 7.007999999999999785e-01
3.000000000000000000e+00 7.012000000000000455e-01
0.000000000000000000e+00 7.016000000000000014e-01
1.000000000000000000e+00 7.019999999999999574e-01
0.000000000000000000e+00 7.024000000000000243e-01
1.600000000000000000e+01 7.027999999999999803e-01
0.000000000000000000e+00 7.007999999999999785e-01
0.000000000000000000e+00 7.012000000000000455e-01
1.270000000000000000e+02 7.016000000000000014e-01
6.785000000000000000e+03 7.019999999999999574e-01
0.000000000000000000e+00 6.947999999999999732e-01
0.000000000000000000e+00 6.952000000000000401e-01
3.000000000000000000e+00 6.955999999999999961e-01
4.000000000000000000e+00 6.959999999999999520e-01
2.770000000000000000e+02 6.964000000000000190e-01
1.100000000000000000e+01 6.959999999999999520e-01
0.000000000000000000e+00 6.964000000000000190e-01
1.100000000000000000e+01 6.967999999999999750e-01
0.000000000000000000e+00 6.972000000000000419e-01
0.000000000000000000e+00 6.975999999999999979e-01
1.800000000000000000e+01 6.979999999999999538e-01
0.000000000000000000e+00 6.984000000000000208e-01
7.000000000000000000e+00 6.987999999999999767e-01
2.000000000000000000e+00 6.984000000000000208e-01
4.000000000000000000e+00 6.987999999999999767e-01
4.410000000000000000e+02 6.992000000000000437e-01
0.000000000000000000e+00 6.995999999999999996e-01
2.800000000000000000e+01 6.999999999999999556e-01
1.100000000000000000e+01 7.004000000000000226e-01
2.000000000000000000e+00 7.007999999999999785e-01
1.200000000000000000e+01 7.012000000000000455e-01
9.500000000000000000e+01 7.007999999999999785e-01
1.000000000000000000e+00 7.004000000000000226e-01
0.000000000000000000e+00 7.007999999999999785e-01
2.000000000000000000e+00 7.012000000000000455e-01
2.936000000000000000e+03 7.016000000000000014e-01
7.700000000000000000e+01 6.964000000000000190e-01
2.000000000000000000e+00 6.955999999999999961e-01
4.830000000000000000e+02 6.955999999999999961e-01
0.000000000000000000e+00 6.927999999999999714e-01
1.000000000000000000e+00 6.932000000000000384e-01
0.000000000000000000e+00 6.935999999999999943e-01
0.000000000000000000e+00 6.939999999999999503e-01
3.000000000000000000e+01 6.944000000000000172e-01
2.000000000000000000e+00 6.947999999999999732e-01
5.000000000000000000e+00 6.952000000000000401e-01
0.000000000000000000e+00 6.955999999999999961e-01
6.000000000000000000e+00 6.959999999999999520e-01
9.700000000000000000e+01 6.964000000000000190e-01
3.229000000000000000e+03 6.967999999999999750e-01
0.000000000000000000e+00 6.895999999999999908e-01
1.370000000000000000e+02 6.899999999999999467e-01
0.000000000000000000e+00 6.904000000000000137e-01
1.435000000000000000e+03 6.907999999999999696e-01
2.500000000000000000e+01 6.864000000000000101e-01
4.600000000000000000e+01 6.855999999999999872e-01
3.000000000000000000e+00 6.860000000000000542e-01
0.000000000000000000e+00 6.864000000000000101e-01
3.500000000000000000e+01 6.867999999999999661e-01
1.800000000000000000e+01 6.867999999999999661e-01
0.000000000000000000e+00 6.872000000000000330e-01
1.730000000000000000e+02 6.875999999999999890e-01
1.800000000000000000e+01 6.879999999999999449e-01
1.000000000000000000e+01 6.884000000000000119e-01
4.700000000000000000e+01 6.887999999999999678e-01
3.000000000000000000e+00 6.892000000000000348e-01
6.600000000000000000e+01 6.895999999999999908e-01
9.000000000000000000e+00 6.899999999999999467e-01
1.400000000000000000e+01 6.904000000000000137e-01
0.000000000000000000e+00 6.907999999999999696e-01
4.000000000000000000e+00 6.912000000000000366e-01
0.000000000000000000e+00 6.915999999999999925e-01
5.500000000000000000e+01 6.919999999999999485e-01
2.000000000000000000e+01 6.919999999999999485e-01
0.000000000000000000e+00 6.924000000000000155e-01
0.000000000000000000e+00 6.927999999999999714e-01
0.000000000000000000e+00 6.932000000000000384e-01
2.000000000000000000e+00 6.935999999999999943e-01
5.100000000000000000e+01 6.939999999999999503e-01
4.900000000000000000e+01 6.944000000000000172e-01
0.000000000000000000e+00 6.947999999999999732e-01
4.000000000000000000e+00 6.952000000000000401e-01
3.000000000000000000e+00 6.952000000000000401e-01
2.000000000000000000e+00 6.947999999999999732e-01
7.000000000000000000e+02 6.952000000000000401e-01
1.790000000000000000e+02 6.952000000000000401e-01
1.000000000000000000e+01 6.944000000000000172e-01
5.730000000000000000e+02 6.947999999999999732e-01
8.100000000000000000e+01 6.915999999999999925e-01
1.977000000000000000e+03 6.919999999999999485e-01
3.900000000000000000e+01 6.887999999999999678e-01
0.000000000000000000e+00 6.887999999999999678e-01
1.220000000000000000e+02 6.892000000000000348e-01
0.000000000000000000e+00 6.895999999999999908e-01
2.000000000000000000e+00 6.899999999999999467e-01
2.000000000000000000e+00 6.904000000000000137e-01
4.100000000000000000e+01 6.899999999999999467e-01
4.100000000000000000e+01 6.904000000000000137e-01
5.000000000000000000e+00 6.907999999999999696e-01
1.000000000000000000e+01 6.912000000000000366e-01
2.000000000000000000e+00 6.915999999999999925e-01
0.000000000000000000e+00 6.919999999999999485e-01
1.000000000000000000e+00 6.924000000000000155e-01
8.000000000000000000e+00 6.927999999999999714e-01
1.000000000000000000e+00 6.932000000000000384e-01
0.000000000000000000e+00 6.932000000000000384e-01
9.000000000000000000e+01 6.935999999999999943e-01
1.900000000000000000e+01 6.939999999999999503e-01
5.000000000000000000e+00 6.944000000000000172e-01
2.100000000000000000e+01 6.947999999999999732e-01
2.633000000000000000e+03 6.952000000000000401e-01
5.200000000000000000e+01 6.915999999999999925e-01
2.800000000000000000e+01 6.919999999999999485e-01
0.000000000000000000e+00 6.924000000000000155e-01
3.781000000000000000e+03 6.927999999999999714e-01
1.100000000000000000e+01 6.919999999999999485e-01
0.000000000000000000e+00 6.924000000000000155e-01
4.000000000000000000e+00 6.927999999999999714e-01
8.000000000000000000e+00 6.932000000000000384e-01
2.560000000000000000e+02 6.935999999999999943e-01
0.000000000000000000e+00 6.932000000000000384e-01
0.000000000000000000e+00 6.935999999999999943e-01
6.900000000000000000e+01 6.939999999999999503e-01
8.000000000000000000e+00 6.924000000000000155e-01
0.000000000000000000e+00 6.927999999999999714e-01
8.000000000000000000e+00 6.932000000000000384e-01
3.100000000000000000e+01 6.927999999999999714e-01
4.000000000000000000e+00 6.932000000000000384e-01
0.000000000000000000e+00 6.935999999999999943e-01
1.000000000000000000e+00 6.939999999999999503e-01
7.000000000000000000e+00 6.944000000000000172e-01
1.500000000000000000e+01 6.947999999999999732e-01
4.600000000000000000e+01 6.952000000000000401e-01
0.000000000000000000e+00 6.952000000000000401e-01
0.000000000000000000e+00 6.955999999999999961e-01
0.000000000000000000e+00 6.959999999999999520e-01
0.000000000000000000e+00 6.964000000000000190e-01
2.980000000000000000e+02 6.967999999999999750e-01
0.000000000000000000e+00 6.972000000000000419e-01
7.000000000000000000e+00 6.975999999999999979e-01
3.000000000000000000e+00 6.979999999999999538e-01
3.600000000000000000e+01 6.984000000000000208e-01
7.000000000000000000e+00 6.987999999999999767e-01
1.800000000000000000e+02 6.992000000000000437e-01
0.000000000000000000e+00 6.995999999999999996e-01
0.000000000000000000e+00 6.999999999999999556e-01
1.000000000000000000e+00 7.004000000000000226e-01
4.860000000000000000e+02 7.007999999999999785e-01
2.000000000000000000e+00 7.012000000000000455e-01
2.480000000000000000e+02 7.012000000000000455e-01
0.000000000000000000e+00 7.016000000000000014e-01
2.210000000000000000e+02 7.019999999999999574e-01
5.000000000000000000e+01 7.024000000000000243e-01
3.505000000000000000e+03 7.016000000000000014e-01
0.000000000000000000e+00 6.984000000000000208e-01
0.000000000000000000e+00 6.987999999999999767e-01
1.500000000000000000e+01 6.992000000000000437e-01
4.690000000000000000e+02 6.995999999999999996e-01
2.000000000000000000e+00 6.999999999999999556e-01
0.000000000000000000e+00 7.004000000000000226e-01
1.830000000000000000e+02 7.007999999999999785e-01
2.050000000000000000e+02 6.972000000000000419e-01
4.000000000000000000e+00 6.932000000000000384e-01
1.200000000000000000e+01 6.935999999999999943e-01
7.000000000000000000e+00 6.939999999999999503e-01
0.000000000000000000e+00 6.944000000000000172e-01
0.000000000000000000e+00 6.947999999999999732e-01
1.000000000000000000e+00 6.952000000000000401e-01
0.000000000000000000e+00 6.955999999999999961e-01
0.000000000000000000e+00 6.959999999999999520e-01
4.200000000000000000e+01 6.964000000000000190e-01
0.000000000000000000e+00 6.955999999999999961e-01
1.250000000000000000e+02 6.959999999999999520e-01
2.900000000000000000e+01 6.964000000000000190e-01
5.399000000000000000e+03 6.967999999999999750e-01
0.000000000000000000e+00 6.907999999999999696e-01
1.400000000000000000e+01 6.912000000000000366e-01
1.000000000000000000e+00 6.915999999999999925e-01
0.000000000000000000e+00 6.912000000000000366e-01
4.900000000000000000e+01 6.915999999999999925e-01
0.000000000000000000e+00 6.919999999999999485e-01
1.300000000000000000e+01 6.924000000000000155e-01
1.400000000000000000e+01 6.927999999999999714e-01
7.700000000000000000e+01 6.932000000000000384e-01
1.000000000000000000e+02 6.935999999999999943e-01
1.700000000000000000e+01 6.939999999999999503e-01
0.000000000000000000e+00 6.944000000000000172e-01
1.066000000000000000e+03 6.947999999999999732e-01
1.300000000000000000e+01 6.919999999999999485e-01
6.600000000000000000e+01 6.924000000000000155e-01
7.634000000000000000e+03 6.927999999999999714e-01
0.000000000000000000e+00 6.852000000000000313e-01
0.000000000000000000e+00 6.855999999999999872e-01
2.700000000000000000e+01 6.860000000000000542e-01
0.000000000000000000e+00 6.864000000000000101e-01
1.000000000000000000e+00 6.867999999999999661e-01
4.300000000000000000e+01 6.867999999999999661e-01
5.700000000000000000e+01 6.855999999999999872e-01
0.000000000000000000e+00 6.860000000000000542e-01
3.080000000000000000e+02 6.864000000000000101e-01
4.700000000000000000e+01 6.860000000000000542e-01
1.300000000000000000e+01 6.864000000000000101e-01
0.000000000000000000e+00 6.864000000000000101e-01
9.000000000000000000e+00 6.867999999999999661e-01
2.800000000000000000e+01 6.872000000000000330e-01
2.000000000000000000e+00 6.875999999999999890e-01
8.000000000000000000e+00 6.879999999999999449e-01
1.110000000000000000e+02 6.884000000000000119e-01
0.000000000000000000e+00 6.879999999999999449e-01
2.000000000000000000e+00 6.884000000000000119e-01
4.000000000000000000e+00 6.887999999999999678e-01
2.820000000000000000e+02 6.892000000000000348e-01
0.000000000000000000e+00 6.895999999999999908e-01
7.000000000000000000e+00 6.899999999999999467e-01
5.000000000000000000e+00 6.904000000000000137e-01
2.000000000000000000e+00 6.904000000000000137e-01
1.400000000000000000e+01 6.907999999999999696e-01
1.000000000000000000e+00 6.912000000000000366e-01
0.000000000000000000e+00 6.915999999999999925e-01
1.800000000000000000e+01 6.919999999999999485e-01
2.700000000000000000e+01 6.924000000000000155e-01
0.000000000000000000e+00 6.927999999999999714e-01
1.500000000000000000e+01 6.932000000000000384e-01
1.030000000000000000e+02 6.935999999999999943e-01
1.500000000000000000e+01 6.915999999999999925e-01
1.500000000000000000e+01 6.912000000000000366e-01
1.000000000000000000e+00 6.915999999999999925e-01
9.220000000000000000e+02 6.919999999999999485e-01
1.970000000000000000e+02 6.899999999999999467e-01
2.300000000000000000e+01 6.904000000000000137e-01
1.490000000000000000e+02 6.907999999999999696e-01
4.800000000000000000e+01 6.912000000000000366e-01
1.000000000000000000e+01 6.915999999999999925e-01
2.000000000000000000e+00 6.919999999999999485e-01
0.000000000000000000e+00 6.924000000000000155e-01
0.000000000000000000e+00 6.927999999999999714e-01
1.750000000000000000e+02 6.932000000000000384e-01
2.060000000000000000e+02 6.935999999999999943e-01
2.000000000000000000e+00 6.932000000000000384e-01
4.000000000000000000e+00 6.935999999999999943e-01
1.500000000000000000e+01 6.939999999999999503e-01
0.000000000000000000e+00 6.944000000000000172e-01
1.000000000000000000e+01 6.947999999999999732e-01
5.000000000000000000e+00 6.947999999999999732e-01
4.000000000000000000e+00 6.952000000000000401e-01
5.000000000000000000e+01 6.955999999999999961e-01
2.000000000000000000e+00 6.959999999999999520e-01
0.000000000000000000e+00 6.964000000000000190e-01
2.000000000000000000e+00 6.967999999999999750e-01
0.000000000000000000e+00 6.972000000000000419e-01
8.970000000000000000e+02 6.975999999999999979e-01
5.000000000000000000e+00 6.979999999999999538e-01
2.900000000000000000e+01 6.984000000000000208e-01
5.500000000000000000e+01 6.984000000000000208e-01
3.910000000000000000e+02 6.979999999999999538e-01
1.230000000000000000e+02 6.984000000000000208e-01
0.000000000000000000e+00 6.952000000000000401e-01
1.000000000000000000e+00 6.955999999999999961e-01
2.000000000000000000e+00 6.955999999999999961e-01
3.000000000000000000e+00 6.959999999999999520e-01
1.000000000000000000e+00 6.964000000000000190e-01
5.540000000000000000e+02 6.967999999999999750e-01
8.170000000000000000e+03 6.952000000000000401e-01
0.000000000000000000e+00 6.872000000000000330e-01
3.000000000000000000e+00 6.875999999999999890e-01
2.000000000000000000e+00 6.879999999999999449e-01
5.000000000000000000e+00 6.884000000000000119e-01
6.000000000000000000e+00 6.887999999999999678e-01
3.000000000000000000e+00 6.892000000000000348e-01
1.030000000000000000e+02 6.895999999999999908e-01
4.500000000000000000e+01 6.895999999999999908e-01
0.000000000000000000e+00 6.899999999999999467e-01
6.190000000000000000e+02 6.904000000000000137e-01
5.000000000000000000e+00 6.899999999999999467e-01
1.000000000000000000e+00 6.904000000000000137e-01
1.203000000000000000e+03 6.904000000000000137e-01
2.000000000000000000e+00 6.875999999999999890e-01
1.900000000000000000e+01 6.879999999999999449e-01
4.000000000000000000e+00 6.884000000000000119e-01
1.000000000000000000e+00 6.887999999999999678e-01
0.000000000000000000e+00 6.892000000000000348e-01
3.910000000000000000e+02 6.895999999999999908e-01
1.006000000000000000e+03 6.879999999999999449e-01
4.000000000000000000e+00 6.852000000000000313e-01
4.000000000000000000e+00 6.855999999999999872e-01
1.400000000000000000e+01 6.860000000000000542e-01
5.000000000000000000e+00 6.844000000000000083e-01
1.000000000000000000e+00 6.844000000000000083e-01
0.000000000000000000e+00 6.847999999999999643e-01
3.046000000000000000e+03 6.852000000000000313e-01
1.600000000000000000e+01 6.844000000000000083e-01
5.000000000000000000e+00 6.847999999999999643e-01
0.000000000000000000e+00 6.852000000000000313e-01
4.000000000000000000e+00 6.855999999999999872e-01
0.000000000000000000e+00 6.860000000000000542e-01
0.000000000000000000e+00 6.864000000000000101e-01
7.000000000000000000e+00 6.867999999999999661e-01
9.000000000000000000e+00 6.872000000000000330e-01
1.210000000000000000e+02 6.875999999999999890e-01
0.000000000000000000e+00 6.879999999999999449e-01
6.500000000000000000e+01 6.884000000000000119e-01
5.000000000000000000e+00 6.887999999999999678e-01
0.000000000000000000e+00 6.892000000000000348e-01
0.000000000000000000e+00 6.895999999999999908e-01
1.087000000000000000e+03 6.899999999999999467e-01
0.000000000000000000e+00 6.887999999999999678e-01
2.000000000000000000e+00 6.892000000000000348e-01
1.853000000000000000e+03 6.887999999999999678e-01
2.000000000000000000e+00 6.864000000000000101e-01
5.500000000000000000e+01 6.867999999999999661e-01
1.300000000000000000e+01 6.864000000000000101e-01
1.300000000000000000e+01 6.867999999999999661e-01
3.000000000000000000e+00 6.872000000000000330e-01
1.470000000000000000e+02 6.875999999999999890e-01
0.000000000000000000e+00 6.864000000000000101e-01
3.000000000000000000e+00 6.867999999999999661e-01
3.440000000000000000e+02 6.872000000000000330e-01
4.000000000000000000e+01 6.860000000000000542e-01
1.100000000000000000e+01 6.855999999999999872e-01
8.000000000000000000e+00 6.860000000000000542e-01
1.000000000000000000e+00 6.864000000000000101e-01
8.800000000000000000e+01 6.867999999999999661e-01
1.400000000000000000e+01 6.872000000000000330e-01
0.000000000000000000e+00 6.875999999999999890e-01
4.000000000000000000e+00 6.879999999999999449e-01
5.000000000000000000e+00 6.879999999999999449e-01
0.000000000000000000e+00 6.884000000000000119e-01
8.900000000000000000e+01 6.887999999999999678e-01
0.000000000000000000e+00 6.884000000000000119e-01
2.000000000000000000e+00 6.887999999999999678e-01
2.630000000000000000e+02 6.892000000000000348e-01
0.000000000000000000e+00 6.895999999999999908e-01
4.373000000000000000e+03 6.899999999999999467e-01
2.000000000000000000e+00 6.815999999999999837e-01
3.300000000000000000e+01 6.820000000000000506e-01
1.000000000000000000e+00 6.824000000000000066e-01
0.000000000000000000e+00 6.827999999999999625e-01
6.000000000000000000e+00 6.832000000000000295e-01
0.000000000000000000e+00 6.835999999999999854e-01
8.000000000000000000e+00 6.840000000000000524e-01
1.600000000000000000e+02 6.844000000000000083e-01
2.000000000000000000e+00 6.847999999999999643e-01
0.000000000000000000e+00 6.852000000000000313e-01
6.000000000000000000e+00 6.855999999999999872e-01
0.000000000000000000e+00 6.860000000000000542e-01
4.000000000000000000e+00 6.864000000000000101e-01
1.000000000000000000e+00 6.867999999999999661e-01
3.600000000000000000e+01 6.872000000000000330e-01
1.000000000000000000e+01 6.875999999999999890e-01
0.000000000000000000e+00 6.879999999999999449e-01
6.250000000000000000e+02 6.884000000000000119e-01
8.800000000000000000e+01 6.884000000000000119e-01
0.000000000000000000e+00 6.887999999999999678e-01
2.082000000000000000e+03 6.892000000000000348e-01
0.000000000000000000e+00 6.887999999999999678e-01
2.000000000000000000e+00 6.892000000000000348e-01
5.000000000000000000e+00 6.895999999999999908e-01
7.100000000000000000e+01 6.899999999999999467e-01
2.000000000000000000e+00 6.904000000000000137e-01
0.000000000000000000e+00 6.907999999999999696e-01
3.900000000000000000e+01 6.912000000000000366e-01
7.400000000000000000e+01 6.915999999999999925e-01
4.000000000000000000e+00 6.919999999999999485e-01
1.500000000000000000e+01 6.924000000000000155e-01
0.000000000000000000e+00 6.927999999999999714e-01
2.398000000000000000e+03 6.932000000000000384e-01
5.900000000000000000e+01 6.935999999999999943e-01
1.000000000000000000e+00 6.939999999999999503e-01
7.590000000000000000e+02 6.939999999999999503e-01
0.000000000000000000e+00 6.892000000000000348e-01
4.000000000000000000e+01 6.895999999999999908e-01
1.000000000000000000e+00 6.899999999999999467e-01
4.000000000000000000e+00 6.904000000000000137e-01
0.000000000000000000e+00 6.904000000000000137e-01
3.200000000000000000e+01 6.907999999999999696e-01
0.000000000000000000e+00 6.912000000000000366e-01
0.000000000000000000e+00 6.915999999999999925e-01
0.000000000000000000e+00 6.919999999999999485e-01
3.400000000000000000e+01 6.924000000000000155e-01
0.000000000000000000e+00 6.927999999999999714e-01
0.000000000000000000e+00 6.932000000000000384e-01
1.400000000000000000e+01 6.935999999999999943e-01
4.270000000000000000e+02 6.939999999999999503e-01
5.600000000000000000e+01 6.939999999999999503e-01
2.468000000000000000e+03 6.935999999999999943e-01
2.000000000000000000e+00 6.884000000000000119e-01
1.456000000000000000e+03 6.884000000000000119e-01
0.000000000000000000e+00 6.864000000000000101e-01
1.000000000000000000e+01 6.867999999999999661e-01
4.000000000000000000e+00 6.872000000000000330e-01
0.000000000000000000e+00 6.875999999999999890e-01
1.698000000000000000e+03 6.879999999999999449e-01
0.000000000000000000e+00 6.884000000000000119e-01
5.000000000000000000e+00 6.887999999999999678e-01
7.000000000000000000e+00 6.887999999999999678e-01
2.000000000000000000e+00 6.892000000000000348e-01
0.000000000000000000e+00 6.895999999999999908e-01
2.300000000000000000e+01 6.899999999999999467e-01
0.000000000000000000e+00 6.904000000000000137e-01
0.000000000000000000e+00 6.907999999999999696e-01
3.000000000000000000e+00 6.912000000000000366e-01
4.000000000000000000e+00 6.915999999999999925e-01
1.000000000000000000e+00 6.915999999999999925e-01
1.059000000000000000e+03 6.919999999999999485e-01
1.000000000000000000e+00 6.899999999999999467e-01
2.000000000000000000e+00 6.904000000000000137e-01
3.160000000000000000e+02 6.907999999999999696e-01
2.000000000000000000e+00 6.912000000000000366e-01
2.010000000000000000e+02 6.915999999999999925e-01
2.900000000000000000e+01 6.912000000000000366e-01
1.400000000000000000e+01 6.915999999999999925e-01
0.000000000000000000e+00 6.919999999999999485e-01
1.200000000000000000e+01 6.924000000000000155e-01
2.900000000000000000e+01 6.927999999999999714e-01
4.000000000000000000e+00 6.932000000000000384e-01
5.400000000000000000e+01 6.935999999999999943e-01
0.000000000000000000e+00 6.939999999999999503e-01
0.000000000000000000e+00 6.944000000000000172e-01
6.000000000000000000e+00 6.947999999999999732e-01
1.870000000000000000e+02 6.947999999999999732e-01
8.300000000000000000e+01 6.939999999999999503e-01
1.100000000000000000e+01 6.944000000000000172e-01
9.200000000000000000e+01 6.947999999999999732e-01
7.000000000000000000e+00 6.935999999999999943e-01
0.000000000000000000e+00 6.939999999999999503e-01
3.000000000000000000e+00 6.944000000000000172e-01
5.000000000000000000e+00 6.947999999999999732e-01
0.000000000000000000e+00 6.952000000000000401e-01
0.000000000000000000e+00 6.955999999999999961e-01
0.000000000000000000e+00 6.959999999999999520e-01
4.500000000000000000e+01 6.964000000000000190e-01
3.100000000000000000e+01 6.964000000000000190e-01
4.000000000000000000e+00 6.955999999999999961e-01
3.820000000000000000e+02 6.959999999999999520e-01
3.600000000000000000e+01 6.944000000000000172e-01
2.000000000000000000e+00 6.947999999999999732e-01
9.900000000000000000e+01 6.952000000000000401e-01
2.000000000000000000e+00 6.955999999999999961e-01
2.000000000000000000e+00 6.959999999999999520e-01
4.900000000000000000e+01 6.959999999999999520e-01
2.000000000000000000e+00 6.964000000000000190e-01
0.000000000000000000e+00 6.967999999999999750e-01
0.000000000000000000e+00 6.972000000000000419e-01
0.000000000000000000e+00 6.975999999999999979e-01
0.000000000000000000e+00 6.979999999999999538e-01
2.000000000000000000e+00 6.984000000000000208e-01
8.000000000000000000e+01 6.987999999999999767e-01
3.000000000000000000e+00 6.992000000000000437e-01
1.410000000000000000e+02 6.995999999999999996e-01
0.000000000000000000e+00 6.999999999999999556e-01
0.000000000000000000e+00 7.004000000000000226e-01
0.000000000000000000e+00 7.007999999999999785e-01
3.000000000000000000e+00 7.012000000000000455e-01
0.000000000000000000e+00 7.016000000000000014e-01
1.000000000000000000e+00 7.019999999999999574e-01
3.000000000000000000e+00 7.024000000000000243e-01
0.000000000000000000e+00 7.027999999999999803e-01
1.230000000000000000e+02 7.032000000000000473e-01
7.820000000000000000e+02 7.024000000000000243e-01
3.300000000000000000e+01 7.027999999999999803e-01
3.300000000000000000e+01 7.032000000000000473e-01
1.200000000000000000e+02 7.036000000000000032e-01
0.000000000000000000e+00 7.027999999999999803e-01
1.471000000000000000e+03 7.032000000000000473e-01
4.000000000000000000e+00 6.955999999999999961e-01
7.000000000000000000e+00 6.955999999999999961e-01
0.000000000000000000e+00 6.952000000000000401e-01
0.000000000000000000e+00 6.955999999999999961e-01
0.000000000000000000e+00 6.959999999999999520e-01
8.000000000000000000e+00 6.964000000000000190e-01
2.100000000000000000e+02 6.967999999999999750e-01
3.000000000000000000e+00 6.947999999999999732e-01
3.000000000000000000e+00 6.947999999999999732e-01
3.000000000000000000e+00 6.952000000000000401e-01
1.000000000000000000e+00 6.955999999999999961e-01
3.000000000000000000e+00 6.959999999999999520e-01
4.000000000000000000e+00 6.955999999999999961e-01
0.000000000000000000e+00 6.959999999999999520e-01
0.000000000000000000e+00 6.964000000000000190e-01
7.000000000000000000e+00 6.967999999999999750e-01
2.600000000000000000e+01 6.972000000000000419e-01
1.000000000000000000e+00 6.975999999999999979e-01
2.500000000000000000e+01 6.979999999999999538e-01
5.000000000000000000e+00 6.984000000000000208e-01
4.000000000000000000e+00 6.987999999999999767e-01
3.764000000000000000e+03 6.992000000000000437e-01
4.794000000000000000e+03 6.947999999999999732e-01
6.000000000000000000e+00 6.887999999999999678e-01
0.000000000000000000e+00 6.892000000000000348e-01
2.000000000000000000e+00 6.895999999999999908e-01
1.760000000000000000e+02 6.899999999999999467e-01
0.000000000000000000e+00 6.904000000000000137e-01
0.000000000000000000e+00 6.907999999999999696e-01
0.000000000000000000e+00 6.912000000000000366e-01
8.000000000000000000e+00 6.915999999999999925e-01
2.000000000000000000e+00 6.919999999999999485e-01
1.700000000000000000e+01 6.924000000000000155e-01
1.200000000000000000e+01 6.924000000000000155e-01
2.780000000000000000e+02 6.927999999999999714e-01
3.000000000000000000e+00 6.932000000000000384e-01
0.000000000000000000e+00 6.935999999999999943e-01
3.000000000000000000e+00 6.939999999999999503e-01
0.000000000000000000e+00 6.944000000000000172e-01
2.000000000000000000e+00 6.947999999999999732e-01
1.700000000000000000e+01 6.952000000000000401e-01
1.000000000000000000e+00 6.955999999999999961e-01
1.000000000000000000e+00 6.959999999999999520e-01
1.838000000000000000e+03 6.964000000000000190e-01
4.260000000000000000e+02 6.927999999999999714e-01
1.400000000000000000e+02 6.932000000000000384e-01
8.100000000000000000e+01 6.935999999999999943e-01
0.000000000000000000e+00 6.939999999999999503e-01
1.200000000000000000e+01 6.944000000000000172e-01
1.100000000000000000e+01 6.944000000000000172e-01
5.000000000000000000e+00 6.947999999999999732e-01
0.000000000000000000e+00 6.952000000000000401e-01
1.285000000000000000e+03 6.955999999999999961e-01
1.100000000000000000e+01 6.924000000000000155e-01
1.700000000000000000e+01 6.927999999999999714e-01
4.800000000000000000e+01 6.932000000000000384e-01
1.600000000000000000e+02 6.935999999999999943e-01
0.000000000000000000e+00 6.939999999999999503e-01
0.000000000000000000e+00 6.944000000000000172e-01
7.000000000000000000e+00 6.947999999999999732e-01
0.000000000000000000e+00 6.952000000000000401e-01
1.000000000000000000e+00 6.955999999999999961e-01
3.200000000000000000e+01 6.959999999999999520e-01
0.000000000000000000e+00 6.947999999999999732e-01
0.000000000000000000e+00 6.952000000000000401e-01
4.000000000000000000e+00 6.955999999999999961e-01
0.000000000000000000e+00 6.959999999999999520e-01
1.000000000000000000e+00 6.964000000000000190e-01
2.400000000000000000e+01 6.964000000000000190e-01
4.340000000000000000e+02 6.964000000000000190e-01
2.000000000000000000e+00 6.964000000000000190e-01
1.700000000000000000e+01 6.967999999999999750e-01
2.080000000000000000e+02 6.972000000000000419e-01
1.490000000000000000e+02 6.975999999999999979e-01
3.900000000000000000e+01 6.972000000000000419e-01
0.000000000000000000e+00 6.975999999999999979e-01
0.000000000000000000e+00 6.979999999999999538e-01
5.000000000000000000e+00 6.984000000000000208e-01
6.300000000000000000e+01 6.987999999999999767e-01
0.000000000000000000e+00 6.992000000000000437e-01
1.800000000000000000e+01 6.995999999999999996e-01
6.000000000000000000e+00 6.999999999999999556e-01
0.000000000000000000e+00 7.004000000000000226e-01
1.000000000000000000e+01 7.007999999999999785e-01
2.000000000000000000e+00 7.012000000000000455e-01
0.000000000000000000e+00 7.016000000000000014e-01
0.000000000000000000e+00 7.019999999999999574e-01
6.000000000000000000e+00 7.024000000000000243e-01
2.223000000000000000e+03 7.027999999999999803e-01
4.900000000000000000e+01 7.016000000000000014e-01
2.000000000000000000e+00 7.019999999999999574e-01
0.000000000000000000e+00 7.024000000000000243e-01
2.400000000000000000e+01 7.027999999999999803e-01
7.540000000000000000e+02 7.027999999999999803e-01
2.000000000000000000e+00 7.019999999999999574e-01
9.000000000000000000e+00 7.024000000000000243e-01
1.000000000000000000e+00 7.027999999999999803e-01
3.400000000000000000e+01 7.032000000000000473e-01
7.000000000000000000e+00 7.036000000000000032e-01
0.000000000000000000e+00 7.036000000000000032e-01
1.000000000000000000e+01 7.039999999999999591e-01
1.900000000000000000e+01 7.044000000000000261e-01
8.393000000000000000e+03 7.047999999999999821e-01
2.000000000000000000e+00 6.912000000000000366e-01
1.340000000000000000e+02 6.915999999999999925e-01
2.200000000000000000e+01 6.919999999999999485e-01
1.430000000000000000e+02 6.919999999999999485e-01
1.000000000000000000e+00 6.924000000000000155e-01
1.000000000000000000e+01 6.924000000000000155e-01
0.000000000000000000e+00 6.927999999999999714e-01
2.900000000000000000e+01 6.932000000000000384e-01
5.000000000000000000e+00 6.935999999999999943e-01
3.700000000000000000e+01 6.939999999999999503e-01
1.156000000000000000e+03 6.927999999999999714e-01
1.200000000000000000e+01 6.915999999999999925e-01
0.000000000000000000e+00 6.919999999999999485e-01
1.700000000000000000e+01 6.924000000000000155e-01
3.710000000000000000e+02 6.919999999999999485e-01
0.000000000000000000e+00 6.895999999999999908e-01
4.200000000000000000e+01 6.899999999999999467e-01
0.000000000000000000e+00 6.904000000000000137e-01
3.110000000000000000e+02 6.907999999999999696e-01
4.410000000000000000e+02 6.884000000000000119e-01
5.510000000000000000e+02 6.887999999999999678e-01
8.700000000000000000e+01 6.892000000000000348e-01
0.000000000000000000e+00 6.895999999999999908e-01
0.000000000000000000e+00 6.899999999999999467e-01
4.000000000000000000e+00 6.904000000000000137e-01
0.000000000000000000e+00 6.907999999999999696e-01
0.000000000000000000e+00 6.912000000000000366e-01
4.000000000000000000e+01 6.915999999999999925e-01
5.100000000000000000e+01 6.895999999999999908e-01
0.000000000000000000e+00 6.899999999999999467e-01
1.880000000000000000e+02 6.904000000000000137e-01
0.000000000000000000e+00 6.892000000000000348e-01
4.300000000000000000e+01 6.895999999999999908e-01
1.671000000000000000e+03 6.899999999999999467e-01
6.000000000000000000e+00 6.864000000000000101e-01
1.000000000000000000e+00 6.860000000000000542e-01
0.000000000000000000e+00 6.864000000000000101e-01
0.000000000000000000e+00 6.867999999999999661e-01
4.000000000000000000e+01 6.872000000000000330e-01
0.000000000000000000e+00 6.875999999999999890e-01
1.100000000000000000e+01 6.879999999999999449e-01
1.000000000000000000e+00 6.884000000000000119e-01
0.000000000000000000e+00 6.887999999999999678e-01
5.000000000000000000e+00 6.892000000000000348e-01
0.000000000000000000e+00 6.895999999999999908e-01
0.000000000000000000e+00 6.899999999999999467e-01
3.000000000000000000e+00 6.904000000000000137e-01
0.000000000000000000e+00 6.904000000000000137e-01
1.080000000000000000e+02 6.907999999999999696e-01
1.100000000000000000e+01 6.892000000000000348e-01
0.000000000000000000e+00 6.895999999999999908e-01
8.000000000000000000e+00 6.899999999999999467e-01
1.240000000000000000e+02 6.904000000000000137e-01
1.000000000000000000e+00 6.907999999999999696e-01
0.000000000000000000e+00 6.912000000000000366e-01
0.000000000000000000e+00 6.915999999999999925e-01
1.300000000000000000e+01 6.919999999999999485e-01
0.000000000000000000e+00 6.924000000000000155e-01
0.000000000000000000e+00 6.927999999999999714e-01
0.000000000000000000e+00 6.932000000000000384e-01
5.000000000000000000e+00 6.935999999999999943e-01
2.000000000000000000e+00 6.939999999999999503e-01
2.100000000000000000e+01 6.944000000000000172e-01
2.100000000000000000e+01 6.947999999999999732e-01
3.110000000000000000e+02 6.952000000000000401e-01
4.000000000000000000e+01 6.935999999999999943e-01
0.000000000000000000e+00 6.939999999999999503e-01
9.000000000000000000e+00 6.944000000000000172e-01
1.800000000000000000e+01 6.944000000000000172e-01
2.000000000000000000e+02 6.947999999999999732e-01
0.000000000000000000e+00 6.939999999999999503e-01
2.000000000000000000e+00 6.944000000000000172e-01
1.100000000000000000e+02 6.947999999999999732e-01
4.100000000000000000e+01 6.952000000000000401e-01
3.000000000000000000e+00 6.952000000000000401e-01
2.500000000000000000e+01 6.955999999999999961e-01
2.000000000000000000e+00 6.959999999999999520e-01
4.000000000000000000e+00 6.964000000000000190e-01
3.620000000000000000e+02 6.967999999999999750e-01
0.000000000000000000e+00 6.964000000000000190e-01
0.000000000000000000e+00 6.967999999999999750e-01
0.000000000000000000e+00 6.972000000000000419e-01
2.000000000000000000e+00 6.975999999999999979e-01
0.000000000000000000e+00 6.979999999999999538e-01
0.000000000000000000e+00 6.984000000000000208e-01
6.726000000000000000e+03 6.987999999999999767e-01
0.000000000000000000e+00 6.924000000000000155e-01
1.000000000000000000e+00 6.927999999999999714e-01
0.000000000000000000e+00 6.932000000000000384e-01
3.860000000000000000e+02 6.935999999999999943e-01
0.000000000000000000e+00 6.939999999999999503e-01
3.843000000000000000e+03 6.944000000000000172e-01
1.000000000000000000e+00 6.855999999999999872e-01
3.000000000000000000e+00 6.860000000000000542e-01
0.000000000000000000e+00 6.864000000000000101e-01
0.000000000000000000e+00 6.867999999999999661e-01
1.610000000000000000e+02 6.872000000000000330e-01
2.320000000000000000e+02 6.875999999999999890e-01
3.560000000000000000e+02 6.879999999999999449e-01
5.100000000000000000e+01 6.879999999999999449e-01
0.000000000000000000e+00 6.872000000000000330e-01
0.000000000000000000e+00 6.875999999999999890e-01
7.100000000000000000e+01 6.879999999999999449e-01
0.000000000000000000e+00 6.884000000000000119e-01
0.000000000000000000e+00 6.887999999999999678e-01
0.000000000000000000e+00 6.892000000000000348e-01
0.000000000000000000e+00 6.895999999999999908e-01
0.000000000000000000e+00 6.899999999999999467e-01
4.000000000000000000e+00 6.904000000000000137e-01
3.000000000000000000e+00 6.907999999999999696e-01
0.000000000000000000e+00 6.912000000000000366e-01
7.100000000000000000e+01 6.915999999999999925e-01
2.148000000000000000e+03 6.915999999999999925e-01
2.000000000000000000e+01 6.884000000000000119e-01
4.900000000000000000e+01 6.887999999999999678e-01
1.000000000000000000e+01 6.887999999999999678e-01
5.000000000000000000e+00 6.887999999999999678e-01
0.000000000000000000e+00 6.892000000000000348e-01
3.000000000000000000e+00 6.895999999999999908e-01
0.000000000000000000e+00 6.899999999999999467e-01
2.700000000000000000e+01 6.904000000000000137e-01
1.100000000000000000e+01 6.907999999999999696e-01
5.900000000000000000e+01 6.912000000000000366e-01
1.000000000000000000e+00 6.915999999999999925e-01
2.117000000000000000e+03 6.919999999999999485e-01
0.000000000000000000e+00 6.860000000000000542e-01
4.490000000000000000e+02 6.864000000000000101e-01
8.000000000000000000e+00 6.864000000000000101e-01
5.000000000000000000e+00 6.867999999999999661e-01
2.300000000000000000e+01 6.872000000000000330e-01
1.523000000000000000e+03 6.875999999999999890e-01
3.790000000000000000e+02 6.835999999999999854e-01
1.000000000000000000e+00 6.840000000000000524e-01
6.800000000000000000e+01 6.844000000000000083e-01
2.000000000000000000e+00 6.847999999999999643e-01
7.000000000000000000e+00 6.852000000000000313e-01
1.497000000000000000e+03 6.855999999999999872e-01
9.300000000000000000e+01 6.860000000000000542e-01
0.000000000000000000e+00 6.864000000000000101e-01
1.000000000000000000e+00 6.867999999999999661e-01
2.000000000000000000e+00 6.872000000000000330e-01
0.000000000000000000e+00 6.875999999999999890e-01
0.000000000000000000e+00 6.879999999999999449e-01
5.950000000000000000e+02 6.884000000000000119e-01
0.000000000000000000e+00 6.872000000000000330e-01
1.000000000000000000e+00 6.875999999999999890e-01
0.000000000000000000e+00 6.879999999999999449e-01
0.000000000000000000e+00 6.884000000000000119e-01
2.000000000000000000e+00 6.887999999999999678e-01
7.000000000000000000e+00 6.892000000000000348e-01
0.000000000000000000e+00 6.895999999999999908e-01
1.000000000000000000e+00 6.899999999999999467e-01
0.000000000000000000e+00 6.904000000000000137e-01
2.400000000000000000e+01 6.907999999999999696e-01
9.000000000000000000e+00 6.912000000000000366e-01
1.000000000000000000e+01 6.915999999999999925e-01
3.600000000000000000e+01 6.919999999999999485e-01
0.000000000000000000e+00 6.919999999999999485e-01
2.000000000000000000e+00 6.924000000000000155e-01
9.000000000000000000e+00 6.927999999999999714e-01
3.000000000000000000e+00 6.932000000000000384e-01
0.000000000000000000e+00 6.935999999999999943e-01
1.036000000000000000e+03 6.939999999999999503e-01
7.440000000000000000e+02 6.939999999999999503e-01
6.000000000000000000e+01 6.944000000000000172e-01
1.400000000000000000e+01 6.947999999999999732e-01
1.300000000000000000e+01 6.952000000000000401e-01
2.000000000000000000e+01 6.955999999999999961e-01
0.000000000000000000e+00 6.959999999999999520e-01
1.000000000000000000e+01 6.964000000000000190e-01
1.190000000000000000e+02 6.967999999999999750e-01
0.000000000000000000e+00 6.972000000000000419e-01
1.199000000000000000e+03 6.975999999999999979e-01
1.500000000000000000e+01 6.975999999999999979e-01
2.000000000000000000e+00 6.979999999999999538e-01
3.980000000000000000e+02 6.984000000000000208e-01
1.530000000000000000e+02 6.987999999999999767e-01
3.700000000000000000e+01 6.992000000000000437e-01
1.100000000000000000e+01 6.995999999999999996e-01
0.000000000000000000e+00 6.992000000000000437e-01
1.000000000000000000e+00 6.995999999999999996e-01
1.500000000000000000e+01 6.999999999999999556e-01
0.000000000000000000e+00 7.004000000000000226e-01
0.000000000000000000e+00 7.007999999999999785e-01
1.600000000000000000e+01 7.012000000000000455e-01
1.370000000000000000e+02 7.016000000000000014e-01
3.190000000000000000e+02 7.012000000000000455e-01
6.300000000000000000e+01 7.016000000000000014e-01
0.000000000000000000e+00 7.019999999999999574e-01
2.000000000000000000e+00 7.024000000000000243e-01
1.100000000000000000e+01 7.027999999999999803e-01
2.000000000000000000e+00 7.032000000000000473e-01
1.770000000000000000e+02 7.027999999999999803e-01
3.000000000000000000e+00 7.016000000000000014e-01
0.000000000000000000e+00 7.019999999999999574e-01
1.000000000000000000e+00 7.024000000000000243e-01
8.000000000000000000e+00 7.027999999999999803e-01
8.000000000000000000e+00 7.032000000000000473e-01
0.000000000000000000e+00 7.036000000000000032e-01
2.000000000000000000e+00 7.039999999999999591e-01
1.900000000000000000e+01 7.044000000000000261e-01
2.000000000000000000e+00 7.047999999999999821e-01
4.500000000000000000e+01 7.052000000000000490e-01
8.470000000000000000e+02 7.052000000000000490e-01
0.000000000000000000e+00 7.052000000000000490e-01
0.000000000000000000e+00 7.056000000000000050e-01
2.000000000000000000e+00 7.059999999999999609e-01
1.000000000000000000e+00 7.064000000000000279e-01
1.310000000000000000e+02 7.059999999999999609e-01
2.000000000000000000e+00 7.052000000000000490e-01
3.600000000000000000e+01 7.056000000000000050e-01
5.000000000000000000e+01 7.059999999999999609e-01
1.000000000000000000e+00 7.052000000000000490e-01
7.000000000000000000e+00 7.056000000000000050e-01
0.000000000000000000e+00 7.059999999999999609e-01
0.000000000000000000e+00 7.064000000000000279e-01
0.000000000000000000e+00 7.067999999999999838e-01
0.000000000000000000e+00 7.072000000000000508e-01
7.410000000000000000e+02 7.076000000000000068e-01
1.100000000000000000e+01 7.059999999999999609e-01
4.000000000000000000e+00 7.064000000000000279e-01
1.000000000000000000e+00 7.067999999999999838e-01
0.000000000000000000e+00 7.072000000000000508e-01
2.000000000000000000e+00 7.076000000000000068e-01
0.000000000000000000e+00 7.076000000000000068e-01
0.000000000000000000e+00 7.079999999999999627e-01
0.000000000000000000e+00 7.084000000000000297e-01
0.000000000000000000e+00 7.087999999999999856e-01
0.000000000000000000e+00 7.092000000000000526e-01
8.000000000000000000e+00 7.096000000000000085e-01
0.000000000000000000e+00 7.099999999999999645e-01
2.000000000000000000e+00 7.104000000000000314e-01
1.900000000000000000e+01 7.107999999999999874e-01
1.465000000000000000e+03 7.112000000000000544e-01
1.110000000000000000e+03 7.047999999999999821e-01
2.800000000000000000e+01 7.044000000000000261e-01
5.000000000000000000e+00 7.047999999999999821e-01
0.000000000000000000e+00 7.047999999999999821e-01
0.000000000000000000e+00 7.052000000000000490e-01
2.000000000000000000e+00 7.056000000000000050e-01
7.000000000000000000e+00 7.059999999999999609e-01
2.000000000000000000e+00 7.064000000000000279e-01
5.180000000000000000e+02 7.067999999999999838e-01
7.600000000000000000e+01 7.052000000000000490e-01
0.000000000000000000e+00 7.056000000000000050e-01
1.300000000000000000e+01 7.059999999999999609e-01
2.000000000000000000e+00 7.064000000000000279e-01
1.180000000000000000e+02 7.067999999999999838e-01
3.000000000000000000e+00 7.067999999999999838e-01
0.000000000000000000e+00 7.072000000000000508e-01
3.905000000000000000e+03 7.076000000000000068e-01
2.100000000000000000e+01 6.939999999999999503e-01
0.000000000000000000e+00 6.944000000000000172e-01
0.000000000000000000e+00 6.947999999999999732e-01
3.000000000000000000e+00 6.952000000000000401e-01
1.300000000000000000e+02 6.955999999999999961e-01
3.000000000000000000e+00 6.959999999999999520e-01
1.600000000000000000e+01 6.964000000000000190e-01
1.000000000000000000e+00 6.967999999999999750e-01
1.140000000000000000e+02 6.964000000000000190e-01
1.600000000000000000e+01 6.952000000000000401e-01
5.900000000000000000e+01 6.955999999999999961e-01
7.500000000000000000e+01 6.959999999999999520e-01
1.100000000000000000e+01 6.947999999999999732e-01
9.760000000000000000e+02 6.947999999999999732e-01
0.000000000000000000e+00 6.939999999999999503e-01
0.000000000000000000e+00 6.944000000000000172e-01
1.300000000000000000e+01 6.947999999999999732e-01
2.876000000000000000e+03 6.947999999999999732e-01
1.450000000000000000e+02 6.947999999999999732e-01
6.000000000000000000e+01 6.952000000000000401e-01
0.000000000000000000e+00 6.955999999999999961e-01
3.400000000000000000e+01 6.959999999999999520e-01
0.000000000000000000e+00 6.955999999999999961e-01
3.000000000000000000e+00 6.959999999999999520e-01
0.000000000000000000e+00 6.964000000000000190e-01
2.000000000000000000e+00 6.967999999999999750e-01
3.000000000000000000e+00 6.972000000000000419e-01
3.241000000000000000e+03 6.975999999999999979e-01
1.800000000000000000e+01 6.964000000000000190e-01
5.380000000000000000e+02 6.967999999999999750e-01
7.250000000000000000e+02 6.964000000000000190e-01
9.000000000000000000e+00 6.887999999999999678e-01
1.100000000000000000e+01 6.892000000000000348e-01
9.000000000000000000e+00 6.895999999999999908e-01
0.000000000000000000e+00 6.899999999999999467e-01
0.000000000000000000e+00 6.904000000000000137e-01
5.000000000000000000e+00 6.907999999999999696e-01
8.000000000000000000e+00 6.904000000000000137e-01
8.000000000000000000e+00 6.907999999999999696e-01
8.500000000000000000e+01 6.912000000000000366e-01
1.200000000000000000e+01 6.915999999999999925e-01
1.000000000000000000e+00 6.919999999999999485e-01
1.800000000000000000e+01 6.924000000000000155e-01
0.000000000000000000e+00 6.915999999999999925e-01
0.000000000000000000e+00 6.919999999999999485e-01
3.000000000000000000e+00 6.924000000000000155e-01
0.000000000000000000e+00 6.927999999999999714e-01
1.600000000000000000e+02 6.932000000000000384e-01
1.145000000000000000e+03 6.935999999999999943e-01
1.900000000000000000e+01 6.932000000000000384e-01
1.000000000000000000e+00 6.919999999999999485e-01
6.400000000000000000e+01 6.919999999999999485e-01
1.000000000000000000e+00 6.919999999999999485e-01
0.000000000000000000e+00 6.924000000000000155e-01
1.000000000000000000e+01 6.927999999999999714e-01
1.700000000000000000e+01 6.932000000000000384e-01
1.000000000000000000e+00 6.935999999999999943e-01
0.000000000000000000e+00 6.939999999999999503e-01
0.000000000000000000e+00 6.944000000000000172e-01
2.000000000000000000e+00 6.947999999999999732e-01
2.000000000000000000e+00 6.952000000000000401e-01
0.000000000000000000e+00 6.955999999999999961e-01
1.200000000000000000e+01 6.959999999999999520e-01
4.327000000000000000e+03 6.964000000000000190e-01
0.000000000000000000e+00 6.935999999999999943e-01
0.000000000000000000e+00 6.939999999999999503e-01
1.420000000000000000e+02 6.944000000000000172e-01
2.000000000000000000e+00 6.947999999999999732e-01
2.000000000000000000e+00 6.952000000000000401e-01
2.000000000000000000e+00 6.955999999999999961e-01
3.000000000000000000e+00 6.959999999999999520e-01
3.500000000000000000e+01 6.964000000000000190e-01
1.200000000000000000e+01 6.967999999999999750e-01
0.000000000000000000e+00 6.972000000000000419e-01
1.000000000000000000e+00 6.975999999999999979e-01
3.000000000000000000e+00 6.975999999999999979e-01
1.000000000000000000e+00 6.972000000000000419e-01
6.890000000000000000e+02 6.975999999999999979e-01
5.000000000000000000e+00 6.979999999999999538e-01
5.600000000000000000e+01 6.979999999999999538e-01
3.100000000000000000e+01 6.984000000000000208e-01
2.600000000000000000e+01 6.987999999999999767e-01
2.000000000000000000e+00 6.992000000000000437e-01
1.000000000000000000e+01 6.995999999999999996e-01
3.300000000000000000e+01 6.999999999999999556e-01
2.000000000000000000e+00 7.004000000000000226e-01
2.000000000000000000e+00 7.007999999999999785e-01
3.100000000000000000e+01 7.012000000000000455e-01
5.000000000000000000e+00 7.016000000000000014e-01
5.100000000000000000e+01 7.012000000000000455e-01
9.000000000000000000e+00 7.016000000000000014e-01
3.647000000000000000e+03 7.019999999999999574e-01
0.000000000000000000e+00 6.967999999999999750e-01
0.000000000000000000e+00 6.972000000000000419e-01
1.000000000000000000e+00 6.975999999999999979e-01
0.000000000000000000e+00 6.979999999999999538e-01
0.000000000000000000e+00 6.984000000000000208e-01
3.000000000000000000e+00 6.987999999999999767e-01
3.660000000000000000e+02 6.992000000000000437e-01
1.860000000000000000e+02 6.975999999999999979e-01
0.000000000000000000e+00 6.975999999999999979e-01
0.000000000000000000e+00 6.979999999999999538e-01
0.000000000000000000e+00 6.984000000000000208e-01
1.520000000000000000e+02 6.987999999999999767e-01
2.600000000000000000e+01 6.972000000000000419e-01
6.630000000000000000e+02 6.975999999999999979e-01
1.000000000000000000e+00 6.979999999999999538e-01
0.000000000000000000e+00 6.984000000000000208e-01
3.150000000000000000e+02 6.987999999999999767e-01
1.000000000000000000e+00 6.975999999999999979e-01
1.180000000000000000e+02 6.975999999999999979e-01
4.100000000000000000e+01 6.979999999999999538e-01
8.707000000000000000e+03 6.984000000000000208e-01
4.000000000000000000e+00 6.875999999999999890e-01
0.000000000000000000e+00 6.879999999999999449e-01
5.600000000000000000e+01 6.884000000000000119e-01
7.000000000000000000e+00 6.887999999999999678e-01
1.100000000000000000e+01 6.892000000000000348e-01
1.000000000000000000e+00 6.892000000000000348e-01
1.250000000000000000e+02 6.895999999999999908e-01
4.200000000000000000e+01 6.899999999999999467e-01
0.000000000000000000e+00 6.904000000000000137e-01
2.000000000000000000e+00 6.907999999999999696e-01
0.000000000000000000e+00 6.912000000000000366e-01
0.000000000000000000e+00 6.915999999999999925e-01
6.000000000000000000e+01 6.919999999999999485e-01
0.000000000000000000e+00 6.924000000000000155e-01
0.000000000000000000e+00 6.927999999999999714e-01
5.000000000000000000e+00 6.932000000000000384e-01
2.270000000000000000e+02 6.932000000000000384e-01
4.000000000000000000e+00 6.904000000000000137e-01
1.650000000000000000e+02 6.907999999999999696e-01
2.000000000000000000e+01 6.912000000000000366e-01
3.200000000000000000e+01 6.904000000000000137e-01
8.000000000000000000e+01 6.899999999999999467e-01
1.000000000000000000e+00 6.895999999999999908e-01
7.000000000000000000e+00 6.899999999999999467e-01
0.000000000000000000e+00 6.904000000000000137e-01
0.000000000000000000e+00 6.907999999999999696e-01
0.000000000000000000e+00 6.912000000000000366e-01
0.000000000000000000e+00 6.915999999999999925e-01
5.750000000000000000e+02 6.919999999999999485e-01
0.000000000000000000e+00 6.904000000000000137e-01
0.000000000000000000e+00 6.907999999999999696e-01
5.000000000000000000e+00 6.912000000000000366e-01
2.700000000000000000e+01 6.915999999999999925e-01
1.800000000000000000e+01 6.904000000000000137e-01
8.800000000000000000e+01 6.904000000000000137e-01
9.000000000000000000e+00 6.892000000000000348e-01
0.000000000000000000e+00 6.887999999999999678e-01
0.000000000000000000e+00 6.892000000000000348e-01
1.500000000000000000e+01 6.895999999999999908e-01
8.900000000000000000e+01 6.899999999999999467e-01
7.000000000000000000e+00 6.904000000000000137e-01
2.000000000000000000e+00 6.907999999999999696e-01
4.000000000000000000e+00 6.912000000000000366e-01
4.400000000000000000e+01 6.915999999999999925e-01
4.500000000000000000e+01 6.919999999999999485e-01
1.700000000000000000e+01 6.915999999999999925e-01
0.000000000000000000e+00 6.919999999999999485e-01
0.000000000000000000e+00 6.924000000000000155e-01
2.610000000000000000e+02 6.927999999999999714e-01
0.000000000000000000e+00 6.919999999999999485e-01
1.000000000000000000e+00 6.924000000000000155e-01
9.000000000000000000e+00 6.927999999999999714e-01
0.000000000000000000e+00 6.932000000000000384e-01
2.400000000000000000e+01 6.935999999999999943e-01
2.380000000000000000e+02 6.939999999999999503e-01
1.810000000000000000e+02 6.932000000000000384e-01
0.000000000000000000e+00 6.935999999999999943e-01
1.000000000000000000e+00 6.939999999999999503e-01
2.000000000000000000e+00 6.944000000000000172e-01
0.000000000000000000e+00 6.947999999999999732e-01
0.000000000000000000e+00 6.952000000000000401e-01
0.000000000000000000e+00 6.955999999999999961e-01
0.000000000000000000e+00 6.959999999999999520e-01
0.000000000000000000e+00 6.964000000000000190e-01
3.000000000000000000e+00 6.967999999999999750e-01
3.000000000000000000e+00 6.972000000000000419e-01
8.300000000000000000e+01 6.975999999999999979e-01
7.100000000000000000e+01 6.979999999999999538e-01
0.000000000000000000e+00 6.984000000000000208e-01
1.170000000000000000e+02 6.987999999999999767e-01
3.000000000000000000e+01 6.992000000000000437e-01
5.535000000000000000e+03 6.995999999999999996e-01
2.000000000000000000e+00 6.904000000000000137e-01
1.182000000000000000e+03 6.907999999999999696e-01
3.000000000000000000e+00 6.895999999999999908e-01
0.000000000000000000e+00 6.899999999999999467e-01
5.500000000000000000e+01 6.904000000000000137e-01
2.180000000000000000e+02 6.907999999999999696e-01
0.000000000000000000e+00 6.899999999999999467e-01
0.000000000000000000e+00 6.904000000000000137e-01
2.600000000000000000e+01 6.907999999999999696e-01
2.700000000000000000e+02 6.912000000000000366e-01
0.000000000000000000e+00 6.915999999999999925e-01
9.000000000000000000e+01 6.919999999999999485e-01
8.000000000000000000e+00 6.924000000000000155e-01
1.000000000000000000e+00 6.927999999999999714e-01
9.000000000000000000e+00 6.932000000000000384e-01
1.070000000000000000e+02 6.932000000000000384e-01
0.000000000000000000e+00 6.927999999999999714e-01
9.180000000000000000e+02 6.932000000000000384e-01
0.000000000000000000e+00 6.919999999999999485e-01
0.000000000000000000e+00 6.924000000000000155e-01
3.700000000000000000e+01 6.927999999999999714e-01
6.000000000000000000e+00 6.932000000000000384e-01
1.600000000000000000e+01 6.935999999999999943e-01
1.600000000000000000e+01 6.939999999999999503e-01
0.000000000000000000e+00 6.944000000000000172e-01
0.000000000000000000e+00 6.947999999999999732e-01
0.000000000000000000e+00 6.952000000000000401e-01
1.500000000000000000e+01 6.955999999999999961e-01
5.600000000000000000e+01 6.959999999999999520e-01
2.000000000000000000e+01 6.952000000000000401e-01
2.900000000000000000e+01 6.955999999999999961e-01
6.800000000000000000e+01 6.959999999999999520e-01
9.500000000000000000e+01 6.944000000000000172e-01
0.000000000000000000e+00 6.947999999999999732e-01
4.000000000000000000e+00 6.952000000000000401e-01
2.000000000000000000e+00 6.955999999999999961e-01
3.000000000000000000e+01 6.959999999999999520e-01
4.200000000000000000e+01 6.964000000000000190e-01
0.000000000000000000e+00 6.967999999999999750e-01
1.210000000000000000e+02 6.972000000000000419e-01
1.200000000000000000e+01 6.975999999999999979e-01
3.500000000000000000e+01 6.979999999999999538e-01
0.000000000000000000e+00 6.984000000000000208e-01
0.000000000000000000e+00 6.987999999999999767e-01
0.000000000000000000e+00 6.992000000000000437e-01
2.000000000000000000e+01 6.995999999999999996e-01
1.500000000000000000e+01 6.995999999999999996e-01
2.798000000000000000e+03 6.999999999999999556e-01
2.110000000000000000e+02 6.964000000000000190e-01
6.000000000000000000e+00 6.927999999999999714e-01
0.000000000000000000e+00 6.932000000000000384e-01
0.000000000000000000e+00 6.935999999999999943e-01
1.400000000000000000e+01 6.939999999999999503e-01
4.000000000000000000e+00 6.944000000000000172e-01
0.000000000000000000e+00 6.947999999999999732e-01
0.000000000000000000e+00 6.952000000000000401e-01
2.470000000000000000e+02 6.955999999999999961e-01
0.000000000000000000e+00 6.959999999999999520e-01
2.910000000000000000e+02 6.964000000000000190e-01
0.000000000000000000e+00 6.967999999999999750e-01
2.900000000000000000e+01 6.972000000000000419e-01
2.000000000000000000e+00 6.975999999999999979e-01
1.000000000000000000e+00 6.979999999999999538e-01
2.100000000000000000e+01 6.984000000000000208e-01
4.000000000000000000e+00 6.987999999999999767e-01
0.000000000000000000e+00 6.992000000000000437e-01
2.500000000000000000e+01 6.995999999999999996e-01
0.000000000000000000e+00 6.999999999999999556e-01
9.800000000000000000e+01 7.004000000000000226e-01
1.100000000000000000e+01 7.007999999999999785e-01
0.000000000000000000e+00 7.007999999999999785e-01
3.000000000000000000e+00 7.012000000000000455e-01
0.000000000000000000e+00 7.016000000000000014e-01
2.000000000000000000e+00 7.019999999999999574e-01
1.957000000000000000e+03 7.019999999999999574e-01
1.680000000000000000e+02 7.024000000000000243e-01
0.000000000000000000e+00 7.016000000000000014e-01
0.000000000000000000e+00 7.019999999999999574e-01
2.600000000000000000e+02 7.024000000000000243e-01
1.000000000000000000e+00 7.016000000000000014e-01
1.800000000000000000e+01 7.016000000000000014e-01
0.000000000000000000e+00 7.019999999999999574e-01
4.000000000000000000e+02 7.024000000000000243e-01
1.700000000000000000e+01 7.027999999999999803e-01
6.470000000000000000e+02 7.032000000000000473e-01
6.300000000000000000e+01 7.032000000000000473e-01
0.000000000000000000e+00 7.036000000000000032e-01
6.730000000000000000e+02 7.039999999999999591e-01
7.900000000000000000e+01 7.044000000000000261e-01
0.000000000000000000e+00 7.047999999999999821e-01
1.350000000000000000e+02 7.052000000000000490e-01
1.000000000000000000e+01 7.032000000000000473e-01
1.000000000000000000e+00 7.027999999999999803e-01
0.000000000000000000e+00 7.032000000000000473e-01
0.000000000000000000e+00 7.036000000000000032e-01
1.900000000000000000e+01 7.039999999999999591e-01
4.000000000000000000e+00 7.044000000000000261e-01
7.000000000000000000e+00 7.047999999999999821e-01
2.900000000000000000e+01 7.052000000000000490e-01
2.280000000000000000e+02 7.056000000000000050e-01
0.000000000000000000e+00 7.059999999999999609e-01
0.000000000000000000e+00 7.064000000000000279e-01
3.400000000000000000e+01 7.067999999999999838e-01
3.000000000000000000e+00 7.059999999999999609e-01
9.100000000000000000e+01 7.064000000000000279e-01
2.800000000000000000e+01 7.067999999999999838e-01
4.000000000000000000e+01 7.072000000000000508e-01
1.800000000000000000e+01 7.076000000000000068e-01
2.000000000000000000e+00 7.079999999999999627e-01
2.300000000000000000e+01 7.084000000000000297e-01
3.000000000000000000e+00 7.084000000000000297e-01
1.000000000000000000e+01 7.087999999999999856e-01
2.000000000000000000e+00 7.087999999999999856e-01
2.000000000000000000e+00 7.087999999999999856e-01
2.000000000000000000e+00 7.092000000000000526e-01
2.000000000000000000e+01 7.096000000000000085e-01
0.000000000000000000e+00 7.099999999999999645e-01
2.484000000000000000e+03 7.104000000000000314e-01
5.770000000000000000e+02 7.076000000000000068e-01
8.000000000000000000e+00 7.079999999999999627e-01
9.000000000000000000e+00 7.084000000000000297e-01
1.187000000000000000e+03 7.087999999999999856e-01
2.550000000000000000e+03 7.084000000000000297e-01
1.900000000000000000e+01 7.044000000000000261e-01
6.720000000000000000e+02 7.047999999999999821e-01
0.000000000000000000e+00 7.027999999999999803e-01
1.628000000000000000e+03 7.032000000000000473e-01
4.000000000000000000e+00 7.012000000000000455e-01
2.160000000000000000e+02 7.016000000000000014e-01
4.000000000000000000e+00 7.007999999999999785e-01
1.000000000000000000e+00 7.012000000000000455e-01
1.438000000000000000e+03 7.016000000000000014e-01
3.000000000000000000e+01 6.975999999999999979e-01
0.000000000000000000e+00 6.979999999999999538e-01
1.550000000000000000e+02 6.984000000000000208e-01
3.000000000000000000e+00 6.987999999999999767e-01
0.000000000000000000e+00 6.992000000000000437e-01
1.100000000000000000e+01 6.995999999999999996e-01
2.560000000000000000e+02 6.995999999999999996e-01
1.700000000000000000e+01 6.999999999999999556e-01
9.200000000000000000e+01 6.999999999999999556e-01
4.000000000000000000e+00 7.004000000000000226e-01
0.000000000000000000e+00 7.007999999999999785e-01
6.750000000000000000e+02 7.012000000000000455e-01
0.000000000000000000e+00 6.979999999999999538e-01
0.000000000000000000e+00 6.984000000000000208e-01
1.200000000000000000e+01 6.987999999999999767e-01
4.000000000000000000e+00 6.992000000000000437e-01
6.120000000000000000e+02 6.995999999999999996e-01
1.000000000000000000e+01 6.999999999999999556e-01
2.000000000000000000e+00 6.999999999999999556e-01
0.000000000000000000e+00 7.004000000000000226e-01
3.000000000000000000e+00 7.007999999999999785e-01
1.000000000000000000e+00 7.012000000000000455e-01
8.000000000000000000e+00 7.016000000000000014e-01
4.400000000000000000e+01 7.019999999999999574e-01
1.860000000000000000e+02 7.012000000000000455e-01
5.610000000000000000e+03 7.016000000000000014e-01
4.000000000000000000e+00 6.892000000000000348e-01
1.000000000000000000e+00 6.895999999999999908e-01
1.000000000000000000e+00 6.899999999999999467e-01
2.000000000000000000e+00 6.904000000000000137e-01
7.000000000000000000e+01 6.907999999999999696e-01
0.000000000000000000e+00 6.907999999999999696e-01
9.800000000000000000e+01 6.912000000000000366e-01
2.000000000000000000e+00 6.915999999999999925e-01
5.400000000000000000e+01 6.919999999999999485e-01
2.450000000000000000e+02 6.924000000000000155e-01
4.000000000000000000e+00 6.912000000000000366e-01
3.000000000000000000e+00 6.907999999999999696e-01
2.000000000000000000e+00 6.912000000000000366e-01
1.950000000000000000e+02 6.915999999999999925e-01
1.000000000000000000e+01 6.919999999999999485e-01
9.300000000000000000e+01 6.924000000000000155e-01
3.000000000000000000e+01 6.927999999999999714e-01
0.000000000000000000e+00 6.924000000000000155e-01
0.000000000000000000e+00 6.927999999999999714e-01
4.100000000000000000e+01 6.932000000000000384e-01
3.000000000000000000e+00 6.935999999999999943e-01
5.900000000000000000e+01 6.939999999999999503e-01
6.400000000000000000e+01 6.944000000000000172e-01
0.000000000000000000e+00 6.935999999999999943e-01
0.000000000000000000e+00 6.939999999999999503e-01
6.800000000000000000e+01 6.944000000000000172e-01
3.030000000000000000e+02 6.947999999999999732e-01
0.000000000000000000e+00 6.944000000000000172e-01
1.000000000000000000e+00 6.947999999999999732e-01
6.249000000000000000e+03 6.952000000000000401e-01
0.000000000000000000e+00 6.892000000000000348e-01
1.000000000000000000e+00 6.895999999999999908e-01
0.000000000000000000e+00 6.899999999999999467e-01
1.600000000000000000e+01 6.904000000000000137e-01
3.000000000000000000e+00 6.907999999999999696e-01
0.000000000000000000e+00 6.912000000000000366e-01
8.300000000000000000e+01 6.915999999999999925e-01
3.200000000000000000e+01 6.919999999999999485e-01
2.400000000000000000e+01 6.924000000000000155e-01
1.100000000000000000e+01 6.927999999999999714e-01
1.500000000000000000e+01 6.927999999999999714e-01
0.000000000000000000e+00 6.932000000000000384e-01
2.000000000000000000e+00 6.935999999999999943e-01
7.000000000000000000e+00 6.939999999999999503e-01
2.000000000000000000e+00 6.944000000000000172e-01
0.000000000000000000e+00 6.947999999999999732e-01
1.000000000000000000e+00 6.952000000000000401e-01
4.700000000000000000e+01 6.952000000000000401e-01
0.000000000000000000e+00 6.955999999999999961e-01
0.000000000000000000e+00 6.959999999999999520e-01
4.000000000000000000e+00 6.964000000000000190e-01
6.000000000000000000e+00 6.967999999999999750e-01
0.000000000000000000e+00 6.972000000000000419e-01
9.500000000000000000e+01 6.975999999999999979e-01
4.000000000000000000e+00 6.972000000000000419e-01
0.000000000000000000e+00 6.972000000000000419e-01
8.000000000000000000e+00 6.975999999999999979e-01
0.000000000000000000e+00 6.972000000000000419e-01
0.000000000000000000e+00 6.975999999999999979e-01
0.000000000000000000e+00 6.979999999999999538e-01
0.000000000000000000e+00 6.984000000000000208e-01
2.000000000000000000e+00 6.987999999999999767e-01
1.000000000000000000e+00 6.992000000000000437e-01
1.000000000000000000e+00 6.995999999999999996e-01
7.400000000000000000e+01 6.999999999999999556e-01
2.000000000000000000e+00 6.995999999999999996e-01
1.000000000000000000e+00 6.999999999999999556e-01
1.000000000000000000e+00 7.004000000000000226e-01
1.180000000000000000e+02 7.004000000000000226e-01
7.000000000000000000e+00 7.007999999999999785e-01
3.600000000000000000e+01 7.012000000000000455e-01
3.500000000000000000e+01 7.016000000000000014e-01
0.000000000000000000e+00 7.016000000000000014e-01
0.000000000000000000e+00 7.019999999999999574e-01
1.820000000000000000e+02 7.024000000000000243e-01
1.000000000000000000e+00 7.012000000000000455e-01
0.000000000000000000e+00 7.016000000000000014e-01
4.560000000000000000e+02 7.019999999999999574e-01
1.000000000000000000e+00 7.012000000000000455e-01
0.000000000000000000e+00 7.016000000000000014e-01
2.468000000000000000e+03 7.019999999999999574e-01
3.640000000000000000e+02 6.952000000000000401e-01
2.300000000000000000e+01 6.955999999999999961e-01
1.000000000000000000e+00 6.959999999999999520e-01
2.346000000000000000e+03 6.964000000000000190e-01
1.700000000000000000e+01 6.967999999999999750e-01
1.140000000000000000e+02 6.964000000000000190e-01
0.000000000000000000e+00 6.967999999999999750e-01
5.000000000000000000e+00 6.972000000000000419e-01
2.300000000000000000e+01 6.972000000000000419e-01
4.000000000000000000e+00 6.975999999999999979e-01
0.000000000000000000e+00 6.979999999999999538e-01
5.000000000000000000e+00 6.984000000000000208e-01
1.900000000000000000e+01 6.987999999999999767e-01
2.323000000000000000e+03 6.979999999999999538e-01
0.000000000000000000e+00 6.964000000000000190e-01
2.000000000000000000e+00 6.967999999999999750e-01
0.000000000000000000e+00 6.972000000000000419e-01
0.000000000000000000e+00 6.975999999999999979e-01
3.540000000000000000e+02 6.979999999999999538e-01
0.000000000000000000e+00 6.984000000000000208e-01
0.000000000000000000e+00 6.987999999999999767e-01
1.510000000000000000e+02 6.992000000000000437e-01
1.199000000000000000e+03 6.995999999999999996e-01
7.600000000000000000e+01 6.999999999999999556e-01
0.000000000000000000e+00 7.004000000000000226e-01
7.000000000000000000e+00 7.007999999999999785e-01
1.000000000000000000e+00 7.012000000000000455e-01
1.000000000000000000e+00 7.016000000000000014e-01
0.000000000000000000e+00 7.019999999999999574e-01
0.000000000000000000e+00 7.024000000000000243e-01
6.200000000000000000e+01 7.027999999999999803e-01
0.000000000000000000e+00 7.027999999999999803e-01
3.780000000000000000e+02 7.032000000000000473e-01
2.100000000000000000e+01 7.012000000000000455e-01
1.180000000000000000e+02 7.012000000000000455e-01
1.690000000000000000e+02 7.016000000000000014e-01
2.000000000000000000e+00 7.007999999999999785e-01
3.585000000000000000e+03 7.012000000000000455e-01
2.000000000000000000e+00 6.932000000000000384e-01
9.530000000000000000e+02 6.935999999999999943e-01
1.000000000000000000e+00 6.895999999999999908e-01
0.000000000000000000e+00 6.899999999999999467e-01
0.000000000000000000e+00 6.904000000000000137e-01
1.600000000000000000e+01 6.907999999999999696e-01
0.000000000000000000e+00 6.912000000000000366e-01
0.000000000000000000e+00 6.915999999999999925e-01
1.500000000000000000e+01 6.919999999999999485e-01
0.000000000000000000e+00 6.924000000000000155e-01
0.000000000000000000e+00 6.927999999999999714e-01
0.000000000000000000e+00 6.932000000000000384e-01
2.410000000000000000e+02 6.935999999999999943e-01
0.000000000000000000e+00 6.939999999999999503e-01
3.890000000000000000e+02 6.944000000000000172e-01
5.000000000000000000e+00 6.947999999999999732e-01
1.200000000000000000e+01 6.947999999999999732e-01
3.140000000000000000e+02 6.952000000000000401e-01
0.000000000000000000e+00 6.944000000000000172e-01
1.000000000000000000e+00 6.947999999999999732e-01
1.000000000000000000e+00 6.952000000000000401e-01
1.400000000000000000e+01 6.955999999999999961e-01
0.000000000000000000e+00 6.959999999999999520e-01
3.127000000000000000e+03 6.964000000000000190e-01
1.000000000000000000e+00 6.919999999999999485e-01
0.000000000000000000e+00 6.924000000000000155e-01
1.400000000000000000e+01 6.927999999999999714e-01
0.000000000000000000e+00 6.932000000000000384e-01
3.960000000000000000e+02 6.935999999999999943e-01
5.100000000000000000e+01 6.939999999999999503e-01
0.000000000000000000e+00 6.932000000000000384e-01
3.000000000000000000e+00 6.935999999999999943e-01
0.000000000000000000e+00 6.939999999999999503e-01
1.500000000000000000e+01 6.944000000000000172e-01
2.000000000000000000e+00 6.947999999999999732e-01
0.000000000000000000e+00 6.952000000000000401e-01
0.000000000000000000e+00 6.955999999999999961e-01
0.000000000000000000e+00 6.959999999999999520e-01
4.000000000000000000e+00 6.964000000000000190e-01
0.000000000000000000e+00 6.967999999999999750e-01
7.600000000000000000e+01 6.972000000000000419e-01
2.000000000000000000e+00 6.975999999999999979e-01
4.000000000000000000e+00 6.979999999999999538e-01
1.000000000000000000e+00 6.984000000000000208e-01
2.000000000000000000e+00 6.987999999999999767e-01
3.400000000000000000e+01 6.992000000000000437e-01
0.000000000000000000e+00 6.987999999999999767e-01
0.000000000000000000e+00 6.992000000000000437e-01
4.000000000000000000e+00 6.995999999999999996e-01
1.480000000000000000e+02 6.999999999999999556e-01
0.000000000000000000e+00 7.004000000000000226e-01
1.000000000000000000e+00 7.007999999999999785e-01
3.000000000000000000e+00 7.012000000000000455e-01
1.400000000000000000e+01 7.012000000000000455e-01
2.000000000000000000e+00 7.016000000000000014e-01
5.000000000000000000e+00 7.019999999999999574e-01
0.000000000000000000e+00 7.019999999999999574e-01
0.000000000000000000e+00 7.024000000000000243e-01
3.600000000000000000e+01 7.027999999999999803e-01
5.000000000000000000e+00 7.032000000000000473e-01
1.000000000000000000e+00 7.036000000000000032e-01
1.000000000000000000e+00 7.039999999999999591e-01
4.000000000000000000e+00 7.044000000000000261e-01
6.500000000000000000e+01 7.047999999999999821e-01
1.024000000000000000e+03 7.052000000000000490e-01
1.220000000000000000e+02 7.032000000000000473e-01
7.000000000000000000e+00 7.016000000000000014e-01
8.000000000000000000e+00 7.019999999999999574e-01
3.775000000000000000e+03 7.024000000000000243e-01
0.000000000000000000e+00 6.979999999999999538e-01
2.000000000000000000e+00 6.984000000000000208e-01
0.000000000000000000e+00 6.987999999999999767e-01
6.200000000000000000e+01 6.992000000000000437e-01
6.300000000000000000e+01 6.995999999999999996e-01
6.700000000000000000e+01 6.987999999999999767e-01
4.000000000000000000e+00 6.992000000000000437e-01
2.000000000000000000e+00 6.995999999999999996e-01
1.570000000000000000e+03 6.999999999999999556e-01
1.800000000000000000e+01 6.979999999999999538e-01
0.000000000000000000e+00 6.984000000000000208e-01
1.000000000000000000e+00 6.987999999999999767e-01
0.000000000000000000e+00 6.992000000000000437e-01
7.000000000000000000e+00 6.995999999999999996e-01
3.100000000000000000e+01 6.999999999999999556e-01
0.000000000000000000e+00 7.004000000000000226e-01
0.000000000000000000e+00 7.007999999999999785e-01
2.000000000000000000e+00 7.012000000000000455e-01
2.000000000000000000e+00 7.016000000000000014e-01
3.000000000000000000e+00 7.012000000000000455e-01
0.000000000000000000e+00 7.016000000000000014e-01
2.600000000000000000e+01 7.019999999999999574e-01
0.000000000000000000e+00 7.007999999999999785e-01
0.000000000000000000e+00 7.012000000000000455e-01
9.000000000000000000e+00 7.016000000000000014e-01
0.000000000000000000e+00 7.016000000000000014e-01
4.000000000000000000e+00 7.019999999999999574e-01
3.190000000000000000e+03 7.024000000000000243e-01
7.900000000000000000e+01 6.984000000000000208e-01
0.000000000000000000e+00 6.987999999999999767e-01
1.980000000000000000e+02 6.992000000000000437e-01
7.200000000000000000e+01 6.979999999999999538e-01
4.000000000000000000e+00 6.984000000000000208e-01
0.000000000000000000e+00 6.987999999999999767e-01
0.000000000000000000e+00 6.992000000000000437e-01
4.400000000000000000e+01 6.995999999999999996e-01
3.300000000000000000e+01 6.992000000000000437e-01
2.000000000000000000e+01 6.995999999999999996e-01
6.000000000000000000e+00 6.995999999999999996e-01
0.000000000000000000e+00 6.999999999999999556e-01
0.000000000000000000e+00 7.004000000000000226e-01
0.000000000000000000e+00 7.007999999999999785e-01
0.000000000000000000e+00 7.012000000000000455e-01
1.922000000000000000e+03 7.016000000000000014e-01
1.000000000000000000e+00 7.019999999999999574e-01
8.750000000000000000e+02 7.024000000000000243e-01
9.600000000000000000e+01 7.024000000000000243e-01
1.990000000000000000e+02 7.027999999999999803e-01
1.700000000000000000e+01 7.016000000000000014e-01
1.000000000000000000e+00 7.019999999999999574e-01
7.000000000000000000e+00 7.024000000000000243e-01
8.000000000000000000e+00 7.027999999999999803e-01
0.000000000000000000e+00 7.024000000000000243e-01
1.280000000000000000e+03 7.027999999999999803e-01
3.630000000000000000e+02 6.992000000000000437e-01
4.000000000000000000e+00 6.967999999999999750e-01
3.400000000000000000e+01 6.972000000000000419e-01
2.000000000000000000e+00 6.972000000000000419e-01
0.000000000000000000e+00 6.975999999999999979e-01
1.740000000000000000e+02 6.979999999999999538e-01
5.000000000000000000e+00 6.975999999999999979e-01
0.000000000000000000e+00 6.979999999999999538e-01
1.200000000000000000e+01 6.984000000000000208e-01
2.880000000000000000e+02 6.987999999999999767e-01
1.000000000000000000e+00 6.972000000000000419e-01
4.000000000000000000e+00 6.975999999999999979e-01
5.400000000000000000e+01 6.979999999999999538e-01
3.650000000000000000e+02 6.984000000000000208e-01
3.000000000000000000e+00 6.932000000000000384e-01
0.000000000000000000e+00 6.935999999999999943e-01
0.000000000000000000e+00 6.939999999999999503e-01
0.000000000000000000e+00 6.944000000000000172e-01
7.000000000000000000e+00 6.947999999999999732e-01
0.000000000000000000e+00 6.947999999999999732e-01
3.000000000000000000e+00 6.952000000000000401e-01
0.000000000000000000e+00 6.955999999999999961e-01
3.700000000000000000e+01 6.959999999999999520e-01
0.000000000000000000e+00 6.964000000000000190e-01
4.000000000000000000e+00 6.967999999999999750e-01
0.000000000000000000e+00 6.972000000000000419e-01
3.000000000000000000e+00 6.975999999999999979e-01
4.000000000000000000e+00 6.975999999999999979e-01
0.000000000000000000e+00 6.979999999999999538e-01
0.000000000000000000e+00 6.984000000000000208e-01
0.000000000000000000e+00 6.987999999999999767e-01
1.200000000000000000e+01 6.992000000000000437e-01
1.000000000000000000e+00 6.995999999999999996e-01
2.300000000000000000e+01 6.999999999999999556e-01
0.000000000000000000e+00 7.004000000000000226e-01
3.000000000000000000e+00 7.007999999999999785e-01
1.000000000000000000e+00 7.012000000000000455e-01
0.000000000000000000e+00 7.012000000000000455e-01
0.000000000000000000e+00 7.016000000000000014e-01
2.000000000000000000e+00 7.019999999999999574e-01
8.000000000000000000e+00 7.024000000000000243e-01
5.940000000000000000e+02 7.027999999999999803e-01
0.000000000000000000e+00 7.019999999999999574e-01
0.000000000000000000e+00 7.024000000000000243e-01
2.810000000000000000e+02 7.027999999999999803e-01
1.640000000000000000e+02 7.032000000000000473e-01
6.000000000000000000e+00 7.012000000000000455e-01
3.000000000000000000e+00 7.016000000000000014e-01
3.600000000000000000e+01 7.019999999999999574e-01
4.000000000000000000e+00 7.024000000000000243e-01
1.040000000000000000e+02 7.024000000000000243e-01
9.300000000000000000e+01 7.019999999999999574e-01
1.300000000000000000e+01 7.024000000000000243e-01
1.900000000000000000e+01 7.027999999999999803e-01
7.000000000000000000e+00 7.027999999999999803e-01
4.000000000000000000e+00 7.027999999999999803e-01
1.100000000000000000e+01 7.032000000000000473e-01
5.270000000000000000e+02 7.036000000000000032e-01
1.100000000000000000e+01 7.004000000000000226e-01
0.000000000000000000e+00 7.004000000000000226e-01
0.000000000000000000e+00 7.007999999999999785e-01
5.370000000000000000e+02 7.012000000000000455e-01
3.100000000000000000e+01 6.999999999999999556e-01
1.100000000000000000e+01 7.004000000000000226e-01
1.000000000000000000e+00 7.007999999999999785e-01
0.000000000000000000e+00 7.012000000000000455e-01
2.900000000000000000e+01 7.016000000000000014e-01
1.800000000000000000e+01 7.019999999999999574e-01
4.000000000000000000e+00 7.024000000000000243e-01
2.000000000000000000e+00 7.027999999999999803e-01
4.000000000000000000e+01 7.032000000000000473e-01
5.500000000000000000e+01 7.019999999999999574e-01
5.000000000000000000e+00 7.024000000000000243e-01
0.000000000000000000e+00 7.027999999999999803e-01
0.000000000000000000e+00 7.032000000000000473e-01
4.000000000000000000e+00 7.036000000000000032e-01
7.810000000000000000e+03 7.039999999999999591e-01
4.000000000000000000e+00 6.955999999999999961e-01
0.000000000000000000e+00 6.959999999999999520e-01
2.000000000000000000e+00 6.964000000000000190e-01
3.400000000000000000e+01 6.967999999999999750e-01
0.000000000000000000e+00 6.972000000000000419e-01
2.000000000000000000e+01 6.975999999999999979e-01
6.000000000000000000e+00 6.979999999999999538e-01
0.000000000000000000e+00 6.975999999999999979e-01
3.500000000000000000e+01 6.979999999999999538e-01
2.610000000000000000e+02 6.959999999999999520e-01
0.000000000000000000e+00 6.964000000000000190e-01
0.000000000000000000e+00 6.967999999999999750e-01
1.170000000000000000e+02 6.972000000000000419e-01
1.400000000000000000e+01 6.975999999999999979e-01
6.000000000000000000e+00 6.979999999999999538e-01
5.500000000000000000e+01 6.975999999999999979e-01
2.166000000000000000e+03 6.979999999999999538e-01
1.000000000000000000e+00 6.967999999999999750e-01
1.300000000000000000e+01 6.972000000000000419e-01
1.000000000000000000e+01 6.975999999999999979e-01
1.328000000000000000e+03 6.979999999999999538e-01
1.590000000000000000e+02 6.952000000000000401e-01
2.740000000000000000e+02 6.955999999999999961e-01
1.000000000000000000e+00 6.952000000000000401e-01
2.878000000000000000e+03 6.955999999999999961e-01
1.000000000000000000e+00 6.884000000000000119e-01
6.000000000000000000e+00 6.887999999999999678e-01
2.000000000000000000e+01 6.892000000000000348e-01
1.030000000000000000e+02 6.895999999999999908e-01
3.588000000000000000e+03 6.887999999999999678e-01
0.000000000000000000e+00 6.852000000000000313e-01
1.500000000000000000e+01 6.855999999999999872e-01
7.200000000000000000e+01 6.860000000000000542e-01
5.900000000000000000e+01 6.847999999999999643e-01
0.000000000000000000e+00 6.852000000000000313e-01
1.500000000000000000e+01 6.855999999999999872e-01
1.000000000000000000e+00 6.860000000000000542e-01
2.800000000000000000e+01 6.864000000000000101e-01
2.000000000000000000e+00 6.867999999999999661e-01
2.000000000000000000e+01 6.872000000000000330e-01
6.000000000000000000e+00 6.875999999999999890e-01
0.000000000000000000e+00 6.879999999999999449e-01
4.000000000000000000e+00 6.884000000000000119e-01
2.500000000000000000e+01 6.879999999999999449e-01
0.000000000000000000e+00 6.879999999999999449e-01
0.000000000000000000e+00 6.884000000000000119e-01
1.680000000000000000e+02 6.887999999999999678e-01
1.870000000000000000e+02 6.892000000000000348e-01
5.890000000000000000e+02 6.895999999999999908e-01
0.000000000000000000e+00 6.879999999999999449e-01
6.480000000000000000e+02 6.884000000000000119e-01
2.000000000000000000e+00 6.887999999999999678e-01
5.000000000000000000e+00 6.892000000000000348e-01
1.000000000000000000e+00 6.895999999999999908e-01
3.000000000000000000e+00 6.899999999999999467e-01
0.000000000000000000e+00 6.904000000000000137e-01
2.500000000000000000e+01 6.907999999999999696e-01
7.000000000000000000e+00 6.912000000000000366e-01
0.000000000000000000e+00 6.915999999999999925e-01
5.350000000000000000e+02 6.919999999999999485e-01
0.000000000000000000e+00 6.924000000000000155e-01
3.600000000000000000e+01 6.927999999999999714e-01
0.000000000000000000e+00 6.932000000000000384e-01
0.000000000000000000e+00 6.935999999999999943e-01
0.000000000000000000e+00 6.939999999999999503e-01
4.100000000000000000e+01 6.944000000000000172e-01
4.800000000000000000e+02 6.939999999999999503e-01
2.000000000000000000e+00 6.907999999999999696e-01
2.500000000000000000e+01 6.912000000000000366e-01
5.000000000000000000e+00 6.915999999999999925e-01
1.100000000000000000e+01 6.912000000000000366e-01
2.310000000000000000e+02 6.915999999999999925e-01
5.100000000000000000e+01 6.919999999999999485e-01
4.000000000000000000e+00 6.924000000000000155e-01
0.000000000000000000e+00 6.927999999999999714e-01
2.120000000000000000e+02 6.932000000000000384e-01
0.000000000000000000e+00 6.915999999999999925e-01
0.000000000000000000e+00 6.919999999999999485e-01
7.000000000000000000e+00 6.924000000000000155e-01
9.000000000000000000e+00 6.927999999999999714e-01
1.180000000000000000e+02 6.932000000000000384e-01
0.000000000000000000e+00 6.935999999999999943e-01
3.010000000000000000e+02 6.939999999999999503e-01
3.000000000000000000e+00 6.924000000000000155e-01
0.000000000000000000e+00 6.927999999999999714e-01
0.000000000000000000e+00 6.932000000000000384e-01
0.000000000000000000e+00 6.935999999999999943e-01
1.000000000000000000e+00 6.939999999999999503e-01
0.000000000000000000e+00 6.944000000000000172e-01
0.000000000000000000e+00 6.947999999999999732e-01
1.000000000000000000e+00 6.952000000000000401e-01
2.000000000000000000e+00 6.955999999999999961e-01
0.000000000000000000e+00 6.959999999999999520e-01
0.000000000000000000e+00 6.964000000000000190e-01
3.000000000000000000e+00 6.967999999999999750e-01
3.000000000000000000e+00 6.972000000000000419e-01
0.000000000000000000e+00 6.975999999999999979e-01
3.230000000000000000e+02 6.979999999999999538e-01
1.988000000000000000e+03 6.967999999999999750e-01
4.000000000000000000e+00 6.919999999999999485e-01
2.000000000000000000e+00 6.924000000000000155e-01
0.000000000000000000e+00 6.919999999999999485e-01
0.000000000000000000e+00 6.924000000000000155e-01
1.000000000000000000e+00 6.927999999999999714e-01
3.000000000000000000e+00 6.932000000000000384e-01
2.000000000000000000e+00 6.935999999999999943e-01
1.700000000000000000e+01 6.939999999999999503e-01
7.000000000000000000e+00 6.944000000000000172e-01
5.540000000000000000e+02 6.947999999999999732e-01
8.000000000000000000e+00 6.952000000000000401e-01
6.000000000000000000e+00 6.939999999999999503e-01
6.500000000000000000e+01 6.935999999999999943e-01
3.620000000000000000e+02 6.939999999999999503e-01
8.000000000000000000e+00 6.924000000000000155e-01
1.620000000000000000e+02 6.927999999999999714e-01
7.000000000000000000e+00 6.919999999999999485e-01
2.000000000000000000e+00 6.924000000000000155e-01
0.000000000000000000e+00 6.927999999999999714e-01
0.000000000000000000e+00 6.932000000000000384e-01
3.500000000000000000e+01 6.935999999999999943e-01
2.220000000000000000e+02 6.939999999999999503e-01
7.000000000000000000e+00 6.944000000000000172e-01
0.000000000000000000e+00 6.947999999999999732e-01
1.620000000000000000e+02 6.952000000000000401e-01
5.000000000000000000e+00 6.955999999999999961e-01
2.000000000000000000e+00 6.959999999999999520e-01
0.000000000000000000e+00 6.964000000000000190e-01
0.000000000000000000e+00 6.967999999999999750e-01
4.000000000000000000e+01 6.972000000000000419e-01
0.000000000000000000e+00 6.975999999999999979e-01
0.000000000000000000e+00 6.979999999999999538e-01
3.100000000000000000e+01 6.984000000000000208e-01
0.000000000000000000e+00 6.987999999999999767e-01
0.000000000000000000e+00 6.992000000000000437e-01
1.000000000000000000e+00 6.995999999999999996e-01
2.000000000000000000e+01 6.999999999999999556e-01
3.700000000000000000e+01 7.004000000000000226e-01
0.000000000000000000e+00 7.007999999999999785e-01
7.000000000000000000e+00 7.012000000000000455e-01
0.000000000000000000e+00 7.016000000000000014e-01
0.000000000000000000e+00 7.019999999999999574e-01
0.000000000000000000e+00 7.024000000000000243e-01
0.000000000000000000e+00 7.027999999999999803e-01
2.100000000000000000e+01 7.032000000000000473e-01
3.850000000000000000e+02 7.027999999999999803e-01
0.000000000000000000e+00 7.032000000000000473e-01
2.600000000000000000e+01 7.036000000000000032e-01
2.434000000000000000e+03 7.039999999999999591e-01
4.300000000000000000e+01 6.972000000000000419e-01
1.900000000000000000e+01 6.975999999999999979e-01
8.000000000000000000e+00 6.972000000000000419e-01
0.000000000000000000e+00 6.975999999999999979e-01
0.000000000000000000e+00 6.979999999999999538e-01
7.000000000000000000e+00 6.984000000000000208e-01
0.000000000000000000e+00 6.987999999999999767e-01
2.890000000000000000e+02 6.992000000000000437e-01
8.000000000000000000e+00 6.995999999999999996e-01
4.500000000000000000e+01 6.999999999999999556e-01
4.200000000000000000e+03 6.995999999999999996e-01
0.000000000000000000e+00 6.979999999999999538e-01
3.100000000000000000e+01 6.984000000000000208e-01
1.200000000000000000e+01 6.987999999999999767e-01
9.800000000000000000e+01 6.992000000000000437e-01
1.600000000000000000e+01 6.995999999999999996e-01
0.000000000000000000e+00 6.992000000000000437e-01
1.400000000000000000e+01 6.995999999999999996e-01
7.000000000000000000e+00 6.987999999999999767e-01
0.000000000000000000e+00 6.992000000000000437e-01
0.000000000000000000e+00 6.995999999999999996e-01
4.786000000000000000e+03 6.999999999999999556e-01
0.000000000000000000e+00 6.892000000000000348e-01
0.000000000000000000e+00 6.895999999999999908e-01
2.000000000000000000e+00 6.899999999999999467e-01
2.400000000000000000e+02 6.904000000000000137e-01
0.000000000000000000e+00 6.907999999999999696e-01
0.000000000000000000e+00 6.912000000000000366e-01
1.600000000000000000e+01 6.915999999999999925e-01
0.000000000000000000e+00 6.919999999999999485e-01
6.500000000000000000e+01 6.924000000000000155e-01
2.340000000000000000e+02 6.924000000000000155e-01
1.230000000000000000e+02 6.927999999999999714e-01
1.800000000000000000e+01 6.932000000000000384e-01
0.000000000000000000e+00 6.935999999999999943e-01
2.490000000000000000e+02 6.939999999999999503e-01
0.000000000000000000e+00 6.939999999999999503e-01
1.900000000000000000e+01 6.944000000000000172e-01
3.000000000000000000e+00 6.947999999999999732e-01
1.300000000000000000e+01 6.952000000000000401e-01
1.062000000000000000e+03 6.955999999999999961e-01
0.000000000000000000e+00 6.952000000000000401e-01
0.000000000000000000e+00 6.955999999999999961e-01
2.300000000000000000e+01 6.959999999999999520e-01
9.000000000000000000e+00 6.964000000000000190e-01
1.700000000000000000e+01 6.967999999999999750e-01
2.000000000000000000e+00 6.972000000000000419e-01
7.900000000000000000e+01 6.975999999999999979e-01
3.600000000000000000e+01 6.979999999999999538e-01
9.000000000000000000e+00 6.984000000000000208e-01
5.600000000000000000e+01 6.987999999999999767e-01
0.000000000000000000e+00 6.992000000000000437e-01
1.700000000000000000e+01 6.995999999999999996e-01
0.000000000000000000e+00 6.995999999999999996e-01
0.000000000000000000e+00 6.999999999999999556e-01
1.896000000000000000e+03 7.004000000000000226e-01
3.000000000000000000e+01 6.972000000000000419e-01
1.274000000000000000e+03 6.975999999999999979e-01
1.100000000000000000e+01 6.975999999999999979e-01
3.000000000000000000e+00 6.979999999999999538e-01
0.000000000000000000e+00 6.984000000000000208e-01
1.000000000000000000e+00 6.987999999999999767e-01
1.000000000000000000e+00 6.987999999999999767e-01
1.343000000000000000e+03 6.992000000000000437e-01
0.000000000000000000e+00 6.992000000000000437e-01
1.000000000000000000e+01 6.995999999999999996e-01
7.000000000000000000e+00 6.999999999999999556e-01
1.490000000000000000e+02 7.004000000000000226e-01
0.000000000000000000e+00 6.995999999999999996e-01
0.000000000000000000e+00 6.999999999999999556e-01
0.000000000000000000e+00 7.004000000000000226e-01
5.200000000000000000e+01 7.007999999999999785e-01
5.000000000000000000e+00 7.012000000000000455e-01
1.000000000000000000e+00 7.012000000000000455e-01
1.000000000000000000e+00 7.016000000000000014e-01
3.906000000000000000e+03 7.019999999999999574e-01
0.000000000000000000e+00 6.972000000000000419e-01
2.000000000000000000e+00 6.975999999999999979e-01
4.000000000000000000e+00 6.979999999999999538e-01
3.400000000000000000e+01 6.984000000000000208e-01
6.000000000000000000e+00 6.987999999999999767e-01
0.000000000000000000e+00 6.992000000000000437e-01
6.500000000000000000e+01 6.995999999999999996e-01
2.000000000000000000e+00 6.999999999999999556e-01
6.000000000000000000e+00 6.995999999999999996e-01
2.930000000000000000e+02 6.999999999999999556e-01
2.380000000000000000e+02 7.004000000000000226e-01
0.000000000000000000e+00 6.984000000000000208e-01
2.000000000000000000e+00 6.987999999999999767e-01
8.600000000000000000e+01 6.987999999999999767e-01
7.000000000000000000e+01 6.975999999999999979e-01
1.400000000000000000e+01 6.979999999999999538e-01
1.770000000000000000e+02 6.984000000000000208e-01
3.000000000000000000e+00 6.964000000000000190e-01
0.000000000000000000e+00 6.967999999999999750e-01
4.460000000000000000e+02 6.972000000000000419e-01
1.240000000000000000e+02 6.975999999999999979e-01
3.105000000000000000e+03 6.979999999999999538e-01
2.040000000000000000e+02 6.979999999999999538e-01
1.340000000000000000e+02 6.984000000000000208e-01
0.000000000000000000e+00 6.984000000000000208e-01
1.600000000000000000e+01 6.987999999999999767e-01
0.000000000000000000e+00 6.987999999999999767e-01
0.000000000000000000e+00 6.992000000000000437e-01
0.000000000000000000e+00 6.995999999999999996e-01
2.300000000000000000e+01 6.999999999999999556e-01
0.000000000000000000e+00 7.004000000000000226e-01
0.000000000000000000e+00 7.007999999999999785e-01
2.800000000000000000e+01 7.012000000000000455e-01
1.100000000000000000e+02 7.016000000000000014e-01
9.000000000000000000e+00 6.979999999999999538e-01
3.000000000000000000e+00 6.984000000000000208e-01
4.700000000000000000e+01 6.987999999999999767e-01
0.000000000000000000e+00 6.992000000000000437e-01
5.670000000000000000e+02 6.995999999999999996e-01
0.000000000000000000e+00 6.964000000000000190e-01
1.100000000000000000e+01 6.967999999999999750e-01
3.000000000000000000e+00 6.972000000000000419e-01
2.500000000000000000e+01 6.975999999999999979e-01
0.000000000000000000e+00 6.979999999999999538e-01
7.010000000000000000e+02 6.984000000000000208e-01
0.000000000000000000e+00 6.967999999999999750e-01
0.000000000000000000e+00 6.972000000000000419e-01
2.260000000000000000e+02 6.975999999999999979e-01
7.191000000000000000e+03 6.979999999999999538e-01
1.600000000000000000e+01 6.927999999999999714e-01
0.000000000000000000e+00 6.932000000000000384e-01
0.000000000000000000e+00 6.935999999999999943e-01
0.000000000000000000e+00 6.939999999999999503e-01
0.000000000000000000e+00 6.944000000000000172e-01
2.200000000000000000e+01 6.947999999999999732e-01
0.000000000000000000e+00 6.952000000000000401e-01
1.215000000000000000e+03 6.955999999999999961e-01
0.000000000000000000e+00 6.944000000000000172e-01
0.000000000000000000e+00 6.947999999999999732e-01
0.000000000000000000e+00 6.952000000000000401e-01
2.800000000000000000e+01 6.955999999999999961e-01
0.000000000000000000e+00 6.959999999999999520e-01
3.000000000000000000e+00 6.964000000000000190e-01
4.400000000000000000e+01 6.964000000000000190e-01
5.400000000000000000e+01 6.967999999999999750e-01
1.300000000000000000e+01 6.952000000000000401e-01
0.000000000000000000e+00 6.955999999999999961e-01
0.000000000000000000e+00 6.959999999999999520e-01
2.800000000000000000e+01 6.964000000000000190e-01
1.400000000000000000e+01 6.967999999999999750e-01
2.500000000000000000e+01 6.972000000000000419e-01
0.000000000000000000e+00 6.975999999999999979e-01
0.000000000000000000e+00 6.979999999999999538e-01
3.030000000000000000e+02 6.984000000000000208e-01
2.000000000000000000e+00 6.987999999999999767e-01
8.400000000000000000e+01 6.992000000000000437e-01
3.300000000000000000e+01 6.995999999999999996e-01
4.000000000000000000e+00 6.995999999999999996e-01
1.100000000000000000e+01 6.999999999999999556e-01
0.000000000000000000e+00 7.004000000000000226e-01
0.000000000000000000e+00 7.007999999999999785e-01
5.500000000000000000e+01 7.012000000000000455e-01
3.800000000000000000e+01 7.016000000000000014e-01
1.030000000000000000e+02 7.019999999999999574e-01
4.000000000000000000e+00 7.024000000000000243e-01
1.000000000000000000e+00 7.027999999999999803e-01
1.000000000000000000e+02 7.027999999999999803e-01
1.440000000000000000e+02 7.012000000000000455e-01
8.900000000000000000e+01 7.016000000000000014e-01
1.000000000000000000e+00 7.019999999999999574e-01
5.000000000000000000e+00 7.024000000000000243e-01
4.700000000000000000e+03 7.027999999999999803e-01
7.300000000000000000e+01 6.939999999999999503e-01
1.200000000000000000e+01 6.944000000000000172e-01
1.000000000000000000e+00 6.947999999999999732e-01
7.000000000000000000e+00 6.952000000000000401e-01
1.180000000000000000e+02 6.955999999999999961e-01
1.000000000000000000e+00 6.955999999999999961e-01
1.200000000000000000e+01 6.959999999999999520e-01
1.000000000000000000e+00 6.964000000000000190e-01
3.200000000000000000e+01 6.967999999999999750e-01
9.900000000000000000e+01 6.967999999999999750e-01
1.298000000000000000e+03 6.972000000000000419e-01
8.000000000000000000e+00 6.967999999999999750e-01
1.640000000000000000e+02 6.972000000000000419e-01
0.000000000000000000e+00 6.975999999999999979e-01
7.000000000000000000e+00 6.979999999999999538e-01
4.100000000000000000e+01 6.984000000000000208e-01
2.000000000000000000e+00 6.987999999999999767e-01
0.000000000000000000e+00 6.992000000000000437e-01
9.200000000000000000e+01 6.995999999999999996e-01
1.050000000000000000e+02 6.999999999999999556e-01
5.080000000000000000e+02 7.004000000000000226e-01
4.600000000000000000e+01 6.979999999999999538e-01
2.800000000000000000e+01 6.984000000000000208e-01
0.000000000000000000e+00 6.987999999999999767e-01
1.600000000000000000e+01 6.992000000000000437e-01
0.000000000000000000e+00 6.995999999999999996e-01
3.200000000000000000e+01 6.999999999999999556e-01
3.000000000000000000e+00 6.995999999999999996e-01
0.000000000000000000e+00 6.992000000000000437e-01
1.000000000000000000e+00 6.995999999999999996e-01
0.000000000000000000e+00 6.999999999999999556e-01
1.290000000000000000e+02 7.004000000000000226e-01
6.000000000000000000e+00 6.995999999999999996e-01
0.000000000000000000e+00 6.999999999999999556e-01
7.000000000000000000e+02 7.004000000000000226e-01
2.090000000000000000e+02 7.004000000000000226e-01
3.000000000000000000e+00 7.007999999999999785e-01
7.400000000000000000e+01 6.999999999999999556e-01
2.000000000000000000e+00 6.987999999999999767e-01
4.300000000000000000e+01 6.992000000000000437e-01
3.300000000000000000e+01 6.984000000000000208e-01
1.000000000000000000e+00 6.987999999999999767e-01
1.400000000000000000e+01 6.992000000000000437e-01
0.000000000000000000e+00 6.995999999999999996e-01
2.000000000000000000e+00 6.999999999999999556e-01
1.000000000000000000e+01 7.004000000000000226e-01
8.000000000000000000e+00 7.004000000000000226e-01
1.600000000000000000e+02 7.007999999999999785e-01
1.094000000000000000e+03 6.987999999999999767e-01
0.000000000000000000e+00 6.975999999999999979e-01
0.000000000000000000e+00 6.979999999999999538e-01
1.000000000000000000e+00 6.984000000000000208e-01
0.000000000000000000e+00 6.987999999999999767e-01
0.000000000000000000e+00 6.992000000000000437e-01
0.000000000000000000e+00 6.995999999999999996e-01
1.281000000000000000e+03 6.999999999999999556e-01
2.200000000000000000e+01 7.004000000000000226e-01
4.000000000000000000e+00 7.007999999999999785e-01
0.000000000000000000e+00 7.012000000000000455e-01
3.700000000000000000e+01 7.016000000000000014e-01
0.000000000000000000e+00 7.019999999999999574e-01
5.850000000000000000e+02 7.024000000000000243e-01
0.000000000000000000e+00 7.007999999999999785e-01
5.000000000000000000e+00 7.012000000000000455e-01
3.300000000000000000e+01 7.016000000000000014e-01
1.000000000000000000e+00 7.019999999999999574e-01
1.300000000000000000e+01 7.024000000000000243e-01
1.100000000000000000e+01 7.027999999999999803e-01
5.600000000000000000e+01 7.032000000000000473e-01
3.600000000000000000e+01 7.024000000000000243e-01
0.000000000000000000e+00 7.027999999999999803e-01
3.400000000000000000e+01 7.032000000000000473e-01
4.000000000000000000e+00 7.036000000000000032e-01
2.000000000000000000e+00 7.039999999999999591e-01
0.000000000000000000e+00 7.044000000000000261e-01
1.000000000000000000e+00 7.047999999999999821e-01
0.000000000000000000e+00 7.052000000000000490e-01
2.700000000000000000e+01 7.056000000000000050e-01
3.140000000000000000e+02 7.059999999999999609e-01
1.100000000000000000e+01 7.059999999999999609e-01
8.560000000000000000e+02 7.059999999999999609e-01
1.000000000000000000e+00 7.012000000000000455e-01
6.850000000000000000e+02 7.012000000000000455e-01
6.000000000000000000e+00 6.999999999999999556e-01
5.910000000000000000e+02 7.004000000000000226e-01
6.000000000000000000e+00 6.992000000000000437e-01
1.748000000000000000e+03 6.995999999999999996e-01
0.000000000000000000e+00 6.992000000000000437e-01
1.080000000000000000e+02 6.995999999999999996e-01
1.340000000000000000e+02 6.999999999999999556e-01
0.000000000000000000e+00 6.987999999999999767e-01
1.000000000000000000e+01 6.992000000000000437e-01
5.000000000000000000e+00 6.995999999999999996e-01
0.000000000000000000e+00 6.999999999999999556e-01
1.468000000000000000e+03 7.004000000000000226e-01
2.280000000000000000e+02 6.967999999999999750e-01
1.000000000000000000e+00 6.947999999999999732e-01
5.027000000000000000e+03 6.952000000000000401e-01
0.000000000000000000e+00 6.887999999999999678e-01
0.000000000000000000e+00 6.892000000000000348e-01
3.000000000000000000e+00 6.895999999999999908e-01
1.000000000000000000e+00 6.899999999999999467e-01
3.000000000000000000e+00 6.904000000000000137e-01
5.000000000000000000e+00 6.899999999999999467e-01
0.000000000000000000e+00 6.904000000000000137e-01
7.000000000000000000e+00 6.907999999999999696e-01
0.000000000000000000e+00 6.912000000000000366e-01
3.000000000000000000e+00 6.915999999999999925e-01
1.300000000000000000e+01 6.919999999999999485e-01
0.000000000000000000e+00 6.924000000000000155e-01
2.000000000000000000e+00 6.927999999999999714e-01
2.000000000000000000e+00 6.932000000000000384e-01
2.000000000000000000e+00 6.935999999999999943e-01
0.000000000000000000e+00 6.939999999999999503e-01
2.000000000000000000e+00 6.944000000000000172e-01
0.000000000000000000e+00 6.947999999999999732e-01
0.000000000000000000e+00 6.952000000000000401e-01
1.000000000000000000e+00 6.955999999999999961e-01
4.100000000000000000e+01 6.959999999999999520e-01
1.100000000000000000e+01 6.964000000000000190e-01
1.200000000000000000e+01 6.967999999999999750e-01
5.000000000000000000e+00 6.972000000000000419e-01
8.000000000000000000e+00 6.975999999999999979e-01
0.000000000000000000e+00 6.979999999999999538e-01
2.000000000000000000e+00 6.984000000000000208e-01
7.200000000000000000e+01 6.987999999999999767e-01
0.000000000000000000e+00 6.975999999999999979e-01
3.050000000000000000e+02 6.979999999999999538e-01
1.000000000000000000e+00 6.984000000000000208e-01
9.000000000000000000e+00 6.987999999999999767e-01
1.060000000000000000e+02 6.987999999999999767e-01
2.000000000000000000e+00 6.992000000000000437e-01
1.300000000000000000e+01 6.995999999999999996e-01
0.000000000000000000e+00 6.999999999999999556e-01
1.000000000000000000e+01 7.004000000000000226e-01
2.000000000000000000e+00 7.007999999999999785e-01
1.120000000000000000e+02 7.012000000000000455e-01
3.500000000000000000e+01 7.016000000000000014e-01
1.000000000000000000e+01 7.016000000000000014e-01
0.000000000000000000e+00 7.019999999999999574e-01
3.600000000000000000e+01 7.024000000000000243e-01
0.000000000000000000e+00 7.019999999999999574e-01
0.000000000000000000e+00 7.024000000000000243e-01
0.000000000000000000e+00 7.027999999999999803e-01
1.000000000000000000e+01 7.032000000000000473e-01
0.000000000000000000e+00 7.036000000000000032e-01
0.000000000000000000e+00 7.039999999999999591e-01
4.800000000000000000e+01 7.044000000000000261e-01
0.000000000000000000e+00 7.044000000000000261e-01
2.000000000000000000e+00 7.047999999999999821e-01
2.170000000000000000e+02 7.052000000000000490e-01
0.000000000000000000e+00 7.056000000000000050e-01
8.200000000000000000e+01 7.059999999999999609e-01
0.000000000000000000e+00 7.064000000000000279e-01
0.000000000000000000e+00 7.067999999999999838e-01
2.000000000000000000e+00 7.072000000000000508e-01
4.000000000000000000e+00 7.072000000000000508e-01
1.000000000000000000e+00 7.076000000000000068e-01
8.372000000000000000e+03 7.076000000000000068e-01
2.000000000000000000e+00 6.947999999999999732e-01
9.000000000000000000e+00 6.952000000000000401e-01
0.000000000000000000e+00 6.955999999999999961e-01
2.000000000000000000e+00 6.959999999999999520e-01
0.000000000000000000e+00 6.964000000000000190e-01
1.300000000000000000e+02 6.967999999999999750e-01
2.000000000000000000e+00 6.972000000000000419e-01
3.000000000000000000e+00 6.975999999999999979e-01
1.700000000000000000e+01 6.967999999999999750e-01
3.200000000000000000e+01 6.972000000000000419e-01
2.660000000000000000e+02 6.967999999999999750e-01
3.000000000000000000e+00 6.959999999999999520e-01
4.000000000000000000e+00 6.964000000000000190e-01
3.340000000000000000e+02 6.967999999999999750e-01
5.100000000000000000e+01 6.972000000000000419e-01
1.000000000000000000e+00 6.967999999999999750e-01
4.200000000000000000e+01 6.967999999999999750e-01
2.370000000000000000e+02 6.952000000000000401e-01
0.000000000000000000e+00 6.955999999999999961e-01
2.720000000000000000e+02 6.959999999999999520e-01
1.000000000000000000e+00 6.955999999999999961e-01
1.863000000000000000e+03 6.952000000000000401e-01
3.000000000000000000e+00 6.955999999999999961e-01
9.000000000000000000e+00 6.959999999999999520e-01
1.100000000000000000e+01 6.959999999999999520e-01
0.000000000000000000e+00 6.964000000000000190e-01
0.000000000000000000e+00 6.967999999999999750e-01
8.800000000000000000e+02 6.972000000000000419e-01
0.000000000000000000e+00 6.967999999999999750e-01
8.000000000000000000e+01 6.972000000000000419e-01
3.200000000000000000e+02 6.975999999999999979e-01
6.000000000000000000e+00 6.964000000000000190e-01
3.300000000000000000e+01 6.967999999999999750e-01
0.000000000000000000e+00 6.972000000000000419e-01
1.450000000000000000e+02 6.975999999999999979e-01
0.000000000000000000e+00 6.979999999999999538e-01
2.000000000000000000e+00 6.984000000000000208e-01
0.000000000000000000e+00 6.987999999999999767e-01
7.000000000000000000e+00 6.992000000000000437e-01
4.000000000000000000e+00 6.995999999999999996e-01
7.000000000000000000e+00 6.999999999999999556e-01
1.100000000000000000e+01 7.004000000000000226e-01
4.330000000000000000e+02 7.007999999999999785e-01
0.000000000000000000e+00 6.992000000000000437e-01
3.300000000000000000e+01 6.995999999999999996e-01
2.000000000000000000e+00 6.999999999999999556e-01
2.500000000000000000e+01 7.004000000000000226e-01
6.000000000000000000e+00 7.007999999999999785e-01
0.000000000000000000e+00 7.012000000000000455e-01
1.160000000000000000e+02 7.016000000000000014e-01
1.000000000000000000e+00 6.995999999999999996e-01
0.000000000000000000e+00 6.999999999999999556e-01
6.100000000000000000e+01 7.004000000000000226e-01
2.000000000000000000e+00 7.007999999999999785e-01
5.740000000000000000e+02 7.012000000000000455e-01
2.570000000000000000e+02 6.959999999999999520e-01
4.730000000000000000e+02 6.964000000000000190e-01
0.000000000000000000e+00 6.967999999999999750e-01
5.000000000000000000e+00 6.972000000000000419e-01
1.000000000000000000e+00 6.975999999999999979e-01
3.000000000000000000e+00 6.979999999999999538e-01
0.000000000000000000e+00 6.984000000000000208e-01
1.200000000000000000e+02 6.987999999999999767e-01
2.000000000000000000e+00 6.992000000000000437e-01
5.000000000000000000e+01 6.995999999999999996e-01
9.550000000000000000e+02 6.995999999999999996e-01
0.000000000000000000e+00 6.979999999999999538e-01
0.000000000000000000e+00 6.984000000000000208e-01
6.000000000000000000e+00 6.987999999999999767e-01
1.000000000000000000e+00 6.992000000000000437e-01
1.778000000000000000e+03 6.992000000000000437e-01
2.060000000000000000e+02 6.975999999999999979e-01
1.290000000000000000e+02 6.967999999999999750e-01
1.410000000000000000e+02 6.972000000000000419e-01
1.100000000000000000e+01 6.972000000000000419e-01
4.000000000000000000e+00 6.975999999999999979e-01
1.000000000000000000e+00 6.979999999999999538e-01
9.280000000000000000e+02 6.984000000000000208e-01
1.800000000000000000e+01 6.987999999999999767e-01
3.139000000000000000e+03 6.992000000000000437e-01
0.000000000000000000e+00 6.952000000000000401e-01
1.000000000000000000e+00 6.955999999999999961e-01
0.000000000000000000e+00 6.959999999999999520e-01
3.400000000000000000e+01 6.964000000000000190e-01
1.390000000000000000e+02 6.967999999999999750e-01
0.000000000000000000e+00 6.964000000000000190e-01
4.000000000000000000e+00 6.967999999999999750e-01
0.000000000000000000e+00 6.972000000000000419e-01
9.000000000000000000e+00 6.975999999999999979e-01
2.200000000000000000e+01 6.979999999999999538e-01
2.860000000000000000e+02 6.984000000000000208e-01
0.000000000000000000e+00 6.955999999999999961e-01
7.116000000000000000e+03 6.959999999999999520e-01
0.000000000000000000e+00 6.895999999999999908e-01
3.900000000000000000e+01 6.899999999999999467e-01
3.000000000000000000e+00 6.895999999999999908e-01
1.170000000000000000e+02 6.899999999999999467e-01
0.000000000000000000e+00 6.904000000000000137e-01
1.110000000000000000e+02 6.907999999999999696e-01
0.000000000000000000e+00 6.912000000000000366e-01
9.800000000000000000e+01 6.915999999999999925e-01
1.100000000000000000e+01 6.919999999999999485e-01
0.000000000000000000e+00 6.924000000000000155e-01
0.000000000000000000e+00 6.927999999999999714e-01
1.000000000000000000e+00 6.932000000000000384e-01
6.500000000000000000e+01 6.935999999999999943e-01
2.000000000000000000e+00 6.939999999999999503e-01
1.700000000000000000e+01 6.944000000000000172e-01
0.000000000000000000e+00 6.947999999999999732e-01
1.200000000000000000e+01 6.952000000000000401e-01
4.000000000000000000e+00 6.955999999999999961e-01
2.130000000000000000e+02 6.952000000000000401e-01
7.100000000000000000e+01 6.955999999999999961e-01
0.000000000000000000e+00 6.927999999999999714e-01
8.000000000000000000e+00 6.932000000000000384e-01
0.000000000000000000e+00 6.924000000000000155e-01
1.700000000000000000e+01 6.927999999999999714e-01
9.000000000000000000e+00 6.932000000000000384e-01
4.800000000000000000e+01 6.935999999999999943e-01
1.357000000000000000e+03 6.939999999999999503e-01
7.800000000000000000e+01 6.919999999999999485e-01
0.000000000000000000e+00 6.904000000000000137e-01
2.000000000000000000e+00 6.907999999999999696e-01
3.000000000000000000e+00 6.912000000000000366e-01
1.000000000000000000e+00 6.915999999999999925e-01
1.130000000000000000e+02 6.915999999999999925e-01
0.000000000000000000e+00 6.919999999999999485e-01
0.000000000000000000e+00 6.924000000000000155e-01
1.720000000000000000e+02 6.927999999999999714e-01
0.000000000000000000e+00 6.932000000000000384e-01
2.600000000000000000e+01 6.935999999999999943e-01
1.290000000000000000e+02 6.939999999999999503e-01
4.200000000000000000e+01 6.944000000000000172e-01
0.000000000000000000e+00 6.944000000000000172e-01
2.000000000000000000e+00 6.947999999999999732e-01
2.000000000000000000e+00 6.952000000000000401e-01
7.000000000000000000e+00 6.955999999999999961e-01
1.400000000000000000e+01 6.959999999999999520e-01
5.659000000000000000e+03 6.964000000000000190e-01
7.000000000000000000e+00 6.907999999999999696e-01
5.400000000000000000e+01 6.912000000000000366e-01
1.200000000000000000e+01 6.915999999999999925e-01
0.000000000000000000e+00 6.919999999999999485e-01
4.400000000000000000e+01 6.924000000000000155e-01
1.000000000000000000e+01 6.927999999999999714e-01
4.000000000000000000e+00 6.932000000000000384e-01
1.000000000000000000e+00 6.935999999999999943e-01
0.000000000000000000e+00 6.935999999999999943e-01
2.000000000000000000e+00 6.939999999999999503e-01
0.000000000000000000e+00 6.939999999999999503e-01
1.000000000000000000e+00 6.944000000000000172e-01
2.000000000000000000e+00 6.947999999999999732e-01
0.000000000000000000e+00 6.952000000000000401e-01
7.000000000000000000e+00 6.955999999999999961e-01
2.000000000000000000e+00 6.959999999999999520e-01
3.700000000000000000e+02 6.964000000000000190e-01
2.000000000000000000e+00 6.935999999999999943e-01
1.000000000000000000e+01 6.939999999999999503e-01
4.400000000000000000e+01 6.944000000000000172e-01
0.000000000000000000e+00 6.947999999999999732e-01
2.970000000000000000e+02 6.952000000000000401e-01
1.000000000000000000e+00 6.944000000000000172e-01
2.000000000000000000e+00 6.947999999999999732e-01
1.300000000000000000e+01 6.952000000000000401e-01
1.000000000000000000e+00 6.947999999999999732e-01
1.470000000000000000e+02 6.952000000000000401e-01
4.000000000000000000e+00 6.944000000000000172e-01
1.000000000000000000e+00 6.947999999999999732e-01
7.300000000000000000e+02 6.952000000000000401e-01
0.000000000000000000e+00 6.935999999999999943e-01
1.400000000000000000e+01 6.939999999999999503e-01
0.000000000000000000e+00 6.944000000000000172e-01
2.000000000000000000e+00 6.947999999999999732e-01
2.560000000000000000e+02 6.952000000000000401e-01
5.000000000000000000e+00 6.939999999999999503e-01
1.100000000000000000e+01 6.935999999999999943e-01
5.000000000000000000e+00 6.939999999999999503e-01
0.000000000000000000e+00 6.944000000000000172e-01
2.000000000000000000e+00 6.947999999999999732e-01
2.000000000000000000e+00 6.947999999999999732e-01
6.000000000000000000e+00 6.952000000000000401e-01
0.000000000000000000e+00 6.947999999999999732e-01
1.500000000000000000e+01 6.952000000000000401e-01
0.000000000000000000e+00 6.955999999999999961e-01
4.520000000000000000e+02 6.959999999999999520e-01
9.700000000000000000e+01 6.964000000000000190e-01
0.000000000000000000e+00 6.959999999999999520e-01
1.055000000000000000e+03 6.964000000000000190e-01
0.000000000000000000e+00 6.967999999999999750e-01
0.000000000000000000e+00 6.972000000000000419e-01
4.000000000000000000e+00 6.975999999999999979e-01
0.000000000000000000e+00 6.979999999999999538e-01
3.480000000000000000e+02 6.984000000000000208e-01
1.890000000000000000e+02 6.987999999999999767e-01
1.047000000000000000e+03 6.987999999999999767e-01
0.000000000000000000e+00 6.992000000000000437e-01
6.000000000000000000e+00 6.995999999999999996e-01
4.600000000000000000e+01 6.999999999999999556e-01
0.000000000000000000e+00 6.979999999999999538e-01
2.000000000000000000e+00 6.984000000000000208e-01
1.600000000000000000e+01 6.987999999999999767e-01
3.310000000000000000e+02 6.992000000000000437e-01
3.240000000000000000e+02 6.995999999999999996e-01
1.500000000000000000e+01 6.975999999999999979e-01
0.000000000000000000e+00 6.979999999999999538e-01
0.000000000000000000e+00 6.984000000000000208e-01
1.200000000000000000e+01 6.987999999999999767e-01
2.000000000000000000e+00 6.992000000000000437e-01
6.470000000000000000e+02 6.995999999999999996e-01
2.900000000000000000e+01 6.999999999999999556e-01
0.000000000000000000e+00 7.004000000000000226e-01
3.300000000000000000e+03 7.007999999999999785e-01
3.146000000000000000e+03 6.975999999999999979e-01
4.000000000000000000e+00 6.904000000000000137e-01
2.000000000000000000e+00 6.907999999999999696e-01
2.000000000000000000e+01 6.912000000000000366e-01
4.000000000000000000e+00 6.907999999999999696e-01
0.000000000000000000e+00 6.912000000000000366e-01
1.061000000000000000e+03 6.915999999999999925e-01
0.000000000000000000e+00 6.907999999999999696e-01
1.300000000000000000e+02 6.912000000000000366e-01
1.800000000000000000e+02 6.915999999999999925e-01
1.000000000000000000e+00 6.915999999999999925e-01
1.100000000000000000e+01 6.919999999999999485e-01
0.000000000000000000e+00 6.924000000000000155e-01
2.000000000000000000e+00 6.927999999999999714e-01
5.300000000000000000e+01 6.932000000000000384e-01
2.000000000000000000e+00 6.912000000000000366e-01
2.900000000000000000e+01 6.915999999999999925e-01
1.400000000000000000e+01 6.919999999999999485e-01
3.000000000000000000e+00 6.924000000000000155e-01
0.000000000000000000e+00 6.927999999999999714e-01
4.000000000000000000e+00 6.932000000000000384e-01
2.000000000000000000e+00 6.935999999999999943e-01
0.000000000000000000e+00 6.939999999999999503e-01
1.000000000000000000e+00 6.944000000000000172e-01
1.770000000000000000e+02 6.947999999999999732e-01
4.000000000000000000e+00 6.944000000000000172e-01
8.000000000000000000e+00 6.947999999999999732e-01
3.800000000000000000e+01 6.952000000000000401e-01
5.000000000000000000e+00 6.955999999999999961e-01
2.000000000000000000e+00 6.959999999999999520e-01
5.700000000000000000e+01 6.964000000000000190e-01
1.000000000000000000e+00 6.967999999999999750e-01
9.000000000000000000e+00 6.972000000000000419e-01
2.000000000000000000e+00 6.975999999999999979e-01
2.580000000000000000e+02 6.979999999999999538e-01
4.200000000000000000e+01 6.964000000000000190e-01
0.000000000000000000e+00 6.967999999999999750e-01
8.000000000000000000e+00 6.972000000000000419e-01
2.700000000000000000e+01 6.975999999999999979e-01
2.000000000000000000e+00 6.975999999999999979e-01
2.000000000000000000e+00 6.979999999999999538e-01
1.400000000000000000e+01 6.984000000000000208e-01
3.000000000000000000e+01 6.987999999999999767e-01
0.000000000000000000e+00 6.992000000000000437e-01
5.300000000000000000e+01 6.995999999999999996e-01
1.241000000000000000e+03 6.999999999999999556e-01
2.100000000000000000e+01 7.004000000000000226e-01
2.370000000000000000e+02 7.007999999999999785e-01
8.000000000000000000e+00 7.007999999999999785e-01
4.450000000000000000e+02 7.012000000000000455e-01
0.000000000000000000e+00 6.999999999999999556e-01
5.500000000000000000e+01 7.004000000000000226e-01
0.000000000000000000e+00 6.995999999999999996e-01
0.000000000000000000e+00 6.999999999999999556e-01
3.000000000000000000e+00 7.004000000000000226e-01
2.000000000000000000e+00 7.007999999999999785e-01
1.100000000000000000e+01 7.012000000000000455e-01
1.600000000000000000e+02 7.016000000000000014e-01
2.105000000000000000e+03 7.019999999999999574e-01
0.000000000000000000e+00 6.999999999999999556e-01
0.000000000000000000e+00 7.004000000000000226e-01
0.000000000000000000e+00 7.007999999999999785e-01
0.000000000000000000e+00 7.012000000000000455e-01
3.080000000000000000e+02 7.016000000000000014e-01
0.000000000000000000e+00 7.019999999999999574e-01
1.960000000000000000e+03 7.024000000000000243e-01
0.000000000000000000e+00 7.004000000000000226e-01
0.000000000000000000e+00 7.007999999999999785e-01
1.000000000000000000e+00 7.012000000000000455e-01
1.100000000000000000e+01 7.016000000000000014e-01
2.780000000000000000e+02 7.019999999999999574e-01
0.000000000000000000e+00 7.016000000000000014e-01
0.000000000000000000e+00 7.019999999999999574e-01
2.600000000000000000e+01 7.024000000000000243e-01
2.200000000000000000e+01 7.027999999999999803e-01
2.740000000000000000e+02 7.032000000000000473e-01
4.100000000000000000e+02 7.004000000000000226e-01
1.800000000000000000e+01 7.007999999999999785e-01
2.600000000000000000e+01 7.012000000000000455e-01
2.000000000000000000e+00 7.016000000000000014e-01
2.700000000000000000e+01 7.019999999999999574e-01
4.000000000000000000e+00 7.024000000000000243e-01
6.000000000000000000e+00 7.027999999999999803e-01
2.730000000000000000e+02 7.032000000000000473e-01
4.100000000000000000e+01 7.016000000000000014e-01
1.200000000000000000e+01 7.019999999999999574e-01
3.015000000000000000e+03 7.024000000000000243e-01
4.000000000000000000e+00 6.932000000000000384e-01
0.000000000000000000e+00 6.935999999999999943e-01
3.119000000000000000e+03 6.939999999999999503e-01
1.000000000000000000e+00 6.887999999999999678e-01
8.600000000000000000e+01 6.892000000000000348e-01
7.000000000000000000e+00 6.895999999999999908e-01
7.060000000000000000e+02 6.884000000000000119e-01
0.000000000000000000e+00 6.887999999999999678e-01
3.020000000000000000e+02 6.892000000000000348e-01
4.000000000000000000e+00 6.872000000000000330e-01
1.500000000000000000e+01 6.875999999999999890e-01
1.670000000000000000e+03 6.879999999999999449e-01
0.000000000000000000e+00 6.875999999999999890e-01
3.810000000000000000e+02 6.879999999999999449e-01
2.000000000000000000e+00 6.884000000000000119e-01
0.000000000000000000e+00 6.887999999999999678e-01
0.000000000000000000e+00 6.892000000000000348e-01
1.000000000000000000e+00 6.895999999999999908e-01
1.000000000000000000e+01 6.899999999999999467e-01
8.000000000000000000e+00 6.904000000000000137e-01
0.000000000000000000e+00 6.899999999999999467e-01
5.000000000000000000e+01 6.904000000000000137e-01
0.000000000000000000e+00 6.899999999999999467e-01
5.000000000000000000e+00 6.904000000000000137e-01
0.000000000000000000e+00 6.907999999999999696e-01
1.600000000000000000e+01 6.912000000000000366e-01
0.000000000000000000e+00 6.915999999999999925e-01
1.000000000000000000e+00 6.919999999999999485e-01
2.300000000000000000e+01 6.924000000000000155e-01
1.900000000000000000e+01 6.927999999999999714e-01
7.400000000000000000e+01 6.932000000000000384e-01
0.000000000000000000e+00 6.912000000000000366e-01
0.000000000000000000e+00 6.915999999999999925e-01
2.000000000000000000e+00 6.919999999999999485e-01
2.000000000000000000e+00 6.924000000000000155e-01
2.000000000000000000e+00 6.927999999999999714e-01
0.000000000000000000e+00 6.932000000000000384e-01
0.000000000000000000e+00 6.935999999999999943e-01
0.000000000000000000e+00 6.939999999999999503e-01
6.000000000000000000e+00 6.944000000000000172e-01
2.000000000000000000e+00 6.947999999999999732e-01
3.000000000000000000e+00 6.952000000000000401e-01
1.000000000000000000e+00 6.955999999999999961e-01
7.260000000000000000e+02 6.959999999999999520e-01
2.600000000000000000e+01 6.932000000000000384e-01
2.300000000000000000e+01 6.932000000000000384e-01
1.000000000000000000e+00 6.932000000000000384e-01
1.000000000000000000e+00 6.935999999999999943e-01
3.000000000000000000e+00 6.939999999999999503e-01
0.000000000000000000e+00 6.944000000000000172e-01
9.000000000000000000e+01 6.947999999999999732e-01
4.000000000000000000e+00 6.952000000000000401e-01
4.900000000000000000e+01 6.955999999999999961e-01
0.000000000000000000e+00 6.935999999999999943e-01
0.000000000000000000e+00 6.939999999999999503e-01
0.000000000000000000e+00 6.944000000000000172e-01
0.000000000000000000e+00 6.947999999999999732e-01
0.000000000000000000e+00 6.952000000000000401e-01
0.000000000000000000e+00 6.955999999999999961e-01
3.400000000000000000e+01 6.959999999999999520e-01
0.000000000000000000e+00 6.964000000000000190e-01
7.250000000000000000e+02 6.967999999999999750e-01
1.000000000000000000e+00 6.947999999999999732e-01
1.300000000000000000e+01 6.952000000000000401e-01
1.080000000000000000e+02 6.955999999999999961e-01
2.000000000000000000e+00 6.959999999999999520e-01
4.240000000000000000e+02 6.964000000000000190e-01
1.292000000000000000e+03 6.947999999999999732e-01
1.100000000000000000e+01 6.947999999999999732e-01
0.000000000000000000e+00 6.952000000000000401e-01
2.320000000000000000e+02 6.955999999999999961e-01
3.150000000000000000e+02 6.952000000000000401e-01
1.000000000000000000e+00 6.927999999999999714e-01
6.000000000000000000e+01 6.932000000000000384e-01
0.000000000000000000e+00 6.932000000000000384e-01
0.000000000000000000e+00 6.935999999999999943e-01
1.020000000000000000e+02 6.939999999999999503e-01
5.720000000000000000e+02 6.919999999999999485e-01
0.000000000000000000e+00 6.872000000000000330e-01
0.000000000000000000e+00 6.875999999999999890e-01
1.000000000000000000e+00 6.879999999999999449e-01
5.000000000000000000e+01 6.875999999999999890e-01
0.000000000000000000e+00 6.879999999999999449e-01
3.000000000000000000e+00 6.884000000000000119e-01
8.300000000000000000e+01 6.887999999999999678e-01
4.300000000000000000e+01 6.892000000000000348e-01
5.858000000000000000e+03 6.895999999999999908e-01
2.220000000000000000e+02 6.872000000000000330e-01
1.069000000000000000e+03 6.875999999999999890e-01
1.600000000000000000e+01 6.847999999999999643e-01
0.000000000000000000e+00 6.852000000000000313e-01
3.530000000000000000e+02 6.855999999999999872e-01
6.300000000000000000e+01 6.847999999999999643e-01
0.000000000000000000e+00 6.852000000000000313e-01
0.000000000000000000e+00 6.855999999999999872e-01
0.000000000000000000e+00 6.860000000000000542e-01
2.300000000000000000e+01 6.864000000000000101e-01
9.950000000000000000e+02 6.864000000000000101e-01
8.000000000000000000e+00 6.812000000000000277e-01
8.000000000000000000e+00 6.815999999999999837e-01
2.000000000000000000e+00 6.812000000000000277e-01
6.000000000000000000e+00 6.815999999999999837e-01
1.000000000000000000e+00 6.820000000000000506e-01
7.000000000000000000e+00 6.824000000000000066e-01
1.000000000000000000e+00 6.827999999999999625e-01
3.800000000000000000e+01 6.832000000000000295e-01
0.000000000000000000e+00 6.832000000000000295e-01
0.000000000000000000e+00 6.835999999999999854e-01
1.000000000000000000e+01 6.840000000000000524e-01
5.400000000000000000e+01 6.844000000000000083e-01
2.000000000000000000e+00 6.835999999999999854e-01
1.000000000000000000e+00 6.840000000000000524e-01
2.000000000000000000e+00 6.844000000000000083e-01
2.700000000000000000e+01 6.847999999999999643e-01
0.000000000000000000e+00 6.852000000000000313e-01
1.147000000000000000e+03 6.855999999999999872e-01
0.000000000000000000e+00 6.840000000000000524e-01
0.000000000000000000e+00 6.844000000000000083e-01
5.680000000000000000e+02 6.847999999999999643e-01
1.110000000000000000e+02 6.852000000000000313e-01
1.400000000000000000e+01 6.852000000000000313e-01
3.200000000000000000e+01 6.855999999999999872e-01
1.000000000000000000e+00 6.852000000000000313e-01
0.000000000000000000e+00 6.855999999999999872e-01
0.000000000000000000e+00 6.860000000000000542e-01
1.000000000000000000e+00 6.864000000000000101e-01
1.000000000000000000e+00 6.867999999999999661e-01
5.000000000000000000e+00 6.872000000000000330e-01
0.000000000000000000e+00 6.875999999999999890e-01
4.000000000000000000e+00 6.879999999999999449e-01
0.000000000000000000e+00 6.884000000000000119e-01
1.300000000000000000e+01 6.887999999999999678e-01
2.000000000000000000e+00 6.884000000000000119e-01
3.000000000000000000e+00 6.887999999999999678e-01
1.260000000000000000e+02 6.892000000000000348e-01
9.000000000000000000e+00 6.892000000000000348e-01
4.900000000000000000e+01 6.895999999999999908e-01
2.000000000000000000e+02 6.887999999999999678e-01
5.000000000000000000e+00 6.879999999999999449e-01
2.770000000000000000e+02 6.884000000000000119e-01
5.400000000000000000e+01 6.887999999999999678e-01
4.000000000000000000e+00 6.892000000000000348e-01
8.000000000000000000e+00 6.895999999999999908e-01
3.300000000000000000e+01 6.899999999999999467e-01
3.327000000000000000e+03 6.904000000000000137e-01
1.200000000000000000e+01 6.904000000000000137e-01
1.650000000000000000e+02 6.895999999999999908e-01
2.000000000000000000e+00 6.899999999999999467e-01
6.200000000000000000e+01 6.904000000000000137e-01
1.000000000000000000e+01 6.907999999999999696e-01
1.250000000000000000e+02 6.912000000000000366e-01
0.000000000000000000e+00 6.915999999999999925e-01
6.370000000000000000e+02 6.919999999999999485e-01
0.000000000000000000e+00 6.892000000000000348e-01
4.000000000000000000e+00 6.895999999999999908e-01
2.100000000000000000e+01 6.899999999999999467e-01
1.700000000000000000e+01 6.904000000000000137e-01
9.300000000000000000e+01 6.907999999999999696e-01
0.000000000000000000e+00 6.912000000000000366e-01
4.000000000000000000e+00 6.915999999999999925e-01
2.000000000000000000e+00 6.919999999999999485e-01
1.700000000000000000e+01 6.924000000000000155e-01
2.090000000000000000e+02 6.927999999999999714e-01
1.700000000000000000e+01 6.932000000000000384e-01
1.700000000000000000e+01 6.935999999999999943e-01
4.900000000000000000e+01 6.927999999999999714e-01
0.000000000000000000e+00 6.932000000000000384e-01
0.000000000000000000e+00 6.935999999999999943e-01
0.000000000000000000e+00 6.939999999999999503e-01
7.000000000000000000e+00 6.944000000000000172e-01
0.000000000000000000e+00 6.939999999999999503e-01
2.370000000000000000e+02 6.944000000000000172e-01
2.000000000000000000e+00 6.904000000000000137e-01
0.000000000000000000e+00 6.907999999999999696e-01
3.900000000000000000e+01 6.912000000000000366e-01
2.446000000000000000e+03 6.915999999999999925e-01
1.300000000000000000e+01 6.879999999999999449e-01
1.000000000000000000e+00 6.884000000000000119e-01
1.500000000000000000e+01 6.887999999999999678e-01
1.776000000000000000e+03 6.892000000000000348e-01
2.000000000000000000e+00 6.820000000000000506e-01
7.600000000000000000e+01 6.824000000000000066e-01
1.610000000000000000e+02 6.827999999999999625e-01
2.695000000000000000e+03 6.832000000000000295e-01
2.750000000000000000e+02 6.804000000000000048e-01
7.000000000000000000e+00 6.807999999999999607e-01
4.200000000000000000e+01 6.812000000000000277e-01
5.800000000000000000e+01 6.815999999999999837e-01
2.000000000000000000e+00 6.820000000000000506e-01
0.000000000000000000e+00 6.824000000000000066e-01
6.300000000000000000e+01 6.827999999999999625e-01
0.000000000000000000e+00 6.832000000000000295e-01
0.000000000000000000e+00 6.835999999999999854e-01
7.810000000000000000e+02 6.840000000000000524e-01
7.000000000000000000e+00 6.832000000000000295e-01
2.850000000000000000e+02 6.835999999999999854e-01
3.100000000000000000e+01 6.840000000000000524e-01
5.640000000000000000e+02 6.844000000000000083e-01
3.000000000000000000e+00 6.827999999999999625e-01
1.000000000000000000e+00 6.832000000000000295e-01
0.000000000000000000e+00 6.835999999999999854e-01
0.000000000000000000e+00 6.840000000000000524e-01
1.400000000000000000e+01 6.844000000000000083e-01
2.450000000000000000e+02 6.847999999999999643e-01
0.000000000000000000e+00 6.852000000000000313e-01
0.000000000000000000e+00 6.855999999999999872e-01
2.000000000000000000e+00 6.860000000000000542e-01
2.600000000000000000e+01 6.864000000000000101e-01
1.920000000000000000e+02 6.860000000000000542e-01
5.000000000000000000e+00 6.864000000000000101e-01
4.000000000000000000e+00 6.867999999999999661e-01
3.300000000000000000e+01 6.872000000000000330e-01
0.000000000000000000e+00 6.875999999999999890e-01
1.980000000000000000e+02 6.879999999999999449e-01
2.090000000000000000e+02 6.879999999999999449e-01
1.900000000000000000e+02 6.884000000000000119e-01
6.000000000000000000e+00 6.887999999999999678e-01
2.000000000000000000e+00 6.892000000000000348e-01
0.000000000000000000e+00 6.895999999999999908e-01
0.000000000000000000e+00 6.899999999999999467e-01
0.000000000000000000e+00 6.904000000000000137e-01
2.000000000000000000e+00 6.907999999999999696e-01
1.400000000000000000e+01 6.912000000000000366e-01
3.000000000000000000e+00 6.915999999999999925e-01
1.646000000000000000e+03 6.919999999999999485e-01
0.000000000000000000e+00 6.907999999999999696e-01
0.000000000000000000e+00 6.912000000000000366e-01
0.000000000000000000e+00 6.915999999999999925e-01
0.000000000000000000e+00 6.919999999999999485e-01
0.000000000000000000e+00 6.924000000000000155e-01
1.300000000000000000e+01 6.927999999999999714e-01
0.000000000000000000e+00 6.932000000000000384e-01
3.000000000000000000e+01 6.935999999999999943e-01
5.300000000000000000e+01 6.939999999999999503e-01
1.700000000000000000e+01 6.935999999999999943e-01
0.000000000000000000e+00 6.939999999999999503e-01
0.000000000000000000e+00 6.944000000000000172e-01
6.270000000000000000e+02 6.947999999999999732e-01
1.200000000000000000e+01 6.952000000000000401e-01
0.000000000000000000e+00 6.952000000000000401e-01
0.000000000000000000e+00 6.955999999999999961e-01
3.000000000000000000e+00 6.959999999999999520e-01
3.830000000000000000e+03 6.964000000000000190e-01
0.000000000000000000e+00 6.844000000000000083e-01
0.000000000000000000e+00 6.847999999999999643e-01
1.700000000000000000e+01 6.852000000000000313e-01
1.800000000000000000e+01 6.855999999999999872e-01
0.000000000000000000e+00 6.860000000000000542e-01
1.700000000000000000e+01 6.864000000000000101e-01
0.000000000000000000e+00 6.867999999999999661e-01
0.000000000000000000e+00 6.872000000000000330e-01
7.310000000000000000e+02 6.875999999999999890e-01
0.000000000000000000e+00 6.879999999999999449e-01
3.590000000000000000e+02 6.884000000000000119e-01
2.000000000000000000e+00 6.887999999999999678e-01
1.700000000000000000e+01 6.892000000000000348e-01
3.000000000000000000e+01 6.895999999999999908e-01
2.570000000000000000e+02 6.892000000000000348e-01
0.000000000000000000e+00 6.895999999999999908e-01
5.200000000000000000e+01 6.899999999999999467e-01
1.510000000000000000e+02 6.904000000000000137e-01
2.117000000000000000e+03 6.899999999999999467e-01
0.000000000000000000e+00 6.840000000000000524e-01
2.600000000000000000e+01 6.844000000000000083e-01
2.600000000000000000e+02 6.847999999999999643e-01
1.000000000000000000e+00 6.835999999999999854e-01
0.000000000000000000e+00 6.840000000000000524e-01
1.300000000000000000e+01 6.844000000000000083e-01
4.000000000000000000e+01 6.847999999999999643e-01
7.870000000000000000e+02 6.852000000000000313e-01
7.970000000000000000e+02 6.855999999999999872e-01
6.900000000000000000e+01 6.860000000000000542e-01
0.000000000000000000e+00 6.864000000000000101e-01
1.000000000000000000e+00 6.867999999999999661e-01
0.000000000000000000e+00 6.872000000000000330e-01
0.000000000000000000e+00 6.875999999999999890e-01
5.690000000000000000e+02 6.879999999999999449e-01
2.000000000000000000e+00 6.852000000000000313e-01
0.000000000000000000e+00 6.855999999999999872e-01
2.400000000000000000e+01 6.860000000000000542e-01
4.000000000000000000e+00 6.864000000000000101e-01
1.000000000000000000e+00 6.867999999999999661e-01
1.970000000000000000e+02 6.872000000000000330e-01
6.000000000000000000e+00 6.864000000000000101e-01
2.000000000000000000e+00 6.867999999999999661e-01
1.670000000000000000e+02 6.872000000000000330e-01
3.070000000000000000e+02 6.875999999999999890e-01
0.000000000000000000e+00 6.875999999999999890e-01
2.700000000000000000e+01 6.879999999999999449e-01
2.200000000000000000e+01 6.884000000000000119e-01
0.000000000000000000e+00 6.887999999999999678e-01
3.400000000000000000e+01 6.892000000000000348e-01
3.300000000000000000e+01 6.895999999999999908e-01
5.300000000000000000e+01 6.899999999999999467e-01
0.000000000000000000e+00 6.892000000000000348e-01
1.000000000000000000e+00 6.895999999999999908e-01
0.000000000000000000e+00 6.899999999999999467e-01
7.300000000000000000e+01 6.904000000000000137e-01
0.000000000000000000e+00 6.904000000000000137e-01
7.730000000000000000e+02 6.907999999999999696e-01
1.900000000000000000e+01 6.892000000000000348e-01
1.169000000000000000e+03 6.895999999999999908e-01
9.000000000000000000e+01 6.875999999999999890e-01
4.600000000000000000e+01 6.879999999999999449e-01
3.730000000000000000e+02 6.884000000000000119e-01
0.000000000000000000e+00 6.872000000000000330e-01
1.500000000000000000e+01 6.875999999999999890e-01
0.000000000000000000e+00 6.879999999999999449e-01
0.000000000000000000e+00 6.884000000000000119e-01
8.000000000000000000e+00 6.887999999999999678e-01
3.840000000000000000e+02 6.892000000000000348e-01
0.000000000000000000e+00 6.892000000000000348e-01
0.000000000000000000e+00 6.895999999999999908e-01
7.000000000000000000e+00 6.899999999999999467e-01
6.000000000000000000e+00 6.904000000000000137e-01
9.290000000000000000e+02 6.907999999999999696e-01
2.000000000000000000e+00 6.912000000000000366e-01
2.000000000000000000e+00 6.915999999999999925e-01
1.000000000000000000e+01 6.919999999999999485e-01
2.200000000000000000e+01 6.915999999999999925e-01
0.000000000000000000e+00 6.919999999999999485e-01
0.000000000000000000e+00 6.924000000000000155e-01
0.000000000000000000e+00 6.927999999999999714e-01
0.000000000000000000e+00 6.932000000000000384e-01
0.000000000000000000e+00 6.935999999999999943e-01
1.850000000000000000e+02 6.939999999999999503e-01
0.000000000000000000e+00 6.944000000000000172e-01
1.500000000000000000e+01 6.947999999999999732e-01
2.320000000000000000e+02 6.952000000000000401e-01
3.050000000000000000e+02 6.955999999999999961e-01
1.100000000000000000e+01 6.932000000000000384e-01
0.000000000000000000e+00 6.935999999999999943e-01
5.300000000000000000e+01 6.939999999999999503e-01
0.000000000000000000e+00 6.932000000000000384e-01
0.000000000000000000e+00 6.935999999999999943e-01
0.000000000000000000e+00 6.939999999999999503e-01
1.000000000000000000e+00 6.944000000000000172e-01
0.000000000000000000e+00 6.944000000000000172e-01
2.300000000000000000e+01 6.947999999999999732e-01
3.900000000000000000e+01 6.952000000000000401e-01
1.000000000000000000e+00 6.944000000000000172e-01
0.000000000000000000e+00 6.947999999999999732e-01
0.000000000000000000e+00 6.952000000000000401e-01
1.437000000000000000e+03 6.955999999999999961e-01
2.000000000000000000e+00 6.915999999999999925e-01
2.280000000000000000e+02 6.919999999999999485e-01
0.000000000000000000e+00 6.924000000000000155e-01
3.900000000000000000e+01 6.927999999999999714e-01
1.850000000000000000e+02 6.927999999999999714e-01
6.710000000000000000e+02 6.907999999999999696e-01
0.000000000000000000e+00 6.875999999999999890e-01
5.140000000000000000e+02 6.879999999999999449e-01
0.000000000000000000e+00 6.884000000000000119e-01
0.000000000000000000e+00 6.887999999999999678e-01
1.000000000000000000e+00 6.892000000000000348e-01
5.000000000000000000e+00 6.895999999999999908e-01
0.000000000000000000e+00 6.899999999999999467e-01
1.000000000000000000e+00 6.904000000000000137e-01
3.200000000000000000e+01 6.907999999999999696e-01
2.440000000000000000e+03 6.912000000000000366e-01
2.000000000000000000e+00 6.899999999999999467e-01
1.240000000000000000e+02 6.904000000000000137e-01
3.000000000000000000e+00 6.892000000000000348e-01
7.000000000000000000e+01 6.895999999999999908e-01
1.060000000000000000e+02 6.899999999999999467e-01
5.900000000000000000e+01 6.904000000000000137e-01
5.000000000000000000e+00 6.907999999999999696e-01
1.200000000000000000e+01 6.912000000000000366e-01
2.460000000000000000e+02 6.915999999999999925e-01
1.200000000000000000e+01 6.899999999999999467e-01
0.000000000000000000e+00 6.904000000000000137e-01
7.200000000000000000e+01 6.907999999999999696e-01
1.000000000000000000e+00 6.912000000000000366e-01
0.000000000000000000e+00 6.907999999999999696e-01
0.000000000000000000e+00 6.912000000000000366e-01
6.000000000000000000e+00 6.915999999999999925e-01
2.000000000000000000e+00 6.919999999999999485e-01
0.000000000000000000e+00 6.912000000000000366e-01
1.310000000000000000e+02 6.915999999999999925e-01
1.000000000000000000e+00 6.919999999999999485e-01
0.000000000000000000e+00 6.924000000000000155e-01
0.000000000000000000e+00 6.927999999999999714e-01
4.000000000000000000e+01 6.932000000000000384e-01
0.000000000000000000e+00 6.935999999999999943e-01
0.000000000000000000e+00 6.939999999999999503e-01
2.000000000000000000e+00 6.944000000000000172e-01
8.000000000000000000e+00 6.947999999999999732e-01
0.000000000000000000e+00 6.952000000000000401e-01
1.000000000000000000e+00 6.955999999999999961e-01
4.000000000000000000e+00 6.959999999999999520e-01
1.350000000000000000e+02 6.964000000000000190e-01
2.000000000000000000e+01 6.955999999999999961e-01
0.000000000000000000e+00 6.959999999999999520e-01
3.100000000000000000e+01 6.964000000000000190e-01
0.000000000000000000e+00 6.967999999999999750e-01
1.200000000000000000e+01 6.972000000000000419e-01
2.000000000000000000e+00 6.975999999999999979e-01
4.000000000000000000e+00 6.979999999999999538e-01
4.000000000000000000e+00 6.984000000000000208e-01
0.000000000000000000e+00 6.987999999999999767e-01
6.000000000000000000e+00 6.992000000000000437e-01
0.000000000000000000e+00 6.995999999999999996e-01
1.700000000000000000e+02 6.999999999999999556e-01
4.000000000000000000e+00 7.004000000000000226e-01
8.000000000000000000e+00 7.007999999999999785e-01
0.000000000000000000e+00 7.012000000000000455e-01
0.000000000000000000e+00 7.016000000000000014e-01
1.800000000000000000e+01 7.019999999999999574e-01
6.100000000000000000e+01 7.024000000000000243e-01
0.000000000000000000e+00 7.019999999999999574e-01
6.120000000000000000e+02 7.024000000000000243e-01
1.000000000000000000e+00 7.019999999999999574e-01
0.000000000000000000e+00 7.019999999999999574e-01
1.000000000000000000e+00 7.024000000000000243e-01
0.000000000000000000e+00 7.027999999999999803e-01
7.100000000000000000e+01 7.032000000000000473e-01
1.920000000000000000e+02 7.036000000000000032e-01
3.293000000000000000e+03 7.032000000000000473e-01
1.400000000000000000e+01 6.999999999999999556e-01
4.700000000000000000e+01 7.004000000000000226e-01
0.000000000000000000e+00 7.007999999999999785e-01
7.000000000000000000e+00 7.012000000000000455e-01
2.000000000000000000e+00 7.016000000000000014e-01
1.100000000000000000e+01 7.019999999999999574e-01
0.000000000000000000e+00 7.024000000000000243e-01
4.000000000000000000e+00 7.027999999999999803e-01
0.000000000000000000e+00 7.032000000000000473e-01
2.100000000000000000e+01 7.036000000000000032e-01
2.000000000000000000e+00 7.027999999999999803e-01
0.000000000000000000e+00 7.024000000000000243e-01
0.000000000000000000e+00 7.027999999999999803e-01
0.000000000000000000e+00 7.032000000000000473e-01
1.190000000000000000e+02 7.036000000000000032e-01
6.000000000000000000e+00 7.036000000000000032e-01
6.000000000000000000e+01 7.032000000000000473e-01
0.000000000000000000e+00 7.036000000000000032e-01
0.000000000000000000e+00 7.039999999999999591e-01
0.000000000000000000e+00 7.044000000000000261e-01
0.000000000000000000e+00 7.047999999999999821e-01
0.000000000000000000e+00 7.052000000000000490e-01
1.063000000000000000e+03 7.056000000000000050e-01
4.000000000000000000e+00 6.984000000000000208e-01
5.000000000000000000e+01 6.987999999999999767e-01
4.000000000000000000e+00 6.992000000000000437e-01
1.400000000000000000e+01 6.987999999999999767e-01
2.000000000000000000e+00 6.987999999999999767e-01
0.000000000000000000e+00 6.992000000000000437e-01
3.000000000000000000e+00 6.995999999999999996e-01
8.000000000000000000e+00 6.999999999999999556e-01
1.000000000000000000e+00 7.004000000000000226e-01
2.000000000000000000e+00 7.007999999999999785e-01
2.000000000000000000e+00 7.012000000000000455e-01
0.000000000000000000e+00 7.016000000000000014e-01
3.000000000000000000e+00 7.019999999999999574e-01
8.800000000000000000e+02 7.024000000000000243e-01
0.000000000000000000e+00 7.027999999999999803e-01
4.450000000000000000e+02 7.032000000000000473e-01
3.660000000000000000e+02 7.004000000000000226e-01
2.000000000000000000e+02 6.995999999999999996e-01
9.700000000000000000e+01 6.999999999999999556e-01
1.000000000000000000e+00 7.004000000000000226e-01
0.000000000000000000e+00 6.999999999999999556e-01
2.000000000000000000e+00 7.004000000000000226e-01
1.000000000000000000e+00 7.007999999999999785e-01
2.630000000000000000e+02 7.012000000000000455e-01
1.360000000000000000e+02 6.984000000000000208e-01
1.117200000000000000e+04 6.987999999999999767e-01
1.200000000000000000e+01 6.815999999999999837e-01
0.000000000000000000e+00 6.807999999999999607e-01
3.300000000000000000e+01 6.812000000000000277e-01
3.540000000000000000e+02 6.815999999999999837e-01
0.000000000000000000e+00 6.820000000000000506e-01
1.900000000000000000e+01 6.824000000000000066e-01
1.700000000000000000e+01 6.827999999999999625e-01
2.200000000000000000e+01 6.832000000000000295e-01
0.000000000000000000e+00 6.835999999999999854e-01
2.080000000000000000e+02 6.840000000000000524e-01
1.900000000000000000e+01 6.844000000000000083e-01
0.000000000000000000e+00 6.847999999999999643e-01
2.000000000000000000e+00 6.852000000000000313e-01
2.000000000000000000e+00 6.852000000000000313e-01
2.000000000000000000e+00 6.855999999999999872e-01
0.000000000000000000e+00 6.860000000000000542e-01
1.080000000000000000e+02 6.864000000000000101e-01
2.800000000000000000e+01 6.867999999999999661e-01
7.000000000000000000e+00 6.872000000000000330e-01
2.000000000000000000e+00 6.875999999999999890e-01
1.300000000000000000e+01 6.879999999999999449e-01
6.500000000000000000e+01 6.884000000000000119e-01
1.000000000000000000e+00 6.872000000000000330e-01
3.000000000000000000e+00 6.875999999999999890e-01
1.770000000000000000e+02 6.879999999999999449e-01
6.000000000000000000e+00 6.884000000000000119e-01
0.000000000000000000e+00 6.887999999999999678e-01
1.000000000000000000e+00 6.892000000000000348e-01
4.000000000000000000e+00 6.892000000000000348e-01
1.360000000000000000e+02 6.895999999999999908e-01
2.000000000000000000e+00 6.899999999999999467e-01
0.000000000000000000e+00 6.904000000000000137e-01
0.000000000000000000e+00 6.907999999999999696e-01
9.000000000000000000e+00 6.912000000000000366e-01
0.000000000000000000e+00 6.915999999999999925e-01
1.000000000000000000e+00 6.919999999999999485e-01
0.000000000000000000e+00 6.924000000000000155e-01
1.460000000000000000e+02 6.927999999999999714e-01
0.000000000000000000e+00 6.932000000000000384e-01
2.000000000000000000e+00 6.935999999999999943e-01
4.000000000000000000e+00 6.939999999999999503e-01
6.610000000000000000e+02 6.944000000000000172e-01
5.300000000000000000e+01 6.947999999999999732e-01
2.280000000000000000e+02 6.952000000000000401e-01
2.682000000000000000e+03 6.952000000000000401e-01
6.600000000000000000e+01 6.944000000000000172e-01
9.000000000000000000e+00 6.939999999999999503e-01
3.420000000000000000e+02 6.944000000000000172e-01
0.000000000000000000e+00 6.915999999999999925e-01
0.000000000000000000e+00 6.919999999999999485e-01
6.000000000000000000e+00 6.924000000000000155e-01
4.800000000000000000e+01 6.927999999999999714e-01
2.500000000000000000e+01 6.932000000000000384e-01
0.000000000000000000e+00 6.935999999999999943e-01
1.040000000000000000e+02 6.939999999999999503e-01
1.500000000000000000e+01 6.919999999999999485e-01
9.000000000000000000e+01 6.924000000000000155e-01
3.296000000000000000e+03 6.927999999999999714e-01
1.000000000000000000e+00 6.879999999999999449e-01
8.700000000000000000e+01 6.884000000000000119e-01
1.900000000000000000e+01 6.887999999999999678e-01
6.700000000000000000e+01 6.892000000000000348e-01
7.000000000000000000e+00 6.895999999999999908e-01
2.120000000000000000e+02 6.899999999999999467e-01
0.000000000000000000e+00 6.904000000000000137e-01
2.000000000000000000e+00 6.907999999999999696e-01
0.000000000000000000e+00 6.912000000000000366e-01
0.000000000000000000e+00 6.915999999999999925e-01
8.000000000000000000e+00 6.919999999999999485e-01
0.000000000000000000e+00 6.924000000000000155e-01
0.000000000000000000e+00 6.927999999999999714e-01
1.000000000000000000e+00 6.932000000000000384e-01
5.000000000000000000e+00 6.935999999999999943e-01
0.000000000000000000e+00 6.935999999999999943e-01
0.000000000000000000e+00 6.939999999999999503e-01
0.000000000000000000e+00 6.944000000000000172e-01
1.400000000000000000e+01 6.947999999999999732e-01
3.000000000000000000e+00 6.952000000000000401e-01
4.000000000000000000e+00 6.955999999999999961e-01
0.000000000000000000e+00 6.959999999999999520e-01
1.850000000000000000e+02 6.964000000000000190e-01
0.000000000000000000e+00 6.967999999999999750e-01
8.150000000000000000e+02 6.972000000000000419e-01
4.000000000000000000e+00 6.975999999999999979e-01
0.000000000000000000e+00 6.972000000000000419e-01
9.000000000000000000e+00 6.975999999999999979e-01
8.000000000000000000e+00 6.979999999999999538e-01
8.000000000000000000e+00 6.975999999999999979e-01
3.000000000000000000e+00 6.979999999999999538e-01
0.000000000000000000e+00 6.984000000000000208e-01
7.000000000000000000e+00 6.987999999999999767e-01
1.000000000000000000e+00 6.992000000000000437e-01
1.700000000000000000e+01 6.995999999999999996e-01
2.000000000000000000e+00 6.995999999999999996e-01
3.300000000000000000e+01 6.995999999999999996e-01
0.000000000000000000e+00 6.999999999999999556e-01
1.000000000000000000e+00 7.004000000000000226e-01
0.000000000000000000e+00 7.007999999999999785e-01
5.320000000000000000e+02 7.012000000000000455e-01
6.000000000000000000e+00 7.016000000000000014e-01
4.000000000000000000e+00 7.019999999999999574e-01
2.500000000000000000e+01 7.024000000000000243e-01
0.000000000000000000e+00 7.027999999999999803e-01
3.380000000000000000e+02 7.032000000000000473e-01
1.750000000000000000e+02 7.036000000000000032e-01
1.740000000000000000e+03 7.039999999999999591e-01
9.000000000000000000e+00 6.987999999999999767e-01
0.000000000000000000e+00 6.992000000000000437e-01
0.000000000000000000e+00 6.995999999999999996e-01
0.000000000000000000e+00 6.999999999999999556e-01
2.800000000000000000e+01 7.004000000000000226e-01
8.000000000000000000e+00 7.007999999999999785e-01
3.000000000000000000e+00 7.012000000000000455e-01
2.430000000000000000e+02 7.016000000000000014e-01
2.614000000000000000e+03 7.019999999999999574e-01
1.000000000000000000e+01 6.927999999999999714e-01
2.000000000000000000e+00 6.919999999999999485e-01
6.000000000000000000e+00 6.924000000000000155e-01
8.200000000000000000e+01 6.927999999999999714e-01
0.000000000000000000e+00 6.932000000000000384e-01
8.000000000000000000e+01 6.935999999999999943e-01
1.790000000000000000e+02 6.927999999999999714e-01
5.000000000000000000e+00 6.932000000000000384e-01
0.000000000000000000e+00 6.935999999999999943e-01
5.000000000000000000e+00 6.939999999999999503e-01
2.000000000000000000e+01 6.944000000000000172e-01
1.700000000000000000e+01 6.944000000000000172e-01
1.200000000000000000e+01 6.947999999999999732e-01
3.000000000000000000e+00 6.952000000000000401e-01
2.285000000000000000e+03 6.955999999999999961e-01
4.100000000000000000e+01 6.872000000000000330e-01
7.400000000000000000e+01 6.875999999999999890e-01
2.000000000000000000e+00 6.879999999999999449e-01
2.000000000000000000e+00 6.884000000000000119e-01
3.000000000000000000e+00 6.887999999999999678e-01
0.000000000000000000e+00 6.887999999999999678e-01
1.500000000000000000e+01 6.892000000000000348e-01
2.600000000000000000e+01 6.895999999999999908e-01
0.000000000000000000e+00 6.899999999999999467e-01
1.040000000000000000e+02 6.904000000000000137e-01
1.000000000000000000e+00 6.904000000000000137e-01
0.000000000000000000e+00 6.907999999999999696e-01
3.600000000000000000e+02 6.912000000000000366e-01
0.000000000000000000e+00 6.915999999999999925e-01
0.000000000000000000e+00 6.919999999999999485e-01
0.000000000000000000e+00 6.924000000000000155e-01
0.000000000000000000e+00 6.927999999999999714e-01
7.000000000000000000e+00 6.932000000000000384e-01
0.000000000000000000e+00 6.935999999999999943e-01
1.000000000000000000e+00 6.939999999999999503e-01
7.000000000000000000e+00 6.935999999999999943e-01
4.000000000000000000e+00 6.939999999999999503e-01
0.000000000000000000e+00 6.944000000000000172e-01
9.500000000000000000e+01 6.947999999999999732e-01
2.400000000000000000e+02 6.952000000000000401e-01
0.000000000000000000e+00 6.935999999999999943e-01
7.300000000000000000e+01 6.939999999999999503e-01
2.700000000000000000e+01 6.944000000000000172e-01
8.000000000000000000e+00 6.932000000000000384e-01
1.000000000000000000e+00 6.935999999999999943e-01
0.000000000000000000e+00 6.939999999999999503e-01
0.000000000000000000e+00 6.944000000000000172e-01
7.300000000000000000e+01 6.947999999999999732e-01
2.000000000000000000e+00 6.952000000000000401e-01
3.700000000000000000e+01 6.952000000000000401e-01
1.000000000000000000e+00 6.955999999999999961e-01
0.000000000000000000e+00 6.959999999999999520e-01
3.000000000000000000e+00 6.964000000000000190e-01
2.000000000000000000e+00 6.967999999999999750e-01
2.700000000000000000e+01 6.964000000000000190e-01
0.000000000000000000e+00 6.967999999999999750e-01
1.000000000000000000e+00 6.972000000000000419e-01
2.423000000000000000e+03 6.975999999999999979e-01
3.560000000000000000e+02 6.919999999999999485e-01
0.000000000000000000e+00 6.915999999999999925e-01
3.500000000000000000e+01 6.919999999999999485e-01
1.000000000000000000e+00 6.919999999999999485e-01
0.000000000000000000e+00 6.919999999999999485e-01
1.800000000000000000e+01 6.924000000000000155e-01
8.400000000000000000e+01 6.915999999999999925e-01
0.000000000000000000e+00 6.912000000000000366e-01
0.000000000000000000e+00 6.915999999999999925e-01
6.900000000000000000e+01 6.919999999999999485e-01
0.000000000000000000e+00 6.919999999999999485e-01
0.000000000000000000e+00 6.924000000000000155e-01
1.700000000000000000e+01 6.927999999999999714e-01
2.700000000000000000e+01 6.932000000000000384e-01
0.000000000000000000e+00 6.932000000000000384e-01
0.000000000000000000e+00 6.935999999999999943e-01
2.653000000000000000e+03 6.939999999999999503e-01
1.800000000000000000e+01 6.927999999999999714e-01
0.000000000000000000e+00 6.932000000000000384e-01
4.350000000000000000e+02 6.935999999999999943e-01
2.000000000000000000e+00 6.932000000000000384e-01
1.500000000000000000e+01 6.935999999999999943e-01
0.000000000000000000e+00 6.939999999999999503e-01
4.000000000000000000e+00 6.944000000000000172e-01
0.000000000000000000e+00 6.947999999999999732e-01
0.000000000000000000e+00 6.952000000000000401e-01
0.000000000000000000e+00 6.955999999999999961e-01
2.158000000000000000e+03 6.959999999999999520e-01
1.746000000000000000e+03 6.959999999999999520e-01
2.000000000000000000e+00 6.955999999999999961e-01
2.000000000000000000e+00 6.959999999999999520e-01
4.200000000000000000e+01 6.964000000000000190e-01
4.400000000000000000e+01 6.967999999999999750e-01
0.000000000000000000e+00 6.972000000000000419e-01
4.600000000000000000e+01 6.975999999999999979e-01
3.000000000000000000e+00 6.979999999999999538e-01
1.300000000000000000e+01 6.984000000000000208e-01
0.000000000000000000e+00 6.984000000000000208e-01
8.000000000000000000e+00 6.987999999999999767e-01
0.000000000000000000e+00 6.992000000000000437e-01
9.090000000000000000e+02 6.995999999999999996e-01
3.000000000000000000e+00 6.979999999999999538e-01
1.100000000000000000e+01 6.975999999999999979e-01
2.117000000000000000e+03 6.979999999999999538e-01
6.000000000000000000e+00 6.959999999999999520e-01
2.000000000000000000e+00 6.964000000000000190e-01
2.000000000000000000e+00 6.967999999999999750e-01
1.500000000000000000e+02 6.972000000000000419e-01
8.000000000000000000e+00 6.975999999999999979e-01
1.500000000000000000e+01 6.979999999999999538e-01
9.100000000000000000e+01 6.984000000000000208e-01
5.000000000000000000e+00 6.987999999999999767e-01
1.000000000000000000e+00 6.992000000000000437e-01
1.100000000000000000e+01 6.995999999999999996e-01
1.000000000000000000e+00 6.999999999999999556e-01
5.700000000000000000e+01 7.004000000000000226e-01
0.000000000000000000e+00 7.007999999999999785e-01
5.000000000000000000e+00 7.012000000000000455e-01
0.000000000000000000e+00 7.016000000000000014e-01
2.500000000000000000e+01 7.019999999999999574e-01
3.490000000000000000e+02 7.024000000000000243e-01
0.000000000000000000e+00 6.992000000000000437e-01
9.000000000000000000e+00 6.995999999999999996e-01
1.000000000000000000e+00 6.999999999999999556e-01
1.900000000000000000e+01 7.004000000000000226e-01
0.000000000000000000e+00 6.999999999999999556e-01
1.300000000000000000e+01 7.004000000000000226e-01
6.151000000000000000e+03 7.007999999999999785e-01
6.000000000000000000e+00 6.927999999999999714e-01
2.000000000000000000e+00 6.932000000000000384e-01
6.000000000000000000e+00 6.935999999999999943e-01
0.000000000000000000e+00 6.932000000000000384e-01
0.000000000000000000e+00 6.935999999999999943e-01
2.000000000000000000e+00 6.939999999999999503e-01
6.000000000000000000e+00 6.944000000000000172e-01
4.000000000000000000e+00 6.947999999999999732e-01
3.000000000000000000e+00 6.947999999999999732e-01
1.600000000000000000e+01 6.952000000000000401e-01
2.410000000000000000e+02 6.955999999999999961e-01
0.000000000000000000e+00 6.959999999999999520e-01
2.000000000000000000e+00 6.964000000000000190e-01
0.000000000000000000e+00 6.967999999999999750e-01
2.800000000000000000e+01 6.972000000000000419e-01
0.000000000000000000e+00 6.972000000000000419e-01
0.000000000000000000e+00 6.975999999999999979e-01
0.000000000000000000e+00 6.979999999999999538e-01
1.800000000000000000e+01 6.984000000000000208e-01
1.000000000000000000e+01 6.987999999999999767e-01
0.000000000000000000e+00 6.992000000000000437e-01
0.000000000000000000e+00 6.995999999999999996e-01
0.000000000000000000e+00 6.999999999999999556e-01
1.500000000000000000e+01 7.004000000000000226e-01
6.800000000000000000e+01 7.007999999999999785e-01
0.000000000000000000e+00 7.007999999999999785e-01
3.100000000000000000e+01 7.012000000000000455e-01
1.600000000000000000e+01 7.016000000000000014e-01
2.300000000000000000e+01 7.019999999999999574e-01
0.000000000000000000e+00 7.024000000000000243e-01
5.000000000000000000e+00 7.027999999999999803e-01
0.000000000000000000e+00 7.032000000000000473e-01
5.200000000000000000e+01 7.036000000000000032e-01
9.230000000000000000e+02 7.039999999999999591e-01
0.000000000000000000e+00 7.032000000000000473e-01
1.434000000000000000e+03 7.036000000000000032e-01
2.000000000000000000e+00 6.995999999999999996e-01
3.210000000000000000e+02 6.999999999999999556e-01
2.000000000000000000e+00 7.004000000000000226e-01
0.000000000000000000e+00 7.007999999999999785e-01
2.000000000000000000e+00 7.012000000000000455e-01
0.000000000000000000e+00 7.016000000000000014e-01
8.800000000000000000e+01 7.019999999999999574e-01
2.000000000000000000e+00 7.024000000000000243e-01
4.000000000000000000e+00 7.027999999999999803e-01
2.610000000000000000e+02 7.032000000000000473e-01
0.000000000000000000e+00 7.016000000000000014e-01
0.000000000000000000e+00 7.019999999999999574e-01
5.900000000000000000e+01 7.024000000000000243e-01
0.000000000000000000e+00 7.027999999999999803e-01
4.063000000000000000e+03 7.032000000000000473e-01
0.000000000000000000e+00 6.979999999999999538e-01
2.700000000000000000e+02 6.984000000000000208e-01
0.000000000000000000e+00 6.975999999999999979e-01
1.499000000000000000e+03 6.979999999999999538e-01
1.000000000000000000e+01 6.967999999999999750e-01
2.000000000000000000e+01 6.964000000000000190e-01
4.000000000000000000e+00 6.967999999999999750e-01
0.000000000000000000e+00 6.972000000000000419e-01
5.000000000000000000e+00 6.975999999999999979e-01
6.000000000000000000e+00 6.979999999999999538e-01
5.000000000000000000e+00 6.984000000000000208e-01
2.200000000000000000e+01 6.987999999999999767e-01
0.000000000000000000e+00 6.992000000000000437e-01
2.000000000000000000e+00 6.995999999999999996e-01
3.950000000000000000e+02 6.999999999999999556e-01
7.200000000000000000e+01 7.004000000000000226e-01
1.810000000000000000e+02 7.007999999999999785e-01
0.000000000000000000e+00 7.012000000000000455e-01
2.000000000000000000e+00 7.016000000000000014e-01
2.100000000000000000e+01 7.019999999999999574e-01
4.000000000000000000e+00 7.024000000000000243e-01
2.373000000000000000e+03 7.027999999999999803e-01
0.000000000000000000e+00 6.959999999999999520e-01
0.000000000000000000e+00 6.964000000000000190e-01
1.167000000000000000e+03 6.967999999999999750e-01
7.000000000000000000e+00 6.967999999999999750e-01
1.040000000000000000e+02 6.972000000000000419e-01
8.000000000000000000e+00 6.975999999999999979e-01
2.300000000000000000e+01 6.979999999999999538e-01
6.300000000000000000e+01 6.984000000000000208e-01
0.000000000000000000e+00 6.987999999999999767e-01
0.000000000000000000e+00 6.992000000000000437e-01
0.000000000000000000e+00 6.995999999999999996e-01
5.400000000000000000e+01 6.999999999999999556e-01
1.430000000000000000e+02 7.004000000000000226e-01
1.000000000000000000e+00 7.007999999999999785e-01
6.333000000000000000e+03 7.012000000000000455e-01
0.000000000000000000e+00 6.852000000000000313e-01
2.380000000000000000e+02 6.855999999999999872e-01
7.700000000000000000e+01 6.852000000000000313e-01
4.460000000000000000e+02 6.855999999999999872e-01
2.940000000000000000e+02 6.812000000000000277e-01
1.300000000000000000e+01 6.815999999999999837e-01
0.000000000000000000e+00 6.820000000000000506e-01
2.000000000000000000e+00 6.824000000000000066e-01
1.930000000000000000e+02 6.827999999999999625e-01
3.900000000000000000e+01 6.827999999999999625e-01
0.000000000000000000e+00 6.832000000000000295e-01
3.000000000000000000e+00 6.835999999999999854e-01
2.000000000000000000e+00 6.840000000000000524e-01
0.000000000000000000e+00 6.840000000000000524e-01
7.000000000000000000e+01 6.844000000000000083e-01
0.000000000000000000e+00 6.832000000000000295e-01
0.000000000000000000e+00 6.835999999999999854e-01
5.800000000000000000e+01 6.840000000000000524e-01
0.000000000000000000e+00 6.844000000000000083e-01
3.100000000000000000e+01 6.847999999999999643e-01
0.000000000000000000e+00 6.852000000000000313e-01
0.000000000000000000e+00 6.855999999999999872e-01
5.900000000000000000e+01 6.860000000000000542e-01
9.000000000000000000e+00 6.847999999999999643e-01
2.000000000000000000e+00 6.852000000000000313e-01
1.600000000000000000e+01 6.855999999999999872e-01
3.200000000000000000e+01 6.855999999999999872e-01
7.000000000000000000e+01 6.860000000000000542e-01
1.223000000000000000e+03 6.864000000000000101e-01
0.000000000000000000e+00 6.867999999999999661e-01
2.000000000000000000e+00 6.872000000000000330e-01
0.000000000000000000e+00 6.875999999999999890e-01
7.100000000000000000e+01 6.879999999999999449e-01
6.000000000000000000e+00 6.884000000000000119e-01
2.000000000000000000e+00 6.887999999999999678e-01
0.000000000000000000e+00 6.892000000000000348e-01
1.000000000000000000e+00 6.895999999999999908e-01
2.600000000000000000e+02 6.895999999999999908e-01
1.100000000000000000e+01 6.892000000000000348e-01
1.170000000000000000e+02 6.895999999999999908e-01
1.240000000000000000e+02 6.899999999999999467e-01
0.000000000000000000e+00 6.904000000000000137e-01
2.820000000000000000e+02 6.907999999999999696e-01
0.000000000000000000e+00 6.912000000000000366e-01
0.000000000000000000e+00 6.915999999999999925e-01
0.000000000000000000e+00 6.919999999999999485e-01
3.147000000000000000e+03 6.924000000000000155e-01
8.000000000000000000e+00 6.879999999999999449e-01
1.980000000000000000e+02 6.884000000000000119e-01
1.900000000000000000e+01 6.884000000000000119e-01
1.000000000000000000e+00 6.884000000000000119e-01
1.206000000000000000e+03 6.887999999999999678e-01
1.200000000000000000e+01 6.892000000000000348e-01
1.080000000000000000e+02 6.895999999999999908e-01
8.900000000000000000e+01 6.887999999999999678e-01
8.300000000000000000e+01 6.887999999999999678e-01
0.000000000000000000e+00 6.892000000000000348e-01
2.000000000000000000e+00 6.895999999999999908e-01
0.000000000000000000e+00 6.899999999999999467e-01
1.629000000000000000e+03 6.904000000000000137e-01
0.000000000000000000e+00 6.904000000000000137e-01
5.000000000000000000e+00 6.907999999999999696e-01
0.000000000000000000e+00 6.912000000000000366e-01
1.870000000000000000e+02 6.915999999999999925e-01
1.500000000000000000e+01 6.919999999999999485e-01
3.000000000000000000e+00 6.924000000000000155e-01
0.000000000000000000e+00 6.927999999999999714e-01
0.000000000000000000e+00 6.932000000000000384e-01
1.000000000000000000e+00 6.935999999999999943e-01
0.000000000000000000e+00 6.939999999999999503e-01
1.000000000000000000e+00 6.944000000000000172e-01
0.000000000000000000e+00 6.947999999999999732e-01
0.000000000000000000e+00 6.952000000000000401e-01
0.000000000000000000e+00 6.955999999999999961e-01
0.000000000000000000e+00 6.959999999999999520e-01
0.000000000000000000e+00 6.964000000000000190e-01
1.000000000000000000e+00 6.967999999999999750e-01
6.000000000000000000e+00 6.972000000000000419e-01
0.000000000000000000e+00 6.972000000000000419e-01
2.000000000000000000e+00 6.975999999999999979e-01
0.000000000000000000e+00 6.979999999999999538e-01
0.000000000000000000e+00 6.984000000000000208e-01
0.000000000000000000e+00 6.987999999999999767e-01
5.000000000000000000e+00 6.992000000000000437e-01
1.242000000000000000e+03 6.995999999999999996e-01
2.880000000000000000e+02 6.964000000000000190e-01
1.670000000000000000e+02 6.967999999999999750e-01
4.000000000000000000e+00 6.964000000000000190e-01
2.000000000000000000e+01 6.967999999999999750e-01
3.777000000000000000e+03 6.972000000000000419e-01
0.000000000000000000e+00 6.867999999999999661e-01
0.000000000000000000e+00 6.872000000000000330e-01
6.350000000000000000e+02 6.875999999999999890e-01
0.000000000000000000e+00 6.852000000000000313e-01
0.000000000000000000e+00 6.855999999999999872e-01
2.100000000000000000e+01 6.860000000000000542e-01
1.100000000000000000e+01 6.864000000000000101e-01
2.000000000000000000e+01 6.867999999999999661e-01
6.000000000000000000e+00 6.867999999999999661e-01
0.000000000000000000e+00 6.872000000000000330e-01
0.000000000000000000e+00 6.875999999999999890e-01
0.000000000000000000e+00 6.879999999999999449e-01
2.000000000000000000e+00 6.884000000000000119e-01
0.000000000000000000e+00 6.879999999999999449e-01
0.000000000000000000e+00 6.884000000000000119e-01
1.680000000000000000e+02 6.887999999999999678e-01
0.000000000000000000e+00 6.867999999999999661e-01
0.000000000000000000e+00 6.872000000000000330e-01
1.080000000000000000e+02 6.875999999999999890e-01
0.000000000000000000e+00 6.879999999999999449e-01
2.000000000000000000e+01 6.884000000000000119e-01
1.480000000000000000e+02 6.887999999999999678e-01
2.400000000000000000e+01 6.887999999999999678e-01
1.920000000000000000e+02 6.892000000000000348e-01
0.000000000000000000e+00 6.895999999999999908e-01
0.000000000000000000e+00 6.899999999999999467e-01
2.200000000000000000e+01 6.904000000000000137e-01
0.000000000000000000e+00 6.907999999999999696e-01
0.000000000000000000e+00 6.912000000000000366e-01
0.000000000000000000e+00 6.915999999999999925e-01
0.000000000000000000e+00 6.919999999999999485e-01
5.000000000000000000e+01 6.924000000000000155e-01
0.000000000000000000e+00 6.924000000000000155e-01
2.600000000000000000e+01 6.927999999999999714e-01
6.000000000000000000e+00 6.932000000000000384e-01
1.200000000000000000e+01 6.935999999999999943e-01
2.000000000000000000e+00 6.939999999999999503e-01
3.700000000000000000e+01 6.939999999999999503e-01
0.000000000000000000e+00 6.939999999999999503e-01
9.400000000000000000e+02 6.944000000000000172e-01
0.000000000000000000e+00 6.932000000000000384e-01
2.900000000000000000e+01 6.935999999999999943e-01
7.200000000000000000e+01 6.939999999999999503e-01
2.000000000000000000e+00 6.944000000000000172e-01
4.700000000000000000e+01 6.944000000000000172e-01
0.000000000000000000e+00 6.947999999999999732e-01
1.450000000000000000e+02 6.952000000000000401e-01
3.000000000000000000e+00 6.947999999999999732e-01
7.000000000000000000e+00 6.952000000000000401e-01
1.000000000000000000e+00 6.955999999999999961e-01
2.000000000000000000e+01 6.959999999999999520e-01
0.000000000000000000e+00 6.964000000000000190e-01
6.000000000000000000e+00 6.967999999999999750e-01
1.000000000000000000e+00 6.972000000000000419e-01
8.000000000000000000e+00 6.972000000000000419e-01
6.000000000000000000e+01 6.967999999999999750e-01
0.000000000000000000e+00 6.972000000000000419e-01
2.000000000000000000e+00 6.975999999999999979e-01
1.100000000000000000e+01 6.979999999999999538e-01
0.000000000000000000e+00 6.984000000000000208e-01
1.000000000000000000e+00 6.987999999999999767e-01
1.000000000000000000e+00 6.992000000000000437e-01
0.000000000000000000e+00 6.992000000000000437e-01
3.000000000000000000e+00 6.995999999999999996e-01
7.920000000000000000e+02 6.999999999999999556e-01
0.000000000000000000e+00 7.004000000000000226e-01
0.000000000000000000e+00 7.007999999999999785e-01
4.000000000000000000e+00 7.012000000000000455e-01
0.000000000000000000e+00 7.016000000000000014e-01
3.806000000000000000e+03 7.019999999999999574e-01
1.400000000000000000e+01 6.995999999999999996e-01
3.700000000000000000e+01 6.999999999999999556e-01
2.200000000000000000e+01 7.004000000000000226e-01
1.100000000000000000e+01 7.007999999999999785e-01
3.000000000000000000e+00 7.012000000000000455e-01
0.000000000000000000e+00 7.016000000000000014e-01
4.000000000000000000e+00 7.019999999999999574e-01
4.400000000000000000e+02 7.024000000000000243e-01
4.080000000000000000e+02 7.016000000000000014e-01
1.000000000000000000e+01 7.019999999999999574e-01
1.060000000000000000e+02 7.024000000000000243e-01
0.000000000000000000e+00 7.007999999999999785e-01
9.800000000000000000e+01 7.012000000000000455e-01
1.800000000000000000e+01 7.016000000000000014e-01
0.000000000000000000e+00 7.019999999999999574e-01
0.000000000000000000e+00 7.024000000000000243e-01
3.260000000000000000e+02 7.027999999999999803e-01
0.000000000000000000e+00 7.027999999999999803e-01
0.000000000000000000e+00 7.032000000000000473e-01
3.000000000000000000e+00 7.036000000000000032e-01
1.480000000000000000e+02 7.039999999999999591e-01
3.300000000000000000e+01 7.016000000000000014e-01
1.000000000000000000e+01 7.016000000000000014e-01
0.000000000000000000e+00 7.019999999999999574e-01
0.000000000000000000e+00 7.024000000000000243e-01
0.000000000000000000e+00 7.027999999999999803e-01
0.000000000000000000e+00 7.032000000000000473e-01
0.000000000000000000e+00 7.036000000000000032e-01
0.000000000000000000e+00 7.039999999999999591e-01
7.000000000000000000e+00 7.044000000000000261e-01
0.000000000000000000e+00 7.047999999999999821e-01
7.700000000000000000e+01 7.052000000000000490e-01
9.900000000000000000e+01 7.056000000000000050e-01
4.700000000000000000e+01 7.059999999999999609e-01
0.000000000000000000e+00 7.064000000000000279e-01
2.000000000000000000e+00 7.067999999999999838e-01
3.400000000000000000e+01 7.072000000000000508e-01
0.000000000000000000e+00 7.072000000000000508e-01
0.000000000000000000e+00 7.076000000000000068e-01
1.000000000000000000e+01 7.079999999999999627e-01
7.000000000000000000e+00 7.076000000000000068e-01
4.000000000000000000e+00 7.079999999999999627e-01
0.000000000000000000e+00 7.072000000000000508e-01
2.200000000000000000e+01 7.076000000000000068e-01
0.000000000000000000e+00 7.076000000000000068e-01
0.000000000000000000e+00 7.079999999999999627e-01
1.100000000000000000e+01 7.084000000000000297e-01
3.800000000000000000e+01 7.087999999999999856e-01
5.927000000000000000e+03 7.092000000000000526e-01
6.200000000000000000e+01 7.027999999999999803e-01
1.560000000000000000e+02 7.032000000000000473e-01
0.000000000000000000e+00 7.036000000000000032e-01
0.000000000000000000e+00 7.039999999999999591e-01
1.000000000000000000e+00 7.044000000000000261e-01
0.000000000000000000e+00 7.047999999999999821e-01
2.000000000000000000e+00 7.052000000000000490e-01
0.000000000000000000e+00 7.056000000000000050e-01
0.000000000000000000e+00 7.059999999999999609e-01
0.000000000000000000e+00 7.064000000000000279e-01
9.300000000000000000e+01 7.067999999999999838e-01
1.000000000000000000e+00 7.072000000000000508e-01
1.426000000000000000e+03 7.076000000000000068e-01
2.000000000000000000e+00 7.047999999999999821e-01
0.000000000000000000e+00 7.052000000000000490e-01
2.000000000000000000e+00 7.056000000000000050e-01
3.250000000000000000e+02 7.059999999999999609e-01
8.660000000000000000e+02 7.064000000000000279e-01
6.000000000000000000e+00 7.036000000000000032e-01
2.384000000000000000e+03 7.039999999999999591e-01
9.000000000000000000e+00 6.984000000000000208e-01
2.600000000000000000e+01 6.987999999999999767e-01
2.000000000000000000e+00 6.992000000000000437e-01
1.501000000000000000e+03 6.995999999999999996e-01
1.600000000000000000e+01 6.972000000000000419e-01
1.800000000000000000e+01 6.975999999999999979e-01
1.029000000000000000e+03 6.979999999999999538e-01
0.000000000000000000e+00 6.984000000000000208e-01
1.470000000000000000e+02 6.987999999999999767e-01
1.300000000000000000e+01 6.987999999999999767e-01
4.834000000000000000e+03 6.992000000000000437e-01
1.000000000000000000e+00 6.947999999999999732e-01
2.000000000000000000e+00 6.952000000000000401e-01
0.000000000000000000e+00 6.955999999999999961e-01
1.000000000000000000e+00 6.959999999999999520e-01
0.000000000000000000e+00 6.964000000000000190e-01
0.000000000000000000e+00 6.967999999999999750e-01
2.600000000000000000e+01 6.972000000000000419e-01
2.000000000000000000e+00 6.975999999999999979e-01
3.000000000000000000e+00 6.972000000000000419e-01
0.000000000000000000e+00 6.972000000000000419e-01
0.000000000000000000e+00 6.975999999999999979e-01
2.000000000000000000e+01 6.979999999999999538e-01
0.000000000000000000e+00 6.984000000000000208e-01
2.000000000000000000e+00 6.987999999999999767e-01
3.400000000000000000e+01 6.992000000000000437e-01
5.000000000000000000e+00 6.995999999999999996e-01
2.000000000000000000e+00 6.999999999999999556e-01
0.000000000000000000e+00 7.004000000000000226e-01
2.500000000000000000e+02 7.007999999999999785e-01
0.000000000000000000e+00 7.012000000000000455e-01
0.000000000000000000e+00 7.016000000000000014e-01
0.000000000000000000e+00 7.019999999999999574e-01
0.000000000000000000e+00 7.024000000000000243e-01
0.000000000000000000e+00 7.027999999999999803e-01
7.000000000000000000e+00 7.032000000000000473e-01
1.045000000000000000e+03 7.036000000000000032e-01
3.000000000000000000e+00 6.984000000000000208e-01
1.000000000000000000e+00 6.987999999999999767e-01
2.310000000000000000e+02 6.992000000000000437e-01
2.000000000000000000e+00 6.995999999999999996e-01
9.000000000000000000e+00 6.999999999999999556e-01
1.916000000000000000e+03 7.004000000000000226e-01
1.000000000000000000e+00 6.979999999999999538e-01
6.000000000000000000e+01 6.984000000000000208e-01
1.600000000000000000e+01 6.987999999999999767e-01
0.000000000000000000e+00 6.992000000000000437e-01
0.000000000000000000e+00 6.995999999999999996e-01
1.070000000000000000e+02 6.999999999999999556e-01
2.132000000000000000e+03 6.999999999999999556e-01
8.000000000000000000e+00 7.004000000000000226e-01
3.000000000000000000e+00 7.007999999999999785e-01
3.850000000000000000e+02 7.012000000000000455e-01
0.000000000000000000e+00 7.016000000000000014e-01
3.000000000000000000e+00 7.019999999999999574e-01
2.000000000000000000e+01 7.012000000000000455e-01
0.000000000000000000e+00 7.016000000000000014e-01
3.000000000000000000e+01 7.019999999999999574e-01
8.000000000000000000e+00 7.024000000000000243e-01
1.000000000000000000e+00 7.027999999999999803e-01
9.000000000000000000e+00 7.032000000000000473e-01
1.780000000000000000e+02 7.027999999999999803e-01
6.496000000000000000e+03 7.019999999999999574e-01
8.400000000000000000e+01 6.847999999999999643e-01
7.200000000000000000e+01 6.852000000000000313e-01
6.900000000000000000e+02 6.855999999999999872e-01
2.360000000000000000e+02 6.860000000000000542e-01
1.000000000000000000e+00 6.855999999999999872e-01
0.000000000000000000e+00 6.860000000000000542e-01
5.670000000000000000e+02 6.864000000000000101e-01
7.000000000000000000e+00 6.867999999999999661e-01
0.000000000000000000e+00 6.872000000000000330e-01
2.300000000000000000e+01 6.875999999999999890e-01
2.000000000000000000e+00 6.879999999999999449e-01
2.000000000000000000e+00 6.879999999999999449e-01
0.000000000000000000e+00 6.884000000000000119e-01
0.000000000000000000e+00 6.887999999999999678e-01
1.100000000000000000e+01 6.892000000000000348e-01
1.000000000000000000e+00 6.895999999999999908e-01
2.500000000000000000e+01 6.899999999999999467e-01
0.000000000000000000e+00 6.904000000000000137e-01
3.628000000000000000e+03 6.907999999999999696e-01
9.000000000000000000e+00 6.895999999999999908e-01
0.000000000000000000e+00 6.899999999999999467e-01
0.000000000000000000e+00 6.904000000000000137e-01
2.000000000000000000e+00 6.907999999999999696e-01
0.000000000000000000e+00 6.912000000000000366e-01
0.000000000000000000e+00 6.915999999999999925e-01
1.000000000000000000e+00 6.919999999999999485e-01
4.600000000000000000e+01 6.924000000000000155e-01
0.000000000000000000e+00 6.927999999999999714e-01
2.130000000000000000e+02 6.932000000000000384e-01
6.090000000000000000e+02 6.935999999999999943e-01
3.140000000000000000e+02 6.939999999999999503e-01
1.320000000000000000e+02 6.944000000000000172e-01
0.000000000000000000e+00 6.939999999999999503e-01
4.000000000000000000e+00 6.944000000000000172e-01
1.000000000000000000e+00 6.947999999999999732e-01
1.400000000000000000e+01 6.944000000000000172e-01
1.000000000000000000e+00 6.947999999999999732e-01
6.040000000000000000e+02 6.952000000000000401e-01
2.000000000000000000e+00 6.955999999999999961e-01
0.000000000000000000e+00 6.959999999999999520e-01
1.100000000000000000e+01 6.964000000000000190e-01
1.000000000000000000e+00 6.967999999999999750e-01
1.400000000000000000e+01 6.967999999999999750e-01
2.000000000000000000e+00 6.972000000000000419e-01
5.100000000000000000e+01 6.975999999999999979e-01
1.200000000000000000e+01 6.979999999999999538e-01
8.450000000000000000e+02 6.984000000000000208e-01
0.000000000000000000e+00 6.979999999999999538e-01
0.000000000000000000e+00 6.984000000000000208e-01
0.000000000000000000e+00 6.987999999999999767e-01
0.000000000000000000e+00 6.992000000000000437e-01
6.920000000000000000e+02 6.995999999999999996e-01
0.000000000000000000e+00 6.979999999999999538e-01
0.000000000000000000e+00 6.984000000000000208e-01
0.000000000000000000e+00 6.987999999999999767e-01
1.900000000000000000e+01 6.992000000000000437e-01
1.540000000000000000e+02 6.995999999999999996e-01
1.500000000000000000e+01 6.999999999999999556e-01
1.360000000000000000e+02 7.004000000000000226e-01
0.000000000000000000e+00 6.995999999999999996e-01
0.000000000000000000e+00 6.999999999999999556e-01
2.100000000000000000e+01 7.004000000000000226e-01
4.000000000000000000e+00 7.007999999999999785e-01
7.500000000000000000e+01 7.012000000000000455e-01
2.352000000000000000e+03 7.004000000000000226e-01
0.000000000000000000e+00 6.987999999999999767e-01
3.000000000000000000e+00 6.992000000000000437e-01
0.000000000000000000e+00 6.995999999999999996e-01
1.300000000000000000e+01 6.999999999999999556e-01
0.000000000000000000e+00 7.004000000000000226e-01
4.000000000000000000e+00 7.007999999999999785e-01
2.750000000000000000e+02 7.012000000000000455e-01
1.800000000000000000e+01 7.016000000000000014e-01
0.000000000000000000e+00 6.999999999999999556e-01
0.000000000000000000e+00 7.004000000000000226e-01
4.500000000000000000e+01 7.007999999999999785e-01
0.000000000000000000e+00 7.012000000000000455e-01
8.800000000000000000e+01 7.016000000000000014e-01
2.257000000000000000e+03 7.019999999999999574e-01
1.700000000000000000e+01 6.992000000000000437e-01
2.000000000000000000e+00 6.995999999999999996e-01
2.300000000000000000e+01 6.999999999999999556e-01
2.000000000000000000e+00 7.004000000000000226e-01
1.000000000000000000e+00 7.007999999999999785e-01
0.000000000000000000e+00 7.012000000000000455e-01
9.920000000000000000e+02 7.016000000000000014e-01
1.800000000000000000e+01 6.975999999999999979e-01
3.884000000000000000e+03 6.979999999999999538e-01
1.000000000000000000e+00 6.872000000000000330e-01
5.000000000000000000e+00 6.872000000000000330e-01
5.500000000000000000e+01 6.875999999999999890e-01
2.640000000000000000e+02 6.867999999999999661e-01
1.010000000000000000e+02 6.872000000000000330e-01
2.000000000000000000e+00 6.875999999999999890e-01
1.600000000000000000e+01 6.879999999999999449e-01
0.000000000000000000e+00 6.879999999999999449e-01
0.000000000000000000e+00 6.884000000000000119e-01
6.000000000000000000e+00 6.887999999999999678e-01
7.000000000000000000e+00 6.892000000000000348e-01
1.721000000000000000e+03 6.895999999999999908e-01
6.900000000000000000e+01 6.872000000000000330e-01
0.000000000000000000e+00 6.875999999999999890e-01
0.000000000000000000e+00 6.879999999999999449e-01
1.000000000000000000e+00 6.884000000000000119e-01
0.000000000000000000e+00 6.887999999999999678e-01
9.000000000000000000e+00 6.892000000000000348e-01
0.000000000000000000e+00 6.895999999999999908e-01
9.600000000000000000e+01 6.899999999999999467e-01
0.000000000000000000e+00 6.899999999999999467e-01
5.590000000000000000e+02 6.904000000000000137e-01
5.100000000000000000e+01 6.879999999999999449e-01
6.000000000000000000e+00 6.884000000000000119e-01
3.000000000000000000e+00 6.887999999999999678e-01
1.169000000000000000e+03 6.892000000000000348e-01
0.000000000000000000e+00 6.892000000000000348e-01
5.900000000000000000e+01 6.895999999999999908e-01
8.000000000000000000e+00 6.895999999999999908e-01
0.000000000000000000e+00 6.899999999999999467e-01
1.000000000000000000e+00 6.904000000000000137e-01
0.000000000000000000e+00 6.907999999999999696e-01
6.540000000000000000e+02 6.912000000000000366e-01
1.000000000000000000e+01 6.899999999999999467e-01
1.000000000000000000e+00 6.904000000000000137e-01
2.660000000000000000e+02 6.907999999999999696e-01
2.000000000000000000e+00 6.912000000000000366e-01
1.100000000000000000e+01 6.915999999999999925e-01
2.690000000000000000e+02 6.912000000000000366e-01
1.160000000000000000e+02 6.915999999999999925e-01
7.000000000000000000e+00 6.919999999999999485e-01
2.000000000000000000e+00 6.924000000000000155e-01
6.200000000000000000e+01 6.927999999999999714e-01
0.000000000000000000e+00 6.932000000000000384e-01
0.000000000000000000e+00 6.935999999999999943e-01
1.000000000000000000e+00 6.939999999999999503e-01
8.000000000000000000e+00 6.944000000000000172e-01
0.000000000000000000e+00 6.947999999999999732e-01
1.000000000000000000e+00 6.952000000000000401e-01
0.000000000000000000e+00 6.955999999999999961e-01
2.100000000000000000e+01 6.959999999999999520e-01
0.000000000000000000e+00 6.947999999999999732e-01
0.000000000000000000e+00 6.952000000000000401e-01
1.150000000000000000e+02 6.955999999999999961e-01
6.800000000000000000e+01 6.959999999999999520e-01
2.900000000000000000e+01 6.964000000000000190e-01
1.796000000000000000e+03 6.967999999999999750e-01
4.400000000000000000e+01 6.964000000000000190e-01
1.530000000000000000e+02 6.967999999999999750e-01
4.360000000000000000e+02 6.967999999999999750e-01
6.300000000000000000e+01 6.952000000000000401e-01
0.000000000000000000e+00 6.952000000000000401e-01
1.400000000000000000e+01 6.955999999999999961e-01
1.341000000000000000e+03 6.959999999999999520e-01
1.800000000000000000e+01 6.952000000000000401e-01
8.000000000000000000e+00 6.955999999999999961e-01
1.550000000000000000e+02 6.959999999999999520e-01
0.000000000000000000e+00 6.964000000000000190e-01
0.000000000000000000e+00 6.967999999999999750e-01
2.247000000000000000e+03 6.972000000000000419e-01
0.000000000000000000e+00 6.919999999999999485e-01
1.400000000000000000e+01 6.924000000000000155e-01
0.000000000000000000e+00 6.927999999999999714e-01
1.000000000000000000e+01 6.932000000000000384e-01
3.660000000000000000e+02 6.935999999999999943e-01
0.000000000000000000e+00 6.939999999999999503e-01
5.440000000000000000e+02 6.944000000000000172e-01
1.700000000000000000e+01 6.932000000000000384e-01
0.000000000000000000e+00 6.935999999999999943e-01
7.300000000000000000e+01 6.939999999999999503e-01
0.000000000000000000e+00 6.944000000000000172e-01
1.020000000000000000e+02 6.947999999999999732e-01
4.000000000000000000e+00 6.952000000000000401e-01
0.000000000000000000e+00 6.955999999999999961e-01
5.700000000000000000e+01 6.959999999999999520e-01
1.000000000000000000e+01 6.964000000000000190e-01
4.000000000000000000e+00 6.967999999999999750e-01
1.000000000000000000e+01 6.972000000000000419e-01
1.400000000000000000e+01 6.975999999999999979e-01
2.000000000000000000e+00 6.979999999999999538e-01
5.900000000000000000e+01 6.984000000000000208e-01
1.500000000000000000e+02 6.979999999999999538e-01
2.000000000000000000e+00 6.964000000000000190e-01
2.443000000000000000e+03 6.967999999999999750e-01
3.560000000000000000e+02 6.959999999999999520e-01
5.600000000000000000e+01 6.955999999999999961e-01
6.000000000000000000e+00 6.959999999999999520e-01
0.000000000000000000e+00 6.964000000000000190e-01
4.100000000000000000e+01 6.967999999999999750e-01
7.000000000000000000e+00 6.972000000000000419e-01
3.000000000000000000e+00 6.975999999999999979e-01
6.000000000000000000e+00 6.979999999999999538e-01
0.000000000000000000e+00 6.984000000000000208e-01
4.200000000000000000e+01 6.987999999999999767e-01
0.000000000000000000e+00 6.987999999999999767e-01
0.000000000000000000e+00 6.992000000000000437e-01
1.439000000000000000e+03 6.995999999999999996e-01
0.000000000000000000e+00 6.992000000000000437e-01
1.161000000000000000e+03 6.995999999999999996e-01
0.000000000000000000e+00 6.944000000000000172e-01
1.900000000000000000e+01 6.947999999999999732e-01
0.000000000000000000e+00 6.952000000000000401e-01
1.000000000000000000e+00 6.955999999999999961e-01
0.000000000000000000e+00 6.959999999999999520e-01
0.000000000000000000e+00 6.964000000000000190e-01
0.000000000000000000e+00 6.967999999999999750e-01
2.000000000000000000e+00 6.972000000000000419e-01
3.390000000000000000e+02 6.967999999999999750e-01
1.000000000000000000e+00 6.955999999999999961e-01
1.000000000000000000e+00 6.959999999999999520e-01
2.000000000000000000e+00 6.964000000000000190e-01
6.000000000000000000e+00 6.967999999999999750e-01
5.000000000000000000e+00 6.972000000000000419e-01
1.000000000000000000e+00 6.975999999999999979e-01
3.000000000000000000e+01 6.972000000000000419e-01
8.500000000000000000e+01 6.975999999999999979e-01
0.000000000000000000e+00 6.972000000000000419e-01
2.700000000000000000e+01 6.975999999999999979e-01
1.000000000000000000e+00 6.979999999999999538e-01
0.000000000000000000e+00 6.984000000000000208e-01
1.980000000000000000e+02 6.987999999999999767e-01
6.500000000000000000e+01 6.992000000000000437e-01
1.050000000000000000e+02 6.995999999999999996e-01
0.000000000000000000e+00 6.999999999999999556e-01
2.300000000000000000e+01 7.004000000000000226e-01
5.500000000000000000e+01 7.007999999999999785e-01
5.200000000000000000e+01 7.012000000000000455e-01
7.000000000000000000e+00 7.016000000000000014e-01
1.400000000000000000e+02 7.019999999999999574e-01
2.800000000000000000e+01 7.012000000000000455e-01
4.400000000000000000e+01 7.016000000000000014e-01
0.000000000000000000e+00 7.007999999999999785e-01
0.000000000000000000e+00 7.012000000000000455e-01
0.000000000000000000e+00 7.016000000000000014e-01
1.430000000000000000e+02 7.019999999999999574e-01
2.000000000000000000e+00 7.024000000000000243e-01
0.000000000000000000e+00 7.027999999999999803e-01
0.000000000000000000e+00 7.032000000000000473e-01
1.528000000000000000e+03 7.036000000000000032e-01
1.200000000000000000e+02 6.995999999999999996e-01
2.210000000000000000e+02 6.992000000000000437e-01
2.060000000000000000e+02 6.992000000000000437e-01
1.000000000000000000e+00 6.995999999999999996e-01
0.000000000000000000e+00 6.999999999999999556e-01
3.000000000000000000e+00 7.004000000000000226e-01
0.000000000000000000e+00 7.007999999999999785e-01
0.000000000000000000e+00 7.012000000000000455e-01
3.310000000000000000e+02 7.016000000000000014e-01
1.140000000000000000e+02 7.019999999999999574e-01
2.800000000000000000e+01 6.995999999999999996e-01
0.000000000000000000e+00 6.999999999999999556e-01
1.100000000000000000e+01 7.004000000000000226e-01
5.000000000000000000e+00 7.007999999999999785e-01
0.000000000000000000e+00 7.012000000000000455e-01
5.622000000000000000e+03 7.016000000000000014e-01
2.000000000000000000e+01 6.927999999999999714e-01
4.060000000000000000e+03 6.932000000000000384e-01
0.000000000000000000e+00 6.892000000000000348e-01
0.000000000000000000e+00 6.895999999999999908e-01
8.600000000000000000e+01 6.899999999999999467e-01
0.000000000000000000e+00 6.904000000000000137e-01
0.000000000000000000e+00 6.907999999999999696e-01
0.000000000000000000e+00 6.912000000000000366e-01
1.250000000000000000e+02 6.915999999999999925e-01
3.000000000000000000e+00 6.912000000000000366e-01
1.000000000000000000e+00 6.915999999999999925e-01
6.670000000000000000e+02 6.919999999999999485e-01
2.000000000000000000e+00 6.884000000000000119e-01
7.800000000000000000e+01 6.887999999999999678e-01
2.000000000000000000e+00 6.892000000000000348e-01
1.200000000000000000e+01 6.895999999999999908e-01
1.000000000000000000e+00 6.899999999999999467e-01
8.330000000000000000e+02 6.904000000000000137e-01
0.000000000000000000e+00 6.872000000000000330e-01
0.000000000000000000e+00 6.875999999999999890e-01
2.000000000000000000e+00 6.879999999999999449e-01
5.000000000000000000e+00 6.884000000000000119e-01
5.000000000000000000e+00 6.887999999999999678e-01
4.000000000000000000e+00 6.892000000000000348e-01
3.800000000000000000e+01 6.895999999999999908e-01
3.000000000000000000e+00 6.899999999999999467e-01
1.880000000000000000e+02 6.904000000000000137e-01
1.500000000000000000e+01 6.907999999999999696e-01
4.140000000000000000e+02 6.912000000000000366e-01
7.000000000000000000e+00 6.915999999999999925e-01
2.000000000000000000e+00 6.919999999999999485e-01
5.300000000000000000e+01 6.924000000000000155e-01
0.000000000000000000e+00 6.927999999999999714e-01
0.000000000000000000e+00 6.932000000000000384e-01
1.100000000000000000e+02 6.935999999999999943e-01
3.090000000000000000e+02 6.939999999999999503e-01
0.000000000000000000e+00 6.924000000000000155e-01
6.600000000000000000e+01 6.927999999999999714e-01
2.900000000000000000e+01 6.919999999999999485e-01
0.000000000000000000e+00 6.924000000000000155e-01
0.000000000000000000e+00 6.927999999999999714e-01
0.000000000000000000e+00 6.932000000000000384e-01
3.000000000000000000e+00 6.935999999999999943e-01
2.000000000000000000e+00 6.939999999999999503e-01
1.200000000000000000e+01 6.939999999999999503e-01
4.000000000000000000e+00 6.944000000000000172e-01
1.600000000000000000e+01 6.944000000000000172e-01
8.600000000000000000e+01 6.947999999999999732e-01
5.820000000000000000e+02 6.952000000000000401e-01
3.100000000000000000e+01 6.955999999999999961e-01
4.000000000000000000e+00 6.955999999999999961e-01
4.000000000000000000e+00 6.959999999999999520e-01
7.600000000000000000e+01 6.964000000000000190e-01
0.000000000000000000e+00 6.967999999999999750e-01
9.000000000000000000e+00 6.972000000000000419e-01
0.000000000000000000e+00 6.975999999999999979e-01
3.000000000000000000e+00 6.979999999999999538e-01
4.000000000000000000e+00 6.984000000000000208e-01
0.000000000000000000e+00 6.987999999999999767e-01
1.140000000000000000e+02 6.992000000000000437e-01
4.014000000000000000e+03 6.995999999999999996e-01
2.600000000000000000e+01 6.919999999999999485e-01
1.000000000000000000e+00 6.924000000000000155e-01
2.500000000000000000e+01 6.924000000000000155e-01
0.000000000000000000e+00 6.927999999999999714e-01
6.000000000000000000e+00 6.932000000000000384e-01
0.000000000000000000e+00 6.935999999999999943e-01
0.000000000000000000e+00 6.939999999999999503e-01
1.030000000000000000e+03 6.944000000000000172e-01
0.000000000000000000e+00 6.939999999999999503e-01
4.000000000000000000e+00 6.944000000000000172e-01
0.000000000000000000e+00 6.944000000000000172e-01
1.000000000000000000e+01 6.947999999999999732e-01
2.720000000000000000e+02 6.947999999999999732e-01
0.000000000000000000e+00 6.932000000000000384e-01
3.000000000000000000e+00 6.935999999999999943e-01
0.000000000000000000e+00 6.939999999999999503e-01
0.000000000000000000e+00 6.944000000000000172e-01
0.000000000000000000e+00 6.947999999999999732e-01
1.000000000000000000e+00 6.952000000000000401e-01
0.000000000000000000e+00 6.955999999999999961e-01
0.000000000000000000e+00 6.959999999999999520e-01
3.200000000000000000e+01 6.964000000000000190e-01
0.000000000000000000e+00 6.967999999999999750e-01
0.000000000000000000e+00 6.972000000000000419e-01
1.000000000000000000e+00 6.975999999999999979e-01
3.361000000000000000e+03 6.972000000000000419e-01
2.000000000000000000e+00 6.972000000000000419e-01
0.000000000000000000e+00 6.975999999999999979e-01
1.740000000000000000e+02 6.979999999999999538e-01
4.000000000000000000e+00 6.972000000000000419e-01
0.000000000000000000e+00 6.975999999999999979e-01
2.000000000000000000e+00 6.979999999999999538e-01
1.400000000000000000e+01 6.984000000000000208e-01
2.700000000000000000e+01 6.987999999999999767e-01
4.000000000000000000e+00 6.992000000000000437e-01
0.000000000000000000e+00 6.995999999999999996e-01
0.000000000000000000e+00 6.999999999999999556e-01
0.000000000000000000e+00 7.004000000000000226e-01
1.700000000000000000e+01 7.007999999999999785e-01
1.400000000000000000e+01 7.012000000000000455e-01
4.580000000000000000e+02 7.016000000000000014e-01
7.000000000000000000e+00 7.019999999999999574e-01
0.000000000000000000e+00 7.019999999999999574e-01
8.000000000000000000e+00 7.024000000000000243e-01
6.000000000000000000e+00 7.027999999999999803e-01
3.000000000000000000e+00 7.032000000000000473e-01
1.680000000000000000e+02 7.036000000000000032e-01
1.400000000000000000e+01 7.039999999999999591e-01
8.000000000000000000e+00 7.044000000000000261e-01
0.000000000000000000e+00 7.047999999999999821e-01
0.000000000000000000e+00 7.052000000000000490e-01
1.500000000000000000e+01 7.056000000000000050e-01
1.900000000000000000e+01 7.059999999999999609e-01
7.000000000000000000e+00 7.064000000000000279e-01
0.000000000000000000e+00 7.067999999999999838e-01
3.870000000000000000e+02 7.072000000000000508e-01
0.000000000000000000e+00 7.056000000000000050e-01
1.000000000000000000e+00 7.059999999999999609e-01
0.000000000000000000e+00 7.064000000000000279e-01
2.000000000000000000e+00 7.067999999999999838e-01
1.900000000000000000e+01 7.072000000000000508e-01
6.400000000000000000e+01 7.076000000000000068e-01
0.000000000000000000e+00 7.067999999999999838e-01
6.000000000000000000e+00 7.072000000000000508e-01
0.000000000000000000e+00 7.076000000000000068e-01
0.000000000000000000e+00 7.079999999999999627e-01
1.000000000000000000e+00 7.084000000000000297e-01
7.000000000000000000e+00 7.079999999999999627e-01
1.000000000000000000e+00 7.084000000000000297e-01
4.000000000000000000e+00 7.087999999999999856e-01
0.000000000000000000e+00 7.092000000000000526e-01
0.000000000000000000e+00 7.096000000000000085e-01
1.000000000000000000e+00 7.099999999999999645e-01
7.700000000000000000e+01 7.104000000000000314e-01
6.500000000000000000e+01 7.107999999999999874e-01
0.000000000000000000e+00 7.112000000000000544e-01
3.050000000000000000e+02 7.116000000000000103e-01
0.000000000000000000e+00 7.119999999999999662e-01
1.000000000000000000e+00 7.124000000000000332e-01
1.376000000000000000e+03 7.127999999999999892e-01
2.060000000000000000e+02 7.096000000000000085e-01
0.000000000000000000e+00 7.099999999999999645e-01
1.326000000000000000e+03 7.104000000000000314e-01
0.000000000000000000e+00 7.036000000000000032e-01
0.000000000000000000e+00 7.039999999999999591e-01
0.000000000000000000e+00 7.044000000000000261e-01
9.000000000000000000e+00 7.047999999999999821e-01
2.000000000000000000e+00 7.044000000000000261e-01
8.000000000000000000e+00 7.047999999999999821e-01
3.200000000000000000e+01 7.052000000000000490e-01
0.000000000000000000e+00 7.052000000000000490e-01
0.000000000000000000e+00 7.056000000000000050e-01
3.300000000000000000e+01 7.059999999999999609e-01
7.000000000000000000e+00 7.064000000000000279e-01
6.900000000000000000e+01 7.067999999999999838e-01
6.000000000000000000e+00 7.072000000000000508e-01
8.444000000000000000e+03 7.076000000000000068e-01
0.000000000000000000e+00 6.924000000000000155e-01
0.000000000000000000e+00 6.927999999999999714e-01
1.900000000000000000e+01 6.932000000000000384e-01
0.000000000000000000e+00 6.935999999999999943e-01
0.000000000000000000e+00 6.939999999999999503e-01
3.000000000000000000e+00 6.944000000000000172e-01
2.280000000000000000e+02 6.947999999999999732e-01
3.000000000000000000e+00 6.952000000000000401e-01
0.000000000000000000e+00 6.955999999999999961e-01
0.000000000000000000e+00 6.959999999999999520e-01
2.000000000000000000e+00 6.964000000000000190e-01
0.000000000000000000e+00 6.967999999999999750e-01
1.100000000000000000e+01 6.972000000000000419e-01
1.600000000000000000e+01 6.967999999999999750e-01
1.600000000000000000e+01 6.972000000000000419e-01
0.000000000000000000e+00 6.975999999999999979e-01
2.900000000000000000e+02 6.979999999999999538e-01
1.000000000000000000e+01 6.984000000000000208e-01
0.000000000000000000e+00 6.987999999999999767e-01
0.000000000000000000e+00 6.992000000000000437e-01
5.000000000000000000e+00 6.995999999999999996e-01
0.000000000000000000e+00 6.999999999999999556e-01
6.990000000000000000e+02 7.004000000000000226e-01
9.900000000000000000e+01 6.992000000000000437e-01
1.529000000000000000e+03 6.995999999999999996e-01
1.000000000000000000e+00 6.984000000000000208e-01
2.330000000000000000e+02 6.987999999999999767e-01
0.000000000000000000e+00 6.959999999999999520e-01
4.700000000000000000e+01 6.964000000000000190e-01
2.300000000000000000e+01 6.967999999999999750e-01
0.000000000000000000e+00 6.972000000000000419e-01
1.900000000000000000e+01 6.975999999999999979e-01
1.500000000000000000e+01 6.979999999999999538e-01
3.000000000000000000e+00 6.984000000000000208e-01
2.600000000000000000e+01 6.987999999999999767e-01
2.000000000000000000e+00 6.992000000000000437e-01
2.000000000000000000e+00 6.995999999999999996e-01
2.380000000000000000e+02 6.999999999999999556e-01
0.000000000000000000e+00 6.992000000000000437e-01
1.300000000000000000e+01 6.995999999999999996e-01
3.100000000000000000e+01 6.999999999999999556e-01
8.900000000000000000e+01 7.004000000000000226e-01
0.000000000000000000e+00 7.007999999999999785e-01
3.200000000000000000e+01 7.012000000000000455e-01
4.000000000000000000e+00 7.016000000000000014e-01
0.000000000000000000e+00 7.019999999999999574e-01
0.000000000000000000e+00 7.024000000000000243e-01
3.000000000000000000e+00 7.027999999999999803e-01
3.300000000000000000e+01 7.032000000000000473e-01
3.680000000000000000e+02 7.036000000000000032e-01
3.491000000000000000e+03 7.039999999999999591e-01
2.000000000000000000e+00 7.044000000000000261e-01
0.000000000000000000e+00 7.044000000000000261e-01
0.000000000000000000e+00 7.047999999999999821e-01
3.000000000000000000e+00 7.052000000000000490e-01
2.700000000000000000e+01 7.056000000000000050e-01
1.100000000000000000e+01 7.059999999999999609e-01
0.000000000000000000e+00 7.064000000000000279e-01
4.000000000000000000e+00 7.067999999999999838e-01
6.000000000000000000e+00 7.072000000000000508e-01
2.000000000000000000e+00 7.076000000000000068e-01
9.000000000000000000e+00 7.079999999999999627e-01
0.000000000000000000e+00 7.084000000000000297e-01
1.100000000000000000e+01 7.087999999999999856e-01
0.000000000000000000e+00 7.084000000000000297e-01
3.000000000000000000e+00 7.087999999999999856e-01
0.000000000000000000e+00 7.092000000000000526e-01
2.400000000000000000e+02 7.096000000000000085e-01
0.000000000000000000e+00 7.099999999999999645e-01
0.000000000000000000e+00 7.104000000000000314e-01
4.000000000000000000e+00 7.107999999999999874e-01
0.000000000000000000e+00 7.107999999999999874e-01
1.490000000000000000e+02 7.112000000000000544e-01
8.000000000000000000e+00 7.107999999999999874e-01
7.000000000000000000e+00 7.112000000000000544e-01
0.000000000000000000e+00 7.112000000000000544e-01
5.297000000000000000e+03 7.116000000000000103e-01
0.000000000000000000e+00 7.072000000000000508e-01
1.600000000000000000e+01 7.076000000000000068e-01
5.000000000000000000e+00 7.079999999999999627e-01
8.200000000000000000e+01 7.084000000000000297e-01
0.000000000000000000e+00 7.087999999999999856e-01
9.900000000000000000e+01 7.092000000000000526e-01
4.323000000000000000e+03 7.084000000000000297e-01
0.000000000000000000e+00 7.012000000000000455e-01
4.815000000000000000e+03 7.016000000000000014e-01
1.799000000000000000e+03 6.932000000000000384e-01
6.080000000000000000e+02 6.892000000000000348e-01
0.000000000000000000e+00 6.875999999999999890e-01
1.200000000000000000e+01 6.879999999999999449e-01
2.700000000000000000e+01 6.884000000000000119e-01
0.000000000000000000e+00 6.887999999999999678e-01
7.090000000000000000e+02 6.892000000000000348e-01
0.000000000000000000e+00 6.852000000000000313e-01
1.400000000000000000e+01 6.855999999999999872e-01
0.000000000000000000e+00 6.860000000000000542e-01
0.000000000000000000e+00 6.864000000000000101e-01
0.000000000000000000e+00 6.867999999999999661e-01
7.000000000000000000e+00 6.872000000000000330e-01
0.000000000000000000e+00 6.875999999999999890e-01
0.000000000000000000e+00 6.879999999999999449e-01
3.760000000000000000e+02 6.884000000000000119e-01
8.400000000000000000e+01 6.887999999999999678e-01
4.400000000000000000e+01 6.892000000000000348e-01
0.000000000000000000e+00 6.895999999999999908e-01
1.810000000000000000e+02 6.899999999999999467e-01
4.000000000000000000e+00 6.895999999999999908e-01
8.000000000000000000e+00 6.899999999999999467e-01
5.000000000000000000e+00 6.904000000000000137e-01
1.000000000000000000e+00 6.907999999999999696e-01
1.550000000000000000e+02 6.912000000000000366e-01
3.200000000000000000e+01 6.907999999999999696e-01
1.690000000000000000e+02 6.912000000000000366e-01
0.000000000000000000e+00 6.915999999999999925e-01
1.200000000000000000e+01 6.919999999999999485e-01
6.200000000000000000e+01 6.924000000000000155e-01
1.000000000000000000e+00 6.907999999999999696e-01
6.300000000000000000e+01 6.907999999999999696e-01
0.000000000000000000e+00 6.912000000000000366e-01
0.000000000000000000e+00 6.915999999999999925e-01
4.100000000000000000e+01 6.919999999999999485e-01
3.000000000000000000e+00 6.915999999999999925e-01
4.500000000000000000e+01 6.919999999999999485e-01
0.000000000000000000e+00 6.924000000000000155e-01
1.000000000000000000e+00 6.927999999999999714e-01
9.500000000000000000e+01 6.932000000000000384e-01
3.270000000000000000e+02 6.935999999999999943e-01
0.000000000000000000e+00 6.919999999999999485e-01
0.000000000000000000e+00 6.924000000000000155e-01
3.910000000000000000e+02 6.927999999999999714e-01
1.900000000000000000e+01 6.904000000000000137e-01
0.000000000000000000e+00 6.907999999999999696e-01
0.000000000000000000e+00 6.912000000000000366e-01
0.000000000000000000e+00 6.915999999999999925e-01
8.100000000000000000e+01 6.919999999999999485e-01
1.925000000000000000e+03 6.924000000000000155e-01
1.600000000000000000e+01 6.919999999999999485e-01
1.000000000000000000e+00 6.924000000000000155e-01
5.600000000000000000e+01 6.927999999999999714e-01
0.000000000000000000e+00 6.927999999999999714e-01
8.000000000000000000e+00 6.932000000000000384e-01
1.570000000000000000e+02 6.935999999999999943e-01
0.000000000000000000e+00 6.939999999999999503e-01
1.000000000000000000e+00 6.944000000000000172e-01
0.000000000000000000e+00 6.947999999999999732e-01
4.000000000000000000e+00 6.952000000000000401e-01
1.010000000000000000e+02 6.955999999999999961e-01
0.000000000000000000e+00 6.952000000000000401e-01
8.300000000000000000e+01 6.955999999999999961e-01
0.000000000000000000e+00 6.947999999999999732e-01
1.400000000000000000e+01 6.952000000000000401e-01
7.800000000000000000e+01 6.955999999999999961e-01
0.000000000000000000e+00 6.959999999999999520e-01
2.000000000000000000e+00 6.964000000000000190e-01
1.000000000000000000e+02 6.967999999999999750e-01
1.100000000000000000e+01 6.972000000000000419e-01
0.000000000000000000e+00 6.964000000000000190e-01
0.000000000000000000e+00 6.967999999999999750e-01
1.040000000000000000e+02 6.972000000000000419e-01
0.000000000000000000e+00 6.975999999999999979e-01
5.000000000000000000e+00 6.979999999999999538e-01
0.000000000000000000e+00 6.984000000000000208e-01
4.000000000000000000e+00 6.987999999999999767e-01
1.530000000000000000e+02 6.987999999999999767e-01
1.947000000000000000e+03 6.979999999999999538e-01
6.900000000000000000e+01 6.947999999999999732e-01
1.900000000000000000e+01 6.952000000000000401e-01
2.086000000000000000e+03 6.944000000000000172e-01
1.100000000000000000e+01 6.932000000000000384e-01
2.000000000000000000e+00 6.935999999999999943e-01
1.231000000000000000e+03 6.939999999999999503e-01
0.000000000000000000e+00 6.924000000000000155e-01
0.000000000000000000e+00 6.927999999999999714e-01
0.000000000000000000e+00 6.932000000000000384e-01
4.000000000000000000e+00 6.935999999999999943e-01
2.500000000000000000e+01 6.932000000000000384e-01
0.000000000000000000e+00 6.919999999999999485e-01
2.500000000000000000e+01 6.924000000000000155e-01
0.000000000000000000e+00 6.927999999999999714e-01
4.100000000000000000e+01 6.932000000000000384e-01
1.000000000000000000e+00 6.935999999999999943e-01
1.000000000000000000e+00 6.939999999999999503e-01
5.000000000000000000e+00 6.944000000000000172e-01
0.000000000000000000e+00 6.947999999999999732e-01
7.000000000000000000e+00 6.952000000000000401e-01
6.600000000000000000e+01 6.955999999999999961e-01
7.567000000000000000e+03 6.959999999999999520e-01
5.900000000000000000e+02 6.932000000000000384e-01
5.000000000000000000e+00 6.932000000000000384e-01
0.000000000000000000e+00 6.935999999999999943e-01
1.000000000000000000e+00 6.939999999999999503e-01
1.500000000000000000e+01 6.944000000000000172e-01
3.000000000000000000e+00 6.944000000000000172e-01
6.000000000000000000e+01 6.947999999999999732e-01
0.000000000000000000e+00 6.952000000000000401e-01
2.000000000000000000e+00 6.955999999999999961e-01
2.360000000000000000e+02 6.959999999999999520e-01
2.200000000000000000e+01 6.959999999999999520e-01
1.100000000000000000e+01 6.964000000000000190e-01
4.000000000000000000e+00 6.967999999999999750e-01
1.050000000000000000e+02 6.972000000000000419e-01
1.133000000000000000e+03 6.975999999999999979e-01
7.000000000000000000e+00 6.947999999999999732e-01
1.500000000000000000e+01 6.952000000000000401e-01
5.810000000000000000e+02 6.955999999999999961e-01
8.100000000000000000e+01 6.944000000000000172e-01
1.454000000000000000e+03 6.935999999999999943e-01
3.700000000000000000e+01 6.912000000000000366e-01
0.000000000000000000e+00 6.915999999999999925e-01
0.000000000000000000e+00 6.919999999999999485e-01
2.470000000000000000e+02 6.924000000000000155e-01
3.000000000000000000e+00 6.899999999999999467e-01
3.800000000000000000e+01 6.904000000000000137e-01
2.000000000000000000e+00 6.907999999999999696e-01
6.000000000000000000e+00 6.912000000000000366e-01
1.400000000000000000e+01 6.915999999999999925e-01
0.000000000000000000e+00 6.919999999999999485e-01
0.000000000000000000e+00 6.924000000000000155e-01
0.000000000000000000e+00 6.927999999999999714e-01
5.600000000000000000e+01 6.932000000000000384e-01
8.900000000000000000e+01 6.935999999999999943e-01
0.000000000000000000e+00 6.939999999999999503e-01
0.000000000000000000e+00 6.944000000000000172e-01
0.000000000000000000e+00 6.947999999999999732e-01
1.000000000000000000e+00 6.952000000000000401e-01
1.400000000000000000e+01 6.955999999999999961e-01
2.800000000000000000e+01 6.959999999999999520e-01
2.100000000000000000e+01 6.952000000000000401e-01
1.800000000000000000e+01 6.955999999999999961e-01
2.000000000000000000e+00 6.959999999999999520e-01
0.000000000000000000e+00 6.955999999999999961e-01
0.000000000000000000e+00 6.959999999999999520e-01
1.127000000000000000e+03 6.964000000000000190e-01
2.000000000000000000e+00 6.947999999999999732e-01
2.700000000000000000e+01 6.952000000000000401e-01
0.000000000000000000e+00 6.955999999999999961e-01
1.100000000000000000e+01 6.959999999999999520e-01
1.200000000000000000e+01 6.964000000000000190e-01
0.000000000000000000e+00 6.967999999999999750e-01
3.600000000000000000e+01 6.972000000000000419e-01
0.000000000000000000e+00 6.975999999999999979e-01
5.700000000000000000e+01 6.979999999999999538e-01
2.050000000000000000e+02 6.984000000000000208e-01
1.281000000000000000e+03 6.967999999999999750e-01
2.000000000000000000e+00 6.955999999999999961e-01
0.000000000000000000e+00 6.959999999999999520e-01
0.000000000000000000e+00 6.964000000000000190e-01
1.590000000000000000e+02 6.967999999999999750e-01
2.000000000000000000e+00 6.972000000000000419e-01
0.000000000000000000e+00 6.975999999999999979e-01
0.000000000000000000e+00 6.979999999999999538e-01
2.700000000000000000e+01 6.984000000000000208e-01
7.900000000000000000e+01 6.987999999999999767e-01
0.000000000000000000e+00 6.992000000000000437e-01
4.470000000000000000e+02 6.995999999999999996e-01
5.200000000000000000e+01 6.999999999999999556e-01
0.000000000000000000e+00 6.995999999999999996e-01
3.000000000000000000e+00 6.999999999999999556e-01
8.000000000000000000e+00 6.995999999999999996e-01
0.000000000000000000e+00 6.995999999999999996e-01
2.000000000000000000e+00 6.999999999999999556e-01
2.000000000000000000e+00 7.004000000000000226e-01
3.900000000000000000e+01 7.007999999999999785e-01
2.264000000000000000e+03 7.012000000000000455e-01
2.000000000000000000e+00 7.004000000000000226e-01
4.100000000000000000e+01 7.007999999999999785e-01
0.000000000000000000e+00 7.012000000000000455e-01
1.100000000000000000e+01 7.016000000000000014e-01
2.800000000000000000e+02 7.016000000000000014e-01
0.000000000000000000e+00 7.019999999999999574e-01
7.000000000000000000e+00 7.024000000000000243e-01
3.000000000000000000e+00 7.027999999999999803e-01
1.200000000000000000e+01 7.032000000000000473e-01
9.000000000000000000e+01 7.036000000000000032e-01
0.000000000000000000e+00 7.039999999999999591e-01
1.000000000000000000e+00 7.044000000000000261e-01
4.450000000000000000e+02 7.047999999999999821e-01
9.000000000000000000e+00 7.039999999999999591e-01
5.880000000000000000e+02 7.044000000000000261e-01
0.000000000000000000e+00 7.019999999999999574e-01
0.000000000000000000e+00 7.024000000000000243e-01
5.500000000000000000e+01 7.027999999999999803e-01
1.100000000000000000e+01 7.032000000000000473e-01
9.000000000000000000e+00 7.036000000000000032e-01
1.000000000000000000e+00 7.039999999999999591e-01
2.000000000000000000e+00 7.044000000000000261e-01
2.670000000000000000e+02 7.047999999999999821e-01
2.000000000000000000e+00 7.007999999999999785e-01
5.000000000000000000e+00 7.012000000000000455e-01
3.000000000000000000e+00 7.016000000000000014e-01
2.100000000000000000e+01 7.019999999999999574e-01
7.800000000000000000e+01 7.024000000000000243e-01
0.000000000000000000e+00 7.019999999999999574e-01
4.200000000000000000e+01 7.024000000000000243e-01
4.000000000000000000e+00 7.027999999999999803e-01
6.000000000000000000e+00 7.032000000000000473e-01
3.980000000000000000e+02 7.036000000000000032e-01
0.000000000000000000e+00 7.039999999999999591e-01
3.000000000000000000e+00 7.044000000000000261e-01
1.300000000000000000e+01 7.047999999999999821e-01
0.000000000000000000e+00 7.052000000000000490e-01
7.000000000000000000e+00 7.056000000000000050e-01
0.000000000000000000e+00 7.059999999999999609e-01
0.000000000000000000e+00 7.064000000000000279e-01
0.000000000000000000e+00 7.067999999999999838e-01
3.300000000000000000e+01 7.072000000000000508e-01
0.000000000000000000e+00 7.047999999999999821e-01
1.500000000000000000e+01 7.052000000000000490e-01
2.928000000000000000e+03 7.056000000000000050e-01
1.200000000000000000e+01 7.059999999999999609e-01
0.000000000000000000e+00 7.064000000000000279e-01
1.000000000000000000e+00 7.067999999999999838e-01
1.400000000000000000e+01 7.072000000000000508e-01
2.699000000000000000e+03 7.072000000000000508e-01
0.000000000000000000e+00 7.012000000000000455e-01
0.000000000000000000e+00 7.016000000000000014e-01
3.000000000000000000e+00 7.019999999999999574e-01
1.056000000000000000e+03 7.024000000000000243e-01
5.030000000000000000e+02 6.992000000000000437e-01
2.000000000000000000e+00 6.987999999999999767e-01
6.000000000000000000e+00 6.992000000000000437e-01
1.000000000000000000e+00 6.992000000000000437e-01
7.600000000000000000e+01 6.995999999999999996e-01
1.220000000000000000e+02 6.995999999999999996e-01
2.000000000000000000e+00 6.999999999999999556e-01
7.000000000000000000e+00 7.004000000000000226e-01
0.000000000000000000e+00 7.007999999999999785e-01
2.000000000000000000e+00 7.012000000000000455e-01
0.000000000000000000e+00 7.016000000000000014e-01
3.000000000000000000e+00 7.019999999999999574e-01
1.500000000000000000e+01 7.024000000000000243e-01
2.000000000000000000e+00 7.027999999999999803e-01
1.896000000000000000e+03 7.032000000000000473e-01
3.000000000000000000e+00 6.999999999999999556e-01
2.200000000000000000e+01 7.004000000000000226e-01
3.000000000000000000e+00 6.992000000000000437e-01
1.460000000000000000e+02 6.995999999999999996e-01
4.800000000000000000e+01 6.992000000000000437e-01
0.000000000000000000e+00 6.995999999999999996e-01
0.000000000000000000e+00 6.999999999999999556e-01
0.000000000000000000e+00 7.004000000000000226e-01
2.000000000000000000e+00 7.007999999999999785e-01
2.000000000000000000e+00 7.012000000000000455e-01
1.000000000000000000e+00 7.016000000000000014e-01
6.035000000000000000e+03 7.019999999999999574e-01
7.000000000000000000e+01 6.947999999999999732e-01
2.000000000000000000e+00 6.952000000000000401e-01
0.000000000000000000e+00 6.955999999999999961e-01
2.000000000000000000e+00 6.959999999999999520e-01
0.000000000000000000e+00 6.964000000000000190e-01
1.420000000000000000e+02 6.967999999999999750e-01
1.850000000000000000e+02 6.967999999999999750e-01
0.000000000000000000e+00 6.939999999999999503e-01
2.347000000000000000e+03 6.944000000000000172e-01
1.000000000000000000e+00 6.884000000000000119e-01
2.000000000000000000e+00 6.887999999999999678e-01
0.000000000000000000e+00 6.892000000000000348e-01
2.400000000000000000e+01 6.895999999999999908e-01
0.000000000000000000e+00 6.879999999999999449e-01
2.200000000000000000e+01 6.884000000000000119e-01
0.000000000000000000e+00 6.887999999999999678e-01
1.000000000000000000e+00 6.892000000000000348e-01
4.300000000000000000e+01 6.895999999999999908e-01
0.000000000000000000e+00 6.899999999999999467e-01
1.300000000000000000e+01 6.904000000000000137e-01
0.000000000000000000e+00 6.907999999999999696e-01
4.300000000000000000e+01 6.912000000000000366e-01
9.000000000000000000e+00 6.915999999999999925e-01
3.930000000000000000e+03 6.919999999999999485e-01
8.900000000000000000e+01 6.912000000000000366e-01
1.400000000000000000e+01 6.915999999999999925e-01
0.000000000000000000e+00 6.919999999999999485e-01
4.000000000000000000e+00 6.924000000000000155e-01
0.000000000000000000e+00 6.924000000000000155e-01
0.000000000000000000e+00 6.927999999999999714e-01
0.000000000000000000e+00 6.932000000000000384e-01
0.000000000000000000e+00 6.935999999999999943e-01
5.000000000000000000e+00 6.939999999999999503e-01
0.000000000000000000e+00 6.944000000000000172e-01
1.000000000000000000e+01 6.947999999999999732e-01
8.000000000000000000e+00 6.952000000000000401e-01
3.610000000000000000e+03 6.952000000000000401e-01
3.000000000000000000e+00 6.904000000000000137e-01
4.340000000000000000e+02 6.907999999999999696e-01
0.000000000000000000e+00 6.904000000000000137e-01
7.000000000000000000e+01 6.907999999999999696e-01
2.000000000000000000e+00 6.912000000000000366e-01
8.000000000000000000e+00 6.915999999999999925e-01
0.000000000000000000e+00 6.919999999999999485e-01
1.480000000000000000e+02 6.924000000000000155e-01
4.400000000000000000e+01 6.915999999999999925e-01
0.000000000000000000e+00 6.919999999999999485e-01
3.400000000000000000e+01 6.924000000000000155e-01
0.000000000000000000e+00 6.927999999999999714e-01
7.000000000000000000e+00 6.932000000000000384e-01
5.700000000000000000e+02 6.935999999999999943e-01
3.600000000000000000e+01 6.939999999999999503e-01
2.000000000000000000e+00 6.944000000000000172e-01
0.000000000000000000e+00 6.947999999999999732e-01
4.200000000000000000e+01 6.952000000000000401e-01
4.180000000000000000e+02 6.955999999999999961e-01
5.000000000000000000e+00 6.944000000000000172e-01
0.000000000000000000e+00 6.947999999999999732e-01
5.000000000000000000e+00 6.952000000000000401e-01
6.000000000000000000e+01 6.955999999999999961e-01
2.120000000000000000e+02 6.959999999999999520e-01
1.800000000000000000e+01 6.924000000000000155e-01
1.689000000000000000e+03 6.927999999999999714e-01
2.300000000000000000e+01 6.892000000000000348e-01
1.915000000000000000e+03 6.887999999999999678e-01
0.000000000000000000e+00 6.855999999999999872e-01
6.400000000000000000e+01 6.860000000000000542e-01
7.000000000000000000e+00 6.860000000000000542e-01
0.000000000000000000e+00 6.855999999999999872e-01
0.000000000000000000e+00 6.860000000000000542e-01
9.000000000000000000e+00 6.864000000000000101e-01
0.000000000000000000e+00 6.867999999999999661e-01
5.700000000000000000e+01 6.872000000000000330e-01
3.000000000000000000e+00 6.875999999999999890e-01
0.000000000000000000e+00 6.879999999999999449e-01
0.000000000000000000e+00 6.884000000000000119e-01
0.000000000000000000e+00 6.887999999999999678e-01
4.000000000000000000e+01 6.892000000000000348e-01
0.000000000000000000e+00 6.892000000000000348e-01
0.000000000000000000e+00 6.895999999999999908e-01
0.000000000000000000e+00 6.899999999999999467e-01
1.000000000000000000e+00 6.904000000000000137e-01
0.000000000000000000e+00 6.907999999999999696e-01
0.000000000000000000e+00 6.912000000000000366e-01
1.500000000000000000e+01 6.915999999999999925e-01
2.700000000000000000e+01 6.919999999999999485e-01
1.755000000000000000e+03 6.924000000000000155e-01
9.940000000000000000e+02 6.895999999999999908e-01
6.800000000000000000e+01 6.884000000000000119e-01
1.000000000000000000e+00 6.887999999999999678e-01
6.700000000000000000e+01 6.892000000000000348e-01
5.600000000000000000e+02 6.895999999999999908e-01
2.000000000000000000e+00 6.899999999999999467e-01
8.300000000000000000e+01 6.904000000000000137e-01
8.000000000000000000e+00 6.904000000000000137e-01
0.000000000000000000e+00 6.907999999999999696e-01
9.000000000000000000e+00 6.912000000000000366e-01
0.000000000000000000e+00 6.915999999999999925e-01
7.000000000000000000e+00 6.919999999999999485e-01
0.000000000000000000e+00 6.924000000000000155e-01
1.000000000000000000e+00 6.927999999999999714e-01
0.000000000000000000e+00 6.932000000000000384e-01
7.900000000000000000e+01 6.935999999999999943e-01
0.000000000000000000e+00 6.939999999999999503e-01
1.318000000000000000e+03 6.944000000000000172e-01
5.000000000000000000e+00 6.899999999999999467e-01
7.000000000000000000e+00 6.904000000000000137e-01
1.000000000000000000e+02 6.899999999999999467e-01
1.000000000000000000e+01 6.904000000000000137e-01
1.800000000000000000e+01 6.907999999999999696e-01
2.000000000000000000e+00 6.907999999999999696e-01
0.000000000000000000e+00 6.912000000000000366e-01
5.000000000000000000e+00 6.915999999999999925e-01
0.000000000000000000e+00 6.919999999999999485e-01
8.100000000000000000e+01 6.924000000000000155e-01
7.000000000000000000e+00 6.927999999999999714e-01
3.000000000000000000e+00 6.932000000000000384e-01
1.400000000000000000e+01 6.935999999999999943e-01
9.000000000000000000e+00 6.939999999999999503e-01
0.000000000000000000e+00 6.944000000000000172e-01
1.546000000000000000e+03 6.947999999999999732e-01
1.700000000000000000e+01 6.935999999999999943e-01
0.000000000000000000e+00 6.939999999999999503e-01
2.780000000000000000e+02 6.944000000000000172e-01
0.000000000000000000e+00 6.947999999999999732e-01
1.900000000000000000e+01 6.952000000000000401e-01
0.000000000000000000e+00 6.952000000000000401e-01
5.000000000000000000e+00 6.955999999999999961e-01
1.300000000000000000e+01 6.959999999999999520e-01
1.940000000000000000e+02 6.964000000000000190e-01
0.000000000000000000e+00 6.955999999999999961e-01
0.000000000000000000e+00 6.959999999999999520e-01
4.000000000000000000e+00 6.964000000000000190e-01
0.000000000000000000e+00 6.967999999999999750e-01
8.000000000000000000e+00 6.972000000000000419e-01
0.000000000000000000e+00 6.975999999999999979e-01
0.000000000000000000e+00 6.979999999999999538e-01
0.000000000000000000e+00 6.984000000000000208e-01
2.000000000000000000e+00 6.987999999999999767e-01
1.620000000000000000e+02 6.984000000000000208e-01
1.140000000000000000e+02 6.987999999999999767e-01
3.000000000000000000e+00 6.987999999999999767e-01
9.900000000000000000e+01 6.992000000000000437e-01
2.000000000000000000e+00 6.984000000000000208e-01
2.300000000000000000e+01 6.987999999999999767e-01
1.100000000000000000e+01 6.992000000000000437e-01
4.900000000000000000e+01 6.995999999999999996e-01
3.000000000000000000e+00 6.999999999999999556e-01
9.000000000000000000e+00 6.999999999999999556e-01
2.000000000000000000e+00 7.004000000000000226e-01
0.000000000000000000e+00 7.007999999999999785e-01
0.000000000000000000e+00 7.012000000000000455e-01
2.000000000000000000e+01 7.016000000000000014e-01
9.540000000000000000e+02 7.019999999999999574e-01
4.646000000000000000e+03 7.024000000000000243e-01
4.768000000000000000e+03 6.979999999999999538e-01
2.260000000000000000e+02 6.915999999999999925e-01
1.063000000000000000e+03 6.915999999999999925e-01
5.000000000000000000e+00 6.904000000000000137e-01
0.000000000000000000e+00 6.907999999999999696e-01
1.000000000000000000e+00 6.912000000000000366e-01
2.000000000000000000e+00 6.915999999999999925e-01
8.200000000000000000e+01 6.919999999999999485e-01
0.000000000000000000e+00 6.915999999999999925e-01
0.000000000000000000e+00 6.919999999999999485e-01
1.400000000000000000e+01 6.924000000000000155e-01
1.000000000000000000e+00 6.927999999999999714e-01
0.000000000000000000e+00 6.932000000000000384e-01
0.000000000000000000e+00 6.935999999999999943e-01
1.000000000000000000e+00 6.939999999999999503e-01
4.000000000000000000e+00 6.939999999999999503e-01
0.000000000000000000e+00 6.944000000000000172e-01
3.600000000000000000e+01 6.947999999999999732e-01
0.000000000000000000e+00 6.935999999999999943e-01
1.400000000000000000e+01 6.939999999999999503e-01
1.920000000000000000e+02 6.935999999999999943e-01
1.200000000000000000e+01 6.939999999999999503e-01
7.400000000000000000e+01 6.939999999999999503e-01
0.000000000000000000e+00 6.932000000000000384e-01
0.000000000000000000e+00 6.935999999999999943e-01
9.900000000000000000e+01 6.939999999999999503e-01
0.000000000000000000e+00 6.944000000000000172e-01
8.000000000000000000e+00 6.947999999999999732e-01
3.700000000000000000e+01 6.952000000000000401e-01
0.000000000000000000e+00 6.955999999999999961e-01
3.900000000000000000e+01 6.959999999999999520e-01
0.000000000000000000e+00 6.964000000000000190e-01
0.000000000000000000e+00 6.967999999999999750e-01
0.000000000000000000e+00 6.972000000000000419e-01
0.000000000000000000e+00 6.975999999999999979e-01
0.000000000000000000e+00 6.979999999999999538e-01
4.800000000000000000e+01 6.984000000000000208e-01
0.000000000000000000e+00 6.964000000000000190e-01
0.000000000000000000e+00 6.967999999999999750e-01
0.000000000000000000e+00 6.972000000000000419e-01
3.030000000000000000e+02 6.975999999999999979e-01
1.479000000000000000e+03 6.952000000000000401e-01
1.240000000000000000e+02 6.927999999999999714e-01
2.000000000000000000e+00 6.932000000000000384e-01
0.000000000000000000e+00 6.935999999999999943e-01
4.000000000000000000e+00 6.939999999999999503e-01
4.000000000000000000e+00 6.944000000000000172e-01
7.000000000000000000e+00 6.947999999999999732e-01
9.000000000000000000e+00 6.952000000000000401e-01
1.000000000000000000e+01 6.955999999999999961e-01
0.000000000000000000e+00 6.959999999999999520e-01
3.375000000000000000e+03 6.964000000000000190e-01
2.000000000000000000e+00 6.932000000000000384e-01
1.000000000000000000e+00 6.935999999999999943e-01
1.000000000000000000e+00 6.939999999999999503e-01
7.000000000000000000e+00 6.935999999999999943e-01
0.000000000000000000e+00 6.939999999999999503e-01
1.257000000000000000e+03 6.944000000000000172e-01
2.000000000000000000e+00 6.919999999999999485e-01
7.900000000000000000e+01 6.915999999999999925e-01
2.600000000000000000e+01 6.919999999999999485e-01
3.000000000000000000e+00 6.924000000000000155e-01
0.000000000000000000e+00 6.927999999999999714e-01
3.200000000000000000e+01 6.932000000000000384e-01
2.220000000000000000e+02 6.932000000000000384e-01
0.000000000000000000e+00 6.924000000000000155e-01
1.522000000000000000e+03 6.927999999999999714e-01
0.000000000000000000e+00 6.915999999999999925e-01
1.000000000000000000e+00 6.919999999999999485e-01
0.000000000000000000e+00 6.924000000000000155e-01
0.000000000000000000e+00 6.927999999999999714e-01
3.460000000000000000e+02 6.932000000000000384e-01
3.440000000000000000e+02 6.924000000000000155e-01
0.000000000000000000e+00 6.907999999999999696e-01
1.120000000000000000e+02 6.912000000000000366e-01
2.000000000000000000e+00 6.915999999999999925e-01
6.000000000000000000e+01 6.919999999999999485e-01
4.200000000000000000e+01 6.924000000000000155e-01
6.000000000000000000e+00 6.927999999999999714e-01
1.400000000000000000e+01 6.932000000000000384e-01
9.600000000000000000e+01 6.935999999999999943e-01
5.000000000000000000e+00 6.939999999999999503e-01
1.400000000000000000e+01 6.939999999999999503e-01
6.400000000000000000e+01 6.944000000000000172e-01
0.000000000000000000e+00 6.947999999999999732e-01
0.000000000000000000e+00 6.952000000000000401e-01
0.000000000000000000e+00 6.955999999999999961e-01
6.000000000000000000e+00 6.959999999999999520e-01
1.100000000000000000e+01 6.964000000000000190e-01
0.000000000000000000e+00 6.967999999999999750e-01
7.000000000000000000e+00 6.972000000000000419e-01
3.345000000000000000e+03 6.975999999999999979e-01
2.800000000000000000e+01 6.932000000000000384e-01
3.000000000000000000e+00 6.927999999999999714e-01
1.000000000000000000e+00 6.924000000000000155e-01
1.900000000000000000e+01 6.927999999999999714e-01
3.000000000000000000e+00 6.915999999999999925e-01
0.000000000000000000e+00 6.919999999999999485e-01
1.070000000000000000e+02 6.924000000000000155e-01
4.136000000000000000e+03 6.915999999999999925e-01
3.700000000000000000e+01 6.875999999999999890e-01
2.400000000000000000e+01 6.867999999999999661e-01
4.100000000000000000e+01 6.872000000000000330e-01
4.000000000000000000e+00 6.875999999999999890e-01
2.310000000000000000e+02 6.875999999999999890e-01
1.500000000000000000e+01 6.879999999999999449e-01
3.000000000000000000e+00 6.884000000000000119e-01
2.000000000000000000e+00 6.887999999999999678e-01
2.000000000000000000e+00 6.892000000000000348e-01
4.730000000000000000e+02 6.895999999999999908e-01
1.430000000000000000e+02 6.892000000000000348e-01
0.000000000000000000e+00 6.895999999999999908e-01
5.000000000000000000e+00 6.899999999999999467e-01
9.000000000000000000e+00 6.904000000000000137e-01
0.000000000000000000e+00 6.907999999999999696e-01
1.100000000000000000e+01 6.912000000000000366e-01
7.400000000000000000e+01 6.915999999999999925e-01
9.000000000000000000e+00 6.919999999999999485e-01
7.700000000000000000e+01 6.924000000000000155e-01
4.100000000000000000e+01 6.927999999999999714e-01
5.700000000000000000e+01 6.912000000000000366e-01
0.000000000000000000e+00 6.907999999999999696e-01
6.000000000000000000e+00 6.912000000000000366e-01
0.000000000000000000e+00 6.915999999999999925e-01
0.000000000000000000e+00 6.919999999999999485e-01
4.600000000000000000e+01 6.924000000000000155e-01
0.000000000000000000e+00 6.927999999999999714e-01
5.900000000000000000e+01 6.932000000000000384e-01
9.000000000000000000e+00 6.924000000000000155e-01
0.000000000000000000e+00 6.927999999999999714e-01
0.000000000000000000e+00 6.932000000000000384e-01
2.000000000000000000e+00 6.935999999999999943e-01
1.000000000000000000e+00 6.939999999999999503e-01
2.944000000000000000e+03 6.944000000000000172e-01
1.000000000000000000e+00 6.944000000000000172e-01
8.000000000000000000e+00 6.947999999999999732e-01
4.300000000000000000e+01 6.952000000000000401e-01
4.300000000000000000e+01 6.955999999999999961e-01
1.100000000000000000e+01 6.955999999999999961e-01
3.900000000000000000e+01 6.955999999999999961e-01
4.840000000000000000e+02 6.959999999999999520e-01
0.000000000000000000e+00 6.964000000000000190e-01
1.600000000000000000e+01 6.967999999999999750e-01
1.903000000000000000e+03 6.972000000000000419e-01
1.308000000000000000e+03 6.967999999999999750e-01
1.400000000000000000e+02 6.935999999999999943e-01
2.300000000000000000e+01 6.915999999999999925e-01
1.000000000000000000e+00 6.919999999999999485e-01
1.100000000000000000e+01 6.924000000000000155e-01
4.000000000000000000e+00 6.927999999999999714e-01
1.200000000000000000e+01 6.932000000000000384e-01
0.000000000000000000e+00 6.924000000000000155e-01
1.000000000000000000e+00 6.927999999999999714e-01
1.040000000000000000e+02 6.932000000000000384e-01
0.000000000000000000e+00 6.935999999999999943e-01
2.300000000000000000e+01 6.939999999999999503e-01
4.200000000000000000e+01 6.932000000000000384e-01
8.000000000000000000e+00 6.924000000000000155e-01
0.000000000000000000e+00 6.927999999999999714e-01
6.680000000000000000e+02 6.932000000000000384e-01
7.100000000000000000e+01 6.924000000000000155e-01
2.000000000000000000e+00 6.927999999999999714e-01
1.150000000000000000e+02 6.932000000000000384e-01
0.000000000000000000e+00 6.935999999999999943e-01
0.000000000000000000e+00 6.939999999999999503e-01
5.000000000000000000e+00 6.944000000000000172e-01
0.000000000000000000e+00 6.947999999999999732e-01
2.100000000000000000e+02 6.952000000000000401e-01
7.640000000000000000e+02 6.955999999999999961e-01
0.000000000000000000e+00 6.947999999999999732e-01
0.000000000000000000e+00 6.952000000000000401e-01
4.200000000000000000e+01 6.955999999999999961e-01
3.620000000000000000e+02 6.959999999999999520e-01
6.000000000000000000e+00 6.939999999999999503e-01
0.000000000000000000e+00 6.944000000000000172e-01
3.000000000000000000e+00 6.947999999999999732e-01
0.000000000000000000e+00 6.952000000000000401e-01
2.000000000000000000e+00 6.955999999999999961e-01
8.480000000000000000e+02 6.947999999999999732e-01
0.000000000000000000e+00 6.892000000000000348e-01
1.160000000000000000e+02 6.895999999999999908e-01
3.000000000000000000e+00 6.899999999999999467e-01
8.500000000000000000e+01 6.904000000000000137e-01
2.000000000000000000e+00 6.895999999999999908e-01
2.000000000000000000e+00 6.899999999999999467e-01
4.700000000000000000e+02 6.904000000000000137e-01
2.000000000000000000e+01 6.904000000000000137e-01
0.000000000000000000e+00 6.904000000000000137e-01
7.813000000000000000e+03 6.907999999999999696e-01
0.000000000000000000e+00 6.860000000000000542e-01
0.000000000000000000e+00 6.864000000000000101e-01
2.360000000000000000e+02 6.867999999999999661e-01
1.200000000000000000e+01 6.872000000000000330e-01
3.800000000000000000e+01 6.875999999999999890e-01
1.300000000000000000e+01 6.879999999999999449e-01
1.000000000000000000e+01 6.884000000000000119e-01
0.000000000000000000e+00 6.887999999999999678e-01
0.000000000000000000e+00 6.892000000000000348e-01
0.000000000000000000e+00 6.895999999999999908e-01
0.000000000000000000e+00 6.899999999999999467e-01
1.062000000000000000e+03 6.904000000000000137e-01
7.000000000000000000e+00 6.855999999999999872e-01
0.000000000000000000e+00 6.852000000000000313e-01
5.000000000000000000e+00 6.855999999999999872e-01
2.200000000000000000e+01 6.860000000000000542e-01
1.000000000000000000e+00 6.864000000000000101e-01
2.670000000000000000e+02 6.864000000000000101e-01
0.000000000000000000e+00 6.867999999999999661e-01
4.680000000000000000e+02 6.872000000000000330e-01
1.000000000000000000e+01 6.860000000000000542e-01
1.000000000000000000e+00 6.860000000000000542e-01
0.000000000000000000e+00 6.855999999999999872e-01
1.600000000000000000e+01 6.860000000000000542e-01
2.000000000000000000e+00 6.855999999999999872e-01
1.500000000000000000e+01 6.860000000000000542e-01
0.000000000000000000e+00 6.864000000000000101e-01
1.200000000000000000e+01 6.867999999999999661e-01
1.600000000000000000e+01 6.872000000000000330e-01
3.000000000000000000e+00 6.875999999999999890e-01
0.000000000000000000e+00 6.879999999999999449e-01
1.000000000000000000e+01 6.884000000000000119e-01
4.000000000000000000e+00 6.887999999999999678e-01
0.000000000000000000e+00 6.892000000000000348e-01
6.950000000000000000e+02 6.895999999999999908e-01
0.000000000000000000e+00 6.895999999999999908e-01
1.300000000000000000e+01 6.899999999999999467e-01
2.500000000000000000e+01 6.904000000000000137e-01
3.000000000000000000e+00 6.907999999999999696e-01
2.000000000000000000e+00 6.912000000000000366e-01
7.000000000000000000e+00 6.915999999999999925e-01
1.150000000000000000e+02 6.912000000000000366e-01
2.000000000000000000e+00 6.915999999999999925e-01
0.000000000000000000e+00 6.919999999999999485e-01
0.000000000000000000e+00 6.924000000000000155e-01
2.000000000000000000e+00 6.927999999999999714e-01
2.000000000000000000e+00 6.932000000000000384e-01
5.000000000000000000e+00 6.935999999999999943e-01
3.330000000000000000e+02 6.939999999999999503e-01
0.000000000000000000e+00 6.919999999999999485e-01
0.000000000000000000e+00 6.924000000000000155e-01
0.000000000000000000e+00 6.927999999999999714e-01
0.000000000000000000e+00 6.932000000000000384e-01
0.000000000000000000e+00 6.935999999999999943e-01
1.230000000000000000e+02 6.939999999999999503e-01
4.000000000000000000e+00 6.944000000000000172e-01
0.000000000000000000e+00 6.935999999999999943e-01
0.000000000000000000e+00 6.939999999999999503e-01
0.000000000000000000e+00 6.944000000000000172e-01
0.000000000000000000e+00 6.947999999999999732e-01
0.000000000000000000e+00 6.952000000000000401e-01
3.000000000000000000e+00 6.955999999999999961e-01
0.000000000000000000e+00 6.952000000000000401e-01
9.000000000000000000e+00 6.955999999999999961e-01
1.600000000000000000e+01 6.959999999999999520e-01
2.000000000000000000e+00 6.964000000000000190e-01
3.300000000000000000e+01 6.964000000000000190e-01
2.000000000000000000e+00 6.967999999999999750e-01
2.252000000000000000e+03 6.972000000000000419e-01
1.494000000000000000e+03 6.915999999999999925e-01
0.000000000000000000e+00 6.887999999999999678e-01
9.550000000000000000e+02 6.892000000000000348e-01
3.680000000000000000e+02 6.895999999999999908e-01
0.000000000000000000e+00 6.895999999999999908e-01
0.000000000000000000e+00 6.899999999999999467e-01
1.000000000000000000e+00 6.904000000000000137e-01
2.000000000000000000e+00 6.904000000000000137e-01
0.000000000000000000e+00 6.907999999999999696e-01
2.000000000000000000e+00 6.912000000000000366e-01
7.800000000000000000e+01 6.915999999999999925e-01
2.000000000000000000e+00 6.919999999999999485e-01
2.553000000000000000e+03 6.924000000000000155e-01
1.800000000000000000e+01 6.912000000000000366e-01
9.100000000000000000e+01 6.915999999999999925e-01
1.192000000000000000e+03 6.919999999999999485e-01
0.000000000000000000e+00 6.924000000000000155e-01
2.400000000000000000e+01 6.927999999999999714e-01
0.000000000000000000e+00 6.924000000000000155e-01
2.000000000000000000e+00 6.927999999999999714e-01
3.400000000000000000e+01 6.927999999999999714e-01
0.000000000000000000e+00 6.932000000000000384e-01
2.000000000000000000e+00 6.935999999999999943e-01
5.000000000000000000e+00 6.939999999999999503e-01
8.100000000000000000e+01 6.939999999999999503e-01
3.000000000000000000e+00 6.939999999999999503e-01
5.800000000000000000e+01 6.944000000000000172e-01
1.400000000000000000e+01 6.947999999999999732e-01
2.000000000000000000e+00 6.952000000000000401e-01
1.200000000000000000e+01 6.955999999999999961e-01
0.000000000000000000e+00 6.959999999999999520e-01
0.000000000000000000e+00 6.964000000000000190e-01
1.460000000000000000e+02 6.967999999999999750e-01
2.000000000000000000e+00 6.972000000000000419e-01
2.100000000000000000e+01 6.975999999999999979e-01
3.430000000000000000e+02 6.979999999999999538e-01
8.860000000000000000e+02 6.984000000000000208e-01
1.000000000000000000e+00 6.987999999999999767e-01
0.000000000000000000e+00 6.992000000000000437e-01
0.000000000000000000e+00 6.995999999999999996e-01
1.000000000000000000e+00 6.999999999999999556e-01
5.000000000000000000e+00 7.004000000000000226e-01
1.000000000000000000e+00 7.007999999999999785e-01
3.900000000000000000e+01 7.012000000000000455e-01
1.000000000000000000e+00 7.016000000000000014e-01
0.000000000000000000e+00 7.019999999999999574e-01
3.100000000000000000e+01 7.024000000000000243e-01
0.000000000000000000e+00 7.027999999999999803e-01
2.000000000000000000e+00 7.032000000000000473e-01
4.000000000000000000e+00 7.036000000000000032e-01
6.390000000000000000e+02 7.039999999999999591e-01
2.700000000000000000e+01 7.007999999999999785e-01
1.600000000000000000e+01 7.012000000000000455e-01
8.170000000000000000e+02 7.016000000000000014e-01
0.000000000000000000e+00 6.992000000000000437e-01
1.000000000000000000e+01 6.995999999999999996e-01
0.000000000000000000e+00 6.995999999999999996e-01
0.000000000000000000e+00 6.999999999999999556e-01
0.000000000000000000e+00 7.004000000000000226e-01
1.270000000000000000e+03 7.007999999999999785e-01
0.000000000000000000e+00 6.959999999999999520e-01
2.100000000000000000e+01 6.964000000000000190e-01
1.500000000000000000e+01 6.967999999999999750e-01
3.200000000000000000e+01 6.972000000000000419e-01
6.000000000000000000e+00 6.967999999999999750e-01
1.000000000000000000e+00 6.964000000000000190e-01
2.950000000000000000e+02 6.967999999999999750e-01
0.000000000000000000e+00 6.967999999999999750e-01
2.139000000000000000e+03 6.972000000000000419e-01
0.000000000000000000e+00 6.907999999999999696e-01
2.140000000000000000e+02 6.912000000000000366e-01
0.000000000000000000e+00 6.907999999999999696e-01
7.700000000000000000e+01 6.912000000000000366e-01
3.880000000000000000e+02 6.915999999999999925e-01
0.000000000000000000e+00 6.912000000000000366e-01
1.400000000000000000e+01 6.915999999999999925e-01
0.000000000000000000e+00 6.915999999999999925e-01
1.500000000000000000e+01 6.919999999999999485e-01
0.000000000000000000e+00 6.924000000000000155e-01
9.130000000000000000e+02 6.927999999999999714e-01
5.000000000000000000e+00 6.919999999999999485e-01
4.100000000000000000e+01 6.924000000000000155e-01
0.000000000000000000e+00 6.927999999999999714e-01
6.000000000000000000e+01 6.932000000000000384e-01
0.000000000000000000e+00 6.935999999999999943e-01
0.000000000000000000e+00 6.939999999999999503e-01
0.000000000000000000e+00 6.944000000000000172e-01
9.000000000000000000e+00 6.947999999999999732e-01
6.700000000000000000e+01 6.952000000000000401e-01
2.000000000000000000e+00 6.955999999999999961e-01
6.900000000000000000e+01 6.952000000000000401e-01
2.600000000000000000e+01 6.952000000000000401e-01
2.700000000000000000e+01 6.952000000000000401e-01
1.000000000000000000e+00 6.935999999999999943e-01
3.291000000000000000e+03 6.939999999999999503e-01
8.000000000000000000e+00 6.907999999999999696e-01
1.600000000000000000e+01 6.912000000000000366e-01
0.000000000000000000e+00 6.907999999999999696e-01
2.000000000000000000e+00 6.912000000000000366e-01
5.100000000000000000e+02 6.915999999999999925e-01
1.000000000000000000e+01 6.884000000000000119e-01
5.000000000000000000e+00 6.887999999999999678e-01
7.300000000000000000e+01 6.892000000000000348e-01
1.080000000000000000e+02 6.895999999999999908e-01
0.000000000000000000e+00 6.899999999999999467e-01
9.000000000000000000e+00 6.904000000000000137e-01
0.000000000000000000e+00 6.907999999999999696e-01
1.600000000000000000e+01 6.912000000000000366e-01
0.000000000000000000e+00 6.915999999999999925e-01
0.000000000000000000e+00 6.919999999999999485e-01
1.150000000000000000e+02 6.924000000000000155e-01
2.000000000000000000e+00 6.915999999999999925e-01
3.100000000000000000e+01 6.912000000000000366e-01
8.600000000000000000e+01 6.912000000000000366e-01
7.800000000000000000e+01 6.915999999999999925e-01
7.000000000000000000e+00 6.919999999999999485e-01
1.600000000000000000e+01 6.915999999999999925e-01
0.000000000000000000e+00 6.919999999999999485e-01
1.828000000000000000e+03 6.924000000000000155e-01
0.000000000000000000e+00 6.927999999999999714e-01
0.000000000000000000e+00 6.932000000000000384e-01
7.400000000000000000e+01 6.935999999999999943e-01
0.000000000000000000e+00 6.932000000000000384e-01
6.000000000000000000e+00 6.935999999999999943e-01
0.000000000000000000e+00 6.939999999999999503e-01
0.000000000000000000e+00 6.944000000000000172e-01
0.000000000000000000e+00 6.947999999999999732e-01
9.000000000000000000e+00 6.952000000000000401e-01
1.300000000000000000e+01 6.955999999999999961e-01
4.700000000000000000e+01 6.959999999999999520e-01
3.100000000000000000e+01 6.964000000000000190e-01
1.700000000000000000e+01 6.967999999999999750e-01
5.900000000000000000e+01 6.972000000000000419e-01
1.400000000000000000e+01 6.975999999999999979e-01
1.394000000000000000e+03 6.979999999999999538e-01
1.000000000000000000e+00 6.979999999999999538e-01
2.000000000000000000e+00 6.984000000000000208e-01
5.000000000000000000e+00 6.987999999999999767e-01
1.300000000000000000e+01 6.992000000000000437e-01
8.000000000000000000e+00 6.995999999999999996e-01
0.000000000000000000e+00 6.984000000000000208e-01
1.214000000000000000e+03 6.987999999999999767e-01
1.000000000000000000e+00 6.955999999999999961e-01
7.800000000000000000e+01 6.959999999999999520e-01
0.000000000000000000e+00 6.964000000000000190e-01
2.590000000000000000e+02 6.967999999999999750e-01
0.000000000000000000e+00 6.964000000000000190e-01
3.200000000000000000e+01 6.967999999999999750e-01
4.089000000000000000e+03 6.967999999999999750e-01
5.040000000000000000e+02 6.875999999999999890e-01
1.000000000000000000e+00 6.879999999999999449e-01
3.570000000000000000e+02 6.884000000000000119e-01
0.000000000000000000e+00 6.887999999999999678e-01
0.000000000000000000e+00 6.892000000000000348e-01
3.100000000000000000e+01 6.895999999999999908e-01
0.000000000000000000e+00 6.899999999999999467e-01
2.000000000000000000e+00 6.904000000000000137e-01
2.300000000000000000e+01 6.904000000000000137e-01
4.300000000000000000e+01 6.904000000000000137e-01
1.300000000000000000e+01 6.907999999999999696e-01
0.000000000000000000e+00 6.912000000000000366e-01
1.300000000000000000e+01 6.915999999999999925e-01
0.000000000000000000e+00 6.919999999999999485e-01
6.000000000000000000e+00 6.924000000000000155e-01
7.020000000000000000e+02 6.927999999999999714e-01
7.000000000000000000e+00 6.919999999999999485e-01
1.200000000000000000e+01 6.924000000000000155e-01
0.000000000000000000e+00 6.927999999999999714e-01
2.100000000000000000e+01 6.932000000000000384e-01
0.000000000000000000e+00 6.924000000000000155e-01
1.000000000000000000e+00 6.927999999999999714e-01
1.500000000000000000e+01 6.932000000000000384e-01
2.000000000000000000e+00 6.935999999999999943e-01
0.000000000000000000e+00 6.939999999999999503e-01
0.000000000000000000e+00 6.944000000000000172e-01
0.000000000000000000e+00 6.947999999999999732e-01
0.000000000000000000e+00 6.952000000000000401e-01
5.400000000000000000e+01 6.955999999999999961e-01
1.000000000000000000e+00 6.959999999999999520e-01
1.000000000000000000e+00 6.964000000000000190e-01
6.000000000000000000e+00 6.967999999999999750e-01
1.830000000000000000e+02 6.972000000000000419e-01
1.500000000000000000e+01 6.975999999999999979e-01
1.170000000000000000e+02 6.979999999999999538e-01
0.000000000000000000e+00 6.984000000000000208e-01
0.000000000000000000e+00 6.987999999999999767e-01
3.865000000000000000e+03 6.992000000000000437e-01
4.000000000000000000e+00 6.935999999999999943e-01
1.280000000000000000e+03 6.939999999999999503e-01
3.000000000000000000e+00 6.932000000000000384e-01
1.700000000000000000e+01 6.935999999999999943e-01
3.600000000000000000e+01 6.939999999999999503e-01
1.200000000000000000e+01 6.944000000000000172e-01
0.000000000000000000e+00 6.947999999999999732e-01
5.700000000000000000e+02 6.952000000000000401e-01
9.000000000000000000e+00 6.955999999999999961e-01
2.000000000000000000e+00 6.959999999999999520e-01
0.000000000000000000e+00 6.964000000000000190e-01
1.860000000000000000e+02 6.967999999999999750e-01
5.800000000000000000e+02 6.972000000000000419e-01
3.000000000000000000e+00 6.944000000000000172e-01
1.000000000000000000e+00 6.947999999999999732e-01
8.900000000000000000e+01 6.952000000000000401e-01
6.590000000000000000e+02 6.955999999999999961e-01
2.690000000000000000e+02 6.947999999999999732e-01
5.300000000000000000e+01 6.952000000000000401e-01
6.600000000000000000e+01 6.955999999999999961e-01
2.042000000000000000e+03 6.959999999999999520e-01
0.000000000000000000e+00 6.915999999999999925e-01
5.900000000000000000e+01 6.919999999999999485e-01
0.000000000000000000e+00 6.924000000000000155e-01
0.000000000000000000e+00 6.927999999999999714e-01
7.000000000000000000e+00 6.932000000000000384e-01
0.000000000000000000e+00 6.935999999999999943e-01
1.800000000000000000e+01 6.939999999999999503e-01
1.700000000000000000e+01 6.944000000000000172e-01
0.000000000000000000e+00 6.947999999999999732e-01
5.600000000000000000e+01 6.952000000000000401e-01
0.000000000000000000e+00 6.955999999999999961e-01
1.000000000000000000e+00 6.959999999999999520e-01
5.740000000000000000e+02 6.964000000000000190e-01
1.000000000000000000e+01 6.967999999999999750e-01
1.258000000000000000e+03 6.964000000000000190e-01
2.910000000000000000e+02 6.927999999999999714e-01
4.000000000000000000e+00 6.927999999999999714e-01
2.540000000000000000e+02 6.932000000000000384e-01
3.000000000000000000e+00 6.924000000000000155e-01
4.000000000000000000e+00 6.927999999999999714e-01
0.000000000000000000e+00 6.932000000000000384e-01
2.600000000000000000e+01 6.935999999999999943e-01
1.200000000000000000e+01 6.939999999999999503e-01
4.000000000000000000e+00 6.944000000000000172e-01
1.000000000000000000e+01 6.939999999999999503e-01
1.940000000000000000e+02 6.944000000000000172e-01
0.000000000000000000e+00 6.947999999999999732e-01
0.000000000000000000e+00 6.952000000000000401e-01
6.800000000000000000e+01 6.955999999999999961e-01
1.650000000000000000e+03 6.959999999999999520e-01
7.000000000000000000e+00 6.952000000000000401e-01
3.180000000000000000e+02 6.955999999999999961e-01
0.000000000000000000e+00 6.959999999999999520e-01
2.500000000000000000e+01 6.964000000000000190e-01
3.900000000000000000e+01 6.967999999999999750e-01
0.000000000000000000e+00 6.972000000000000419e-01
0.000000000000000000e+00 6.975999999999999979e-01
5.800000000000000000e+01 6.979999999999999538e-01
0.000000000000000000e+00 6.984000000000000208e-01
0.000000000000000000e+00 6.987999999999999767e-01
2.500000000000000000e+01 6.992000000000000437e-01
0.000000000000000000e+00 6.995999999999999996e-01
0.000000000000000000e+00 6.999999999999999556e-01
0.000000000000000000e+00 7.004000000000000226e-01
1.700000000000000000e+01 7.007999999999999785e-01
0.000000000000000000e+00 7.012000000000000455e-01
2.400000000000000000e+01 7.016000000000000014e-01
3.250000000000000000e+02 7.019999999999999574e-01
3.000000000000000000e+00 7.007999999999999785e-01
3.200000000000000000e+01 6.999999999999999556e-01
1.761000000000000000e+03 7.004000000000000226e-01
1.100000000000000000e+01 6.992000000000000437e-01
9.110000000000000000e+02 6.992000000000000437e-01
4.800000000000000000e+01 6.984000000000000208e-01
4.879000000000000000e+03 6.979999999999999538e-01
0.000000000000000000e+00 6.959999999999999520e-01
0.000000000000000000e+00 6.964000000000000190e-01
2.000000000000000000e+01 6.967999999999999750e-01
3.570000000000000000e+02 6.972000000000000419e-01
0.000000000000000000e+00 6.975999999999999979e-01
1.110000000000000000e+02 6.979999999999999538e-01
7.000000000000000000e+00 6.984000000000000208e-01
1.800000000000000000e+01 6.987999999999999767e-01
0.000000000000000000e+00 6.992000000000000437e-01
0.000000000000000000e+00 6.995999999999999996e-01
0.000000000000000000e+00 6.999999999999999556e-01
0.000000000000000000e+00 7.004000000000000226e-01
0.000000000000000000e+00 7.007999999999999785e-01
0.000000000000000000e+00 7.012000000000000455e-01
1.605000000000000000e+03 7.016000000000000014e-01
4.500000000000000000e+01 6.944000000000000172e-01
7.000000000000000000e+00 6.935999999999999943e-01
2.000000000000000000e+00 6.939999999999999503e-01
0.000000000000000000e+00 6.944000000000000172e-01
3.000000000000000000e+00 6.947999999999999732e-01
1.100000000000000000e+01 6.952000000000000401e-01
9.000000000000000000e+00 6.955999999999999961e-01
3.320000000000000000e+02 6.959999999999999520e-01
1.560000000000000000e+02 6.955999999999999961e-01
0.000000000000000000e+00 6.952000000000000401e-01
1.000000000000000000e+01 6.955999999999999961e-01
9.000000000000000000e+00 6.959999999999999520e-01
0.000000000000000000e+00 6.964000000000000190e-01
5.600000000000000000e+01 6.967999999999999750e-01
1.110000000000000000e+02 6.972000000000000419e-01
2.200000000000000000e+01 6.967999999999999750e-01
0.000000000000000000e+00 6.972000000000000419e-01
0.000000000000000000e+00 6.975999999999999979e-01
0.000000000000000000e+00 6.979999999999999538e-01
1.400000000000000000e+01 6.984000000000000208e-01
6.600000000000000000e+01 6.987999999999999767e-01
1.000000000000000000e+00 6.992000000000000437e-01
0.000000000000000000e+00 6.992000000000000437e-01
1.900000000000000000e+01 6.995999999999999996e-01
1.600000000000000000e+01 6.999999999999999556e-01
1.000000000000000000e+00 7.004000000000000226e-01
1.000000000000000000e+00 7.004000000000000226e-01
1.180000000000000000e+02 7.004000000000000226e-01
1.300000000000000000e+01 6.987999999999999767e-01
6.903000000000000000e+03 6.992000000000000437e-01
0.000000000000000000e+00 6.915999999999999925e-01
0.000000000000000000e+00 6.919999999999999485e-01
2.000000000000000000e+00 6.924000000000000155e-01
2.000000000000000000e+00 6.927999999999999714e-01
1.970000000000000000e+02 6.924000000000000155e-01
1.244000000000000000e+03 6.915999999999999925e-01
0.000000000000000000e+00 6.915999999999999925e-01
0.000000000000000000e+00 6.919999999999999485e-01
1.099000000000000000e+03 6.924000000000000155e-01
0.000000000000000000e+00 6.924000000000000155e-01
9.000000000000000000e+00 6.927999999999999714e-01
1.910000000000000000e+02 6.932000000000000384e-01
1.130000000000000000e+02 6.927999999999999714e-01
2.300000000000000000e+01 6.932000000000000384e-01
0.000000000000000000e+00 6.935999999999999943e-01
0.000000000000000000e+00 6.939999999999999503e-01
2.000000000000000000e+00 6.944000000000000172e-01
0.000000000000000000e+00 6.947999999999999732e-01
7.600000000000000000e+01 6.952000000000000401e-01
5.300000000000000000e+01 6.944000000000000172e-01
0.000000000000000000e+00 6.947999999999999732e-01
1.700000000000000000e+01 6.952000000000000401e-01
1.340000000000000000e+02 6.955999999999999961e-01
0.000000000000000000e+00 6.959999999999999520e-01
5.000000000000000000e+00 6.964000000000000190e-01
1.200000000000000000e+01 6.967999999999999750e-01
1.800000000000000000e+01 6.972000000000000419e-01
4.800000000000000000e+01 6.975999999999999979e-01
0.000000000000000000e+00 6.979999999999999538e-01
7.000000000000000000e+00 6.984000000000000208e-01
1.871000000000000000e+03 6.987999999999999767e-01
3.000000000000000000e+00 6.912000000000000366e-01
1.190000000000000000e+02 6.915999999999999925e-01
1.200000000000000000e+01 6.907999999999999696e-01
1.180000000000000000e+02 6.912000000000000366e-01
0.000000000000000000e+00 6.915999999999999925e-01
1.371000000000000000e+03 6.919999999999999485e-01
0.000000000000000000e+00 6.924000000000000155e-01
3.360000000000000000e+02 6.927999999999999714e-01
2.000000000000000000e+00 6.932000000000000384e-01
1.000000000000000000e+00 6.932000000000000384e-01
5.300000000000000000e+01 6.935999999999999943e-01
7.200000000000000000e+01 6.939999999999999503e-01
0.000000000000000000e+00 6.944000000000000172e-01
7.000000000000000000e+00 6.947999999999999732e-01
9.000000000000000000e+00 6.952000000000000401e-01
1.400000000000000000e+01 6.955999999999999961e-01
1.500000000000000000e+01 6.959999999999999520e-01
1.000000000000000000e+01 6.952000000000000401e-01
0.000000000000000000e+00 6.952000000000000401e-01
3.960000000000000000e+02 6.955999999999999961e-01
5.000000000000000000e+00 6.959999999999999520e-01
2.000000000000000000e+00 6.964000000000000190e-01
1.000000000000000000e+00 6.964000000000000190e-01
3.000000000000000000e+00 6.967999999999999750e-01
0.000000000000000000e+00 6.972000000000000419e-01
0.000000000000000000e+00 6.975999999999999979e-01
2.000000000000000000e+00 6.979999999999999538e-01
0.000000000000000000e+00 6.984000000000000208e-01
1.500000000000000000e+01 6.987999999999999767e-01
2.000000000000000000e+00 6.992000000000000437e-01
0.000000000000000000e+00 6.995999999999999996e-01
1.600000000000000000e+02 6.999999999999999556e-01
7.680000000000000000e+02 7.004000000000000226e-01
0.000000000000000000e+00 7.007999999999999785e-01
1.600000000000000000e+01 7.012000000000000455e-01
2.500000000000000000e+01 7.007999999999999785e-01
2.050000000000000000e+02 7.012000000000000455e-01
8.200000000000000000e+01 7.016000000000000014e-01
0.000000000000000000e+00 7.016000000000000014e-01
1.000000000000000000e+00 7.019999999999999574e-01
5.000000000000000000e+00 7.024000000000000243e-01
7.300000000000000000e+01 7.019999999999999574e-01
8.000000000000000000e+00 7.024000000000000243e-01
0.000000000000000000e+00 7.016000000000000014e-01
1.370000000000000000e+02 7.019999999999999574e-01
3.800000000000000000e+01 7.007999999999999785e-01
0.000000000000000000e+00 6.987999999999999767e-01
9.000000000000000000e+00 6.992000000000000437e-01
0.000000000000000000e+00 6.995999999999999996e-01
5.000000000000000000e+00 6.999999999999999556e-01
0.000000000000000000e+00 6.987999999999999767e-01
2.000000000000000000e+00 6.992000000000000437e-01
1.300000000000000000e+01 6.995999999999999996e-01
0.000000000000000000e+00 6.992000000000000437e-01
2.680000000000000000e+02 6.995999999999999996e-01
1.000000000000000000e+01 6.999999999999999556e-01
4.300000000000000000e+01 7.004000000000000226e-01
7.000000000000000000e+00 7.004000000000000226e-01
4.400000000000000000e+01 7.007999999999999785e-01
0.000000000000000000e+00 7.012000000000000455e-01
6.000000000000000000e+00 7.016000000000000014e-01
0.000000000000000000e+00 7.019999999999999574e-01
5.400000000000000000e+01 7.024000000000000243e-01
1.000000000000000000e+01 7.024000000000000243e-01
0.000000000000000000e+00 7.027999999999999803e-01
0.000000000000000000e+00 7.032000000000000473e-01
2.590000000000000000e+02 7.036000000000000032e-01
2.000000000000000000e+00 7.039999999999999591e-01
0.000000000000000000e+00 7.044000000000000261e-01
4.510000000000000000e+02 7.047999999999999821e-01
5.750000000000000000e+02 7.039999999999999591e-01
0.000000000000000000e+00 7.044000000000000261e-01
3.162000000000000000e+03 7.047999999999999821e-01
1.800000000000000000e+01 6.987999999999999767e-01
2.960000000000000000e+02 6.992000000000000437e-01
2.100000000000000000e+01 6.992000000000000437e-01
1.700000000000000000e+01 6.995999999999999996e-01
0.000000000000000000e+00 6.999999999999999556e-01
1.000000000000000000e+00 7.004000000000000226e-01
0.000000000000000000e+00 7.007999999999999785e-01
2.640000000000000000e+02 7.012000000000000455e-01
2.000000000000000000e+01 7.016000000000000014e-01
9.000000000000000000e+00 7.019999999999999574e-01
2.000000000000000000e+00 7.024000000000000243e-01
0.000000000000000000e+00 7.027999999999999803e-01
1.410000000000000000e+02 7.032000000000000473e-01
0.000000000000000000e+00 7.036000000000000032e-01
0.000000000000000000e+00 7.039999999999999591e-01
0.000000000000000000e+00 7.044000000000000261e-01
4.000000000000000000e+00 7.047999999999999821e-01
1.475000000000000000e+03 7.052000000000000490e-01
1.200000000000000000e+01 7.036000000000000032e-01
7.900000000000000000e+01 7.039999999999999591e-01
1.000000000000000000e+00 7.044000000000000261e-01
2.400000000000000000e+01 7.047999999999999821e-01
5.300000000000000000e+01 7.052000000000000490e-01
9.000000000000000000e+00 7.056000000000000050e-01
1.550000000000000000e+02 7.059999999999999609e-01
0.000000000000000000e+00 7.064000000000000279e-01
0.000000000000000000e+00 7.067999999999999838e-01
0.000000000000000000e+00 7.072000000000000508e-01
6.000000000000000000e+00 7.076000000000000068e-01
2.000000000000000000e+00 7.079999999999999627e-01
2.000000000000000000e+00 7.084000000000000297e-01
0.000000000000000000e+00 7.087999999999999856e-01
0.000000000000000000e+00 7.092000000000000526e-01
4.000000000000000000e+00 7.096000000000000085e-01
4.000000000000000000e+01 7.099999999999999645e-01
3.700000000000000000e+01 7.104000000000000314e-01
2.000000000000000000e+00 7.099999999999999645e-01
2.100000000000000000e+01 7.104000000000000314e-01
0.000000000000000000e+00 7.107999999999999874e-01
2.000000000000000000e+01 7.112000000000000544e-01
9.873000000000000000e+03 7.116000000000000103e-01
1.290000000000000000e+02 7.036000000000000032e-01
2.000000000000000000e+00 7.039999999999999591e-01
7.110000000000000000e+02 7.044000000000000261e-01
4.800000000000000000e+01 7.027999999999999803e-01
0.000000000000000000e+00 7.032000000000000473e-01
1.930000000000000000e+02 7.036000000000000032e-01
0.000000000000000000e+00 7.039999999999999591e-01
2.300000000000000000e+01 7.044000000000000261e-01
0.000000000000000000e+00 7.047999999999999821e-01
5.600000000000000000e+01 7.052000000000000490e-01
0.000000000000000000e+00 7.056000000000000050e-01
7.620000000000000000e+02 7.059999999999999609e-01
2.630000000000000000e+02 7.004000000000000226e-01
3.700000000000000000e+01 7.007999999999999785e-01
1.860000000000000000e+02 7.012000000000000455e-01
0.000000000000000000e+00 7.016000000000000014e-01
1.000000000000000000e+00 7.019999999999999574e-01
0.000000000000000000e+00 7.016000000000000014e-01
0.000000000000000000e+00 7.019999999999999574e-01
1.000000000000000000e+00 7.024000000000000243e-01
0.000000000000000000e+00 7.027999999999999803e-01
4.000000000000000000e+00 7.032000000000000473e-01
4.000000000000000000e+00 7.036000000000000032e-01
2.000000000000000000e+00 7.036000000000000032e-01
1.740000000000000000e+02 7.039999999999999591e-01
1.040000000000000000e+02 7.007999999999999785e-01
0.000000000000000000e+00 7.012000000000000455e-01
0.000000000000000000e+00 7.016000000000000014e-01
6.000000000000000000e+00 7.019999999999999574e-01
7.400000000000000000e+02 7.024000000000000243e-01
8.600000000000000000e+01 7.016000000000000014e-01
3.200000000000000000e+01 7.019999999999999574e-01
8.700000000000000000e+01 7.024000000000000243e-01
1.185000000000000000e+03 7.024000000000000243e-01
2.110000000000000000e+02 7.004000000000000226e-01
8.100000000000000000e+01 6.999999999999999556e-01
4.000000000000000000e+00 6.992000000000000437e-01
0.000000000000000000e+00 6.992000000000000437e-01
0.000000000000000000e+00 6.995999999999999996e-01
0.000000000000000000e+00 6.999999999999999556e-01
2.800000000000000000e+01 7.004000000000000226e-01
0.000000000000000000e+00 7.007999999999999785e-01
3.590000000000000000e+02 7.012000000000000455e-01
2.500000000000000000e+01 7.016000000000000014e-01
1.000000000000000000e+00 7.019999999999999574e-01
2.100000000000000000e+01 7.024000000000000243e-01
1.000000000000000000e+01 7.019999999999999574e-01
0.000000000000000000e+00 7.024000000000000243e-01
1.100000000000000000e+01 7.027999999999999803e-01
0.000000000000000000e+00 7.032000000000000473e-01
5.000000000000000000e+01 7.036000000000000032e-01
0.000000000000000000e+00 7.039999999999999591e-01
2.000000000000000000e+00 7.044000000000000261e-01
0.000000000000000000e+00 7.047999999999999821e-01
5.000000000000000000e+00 7.052000000000000490e-01
4.000000000000000000e+00 7.056000000000000050e-01
0.000000000000000000e+00 7.059999999999999609e-01
2.000000000000000000e+00 7.064000000000000279e-01
2.000000000000000000e+00 7.067999999999999838e-01
1.793000000000000000e+03 7.072000000000000508e-01
6.200000000000000000e+01 7.064000000000000279e-01
3.190000000000000000e+02 7.067999999999999838e-01
6.000000000000000000e+00 7.072000000000000508e-01
1.200000000000000000e+01 7.076000000000000068e-01
8.000000000000000000e+00 7.079999999999999627e-01
5.800000000000000000e+01 7.084000000000000297e-01
0.000000000000000000e+00 7.087999999999999856e-01
7.000000000000000000e+00 7.092000000000000526e-01
0.000000000000000000e+00 7.096000000000000085e-01
0.000000000000000000e+00 7.099999999999999645e-01
1.000000000000000000e+00 7.104000000000000314e-01
5.090000000000000000e+02 7.107999999999999874e-01
0.000000000000000000e+00 7.072000000000000508e-01
0.000000000000000000e+00 7.076000000000000068e-01
2.700000000000000000e+01 7.079999999999999627e-01
0.000000000000000000e+00 7.084000000000000297e-01
4.300000000000000000e+01 7.087999999999999856e-01
5.000000000000000000e+00 7.092000000000000526e-01
3.000000000000000000e+00 7.096000000000000085e-01
0.000000000000000000e+00 7.092000000000000526e-01
8.500000000000000000e+01 7.096000000000000085e-01
3.000000000000000000e+00 7.099999999999999645e-01
1.000000000000000000e+00 7.104000000000000314e-01
3.600000000000000000e+01 7.107999999999999874e-01
0.000000000000000000e+00 7.104000000000000314e-01
2.000000000000000000e+00 7.107999999999999874e-01
1.300000000000000000e+01 7.112000000000000544e-01
0.000000000000000000e+00 7.116000000000000103e-01
7.000000000000000000e+00 7.119999999999999662e-01
9.400000000000000000e+01 7.116000000000000103e-01
0.000000000000000000e+00 7.104000000000000314e-01
1.200000000000000000e+01 7.107999999999999874e-01
7.800000000000000000e+01 7.112000000000000544e-01
9.262000000000000000e+03 7.116000000000000103e-01
3.400000000000000000e+01 6.999999999999999556e-01
1.265000000000000000e+03 7.004000000000000226e-01
0.000000000000000000e+00 6.999999999999999556e-01
0.000000000000000000e+00 7.004000000000000226e-01
0.000000000000000000e+00 7.007999999999999785e-01
5.000000000000000000e+00 7.012000000000000455e-01
2.600000000000000000e+01 7.016000000000000014e-01
3.080000000000000000e+02 7.016000000000000014e-01
1.100000000000000000e+01 7.004000000000000226e-01
0.000000000000000000e+00 7.004000000000000226e-01
0.000000000000000000e+00 7.007999999999999785e-01
4.000000000000000000e+00 7.012000000000000455e-01
0.000000000000000000e+00 7.016000000000000014e-01
6.000000000000000000e+00 7.019999999999999574e-01
9.910000000000000000e+02 7.024000000000000243e-01
6.350000000000000000e+02 6.959999999999999520e-01
2.200000000000000000e+01 6.959999999999999520e-01
1.030000000000000000e+02 6.964000000000000190e-01
9.100000000000000000e+01 6.952000000000000401e-01
5.200000000000000000e+01 6.955999999999999961e-01
9.300000000000000000e+01 6.939999999999999503e-01
0.000000000000000000e+00 6.935999999999999943e-01
7.400000000000000000e+01 6.939999999999999503e-01
5.000000000000000000e+00 6.932000000000000384e-01
9.100000000000000000e+01 6.935999999999999943e-01
1.900000000000000000e+01 6.935999999999999943e-01
2.300000000000000000e+01 6.939999999999999503e-01
2.640000000000000000e+02 6.944000000000000172e-01
9.700000000000000000e+01 6.947999999999999732e-01
0.000000000000000000e+00 6.952000000000000401e-01
9.000000000000000000e+00 6.955999999999999961e-01
3.000000000000000000e+00 6.959999999999999520e-01
0.000000000000000000e+00 6.964000000000000190e-01
5.000000000000000000e+00 6.967999999999999750e-01
0.000000000000000000e+00 6.972000000000000419e-01
4.000000000000000000e+00 6.975999999999999979e-01
1.000000000000000000e+01 6.979999999999999538e-01
0.000000000000000000e+00 6.975999999999999979e-01
1.000000000000000000e+00 6.979999999999999538e-01
1.000000000000000000e+01 6.984000000000000208e-01
0.000000000000000000e+00 6.984000000000000208e-01
1.650000000000000000e+03 6.987999999999999767e-01
0.000000000000000000e+00 6.959999999999999520e-01
0.000000000000000000e+00 6.964000000000000190e-01
2.000000000000000000e+00 6.967999999999999750e-01
4.000000000000000000e+01 6.972000000000000419e-01
0.000000000000000000e+00 6.972000000000000419e-01
1.000000000000000000e+00 6.975999999999999979e-01
0.000000000000000000e+00 6.975999999999999979e-01
2.760000000000000000e+02 6.979999999999999538e-01
7.900000000000000000e+02 6.975999999999999979e-01
0.000000000000000000e+00 6.979999999999999538e-01
1.400000000000000000e+01 6.984000000000000208e-01
1.000000000000000000e+00 6.984000000000000208e-01
0.000000000000000000e+00 6.984000000000000208e-01
5.000000000000000000e+00 6.987999999999999767e-01
5.000000000000000000e+00 6.992000000000000437e-01
2.585000000000000000e+03 6.995999999999999996e-01
4.000000000000000000e+00 6.987999999999999767e-01
2.001000000000000000e+03 6.984000000000000208e-01
6.800000000000000000e+01 6.924000000000000155e-01
1.000000000000000000e+00 6.927999999999999714e-01
2.600000000000000000e+01 6.932000000000000384e-01
0.000000000000000000e+00 6.932000000000000384e-01
2.500000000000000000e+01 6.935999999999999943e-01
0.000000000000000000e+00 6.939999999999999503e-01
3.300000000000000000e+01 6.944000000000000172e-01
1.320000000000000000e+02 6.947999999999999732e-01
2.000000000000000000e+00 6.932000000000000384e-01
1.000000000000000000e+00 6.935999999999999943e-01
3.000000000000000000e+00 6.935999999999999943e-01
1.326000000000000000e+03 6.939999999999999503e-01
7.000000000000000000e+00 6.932000000000000384e-01
7.000000000000000000e+00 6.932000000000000384e-01
1.580000000000000000e+02 6.935999999999999943e-01
1.800000000000000000e+01 6.939999999999999503e-01
1.900000000000000000e+01 6.944000000000000172e-01
1.400000000000000000e+01 6.947999999999999732e-01
1.351000000000000000e+03 6.952000000000000401e-01
9.540000000000000000e+02 6.944000000000000172e-01
1.000000000000000000e+00 6.919999999999999485e-01
3.000000000000000000e+00 6.924000000000000155e-01
0.000000000000000000e+00 6.924000000000000155e-01
1.390000000000000000e+02 6.927999999999999714e-01
0.000000000000000000e+00 6.919999999999999485e-01
0.000000000000000000e+00 6.924000000000000155e-01
3.000000000000000000e+00 6.927999999999999714e-01
1.100000000000000000e+01 6.932000000000000384e-01
3.000000000000000000e+00 6.932000000000000384e-01
2.952000000000000000e+03 6.935999999999999943e-01
8.000000000000000000e+00 6.939999999999999503e-01
9.930000000000000000e+02 6.944000000000000172e-01
3.200000000000000000e+01 6.899999999999999467e-01
2.780000000000000000e+02 6.904000000000000137e-01
0.000000000000000000e+00 6.907999999999999696e-01
0.000000000000000000e+00 6.912000000000000366e-01
7.000000000000000000e+00 6.915999999999999925e-01
0.000000000000000000e+00 6.907999999999999696e-01
3.800000000000000000e+01 6.912000000000000366e-01
4.000000000000000000e+01 6.915999999999999925e-01
0.000000000000000000e+00 6.887999999999999678e-01
0.000000000000000000e+00 6.892000000000000348e-01
2.000000000000000000e+00 6.895999999999999908e-01
3.000000000000000000e+00 6.899999999999999467e-01
4.400000000000000000e+01 6.904000000000000137e-01
4.000000000000000000e+00 6.907999999999999696e-01
4.900000000000000000e+01 6.912000000000000366e-01
1.140000000000000000e+02 6.915999999999999925e-01
0.000000000000000000e+00 6.887999999999999678e-01
0.000000000000000000e+00 6.892000000000000348e-01
4.000000000000000000e+00 6.895999999999999908e-01
4.600000000000000000e+01 6.895999999999999908e-01
3.000000000000000000e+00 6.895999999999999908e-01
1.930000000000000000e+02 6.899999999999999467e-01
0.000000000000000000e+00 6.904000000000000137e-01
0.000000000000000000e+00 6.907999999999999696e-01
0.000000000000000000e+00 6.912000000000000366e-01
0.000000000000000000e+00 6.915999999999999925e-01
2.700000000000000000e+01 6.919999999999999485e-01
4.000000000000000000e+00 6.924000000000000155e-01
1.000000000000000000e+00 6.919999999999999485e-01
1.000000000000000000e+00 6.924000000000000155e-01
6.600000000000000000e+01 6.927999999999999714e-01
0.000000000000000000e+00 6.932000000000000384e-01
0.000000000000000000e+00 6.935999999999999943e-01
1.000000000000000000e+00 6.939999999999999503e-01
0.000000000000000000e+00 6.944000000000000172e-01
4.400000000000000000e+01 6.947999999999999732e-01
5.900000000000000000e+01 6.939999999999999503e-01
0.000000000000000000e+00 6.932000000000000384e-01
1.300000000000000000e+01 6.935999999999999943e-01
9.200000000000000000e+01 6.939999999999999503e-01
0.000000000000000000e+00 6.932000000000000384e-01
0.000000000000000000e+00 6.935999999999999943e-01
0.000000000000000000e+00 6.939999999999999503e-01
0.000000000000000000e+00 6.944000000000000172e-01
1.000000000000000000e+01 6.947999999999999732e-01
5.770000000000000000e+02 6.952000000000000401e-01
0.000000000000000000e+00 6.955999999999999961e-01
1.330000000000000000e+02 6.959999999999999520e-01
0.000000000000000000e+00 6.964000000000000190e-01
1.930000000000000000e+02 6.967999999999999750e-01
0.000000000000000000e+00 6.972000000000000419e-01
0.000000000000000000e+00 6.975999999999999979e-01
2.310000000000000000e+02 6.979999999999999538e-01
3.000000000000000000e+00 6.964000000000000190e-01
8.000000000000000000e+00 6.967999999999999750e-01
1.370000000000000000e+03 6.972000000000000419e-01
0.000000000000000000e+00 6.959999999999999520e-01
3.152000000000000000e+03 6.964000000000000190e-01
6.000000000000000000e+00 6.935999999999999943e-01
4.460000000000000000e+02 6.935999999999999943e-01
2.140000000000000000e+02 6.935999999999999943e-01
0.000000000000000000e+00 6.939999999999999503e-01
1.100000000000000000e+01 6.944000000000000172e-01
1.700000000000000000e+01 6.947999999999999732e-01
5.400000000000000000e+01 6.952000000000000401e-01
1.000000000000000000e+01 6.955999999999999961e-01
2.000000000000000000e+00 6.959999999999999520e-01
0.000000000000000000e+00 6.964000000000000190e-01
1.230000000000000000e+02 6.967999999999999750e-01
0.000000000000000000e+00 6.959999999999999520e-01
0.000000000000000000e+00 6.964000000000000190e-01
3.790000000000000000e+02 6.967999999999999750e-01
0.000000000000000000e+00 6.967999999999999750e-01
0.000000000000000000e+00 6.972000000000000419e-01
1.250000000000000000e+02 6.975999999999999979e-01
4.000000000000000000e+00 6.972000000000000419e-01
0.000000000000000000e+00 6.975999999999999979e-01
1.837000000000000000e+03 6.979999999999999538e-01
1.082000000000000000e+03 6.984000000000000208e-01
3.800000000000000000e+01 6.932000000000000384e-01
3.720000000000000000e+02 6.935999999999999943e-01
2.000000000000000000e+00 6.939999999999999503e-01
1.000000000000000000e+00 6.944000000000000172e-01
3.000000000000000000e+01 6.947999999999999732e-01
6.000000000000000000e+00 6.952000000000000401e-01
3.340000000000000000e+02 6.955999999999999961e-01
2.790000000000000000e+02 6.955999999999999961e-01
1.600000000000000000e+01 6.939999999999999503e-01
1.000000000000000000e+00 6.944000000000000172e-01
0.000000000000000000e+00 6.947999999999999732e-01
6.000000000000000000e+00 6.952000000000000401e-01
1.450000000000000000e+02 6.947999999999999732e-01
0.000000000000000000e+00 6.944000000000000172e-01
2.400000000000000000e+01 6.947999999999999732e-01
1.700000000000000000e+01 6.952000000000000401e-01
9.640000000000000000e+02 6.955999999999999961e-01
4.000000000000000000e+00 6.912000000000000366e-01
1.000000000000000000e+01 6.915999999999999925e-01
4.155000000000000000e+03 6.919999999999999485e-01
2.000000000000000000e+00 6.872000000000000330e-01
2.500000000000000000e+01 6.875999999999999890e-01
1.386000000000000000e+03 6.879999999999999449e-01
1.646000000000000000e+03 6.867999999999999661e-01
7.000000000000000000e+00 6.864000000000000101e-01
7.200000000000000000e+01 6.867999999999999661e-01
1.000000000000000000e+00 6.872000000000000330e-01
1.000000000000000000e+00 6.875999999999999890e-01
2.000000000000000000e+00 6.875999999999999890e-01
1.000000000000000000e+00 6.879999999999999449e-01
2.180000000000000000e+02 6.884000000000000119e-01
0.000000000000000000e+00 6.884000000000000119e-01
0.000000000000000000e+00 6.887999999999999678e-01
2.570000000000000000e+02 6.892000000000000348e-01
1.326000000000000000e+03 6.895999999999999908e-01
1.400000000000000000e+01 6.899999999999999467e-01
1.000000000000000000e+00 6.904000000000000137e-01
0.000000000000000000e+00 6.907999999999999696e-01
4.380000000000000000e+02 6.912000000000000366e-01
6.000000000000000000e+00 6.915999999999999925e-01
5.000000000000000000e+00 6.919999999999999485e-01
8.000000000000000000e+00 6.912000000000000366e-01
0.000000000000000000e+00 6.915999999999999925e-01
1.000000000000000000e+00 6.919999999999999485e-01
1.930000000000000000e+02 6.924000000000000155e-01
5.000000000000000000e+00 6.927999999999999714e-01
4.000000000000000000e+00 6.932000000000000384e-01
2.000000000000000000e+00 6.935999999999999943e-01
0.000000000000000000e+00 6.935999999999999943e-01
1.400000000000000000e+01 6.939999999999999503e-01
2.000000000000000000e+00 6.944000000000000172e-01
3.000000000000000000e+00 6.944000000000000172e-01
2.000000000000000000e+00 6.944000000000000172e-01
8.180000000000000000e+02 6.947999999999999732e-01
0.000000000000000000e+00 6.939999999999999503e-01
1.130000000000000000e+02 6.944000000000000172e-01
3.000000000000000000e+00 6.947999999999999732e-01
9.000000000000000000e+00 6.952000000000000401e-01
1.000000000000000000e+00 6.955999999999999961e-01
4.000000000000000000e+00 6.959999999999999520e-01
0.000000000000000000e+00 6.964000000000000190e-01
4.000000000000000000e+01 6.967999999999999750e-01
1.540000000000000000e+02 6.972000000000000419e-01
1.000000000000000000e+01 6.975999999999999979e-01
1.020000000000000000e+02 6.979999999999999538e-01
5.142000000000000000e+03 6.979999999999999538e-01
0.000000000000000000e+00 6.935999999999999943e-01
3.500000000000000000e+01 6.939999999999999503e-01
1.710000000000000000e+02 6.927999999999999714e-01
0.000000000000000000e+00 6.932000000000000384e-01
0.000000000000000000e+00 6.935999999999999943e-01
0.000000000000000000e+00 6.939999999999999503e-01
0.000000000000000000e+00 6.944000000000000172e-01
6.700000000000000000e+01 6.947999999999999732e-01
8.000000000000000000e+00 6.952000000000000401e-01
4.000000000000000000e+00 6.955999999999999961e-01
4.000000000000000000e+00 6.959999999999999520e-01
0.000000000000000000e+00 6.964000000000000190e-01
2.000000000000000000e+00 6.967999999999999750e-01
2.000000000000000000e+00 6.972000000000000419e-01
8.000000000000000000e+00 6.975999999999999979e-01
2.000000000000000000e+00 6.979999999999999538e-01
2.060000000000000000e+02 6.984000000000000208e-01
8.000000000000000000e+00 6.987999999999999767e-01
8.000000000000000000e+00 6.992000000000000437e-01
6.000000000000000000e+00 6.995999999999999996e-01
1.345000000000000000e+03 6.999999999999999556e-01
1.000000000000000000e+00 6.967999999999999750e-01
4.000000000000000000e+00 6.972000000000000419e-01
5.900000000000000000e+01 6.975999999999999979e-01
0.000000000000000000e+00 6.979999999999999538e-01
1.500000000000000000e+02 6.984000000000000208e-01
0.000000000000000000e+00 6.987999999999999767e-01
0.000000000000000000e+00 6.992000000000000437e-01
0.000000000000000000e+00 6.995999999999999996e-01
1.200000000000000000e+01 6.999999999999999556e-01
6.450000000000000000e+02 7.004000000000000226e-01
2.000000000000000000e+00 7.007999999999999785e-01
3.800000000000000000e+01 7.012000000000000455e-01
0.000000000000000000e+00 7.016000000000000014e-01
0.000000000000000000e+00 7.019999999999999574e-01
0.000000000000000000e+00 7.024000000000000243e-01
0.000000000000000000e+00 7.027999999999999803e-01
1.600000000000000000e+01 7.032000000000000473e-01
5.030000000000000000e+02 7.027999999999999803e-01
3.300000000000000000e+01 7.024000000000000243e-01
0.000000000000000000e+00 7.027999999999999803e-01
3.500000000000000000e+01 7.032000000000000473e-01
2.000000000000000000e+00 7.036000000000000032e-01
0.000000000000000000e+00 7.039999999999999591e-01
3.500000000000000000e+01 7.044000000000000261e-01
5.700000000000000000e+01 7.039999999999999591e-01
2.150000000000000000e+02 7.044000000000000261e-01
1.000000000000000000e+01 7.027999999999999803e-01
2.600000000000000000e+01 7.032000000000000473e-01
2.473000000000000000e+03 7.036000000000000032e-01
6.000000000000000000e+00 6.987999999999999767e-01
2.000000000000000000e+00 6.987999999999999767e-01
7.640000000000000000e+02 6.992000000000000437e-01
0.000000000000000000e+00 6.995999999999999996e-01
0.000000000000000000e+00 6.999999999999999556e-01
0.000000000000000000e+00 7.004000000000000226e-01
2.200000000000000000e+01 7.007999999999999785e-01
1.700000000000000000e+01 7.012000000000000455e-01
0.000000000000000000e+00 7.016000000000000014e-01
0.000000000000000000e+00 7.019999999999999574e-01
0.000000000000000000e+00 7.024000000000000243e-01
6.500000000000000000e+01 7.027999999999999803e-01
4.000000000000000000e+00 7.019999999999999574e-01
2.770000000000000000e+02 7.024000000000000243e-01
0.000000000000000000e+00 7.027999999999999803e-01
0.000000000000000000e+00 7.032000000000000473e-01
0.000000000000000000e+00 7.036000000000000032e-01
1.000000000000000000e+00 7.039999999999999591e-01
2.434000000000000000e+03 7.044000000000000261e-01
0.000000000000000000e+00 7.047999999999999821e-01
2.500000000000000000e+01 7.052000000000000490e-01
1.796000000000000000e+03 7.056000000000000050e-01
3.000000000000000000e+02 7.027999999999999803e-01
1.000000000000000000e+00 7.007999999999999785e-01
0.000000000000000000e+00 7.012000000000000455e-01
1.600000000000000000e+01 7.016000000000000014e-01
1.900000000000000000e+01 7.016000000000000014e-01
0.000000000000000000e+00 7.016000000000000014e-01
6.000000000000000000e+00 7.019999999999999574e-01
0.000000000000000000e+00 7.024000000000000243e-01
5.485000000000000000e+03 7.027999999999999803e-01
3.980000000000000000e+02 6.887999999999999678e-01
0.000000000000000000e+00 6.884000000000000119e-01
0.000000000000000000e+00 6.887999999999999678e-01
2.960000000000000000e+02 6.892000000000000348e-01
0.000000000000000000e+00 6.895999999999999908e-01
0.000000000000000000e+00 6.899999999999999467e-01
1.600000000000000000e+01 6.904000000000000137e-01
0.000000000000000000e+00 6.907999999999999696e-01
1.000000000000000000e+00 6.912000000000000366e-01
1.000000000000000000e+00 6.915999999999999925e-01
1.769000000000000000e+03 6.919999999999999485e-01
1.100000000000000000e+01 6.875999999999999890e-01
8.000000000000000000e+00 6.879999999999999449e-01
3.000000000000000000e+00 6.884000000000000119e-01
0.000000000000000000e+00 6.887999999999999678e-01
0.000000000000000000e+00 6.892000000000000348e-01
8.000000000000000000e+00 6.895999999999999908e-01
0.000000000000000000e+00 6.899999999999999467e-01
1.400000000000000000e+01 6.904000000000000137e-01
0.000000000000000000e+00 6.907999999999999696e-01
5.560000000000000000e+02 6.912000000000000366e-01
9.100000000000000000e+02 6.912000000000000366e-01
0.000000000000000000e+00 6.915999999999999925e-01
0.000000000000000000e+00 6.919999999999999485e-01
0.000000000000000000e+00 6.924000000000000155e-01
0.000000000000000000e+00 6.927999999999999714e-01
0.000000000000000000e+00 6.932000000000000384e-01
3.000000000000000000e+00 6.935999999999999943e-01
0.000000000000000000e+00 6.935999999999999943e-01
3.400000000000000000e+01 6.939999999999999503e-01
3.900000000000000000e+01 6.935999999999999943e-01
1.300000000000000000e+01 6.924000000000000155e-01
4.000000000000000000e+00 6.927999999999999714e-01
2.000000000000000000e+01 6.932000000000000384e-01
0.000000000000000000e+00 6.935999999999999943e-01
6.000000000000000000e+00 6.939999999999999503e-01
0.000000000000000000e+00 6.944000000000000172e-01
0.000000000000000000e+00 6.947999999999999732e-01
1.500000000000000000e+01 6.952000000000000401e-01
0.000000000000000000e+00 6.955999999999999961e-01
2.600000000000000000e+02 6.959999999999999520e-01
0.000000000000000000e+00 6.955999999999999961e-01
4.540000000000000000e+02 6.959999999999999520e-01
1.900000000000000000e+01 6.964000000000000190e-01
1.350000000000000000e+02 6.959999999999999520e-01
1.500000000000000000e+01 6.964000000000000190e-01
0.000000000000000000e+00 6.959999999999999520e-01
2.200000000000000000e+01 6.964000000000000190e-01
5.000000000000000000e+00 6.967999999999999750e-01
4.000000000000000000e+00 6.972000000000000419e-01
0.000000000000000000e+00 6.975999999999999979e-01
0.000000000000000000e+00 6.979999999999999538e-01
0.000000000000000000e+00 6.984000000000000208e-01
2.000000000000000000e+00 6.987999999999999767e-01
1.000000000000000000e+01 6.992000000000000437e-01
1.100000000000000000e+01 6.995999999999999996e-01
0.000000000000000000e+00 6.999999999999999556e-01
2.000000000000000000e+00 7.004000000000000226e-01
0.000000000000000000e+00 7.004000000000000226e-01
0.000000000000000000e+00 7.007999999999999785e-01
1.300000000000000000e+01 7.012000000000000455e-01
2.000000000000000000e+00 7.016000000000000014e-01
3.900000000000000000e+01 7.012000000000000455e-01
4.297000000000000000e+03 6.995999999999999996e-01
3.860000000000000000e+02 6.952000000000000401e-01
0.000000000000000000e+00 6.947999999999999732e-01
0.000000000000000000e+00 6.952000000000000401e-01
0.000000000000000000e+00 6.955999999999999961e-01
1.000000000000000000e+00 6.959999999999999520e-01
5.000000000000000000e+00 6.964000000000000190e-01
2.000000000000000000e+00 6.967999999999999750e-01
0.000000000000000000e+00 6.972000000000000419e-01
2.100000000000000000e+01 6.975999999999999979e-01
0.000000000000000000e+00 6.972000000000000419e-01
2.580000000000000000e+02 6.975999999999999979e-01
5.100000000000000000e+01 6.979999999999999538e-01
0.000000000000000000e+00 6.984000000000000208e-01
6.000000000000000000e+00 6.987999999999999767e-01
3.474000000000000000e+03 6.992000000000000437e-01
1.000000000000000000e+00 6.899999999999999467e-01
1.330000000000000000e+02 6.904000000000000137e-01
8.700000000000000000e+01 6.895999999999999908e-01
0.000000000000000000e+00 6.895999999999999908e-01
0.000000000000000000e+00 6.899999999999999467e-01
1.000000000000000000e+00 6.904000000000000137e-01
6.200000000000000000e+01 6.907999999999999696e-01
5.000000000000000000e+00 6.912000000000000366e-01
0.000000000000000000e+00 6.915999999999999925e-01
0.000000000000000000e+00 6.919999999999999485e-01
6.000000000000000000e+00 6.924000000000000155e-01
0.000000000000000000e+00 6.927999999999999714e-01
9.620000000000000000e+02 6.932000000000000384e-01
4.000000000000000000e+00 6.924000000000000155e-01
0.000000000000000000e+00 6.927999999999999714e-01
0.000000000000000000e+00 6.932000000000000384e-01
1.300000000000000000e+01 6.935999999999999943e-01
2.900000000000000000e+01 6.935999999999999943e-01
1.000000000000000000e+00 6.939999999999999503e-01
3.700000000000000000e+01 6.944000000000000172e-01
1.200000000000000000e+01 6.944000000000000172e-01
3.200000000000000000e+01 6.947999999999999732e-01
5.000000000000000000e+00 6.935999999999999943e-01
1.050000000000000000e+02 6.935999999999999943e-01
2.500000000000000000e+01 6.939999999999999503e-01
2.000000000000000000e+00 6.944000000000000172e-01
3.000000000000000000e+01 6.947999999999999732e-01
6.300000000000000000e+01 6.944000000000000172e-01
1.000000000000000000e+00 6.947999999999999732e-01
8.000000000000000000e+00 6.952000000000000401e-01
3.200000000000000000e+01 6.955999999999999961e-01
0.000000000000000000e+00 6.959999999999999520e-01
6.000000000000000000e+00 6.964000000000000190e-01
2.000000000000000000e+00 6.964000000000000190e-01
1.600000000000000000e+01 6.967999999999999750e-01
1.100000000000000000e+01 6.972000000000000419e-01
0.000000000000000000e+00 6.972000000000000419e-01
3.970000000000000000e+02 6.975999999999999979e-01
6.000000000000000000e+00 6.967999999999999750e-01
9.000000000000000000e+00 6.972000000000000419e-01
4.000000000000000000e+00 6.975999999999999979e-01
4.000000000000000000e+00 6.979999999999999538e-01
1.300000000000000000e+01 6.984000000000000208e-01
0.000000000000000000e+00 6.987999999999999767e-01
2.000000000000000000e+00 6.992000000000000437e-01
0.000000000000000000e+00 6.995999999999999996e-01
2.100000000000000000e+01 6.999999999999999556e-01
0.000000000000000000e+00 7.004000000000000226e-01
3.400000000000000000e+01 7.007999999999999785e-01
2.000000000000000000e+00 7.007999999999999785e-01
0.000000000000000000e+00 7.012000000000000455e-01
1.950000000000000000e+02 7.016000000000000014e-01
2.260000000000000000e+02 7.004000000000000226e-01
2.000000000000000000e+00 6.964000000000000190e-01
0.000000000000000000e+00 6.967999999999999750e-01
0.000000000000000000e+00 6.972000000000000419e-01
4.000000000000000000e+00 6.975999999999999979e-01
1.000000000000000000e+00 6.975999999999999979e-01
0.000000000000000000e+00 6.979999999999999538e-01
0.000000000000000000e+00 6.984000000000000208e-01
1.396000000000000000e+03 6.987999999999999767e-01
2.000000000000000000e+00 6.964000000000000190e-01
0.000000000000000000e+00 6.967999999999999750e-01
9.490000000000000000e+02 6.972000000000000419e-01
0.000000000000000000e+00 6.967999999999999750e-01
1.500000000000000000e+01 6.972000000000000419e-01
0.000000000000000000e+00 6.972000000000000419e-01
2.100000000000000000e+01 6.975999999999999979e-01
1.700000000000000000e+01 6.979999999999999538e-01
0.000000000000000000e+00 6.984000000000000208e-01
0.000000000000000000e+00 6.987999999999999767e-01
1.000000000000000000e+01 6.992000000000000437e-01
0.000000000000000000e+00 6.995999999999999996e-01
0.000000000000000000e+00 6.999999999999999556e-01
3.000000000000000000e+00 7.004000000000000226e-01
3.220000000000000000e+02 7.007999999999999785e-01
1.340000000000000000e+02 7.012000000000000455e-01
0.000000000000000000e+00 6.999999999999999556e-01
9.000000000000000000e+00 7.004000000000000226e-01
0.000000000000000000e+00 7.007999999999999785e-01
2.500000000000000000e+02 7.012000000000000455e-01
6.700000000000000000e+01 7.016000000000000014e-01
0.000000000000000000e+00 6.995999999999999996e-01
4.600000000000000000e+01 6.999999999999999556e-01
9.000000000000000000e+00 6.984000000000000208e-01
1.023000000000000000e+03 6.987999999999999767e-01
6.000000000000000000e+00 6.972000000000000419e-01
7.600000000000000000e+01 6.975999999999999979e-01
3.000000000000000000e+00 6.979999999999999538e-01
8.900000000000000000e+01 6.984000000000000208e-01
2.000000000000000000e+00 6.975999999999999979e-01
1.000000000000000000e+00 6.979999999999999538e-01
1.734000000000000000e+03 6.979999999999999538e-01
0.000000000000000000e+00 6.932000000000000384e-01
0.000000000000000000e+00 6.935999999999999943e-01
1.100000000000000000e+01 6.939999999999999503e-01
0.000000000000000000e+00 6.932000000000000384e-01
0.000000000000000000e+00 6.935999999999999943e-01
5.000000000000000000e+00 6.939999999999999503e-01
1.200000000000000000e+01 6.944000000000000172e-01
2.000000000000000000e+00 6.947999999999999732e-01
1.060000000000000000e+02 6.952000000000000401e-01
1.500000000000000000e+01 6.955999999999999961e-01
1.000000000000000000e+00 6.952000000000000401e-01
1.846000000000000000e+03 6.955999999999999961e-01
1.000000000000000000e+00 6.955999999999999961e-01
4.000000000000000000e+00 6.959999999999999520e-01
1.100000000000000000e+01 6.964000000000000190e-01
3.800000000000000000e+01 6.967999999999999750e-01
5.000000000000000000e+00 6.972000000000000419e-01
2.930000000000000000e+02 6.975999999999999979e-01
0.000000000000000000e+00 6.939999999999999503e-01
3.000000000000000000e+00 6.944000000000000172e-01
0.000000000000000000e+00 6.947999999999999732e-01
0.000000000000000000e+00 6.952000000000000401e-01
1.000000000000000000e+00 6.955999999999999961e-01
9.000000000000000000e+00 6.959999999999999520e-01
0.000000000000000000e+00 6.964000000000000190e-01
2.000000000000000000e+00 6.967999999999999750e-01
0.000000000000000000e+00 6.972000000000000419e-01
2.070000000000000000e+02 6.975999999999999979e-01
4.030000000000000000e+02 6.975999999999999979e-01
1.900000000000000000e+01 6.947999999999999732e-01
9.000000000000000000e+00 6.952000000000000401e-01
1.522000000000000000e+03 6.955999999999999961e-01
0.000000000000000000e+00 6.959999999999999520e-01
8.000000000000000000e+00 6.964000000000000190e-01
0.000000000000000000e+00 6.959999999999999520e-01
1.506000000000000000e+03 6.964000000000000190e-01
2.000000000000000000e+00 6.955999999999999961e-01
1.800000000000000000e+01 6.959999999999999520e-01
0.000000000000000000e+00 6.959999999999999520e-01
5.000000000000000000e+00 6.964000000000000190e-01
2.600000000000000000e+01 6.967999999999999750e-01
4.690000000000000000e+02 6.972000000000000419e-01
2.000000000000000000e+00 6.975999999999999979e-01
1.856000000000000000e+03 6.979999999999999538e-01
5.300000000000000000e+02 6.972000000000000419e-01
7.400000000000000000e+01 6.975999999999999979e-01
5.750000000000000000e+02 6.947999999999999732e-01
2.500000000000000000e+01 6.952000000000000401e-01
4.000000000000000000e+00 6.955999999999999961e-01
6.000000000000000000e+00 6.959999999999999520e-01
2.000000000000000000e+01 6.964000000000000190e-01
6.000000000000000000e+00 6.967999999999999750e-01
0.000000000000000000e+00 6.964000000000000190e-01
0.000000000000000000e+00 6.967999999999999750e-01
5.000000000000000000e+00 6.972000000000000419e-01
4.000000000000000000e+00 6.975999999999999979e-01
1.100000000000000000e+01 6.979999999999999538e-01
9.300000000000000000e+01 6.984000000000000208e-01
0.000000000000000000e+00 6.987999999999999767e-01
9.000000000000000000e+00 6.992000000000000437e-01
1.700000000000000000e+01 6.979999999999999538e-01
1.000000000000000000e+00 6.984000000000000208e-01
0.000000000000000000e+00 6.987999999999999767e-01
5.300000000000000000e+01 6.992000000000000437e-01
0.000000000000000000e+00 6.992000000000000437e-01
5.000000000000000000e+00 6.995999999999999996e-01
5.230000000000000000e+02 6.999999999999999556e-01
0.000000000000000000e+00 6.964000000000000190e-01
4.000000000000000000e+00 6.967999999999999750e-01
5.000000000000000000e+00 6.972000000000000419e-01
0.000000000000000000e+00 6.975999999999999979e-01
6.000000000000000000e+00 6.979999999999999538e-01
0.000000000000000000e+00 6.984000000000000208e-01
0.000000000000000000e+00 6.987999999999999767e-01
1.100000000000000000e+01 6.992000000000000437e-01
0.000000000000000000e+00 6.995999999999999996e-01
4.000000000000000000e+00 6.999999999999999556e-01
0.000000000000000000e+00 7.004000000000000226e-01
0.000000000000000000e+00 7.007999999999999785e-01
3.640000000000000000e+02 7.012000000000000455e-01
2.000000000000000000e+00 6.999999999999999556e-01
3.652000000000000000e+03 7.004000000000000226e-01
0.000000000000000000e+00 6.947999999999999732e-01
0.000000000000000000e+00 6.952000000000000401e-01
1.050000000000000000e+02 6.955999999999999961e-01
1.020000000000000000e+02 6.959999999999999520e-01
0.000000000000000000e+00 6.964000000000000190e-01
8.000000000000000000e+00 6.967999999999999750e-01
2.600000000000000000e+01 6.967999999999999750e-01
1.120000000000000000e+02 6.959999999999999520e-01
1.000000000000000000e+00 6.964000000000000190e-01
2.220000000000000000e+03 6.967999999999999750e-01
0.000000000000000000e+00 6.972000000000000419e-01
0.000000000000000000e+00 6.975999999999999979e-01
1.200000000000000000e+01 6.979999999999999538e-01
3.540000000000000000e+02 6.984000000000000208e-01
3.290000000000000000e+02 6.975999999999999979e-01
2.000000000000000000e+00 6.979999999999999538e-01
0.000000000000000000e+00 6.984000000000000208e-01
8.100000000000000000e+01 6.987999999999999767e-01
1.000000000000000000e+00 6.979999999999999538e-01
5.000000000000000000e+00 6.984000000000000208e-01
8.000000000000000000e+00 6.987999999999999767e-01
1.200000000000000000e+01 6.992000000000000437e-01
0.000000000000000000e+00 6.995999999999999996e-01
8.100000000000000000e+02 6.999999999999999556e-01
0.000000000000000000e+00 6.952000000000000401e-01
0.000000000000000000e+00 6.955999999999999961e-01
2.000000000000000000e+01 6.959999999999999520e-01
1.500000000000000000e+01 6.964000000000000190e-01
0.000000000000000000e+00 6.967999999999999750e-01
4.000000000000000000e+00 6.972000000000000419e-01
5.800000000000000000e+02 6.975999999999999979e-01
4.100000000000000000e+01 6.972000000000000419e-01
0.000000000000000000e+00 6.975999999999999979e-01
0.000000000000000000e+00 6.979999999999999538e-01
0.000000000000000000e+00 6.984000000000000208e-01
7.370000000000000000e+02 6.987999999999999767e-01
1.000000000000000000e+00 6.984000000000000208e-01
0.000000000000000000e+00 6.987999999999999767e-01
1.000000000000000000e+00 6.992000000000000437e-01
0.000000000000000000e+00 6.995999999999999996e-01
5.500000000000000000e+01 6.999999999999999556e-01
4.172000000000000000e+03 7.004000000000000226e-01
0.000000000000000000e+00 6.912000000000000366e-01
0.000000000000000000e+00 6.915999999999999925e-01
1.060000000000000000e+02 6.919999999999999485e-01
0.000000000000000000e+00 6.924000000000000155e-01
2.000000000000000000e+00 6.927999999999999714e-01
0.000000000000000000e+00 6.932000000000000384e-01
0.000000000000000000e+00 6.935999999999999943e-01
1.530000000000000000e+02 6.939999999999999503e-01
0.000000000000000000e+00 6.944000000000000172e-01
5.000000000000000000e+00 6.947999999999999732e-01
8.100000000000000000e+01 6.952000000000000401e-01
0.000000000000000000e+00 6.955999999999999961e-01
2.800000000000000000e+02 6.959999999999999520e-01
0.000000000000000000e+00 6.955999999999999961e-01
3.300000000000000000e+01 6.959999999999999520e-01
2.000000000000000000e+00 6.964000000000000190e-01
1.000000000000000000e+00 6.964000000000000190e-01
0.000000000000000000e+00 6.967999999999999750e-01
2.000000000000000000e+00 6.972000000000000419e-01
0.000000000000000000e+00 6.975999999999999979e-01
1.290000000000000000e+02 6.979999999999999538e-01
1.200000000000000000e+01 6.984000000000000208e-01
2.600000000000000000e+01 6.987999999999999767e-01
0.000000000000000000e+00 6.987999999999999767e-01
2.080000000000000000e+02 6.992000000000000437e-01
1.840000000000000000e+02 6.995999999999999996e-01
0.000000000000000000e+00 6.975999999999999979e-01
3.000000000000000000e+01 6.979999999999999538e-01
0.000000000000000000e+00 6.984000000000000208e-01
3.300000000000000000e+01 6.987999999999999767e-01
5.700000000000000000e+01 6.975999999999999979e-01
3.000000000000000000e+00 6.979999999999999538e-01
6.000000000000000000e+00 6.975999999999999979e-01
3.700000000000000000e+01 6.979999999999999538e-01
1.000000000000000000e+01 6.984000000000000208e-01
1.900000000000000000e+01 6.984000000000000208e-01
2.000000000000000000e+00 6.987999999999999767e-01
2.000000000000000000e+00 6.992000000000000437e-01
0.000000000000000000e+00 6.992000000000000437e-01
4.000000000000000000e+00 6.995999999999999996e-01
1.000000000000000000e+00 6.999999999999999556e-01
0.000000000000000000e+00 7.004000000000000226e-01
6.600000000000000000e+01 7.007999999999999785e-01
1.000000000000000000e+00 7.012000000000000455e-01
3.000000000000000000e+00 7.016000000000000014e-01
0.000000000000000000e+00 7.016000000000000014e-01
1.000000000000000000e+00 7.019999999999999574e-01
2.778000000000000000e+03 7.024000000000000243e-01
2.000000000000000000e+00 6.964000000000000190e-01
3.440000000000000000e+02 6.967999999999999750e-01
0.000000000000000000e+00 6.972000000000000419e-01
9.000000000000000000e+00 6.975999999999999979e-01
8.000000000000000000e+00 6.975999999999999979e-01
5.000000000000000000e+00 6.979999999999999538e-01
6.000000000000000000e+00 6.984000000000000208e-01
0.000000000000000000e+00 6.987999999999999767e-01
0.000000000000000000e+00 6.992000000000000437e-01
1.000000000000000000e+00 6.995999999999999996e-01
0.000000000000000000e+00 6.999999999999999556e-01
9.480000000000000000e+02 7.004000000000000226e-01
2.510000000000000000e+02 7.007999999999999785e-01
1.100000000000000000e+01 7.012000000000000455e-01
1.680000000000000000e+02 7.016000000000000014e-01
1.000000000000000000e+00 6.999999999999999556e-01
0.000000000000000000e+00 7.004000000000000226e-01
2.700000000000000000e+01 7.007999999999999785e-01
5.000000000000000000e+00 7.004000000000000226e-01
1.000000000000000000e+00 7.004000000000000226e-01
0.000000000000000000e+00 7.007999999999999785e-01
1.300000000000000000e+01 7.012000000000000455e-01
4.290000000000000000e+02 7.016000000000000014e-01
1.530000000000000000e+02 7.004000000000000226e-01
2.300000000000000000e+01 7.007999999999999785e-01
0.000000000000000000e+00 6.999999999999999556e-01
6.000000000000000000e+00 7.004000000000000226e-01
4.200000000000000000e+01 7.007999999999999785e-01
1.000000000000000000e+00 6.995999999999999996e-01
2.060000000000000000e+02 6.992000000000000437e-01
3.400000000000000000e+01 6.987999999999999767e-01
0.000000000000000000e+00 6.992000000000000437e-01
0.000000000000000000e+00 6.995999999999999996e-01
2.620000000000000000e+02 6.999999999999999556e-01
0.000000000000000000e+00 6.992000000000000437e-01
0.000000000000000000e+00 6.995999999999999996e-01
0.000000000000000000e+00 6.999999999999999556e-01
1.680000000000000000e+02 7.004000000000000226e-01
3.850000000000000000e+02 7.007999999999999785e-01
0.000000000000000000e+00 7.004000000000000226e-01
3.300000000000000000e+01 7.007999999999999785e-01
1.400000000000000000e+01 7.012000000000000455e-01
0.000000000000000000e+00 7.016000000000000014e-01
6.062000000000000000e+03 7.019999999999999574e-01
2.400000000000000000e+01 6.972000000000000419e-01
3.000000000000000000e+01 6.972000000000000419e-01
0.000000000000000000e+00 6.975999999999999979e-01
4.000000000000000000e+00 6.979999999999999538e-01
0.000000000000000000e+00 6.984000000000000208e-01
6.000000000000000000e+00 6.987999999999999767e-01
0.000000000000000000e+00 6.992000000000000437e-01
0.000000000000000000e+00 6.995999999999999996e-01
3.739000000000000000e+03 6.999999999999999556e-01
9.500000000000000000e+01 6.955999999999999961e-01
0.000000000000000000e+00 6.959999999999999520e-01
7.000000000000000000e+00 6.964000000000000190e-01
2.628000000000000000e+03 6.967999999999999750e-01
0.000000000000000000e+00 6.935999999999999943e-01
2.700000000000000000e+01 6.939999999999999503e-01
1.720000000000000000e+02 6.939999999999999503e-01
0.000000000000000000e+00 6.944000000000000172e-01
4.800000000000000000e+01 6.947999999999999732e-01
5.000000000000000000e+00 6.952000000000000401e-01
3.200000000000000000e+01 6.944000000000000172e-01
2.320000000000000000e+02 6.935999999999999943e-01
0.000000000000000000e+00 6.919999999999999485e-01
3.000000000000000000e+00 6.924000000000000155e-01
3.700000000000000000e+01 6.927999999999999714e-01
0.000000000000000000e+00 6.924000000000000155e-01
8.000000000000000000e+00 6.927999999999999714e-01
5.450000000000000000e+02 6.932000000000000384e-01
2.000000000000000000e+00 6.915999999999999925e-01
3.600000000000000000e+01 6.919999999999999485e-01
7.000000000000000000e+00 6.924000000000000155e-01
6.000000000000000000e+00 6.927999999999999714e-01
6.000000000000000000e+00 6.927999999999999714e-01
1.000000000000000000e+01 6.932000000000000384e-01
0.000000000000000000e+00 6.935999999999999943e-01
0.000000000000000000e+00 6.939999999999999503e-01
0.000000000000000000e+00 6.944000000000000172e-01
0.000000000000000000e+00 6.947999999999999732e-01
0.000000000000000000e+00 6.952000000000000401e-01
0.000000000000000000e+00 6.955999999999999961e-01
7.900000000000000000e+01 6.959999999999999520e-01
0.000000000000000000e+00 6.964000000000000190e-01
1.000000000000000000e+00 6.967999999999999750e-01
1.500000000000000000e+01 6.972000000000000419e-01
0.000000000000000000e+00 6.975999999999999979e-01
0.000000000000000000e+00 6.979999999999999538e-01
3.200000000000000000e+01 6.984000000000000208e-01
1.000000000000000000e+00 6.987999999999999767e-01
2.690000000000000000e+02 6.992000000000000437e-01
1.300000000000000000e+01 6.984000000000000208e-01
3.200000000000000000e+02 6.984000000000000208e-01
0.000000000000000000e+00 6.975999999999999979e-01
1.000000000000000000e+01 6.979999999999999538e-01
1.160000000000000000e+02 6.984000000000000208e-01
1.290000000000000000e+02 6.987999999999999767e-01
3.300000000000000000e+01 6.992000000000000437e-01
1.320000000000000000e+02 6.995999999999999996e-01
0.000000000000000000e+00 6.999999999999999556e-01
4.000000000000000000e+00 7.004000000000000226e-01
0.000000000000000000e+00 7.007999999999999785e-01
0.000000000000000000e+00 7.012000000000000455e-01
2.470000000000000000e+02 7.016000000000000014e-01
1.500000000000000000e+02 7.007999999999999785e-01
2.000000000000000000e+00 7.012000000000000455e-01
1.100000000000000000e+01 7.016000000000000014e-01
7.000000000000000000e+00 7.016000000000000014e-01
6.000000000000000000e+00 7.019999999999999574e-01
0.000000000000000000e+00 7.024000000000000243e-01
0.000000000000000000e+00 7.027999999999999803e-01
7.000000000000000000e+00 7.032000000000000473e-01
0.000000000000000000e+00 7.036000000000000032e-01
8.300000000000000000e+01 7.039999999999999591e-01
0.000000000000000000e+00 7.036000000000000032e-01
0.000000000000000000e+00 7.039999999999999591e-01
5.000000000000000000e+00 7.044000000000000261e-01
0.000000000000000000e+00 7.036000000000000032e-01
4.000000000000000000e+00 7.039999999999999591e-01
0.000000000000000000e+00 7.044000000000000261e-01
2.550000000000000000e+03 7.047999999999999821e-01
3.000000000000000000e+00 7.052000000000000490e-01
0.000000000000000000e+00 7.056000000000000050e-01
1.558000000000000000e+03 7.059999999999999609e-01
0.000000000000000000e+00 7.064000000000000279e-01
7.244000000000000000e+03 7.067999999999999838e-01
2.100000000000000000e+01 6.975999999999999979e-01
1.000000000000000000e+00 6.967999999999999750e-01
3.000000000000000000e+00 6.972000000000000419e-01
2.672000000000000000e+03 6.975999999999999979e-01
2.000000000000000000e+00 6.872000000000000330e-01
0.000000000000000000e+00 6.875999999999999890e-01
1.400000000000000000e+01 6.879999999999999449e-01
1.000000000000000000e+01 6.884000000000000119e-01
1.650000000000000000e+02 6.887999999999999678e-01
3.180000000000000000e+02 6.872000000000000330e-01
0.000000000000000000e+00 6.867999999999999661e-01
1.000000000000000000e+00 6.872000000000000330e-01
2.000000000000000000e+00 6.875999999999999890e-01
0.000000000000000000e+00 6.879999999999999449e-01
3.700000000000000000e+01 6.884000000000000119e-01
1.600000000000000000e+01 6.875999999999999890e-01
1.700000000000000000e+01 6.879999999999999449e-01
2.900000000000000000e+01 6.879999999999999449e-01
0.000000000000000000e+00 6.884000000000000119e-01
0.000000000000000000e+00 6.887999999999999678e-01
2.000000000000000000e+00 6.892000000000000348e-01
1.200000000000000000e+01 6.895999999999999908e-01
1.180000000000000000e+02 6.899999999999999467e-01
5.000000000000000000e+00 6.904000000000000137e-01
2.200000000000000000e+01 6.907999999999999696e-01
0.000000000000000000e+00 6.912000000000000366e-01
1.000000000000000000e+01 6.915999999999999925e-01
2.500000000000000000e+01 6.919999999999999485e-01
2.093000000000000000e+03 6.924000000000000155e-01
7.000000000000000000e+00 6.875999999999999890e-01
1.579000000000000000e+03 6.879999999999999449e-01
2.000000000000000000e+00 6.872000000000000330e-01
1.800000000000000000e+01 6.875999999999999890e-01
0.000000000000000000e+00 6.867999999999999661e-01
1.000000000000000000e+01 6.872000000000000330e-01
0.000000000000000000e+00 6.875999999999999890e-01
3.340000000000000000e+02 6.879999999999999449e-01
2.100000000000000000e+01 6.867999999999999661e-01
0.000000000000000000e+00 6.872000000000000330e-01
0.000000000000000000e+00 6.875999999999999890e-01
0.000000000000000000e+00 6.879999999999999449e-01
2.400000000000000000e+01 6.884000000000000119e-01
0.000000000000000000e+00 6.887999999999999678e-01
6.100000000000000000e+01 6.892000000000000348e-01
1.000000000000000000e+00 6.895999999999999908e-01
5.000000000000000000e+00 6.895999999999999908e-01
0.000000000000000000e+00 6.899999999999999467e-01
1.000000000000000000e+00 6.904000000000000137e-01
5.000000000000000000e+00 6.907999999999999696e-01
4.670000000000000000e+02 6.912000000000000366e-01
3.000000000000000000e+00 6.899999999999999467e-01
0.000000000000000000e+00 6.904000000000000137e-01
5.700000000000000000e+01 6.907999999999999696e-01
1.205000000000000000e+03 6.912000000000000366e-01
4.920000000000000000e+02 6.915999999999999925e-01
0.000000000000000000e+00 6.919999999999999485e-01
1.600000000000000000e+01 6.924000000000000155e-01
4.000000000000000000e+00 6.927999999999999714e-01
0.000000000000000000e+00 6.932000000000000384e-01
3.000000000000000000e+00 6.935999999999999943e-01
1.020000000000000000e+02 6.939999999999999503e-01
8.000000000000000000e+02 6.944000000000000172e-01
3.000000000000000000e+00 6.947999999999999732e-01
0.000000000000000000e+00 6.952000000000000401e-01
0.000000000000000000e+00 6.955999999999999961e-01
1.431000000000000000e+03 6.959999999999999520e-01
9.000000000000000000e+00 6.895999999999999908e-01
7.800000000000000000e+01 6.895999999999999908e-01
3.000000000000000000e+00 6.899999999999999467e-01
3.200000000000000000e+01 6.904000000000000137e-01
0.000000000000000000e+00 6.907999999999999696e-01
1.000000000000000000e+00 6.912000000000000366e-01
0.000000000000000000e+00 6.915999999999999925e-01
0.000000000000000000e+00 6.919999999999999485e-01
9.400000000000000000e+01 6.924000000000000155e-01
2.100000000000000000e+01 6.927999999999999714e-01
1.800000000000000000e+01 6.932000000000000384e-01
1.000000000000000000e+00 6.935999999999999943e-01
1.400000000000000000e+01 6.939999999999999503e-01
0.000000000000000000e+00 6.944000000000000172e-01
1.600000000000000000e+01 6.947999999999999732e-01
0.000000000000000000e+00 6.952000000000000401e-01
3.000000000000000000e+00 6.955999999999999961e-01
6.600000000000000000e+01 6.959999999999999520e-01
0.000000000000000000e+00 6.964000000000000190e-01
0.000000000000000000e+00 6.967999999999999750e-01
0.000000000000000000e+00 6.972000000000000419e-01
8.000000000000000000e+00 6.975999999999999979e-01
0.000000000000000000e+00 6.979999999999999538e-01
0.000000000000000000e+00 6.984000000000000208e-01
2.000000000000000000e+00 6.987999999999999767e-01
0.000000000000000000e+00 6.984000000000000208e-01
2.000000000000000000e+01 6.987999999999999767e-01
2.000000000000000000e+00 6.992000000000000437e-01
2.000000000000000000e+00 6.987999999999999767e-01
0.000000000000000000e+00 6.992000000000000437e-01
4.730000000000000000e+02 6.995999999999999996e-01
1.700000000000000000e+01 6.999999999999999556e-01
5.200000000000000000e+01 6.995999999999999996e-01
1.600000000000000000e+01 6.999999999999999556e-01
0.000000000000000000e+00 7.004000000000000226e-01
9.100000000000000000e+01 7.007999999999999785e-01
7.227000000000000000e+03 7.012000000000000455e-01
5.000000000000000000e+00 6.912000000000000366e-01
0.000000000000000000e+00 6.915999999999999925e-01
2.000000000000000000e+00 6.919999999999999485e-01
2.000000000000000000e+00 6.924000000000000155e-01
0.000000000000000000e+00 6.927999999999999714e-01
6.000000000000000000e+00 6.932000000000000384e-01
3.025000000000000000e+03 6.935999999999999943e-01
2.000000000000000000e+00 6.864000000000000101e-01
2.000000000000000000e+00 6.867999999999999661e-01
6.000000000000000000e+00 6.872000000000000330e-01
5.750000000000000000e+02 6.875999999999999890e-01
0.000000000000000000e+00 6.875999999999999890e-01
1.130000000000000000e+02 6.879999999999999449e-01
3.000000000000000000e+00 6.884000000000000119e-01
1.978000000000000000e+03 6.887999999999999678e-01
2.000000000000000000e+00 6.892000000000000348e-01
0.000000000000000000e+00 6.895999999999999908e-01
2.000000000000000000e+00 6.899999999999999467e-01
3.600000000000000000e+01 6.899999999999999467e-01
0.000000000000000000e+00 6.904000000000000137e-01
0.000000000000000000e+00 6.907999999999999696e-01
0.000000000000000000e+00 6.912000000000000366e-01
1.990000000000000000e+02 6.915999999999999925e-01
0.000000000000000000e+00 6.907999999999999696e-01
4.000000000000000000e+00 6.912000000000000366e-01
0.000000000000000000e+00 6.915999999999999925e-01
1.850000000000000000e+02 6.919999999999999485e-01
2.000000000000000000e+00 6.912000000000000366e-01
5.000000000000000000e+00 6.915999999999999925e-01
0.000000000000000000e+00 6.912000000000000366e-01
2.400000000000000000e+01 6.915999999999999925e-01
5.200000000000000000e+01 6.919999999999999485e-01
2.000000000000000000e+00 6.924000000000000155e-01
0.000000000000000000e+00 6.927999999999999714e-01
0.000000000000000000e+00 6.932000000000000384e-01
0.000000000000000000e+00 6.935999999999999943e-01
8.000000000000000000e+00 6.939999999999999503e-01
2.873000000000000000e+03 6.939999999999999503e-01
0.000000000000000000e+00 6.907999999999999696e-01
7.000000000000000000e+00 6.912000000000000366e-01
0.000000000000000000e+00 6.907999999999999696e-01
1.490000000000000000e+02 6.912000000000000366e-01
2.000000000000000000e+00 6.907999999999999696e-01
1.770000000000000000e+02 6.912000000000000366e-01
2.100000000000000000e+01 6.904000000000000137e-01
8.000000000000000000e+00 6.907999999999999696e-01
0.000000000000000000e+00 6.912000000000000366e-01
1.300000000000000000e+01 6.915999999999999925e-01
6.010000000000000000e+02 6.919999999999999485e-01
0.000000000000000000e+00 6.904000000000000137e-01
7.000000000000000000e+00 6.907999999999999696e-01
2.000000000000000000e+00 6.912000000000000366e-01
0.000000000000000000e+00 6.915999999999999925e-01
0.000000000000000000e+00 6.919999999999999485e-01
3.000000000000000000e+00 6.924000000000000155e-01
2.000000000000000000e+00 6.927999999999999714e-01
2.000000000000000000e+00 6.932000000000000384e-01
3.000000000000000000e+00 6.935999999999999943e-01
4.000000000000000000e+00 6.939999999999999503e-01
1.060000000000000000e+02 6.944000000000000172e-01
0.000000000000000000e+00 6.944000000000000172e-01
8.000000000000000000e+00 6.947999999999999732e-01
2.500000000000000000e+01 6.939999999999999503e-01
0.000000000000000000e+00 6.944000000000000172e-01
6.400000000000000000e+02 6.947999999999999732e-01
1.000000000000000000e+01 6.944000000000000172e-01
3.000000000000000000e+00 6.947999999999999732e-01
1.480000000000000000e+02 6.944000000000000172e-01
1.900000000000000000e+01 6.932000000000000384e-01
2.040000000000000000e+02 6.935999999999999943e-01
6.000000000000000000e+00 6.939999999999999503e-01
4.000000000000000000e+00 6.944000000000000172e-01
0.000000000000000000e+00 6.947999999999999732e-01
2.141000000000000000e+03 6.952000000000000401e-01
1.260000000000000000e+02 6.927999999999999714e-01
0.000000000000000000e+00 6.919999999999999485e-01
0.000000000000000000e+00 6.924000000000000155e-01
2.000000000000000000e+00 6.927999999999999714e-01
0.000000000000000000e+00 6.932000000000000384e-01
8.000000000000000000e+00 6.935999999999999943e-01
5.400000000000000000e+01 6.932000000000000384e-01
3.176000000000000000e+03 6.927999999999999714e-01
1.000000000000000000e+00 6.895999999999999908e-01
2.000000000000000000e+00 6.895999999999999908e-01
4.000000000000000000e+00 6.899999999999999467e-01
1.000000000000000000e+00 6.904000000000000137e-01
0.000000000000000000e+00 6.907999999999999696e-01
0.000000000000000000e+00 6.912000000000000366e-01
4.000000000000000000e+00 6.915999999999999925e-01
2.000000000000000000e+00 6.915999999999999925e-01
0.000000000000000000e+00 6.919999999999999485e-01
0.000000000000000000e+00 6.924000000000000155e-01
0.000000000000000000e+00 6.927999999999999714e-01
5.000000000000000000e+00 6.932000000000000384e-01
0.000000000000000000e+00 6.935999999999999943e-01
0.000000000000000000e+00 6.939999999999999503e-01
2.000000000000000000e+00 6.944000000000000172e-01
0.000000000000000000e+00 6.947999999999999732e-01
1.400000000000000000e+01 6.952000000000000401e-01
6.300000000000000000e+01 6.939999999999999503e-01
9.000000000000000000e+00 6.944000000000000172e-01
1.690000000000000000e+02 6.947999999999999732e-01
2.000000000000000000e+00 6.952000000000000401e-01
3.770000000000000000e+02 6.955999999999999961e-01
2.000000000000000000e+00 6.915999999999999925e-01
6.500000000000000000e+01 6.919999999999999485e-01
0.000000000000000000e+00 6.899999999999999467e-01
3.310000000000000000e+02 6.904000000000000137e-01
4.500000000000000000e+02 6.887999999999999678e-01
5.100000000000000000e+01 6.875999999999999890e-01
1.260000000000000000e+02 6.879999999999999449e-01
3.380000000000000000e+02 6.884000000000000119e-01
5.800000000000000000e+01 6.887999999999999678e-01
0.000000000000000000e+00 6.892000000000000348e-01
1.200000000000000000e+01 6.895999999999999908e-01
0.000000000000000000e+00 6.892000000000000348e-01
1.400000000000000000e+01 6.895999999999999908e-01
2.790000000000000000e+02 6.899999999999999467e-01
1.000000000000000000e+00 6.904000000000000137e-01
2.000000000000000000e+00 6.907999999999999696e-01
3.800000000000000000e+01 6.912000000000000366e-01
1.220000000000000000e+02 6.915999999999999925e-01
0.000000000000000000e+00 6.919999999999999485e-01
0.000000000000000000e+00 6.924000000000000155e-01
1.000000000000000000e+00 6.927999999999999714e-01
1.000000000000000000e+00 6.932000000000000384e-01
0.000000000000000000e+00 6.935999999999999943e-01
5.072000000000000000e+03 6.939999999999999503e-01
0.000000000000000000e+00 6.884000000000000119e-01
0.000000000000000000e+00 6.887999999999999678e-01
1.900000000000000000e+01 6.892000000000000348e-01
2.820000000000000000e+02 6.895999999999999908e-01
0.000000000000000000e+00 6.884000000000000119e-01
0.000000000000000000e+00 6.887999999999999678e-01
2.910000000000000000e+02 6.892000000000000348e-01
4.500000000000000000e+01 6.895999999999999908e-01
0.000000000000000000e+00 6.899999999999999467e-01
0.000000000000000000e+00 6.904000000000000137e-01
0.000000000000000000e+00 6.907999999999999696e-01
2.100000000000000000e+01 6.912000000000000366e-01
3.246000000000000000e+03 6.915999999999999925e-01
4.000000000000000000e+00 6.864000000000000101e-01
0.000000000000000000e+00 6.867999999999999661e-01
3.400000000000000000e+01 6.872000000000000330e-01
4.000000000000000000e+00 6.867999999999999661e-01
3.800000000000000000e+01 6.872000000000000330e-01
1.300000000000000000e+01 6.875999999999999890e-01
0.000000000000000000e+00 6.879999999999999449e-01
8.000000000000000000e+00 6.884000000000000119e-01
1.560000000000000000e+02 6.887999999999999678e-01
7.000000000000000000e+00 6.864000000000000101e-01
2.000000000000000000e+01 6.864000000000000101e-01
1.000000000000000000e+01 6.867999999999999661e-01
2.590000000000000000e+02 6.864000000000000101e-01
0.000000000000000000e+00 6.867999999999999661e-01
0.000000000000000000e+00 6.872000000000000330e-01
3.000000000000000000e+00 6.875999999999999890e-01
2.000000000000000000e+00 6.879999999999999449e-01
0.000000000000000000e+00 6.884000000000000119e-01
1.000000000000000000e+01 6.887999999999999678e-01
1.500000000000000000e+01 6.892000000000000348e-01
7.000000000000000000e+00 6.887999999999999678e-01
0.000000000000000000e+00 6.892000000000000348e-01
1.600000000000000000e+01 6.895999999999999908e-01
8.000000000000000000e+00 6.899999999999999467e-01
2.000000000000000000e+00 6.892000000000000348e-01
9.300000000000000000e+01 6.895999999999999908e-01
3.900000000000000000e+01 6.899999999999999467e-01
0.000000000000000000e+00 6.904000000000000137e-01
0.000000000000000000e+00 6.907999999999999696e-01
3.900000000000000000e+01 6.912000000000000366e-01
0.000000000000000000e+00 6.912000000000000366e-01
0.000000000000000000e+00 6.915999999999999925e-01
2.480000000000000000e+02 6.919999999999999485e-01
7.000000000000000000e+00 6.912000000000000366e-01
1.220000000000000000e+03 6.912000000000000366e-01
3.500000000000000000e+01 6.899999999999999467e-01
6.000000000000000000e+00 6.904000000000000137e-01
0.000000000000000000e+00 6.907999999999999696e-01
0.000000000000000000e+00 6.912000000000000366e-01
1.000000000000000000e+00 6.915999999999999925e-01
4.000000000000000000e+00 6.919999999999999485e-01
0.000000000000000000e+00 6.924000000000000155e-01
0.000000000000000000e+00 6.927999999999999714e-01
1.900000000000000000e+01 6.932000000000000384e-01
0.000000000000000000e+00 6.935999999999999943e-01
0.000000000000000000e+00 6.939999999999999503e-01
4.200000000000000000e+01 6.944000000000000172e-01
1.750000000000000000e+02 6.947999999999999732e-01
0.000000000000000000e+00 6.952000000000000401e-01
1.000000000000000000e+01 6.955999999999999961e-01
6.000000000000000000e+00 6.959999999999999520e-01
0.000000000000000000e+00 6.964000000000000190e-01
3.775000000000000000e+03 6.967999999999999750e-01
3.000000000000000000e+00 6.895999999999999908e-01
0.000000000000000000e+00 6.899999999999999467e-01
4.000000000000000000e+00 6.904000000000000137e-01
0.000000000000000000e+00 6.907999999999999696e-01
1.000000000000000000e+00 6.912000000000000366e-01
2.000000000000000000e+00 6.915999999999999925e-01
1.000000000000000000e+01 6.919999999999999485e-01
0.000000000000000000e+00 6.924000000000000155e-01
0.000000000000000000e+00 6.927999999999999714e-01
0.000000000000000000e+00 6.932000000000000384e-01
2.000000000000000000e+00 6.935999999999999943e-01
0.000000000000000000e+00 6.939999999999999503e-01
0.000000000000000000e+00 6.944000000000000172e-01
3.000000000000000000e+00 6.947999999999999732e-01
2.100000000000000000e+01 6.952000000000000401e-01
1.800000000000000000e+01 6.947999999999999732e-01
4.430000000000000000e+02 6.952000000000000401e-01
0.000000000000000000e+00 6.947999999999999732e-01
4.000000000000000000e+00 6.952000000000000401e-01
0.000000000000000000e+00 6.955999999999999961e-01
2.000000000000000000e+00 6.959999999999999520e-01
2.000000000000000000e+00 6.964000000000000190e-01
6.500000000000000000e+01 6.967999999999999750e-01
3.000000000000000000e+00 6.972000000000000419e-01
2.700000000000000000e+02 6.975999999999999979e-01
3.730000000000000000e+02 6.979999999999999538e-01
0.000000000000000000e+00 6.984000000000000208e-01
1.000000000000000000e+00 6.987999999999999767e-01
0.000000000000000000e+00 6.992000000000000437e-01
2.400000000000000000e+01 6.995999999999999996e-01
1.800000000000000000e+01 6.999999999999999556e-01
0.000000000000000000e+00 6.999999999999999556e-01
6.000000000000000000e+00 7.004000000000000226e-01
3.300000000000000000e+01 7.007999999999999785e-01
2.000000000000000000e+00 7.012000000000000455e-01
7.600000000000000000e+01 7.016000000000000014e-01
0.000000000000000000e+00 7.019999999999999574e-01
5.100000000000000000e+01 7.024000000000000243e-01
0.000000000000000000e+00 7.024000000000000243e-01
1.120000000000000000e+02 7.027999999999999803e-01
1.800000000000000000e+01 7.024000000000000243e-01
0.000000000000000000e+00 7.016000000000000014e-01
1.620000000000000000e+02 7.019999999999999574e-01
1.490000000000000000e+02 7.024000000000000243e-01
0.000000000000000000e+00 7.027999999999999803e-01
0.000000000000000000e+00 7.032000000000000473e-01
0.000000000000000000e+00 7.036000000000000032e-01
4.800000000000000000e+01 7.039999999999999591e-01
9.700000000000000000e+01 7.039999999999999591e-01
0.000000000000000000e+00 7.044000000000000261e-01
8.910000000000000000e+02 7.047999999999999821e-01
3.500000000000000000e+01 7.044000000000000261e-01
3.900000000000000000e+01 7.039999999999999591e-01
2.600000000000000000e+01 7.044000000000000261e-01
1.000000000000000000e+01 7.044000000000000261e-01
0.000000000000000000e+00 7.044000000000000261e-01
0.000000000000000000e+00 7.047999999999999821e-01
2.000000000000000000e+00 7.052000000000000490e-01
1.050000000000000000e+02 7.056000000000000050e-01
2.000000000000000000e+00 7.059999999999999609e-01
2.200000000000000000e+01 7.064000000000000279e-01
3.000000000000000000e+00 7.059999999999999609e-01
0.000000000000000000e+00 7.064000000000000279e-01
0.000000000000000000e+00 7.067999999999999838e-01
0.000000000000000000e+00 7.072000000000000508e-01
6.500000000000000000e+01 7.076000000000000068e-01
0.000000000000000000e+00 7.059999999999999609e-01
0.000000000000000000e+00 7.064000000000000279e-01
2.000000000000000000e+00 7.067999999999999838e-01
0.000000000000000000e+00 7.072000000000000508e-01
2.100000000000000000e+01 7.076000000000000068e-01
1.000000000000000000e+00 7.079999999999999627e-01
0.000000000000000000e+00 7.084000000000000297e-01
0.000000000000000000e+00 7.087999999999999856e-01
2.370000000000000000e+02 7.092000000000000526e-01
4.000000000000000000e+00 7.096000000000000085e-01
5.100000000000000000e+01 7.099999999999999645e-01
6.000000000000000000e+00 7.104000000000000314e-01
1.008000000000000000e+04 7.104000000000000314e-01
5.000000000000000000e+00 6.979999999999999538e-01
4.300000000000000000e+01 6.979999999999999538e-01
0.000000000000000000e+00 6.984000000000000208e-01
6.000000000000000000e+00 6.987999999999999767e-01
1.000000000000000000e+00 6.992000000000000437e-01
0.000000000000000000e+00 6.995999999999999996e-01
3.400000000000000000e+01 6.999999999999999556e-01
0.000000000000000000e+00 7.004000000000000226e-01
0.000000000000000000e+00 7.007999999999999785e-01
1.200000000000000000e+01 7.012000000000000455e-01
2.400000000000000000e+01 7.016000000000000014e-01
3.000000000000000000e+00 7.019999999999999574e-01
3.800000000000000000e+02 7.024000000000000243e-01
1.200000000000000000e+01 7.027999999999999803e-01
2.000000000000000000e+00 7.019999999999999574e-01
2.000000000000000000e+00 7.024000000000000243e-01
0.000000000000000000e+00 7.027999999999999803e-01
1.573000000000000000e+03 7.032000000000000473e-01
1.400000000000000000e+01 7.016000000000000014e-01
6.000000000000000000e+00 7.019999999999999574e-01
1.700000000000000000e+01 7.024000000000000243e-01
1.439000000000000000e+03 7.027999999999999803e-01
1.100000000000000000e+01 6.995999999999999996e-01
0.000000000000000000e+00 6.999999999999999556e-01
6.000000000000000000e+00 7.004000000000000226e-01
4.400000000000000000e+01 7.007999999999999785e-01
0.000000000000000000e+00 7.012000000000000455e-01
0.000000000000000000e+00 7.016000000000000014e-01
6.900000000000000000e+01 7.019999999999999574e-01
9.000000000000000000e+00 7.012000000000000455e-01
0.000000000000000000e+00 7.016000000000000014e-01
1.000000000000000000e+00 7.019999999999999574e-01
5.000000000000000000e+00 7.024000000000000243e-01
2.000000000000000000e+00 7.027999999999999803e-01
1.100000000000000000e+01 7.032000000000000473e-01
2.250000000000000000e+02 7.036000000000000032e-01
9.100000000000000000e+01 7.036000000000000032e-01
0.000000000000000000e+00 7.039999999999999591e-01
1.900000000000000000e+01 7.044000000000000261e-01
9.390000000000000000e+02 7.039999999999999591e-01
0.000000000000000000e+00 6.975999999999999979e-01
2.510000000000000000e+02 6.979999999999999538e-01
8.000000000000000000e+00 6.952000000000000401e-01
0.000000000000000000e+00 6.955999999999999961e-01
5.000000000000000000e+00 6.959999999999999520e-01
1.600000000000000000e+01 6.964000000000000190e-01
1.910000000000000000e+02 6.967999999999999750e-01
0.000000000000000000e+00 6.972000000000000419e-01
1.250000000000000000e+02 6.975999999999999979e-01
4.000000000000000000e+00 6.979999999999999538e-01
0.000000000000000000e+00 6.984000000000000208e-01
2.000000000000000000e+00 6.987999999999999767e-01
8.000000000000000000e+00 6.992000000000000437e-01
0.000000000000000000e+00 6.995999999999999996e-01
0.000000000000000000e+00 6.999999999999999556e-01
7.000000000000000000e+01 7.004000000000000226e-01
3.700000000000000000e+01 6.999999999999999556e-01
0.000000000000000000e+00 7.004000000000000226e-01
1.510000000000000000e+02 7.007999999999999785e-01
1.700000000000000000e+01 7.012000000000000455e-01
1.200000000000000000e+01 7.016000000000000014e-01
0.000000000000000000e+00 7.019999999999999574e-01
4.800000000000000000e+01 7.024000000000000243e-01
1.800000000000000000e+01 7.027999999999999803e-01
7.300000000000000000e+01 7.032000000000000473e-01
0.000000000000000000e+00 7.036000000000000032e-01
7.000000000000000000e+00 7.039999999999999591e-01
2.600000000000000000e+01 7.039999999999999591e-01
2.660000000000000000e+03 7.036000000000000032e-01
1.410000000000000000e+02 6.992000000000000437e-01
4.000000000000000000e+00 6.995999999999999996e-01
2.310000000000000000e+02 6.999999999999999556e-01
0.000000000000000000e+00 7.004000000000000226e-01
1.851000000000000000e+03 7.007999999999999785e-01
4.000000000000000000e+00 7.012000000000000455e-01
1.000000000000000000e+00 7.012000000000000455e-01
0.000000000000000000e+00 7.016000000000000014e-01
2.100000000000000000e+02 7.019999999999999574e-01
0.000000000000000000e+00 7.024000000000000243e-01
4.670000000000000000e+02 7.027999999999999803e-01
1.200000000000000000e+02 7.016000000000000014e-01
3.000000000000000000e+00 7.019999999999999574e-01
1.700000000000000000e+01 7.024000000000000243e-01
2.000000000000000000e+00 7.027999999999999803e-01
1.300000000000000000e+01 7.032000000000000473e-01
1.040000000000000000e+02 7.036000000000000032e-01
0.000000000000000000e+00 7.036000000000000032e-01
0.000000000000000000e+00 7.039999999999999591e-01
2.000000000000000000e+00 7.044000000000000261e-01
0.000000000000000000e+00 7.047999999999999821e-01
4.041000000000000000e+03 7.052000000000000490e-01
0.000000000000000000e+00 6.992000000000000437e-01
1.000000000000000000e+00 6.995999999999999996e-01
2.000000000000000000e+01 6.999999999999999556e-01
7.250000000000000000e+02 7.004000000000000226e-01
0.000000000000000000e+00 6.992000000000000437e-01
0.000000000000000000e+00 6.995999999999999996e-01
0.000000000000000000e+00 6.999999999999999556e-01
5.000000000000000000e+00 7.004000000000000226e-01
7.830000000000000000e+02 7.007999999999999785e-01
3.600000000000000000e+01 6.944000000000000172e-01
3.420000000000000000e+02 6.947999999999999732e-01
3.500000000000000000e+01 6.952000000000000401e-01
9.000000000000000000e+01 6.952000000000000401e-01
2.000000000000000000e+00 6.935999999999999943e-01
4.495000000000000000e+03 6.939999999999999503e-01
1.900000000000000000e+01 6.887999999999999678e-01
1.800000000000000000e+01 6.892000000000000348e-01
1.000000000000000000e+01 6.895999999999999908e-01
2.000000000000000000e+00 6.899999999999999467e-01
0.000000000000000000e+00 6.904000000000000137e-01
0.000000000000000000e+00 6.907999999999999696e-01
0.000000000000000000e+00 6.912000000000000366e-01
2.400000000000000000e+01 6.915999999999999925e-01
6.500000000000000000e+01 6.919999999999999485e-01
9.000000000000000000e+01 6.924000000000000155e-01
0.000000000000000000e+00 6.927999999999999714e-01
4.800000000000000000e+01 6.932000000000000384e-01
1.400000000000000000e+01 6.935999999999999943e-01
1.000000000000000000e+00 6.939999999999999503e-01
9.600000000000000000e+01 6.944000000000000172e-01
8.990000000000000000e+02 6.947999999999999732e-01
4.000000000000000000e+00 6.947999999999999732e-01
3.000000000000000000e+00 6.952000000000000401e-01
3.000000000000000000e+00 6.955999999999999961e-01
3.183000000000000000e+03 6.959999999999999520e-01
0.000000000000000000e+00 6.952000000000000401e-01
0.000000000000000000e+00 6.955999999999999961e-01
1.710000000000000000e+02 6.959999999999999520e-01
1.000000000000000000e+00 6.964000000000000190e-01
3.400000000000000000e+01 6.967999999999999750e-01
1.000000000000000000e+00 6.972000000000000419e-01
2.000000000000000000e+00 6.975999999999999979e-01
0.000000000000000000e+00 6.979999999999999538e-01
0.000000000000000000e+00 6.984000000000000208e-01
1.096000000000000000e+03 6.987999999999999767e-01
3.000000000000000000e+00 6.984000000000000208e-01
2.000000000000000000e+01 6.987999999999999767e-01
0.000000000000000000e+00 6.984000000000000208e-01
2.100000000000000000e+01 6.987999999999999767e-01
0.000000000000000000e+00 6.992000000000000437e-01
0.000000000000000000e+00 6.995999999999999996e-01
4.100000000000000000e+01 6.999999999999999556e-01
1.000000000000000000e+00 7.004000000000000226e-01
4.000000000000000000e+00 7.007999999999999785e-01
1.800000000000000000e+02 7.012000000000000455e-01
2.000000000000000000e+00 6.995999999999999996e-01
9.900000000000000000e+01 6.999999999999999556e-01
1.900000000000000000e+01 7.004000000000000226e-01
2.000000000000000000e+00 7.004000000000000226e-01
1.230000000000000000e+02 7.007999999999999785e-01
1.500000000000000000e+01 7.004000000000000226e-01
2.000000000000000000e+00 7.004000000000000226e-01
2.930000000000000000e+02 7.004000000000000226e-01
0.000000000000000000e+00 7.007999999999999785e-01
8.000000000000000000e+00 7.012000000000000455e-01
4.000000000000000000e+00 7.012000000000000455e-01
2.010000000000000000e+02 7.016000000000000014e-01
1.307000000000000000e+03 7.019999999999999574e-01
1.000000000000000000e+00 7.012000000000000455e-01
0.000000000000000000e+00 7.016000000000000014e-01
0.000000000000000000e+00 7.019999999999999574e-01
2.000000000000000000e+00 7.024000000000000243e-01
8.100000000000000000e+01 7.027999999999999803e-01
3.500000000000000000e+01 7.027999999999999803e-01
5.600000000000000000e+01 7.032000000000000473e-01
2.500000000000000000e+01 7.036000000000000032e-01
1.000000000000000000e+00 7.039999999999999591e-01
9.000000000000000000e+00 7.044000000000000261e-01
0.000000000000000000e+00 7.047999999999999821e-01
9.000000000000000000e+01 7.052000000000000490e-01
8.000000000000000000e+00 7.056000000000000050e-01
2.100000000000000000e+01 7.056000000000000050e-01
0.000000000000000000e+00 7.059999999999999609e-01
6.420000000000000000e+02 7.064000000000000279e-01
0.000000000000000000e+00 7.067999999999999838e-01
3.200000000000000000e+01 7.072000000000000508e-01
0.000000000000000000e+00 7.076000000000000068e-01
0.000000000000000000e+00 7.079999999999999627e-01
6.210000000000000000e+02 7.084000000000000297e-01
6.000000000000000000e+00 7.087999999999999856e-01
3.540000000000000000e+02 7.092000000000000526e-01
3.600000000000000000e+01 7.096000000000000085e-01
4.399000000000000000e+03 7.099999999999999645e-01
0.000000000000000000e+00 7.019999999999999574e-01
2.000000000000000000e+00 7.024000000000000243e-01
0.000000000000000000e+00 7.027999999999999803e-01
8.000000000000000000e+00 7.032000000000000473e-01
6.000000000000000000e+00 7.036000000000000032e-01
8.100000000000000000e+01 7.036000000000000032e-01
2.200000000000000000e+01 7.036000000000000032e-01
1.400000000000000000e+01 7.039999999999999591e-01
5.100000000000000000e+01 7.044000000000000261e-01
1.600000000000000000e+01 7.047999999999999821e-01
2.700000000000000000e+01 7.052000000000000490e-01
0.000000000000000000e+00 7.056000000000000050e-01
4.700000000000000000e+01 7.059999999999999609e-01
8.000000000000000000e+00 7.059999999999999609e-01
1.000000000000000000e+00 7.064000000000000279e-01
1.260000000000000000e+02 7.064000000000000279e-01
0.000000000000000000e+00 7.067999999999999838e-01
1.000000000000000000e+00 7.072000000000000508e-01
2.000000000000000000e+00 7.072000000000000508e-01
8.370000000000000000e+02 7.076000000000000068e-01
6.830000000000000000e+02 7.064000000000000279e-01
0.000000000000000000e+00 7.056000000000000050e-01
0.000000000000000000e+00 7.059999999999999609e-01
2.000000000000000000e+00 7.064000000000000279e-01
0.000000000000000000e+00 7.067999999999999838e-01
1.100000000000000000e+01 7.072000000000000508e-01
9.000000000000000000e+00 7.076000000000000068e-01
5.000000000000000000e+00 7.079999999999999627e-01
0.000000000000000000e+00 7.084000000000000297e-01
3.000000000000000000e+00 7.087999999999999856e-01
1.800000000000000000e+01 7.092000000000000526e-01
0.000000000000000000e+00 7.096000000000000085e-01
0.000000000000000000e+00 7.099999999999999645e-01
1.000000000000000000e+02 7.104000000000000314e-01
2.900000000000000000e+01 7.107999999999999874e-01
0.000000000000000000e+00 7.112000000000000544e-01
1.830000000000000000e+02 7.116000000000000103e-01
3.420000000000000000e+02 7.119999999999999662e-01
0.000000000000000000e+00 7.116000000000000103e-01
4.378000000000000000e+03 7.119999999999999662e-01
0.000000000000000000e+00 7.076000000000000068e-01
5.000000000000000000e+00 7.079999999999999627e-01
3.000000000000000000e+00 7.084000000000000297e-01
0.000000000000000000e+00 7.087999999999999856e-01
1.030000000000000000e+02 7.092000000000000526e-01
0.000000000000000000e+00 7.096000000000000085e-01
3.000000000000000000e+00 7.099999999999999645e-01
5.630000000000000000e+02 7.104000000000000314e-01
2.370000000000000000e+02 7.056000000000000050e-01
2.000000000000000000e+00 7.056000000000000050e-01
0.000000000000000000e+00 7.059999999999999609e-01
0.000000000000000000e+00 7.064000000000000279e-01
0.000000000000000000e+00 7.067999999999999838e-01
1.670000000000000000e+02 7.072000000000000508e-01
2.000000000000000000e+00 7.064000000000000279e-01
0.000000000000000000e+00 7.059999999999999609e-01
7.000000000000000000e+00 7.064000000000000279e-01
1.260000000000000000e+02 7.059999999999999609e-01
0.000000000000000000e+00 7.064000000000000279e-01
1.100000000000000000e+01 7.067999999999999838e-01
0.000000000000000000e+00 7.072000000000000508e-01
2.000000000000000000e+01 7.076000000000000068e-01
0.000000000000000000e+00 7.079999999999999627e-01
3.400000000000000000e+01 7.084000000000000297e-01
2.244000000000000000e+03 7.084000000000000297e-01
3.460000000000000000e+02 7.036000000000000032e-01
5.100000000000000000e+01 7.039999999999999591e-01
3.000000000000000000e+00 7.044000000000000261e-01
8.000000000000000000e+00 7.047999999999999821e-01
1.340000000000000000e+02 7.052000000000000490e-01
3.630000000000000000e+02 7.056000000000000050e-01
3.000000000000000000e+01 7.036000000000000032e-01
2.700000000000000000e+01 7.039999999999999591e-01
7.551000000000000000e+03 7.032000000000000473e-01
2.100000000000000000e+01 6.915999999999999925e-01
0.000000000000000000e+00 6.919999999999999485e-01
1.787000000000000000e+03 6.924000000000000155e-01
2.100000000000000000e+01 6.892000000000000348e-01
6.950000000000000000e+02 6.895999999999999908e-01
1.000000000000000000e+00 6.899999999999999467e-01
6.000000000000000000e+00 6.904000000000000137e-01
2.000000000000000000e+00 6.899999999999999467e-01
5.000000000000000000e+00 6.904000000000000137e-01
4.000000000000000000e+00 6.904000000000000137e-01
1.793000000000000000e+03 6.907999999999999696e-01
1.100000000000000000e+01 6.884000000000000119e-01
1.030000000000000000e+02 6.887999999999999678e-01
0.000000000000000000e+00 6.879999999999999449e-01
0.000000000000000000e+00 6.884000000000000119e-01
6.000000000000000000e+01 6.887999999999999678e-01
4.000000000000000000e+00 6.864000000000000101e-01
1.000000000000000000e+00 6.867999999999999661e-01
3.760000000000000000e+02 6.867999999999999661e-01
0.000000000000000000e+00 6.844000000000000083e-01
1.100000000000000000e+01 6.847999999999999643e-01
3.900000000000000000e+01 6.840000000000000524e-01
2.000000000000000000e+00 6.807999999999999607e-01
0.000000000000000000e+00 6.812000000000000277e-01
4.100000000000000000e+01 6.815999999999999837e-01
0.000000000000000000e+00 6.820000000000000506e-01
6.000000000000000000e+00 6.824000000000000066e-01
5.000000000000000000e+00 6.827999999999999625e-01
2.000000000000000000e+00 6.832000000000000295e-01
2.370000000000000000e+02 6.835999999999999854e-01
1.820000000000000000e+02 6.840000000000000524e-01
0.000000000000000000e+00 6.840000000000000524e-01
1.000000000000000000e+00 6.844000000000000083e-01
1.000000000000000000e+00 6.840000000000000524e-01
4.390000000000000000e+03 6.844000000000000083e-01
0.000000000000000000e+00 6.795999999999999819e-01
2.200000000000000000e+01 6.800000000000000488e-01
3.930000000000000000e+02 6.804000000000000048e-01
2.900000000000000000e+01 6.780000000000000471e-01
0.000000000000000000e+00 6.772000000000000242e-01
2.000000000000000000e+00 6.775999999999999801e-01
3.300000000000000000e+01 6.780000000000000471e-01
1.000000000000000000e+00 6.780000000000000471e-01
2.200000000000000000e+01 6.784000000000000030e-01
2.000000000000000000e+00 6.787999999999999590e-01
1.680000000000000000e+02 6.792000000000000259e-01
0.000000000000000000e+00 6.795999999999999819e-01
7.000000000000000000e+00 6.800000000000000488e-01
4.000000000000000000e+00 6.804000000000000048e-01
8.120000000000000000e+02 6.807999999999999607e-01
5.900000000000000000e+01 6.807999999999999607e-01
3.300000000000000000e+01 6.812000000000000277e-01
4.400000000000000000e+01 6.812000000000000277e-01
1.000000000000000000e+00 6.815999999999999837e-01
6.000000000000000000e+00 6.820000000000000506e-01
8.000000000000000000e+00 6.824000000000000066e-01
6.000000000000000000e+00 6.824000000000000066e-01
0.000000000000000000e+00 6.827999999999999625e-01
7.000000000000000000e+00 6.832000000000000295e-01
3.000000000000000000e+00 6.835999999999999854e-01
2.100000000000000000e+01 6.827999999999999625e-01
2.680000000000000000e+02 6.832000000000000295e-01
1.100000000000000000e+01 6.835999999999999854e-01
3.000000000000000000e+01 6.840000000000000524e-01
2.500000000000000000e+01 6.844000000000000083e-01
0.000000000000000000e+00 6.832000000000000295e-01
4.200000000000000000e+01 6.835999999999999854e-01
0.000000000000000000e+00 6.840000000000000524e-01
0.000000000000000000e+00 6.844000000000000083e-01
6.200000000000000000e+01 6.847999999999999643e-01
4.000000000000000000e+00 6.852000000000000313e-01
2.300000000000000000e+01 6.855999999999999872e-01
2.120000000000000000e+02 6.860000000000000542e-01
0.000000000000000000e+00 6.864000000000000101e-01
0.000000000000000000e+00 6.867999999999999661e-01
5.000000000000000000e+00 6.872000000000000330e-01
2.730000000000000000e+02 6.875999999999999890e-01
4.800000000000000000e+01 6.879999999999999449e-01
0.000000000000000000e+00 6.884000000000000119e-01
7.400000000000000000e+01 6.887999999999999678e-01
2.000000000000000000e+00 6.892000000000000348e-01
0.000000000000000000e+00 6.895999999999999908e-01
0.000000000000000000e+00 6.899999999999999467e-01
0.000000000000000000e+00 6.904000000000000137e-01
2.000000000000000000e+00 6.907999999999999696e-01
0.000000000000000000e+00 6.912000000000000366e-01
4.000000000000000000e+00 6.915999999999999925e-01
2.220000000000000000e+02 6.919999999999999485e-01
1.300000000000000000e+01 6.924000000000000155e-01
0.000000000000000000e+00 6.915999999999999925e-01
0.000000000000000000e+00 6.919999999999999485e-01
3.200000000000000000e+01 6.924000000000000155e-01
0.000000000000000000e+00 6.927999999999999714e-01
0.000000000000000000e+00 6.932000000000000384e-01
7.050000000000000000e+02 6.935999999999999943e-01
1.110000000000000000e+02 6.932000000000000384e-01
7.000000000000000000e+00 6.919999999999999485e-01
1.000000000000000000e+00 6.924000000000000155e-01
0.000000000000000000e+00 6.919999999999999485e-01
0.000000000000000000e+00 6.924000000000000155e-01
2.000000000000000000e+00 6.927999999999999714e-01
7.900000000000000000e+01 6.932000000000000384e-01
0.000000000000000000e+00 6.935999999999999943e-01
2.600000000000000000e+01 6.939999999999999503e-01
0.000000000000000000e+00 6.944000000000000172e-01
6.200000000000000000e+01 6.947999999999999732e-01
0.000000000000000000e+00 6.952000000000000401e-01
1.404000000000000000e+03 6.955999999999999961e-01
1.200000000000000000e+01 6.927999999999999714e-01
7.880000000000000000e+02 6.932000000000000384e-01
1.900000000000000000e+01 6.935999999999999943e-01
1.090000000000000000e+02 6.939999999999999503e-01
6.110000000000000000e+02 6.944000000000000172e-01
0.000000000000000000e+00 6.947999999999999732e-01
6.500000000000000000e+01 6.952000000000000401e-01
6.000000000000000000e+00 6.955999999999999961e-01
1.000000000000000000e+00 6.959999999999999520e-01
2.600000000000000000e+02 6.964000000000000190e-01
7.700000000000000000e+01 6.967999999999999750e-01
3.000000000000000000e+00 6.972000000000000419e-01
6.000000000000000000e+00 6.975999999999999979e-01
0.000000000000000000e+00 6.979999999999999538e-01
0.000000000000000000e+00 6.984000000000000208e-01
4.000000000000000000e+00 6.987999999999999767e-01
9.300000000000000000e+01 6.992000000000000437e-01
0.000000000000000000e+00 6.995999999999999996e-01
1.036500000000000000e+04 6.999999999999999556e-01
0.000000000000000000e+00 6.895999999999999908e-01
6.630000000000000000e+02 6.899999999999999467e-01
3.000000000000000000e+00 6.904000000000000137e-01
0.000000000000000000e+00 6.907999999999999696e-01
0.000000000000000000e+00 6.912000000000000366e-01
1.000000000000000000e+01 6.915999999999999925e-01
1.030000000000000000e+02 6.919999999999999485e-01
4.000000000000000000e+00 6.919999999999999485e-01
2.000000000000000000e+00 6.924000000000000155e-01
0.000000000000000000e+00 6.927999999999999714e-01
1.000000000000000000e+00 6.932000000000000384e-01
0.000000000000000000e+00 6.932000000000000384e-01
3.000000000000000000e+00 6.935999999999999943e-01
1.530000000000000000e+02 6.939999999999999503e-01
0.000000000000000000e+00 6.939999999999999503e-01
6.000000000000000000e+00 6.944000000000000172e-01
0.000000000000000000e+00 6.947999999999999732e-01
4.710000000000000000e+02 6.952000000000000401e-01
0.000000000000000000e+00 6.955999999999999961e-01
3.000000000000000000e+00 6.959999999999999520e-01
5.900000000000000000e+01 6.964000000000000190e-01
8.200000000000000000e+01 6.967999999999999750e-01
0.000000000000000000e+00 6.972000000000000419e-01
1.000000000000000000e+00 6.975999999999999979e-01
4.000000000000000000e+00 6.979999999999999538e-01
1.000000000000000000e+01 6.984000000000000208e-01
5.000000000000000000e+00 6.987999999999999767e-01
1.800000000000000000e+02 6.992000000000000437e-01
0.000000000000000000e+00 6.964000000000000190e-01
2.000000000000000000e+00 6.967999999999999750e-01
7.940000000000000000e+02 6.972000000000000419e-01
8.000000000000000000e+00 6.975999999999999979e-01
6.760000000000000000e+02 6.979999999999999538e-01
6.100000000000000000e+01 6.935999999999999943e-01
1.000000000000000000e+00 6.939999999999999503e-01
2.000000000000000000e+00 6.935999999999999943e-01
1.000000000000000000e+01 6.939999999999999503e-01
0.000000000000000000e+00 6.944000000000000172e-01
1.400000000000000000e+01 6.947999999999999732e-01
3.300000000000000000e+01 6.952000000000000401e-01
7.080000000000000000e+02 6.947999999999999732e-01
0.000000000000000000e+00 6.952000000000000401e-01
0.000000000000000000e+00 6.955999999999999961e-01
0.000000000000000000e+00 6.959999999999999520e-01
0.000000000000000000e+00 6.964000000000000190e-01
8.000000000000000000e+00 6.967999999999999750e-01
9.300000000000000000e+01 6.964000000000000190e-01
0.000000000000000000e+00 6.959999999999999520e-01
0.000000000000000000e+00 6.964000000000000190e-01
3.410000000000000000e+02 6.967999999999999750e-01
0.000000000000000000e+00 6.932000000000000384e-01
0.000000000000000000e+00 6.935999999999999943e-01
0.000000000000000000e+00 6.939999999999999503e-01
2.700000000000000000e+01 6.944000000000000172e-01
0.000000000000000000e+00 6.947999999999999732e-01
4.000000000000000000e+00 6.952000000000000401e-01
1.360000000000000000e+02 6.955999999999999961e-01
0.000000000000000000e+00 6.959999999999999520e-01
0.000000000000000000e+00 6.964000000000000190e-01
2.100000000000000000e+01 6.967999999999999750e-01
0.000000000000000000e+00 6.972000000000000419e-01
0.000000000000000000e+00 6.975999999999999979e-01
1.270000000000000000e+02 6.979999999999999538e-01
7.000000000000000000e+01 6.984000000000000208e-01
0.000000000000000000e+00 6.984000000000000208e-01
0.000000000000000000e+00 6.987999999999999767e-01
4.600000000000000000e+01 6.992000000000000437e-01
4.800000000000000000e+01 6.995999999999999996e-01
2.000000000000000000e+00 6.995999999999999996e-01
0.000000000000000000e+00 6.999999999999999556e-01
6.000000000000000000e+00 7.004000000000000226e-01
1.000000000000000000e+00 7.007999999999999785e-01
1.200000000000000000e+01 7.012000000000000455e-01
4.000000000000000000e+00 7.016000000000000014e-01
1.000000000000000000e+01 7.019999999999999574e-01
2.720000000000000000e+02 7.024000000000000243e-01
1.800000000000000000e+02 7.027999999999999803e-01
1.000000000000000000e+00 7.032000000000000473e-01
3.000000000000000000e+01 7.036000000000000032e-01
1.200000000000000000e+01 7.039999999999999591e-01
6.000000000000000000e+00 7.044000000000000261e-01
0.000000000000000000e+00 7.044000000000000261e-01
1.500000000000000000e+01 7.047999999999999821e-01
2.000000000000000000e+01 7.052000000000000490e-01
0.000000000000000000e+00 7.056000000000000050e-01
0.000000000000000000e+00 7.059999999999999609e-01
2.460000000000000000e+02 7.064000000000000279e-01
2.000000000000000000e+00 7.067999999999999838e-01
0.000000000000000000e+00 7.072000000000000508e-01
2.000000000000000000e+00 7.076000000000000068e-01
6.000000000000000000e+00 7.079999999999999627e-01
0.000000000000000000e+00 7.084000000000000297e-01
9.000000000000000000e+00 7.087999999999999856e-01
1.002000000000000000e+03 7.092000000000000526e-01
1.509000000000000000e+03 7.072000000000000508e-01
1.210700000000000000e+04 7.072000000000000508e-01
1.600000000000000000e+01 6.864000000000000101e-01
0.000000000000000000e+00 6.867999999999999661e-01
0.000000000000000000e+00 6.872000000000000330e-01
0.000000000000000000e+00 6.875999999999999890e-01
0.000000000000000000e+00 6.879999999999999449e-01
4.600000000000000000e+01 6.884000000000000119e-01
1.480000000000000000e+02 6.879999999999999449e-01
0.000000000000000000e+00 6.867999999999999661e-01
5.700000000000000000e+01 6.872000000000000330e-01
4.000000000000000000e+00 6.867999999999999661e-01
1.800000000000000000e+01 6.864000000000000101e-01
0.000000000000000000e+00 6.864000000000000101e-01
2.000000000000000000e+00 6.867999999999999661e-01
0.000000000000000000e+00 6.872000000000000330e-01
1.498000000000000000e+03 6.875999999999999890e-01
0.000000000000000000e+00 6.847999999999999643e-01
2.000000000000000000e+01 6.852000000000000313e-01
2.000000000000000000e+00 6.855999999999999872e-01
1.500000000000000000e+01 6.860000000000000542e-01
1.210000000000000000e+02 6.864000000000000101e-01
8.000000000000000000e+00 6.867999999999999661e-01
7.900000000000000000e+01 6.867999999999999661e-01
0.000000000000000000e+00 6.872000000000000330e-01
0.000000000000000000e+00 6.875999999999999890e-01
0.000000000000000000e+00 6.879999999999999449e-01
1.080000000000000000e+02 6.884000000000000119e-01
0.000000000000000000e+00 6.879999999999999449e-01
0.000000000000000000e+00 6.884000000000000119e-01
1.800000000000000000e+01 6.887999999999999678e-01
1.137000000000000000e+03 6.879999999999999449e-01
4.100000000000000000e+01 6.860000000000000542e-01
0.000000000000000000e+00 6.864000000000000101e-01
0.000000000000000000e+00 6.867999999999999661e-01
4.283000000000000000e+03 6.872000000000000330e-01
0.000000000000000000e+00 6.764000000000000012e-01
1.000000000000000000e+00 6.767999999999999572e-01
1.030000000000000000e+02 6.772000000000000242e-01
0.000000000000000000e+00 6.775999999999999801e-01
0.000000000000000000e+00 6.780000000000000471e-01
0.000000000000000000e+00 6.784000000000000030e-01
5.000000000000000000e+00 6.787999999999999590e-01
0.000000000000000000e+00 6.792000000000000259e-01
3.230000000000000000e+02 6.795999999999999819e-01
2.000000000000000000e+00 6.792000000000000259e-01
0.000000000000000000e+00 6.795999999999999819e-01
1.000000000000000000e+01 6.800000000000000488e-01
1.000000000000000000e+00 6.804000000000000048e-01
1.200000000000000000e+01 6.807999999999999607e-01
0.000000000000000000e+00 6.812000000000000277e-01
0.000000000000000000e+00 6.815999999999999837e-01
0.000000000000000000e+00 6.820000000000000506e-01
0.000000000000000000e+00 6.824000000000000066e-01
7.000000000000000000e+00 6.827999999999999625e-01
0.000000000000000000e+00 6.832000000000000295e-01
1.600000000000000000e+01 6.835999999999999854e-01
1.200000000000000000e+02 6.840000000000000524e-01
0.000000000000000000e+00 6.844000000000000083e-01
0.000000000000000000e+00 6.847999999999999643e-01
0.000000000000000000e+00 6.852000000000000313e-01
6.600000000000000000e+01 6.855999999999999872e-01
2.800000000000000000e+01 6.860000000000000542e-01
6.900000000000000000e+01 6.864000000000000101e-01
1.000000000000000000e+00 6.864000000000000101e-01
0.000000000000000000e+00 6.867999999999999661e-01
0.000000000000000000e+00 6.872000000000000330e-01
2.700000000000000000e+01 6.875999999999999890e-01
1.000000000000000000e+00 6.879999999999999449e-01
3.000000000000000000e+00 6.884000000000000119e-01
1.000000000000000000e+00 6.887999999999999678e-01
0.000000000000000000e+00 6.892000000000000348e-01
1.600000000000000000e+01 6.895999999999999908e-01
9.400000000000000000e+01 6.899999999999999467e-01
3.000000000000000000e+00 6.895999999999999908e-01
0.000000000000000000e+00 6.899999999999999467e-01
0.000000000000000000e+00 6.904000000000000137e-01
0.000000000000000000e+00 6.907999999999999696e-01
6.000000000000000000e+01 6.912000000000000366e-01
0.000000000000000000e+00 6.915999999999999925e-01
0.000000000000000000e+00 6.919999999999999485e-01
0.000000000000000000e+00 6.924000000000000155e-01
1.200000000000000000e+01 6.927999999999999714e-01
0.000000000000000000e+00 6.932000000000000384e-01
0.000000000000000000e+00 6.935999999999999943e-01
0.000000000000000000e+00 6.939999999999999503e-01
2.500000000000000000e+01 6.944000000000000172e-01
2.030000000000000000e+02 6.939999999999999503e-01
4.600000000000000000e+01 6.939999999999999503e-01
4.000000000000000000e+00 6.944000000000000172e-01
0.000000000000000000e+00 6.947999999999999732e-01
3.630000000000000000e+02 6.952000000000000401e-01
4.000000000000000000e+00 6.955999999999999961e-01
1.600000000000000000e+01 6.959999999999999520e-01
1.100000000000000000e+01 6.964000000000000190e-01
2.816000000000000000e+03 6.967999999999999750e-01
0.000000000000000000e+00 6.955999999999999961e-01
1.000000000000000000e+00 6.959999999999999520e-01
0.000000000000000000e+00 6.964000000000000190e-01
2.000000000000000000e+00 6.967999999999999750e-01
0.000000000000000000e+00 6.972000000000000419e-01
2.100000000000000000e+01 6.975999999999999979e-01
0.000000000000000000e+00 6.979999999999999538e-01
1.828000000000000000e+03 6.984000000000000208e-01
2.200000000000000000e+01 6.959999999999999520e-01
0.000000000000000000e+00 6.964000000000000190e-01
2.970000000000000000e+02 6.967999999999999750e-01
1.020000000000000000e+02 6.955999999999999961e-01
1.003000000000000000e+03 6.959999999999999520e-01
6.200000000000000000e+01 6.947999999999999732e-01
0.000000000000000000e+00 6.952000000000000401e-01
7.300000000000000000e+01 6.955999999999999961e-01
1.840000000000000000e+02 6.959999999999999520e-01
1.138000000000000000e+03 6.947999999999999732e-01
2.000000000000000000e+00 6.892000000000000348e-01
0.000000000000000000e+00 6.895999999999999908e-01
0.000000000000000000e+00 6.899999999999999467e-01
5.700000000000000000e+01 6.904000000000000137e-01
3.000000000000000000e+01 6.907999999999999696e-01
2.000000000000000000e+00 6.912000000000000366e-01
7.400000000000000000e+01 6.915999999999999925e-01
0.000000000000000000e+00 6.919999999999999485e-01
0.000000000000000000e+00 6.924000000000000155e-01
6.300000000000000000e+01 6.927999999999999714e-01
1.330000000000000000e+02 6.932000000000000384e-01
4.000000000000000000e+00 6.935999999999999943e-01
3.200000000000000000e+01 6.935999999999999943e-01
0.000000000000000000e+00 6.932000000000000384e-01
0.000000000000000000e+00 6.935999999999999943e-01
7.000000000000000000e+00 6.939999999999999503e-01
7.000000000000000000e+00 6.939999999999999503e-01
2.020000000000000000e+02 6.944000000000000172e-01
3.100000000000000000e+01 6.947999999999999732e-01
6.000000000000000000e+00 6.952000000000000401e-01
2.400000000000000000e+01 6.955999999999999961e-01
2.000000000000000000e+01 6.959999999999999520e-01
2.000000000000000000e+00 6.964000000000000190e-01
0.000000000000000000e+00 6.967999999999999750e-01
2.600000000000000000e+01 6.972000000000000419e-01
1.000000000000000000e+00 6.975999999999999979e-01
1.000000000000000000e+00 6.979999999999999538e-01
3.000000000000000000e+00 6.984000000000000208e-01
1.000000000000000000e+00 6.987999999999999767e-01
0.000000000000000000e+00 6.992000000000000437e-01
3.300000000000000000e+01 6.995999999999999996e-01
0.000000000000000000e+00 6.999999999999999556e-01
0.000000000000000000e+00 7.004000000000000226e-01
2.440000000000000000e+02 7.007999999999999785e-01
0.000000000000000000e+00 7.012000000000000455e-01
6.000000000000000000e+00 7.016000000000000014e-01
0.000000000000000000e+00 7.019999999999999574e-01
3.000000000000000000e+00 7.024000000000000243e-01
0.000000000000000000e+00 7.027999999999999803e-01
4.200000000000000000e+02 7.032000000000000473e-01
1.000000000000000000e+00 7.012000000000000455e-01
4.837000000000000000e+03 7.016000000000000014e-01
5.400000000000000000e+01 7.004000000000000226e-01
2.410000000000000000e+02 6.979999999999999538e-01
1.000000000000000000e+00 6.967999999999999750e-01
4.100000000000000000e+01 6.972000000000000419e-01
0.000000000000000000e+00 6.975999999999999979e-01
1.386000000000000000e+03 6.979999999999999538e-01
0.000000000000000000e+00 6.972000000000000419e-01
3.100000000000000000e+02 6.975999999999999979e-01
4.000000000000000000e+00 6.952000000000000401e-01
1.000000000000000000e+00 6.952000000000000401e-01
2.800000000000000000e+01 6.955999999999999961e-01
4.507000000000000000e+03 6.959999999999999520e-01
4.400000000000000000e+01 6.892000000000000348e-01
0.000000000000000000e+00 6.895999999999999908e-01
0.000000000000000000e+00 6.899999999999999467e-01
0.000000000000000000e+00 6.904000000000000137e-01
6.000000000000000000e+00 6.907999999999999696e-01
4.000000000000000000e+00 6.912000000000000366e-01
8.700000000000000000e+01 6.915999999999999925e-01
8.000000000000000000e+00 6.919999999999999485e-01
2.000000000000000000e+00 6.907999999999999696e-01
2.010000000000000000e+02 6.899999999999999467e-01
0.000000000000000000e+00 6.864000000000000101e-01
2.000000000000000000e+00 6.867999999999999661e-01
1.000000000000000000e+00 6.867999999999999661e-01
8.000000000000000000e+00 6.872000000000000330e-01
5.000000000000000000e+00 6.875999999999999890e-01
4.000000000000000000e+00 6.879999999999999449e-01
4.000000000000000000e+00 6.884000000000000119e-01
1.400000000000000000e+01 6.887999999999999678e-01
1.000000000000000000e+00 6.884000000000000119e-01
1.700000000000000000e+01 6.887999999999999678e-01
1.600000000000000000e+01 6.892000000000000348e-01
1.800000000000000000e+01 6.895999999999999908e-01
1.000000000000000000e+00 6.899999999999999467e-01
8.000000000000000000e+00 6.904000000000000137e-01
0.000000000000000000e+00 6.899999999999999467e-01
0.000000000000000000e+00 6.904000000000000137e-01
6.300000000000000000e+02 6.907999999999999696e-01
1.030000000000000000e+02 6.887999999999999678e-01
9.000000000000000000e+00 6.892000000000000348e-01
1.600000000000000000e+02 6.895999999999999908e-01
1.700000000000000000e+01 6.899999999999999467e-01
1.920000000000000000e+02 6.904000000000000137e-01
3.000000000000000000e+00 6.907999999999999696e-01
0.000000000000000000e+00 6.912000000000000366e-01
0.000000000000000000e+00 6.915999999999999925e-01
1.580000000000000000e+02 6.919999999999999485e-01
0.000000000000000000e+00 6.924000000000000155e-01
0.000000000000000000e+00 6.927999999999999714e-01
4.000000000000000000e+00 6.932000000000000384e-01
1.800000000000000000e+01 6.935999999999999943e-01
0.000000000000000000e+00 6.924000000000000155e-01
1.380000000000000000e+02 6.927999999999999714e-01
0.000000000000000000e+00 6.932000000000000384e-01
0.000000000000000000e+00 6.935999999999999943e-01
5.000000000000000000e+00 6.939999999999999503e-01
9.000000000000000000e+00 6.939999999999999503e-01
7.000000000000000000e+00 6.944000000000000172e-01
1.277000000000000000e+03 6.947999999999999732e-01
0.000000000000000000e+00 6.935999999999999943e-01
1.790000000000000000e+02 6.939999999999999503e-01
2.000000000000000000e+00 6.944000000000000172e-01
0.000000000000000000e+00 6.939999999999999503e-01
1.000000000000000000e+00 6.944000000000000172e-01
4.300000000000000000e+01 6.947999999999999732e-01
4.000000000000000000e+00 6.952000000000000401e-01
7.000000000000000000e+02 6.952000000000000401e-01
5.000000000000000000e+00 6.952000000000000401e-01
7.810000000000000000e+02 6.955999999999999961e-01
2.000000000000000000e+00 6.959999999999999520e-01
2.800000000000000000e+01 6.964000000000000190e-01
1.380000000000000000e+02 6.967999999999999750e-01
1.000000000000000000e+00 6.955999999999999961e-01
6.100000000000000000e+01 6.959999999999999520e-01
1.100000000000000000e+01 6.959999999999999520e-01
0.000000000000000000e+00 6.964000000000000190e-01
2.000000000000000000e+00 6.967999999999999750e-01
9.000000000000000000e+00 6.972000000000000419e-01
2.475000000000000000e+03 6.975999999999999979e-01
9.000000000000000000e+00 6.952000000000000401e-01
0.000000000000000000e+00 6.955999999999999961e-01
0.000000000000000000e+00 6.959999999999999520e-01
2.200000000000000000e+01 6.964000000000000190e-01
7.600000000000000000e+01 6.967999999999999750e-01
1.300000000000000000e+01 6.972000000000000419e-01
1.170000000000000000e+02 6.975999999999999979e-01
1.232000000000000000e+03 6.952000000000000401e-01
2.000000000000000000e+00 6.947999999999999732e-01
7.000000000000000000e+00 6.952000000000000401e-01
0.000000000000000000e+00 6.952000000000000401e-01
1.570000000000000000e+02 6.955999999999999961e-01
3.000000000000000000e+00 6.959999999999999520e-01
0.000000000000000000e+00 6.964000000000000190e-01
4.000000000000000000e+00 6.967999999999999750e-01
2.900000000000000000e+01 6.964000000000000190e-01
0.000000000000000000e+00 6.967999999999999750e-01
1.000000000000000000e+01 6.972000000000000419e-01
9.000000000000000000e+00 6.975999999999999979e-01
3.400000000000000000e+01 6.979999999999999538e-01
0.000000000000000000e+00 6.984000000000000208e-01
1.300000000000000000e+01 6.987999999999999767e-01
5.000000000000000000e+00 6.992000000000000437e-01
1.500000000000000000e+01 6.992000000000000437e-01
1.000000000000000000e+00 6.995999999999999996e-01
2.700000000000000000e+02 6.999999999999999556e-01
0.000000000000000000e+00 6.987999999999999767e-01
2.000000000000000000e+01 6.992000000000000437e-01
0.000000000000000000e+00 6.995999999999999996e-01
4.190000000000000000e+02 6.999999999999999556e-01
0.000000000000000000e+00 7.004000000000000226e-01
3.000000000000000000e+00 7.007999999999999785e-01
0.000000000000000000e+00 7.012000000000000455e-01
2.300000000000000000e+02 7.016000000000000014e-01
4.400000000000000000e+01 6.999999999999999556e-01
0.000000000000000000e+00 7.004000000000000226e-01
0.000000000000000000e+00 7.007999999999999785e-01
7.000000000000000000e+00 7.012000000000000455e-01
3.000000000000000000e+01 7.016000000000000014e-01
0.000000000000000000e+00 7.016000000000000014e-01
6.000000000000000000e+00 7.019999999999999574e-01
1.000000000000000000e+01 7.024000000000000243e-01
0.000000000000000000e+00 7.027999999999999803e-01
1.190000000000000000e+02 7.032000000000000473e-01
0.000000000000000000e+00 7.036000000000000032e-01
0.000000000000000000e+00 7.039999999999999591e-01
5.340000000000000000e+02 7.044000000000000261e-01
2.122000000000000000e+03 7.047999999999999821e-01
2.000000000000000000e+00 7.039999999999999591e-01
0.000000000000000000e+00 7.044000000000000261e-01
2.000000000000000000e+00 7.047999999999999821e-01
1.130000000000000000e+02 7.052000000000000490e-01
7.100000000000000000e+01 7.056000000000000050e-01
5.000000000000000000e+00 7.059999999999999609e-01
0.000000000000000000e+00 7.064000000000000279e-01
6.000000000000000000e+00 7.067999999999999838e-01
5.000000000000000000e+00 7.072000000000000508e-01
6.000000000000000000e+00 7.076000000000000068e-01
5.000000000000000000e+00 7.072000000000000508e-01
0.000000000000000000e+00 7.076000000000000068e-01
1.900000000000000000e+01 7.079999999999999627e-01
2.000000000000000000e+00 7.072000000000000508e-01
2.300000000000000000e+01 7.076000000000000068e-01
0.000000000000000000e+00 7.079999999999999627e-01
0.000000000000000000e+00 7.084000000000000297e-01
0.000000000000000000e+00 7.087999999999999856e-01
3.804000000000000000e+03 7.092000000000000526e-01
1.200000000000000000e+01 7.032000000000000473e-01
7.900000000000000000e+01 7.036000000000000032e-01
0.000000000000000000e+00 7.027999999999999803e-01
7.700000000000000000e+01 7.032000000000000473e-01
0.000000000000000000e+00 7.036000000000000032e-01
4.180000000000000000e+02 7.039999999999999591e-01
3.161000000000000000e+03 7.024000000000000243e-01
2.700000000000000000e+01 6.979999999999999538e-01
1.000000000000000000e+00 6.984000000000000208e-01
6.600000000000000000e+01 6.987999999999999767e-01
0.000000000000000000e+00 6.992000000000000437e-01
0.000000000000000000e+00 6.995999999999999996e-01
2.630000000000000000e+02 6.999999999999999556e-01
3.600000000000000000e+01 7.004000000000000226e-01
0.000000000000000000e+00 7.007999999999999785e-01
3.200000000000000000e+01 7.012000000000000455e-01
2.410000000000000000e+02 7.016000000000000014e-01
1.455000000000000000e+03 6.987999999999999767e-01
1.163000000000000000e+03 6.964000000000000190e-01
1.730000000000000000e+02 6.967999999999999750e-01
2.130000000000000000e+02 6.972000000000000419e-01
7.660000000000000000e+02 6.975999999999999979e-01
2.000000000000000000e+00 6.979999999999999538e-01
6.450000000000000000e+02 6.984000000000000208e-01
4.000000000000000000e+00 6.984000000000000208e-01
4.360000000000000000e+02 6.987999999999999767e-01
8.400000000000000000e+01 6.987999999999999767e-01
2.000000000000000000e+00 6.992000000000000437e-01
2.000000000000000000e+00 6.995999999999999996e-01
6.500000000000000000e+01 6.999999999999999556e-01
0.000000000000000000e+00 7.004000000000000226e-01
3.500000000000000000e+01 7.007999999999999785e-01
2.685000000000000000e+03 7.012000000000000455e-01
1.100000000000000000e+01 6.984000000000000208e-01
4.000000000000000000e+00 6.987999999999999767e-01
2.000000000000000000e+00 6.992000000000000437e-01
5.000000000000000000e+00 6.992000000000000437e-01
4.000000000000000000e+00 6.995999999999999996e-01
2.371000000000000000e+03 6.999999999999999556e-01
0.000000000000000000e+00 6.972000000000000419e-01
5.000000000000000000e+00 6.975999999999999979e-01
1.400000000000000000e+01 6.979999999999999538e-01
1.000000000000000000e+00 6.984000000000000208e-01
7.100000000000000000e+01 6.987999999999999767e-01
1.200000000000000000e+01 6.992000000000000437e-01
1.200000000000000000e+01 6.995999999999999996e-01
0.000000000000000000e+00 6.987999999999999767e-01
1.300000000000000000e+01 6.992000000000000437e-01
0.000000000000000000e+00 6.995999999999999996e-01
0.000000000000000000e+00 6.999999999999999556e-01
0.000000000000000000e+00 7.004000000000000226e-01
0.000000000000000000e+00 7.007999999999999785e-01
0.000000000000000000e+00 7.012000000000000455e-01
1.200000000000000000e+01 7.016000000000000014e-01
0.000000000000000000e+00 7.019999999999999574e-01
0.000000000000000000e+00 7.024000000000000243e-01
2.000000000000000000e+00 7.027999999999999803e-01
0.000000000000000000e+00 7.032000000000000473e-01
2.000000000000000000e+01 7.036000000000000032e-01
1.850000000000000000e+02 7.036000000000000032e-01
3.000000000000000000e+00 7.032000000000000473e-01
0.000000000000000000e+00 7.036000000000000032e-01
0.000000000000000000e+00 7.039999999999999591e-01
1.000000000000000000e+00 7.044000000000000261e-01
1.000000000000000000e+01 7.047999999999999821e-01
3.500000000000000000e+01 7.052000000000000490e-01
0.000000000000000000e+00 7.056000000000000050e-01
1.370000000000000000e+02 7.059999999999999609e-01
4.500000000000000000e+02 7.064000000000000279e-01
1.050000000000000000e+02 7.027999999999999803e-01
1.500000000000000000e+01 7.019999999999999574e-01
4.120000000000000000e+02 7.016000000000000014e-01
3.000000000000000000e+00 6.992000000000000437e-01
5.900000000000000000e+01 6.995999999999999996e-01
6.208000000000000000e+03 6.992000000000000437e-01
3.900000000000000000e+01 6.879999999999999449e-01
1.770000000000000000e+02 6.884000000000000119e-01
0.000000000000000000e+00 6.887999999999999678e-01
1.860000000000000000e+02 6.892000000000000348e-01
3.000000000000000000e+01 6.872000000000000330e-01
1.000000000000000000e+00 6.875999999999999890e-01
0.000000000000000000e+00 6.879999999999999449e-01
7.000000000000000000e+00 6.884000000000000119e-01
3.980000000000000000e+02 6.887999999999999678e-01
6.000000000000000000e+00 6.872000000000000330e-01
2.420000000000000000e+02 6.875999999999999890e-01
2.200000000000000000e+01 6.860000000000000542e-01
1.200000000000000000e+01 6.864000000000000101e-01
2.500000000000000000e+01 6.867999999999999661e-01
1.100000000000000000e+01 6.872000000000000330e-01
2.300000000000000000e+01 6.875999999999999890e-01
1.000000000000000000e+00 6.867999999999999661e-01
0.000000000000000000e+00 6.872000000000000330e-01
5.000000000000000000e+01 6.875999999999999890e-01
1.490000000000000000e+02 6.879999999999999449e-01
1.100000000000000000e+01 6.864000000000000101e-01
0.000000000000000000e+00 6.867999999999999661e-01
2.000000000000000000e+00 6.872000000000000330e-01
1.180000000000000000e+02 6.875999999999999890e-01
1.070000000000000000e+02 6.879999999999999449e-01
6.000000000000000000e+00 6.884000000000000119e-01
0.000000000000000000e+00 6.887999999999999678e-01
5.500000000000000000e+01 6.892000000000000348e-01
0.000000000000000000e+00 6.895999999999999908e-01
1.131000000000000000e+03 6.899999999999999467e-01
0.000000000000000000e+00 6.904000000000000137e-01
1.500000000000000000e+01 6.907999999999999696e-01
3.344000000000000000e+03 6.912000000000000366e-01
5.510000000000000000e+02 6.912000000000000366e-01
4.000000000000000000e+00 6.915999999999999925e-01
2.500000000000000000e+01 6.919999999999999485e-01
6.000000000000000000e+00 6.924000000000000155e-01
3.300000000000000000e+01 6.927999999999999714e-01
6.500000000000000000e+01 6.932000000000000384e-01
6.000000000000000000e+00 6.935999999999999943e-01
4.710000000000000000e+02 6.932000000000000384e-01
0.000000000000000000e+00 6.932000000000000384e-01
3.000000000000000000e+00 6.935999999999999943e-01
0.000000000000000000e+00 6.939999999999999503e-01
3.000000000000000000e+00 6.944000000000000172e-01
0.000000000000000000e+00 6.947999999999999732e-01
0.000000000000000000e+00 6.952000000000000401e-01
0.000000000000000000e+00 6.955999999999999961e-01
0.000000000000000000e+00 6.959999999999999520e-01
1.300000000000000000e+01 6.964000000000000190e-01
2.000000000000000000e+00 6.967999999999999750e-01
7.400000000000000000e+01 6.972000000000000419e-01
3.716000000000000000e+03 6.975999999999999979e-01
5.000000000000000000e+00 6.924000000000000155e-01
3.000000000000000000e+01 6.927999999999999714e-01
0.000000000000000000e+00 6.932000000000000384e-01
0.000000000000000000e+00 6.935999999999999943e-01
2.000000000000000000e+00 6.939999999999999503e-01
2.090000000000000000e+02 6.944000000000000172e-01
5.800000000000000000e+01 6.947999999999999732e-01
0.000000000000000000e+00 6.947999999999999732e-01
6.370000000000000000e+02 6.952000000000000401e-01
4.000000000000000000e+00 6.947999999999999732e-01
8.400000000000000000e+01 6.952000000000000401e-01
8.000000000000000000e+00 6.955999999999999961e-01
1.200000000000000000e+01 6.959999999999999520e-01
1.700000000000000000e+01 6.964000000000000190e-01
1.000000000000000000e+00 6.964000000000000190e-01
7.000000000000000000e+00 6.967999999999999750e-01
9.900000000000000000e+01 6.972000000000000419e-01
3.200000000000000000e+01 6.972000000000000419e-01
2.000000000000000000e+01 6.975999999999999979e-01
6.570000000000000000e+02 6.975999999999999979e-01
1.000000000000000000e+00 6.952000000000000401e-01
2.670000000000000000e+02 6.955999999999999961e-01
0.000000000000000000e+00 6.944000000000000172e-01
3.240000000000000000e+02 6.947999999999999732e-01
2.670000000000000000e+02 6.924000000000000155e-01
1.200000000000000000e+01 6.924000000000000155e-01
3.000000000000000000e+00 6.927999999999999714e-01
3.120000000000000000e+02 6.932000000000000384e-01
7.400000000000000000e+01 6.935999999999999943e-01
2.740000000000000000e+02 6.939999999999999503e-01
4.000000000000000000e+00 6.944000000000000172e-01
6.349000000000000000e+03 6.947999999999999732e-01
0.000000000000000000e+00 6.844000000000000083e-01
0.000000000000000000e+00 6.847999999999999643e-01
2.000000000000000000e+00 6.852000000000000313e-01
6.000000000000000000e+00 6.855999999999999872e-01
1.200000000000000000e+01 6.860000000000000542e-01
1.000000000000000000e+00 6.860000000000000542e-01
6.300000000000000000e+01 6.864000000000000101e-01
4.500000000000000000e+01 6.864000000000000101e-01
1.700000000000000000e+01 6.867999999999999661e-01
5.100000000000000000e+01 6.867999999999999661e-01
2.000000000000000000e+00 6.872000000000000330e-01
4.700000000000000000e+01 6.875999999999999890e-01
9.000000000000000000e+00 6.879999999999999449e-01
0.000000000000000000e+00 6.884000000000000119e-01
1.220000000000000000e+02 6.887999999999999678e-01
3.140000000000000000e+02 6.892000000000000348e-01
9.000000000000000000e+00 6.892000000000000348e-01
1.000000000000000000e+00 6.884000000000000119e-01
3.400000000000000000e+01 6.887999999999999678e-01
2.900000000000000000e+01 6.892000000000000348e-01
0.000000000000000000e+00 6.895999999999999908e-01
5.000000000000000000e+00 6.899999999999999467e-01
0.000000000000000000e+00 6.904000000000000137e-01
2.000000000000000000e+00 6.907999999999999696e-01
1.000000000000000000e+00 6.912000000000000366e-01
0.000000000000000000e+00 6.915999999999999925e-01
2.100000000000000000e+01 6.919999999999999485e-01
1.100000000000000000e+02 6.924000000000000155e-01
6.000000000000000000e+00 6.924000000000000155e-01
0.000000000000000000e+00 6.927999999999999714e-01
4.000000000000000000e+00 6.932000000000000384e-01
0.000000000000000000e+00 6.935999999999999943e-01
4.000000000000000000e+00 6.939999999999999503e-01
8.000000000000000000e+00 6.944000000000000172e-01
5.700000000000000000e+01 6.947999999999999732e-01
0.000000000000000000e+00 6.952000000000000401e-01
8.000000000000000000e+00 6.955999999999999961e-01
2.910000000000000000e+02 6.959999999999999520e-01
1.000000000000000000e+00 6.964000000000000190e-01
2.880000000000000000e+02 6.967999999999999750e-01
9.000000000000000000e+00 6.955999999999999961e-01
2.100000000000000000e+01 6.959999999999999520e-01
1.140000000000000000e+02 6.964000000000000190e-01
9.000000000000000000e+00 6.967999999999999750e-01
6.690000000000000000e+02 6.972000000000000419e-01
2.000000000000000000e+00 6.975999999999999979e-01
1.000000000000000000e+00 6.979999999999999538e-01
6.000000000000000000e+00 6.979999999999999538e-01
8.870000000000000000e+02 6.984000000000000208e-01
0.000000000000000000e+00 6.959999999999999520e-01
0.000000000000000000e+00 6.964000000000000190e-01
0.000000000000000000e+00 6.967999999999999750e-01
2.700000000000000000e+01 6.972000000000000419e-01
3.900000000000000000e+01 6.975999999999999979e-01
1.050000000000000000e+02 6.964000000000000190e-01
5.560000000000000000e+02 6.967999999999999750e-01
1.320000000000000000e+02 6.959999999999999520e-01
1.040000000000000000e+02 6.964000000000000190e-01
7.500000000000000000e+01 6.924000000000000155e-01
0.000000000000000000e+00 6.927999999999999714e-01
0.000000000000000000e+00 6.932000000000000384e-01
9.290000000000000000e+02 6.935999999999999943e-01
0.000000000000000000e+00 6.927999999999999714e-01
3.100000000000000000e+01 6.932000000000000384e-01
3.000000000000000000e+00 6.935999999999999943e-01
2.599000000000000000e+03 6.939999999999999503e-01
3.900000000000000000e+01 6.912000000000000366e-01
1.700000000000000000e+01 6.915999999999999925e-01
7.000000000000000000e+00 6.919999999999999485e-01
6.490000000000000000e+02 6.924000000000000155e-01
0.000000000000000000e+00 6.924000000000000155e-01
2.000000000000000000e+00 6.927999999999999714e-01
0.000000000000000000e+00 6.932000000000000384e-01
0.000000000000000000e+00 6.935999999999999943e-01
1.480000000000000000e+02 6.939999999999999503e-01
8.000000000000000000e+00 6.939999999999999503e-01
3.830000000000000000e+02 6.944000000000000172e-01
0.000000000000000000e+00 6.935999999999999943e-01
8.000000000000000000e+00 6.939999999999999503e-01
5.570000000000000000e+02 6.944000000000000172e-01
2.000000000000000000e+00 6.939999999999999503e-01
0.000000000000000000e+00 6.944000000000000172e-01
3.100000000000000000e+01 6.947999999999999732e-01
0.000000000000000000e+00 6.952000000000000401e-01
7.000000000000000000e+00 6.955999999999999961e-01
0.000000000000000000e+00 6.959999999999999520e-01
2.000000000000000000e+00 6.964000000000000190e-01
0.000000000000000000e+00 6.967999999999999750e-01
1.000000000000000000e+00 6.972000000000000419e-01
0.000000000000000000e+00 6.975999999999999979e-01
8.000000000000000000e+00 6.979999999999999538e-01
0.000000000000000000e+00 6.984000000000000208e-01
6.900000000000000000e+01 6.987999999999999767e-01
1.000000000000000000e+00 6.992000000000000437e-01
2.000000000000000000e+01 6.995999999999999996e-01
1.690000000000000000e+02 6.999999999999999556e-01
0.000000000000000000e+00 7.004000000000000226e-01
0.000000000000000000e+00 7.007999999999999785e-01
2.000000000000000000e+00 7.012000000000000455e-01
0.000000000000000000e+00 7.016000000000000014e-01
0.000000000000000000e+00 7.019999999999999574e-01
4.400000000000000000e+01 7.024000000000000243e-01
0.000000000000000000e+00 7.027999999999999803e-01
3.000000000000000000e+00 7.032000000000000473e-01
1.737000000000000000e+03 7.032000000000000473e-01
1.500000000000000000e+01 7.007999999999999785e-01
0.000000000000000000e+00 7.012000000000000455e-01
2.000000000000000000e+00 7.016000000000000014e-01
0.000000000000000000e+00 7.019999999999999574e-01
2.800000000000000000e+01 7.024000000000000243e-01
7.000000000000000000e+00 7.027999999999999803e-01
3.573000000000000000e+03 7.024000000000000243e-01
0.000000000000000000e+00 6.899999999999999467e-01
0.000000000000000000e+00 6.904000000000000137e-01
0.000000000000000000e+00 6.907999999999999696e-01
3.570000000000000000e+02 6.912000000000000366e-01
1.144000000000000000e+03 6.907999999999999696e-01
1.380000000000000000e+02 6.892000000000000348e-01
0.000000000000000000e+00 6.895999999999999908e-01
4.340000000000000000e+02 6.899999999999999467e-01
6.000000000000000000e+00 6.904000000000000137e-01
1.000000000000000000e+00 6.907999999999999696e-01
0.000000000000000000e+00 6.912000000000000366e-01
1.500000000000000000e+01 6.915999999999999925e-01
0.000000000000000000e+00 6.919999999999999485e-01
7.900000000000000000e+01 6.924000000000000155e-01
0.000000000000000000e+00 6.892000000000000348e-01
2.550000000000000000e+02 6.895999999999999908e-01
0.000000000000000000e+00 6.852000000000000313e-01
2.000000000000000000e+00 6.855999999999999872e-01
0.000000000000000000e+00 6.860000000000000542e-01
0.000000000000000000e+00 6.864000000000000101e-01
5.900000000000000000e+01 6.867999999999999661e-01
0.000000000000000000e+00 6.872000000000000330e-01
1.900000000000000000e+01 6.875999999999999890e-01
4.000000000000000000e+00 6.879999999999999449e-01
1.800000000000000000e+01 6.884000000000000119e-01
1.129000000000000000e+03 6.887999999999999678e-01
3.000000000000000000e+00 6.872000000000000330e-01
2.000000000000000000e+00 6.875999999999999890e-01
0.000000000000000000e+00 6.879999999999999449e-01
3.000000000000000000e+00 6.884000000000000119e-01
2.000000000000000000e+00 6.887999999999999678e-01
1.320000000000000000e+02 6.884000000000000119e-01
0.000000000000000000e+00 6.887999999999999678e-01
2.570000000000000000e+03 6.892000000000000348e-01
1.000000000000000000e+00 6.824000000000000066e-01
2.700000000000000000e+01 6.827999999999999625e-01
0.000000000000000000e+00 6.832000000000000295e-01
5.000000000000000000e+00 6.835999999999999854e-01
2.900000000000000000e+01 6.840000000000000524e-01
3.300000000000000000e+01 6.844000000000000083e-01
4.329000000000000000e+03 6.847999999999999643e-01
4.000000000000000000e+00 6.820000000000000506e-01
9.000000000000000000e+00 6.824000000000000066e-01
0.000000000000000000e+00 6.827999999999999625e-01
0.000000000000000000e+00 6.832000000000000295e-01
1.980000000000000000e+02 6.835999999999999854e-01
4.100000000000000000e+01 6.840000000000000524e-01
1.000000000000000000e+00 6.835999999999999854e-01
1.000000000000000000e+01 6.840000000000000524e-01
9.000000000000000000e+00 6.844000000000000083e-01
0.000000000000000000e+00 6.847999999999999643e-01
0.000000000000000000e+00 6.852000000000000313e-01
0.000000000000000000e+00 6.855999999999999872e-01
0.000000000000000000e+00 6.860000000000000542e-01
7.300000000000000000e+01 6.864000000000000101e-01
4.000000000000000000e+00 6.867999999999999661e-01
0.000000000000000000e+00 6.872000000000000330e-01
4.800000000000000000e+01 6.875999999999999890e-01
2.240000000000000000e+02 6.879999999999999449e-01
1.540000000000000000e+02 6.879999999999999449e-01
0.000000000000000000e+00 6.884000000000000119e-01
2.260000000000000000e+02 6.887999999999999678e-01
0.000000000000000000e+00 6.892000000000000348e-01
0.000000000000000000e+00 6.895999999999999908e-01
0.000000000000000000e+00 6.899999999999999467e-01
5.900000000000000000e+01 6.904000000000000137e-01
1.000000000000000000e+00 6.907999999999999696e-01
1.070000000000000000e+02 6.912000000000000366e-01
0.000000000000000000e+00 6.899999999999999467e-01
0.000000000000000000e+00 6.904000000000000137e-01
3.578000000000000000e+03 6.907999999999999696e-01
4.000000000000000000e+00 6.884000000000000119e-01
0.000000000000000000e+00 6.887999999999999678e-01
0.000000000000000000e+00 6.892000000000000348e-01
1.600000000000000000e+01 6.895999999999999908e-01
2.000000000000000000e+00 6.899999999999999467e-01
3.000000000000000000e+00 6.904000000000000137e-01
2.000000000000000000e+00 6.907999999999999696e-01
6.200000000000000000e+01 6.907999999999999696e-01
1.000000000000000000e+01 6.912000000000000366e-01
0.000000000000000000e+00 6.915999999999999925e-01
0.000000000000000000e+00 6.919999999999999485e-01
0.000000000000000000e+00 6.924000000000000155e-01
0.000000000000000000e+00 6.927999999999999714e-01
0.000000000000000000e+00 6.932000000000000384e-01
6.910000000000000000e+02 6.935999999999999943e-01
0.000000000000000000e+00 6.915999999999999925e-01
5.000000000000000000e+00 6.919999999999999485e-01
2.000000000000000000e+01 6.924000000000000155e-01
8.000000000000000000e+00 6.919999999999999485e-01
7.000000000000000000e+00 6.924000000000000155e-01
4.300000000000000000e+01 6.919999999999999485e-01
6.000000000000000000e+00 6.924000000000000155e-01
4.000000000000000000e+00 6.924000000000000155e-01
0.000000000000000000e+00 6.927999999999999714e-01
0.000000000000000000e+00 6.932000000000000384e-01
0.000000000000000000e+00 6.935999999999999943e-01
5.800000000000000000e+02 6.939999999999999503e-01
6.030000000000000000e+02 6.915999999999999925e-01
8.900000000000000000e+01 6.899999999999999467e-01
1.100000000000000000e+01 6.899999999999999467e-01
0.000000000000000000e+00 6.895999999999999908e-01
2.000000000000000000e+00 6.899999999999999467e-01
3.000000000000000000e+00 6.904000000000000137e-01
0.000000000000000000e+00 6.907999999999999696e-01
4.700000000000000000e+01 6.912000000000000366e-01
1.500000000000000000e+02 6.915999999999999925e-01
1.000000000000000000e+00 6.919999999999999485e-01
6.000000000000000000e+00 6.924000000000000155e-01
0.000000000000000000e+00 6.927999999999999714e-01
6.400000000000000000e+01 6.932000000000000384e-01
7.000000000000000000e+00 6.919999999999999485e-01
5.000000000000000000e+00 6.924000000000000155e-01
9.700000000000000000e+01 6.927999999999999714e-01
1.000000000000000000e+00 6.932000000000000384e-01
1.900000000000000000e+01 6.935999999999999943e-01
1.700000000000000000e+02 6.939999999999999503e-01
0.000000000000000000e+00 6.944000000000000172e-01
3.000000000000000000e+00 6.947999999999999732e-01
5.500000000000000000e+01 6.952000000000000401e-01
1.780000000000000000e+02 6.952000000000000401e-01
6.000000000000000000e+00 6.939999999999999503e-01
2.730000000000000000e+02 6.944000000000000172e-01
4.001000000000000000e+03 6.932000000000000384e-01
2.700000000000000000e+01 6.899999999999999467e-01
0.000000000000000000e+00 6.892000000000000348e-01
2.400000000000000000e+02 6.895999999999999908e-01
4.100000000000000000e+01 6.899999999999999467e-01
1.000000000000000000e+00 6.904000000000000137e-01
8.000000000000000000e+00 6.907999999999999696e-01
4.000000000000000000e+00 6.912000000000000366e-01
1.350000000000000000e+02 6.915999999999999925e-01
0.000000000000000000e+00 6.919999999999999485e-01
0.000000000000000000e+00 6.924000000000000155e-01
4.910000000000000000e+02 6.927999999999999714e-01
1.000000000000000000e+00 6.907999999999999696e-01
3.000000000000000000e+00 6.912000000000000366e-01
0.000000000000000000e+00 6.912000000000000366e-01
1.000000000000000000e+00 6.915999999999999925e-01
3.170000000000000000e+02 6.919999999999999485e-01
5.000000000000000000e+00 6.924000000000000155e-01
0.000000000000000000e+00 6.927999999999999714e-01
8.980000000000000000e+02 6.932000000000000384e-01
4.000000000000000000e+00 6.895999999999999908e-01
3.580000000000000000e+02 6.892000000000000348e-01
2.700000000000000000e+01 6.884000000000000119e-01
0.000000000000000000e+00 6.887999999999999678e-01
3.500000000000000000e+01 6.892000000000000348e-01
0.000000000000000000e+00 6.879999999999999449e-01
7.200000000000000000e+01 6.884000000000000119e-01
0.000000000000000000e+00 6.887999999999999678e-01
1.100000000000000000e+01 6.892000000000000348e-01
2.000000000000000000e+00 6.895999999999999908e-01
2.000000000000000000e+00 6.899999999999999467e-01
1.772000000000000000e+03 6.904000000000000137e-01
5.000000000000000000e+00 6.907999999999999696e-01
5.900000000000000000e+01 6.912000000000000366e-01
1.520000000000000000e+02 6.915999999999999925e-01
3.000000000000000000e+00 6.919999999999999485e-01
0.000000000000000000e+00 6.924000000000000155e-01
1.000000000000000000e+00 6.927999999999999714e-01
2.500000000000000000e+01 6.924000000000000155e-01
1.010000000000000000e+02 6.924000000000000155e-01
7.000000000000000000e+00 6.927999999999999714e-01
0.000000000000000000e+00 6.932000000000000384e-01
3.600000000000000000e+01 6.935999999999999943e-01
6.000000000000000000e+00 6.924000000000000155e-01
8.000000000000000000e+00 6.924000000000000155e-01
0.000000000000000000e+00 6.927999999999999714e-01
7.000000000000000000e+00 6.932000000000000384e-01
0.000000000000000000e+00 6.935999999999999943e-01
3.000000000000000000e+00 6.939999999999999503e-01
0.000000000000000000e+00 6.944000000000000172e-01
1.000000000000000000e+00 6.947999999999999732e-01
1.000000000000000000e+00 6.952000000000000401e-01
0.000000000000000000e+00 6.955999999999999961e-01
7.900000000000000000e+01 6.959999999999999520e-01
0.000000000000000000e+00 6.964000000000000190e-01
0.000000000000000000e+00 6.967999999999999750e-01
8.100000000000000000e+01 6.972000000000000419e-01
2.000000000000000000e+00 6.975999999999999979e-01
2.110000000000000000e+02 6.979999999999999538e-01
1.000000000000000000e+00 6.984000000000000208e-01
0.000000000000000000e+00 6.987999999999999767e-01
2.100000000000000000e+02 6.992000000000000437e-01
8.000000000000000000e+00 6.995999999999999996e-01
2.000000000000000000e+00 6.999999999999999556e-01
5.000000000000000000e+00 7.004000000000000226e-01
4.968000000000000000e+03 7.007999999999999785e-01
4.000000000000000000e+01 6.955999999999999961e-01
1.000000000000000000e+00 6.955999999999999961e-01
0.000000000000000000e+00 6.959999999999999520e-01
2.750000000000000000e+02 6.964000000000000190e-01
1.800000000000000000e+01 6.964000000000000190e-01
0.000000000000000000e+00 6.967999999999999750e-01
1.000000000000000000e+00 6.972000000000000419e-01
6.000000000000000000e+00 6.975999999999999979e-01
0.000000000000000000e+00 6.979999999999999538e-01
2.600000000000000000e+01 6.984000000000000208e-01
0.000000000000000000e+00 6.987999999999999767e-01
0.000000000000000000e+00 6.992000000000000437e-01
2.000000000000000000e+00 6.995999999999999996e-01
6.000000000000000000e+00 6.999999999999999556e-01
0.000000000000000000e+00 7.004000000000000226e-01
0.000000000000000000e+00 7.007999999999999785e-01
0.000000000000000000e+00 7.012000000000000455e-01
0.000000000000000000e+00 7.016000000000000014e-01
0.000000000000000000e+00 7.019999999999999574e-01
7.454000000000000000e+03 7.024000000000000243e-01
6.000000000000000000e+00 6.907999999999999696e-01
1.000000000000000000e+00 6.912000000000000366e-01
0.000000000000000000e+00 6.915999999999999925e-01
1.000000000000000000e+00 6.919999999999999485e-01
0.000000000000000000e+00 6.924000000000000155e-01
2.000000000000000000e+00 6.927999999999999714e-01
3.000000000000000000e+00 6.932000000000000384e-01
1.500000000000000000e+01 6.935999999999999943e-01
4.000000000000000000e+01 6.939999999999999503e-01
0.000000000000000000e+00 6.935999999999999943e-01
1.000000000000000000e+00 6.939999999999999503e-01
0.000000000000000000e+00 6.944000000000000172e-01
0.000000000000000000e+00 6.947999999999999732e-01
4.000000000000000000e+01 6.952000000000000401e-01
3.700000000000000000e+02 6.955999999999999961e-01
1.000000000000000000e+00 6.959999999999999520e-01
1.200000000000000000e+01 6.964000000000000190e-01
0.000000000000000000e+00 6.967999999999999750e-01
2.000000000000000000e+00 6.972000000000000419e-01
1.000000000000000000e+01 6.975999999999999979e-01
8.000000000000000000e+00 6.979999999999999538e-01
5.600000000000000000e+01 6.984000000000000208e-01
0.000000000000000000e+00 6.987999999999999767e-01
0.000000000000000000e+00 6.992000000000000437e-01
0.000000000000000000e+00 6.995999999999999996e-01
3.630000000000000000e+02 6.999999999999999556e-01
0.000000000000000000e+00 7.004000000000000226e-01
1.800000000000000000e+01 7.007999999999999785e-01
0.000000000000000000e+00 7.012000000000000455e-01
3.000000000000000000e+00 7.016000000000000014e-01
4.700000000000000000e+01 7.019999999999999574e-01
4.000000000000000000e+00 7.016000000000000014e-01
2.400000000000000000e+01 7.019999999999999574e-01
1.700000000000000000e+01 7.024000000000000243e-01
4.007000000000000000e+03 7.027999999999999803e-01
1.000000000000000000e+00 6.979999999999999538e-01
0.000000000000000000e+00 6.979999999999999538e-01
2.000000000000000000e+00 6.984000000000000208e-01
2.540000000000000000e+02 6.987999999999999767e-01
0.000000000000000000e+00 6.984000000000000208e-01
5.000000000000000000e+00 6.987999999999999767e-01
0.000000000000000000e+00 6.992000000000000437e-01
0.000000000000000000e+00 6.995999999999999996e-01
2.000000000000000000e+00 6.999999999999999556e-01
8.000000000000000000e+00 7.004000000000000226e-01
2.000000000000000000e+00 7.007999999999999785e-01
2.200000000000000000e+01 7.012000000000000455e-01
0.000000000000000000e+00 7.016000000000000014e-01
2.740000000000000000e+02 7.019999999999999574e-01
2.000000000000000000e+01 7.016000000000000014e-01
4.000000000000000000e+00 7.012000000000000455e-01
2.703000000000000000e+03 7.007999999999999785e-01
1.900000000000000000e+01 6.967999999999999750e-01
3.800000000000000000e+01 6.972000000000000419e-01
3.900000000000000000e+01 6.972000000000000419e-01
7.300000000000000000e+01 6.975999999999999979e-01
5.000000000000000000e+00 6.959999999999999520e-01
0.000000000000000000e+00 6.959999999999999520e-01
1.500000000000000000e+01 6.964000000000000190e-01
2.500000000000000000e+01 6.967999999999999750e-01
0.000000000000000000e+00 6.964000000000000190e-01
9.000000000000000000e+01 6.967999999999999750e-01
3.000000000000000000e+01 6.972000000000000419e-01
1.721000000000000000e+03 6.975999999999999979e-01
2.000000000000000000e+00 6.887999999999999678e-01
5.888000000000000000e+03 6.892000000000000348e-01
1.000000000000000000e+00 6.835999999999999854e-01
0.000000000000000000e+00 6.840000000000000524e-01
9.600000000000000000e+01 6.844000000000000083e-01
0.000000000000000000e+00 6.847999999999999643e-01
1.700000000000000000e+01 6.852000000000000313e-01
1.600000000000000000e+01 6.844000000000000083e-01
0.000000000000000000e+00 6.847999999999999643e-01
7.000000000000000000e+00 6.852000000000000313e-01
2.170000000000000000e+02 6.855999999999999872e-01
5.000000000000000000e+00 6.860000000000000542e-01
0.000000000000000000e+00 6.864000000000000101e-01
0.000000000000000000e+00 6.867999999999999661e-01
5.700000000000000000e+01 6.872000000000000330e-01
2.100000000000000000e+02 6.875999999999999890e-01
1.000000000000000000e+00 6.879999999999999449e-01
2.000000000000000000e+00 6.884000000000000119e-01
4.000000000000000000e+00 6.887999999999999678e-01
0.000000000000000000e+00 6.892000000000000348e-01
0.000000000000000000e+00 6.895999999999999908e-01
2.000000000000000000e+00 6.899999999999999467e-01
0.000000000000000000e+00 6.904000000000000137e-01
5.000000000000000000e+00 6.907999999999999696e-01
0.000000000000000000e+00 6.912000000000000366e-01
0.000000000000000000e+00 6.915999999999999925e-01
1.570000000000000000e+02 6.919999999999999485e-01
9.000000000000000000e+00 6.919999999999999485e-01
4.000000000000000000e+00 6.924000000000000155e-01
2.000000000000000000e+00 6.927999999999999714e-01
1.000000000000000000e+00 6.919999999999999485e-01
1.660000000000000000e+02 6.924000000000000155e-01
3.400000000000000000e+01 6.927999999999999714e-01
0.000000000000000000e+00 6.932000000000000384e-01
0.000000000000000000e+00 6.935999999999999943e-01
0.000000000000000000e+00 6.939999999999999503e-01
0.000000000000000000e+00 6.944000000000000172e-01
6.000000000000000000e+01 6.947999999999999732e-01
1.100000000000000000e+01 6.939999999999999503e-01
0.000000000000000000e+00 6.944000000000000172e-01
0.000000000000000000e+00 6.947999999999999732e-01
3.000000000000000000e+00 6.952000000000000401e-01
1.000000000000000000e+00 6.955999999999999961e-01
1.550000000000000000e+02 6.959999999999999520e-01
3.000000000000000000e+00 6.964000000000000190e-01
3.000000000000000000e+00 6.967999999999999750e-01
4.000000000000000000e+00 6.972000000000000419e-01
0.000000000000000000e+00 6.975999999999999979e-01
1.900000000000000000e+01 6.979999999999999538e-01
0.000000000000000000e+00 6.967999999999999750e-01
6.000000000000000000e+00 6.972000000000000419e-01
1.050000000000000000e+02 6.975999999999999979e-01
1.716000000000000000e+03 6.979999999999999538e-01
1.260000000000000000e+02 6.919999999999999485e-01
2.000000000000000000e+00 6.915999999999999925e-01
1.300000000000000000e+01 6.919999999999999485e-01
1.000000000000000000e+00 6.919999999999999485e-01
0.000000000000000000e+00 6.924000000000000155e-01
2.830000000000000000e+02 6.927999999999999714e-01
0.000000000000000000e+00 6.884000000000000119e-01
3.900000000000000000e+01 6.887999999999999678e-01
2.190000000000000000e+02 6.892000000000000348e-01
0.000000000000000000e+00 6.867999999999999661e-01
1.500000000000000000e+01 6.872000000000000330e-01
0.000000000000000000e+00 6.875999999999999890e-01
0.000000000000000000e+00 6.879999999999999449e-01
4.500000000000000000e+01 6.884000000000000119e-01
1.000000000000000000e+00 6.887999999999999678e-01
3.000000000000000000e+00 6.892000000000000348e-01
1.155000000000000000e+03 6.887999999999999678e-01
0.000000000000000000e+00 6.875999999999999890e-01
1.000000000000000000e+00 6.879999999999999449e-01
4.600000000000000000e+01 6.884000000000000119e-01
3.000000000000000000e+00 6.887999999999999678e-01
0.000000000000000000e+00 6.892000000000000348e-01
1.200000000000000000e+01 6.895999999999999908e-01
9.000000000000000000e+00 6.899999999999999467e-01
0.000000000000000000e+00 6.895999999999999908e-01
2.000000000000000000e+00 6.899999999999999467e-01
5.000000000000000000e+00 6.904000000000000137e-01
7.000000000000000000e+00 6.907999999999999696e-01
5.000000000000000000e+00 6.912000000000000366e-01
1.800000000000000000e+01 6.915999999999999925e-01
2.080000000000000000e+02 6.919999999999999485e-01
0.000000000000000000e+00 6.924000000000000155e-01
0.000000000000000000e+00 6.927999999999999714e-01
1.280000000000000000e+02 6.932000000000000384e-01
4.000000000000000000e+00 6.935999999999999943e-01
0.000000000000000000e+00 6.939999999999999503e-01
1.269000000000000000e+03 6.944000000000000172e-01
1.900000000000000000e+01 6.915999999999999925e-01
5.000000000000000000e+00 6.919999999999999485e-01
7.000000000000000000e+00 6.924000000000000155e-01
0.000000000000000000e+00 6.927999999999999714e-01
0.000000000000000000e+00 6.932000000000000384e-01
9.000000000000000000e+00 6.935999999999999943e-01
3.000000000000000000e+01 6.939999999999999503e-01
0.000000000000000000e+00 6.944000000000000172e-01
0.000000000000000000e+00 6.947999999999999732e-01
3.000000000000000000e+00 6.952000000000000401e-01
1.700000000000000000e+01 6.955999999999999961e-01
2.700000000000000000e+01 6.959999999999999520e-01
3.000000000000000000e+01 6.964000000000000190e-01
0.000000000000000000e+00 6.967999999999999750e-01
3.000000000000000000e+00 6.972000000000000419e-01
1.000000000000000000e+00 6.975999999999999979e-01
2.400000000000000000e+02 6.979999999999999538e-01
6.800000000000000000e+01 6.975999999999999979e-01
0.000000000000000000e+00 6.979999999999999538e-01
0.000000000000000000e+00 6.984000000000000208e-01
9.700000000000000000e+01 6.987999999999999767e-01
5.000000000000000000e+00 6.992000000000000437e-01
0.000000000000000000e+00 6.995999999999999996e-01
0.000000000000000000e+00 6.999999999999999556e-01
0.000000000000000000e+00 7.004000000000000226e-01
2.000000000000000000e+00 7.007999999999999785e-01
9.000000000000000000e+00 7.012000000000000455e-01
1.100000000000000000e+01 7.016000000000000014e-01
1.230000000000000000e+03 7.012000000000000455e-01
2.000000000000000000e+00 7.016000000000000014e-01
6.400000000000000000e+01 7.019999999999999574e-01
0.000000000000000000e+00 7.007999999999999785e-01
0.000000000000000000e+00 7.012000000000000455e-01
2.000000000000000000e+00 7.016000000000000014e-01
0.000000000000000000e+00 7.019999999999999574e-01
1.570000000000000000e+02 7.024000000000000243e-01
0.000000000000000000e+00 7.016000000000000014e-01
3.620000000000000000e+02 7.019999999999999574e-01
6.000000000000000000e+00 7.012000000000000455e-01
0.000000000000000000e+00 7.012000000000000455e-01
2.700000000000000000e+02 7.016000000000000014e-01
1.000000000000000000e+00 7.004000000000000226e-01
2.000000000000000000e+00 6.999999999999999556e-01
5.800000000000000000e+01 7.004000000000000226e-01
2.160000000000000000e+02 7.007999999999999785e-01
1.180000000000000000e+02 6.992000000000000437e-01
0.000000000000000000e+00 6.995999999999999996e-01
2.000000000000000000e+00 6.999999999999999556e-01
9.000000000000000000e+00 7.004000000000000226e-01
0.000000000000000000e+00 7.007999999999999785e-01
1.210000000000000000e+02 7.012000000000000455e-01
0.000000000000000000e+00 7.016000000000000014e-01
1.360000000000000000e+02 7.019999999999999574e-01
0.000000000000000000e+00 7.024000000000000243e-01
0.000000000000000000e+00 7.027999999999999803e-01
2.000000000000000000e+00 7.032000000000000473e-01
0.000000000000000000e+00 7.036000000000000032e-01
2.000000000000000000e+00 7.039999999999999591e-01
8.310000000000000000e+03 7.044000000000000261e-01
5.300000000000000000e+01 6.964000000000000190e-01
3.200000000000000000e+01 6.944000000000000172e-01
1.900000000000000000e+01 6.947999999999999732e-01
2.100000000000000000e+01 6.952000000000000401e-01
6.220000000000000000e+02 6.955999999999999961e-01
1.800000000000000000e+01 6.939999999999999503e-01
4.000000000000000000e+00 6.944000000000000172e-01
1.075000000000000000e+03 6.947999999999999732e-01
0.000000000000000000e+00 6.924000000000000155e-01
0.000000000000000000e+00 6.927999999999999714e-01
7.100000000000000000e+01 6.932000000000000384e-01
0.000000000000000000e+00 6.935999999999999943e-01
1.160000000000000000e+02 6.939999999999999503e-01
0.000000000000000000e+00 6.944000000000000172e-01
1.320000000000000000e+02 6.947999999999999732e-01
1.000000000000000000e+00 6.952000000000000401e-01
0.000000000000000000e+00 6.955999999999999961e-01
9.000000000000000000e+00 6.959999999999999520e-01
0.000000000000000000e+00 6.964000000000000190e-01
6.000000000000000000e+00 6.967999999999999750e-01
6.420000000000000000e+02 6.972000000000000419e-01
0.000000000000000000e+00 6.955999999999999961e-01
8.000000000000000000e+00 6.959999999999999520e-01
7.400000000000000000e+01 6.955999999999999961e-01
0.000000000000000000e+00 6.959999999999999520e-01
5.000000000000000000e+00 6.964000000000000190e-01
4.510000000000000000e+03 6.967999999999999750e-01
1.700000000000000000e+01 6.892000000000000348e-01
1.200000000000000000e+01 6.895999999999999908e-01
2.000000000000000000e+00 6.899999999999999467e-01
0.000000000000000000e+00 6.904000000000000137e-01
0.000000000000000000e+00 6.907999999999999696e-01
1.000000000000000000e+00 6.912000000000000366e-01
0.000000000000000000e+00 6.915999999999999925e-01
0.000000000000000000e+00 6.919999999999999485e-01
3.660000000000000000e+02 6.924000000000000155e-01
3.300000000000000000e+01 6.895999999999999908e-01
3.000000000000000000e+00 6.899999999999999467e-01
0.000000000000000000e+00 6.904000000000000137e-01
3.000000000000000000e+00 6.907999999999999696e-01
2.000000000000000000e+00 6.912000000000000366e-01
0.000000000000000000e+00 6.912000000000000366e-01
5.500000000000000000e+01 6.915999999999999925e-01
1.230000000000000000e+02 6.919999999999999485e-01
4.730000000000000000e+02 6.919999999999999485e-01
0.000000000000000000e+00 6.924000000000000155e-01
5.790000000000000000e+02 6.927999999999999714e-01
1.000000000000000000e+00 6.932000000000000384e-01
8.000000000000000000e+00 6.935999999999999943e-01
1.100000000000000000e+01 6.939999999999999503e-01
0.000000000000000000e+00 6.944000000000000172e-01
3.000000000000000000e+00 6.947999999999999732e-01
5.100000000000000000e+01 6.952000000000000401e-01
0.000000000000000000e+00 6.955999999999999961e-01
0.000000000000000000e+00 6.959999999999999520e-01
1.500000000000000000e+01 6.964000000000000190e-01
9.000000000000000000e+00 6.967999999999999750e-01
4.000000000000000000e+00 6.967999999999999750e-01
6.000000000000000000e+00 6.972000000000000419e-01
2.000000000000000000e+00 6.975999999999999979e-01
3.000000000000000000e+00 6.979999999999999538e-01
0.000000000000000000e+00 6.979999999999999538e-01
6.380000000000000000e+02 6.984000000000000208e-01
0.000000000000000000e+00 6.987999999999999767e-01
6.000000000000000000e+00 6.992000000000000437e-01
1.071000000000000000e+03 6.995999999999999996e-01
0.000000000000000000e+00 6.999999999999999556e-01
3.000000000000000000e+00 7.004000000000000226e-01
0.000000000000000000e+00 7.007999999999999785e-01
0.000000000000000000e+00 7.012000000000000455e-01
0.000000000000000000e+00 7.016000000000000014e-01
2.012000000000000000e+03 7.019999999999999574e-01
0.000000000000000000e+00 6.979999999999999538e-01
4.000000000000000000e+00 6.984000000000000208e-01
9.000000000000000000e+00 6.984000000000000208e-01
1.400000000000000000e+01 6.987999999999999767e-01
6.000000000000000000e+01 6.992000000000000437e-01
1.600000000000000000e+01 6.995999999999999996e-01
2.700000000000000000e+01 6.999999999999999556e-01
0.000000000000000000e+00 7.004000000000000226e-01
6.000000000000000000e+00 7.007999999999999785e-01
7.430000000000000000e+02 7.012000000000000455e-01
0.000000000000000000e+00 6.999999999999999556e-01
0.000000000000000000e+00 7.004000000000000226e-01
0.000000000000000000e+00 7.007999999999999785e-01
0.000000000000000000e+00 7.012000000000000455e-01
0.000000000000000000e+00 7.016000000000000014e-01
0.000000000000000000e+00 7.019999999999999574e-01
6.000000000000000000e+00 7.024000000000000243e-01
1.300000000000000000e+01 7.024000000000000243e-01
0.000000000000000000e+00 7.027999999999999803e-01
4.500000000000000000e+01 7.032000000000000473e-01
1.800000000000000000e+01 7.019999999999999574e-01
0.000000000000000000e+00 7.024000000000000243e-01
9.000000000000000000e+00 7.027999999999999803e-01
4.000000000000000000e+00 7.024000000000000243e-01
2.305000000000000000e+03 7.027999999999999803e-01
2.500000000000000000e+01 7.016000000000000014e-01
2.036000000000000000e+03 7.004000000000000226e-01
1.000000000000000000e+00 6.932000000000000384e-01
1.290000000000000000e+02 6.935999999999999943e-01
1.660000000000000000e+02 6.939999999999999503e-01
3.100000000000000000e+01 6.944000000000000172e-01
0.000000000000000000e+00 6.947999999999999732e-01
9.890000000000000000e+02 6.952000000000000401e-01
1.900000000000000000e+01 6.944000000000000172e-01
2.000000000000000000e+00 6.947999999999999732e-01
2.400000000000000000e+01 6.952000000000000401e-01
3.400000000000000000e+01 6.955999999999999961e-01
4.000000000000000000e+00 6.959999999999999520e-01
0.000000000000000000e+00 6.964000000000000190e-01
0.000000000000000000e+00 6.967999999999999750e-01
0.000000000000000000e+00 6.972000000000000419e-01
3.571000000000000000e+03 6.975999999999999979e-01
0.000000000000000000e+00 6.939999999999999503e-01
2.700000000000000000e+02 6.944000000000000172e-01
4.000000000000000000e+00 6.935999999999999943e-01
0.000000000000000000e+00 6.939999999999999503e-01
8.700000000000000000e+01 6.944000000000000172e-01
0.000000000000000000e+00 6.947999999999999732e-01
2.600000000000000000e+01 6.952000000000000401e-01
8.300000000000000000e+01 6.955999999999999961e-01
0.000000000000000000e+00 6.952000000000000401e-01
4.000000000000000000e+00 6.955999999999999961e-01
2.000000000000000000e+00 6.959999999999999520e-01
2.000000000000000000e+00 6.964000000000000190e-01
2.700000000000000000e+01 6.967999999999999750e-01
8.000000000000000000e+00 6.972000000000000419e-01
2.500000000000000000e+01 6.975999999999999979e-01
7.000000000000000000e+00 6.979999999999999538e-01
2.100000000000000000e+01 6.984000000000000208e-01
8.090000000000000000e+02 6.987999999999999767e-01
4.430000000000000000e+02 6.987999999999999767e-01
1.010000000000000000e+02 6.967999999999999750e-01
6.000000000000000000e+00 6.967999999999999750e-01
2.000000000000000000e+01 6.972000000000000419e-01
2.500000000000000000e+01 6.975999999999999979e-01
5.600000000000000000e+01 6.972000000000000419e-01
2.900000000000000000e+01 6.975999999999999979e-01
7.000000000000000000e+00 6.979999999999999538e-01
2.000000000000000000e+00 6.984000000000000208e-01
8.100000000000000000e+01 6.987999999999999767e-01
7.820000000000000000e+02 6.992000000000000437e-01
3.400000000000000000e+01 6.995999999999999996e-01
0.000000000000000000e+00 6.992000000000000437e-01
0.000000000000000000e+00 6.995999999999999996e-01
7.000000000000000000e+00 6.999999999999999556e-01
2.000000000000000000e+00 7.004000000000000226e-01
4.100000000000000000e+01 7.007999999999999785e-01
1.000000000000000000e+00 7.012000000000000455e-01
3.000000000000000000e+00 7.016000000000000014e-01
0.000000000000000000e+00 7.019999999999999574e-01
1.160000000000000000e+02 7.024000000000000243e-01
2.000000000000000000e+00 7.016000000000000014e-01
4.000000000000000000e+01 7.019999999999999574e-01
1.000000000000000000e+01 7.024000000000000243e-01
2.000000000000000000e+00 7.027999999999999803e-01
2.960000000000000000e+02 7.032000000000000473e-01
4.340000000000000000e+02 7.019999999999999574e-01
4.000000000000000000e+00 7.004000000000000226e-01
1.000000000000000000e+00 6.999999999999999556e-01
7.000000000000000000e+00 7.004000000000000226e-01
3.900000000000000000e+02 7.007999999999999785e-01
1.000000000000000000e+00 7.012000000000000455e-01
3.300000000000000000e+01 7.007999999999999785e-01
1.672000000000000000e+03 7.012000000000000455e-01
1.300000000000000000e+01 7.016000000000000014e-01
0.000000000000000000e+00 7.019999999999999574e-01
2.230000000000000000e+02 7.024000000000000243e-01
1.500000000000000000e+01 7.027999999999999803e-01
3.000000000000000000e+00 7.032000000000000473e-01
0.000000000000000000e+00 7.036000000000000032e-01
4.000000000000000000e+00 7.039999999999999591e-01
8.000000000000000000e+00 7.044000000000000261e-01
1.200000000000000000e+01 7.047999999999999821e-01
2.000000000000000000e+01 7.052000000000000490e-01
1.300000000000000000e+01 7.056000000000000050e-01
2.740000000000000000e+02 7.059999999999999609e-01
0.000000000000000000e+00 7.059999999999999609e-01
1.131000000000000000e+03 7.064000000000000279e-01
3.000000000000000000e+00 7.036000000000000032e-01
9.890000000000000000e+02 7.039999999999999591e-01
0.000000000000000000e+00 7.044000000000000261e-01
5.230000000000000000e+02 7.047999999999999821e-01
9.700000000000000000e+01 7.044000000000000261e-01
0.000000000000000000e+00 7.047999999999999821e-01
1.000000000000000000e+00 7.052000000000000490e-01
2.600000000000000000e+01 7.056000000000000050e-01
1.130000000000000000e+02 7.059999999999999609e-01
8.000000000000000000e+00 7.064000000000000279e-01
9.290000000000000000e+02 7.067999999999999838e-01
1.300000000000000000e+01 7.039999999999999591e-01
6.400000000000000000e+01 7.044000000000000261e-01
2.000000000000000000e+00 7.047999999999999821e-01
0.000000000000000000e+00 7.052000000000000490e-01
4.700000000000000000e+01 7.056000000000000050e-01
5.000000000000000000e+00 7.059999999999999609e-01
1.400000000000000000e+01 7.052000000000000490e-01
0.000000000000000000e+00 7.044000000000000261e-01
3.000000000000000000e+00 7.047999999999999821e-01
2.500000000000000000e+01 7.052000000000000490e-01
2.300000000000000000e+01 7.056000000000000050e-01
0.000000000000000000e+00 7.059999999999999609e-01
1.000000000000000000e+00 7.064000000000000279e-01
8.200000000000000000e+01 7.067999999999999838e-01
0.000000000000000000e+00 7.072000000000000508e-01
8.000000000000000000e+00 7.076000000000000068e-01
1.920000000000000000e+02 7.067999999999999838e-01
0.000000000000000000e+00 7.056000000000000050e-01
0.000000000000000000e+00 7.059999999999999609e-01
2.793000000000000000e+03 7.064000000000000279e-01
1.500000000000000000e+01 7.012000000000000455e-01
0.000000000000000000e+00 7.016000000000000014e-01
1.000000000000000000e+00 7.019999999999999574e-01
0.000000000000000000e+00 7.024000000000000243e-01
0.000000000000000000e+00 7.027999999999999803e-01
2.000000000000000000e+00 7.032000000000000473e-01
2.000000000000000000e+00 7.036000000000000032e-01
0.000000000000000000e+00 7.039999999999999591e-01
4.200000000000000000e+01 7.044000000000000261e-01
2.000000000000000000e+01 7.047999999999999821e-01
1.300000000000000000e+01 7.052000000000000490e-01
0.000000000000000000e+00 7.044000000000000261e-01
0.000000000000000000e+00 7.047999999999999821e-01
4.500000000000000000e+01 7.052000000000000490e-01
4.407000000000000000e+03 7.056000000000000050e-01
0.000000000000000000e+00 7.004000000000000226e-01
7.000000000000000000e+00 7.007999999999999785e-01
5.000000000000000000e+00 7.012000000000000455e-01
0.000000000000000000e+00 7.016000000000000014e-01
8.000000000000000000e+00 7.019999999999999574e-01
2.000000000000000000e+00 7.016000000000000014e-01
2.100000000000000000e+01 7.019999999999999574e-01
0.000000000000000000e+00 7.024000000000000243e-01
4.000000000000000000e+01 7.027999999999999803e-01
0.000000000000000000e+00 7.032000000000000473e-01
0.000000000000000000e+00 7.036000000000000032e-01
4.200000000000000000e+01 7.039999999999999591e-01
6.520000000000000000e+02 7.044000000000000261e-01
8.000000000000000000e+00 7.032000000000000473e-01
4.000000000000000000e+00 7.032000000000000473e-01
0.000000000000000000e+00 7.036000000000000032e-01
1.000000000000000000e+00 7.039999999999999591e-01
0.000000000000000000e+00 7.044000000000000261e-01
1.000000000000000000e+00 7.047999999999999821e-01
1.170000000000000000e+02 7.052000000000000490e-01
7.660000000000000000e+02 7.056000000000000050e-01
3.400000000000000000e+01 7.036000000000000032e-01
0.000000000000000000e+00 7.039999999999999591e-01
1.100000000000000000e+01 7.044000000000000261e-01
6.100000000000000000e+01 7.047999999999999821e-01
8.600000000000000000e+02 7.052000000000000490e-01
8.000000000000000000e+00 7.032000000000000473e-01
4.198000000000000000e+03 7.032000000000000473e-01
0.000000000000000000e+00 6.912000000000000366e-01
0.000000000000000000e+00 6.915999999999999925e-01
5.900000000000000000e+02 6.919999999999999485e-01
0.000000000000000000e+00 6.924000000000000155e-01
0.000000000000000000e+00 6.927999999999999714e-01
3.720000000000000000e+03 6.932000000000000384e-01
5.430000000000000000e+02 6.895999999999999908e-01
4.000000000000000000e+00 6.892000000000000348e-01
1.190000000000000000e+02 6.895999999999999908e-01
0.000000000000000000e+00 6.895999999999999908e-01
0.000000000000000000e+00 6.899999999999999467e-01
6.500000000000000000e+01 6.904000000000000137e-01
0.000000000000000000e+00 6.907999999999999696e-01
2.000000000000000000e+00 6.912000000000000366e-01
2.400000000000000000e+01 6.915999999999999925e-01
6.400000000000000000e+01 6.919999999999999485e-01
0.000000000000000000e+00 6.924000000000000155e-01
0.000000000000000000e+00 6.927999999999999714e-01
2.000000000000000000e+00 6.932000000000000384e-01
2.270000000000000000e+02 6.927999999999999714e-01
0.000000000000000000e+00 6.912000000000000366e-01
1.200000000000000000e+01 6.915999999999999925e-01
8.100000000000000000e+01 6.919999999999999485e-01
1.100000000000000000e+01 6.924000000000000155e-01
8.600000000000000000e+01 6.927999999999999714e-01
4.000000000000000000e+00 6.924000000000000155e-01
0.000000000000000000e+00 6.927999999999999714e-01
0.000000000000000000e+00 6.932000000000000384e-01
7.420000000000000000e+02 6.935999999999999943e-01
0.000000000000000000e+00 6.924000000000000155e-01
7.000000000000000000e+00 6.927999999999999714e-01
0.000000000000000000e+00 6.932000000000000384e-01
3.400000000000000000e+01 6.935999999999999943e-01
2.000000000000000000e+00 6.939999999999999503e-01
2.000000000000000000e+00 6.944000000000000172e-01
1.000000000000000000e+00 6.947999999999999732e-01
1.000000000000000000e+00 6.944000000000000172e-01
2.000000000000000000e+00 6.947999999999999732e-01
5.460000000000000000e+02 6.952000000000000401e-01
1.000000000000000000e+00 6.955999999999999961e-01
0.000000000000000000e+00 6.955999999999999961e-01
6.000000000000000000e+00 6.959999999999999520e-01
0.000000000000000000e+00 6.955999999999999961e-01
1.800000000000000000e+01 6.959999999999999520e-01
0.000000000000000000e+00 6.964000000000000190e-01
3.500000000000000000e+01 6.967999999999999750e-01
1.392000000000000000e+03 6.972000000000000419e-01
5.000000000000000000e+00 6.959999999999999520e-01
2.000000000000000000e+00 6.964000000000000190e-01
3.000000000000000000e+00 6.967999999999999750e-01
0.000000000000000000e+00 6.972000000000000419e-01
0.000000000000000000e+00 6.975999999999999979e-01
1.993000000000000000e+03 6.979999999999999538e-01
0.000000000000000000e+00 6.907999999999999696e-01
1.500000000000000000e+01 6.912000000000000366e-01
0.000000000000000000e+00 6.915999999999999925e-01
4.000000000000000000e+00 6.919999999999999485e-01
3.700000000000000000e+01 6.924000000000000155e-01
0.000000000000000000e+00 6.924000000000000155e-01
0.000000000000000000e+00 6.927999999999999714e-01
2.000000000000000000e+00 6.932000000000000384e-01
2.000000000000000000e+00 6.932000000000000384e-01
0.000000000000000000e+00 6.935999999999999943e-01
4.000000000000000000e+00 6.939999999999999503e-01
1.726000000000000000e+03 6.944000000000000172e-01
0.000000000000000000e+00 6.915999999999999925e-01
0.000000000000000000e+00 6.919999999999999485e-01
3.520000000000000000e+02 6.924000000000000155e-01
3.000000000000000000e+00 6.924000000000000155e-01
1.800000000000000000e+01 6.927999999999999714e-01
9.120000000000000000e+02 6.932000000000000384e-01
4.368000000000000000e+03 6.935999999999999943e-01
0.000000000000000000e+00 6.887999999999999678e-01
3.000000000000000000e+00 6.892000000000000348e-01
6.000000000000000000e+01 6.895999999999999908e-01
0.000000000000000000e+00 6.899999999999999467e-01
0.000000000000000000e+00 6.904000000000000137e-01
0.000000000000000000e+00 6.907999999999999696e-01
0.000000000000000000e+00 6.912000000000000366e-01
0.000000000000000000e+00 6.915999999999999925e-01
0.000000000000000000e+00 6.919999999999999485e-01
1.100000000000000000e+01 6.924000000000000155e-01
9.000000000000000000e+00 6.924000000000000155e-01
0.000000000000000000e+00 6.924000000000000155e-01
7.100000000000000000e+01 6.927999999999999714e-01
0.000000000000000000e+00 6.932000000000000384e-01
0.000000000000000000e+00 6.935999999999999943e-01
5.700000000000000000e+01 6.939999999999999503e-01
0.000000000000000000e+00 6.944000000000000172e-01
0.000000000000000000e+00 6.947999999999999732e-01
5.120000000000000000e+02 6.952000000000000401e-01
8.000000000000000000e+00 6.955999999999999961e-01
0.000000000000000000e+00 6.959999999999999520e-01
1.630000000000000000e+02 6.964000000000000190e-01
7.000000000000000000e+00 6.967999999999999750e-01
1.630000000000000000e+02 6.972000000000000419e-01
4.000000000000000000e+00 6.967999999999999750e-01
6.000000000000000000e+00 6.972000000000000419e-01
3.000000000000000000e+00 6.975999999999999979e-01
4.000000000000000000e+00 6.979999999999999538e-01
0.000000000000000000e+00 6.984000000000000208e-01
1.800000000000000000e+01 6.987999999999999767e-01
6.280000000000000000e+02 6.992000000000000437e-01
3.000000000000000000e+00 6.979999999999999538e-01
3.360000000000000000e+02 6.984000000000000208e-01
3.900000000000000000e+01 6.987999999999999767e-01
1.000000000000000000e+01 6.992000000000000437e-01
4.000000000000000000e+00 6.995999999999999996e-01
2.000000000000000000e+00 6.992000000000000437e-01
2.100000000000000000e+01 6.992000000000000437e-01
8.300000000000000000e+01 6.992000000000000437e-01
2.000000000000000000e+00 6.995999999999999996e-01
1.000000000000000000e+00 6.999999999999999556e-01
1.690000000000000000e+02 7.004000000000000226e-01
0.000000000000000000e+00 7.007999999999999785e-01
1.000000000000000000e+00 7.012000000000000455e-01
1.000000000000000000e+00 7.016000000000000014e-01
5.410000000000000000e+02 7.019999999999999574e-01
0.000000000000000000e+00 6.995999999999999996e-01
0.000000000000000000e+00 6.999999999999999556e-01
2.000000000000000000e+00 7.004000000000000226e-01
3.600000000000000000e+01 7.007999999999999785e-01
0.000000000000000000e+00 7.012000000000000455e-01
6.400000000000000000e+01 7.016000000000000014e-01
2.150000000000000000e+02 7.019999999999999574e-01
7.250000000000000000e+02 7.012000000000000455e-01
7.760000000000000000e+02 7.016000000000000014e-01
3.410000000000000000e+02 6.984000000000000208e-01
9.200000000000000000e+01 6.987999999999999767e-01
3.000000000000000000e+00 6.972000000000000419e-01
1.048000000000000000e+03 6.975999999999999979e-01
1.600000000000000000e+01 6.952000000000000401e-01
4.000000000000000000e+00 6.955999999999999961e-01
1.500000000000000000e+01 6.959999999999999520e-01
7.000000000000000000e+00 6.964000000000000190e-01
0.000000000000000000e+00 6.967999999999999750e-01
1.700000000000000000e+01 6.972000000000000419e-01
2.000000000000000000e+00 6.975999999999999979e-01
1.900000000000000000e+01 6.979999999999999538e-01
0.000000000000000000e+00 6.972000000000000419e-01
0.000000000000000000e+00 6.975999999999999979e-01
8.000000000000000000e+00 6.979999999999999538e-01
6.530000000000000000e+02 6.984000000000000208e-01
2.120000000000000000e+02 6.964000000000000190e-01
3.446000000000000000e+03 6.952000000000000401e-01
1.280000000000000000e+02 6.924000000000000155e-01
2.000000000000000000e+00 6.919999999999999485e-01
4.000000000000000000e+00 6.924000000000000155e-01
3.000000000000000000e+00 6.927999999999999714e-01
7.180000000000000000e+03 6.932000000000000384e-01
4.730000000000000000e+02 6.879999999999999449e-01
8.800000000000000000e+01 6.872000000000000330e-01
9.000000000000000000e+00 6.875999999999999890e-01
4.000000000000000000e+00 6.879999999999999449e-01
1.370000000000000000e+02 6.884000000000000119e-01
2.000000000000000000e+00 6.884000000000000119e-01
4.000000000000000000e+00 6.887999999999999678e-01
0.000000000000000000e+00 6.892000000000000348e-01
4.600000000000000000e+01 6.895999999999999908e-01
0.000000000000000000e+00 6.884000000000000119e-01
1.650000000000000000e+02 6.887999999999999678e-01
5.100000000000000000e+01 6.892000000000000348e-01
5.000000000000000000e+01 6.895999999999999908e-01
4.000000000000000000e+00 6.899999999999999467e-01
9.270000000000000000e+02 6.904000000000000137e-01
0.000000000000000000e+00 6.875999999999999890e-01
2.700000000000000000e+01 6.879999999999999449e-01
0.000000000000000000e+00 6.884000000000000119e-01
3.480000000000000000e+02 6.887999999999999678e-01
2.000000000000000000e+00 6.875999999999999890e-01
0.000000000000000000e+00 6.879999999999999449e-01
7.700000000000000000e+01 6.884000000000000119e-01
7.000000000000000000e+00 6.887999999999999678e-01
1.500000000000000000e+01 6.892000000000000348e-01
5.100000000000000000e+01 6.892000000000000348e-01
1.660000000000000000e+02 6.895999999999999908e-01
7.600000000000000000e+01 6.892000000000000348e-01
1.770000000000000000e+02 6.895999999999999908e-01
9.000000000000000000e+00 6.899999999999999467e-01
7.900000000000000000e+01 6.904000000000000137e-01
4.600000000000000000e+01 6.907999999999999696e-01
0.000000000000000000e+00 6.912000000000000366e-01
2.000000000000000000e+00 6.915999999999999925e-01
3.000000000000000000e+00 6.919999999999999485e-01
5.600000000000000000e+01 6.924000000000000155e-01
0.000000000000000000e+00 6.927999999999999714e-01
6.000000000000000000e+00 6.932000000000000384e-01
2.000000000000000000e+00 6.935999999999999943e-01
2.300000000000000000e+02 6.939999999999999503e-01
0.000000000000000000e+00 6.919999999999999485e-01
9.300000000000000000e+01 6.924000000000000155e-01
1.000000000000000000e+00 6.927999999999999714e-01
0.000000000000000000e+00 6.924000000000000155e-01
0.000000000000000000e+00 6.927999999999999714e-01
6.000000000000000000e+00 6.932000000000000384e-01
1.000000000000000000e+00 6.935999999999999943e-01
9.000000000000000000e+00 6.935999999999999943e-01
2.300000000000000000e+01 6.939999999999999503e-01
0.000000000000000000e+00 6.944000000000000172e-01
0.000000000000000000e+00 6.947999999999999732e-01
4.000000000000000000e+00 6.952000000000000401e-01
4.100000000000000000e+01 6.955999999999999961e-01
4.000000000000000000e+00 6.959999999999999520e-01
1.200000000000000000e+01 6.955999999999999961e-01
5.000000000000000000e+00 6.959999999999999520e-01
0.000000000000000000e+00 6.964000000000000190e-01
1.670000000000000000e+02 6.967999999999999750e-01
2.000000000000000000e+00 6.972000000000000419e-01
7.000000000000000000e+00 6.967999999999999750e-01
2.220000000000000000e+02 6.964000000000000190e-01
2.000000000000000000e+00 6.967999999999999750e-01
0.000000000000000000e+00 6.972000000000000419e-01
0.000000000000000000e+00 6.975999999999999979e-01
6.210000000000000000e+02 6.979999999999999538e-01
1.000000000000000000e+00 6.984000000000000208e-01
3.300000000000000000e+01 6.987999999999999767e-01
0.000000000000000000e+00 6.992000000000000437e-01
9.000000000000000000e+00 6.995999999999999996e-01
0.000000000000000000e+00 6.999999999999999556e-01
0.000000000000000000e+00 7.004000000000000226e-01
5.100000000000000000e+01 7.007999999999999785e-01
3.400000000000000000e+01 7.004000000000000226e-01
0.000000000000000000e+00 6.995999999999999996e-01
2.880000000000000000e+03 6.999999999999999556e-01
3.000000000000000000e+00 6.984000000000000208e-01
0.000000000000000000e+00 6.987999999999999767e-01
3.000000000000000000e+00 6.992000000000000437e-01
0.000000000000000000e+00 6.995999999999999996e-01
2.000000000000000000e+01 6.999999999999999556e-01
1.228000000000000000e+03 7.004000000000000226e-01
4.000000000000000000e+00 6.952000000000000401e-01
2.800000000000000000e+01 6.955999999999999961e-01
0.000000000000000000e+00 6.947999999999999732e-01
0.000000000000000000e+00 6.952000000000000401e-01
0.000000000000000000e+00 6.955999999999999961e-01
2.208000000000000000e+03 6.959999999999999520e-01
0.000000000000000000e+00 6.939999999999999503e-01
0.000000000000000000e+00 6.944000000000000172e-01
1.000000000000000000e+00 6.947999999999999732e-01
1.000000000000000000e+00 6.952000000000000401e-01
5.700000000000000000e+01 6.955999999999999961e-01
8.100000000000000000e+01 6.947999999999999732e-01
3.000000000000000000e+00 6.952000000000000401e-01
1.200000000000000000e+01 6.947999999999999732e-01
1.000000000000000000e+00 6.952000000000000401e-01
2.691000000000000000e+03 6.947999999999999732e-01
6.400000000000000000e+01 6.944000000000000172e-01
0.000000000000000000e+00 6.947999999999999732e-01
2.000000000000000000e+00 6.952000000000000401e-01
0.000000000000000000e+00 6.955999999999999961e-01
0.000000000000000000e+00 6.959999999999999520e-01
0.000000000000000000e+00 6.964000000000000190e-01
0.000000000000000000e+00 6.967999999999999750e-01
1.410000000000000000e+02 6.972000000000000419e-01
5.000000000000000000e+01 6.959999999999999520e-01
0.000000000000000000e+00 6.964000000000000190e-01
3.590000000000000000e+02 6.967999999999999750e-01
0.000000000000000000e+00 6.972000000000000419e-01
0.000000000000000000e+00 6.975999999999999979e-01
0.000000000000000000e+00 6.979999999999999538e-01
0.000000000000000000e+00 6.984000000000000208e-01
4.900000000000000000e+01 6.987999999999999767e-01
2.000000000000000000e+00 6.992000000000000437e-01
8.000000000000000000e+00 6.995999999999999996e-01
0.000000000000000000e+00 6.999999999999999556e-01
1.000000000000000000e+00 7.004000000000000226e-01
1.414000000000000000e+03 7.007999999999999785e-01
9.000000000000000000e+00 6.944000000000000172e-01
0.000000000000000000e+00 6.947999999999999732e-01
4.850000000000000000e+02 6.952000000000000401e-01
0.000000000000000000e+00 6.915999999999999925e-01
9.910000000000000000e+02 6.919999999999999485e-01
1.000000000000000000e+00 6.904000000000000137e-01
0.000000000000000000e+00 6.907999999999999696e-01
1.270000000000000000e+02 6.912000000000000366e-01
4.920000000000000000e+02 6.915999999999999925e-01
3.900000000000000000e+01 6.919999999999999485e-01
1.000000000000000000e+00 6.924000000000000155e-01
0.000000000000000000e+00 6.927999999999999714e-01
8.100000000000000000e+01 6.932000000000000384e-01
0.000000000000000000e+00 6.924000000000000155e-01
0.000000000000000000e+00 6.927999999999999714e-01
6.300000000000000000e+01 6.932000000000000384e-01
2.300000000000000000e+01 6.935999999999999943e-01
9.700000000000000000e+01 6.935999999999999943e-01
3.400000000000000000e+01 6.939999999999999503e-01
1.540000000000000000e+03 6.944000000000000172e-01
0.000000000000000000e+00 6.879999999999999449e-01
0.000000000000000000e+00 6.884000000000000119e-01
9.000000000000000000e+00 6.887999999999999678e-01
2.400000000000000000e+01 6.892000000000000348e-01
0.000000000000000000e+00 6.895999999999999908e-01
4.000000000000000000e+00 6.899999999999999467e-01
5.000000000000000000e+01 6.892000000000000348e-01
1.680000000000000000e+02 6.895999999999999908e-01
4.000000000000000000e+00 6.892000000000000348e-01
3.000000000000000000e+00 6.895999999999999908e-01
2.100000000000000000e+01 6.899999999999999467e-01
3.000000000000000000e+00 6.904000000000000137e-01
0.000000000000000000e+00 6.907999999999999696e-01
2.000000000000000000e+00 6.912000000000000366e-01
0.000000000000000000e+00 6.915999999999999925e-01
1.000000000000000000e+00 6.919999999999999485e-01
1.000000000000000000e+00 6.924000000000000155e-01
3.000000000000000000e+00 6.927999999999999714e-01
0.000000000000000000e+00 6.932000000000000384e-01
0.000000000000000000e+00 6.935999999999999943e-01
2.000000000000000000e+00 6.939999999999999503e-01
4.000000000000000000e+00 6.944000000000000172e-01
6.400000000000000000e+01 6.939999999999999503e-01
4.200000000000000000e+01 6.944000000000000172e-01
1.550000000000000000e+02 6.947999999999999732e-01
7.000000000000000000e+00 6.952000000000000401e-01
7.600000000000000000e+01 6.955999999999999961e-01
0.000000000000000000e+00 6.959999999999999520e-01
6.685000000000000000e+03 6.964000000000000190e-01
7.000000000000000000e+00 6.847999999999999643e-01
0.000000000000000000e+00 6.852000000000000313e-01
1.600000000000000000e+01 6.855999999999999872e-01
0.000000000000000000e+00 6.855999999999999872e-01
1.440000000000000000e+02 6.860000000000000542e-01
0.000000000000000000e+00 6.847999999999999643e-01
1.800000000000000000e+01 6.852000000000000313e-01
0.000000000000000000e+00 6.855999999999999872e-01
0.000000000000000000e+00 6.860000000000000542e-01
3.400000000000000000e+01 6.864000000000000101e-01
0.000000000000000000e+00 6.867999999999999661e-01
2.000000000000000000e+00 6.872000000000000330e-01
4.000000000000000000e+00 6.875999999999999890e-01
2.700000000000000000e+01 6.872000000000000330e-01
8.000000000000000000e+00 6.875999999999999890e-01
4.100000000000000000e+01 6.875999999999999890e-01
5.101000000000000000e+03 6.879999999999999449e-01
1.100000000000000000e+01 6.812000000000000277e-01
0.000000000000000000e+00 6.815999999999999837e-01
1.100000000000000000e+01 6.820000000000000506e-01
1.050000000000000000e+02 6.824000000000000066e-01
0.000000000000000000e+00 6.827999999999999625e-01
0.000000000000000000e+00 6.832000000000000295e-01
5.000000000000000000e+00 6.835999999999999854e-01
5.000000000000000000e+01 6.840000000000000524e-01
0.000000000000000000e+00 6.835999999999999854e-01
0.000000000000000000e+00 6.840000000000000524e-01
0.000000000000000000e+00 6.844000000000000083e-01
4.000000000000000000e+00 6.847999999999999643e-01
0.000000000000000000e+00 6.847999999999999643e-01
2.100000000000000000e+01 6.852000000000000313e-01
1.300000000000000000e+01 6.852000000000000313e-01
4.000000000000000000e+00 6.855999999999999872e-01
4.000000000000000000e+00 6.860000000000000542e-01
0.000000000000000000e+00 6.864000000000000101e-01
0.000000000000000000e+00 6.867999999999999661e-01
5.000000000000000000e+00 6.872000000000000330e-01
0.000000000000000000e+00 6.875999999999999890e-01
4.980000000000000000e+02 6.879999999999999449e-01
2.680000000000000000e+02 6.884000000000000119e-01
2.600000000000000000e+02 6.879999999999999449e-01
1.390000000000000000e+02 6.855999999999999872e-01
8.000000000000000000e+00 6.855999999999999872e-01
0.000000000000000000e+00 6.852000000000000313e-01
1.850000000000000000e+02 6.855999999999999872e-01
2.900000000000000000e+01 6.860000000000000542e-01
0.000000000000000000e+00 6.864000000000000101e-01
0.000000000000000000e+00 6.867999999999999661e-01
1.192000000000000000e+03 6.872000000000000330e-01
2.000000000000000000e+00 6.864000000000000101e-01
5.800000000000000000e+01 6.867999999999999661e-01
2.000000000000000000e+00 6.872000000000000330e-01
3.100000000000000000e+01 6.875999999999999890e-01
0.000000000000000000e+00 6.879999999999999449e-01
6.100000000000000000e+01 6.884000000000000119e-01
0.000000000000000000e+00 6.879999999999999449e-01
0.000000000000000000e+00 6.884000000000000119e-01
0.000000000000000000e+00 6.887999999999999678e-01
3.740000000000000000e+02 6.892000000000000348e-01
5.000000000000000000e+00 6.879999999999999449e-01
4.000000000000000000e+00 6.875999999999999890e-01
5.000000000000000000e+00 6.879999999999999449e-01
0.000000000000000000e+00 6.884000000000000119e-01
1.849000000000000000e+03 6.887999999999999678e-01
0.000000000000000000e+00 6.867999999999999661e-01
0.000000000000000000e+00 6.872000000000000330e-01
1.000000000000000000e+00 6.875999999999999890e-01
0.000000000000000000e+00 6.879999999999999449e-01
1.110000000000000000e+02 6.884000000000000119e-01
7.000000000000000000e+01 6.887999999999999678e-01
5.050000000000000000e+02 6.884000000000000119e-01
0.000000000000000000e+00 6.879999999999999449e-01
5.000000000000000000e+00 6.884000000000000119e-01
4.000000000000000000e+00 6.887999999999999678e-01
3.000000000000000000e+00 6.892000000000000348e-01
4.000000000000000000e+01 6.895999999999999908e-01
0.000000000000000000e+00 6.899999999999999467e-01
2.200000000000000000e+01 6.904000000000000137e-01
0.000000000000000000e+00 6.907999999999999696e-01
8.000000000000000000e+00 6.912000000000000366e-01
1.400000000000000000e+01 6.907999999999999696e-01
0.000000000000000000e+00 6.912000000000000366e-01
6.000000000000000000e+00 6.915999999999999925e-01
0.000000000000000000e+00 6.919999999999999485e-01
0.000000000000000000e+00 6.924000000000000155e-01
8.200000000000000000e+01 6.927999999999999714e-01
1.600000000000000000e+01 6.927999999999999714e-01
7.000000000000000000e+00 6.932000000000000384e-01
0.000000000000000000e+00 6.935999999999999943e-01
8.800000000000000000e+01 6.939999999999999503e-01
3.000000000000000000e+00 6.944000000000000172e-01
0.000000000000000000e+00 6.947999999999999732e-01
4.000000000000000000e+00 6.952000000000000401e-01
3.890000000000000000e+02 6.955999999999999961e-01
2.890000000000000000e+02 6.959999999999999520e-01
0.000000000000000000e+00 6.964000000000000190e-01
0.000000000000000000e+00 6.967999999999999750e-01
5.000000000000000000e+00 6.972000000000000419e-01
3.100000000000000000e+01 6.975999999999999979e-01
1.200000000000000000e+01 6.972000000000000419e-01
2.000000000000000000e+00 6.975999999999999979e-01
1.000000000000000000e+00 6.979999999999999538e-01
2.400000000000000000e+01 6.984000000000000208e-01
0.000000000000000000e+00 6.984000000000000208e-01
1.000000000000000000e+00 6.987999999999999767e-01
1.800000000000000000e+01 6.992000000000000437e-01
0.000000000000000000e+00 6.995999999999999996e-01
0.000000000000000000e+00 6.999999999999999556e-01
1.070000000000000000e+02 7.004000000000000226e-01
1.300000000000000000e+01 7.007999999999999785e-01
1.300000000000000000e+01 7.012000000000000455e-01
0.000000000000000000e+00 7.016000000000000014e-01
1.140000000000000000e+02 7.019999999999999574e-01
0.000000000000000000e+00 7.012000000000000455e-01
1.400000000000000000e+01 7.016000000000000014e-01
1.000000000000000000e+01 7.019999999999999574e-01
2.603000000000000000e+03 7.007999999999999785e-01
1.800000000000000000e+01 6.979999999999999538e-01
0.000000000000000000e+00 6.984000000000000208e-01
1.300000000000000000e+01 6.987999999999999767e-01
1.190000000000000000e+03 6.992000000000000437e-01
1.000000000000000000e+00 6.975999999999999979e-01
0.000000000000000000e+00 6.979999999999999538e-01
1.600000000000000000e+01 6.984000000000000208e-01
0.000000000000000000e+00 6.987999999999999767e-01
1.000000000000000000e+00 6.992000000000000437e-01
7.400000000000000000e+01 6.995999999999999996e-01
0.000000000000000000e+00 6.999999999999999556e-01
0.000000000000000000e+00 7.004000000000000226e-01
2.000000000000000000e+00 7.007999999999999785e-01
0.000000000000000000e+00 7.012000000000000455e-01
0.000000000000000000e+00 7.016000000000000014e-01
0.000000000000000000e+00 7.019999999999999574e-01
4.000000000000000000e+00 7.024000000000000243e-01
6.600000000000000000e+01 7.027999999999999803e-01
2.400000000000000000e+01 7.032000000000000473e-01
0.000000000000000000e+00 7.036000000000000032e-01
0.000000000000000000e+00 7.039999999999999591e-01
0.000000000000000000e+00 7.044000000000000261e-01
0.000000000000000000e+00 7.047999999999999821e-01
5.660000000000000000e+02 7.052000000000000490e-01
0.000000000000000000e+00 7.056000000000000050e-01
5.000000000000000000e+00 7.059999999999999609e-01
1.500000000000000000e+01 7.064000000000000279e-01
3.500000000000000000e+01 7.067999999999999838e-01
3.899000000000000000e+03 7.072000000000000508e-01
0.000000000000000000e+00 7.012000000000000455e-01
0.000000000000000000e+00 7.016000000000000014e-01
0.000000000000000000e+00 7.019999999999999574e-01
2.900000000000000000e+01 7.024000000000000243e-01
1.630000000000000000e+02 7.027999999999999803e-01
1.100000000000000000e+01 7.032000000000000473e-01
5.030000000000000000e+02 7.036000000000000032e-01
6.000000000000000000e+00 6.995999999999999996e-01
5.700000000000000000e+01 6.999999999999999556e-01
1.500000000000000000e+01 7.004000000000000226e-01
2.591000000000000000e+03 7.007999999999999785e-01
8.000000000000000000e+00 6.967999999999999750e-01
0.000000000000000000e+00 6.972000000000000419e-01
1.000000000000000000e+00 6.975999999999999979e-01
2.000000000000000000e+00 6.979999999999999538e-01
2.700000000000000000e+01 6.984000000000000208e-01
2.700000000000000000e+01 6.987999999999999767e-01
3.000000000000000000e+00 6.992000000000000437e-01
0.000000000000000000e+00 6.987999999999999767e-01
1.700000000000000000e+01 6.992000000000000437e-01
0.000000000000000000e+00 6.987999999999999767e-01
6.900000000000000000e+01 6.992000000000000437e-01
2.000000000000000000e+00 6.995999999999999996e-01
1.950000000000000000e+02 6.999999999999999556e-01
3.000000000000000000e+00 7.004000000000000226e-01
2.400000000000000000e+02 7.007999999999999785e-01
0.000000000000000000e+00 7.007999999999999785e-01
2.000000000000000000e+00 7.012000000000000455e-01
0.000000000000000000e+00 7.016000000000000014e-01
3.950000000000000000e+02 7.019999999999999574e-01
1.000000000000000000e+02 7.024000000000000243e-01
4.000000000000000000e+00 7.027999999999999803e-01
1.200000000000000000e+01 7.027999999999999803e-01
0.000000000000000000e+00 7.032000000000000473e-01
0.000000000000000000e+00 7.036000000000000032e-01
1.570000000000000000e+02 7.039999999999999591e-01
1.000000000000000000e+01 7.036000000000000032e-01
1.000000000000000000e+01 7.039999999999999591e-01
5.900000000000000000e+01 7.044000000000000261e-01
0.000000000000000000e+00 7.047999999999999821e-01
0.000000000000000000e+00 7.052000000000000490e-01
2.932000000000000000e+03 7.056000000000000050e-01
4.000000000000000000e+00 7.004000000000000226e-01
0.000000000000000000e+00 7.007999999999999785e-01
0.000000000000000000e+00 7.012000000000000455e-01
3.600000000000000000e+01 7.016000000000000014e-01
0.000000000000000000e+00 7.019999999999999574e-01
6.000000000000000000e+00 7.024000000000000243e-01
3.900000000000000000e+01 7.027999999999999803e-01
0.000000000000000000e+00 7.032000000000000473e-01
8.000000000000000000e+00 7.036000000000000032e-01
2.200000000000000000e+01 7.039999999999999591e-01
9.867000000000000000e+03 7.036000000000000032e-01
8.500000000000000000e+01 6.844000000000000083e-01
2.100000000000000000e+01 6.824000000000000066e-01
1.000000000000000000e+00 6.824000000000000066e-01
5.400000000000000000e+01 6.827999999999999625e-01
0.000000000000000000e+00 6.832000000000000295e-01
1.750000000000000000e+02 6.835999999999999854e-01
2.200000000000000000e+01 6.835999999999999854e-01
0.000000000000000000e+00 6.827999999999999625e-01
2.000000000000000000e+00 6.832000000000000295e-01
3.000000000000000000e+00 6.835999999999999854e-01
0.000000000000000000e+00 6.840000000000000524e-01
1.000000000000000000e+02 6.844000000000000083e-01
0.000000000000000000e+00 6.847999999999999643e-01
5.170000000000000000e+02 6.852000000000000313e-01
4.000000000000000000e+00 6.855999999999999872e-01
0.000000000000000000e+00 6.860000000000000542e-01
4.000000000000000000e+00 6.864000000000000101e-01
0.000000000000000000e+00 6.867999999999999661e-01
0.000000000000000000e+00 6.872000000000000330e-01
4.800000000000000000e+01 6.875999999999999890e-01
2.550000000000000000e+02 6.864000000000000101e-01
6.000000000000000000e+00 6.855999999999999872e-01
0.000000000000000000e+00 6.860000000000000542e-01
6.000000000000000000e+00 6.864000000000000101e-01
2.910000000000000000e+02 6.867999999999999661e-01
5.000000000000000000e+00 6.864000000000000101e-01
0.000000000000000000e+00 6.867999999999999661e-01
1.000000000000000000e+01 6.872000000000000330e-01
0.000000000000000000e+00 6.867999999999999661e-01
1.300000000000000000e+01 6.872000000000000330e-01
1.000000000000000000e+00 6.875999999999999890e-01
0.000000000000000000e+00 6.879999999999999449e-01
8.900000000000000000e+01 6.884000000000000119e-01
2.000000000000000000e+00 6.887999999999999678e-01
1.320000000000000000e+02 6.892000000000000348e-01
3.030000000000000000e+02 6.887999999999999678e-01
3.000000000000000000e+00 6.892000000000000348e-01
8.000000000000000000e+00 6.895999999999999908e-01
1.200000000000000000e+01 6.899999999999999467e-01
6.560000000000000000e+02 6.904000000000000137e-01
1.000000000000000000e+00 6.879999999999999449e-01
9.000000000000000000e+00 6.884000000000000119e-01
4.540000000000000000e+02 6.884000000000000119e-01
4.900000000000000000e+01 6.872000000000000330e-01
1.740000000000000000e+02 6.864000000000000101e-01
5.060000000000000000e+02 6.867999999999999661e-01
3.810000000000000000e+02 6.864000000000000101e-01
0.000000000000000000e+00 6.860000000000000542e-01
6.000000000000000000e+00 6.864000000000000101e-01
7.900000000000000000e+01 6.867999999999999661e-01
1.200000000000000000e+01 6.832000000000000295e-01
6.000000000000000000e+00 6.835999999999999854e-01
2.490000000000000000e+02 6.840000000000000524e-01
0.000000000000000000e+00 6.844000000000000083e-01
6.900000000000000000e+01 6.847999999999999643e-01
2.000000000000000000e+01 6.852000000000000313e-01
0.000000000000000000e+00 6.855999999999999872e-01
3.200000000000000000e+01 6.860000000000000542e-01
5.000000000000000000e+00 6.864000000000000101e-01
0.000000000000000000e+00 6.867999999999999661e-01
5.000000000000000000e+00 6.872000000000000330e-01
0.000000000000000000e+00 6.875999999999999890e-01
2.000000000000000000e+00 6.879999999999999449e-01
0.000000000000000000e+00 6.884000000000000119e-01
0.000000000000000000e+00 6.887999999999999678e-01
1.970000000000000000e+02 6.892000000000000348e-01
0.000000000000000000e+00 6.887999999999999678e-01
0.000000000000000000e+00 6.892000000000000348e-01
8.000000000000000000e+00 6.895999999999999908e-01
6.700000000000000000e+01 6.887999999999999678e-01
4.800000000000000000e+01 6.892000000000000348e-01
1.500000000000000000e+01 6.895999999999999908e-01
3.000000000000000000e+00 6.899999999999999467e-01
0.000000000000000000e+00 6.899999999999999467e-01
6.000000000000000000e+00 6.904000000000000137e-01
6.000000000000000000e+00 6.907999999999999696e-01
9.350000000000000000e+02 6.912000000000000366e-01
6.000000000000000000e+00 6.892000000000000348e-01
0.000000000000000000e+00 6.895999999999999908e-01
1.200000000000000000e+01 6.899999999999999467e-01
2.796000000000000000e+03 6.904000000000000137e-01
7.600000000000000000e+01 6.867999999999999661e-01
3.000000000000000000e+00 6.872000000000000330e-01
0.000000000000000000e+00 6.875999999999999890e-01
0.000000000000000000e+00 6.879999999999999449e-01
1.900000000000000000e+01 6.884000000000000119e-01
0.000000000000000000e+00 6.879999999999999449e-01
0.000000000000000000e+00 6.884000000000000119e-01
7.600000000000000000e+02 6.887999999999999678e-01
8.100000000000000000e+01 6.872000000000000330e-01
0.000000000000000000e+00 6.875999999999999890e-01
2.200000000000000000e+01 6.879999999999999449e-01
2.000000000000000000e+00 6.884000000000000119e-01
1.000000000000000000e+00 6.879999999999999449e-01
1.000000000000000000e+01 6.884000000000000119e-01
2.000000000000000000e+00 6.887999999999999678e-01
4.000000000000000000e+00 6.892000000000000348e-01
2.163000000000000000e+03 6.895999999999999908e-01
2.600000000000000000e+01 6.899999999999999467e-01
6.100000000000000000e+01 6.904000000000000137e-01
2.000000000000000000e+00 6.907999999999999696e-01
0.000000000000000000e+00 6.912000000000000366e-01
1.700000000000000000e+01 6.915999999999999925e-01
1.134000000000000000e+03 6.919999999999999485e-01
0.000000000000000000e+00 6.907999999999999696e-01
1.050000000000000000e+02 6.912000000000000366e-01
2.000000000000000000e+00 6.904000000000000137e-01
1.000000000000000000e+00 6.907999999999999696e-01
7.000000000000000000e+00 6.904000000000000137e-01
0.000000000000000000e+00 6.907999999999999696e-01
0.000000000000000000e+00 6.912000000000000366e-01
5.000000000000000000e+00 6.915999999999999925e-01
7.000000000000000000e+00 6.919999999999999485e-01
8.000000000000000000e+00 6.924000000000000155e-01
2.000000000000000000e+00 6.927999999999999714e-01
0.000000000000000000e+00 6.932000000000000384e-01
1.310000000000000000e+02 6.935999999999999943e-01
2.000000000000000000e+00 6.932000000000000384e-01
2.460000000000000000e+02 6.935999999999999943e-01
2.000000000000000000e+00 6.912000000000000366e-01
7.000000000000000000e+00 6.915999999999999925e-01
7.000000000000000000e+00 6.919999999999999485e-01
4.200000000000000000e+01 6.924000000000000155e-01
0.000000000000000000e+00 6.912000000000000366e-01
0.000000000000000000e+00 6.915999999999999925e-01
1.330000000000000000e+02 6.919999999999999485e-01
0.000000000000000000e+00 6.924000000000000155e-01
0.000000000000000000e+00 6.927999999999999714e-01
1.000000000000000000e+00 6.932000000000000384e-01
0.000000000000000000e+00 6.935999999999999943e-01
0.000000000000000000e+00 6.939999999999999503e-01
3.000000000000000000e+00 6.944000000000000172e-01
0.000000000000000000e+00 6.947999999999999732e-01
5.600000000000000000e+02 6.952000000000000401e-01
7.000000000000000000e+00 6.919999999999999485e-01
1.350000000000000000e+02 6.924000000000000155e-01
1.100000000000000000e+01 6.927999999999999714e-01
0.000000000000000000e+00 6.932000000000000384e-01
0.000000000000000000e+00 6.935999999999999943e-01
5.700000000000000000e+01 6.939999999999999503e-01
0.000000000000000000e+00 6.944000000000000172e-01
9.000000000000000000e+00 6.947999999999999732e-01
0.000000000000000000e+00 6.952000000000000401e-01
0.000000000000000000e+00 6.955999999999999961e-01
8.000000000000000000e+00 6.959999999999999520e-01
4.540000000000000000e+02 6.964000000000000190e-01
0.000000000000000000e+00 6.959999999999999520e-01
1.100000000000000000e+01 6.964000000000000190e-01
0.000000000000000000e+00 6.967999999999999750e-01
1.090000000000000000e+02 6.972000000000000419e-01
1.380000000000000000e+02 6.955999999999999961e-01
2.500000000000000000e+01 6.959999999999999520e-01
3.123000000000000000e+03 6.964000000000000190e-01
0.000000000000000000e+00 6.947999999999999732e-01
7.200000000000000000e+01 6.952000000000000401e-01
0.000000000000000000e+00 6.955999999999999961e-01
8.000000000000000000e+00 6.959999999999999520e-01
3.491000000000000000e+03 6.964000000000000190e-01
0.000000000000000000e+00 6.935999999999999943e-01
0.000000000000000000e+00 6.939999999999999503e-01
0.000000000000000000e+00 6.944000000000000172e-01
0.000000000000000000e+00 6.947999999999999732e-01
2.000000000000000000e+00 6.952000000000000401e-01
0.000000000000000000e+00 6.955999999999999961e-01
6.500000000000000000e+01 6.959999999999999520e-01
0.000000000000000000e+00 6.964000000000000190e-01
3.000000000000000000e+00 6.967999999999999750e-01
0.000000000000000000e+00 6.972000000000000419e-01
0.000000000000000000e+00 6.975999999999999979e-01
2.100000000000000000e+01 6.979999999999999538e-01
0.000000000000000000e+00 6.984000000000000208e-01
0.000000000000000000e+00 6.987999999999999767e-01
6.000000000000000000e+00 6.992000000000000437e-01
3.000000000000000000e+00 6.995999999999999996e-01
2.440000000000000000e+02 6.999999999999999556e-01
1.100000000000000000e+02 7.004000000000000226e-01
0.000000000000000000e+00 6.979999999999999538e-01
4.700000000000000000e+02 6.984000000000000208e-01
1.300000000000000000e+01 6.984000000000000208e-01
0.000000000000000000e+00 6.984000000000000208e-01
3.000000000000000000e+00 6.987999999999999767e-01
1.260000000000000000e+02 6.992000000000000437e-01
0.000000000000000000e+00 6.995999999999999996e-01
1.018000000000000000e+03 6.999999999999999556e-01
0.000000000000000000e+00 6.964000000000000190e-01
2.510000000000000000e+02 6.967999999999999750e-01
0.000000000000000000e+00 6.959999999999999520e-01
1.299000000000000000e+03 6.964000000000000190e-01
8.400000000000000000e+01 6.955999999999999961e-01
0.000000000000000000e+00 6.959999999999999520e-01
0.000000000000000000e+00 6.964000000000000190e-01
7.000000000000000000e+00 6.967999999999999750e-01
1.800000000000000000e+01 6.972000000000000419e-01
0.000000000000000000e+00 6.975999999999999979e-01
0.000000000000000000e+00 6.979999999999999538e-01
2.877000000000000000e+03 6.984000000000000208e-01
0.000000000000000000e+00 6.939999999999999503e-01
2.000000000000000000e+00 6.944000000000000172e-01
1.900000000000000000e+01 6.944000000000000172e-01
0.000000000000000000e+00 6.947999999999999732e-01
1.000000000000000000e+00 6.952000000000000401e-01
4.030000000000000000e+02 6.955999999999999961e-01
0.000000000000000000e+00 6.959999999999999520e-01
2.000000000000000000e+00 6.964000000000000190e-01
0.000000000000000000e+00 6.967999999999999750e-01
6.000000000000000000e+00 6.972000000000000419e-01
2.300000000000000000e+01 6.975999999999999979e-01
1.000000000000000000e+00 6.979999999999999538e-01
4.000000000000000000e+00 6.975999999999999979e-01
0.000000000000000000e+00 6.979999999999999538e-01
1.200000000000000000e+01 6.984000000000000208e-01
1.480000000000000000e+02 6.972000000000000419e-01
0.000000000000000000e+00 6.975999999999999979e-01
0.000000000000000000e+00 6.979999999999999538e-01
9.660000000000000000e+02 6.984000000000000208e-01
9.000000000000000000e+00 6.952000000000000401e-01
0.000000000000000000e+00 6.955999999999999961e-01
1.500000000000000000e+01 6.959999999999999520e-01
6.860000000000000000e+02 6.964000000000000190e-01
1.200000000000000000e+01 6.967999999999999750e-01
1.570000000000000000e+02 6.972000000000000419e-01
2.200000000000000000e+01 6.964000000000000190e-01
0.000000000000000000e+00 6.967999999999999750e-01
0.000000000000000000e+00 6.972000000000000419e-01
0.000000000000000000e+00 6.975999999999999979e-01
8.000000000000000000e+00 6.979999999999999538e-01
0.000000000000000000e+00 6.979999999999999538e-01
0.000000000000000000e+00 6.984000000000000208e-01
3.800000000000000000e+01 6.987999999999999767e-01
1.700000000000000000e+01 6.992000000000000437e-01
5.000000000000000000e+00 6.992000000000000437e-01
1.000000000000000000e+00 6.979999999999999538e-01
7.000000000000000000e+00 6.979999999999999538e-01
1.590000000000000000e+02 6.984000000000000208e-01
8.000000000000000000e+00 6.972000000000000419e-01
2.000000000000000000e+00 6.959999999999999520e-01
2.000000000000000000e+00 6.964000000000000190e-01
1.000000000000000000e+00 6.967999999999999750e-01
0.000000000000000000e+00 6.972000000000000419e-01
0.000000000000000000e+00 6.975999999999999979e-01
9.000000000000000000e+00 6.979999999999999538e-01
2.000000000000000000e+00 6.984000000000000208e-01
0.000000000000000000e+00 6.987999999999999767e-01
0.000000000000000000e+00 6.992000000000000437e-01
2.000000000000000000e+00 6.995999999999999996e-01
1.380000000000000000e+02 6.992000000000000437e-01
3.500000000000000000e+01 6.987999999999999767e-01
0.000000000000000000e+00 6.992000000000000437e-01
4.000000000000000000e+00 6.995999999999999996e-01
0.000000000000000000e+00 6.999999999999999556e-01
3.320000000000000000e+02 7.004000000000000226e-01
0.000000000000000000e+00 7.007999999999999785e-01
0.000000000000000000e+00 7.012000000000000455e-01
3.771000000000000000e+03 7.016000000000000014e-01
0.000000000000000000e+00 6.987999999999999767e-01
2.000000000000000000e+01 6.992000000000000437e-01
2.000000000000000000e+01 6.979999999999999538e-01
0.000000000000000000e+00 6.975999999999999979e-01
6.600000000000000000e+01 6.979999999999999538e-01
0.000000000000000000e+00 6.975999999999999979e-01
2.000000000000000000e+00 6.979999999999999538e-01
0.000000000000000000e+00 6.984000000000000208e-01
0.000000000000000000e+00 6.987999999999999767e-01
1.600000000000000000e+01 6.992000000000000437e-01
2.000000000000000000e+00 6.987999999999999767e-01
0.000000000000000000e+00 6.992000000000000437e-01
2.920000000000000000e+02 6.995999999999999996e-01
6.000000000000000000e+00 6.984000000000000208e-01
0.000000000000000000e+00 6.979999999999999538e-01
3.105000000000000000e+03 6.984000000000000208e-01
3.000000000000000000e+00 6.932000000000000384e-01
5.000000000000000000e+00 6.935999999999999943e-01
5.000000000000000000e+00 6.935999999999999943e-01
1.170000000000000000e+02 6.939999999999999503e-01
4.100000000000000000e+01 6.944000000000000172e-01
3.309000000000000000e+03 6.947999999999999732e-01
0.000000000000000000e+00 6.947999999999999732e-01
7.000000000000000000e+00 6.952000000000000401e-01
6.400000000000000000e+01 6.955999999999999961e-01
2.000000000000000000e+01 6.959999999999999520e-01
1.200000000000000000e+01 6.964000000000000190e-01
8.500000000000000000e+01 6.967999999999999750e-01
1.940000000000000000e+02 6.964000000000000190e-01
0.000000000000000000e+00 6.967999999999999750e-01
2.831000000000000000e+03 6.972000000000000419e-01
0.000000000000000000e+00 6.860000000000000542e-01
1.000000000000000000e+01 6.864000000000000101e-01
0.000000000000000000e+00 6.867999999999999661e-01
4.000000000000000000e+00 6.872000000000000330e-01
1.200000000000000000e+01 6.875999999999999890e-01
4.800000000000000000e+01 6.875999999999999890e-01
6.000000000000000000e+00 6.879999999999999449e-01
0.000000000000000000e+00 6.884000000000000119e-01
4.330000000000000000e+02 6.887999999999999678e-01
6.000000000000000000e+00 6.884000000000000119e-01
0.000000000000000000e+00 6.887999999999999678e-01
3.126000000000000000e+03 6.892000000000000348e-01
0.000000000000000000e+00 6.879999999999999449e-01
0.000000000000000000e+00 6.884000000000000119e-01
9.000000000000000000e+00 6.887999999999999678e-01
2.800000000000000000e+01 6.892000000000000348e-01
0.000000000000000000e+00 6.895999999999999908e-01
2.000000000000000000e+00 6.899999999999999467e-01
0.000000000000000000e+00 6.904000000000000137e-01
4.400000000000000000e+01 6.907999999999999696e-01
1.600000000000000000e+01 6.895999999999999908e-01
2.500000000000000000e+01 6.899999999999999467e-01
1.000000000000000000e+00 6.904000000000000137e-01
2.000000000000000000e+00 6.907999999999999696e-01
4.200000000000000000e+01 6.912000000000000366e-01
1.888000000000000000e+03 6.915999999999999925e-01
6.900000000000000000e+01 6.895999999999999908e-01
1.000000000000000000e+01 6.895999999999999908e-01
0.000000000000000000e+00 6.899999999999999467e-01
0.000000000000000000e+00 6.904000000000000137e-01
1.700000000000000000e+01 6.907999999999999696e-01
0.000000000000000000e+00 6.895999999999999908e-01
2.000000000000000000e+00 6.899999999999999467e-01
1.000000000000000000e+00 6.904000000000000137e-01
0.000000000000000000e+00 6.907999999999999696e-01
0.000000000000000000e+00 6.912000000000000366e-01
2.400000000000000000e+01 6.915999999999999925e-01
0.000000000000000000e+00 6.919999999999999485e-01
2.340000000000000000e+02 6.924000000000000155e-01
0.000000000000000000e+00 6.895999999999999908e-01
5.000000000000000000e+00 6.899999999999999467e-01
1.050000000000000000e+02 6.904000000000000137e-01
0.000000000000000000e+00 6.907999999999999696e-01
5.700000000000000000e+01 6.912000000000000366e-01
2.000000000000000000e+00 6.912000000000000366e-01
5.000000000000000000e+00 6.915999999999999925e-01
2.000000000000000000e+00 6.919999999999999485e-01
1.000000000000000000e+00 6.924000000000000155e-01
2.500000000000000000e+01 6.927999999999999714e-01
3.300000000000000000e+01 6.932000000000000384e-01
1.800000000000000000e+01 6.935999999999999943e-01
0.000000000000000000e+00 6.935999999999999943e-01
0.000000000000000000e+00 6.939999999999999503e-01
5.000000000000000000e+00 6.944000000000000172e-01
0.000000000000000000e+00 6.947999999999999732e-01
6.000000000000000000e+00 6.952000000000000401e-01
0.000000000000000000e+00 6.955999999999999961e-01
8.860000000000000000e+02 6.959999999999999520e-01
9.100000000000000000e+02 6.959999999999999520e-01
2.380000000000000000e+02 6.964000000000000190e-01
0.000000000000000000e+00 6.919999999999999485e-01
0.000000000000000000e+00 6.924000000000000155e-01
4.000000000000000000e+00 6.927999999999999714e-01
8.000000000000000000e+00 6.927999999999999714e-01
5.800000000000000000e+01 6.932000000000000384e-01
2.000000000000000000e+00 6.935999999999999943e-01
2.248000000000000000e+03 6.939999999999999503e-01
1.260000000000000000e+02 6.935999999999999943e-01
0.000000000000000000e+00 6.939999999999999503e-01
3.000000000000000000e+00 6.944000000000000172e-01
0.000000000000000000e+00 6.947999999999999732e-01
1.700000000000000000e+01 6.952000000000000401e-01
0.000000000000000000e+00 6.955999999999999961e-01
5.790000000000000000e+02 6.959999999999999520e-01
1.000000000000000000e+00 6.959999999999999520e-01
6.000000000000000000e+00 6.964000000000000190e-01
5.510000000000000000e+02 6.967999999999999750e-01
0.000000000000000000e+00 6.955999999999999961e-01
0.000000000000000000e+00 6.959999999999999520e-01
1.400000000000000000e+01 6.964000000000000190e-01
8.510000000000000000e+02 6.967999999999999750e-01
0.000000000000000000e+00 6.972000000000000419e-01
7.770000000000000000e+02 6.975999999999999979e-01
1.000000000000000000e+00 6.964000000000000190e-01
0.000000000000000000e+00 6.967999999999999750e-01
3.900000000000000000e+01 6.972000000000000419e-01
7.200000000000000000e+01 6.975999999999999979e-01
4.820000000000000000e+02 6.972000000000000419e-01
6.000000000000000000e+00 6.972000000000000419e-01
0.000000000000000000e+00 6.975999999999999979e-01
1.090000000000000000e+02 6.979999999999999538e-01
0.000000000000000000e+00 6.984000000000000208e-01
6.000000000000000000e+00 6.987999999999999767e-01
1.000000000000000000e+00 6.992000000000000437e-01
1.200000000000000000e+01 6.995999999999999996e-01
1.600000000000000000e+01 6.999999999999999556e-01
1.800000000000000000e+01 7.004000000000000226e-01
0.000000000000000000e+00 7.007999999999999785e-01
0.000000000000000000e+00 7.012000000000000455e-01
0.000000000000000000e+00 7.016000000000000014e-01
5.000000000000000000e+00 7.019999999999999574e-01
0.000000000000000000e+00 7.024000000000000243e-01
0.000000000000000000e+00 7.027999999999999803e-01
1.900000000000000000e+01 7.032000000000000473e-01
0.000000000000000000e+00 7.036000000000000032e-01
0.000000000000000000e+00 7.039999999999999591e-01
2.000000000000000000e+00 7.044000000000000261e-01
0.000000000000000000e+00 7.047999999999999821e-01
0.000000000000000000e+00 7.052000000000000490e-01
6.000000000000000000e+00 7.056000000000000050e-01
4.700000000000000000e+01 7.059999999999999609e-01
4.000000000000000000e+00 7.064000000000000279e-01
1.338000000000000000e+03 7.067999999999999838e-01
0.000000000000000000e+00 7.052000000000000490e-01
9.000000000000000000e+00 7.056000000000000050e-01
0.000000000000000000e+00 7.059999999999999609e-01
5.000000000000000000e+00 7.064000000000000279e-01
0.000000000000000000e+00 7.067999999999999838e-01
4.000000000000000000e+00 7.072000000000000508e-01
0.000000000000000000e+00 7.076000000000000068e-01
7.300000000000000000e+01 7.079999999999999627e-01
0.000000000000000000e+00 7.067999999999999838e-01
1.600000000000000000e+01 7.072000000000000508e-01
1.800000000000000000e+01 7.076000000000000068e-01
5.130000000000000000e+02 7.079999999999999627e-01
4.118000000000000000e+03 7.084000000000000297e-01
3.077000000000000000e+03 6.984000000000000208e-01
0.000000000000000000e+00 6.984000000000000208e-01
1.000000000000000000e+00 6.987999999999999767e-01
0.000000000000000000e+00 6.992000000000000437e-01
0.000000000000000000e+00 6.995999999999999996e-01
1.193000000000000000e+03 6.999999999999999556e-01
2.000000000000000000e+00 6.995999999999999996e-01
0.000000000000000000e+00 6.999999999999999556e-01
2.700000000000000000e+01 7.004000000000000226e-01
0.000000000000000000e+00 7.007999999999999785e-01
0.000000000000000000e+00 7.012000000000000455e-01
7.000000000000000000e+00 7.016000000000000014e-01
6.000000000000000000e+00 7.019999999999999574e-01
0.000000000000000000e+00 7.024000000000000243e-01
0.000000000000000000e+00 7.027999999999999803e-01
5.500000000000000000e+01 7.032000000000000473e-01
1.000000000000000000e+00 7.036000000000000032e-01
1.300000000000000000e+01 7.039999999999999591e-01
8.000000000000000000e+00 7.044000000000000261e-01
0.000000000000000000e+00 7.039999999999999591e-01
0.000000000000000000e+00 7.044000000000000261e-01
1.100000000000000000e+01 7.047999999999999821e-01
0.000000000000000000e+00 7.052000000000000490e-01
1.110000000000000000e+02 7.056000000000000050e-01
0.000000000000000000e+00 7.059999999999999609e-01
1.100000000000000000e+01 7.064000000000000279e-01
3.000000000000000000e+01 7.064000000000000279e-01
0.000000000000000000e+00 7.067999999999999838e-01
2.272000000000000000e+03 7.072000000000000508e-01
2.900000000000000000e+01 7.036000000000000032e-01
1.000000000000000000e+00 7.039999999999999591e-01
7.200000000000000000e+01 7.044000000000000261e-01
7.000000000000000000e+00 7.047999999999999821e-01
0.000000000000000000e+00 7.052000000000000490e-01
4.000000000000000000e+00 7.056000000000000050e-01
6.000000000000000000e+00 7.059999999999999609e-01
2.000000000000000000e+00 7.064000000000000279e-01
1.000000000000000000e+00 7.064000000000000279e-01
1.030000000000000000e+02 7.067999999999999838e-01
3.800000000000000000e+01 7.072000000000000508e-01
3.600000000000000000e+01 7.076000000000000068e-01
1.400000000000000000e+01 7.079999999999999627e-01
0.000000000000000000e+00 7.084000000000000297e-01
0.000000000000000000e+00 7.087999999999999856e-01
2.820000000000000000e+02 7.092000000000000526e-01
8.200000000000000000e+01 7.096000000000000085e-01
0.000000000000000000e+00 7.099999999999999645e-01
4.000000000000000000e+00 7.104000000000000314e-01
1.620000000000000000e+02 7.107999999999999874e-01
0.000000000000000000e+00 7.096000000000000085e-01
1.000000000000000000e+00 7.099999999999999645e-01
0.000000000000000000e+00 7.099999999999999645e-01
0.000000000000000000e+00 7.104000000000000314e-01
6.180000000000000000e+02 7.107999999999999874e-01
3.600000000000000000e+01 7.079999999999999627e-01
1.376000000000000000e+03 7.084000000000000297e-01
0.000000000000000000e+00 7.036000000000000032e-01
2.000000000000000000e+00 7.039999999999999591e-01
0.000000000000000000e+00 7.044000000000000261e-01
9.000000000000000000e+01 7.047999999999999821e-01
9.000000000000000000e+00 7.052000000000000490e-01
0.000000000000000000e+00 7.056000000000000050e-01
8.500000000000000000e+01 7.059999999999999609e-01
0.000000000000000000e+00 7.064000000000000279e-01
1.075000000000000000e+03 7.067999999999999838e-01
2.600000000000000000e+01 6.995999999999999996e-01
1.210000000000000000e+02 6.999999999999999556e-01
4.000000000000000000e+01 7.004000000000000226e-01
1.000000000000000000e+00 7.007999999999999785e-01
0.000000000000000000e+00 7.012000000000000455e-01
1.990000000000000000e+02 7.016000000000000014e-01
3.890000000000000000e+02 7.012000000000000455e-01
4.922000000000000000e+03 7.016000000000000014e-01
0.000000000000000000e+00 6.947999999999999732e-01
0.000000000000000000e+00 6.952000000000000401e-01
9.000000000000000000e+00 6.955999999999999961e-01
1.800000000000000000e+01 6.952000000000000401e-01
1.800000000000000000e+01 6.947999999999999732e-01
1.300000000000000000e+01 6.952000000000000401e-01
2.500000000000000000e+02 6.955999999999999961e-01
1.857000000000000000e+03 6.944000000000000172e-01
4.000000000000000000e+00 6.919999999999999485e-01
0.000000000000000000e+00 6.924000000000000155e-01
4.100000000000000000e+01 6.927999999999999714e-01
0.000000000000000000e+00 6.927999999999999714e-01
4.100000000000000000e+01 6.932000000000000384e-01
1.000000000000000000e+00 6.935999999999999943e-01
0.000000000000000000e+00 6.939999999999999503e-01
0.000000000000000000e+00 6.944000000000000172e-01
2.600000000000000000e+01 6.947999999999999732e-01
3.337000000000000000e+03 6.952000000000000401e-01
3.900000000000000000e+01 6.944000000000000172e-01
6.000000000000000000e+00 6.947999999999999732e-01
1.100000000000000000e+01 6.952000000000000401e-01
2.050000000000000000e+02 6.955999999999999961e-01
3.290000000000000000e+02 6.959999999999999520e-01
0.000000000000000000e+00 6.959999999999999520e-01
6.000000000000000000e+00 6.964000000000000190e-01
7.000000000000000000e+00 6.967999999999999750e-01
1.752000000000000000e+03 6.967999999999999750e-01
1.090000000000000000e+02 6.939999999999999503e-01
5.000000000000000000e+00 6.924000000000000155e-01
0.000000000000000000e+00 6.927999999999999714e-01
0.000000000000000000e+00 6.932000000000000384e-01
3.000000000000000000e+00 6.935999999999999943e-01
3.000000000000000000e+00 6.939999999999999503e-01
2.000000000000000000e+00 6.944000000000000172e-01
0.000000000000000000e+00 6.947999999999999732e-01
5.000000000000000000e+00 6.952000000000000401e-01
0.000000000000000000e+00 6.955999999999999961e-01
1.520000000000000000e+02 6.959999999999999520e-01
2.000000000000000000e+00 6.959999999999999520e-01
0.000000000000000000e+00 6.964000000000000190e-01
2.500000000000000000e+01 6.967999999999999750e-01
2.899000000000000000e+03 6.967999999999999750e-01
1.000000000000000000e+01 6.860000000000000542e-01
0.000000000000000000e+00 6.864000000000000101e-01
2.500000000000000000e+01 6.867999999999999661e-01
0.000000000000000000e+00 6.872000000000000330e-01
1.800000000000000000e+01 6.875999999999999890e-01
3.300000000000000000e+01 6.879999999999999449e-01
0.000000000000000000e+00 6.875999999999999890e-01
1.550000000000000000e+02 6.879999999999999449e-01
5.760000000000000000e+02 6.884000000000000119e-01
0.000000000000000000e+00 6.832000000000000295e-01
3.910000000000000000e+02 6.835999999999999854e-01
0.000000000000000000e+00 6.835999999999999854e-01
4.100000000000000000e+01 6.840000000000000524e-01
0.000000000000000000e+00 6.844000000000000083e-01
2.250000000000000000e+02 6.847999999999999643e-01
4.000000000000000000e+00 6.852000000000000313e-01
0.000000000000000000e+00 6.855999999999999872e-01
0.000000000000000000e+00 6.860000000000000542e-01
9.000000000000000000e+00 6.864000000000000101e-01
1.000000000000000000e+00 6.867999999999999661e-01
1.480000000000000000e+02 6.872000000000000330e-01
1.488000000000000000e+03 6.875999999999999890e-01
0.000000000000000000e+00 6.835999999999999854e-01
0.000000000000000000e+00 6.840000000000000524e-01
7.000000000000000000e+00 6.844000000000000083e-01
0.000000000000000000e+00 6.840000000000000524e-01
4.300000000000000000e+01 6.844000000000000083e-01
4.000000000000000000e+00 6.835999999999999854e-01
0.000000000000000000e+00 6.840000000000000524e-01
6.000000000000000000e+00 6.844000000000000083e-01
0.000000000000000000e+00 6.847999999999999643e-01
2.400000000000000000e+01 6.852000000000000313e-01
1.890000000000000000e+02 6.855999999999999872e-01
4.950000000000000000e+02 6.844000000000000083e-01
1.400000000000000000e+01 6.827999999999999625e-01
1.200000000000000000e+01 6.832000000000000295e-01
6.300000000000000000e+01 6.835999999999999854e-01
0.000000000000000000e+00 6.840000000000000524e-01
0.000000000000000000e+00 6.844000000000000083e-01
0.000000000000000000e+00 6.847999999999999643e-01
1.600000000000000000e+01 6.852000000000000313e-01
0.000000000000000000e+00 6.855999999999999872e-01
1.500000000000000000e+01 6.860000000000000542e-01
8.900000000000000000e+01 6.864000000000000101e-01
3.000000000000000000e+00 6.867999999999999661e-01
0.000000000000000000e+00 6.872000000000000330e-01
0.000000000000000000e+00 6.875999999999999890e-01
1.480000000000000000e+02 6.879999999999999449e-01
2.400000000000000000e+01 6.879999999999999449e-01
2.000000000000000000e+00 6.884000000000000119e-01
1.200000000000000000e+01 6.884000000000000119e-01
2.729000000000000000e+03 6.887999999999999678e-01
1.000000000000000000e+00 6.884000000000000119e-01
4.380000000000000000e+02 6.887999999999999678e-01
8.000000000000000000e+00 6.855999999999999872e-01
0.000000000000000000e+00 6.860000000000000542e-01
5.000000000000000000e+00 6.864000000000000101e-01
0.000000000000000000e+00 6.867999999999999661e-01
0.000000000000000000e+00 6.872000000000000330e-01
0.000000000000000000e+00 6.875999999999999890e-01
2.000000000000000000e+00 6.879999999999999449e-01
6.000000000000000000e+00 6.884000000000000119e-01
2.270000000000000000e+02 6.884000000000000119e-01
3.000000000000000000e+00 6.867999999999999661e-01
0.000000000000000000e+00 6.872000000000000330e-01
3.130000000000000000e+02 6.875999999999999890e-01
1.356000000000000000e+03 6.860000000000000542e-01
6.740000000000000000e+02 6.800000000000000488e-01
2.000000000000000000e+00 6.800000000000000488e-01
1.200000000000000000e+01 6.795999999999999819e-01
8.000000000000000000e+00 6.800000000000000488e-01
4.000000000000000000e+00 6.804000000000000048e-01
5.800000000000000000e+01 6.807999999999999607e-01
7.970000000000000000e+02 6.804000000000000048e-01
3.000000000000000000e+00 6.800000000000000488e-01
2.000000000000000000e+00 6.804000000000000048e-01
1.000000000000000000e+00 6.807999999999999607e-01
1.000000000000000000e+00 6.812000000000000277e-01
5.980000000000000000e+02 6.815999999999999837e-01
0.000000000000000000e+00 6.820000000000000506e-01
0.000000000000000000e+00 6.824000000000000066e-01
1.000000000000000000e+00 6.827999999999999625e-01
6.000000000000000000e+01 6.832000000000000295e-01
0.000000000000000000e+00 6.835999999999999854e-01
2.000000000000000000e+00 6.840000000000000524e-01
4.300000000000000000e+01 6.844000000000000083e-01
0.000000000000000000e+00 6.847999999999999643e-01
0.000000000000000000e+00 6.852000000000000313e-01
0.000000000000000000e+00 6.855999999999999872e-01
0.000000000000000000e+00 6.860000000000000542e-01
2.000000000000000000e+00 6.864000000000000101e-01
1.700000000000000000e+01 6.867999999999999661e-01
0.000000000000000000e+00 6.867999999999999661e-01
6.600000000000000000e+01 6.872000000000000330e-01
3.000000000000000000e+00 6.875999999999999890e-01
3.750000000000000000e+02 6.879999999999999449e-01
1.160000000000000000e+02 6.875999999999999890e-01
0.000000000000000000e+00 6.879999999999999449e-01
1.740000000000000000e+02 6.884000000000000119e-01
0.000000000000000000e+00 6.887999999999999678e-01
1.000000000000000000e+00 6.892000000000000348e-01
0.000000000000000000e+00 6.892000000000000348e-01
2.600000000000000000e+01 6.895999999999999908e-01
0.000000000000000000e+00 6.899999999999999467e-01
3.000000000000000000e+00 6.904000000000000137e-01
2.860000000000000000e+02 6.907999999999999696e-01
6.000000000000000000e+00 6.912000000000000366e-01
2.020000000000000000e+02 6.915999999999999925e-01
1.000000000000000000e+00 6.919999999999999485e-01
3.020000000000000000e+02 6.924000000000000155e-01
3.000000000000000000e+00 6.895999999999999908e-01
6.100000000000000000e+01 6.899999999999999467e-01
2.000000000000000000e+00 6.904000000000000137e-01
0.000000000000000000e+00 6.907999999999999696e-01
0.000000000000000000e+00 6.912000000000000366e-01
1.500000000000000000e+01 6.915999999999999925e-01
1.187000000000000000e+03 6.919999999999999485e-01
0.000000000000000000e+00 6.904000000000000137e-01
6.000000000000000000e+00 6.907999999999999696e-01
6.040000000000000000e+02 6.912000000000000366e-01
0.000000000000000000e+00 6.892000000000000348e-01
1.000000000000000000e+00 6.895999999999999908e-01
3.560000000000000000e+02 6.892000000000000348e-01
4.000000000000000000e+00 6.884000000000000119e-01
2.000000000000000000e+00 6.887999999999999678e-01
4.000000000000000000e+00 6.892000000000000348e-01
2.150000000000000000e+02 6.895999999999999908e-01
1.000000000000000000e+00 6.887999999999999678e-01
9.000000000000000000e+00 6.892000000000000348e-01
3.000000000000000000e+00 6.895999999999999908e-01
2.540000000000000000e+02 6.899999999999999467e-01
9.780000000000000000e+02 6.892000000000000348e-01
5.620000000000000000e+02 6.864000000000000101e-01
0.000000000000000000e+00 6.867999999999999661e-01
0.000000000000000000e+00 6.872000000000000330e-01
0.000000000000000000e+00 6.875999999999999890e-01
1.000000000000000000e+00 6.879999999999999449e-01
1.000000000000000000e+00 6.884000000000000119e-01
0.000000000000000000e+00 6.887999999999999678e-01
0.000000000000000000e+00 6.892000000000000348e-01
0.000000000000000000e+00 6.895999999999999908e-01
2.200000000000000000e+01 6.899999999999999467e-01
0.000000000000000000e+00 6.904000000000000137e-01
3.900000000000000000e+01 6.907999999999999696e-01
2.000000000000000000e+00 6.907999999999999696e-01
1.200000000000000000e+01 6.912000000000000366e-01
5.000000000000000000e+00 6.915999999999999925e-01
9.300000000000000000e+01 6.919999999999999485e-01
6.000000000000000000e+00 6.924000000000000155e-01
1.000000000000000000e+00 6.927999999999999714e-01
0.000000000000000000e+00 6.932000000000000384e-01
1.400000000000000000e+01 6.935999999999999943e-01
0.000000000000000000e+00 6.935999999999999943e-01
0.000000000000000000e+00 6.939999999999999503e-01
0.000000000000000000e+00 6.944000000000000172e-01
4.000000000000000000e+00 6.947999999999999732e-01
0.000000000000000000e+00 6.952000000000000401e-01
2.000000000000000000e+00 6.955999999999999961e-01
7.000000000000000000e+00 6.959999999999999520e-01
3.000000000000000000e+00 6.964000000000000190e-01
1.000000000000000000e+00 6.967999999999999750e-01
2.000000000000000000e+00 6.972000000000000419e-01
1.555000000000000000e+03 6.975999999999999979e-01
2.705000000000000000e+03 6.955999999999999961e-01
0.000000000000000000e+00 6.947999999999999732e-01
0.000000000000000000e+00 6.952000000000000401e-01
3.660000000000000000e+02 6.955999999999999961e-01
3.430000000000000000e+02 6.959999999999999520e-01
4.000000000000000000e+00 6.964000000000000190e-01
2.900000000000000000e+01 6.967999999999999750e-01
0.000000000000000000e+00 6.964000000000000190e-01
2.000000000000000000e+00 6.967999999999999750e-01
4.000000000000000000e+00 6.967999999999999750e-01
1.300000000000000000e+01 6.967999999999999750e-01
2.030000000000000000e+02 6.967999999999999750e-01
0.000000000000000000e+00 6.952000000000000401e-01
2.500000000000000000e+01 6.955999999999999961e-01
0.000000000000000000e+00 6.959999999999999520e-01
0.000000000000000000e+00 6.964000000000000190e-01
3.290000000000000000e+02 6.967999999999999750e-01
0.000000000000000000e+00 6.972000000000000419e-01
9.100000000000000000e+01 6.975999999999999979e-01
1.300000000000000000e+01 6.979999999999999538e-01
2.100000000000000000e+02 6.984000000000000208e-01
0.000000000000000000e+00 6.979999999999999538e-01
4.700000000000000000e+01 6.984000000000000208e-01
0.000000000000000000e+00 6.987999999999999767e-01
8.000000000000000000e+00 6.992000000000000437e-01
2.000000000000000000e+00 6.995999999999999996e-01
0.000000000000000000e+00 6.999999999999999556e-01
2.000000000000000000e+00 7.004000000000000226e-01
8.000000000000000000e+00 7.007999999999999785e-01
0.000000000000000000e+00 7.012000000000000455e-01
0.000000000000000000e+00 7.016000000000000014e-01
4.400000000000000000e+01 7.019999999999999574e-01
1.000000000000000000e+01 7.024000000000000243e-01
6.590000000000000000e+03 7.027999999999999803e-01
1.700000000000000000e+01 6.915999999999999925e-01
4.000000000000000000e+01 6.919999999999999485e-01
0.000000000000000000e+00 6.924000000000000155e-01
0.000000000000000000e+00 6.927999999999999714e-01
4.040000000000000000e+02 6.932000000000000384e-01
0.000000000000000000e+00 6.935999999999999943e-01
1.025000000000000000e+03 6.939999999999999503e-01
0.000000000000000000e+00 6.884000000000000119e-01
1.200000000000000000e+01 6.887999999999999678e-01
1.140000000000000000e+02 6.892000000000000348e-01
1.300000000000000000e+01 6.895999999999999908e-01
1.000000000000000000e+01 6.899999999999999467e-01
1.020000000000000000e+02 6.904000000000000137e-01
7.000000000000000000e+00 6.904000000000000137e-01
5.000000000000000000e+00 6.899999999999999467e-01
1.200000000000000000e+01 6.904000000000000137e-01
7.000000000000000000e+00 6.887999999999999678e-01
6.000000000000000000e+00 6.892000000000000348e-01
3.000000000000000000e+00 6.895999999999999908e-01
1.810000000000000000e+02 6.899999999999999467e-01
0.000000000000000000e+00 6.904000000000000137e-01
3.053000000000000000e+03 6.907999999999999696e-01
6.240000000000000000e+02 6.887999999999999678e-01
0.000000000000000000e+00 6.860000000000000542e-01
2.000000000000000000e+00 6.864000000000000101e-01
9.000000000000000000e+00 6.867999999999999661e-01
0.000000000000000000e+00 6.860000000000000542e-01
2.610000000000000000e+02 6.864000000000000101e-01
8.000000000000000000e+00 6.867999999999999661e-01
2.000000000000000000e+00 6.872000000000000330e-01
1.800000000000000000e+01 6.875999999999999890e-01
4.710000000000000000e+02 6.879999999999999449e-01
1.620000000000000000e+02 6.884000000000000119e-01
2.200000000000000000e+01 6.887999999999999678e-01
2.000000000000000000e+00 6.887999999999999678e-01
1.000000000000000000e+00 6.887999999999999678e-01
0.000000000000000000e+00 6.887999999999999678e-01
1.000000000000000000e+00 6.892000000000000348e-01
7.600000000000000000e+01 6.887999999999999678e-01
3.300000000000000000e+01 6.864000000000000101e-01
0.000000000000000000e+00 6.867999999999999661e-01
0.000000000000000000e+00 6.872000000000000330e-01
5.060000000000000000e+02 6.875999999999999890e-01
0.000000000000000000e+00 6.867999999999999661e-01
2.000000000000000000e+00 6.872000000000000330e-01
2.000000000000000000e+00 6.875999999999999890e-01
2.550000000000000000e+02 6.879999999999999449e-01
0.000000000000000000e+00 6.875999999999999890e-01
1.000000000000000000e+00 6.879999999999999449e-01
4.112000000000000000e+03 6.884000000000000119e-01
1.356000000000000000e+03 6.840000000000000524e-01
6.000000000000000000e+00 6.832000000000000295e-01
5.000000000000000000e+00 6.835999999999999854e-01
3.294000000000000000e+03 6.835999999999999854e-01
4.000000000000000000e+00 6.820000000000000506e-01
0.000000000000000000e+00 6.824000000000000066e-01
3.000000000000000000e+00 6.827999999999999625e-01
0.000000000000000000e+00 6.832000000000000295e-01
4.500000000000000000e+01 6.835999999999999854e-01
2.300000000000000000e+01 6.832000000000000295e-01
1.300000000000000000e+01 6.835999999999999854e-01
0.000000000000000000e+00 6.840000000000000524e-01
4.000000000000000000e+00 6.844000000000000083e-01
8.560000000000000000e+02 6.847999999999999643e-01
0.000000000000000000e+00 6.852000000000000313e-01
1.340000000000000000e+02 6.855999999999999872e-01
2.000000000000000000e+00 6.860000000000000542e-01
1.500000000000000000e+01 6.864000000000000101e-01
3.000000000000000000e+00 6.867999999999999661e-01
1.000000000000000000e+00 6.872000000000000330e-01
1.000000000000000000e+00 6.872000000000000330e-01
3.000000000000000000e+00 6.875999999999999890e-01
1.200000000000000000e+01 6.879999999999999449e-01
3.000000000000000000e+00 6.884000000000000119e-01
1.000000000000000000e+00 6.884000000000000119e-01
0.000000000000000000e+00 6.887999999999999678e-01
1.900000000000000000e+01 6.892000000000000348e-01
3.440000000000000000e+02 6.895999999999999908e-01
0.000000000000000000e+00 6.899999999999999467e-01
2.710000000000000000e+02 6.904000000000000137e-01
6.440000000000000000e+02 6.875999999999999890e-01
6.500000000000000000e+01 6.879999999999999449e-01
0.000000000000000000e+00 6.867999999999999661e-01
5.000000000000000000e+00 6.872000000000000330e-01
5.930000000000000000e+02 6.875999999999999890e-01
0.000000000000000000e+00 6.827999999999999625e-01
2.000000000000000000e+00 6.832000000000000295e-01
2.000000000000000000e+00 6.835999999999999854e-01
6.700000000000000000e+01 6.840000000000000524e-01
2.980000000000000000e+02 6.844000000000000083e-01
0.000000000000000000e+00 6.847999999999999643e-01
0.000000000000000000e+00 6.852000000000000313e-01
0.000000000000000000e+00 6.855999999999999872e-01
0.000000000000000000e+00 6.860000000000000542e-01
1.000000000000000000e+01 6.864000000000000101e-01
1.480000000000000000e+02 6.867999999999999661e-01
0.000000000000000000e+00 6.872000000000000330e-01
4.300000000000000000e+01 6.875999999999999890e-01
0.000000000000000000e+00 6.879999999999999449e-01
2.000000000000000000e+00 6.884000000000000119e-01
2.000000000000000000e+00 6.887999999999999678e-01
3.700000000000000000e+01 6.892000000000000348e-01
4.000000000000000000e+00 6.879999999999999449e-01
0.000000000000000000e+00 6.884000000000000119e-01
6.810000000000000000e+02 6.887999999999999678e-01
2.000000000000000000e+00 6.855999999999999872e-01
1.531000000000000000e+03 6.860000000000000542e-01
2.000000000000000000e+01 6.864000000000000101e-01
4.100000000000000000e+01 6.867999999999999661e-01
0.000000000000000000e+00 6.872000000000000330e-01
5.820000000000000000e+02 6.875999999999999890e-01
6.000000000000000000e+00 6.879999999999999449e-01
0.000000000000000000e+00 6.884000000000000119e-01
0.000000000000000000e+00 6.887999999999999678e-01
0.000000000000000000e+00 6.892000000000000348e-01
5.000000000000000000e+00 6.895999999999999908e-01
0.000000000000000000e+00 6.899999999999999467e-01
3.200000000000000000e+01 6.904000000000000137e-01
1.610000000000000000e+02 6.907999999999999696e-01
0.000000000000000000e+00 6.912000000000000366e-01
2.958000000000000000e+03 6.915999999999999925e-01
1.880000000000000000e+02 6.907999999999999696e-01
0.000000000000000000e+00 6.912000000000000366e-01
0.000000000000000000e+00 6.915999999999999925e-01
8.350000000000000000e+02 6.919999999999999485e-01
0.000000000000000000e+00 6.879999999999999449e-01
0.000000000000000000e+00 6.884000000000000119e-01
1.000000000000000000e+00 6.887999999999999678e-01
4.400000000000000000e+01 6.887999999999999678e-01
7.000000000000000000e+01 6.892000000000000348e-01
1.500000000000000000e+01 6.895999999999999908e-01
8.000000000000000000e+00 6.899999999999999467e-01
1.060000000000000000e+02 6.895999999999999908e-01
4.470000000000000000e+02 6.875999999999999890e-01
3.730000000000000000e+02 6.879999999999999449e-01
3.000000000000000000e+00 6.884000000000000119e-01
1.000000000000000000e+00 6.887999999999999678e-01
1.380000000000000000e+02 6.892000000000000348e-01
1.400000000000000000e+02 6.895999999999999908e-01
0.000000000000000000e+00 6.899999999999999467e-01
1.111000000000000000e+03 6.904000000000000137e-01
0.000000000000000000e+00 6.895999999999999908e-01
0.000000000000000000e+00 6.899999999999999467e-01
6.000000000000000000e+00 6.904000000000000137e-01
1.000000000000000000e+00 6.907999999999999696e-01
2.400000000000000000e+01 6.912000000000000366e-01
8.980000000000000000e+02 6.915999999999999925e-01
4.000000000000000000e+01 6.860000000000000542e-01
4.530000000000000000e+02 6.864000000000000101e-01
2.052000000000000000e+03 6.867999999999999661e-01
8.000000000000000000e+00 6.872000000000000330e-01
3.000000000000000000e+00 6.875999999999999890e-01
0.000000000000000000e+00 6.875999999999999890e-01
0.000000000000000000e+00 6.879999999999999449e-01
5.000000000000000000e+00 6.884000000000000119e-01
0.000000000000000000e+00 6.879999999999999449e-01
1.800000000000000000e+01 6.884000000000000119e-01
3.200000000000000000e+01 6.887999999999999678e-01
1.670000000000000000e+02 6.892000000000000348e-01
0.000000000000000000e+00 6.884000000000000119e-01
1.200000000000000000e+01 6.887999999999999678e-01
9.700000000000000000e+01 6.879999999999999449e-01
1.030000000000000000e+02 6.879999999999999449e-01
5.000000000000000000e+00 6.884000000000000119e-01
5.000000000000000000e+00 6.887999999999999678e-01
0.000000000000000000e+00 6.884000000000000119e-01
2.130000000000000000e+02 6.887999999999999678e-01
8.000000000000000000e+00 6.879999999999999449e-01
2.300000000000000000e+01 6.884000000000000119e-01
0.000000000000000000e+00 6.879999999999999449e-01
1.000000000000000000e+01 6.884000000000000119e-01
6.500000000000000000e+01 6.887999999999999678e-01
0.000000000000000000e+00 6.892000000000000348e-01
2.300000000000000000e+01 6.895999999999999908e-01
9.690000000000000000e+02 6.895999999999999908e-01
1.300000000000000000e+02 6.879999999999999449e-01
5.000000000000000000e+00 6.884000000000000119e-01
0.000000000000000000e+00 6.887999999999999678e-01
9.200000000000000000e+01 6.892000000000000348e-01
6.000000000000000000e+01 6.892000000000000348e-01
5.000000000000000000e+00 6.895999999999999908e-01
8.000000000000000000e+00 6.899999999999999467e-01
2.000000000000000000e+00 6.904000000000000137e-01
2.000000000000000000e+00 6.907999999999999696e-01
5.000000000000000000e+00 6.912000000000000366e-01
2.590000000000000000e+02 6.915999999999999925e-01
2.000000000000000000e+01 6.919999999999999485e-01
0.000000000000000000e+00 6.915999999999999925e-01
0.000000000000000000e+00 6.919999999999999485e-01
2.365000000000000000e+03 6.924000000000000155e-01
1.550000000000000000e+02 6.927999999999999714e-01
0.000000000000000000e+00 6.912000000000000366e-01
0.000000000000000000e+00 6.915999999999999925e-01
2.800000000000000000e+01 6.919999999999999485e-01
0.000000000000000000e+00 6.924000000000000155e-01
0.000000000000000000e+00 6.927999999999999714e-01
2.000000000000000000e+00 6.932000000000000384e-01
5.500000000000000000e+01 6.935999999999999943e-01
5.140000000000000000e+02 6.935999999999999943e-01
0.000000000000000000e+00 6.935999999999999943e-01
0.000000000000000000e+00 6.939999999999999503e-01
5.000000000000000000e+00 6.944000000000000172e-01
1.700000000000000000e+01 6.947999999999999732e-01
5.000000000000000000e+00 6.952000000000000401e-01
3.000000000000000000e+00 6.955999999999999961e-01
5.500000000000000000e+01 6.959999999999999520e-01
3.000000000000000000e+00 6.964000000000000190e-01
4.950000000000000000e+02 6.967999999999999750e-01
5.100000000000000000e+01 6.967999999999999750e-01
0.000000000000000000e+00 6.964000000000000190e-01
0.000000000000000000e+00 6.967999999999999750e-01
9.000000000000000000e+00 6.972000000000000419e-01
1.666000000000000000e+03 6.975999999999999979e-01
7.000000000000000000e+00 6.935999999999999943e-01
4.000000000000000000e+00 6.935999999999999943e-01
4.000000000000000000e+00 6.939999999999999503e-01
0.000000000000000000e+00 6.944000000000000172e-01
1.120000000000000000e+02 6.947999999999999732e-01
5.100000000000000000e+01 6.947999999999999732e-01
0.000000000000000000e+00 6.952000000000000401e-01
9.150000000000000000e+02 6.955999999999999961e-01
1.800000000000000000e+01 6.927999999999999714e-01
5.000000000000000000e+00 6.932000000000000384e-01
0.000000000000000000e+00 6.927999999999999714e-01
2.200000000000000000e+01 6.932000000000000384e-01
0.000000000000000000e+00 6.935999999999999943e-01
5.000000000000000000e+00 6.939999999999999503e-01
1.000000000000000000e+00 6.944000000000000172e-01
2.000000000000000000e+00 6.947999999999999732e-01
6.000000000000000000e+00 6.952000000000000401e-01
1.070000000000000000e+02 6.955999999999999961e-01
0.000000000000000000e+00 6.959999999999999520e-01
0.000000000000000000e+00 6.964000000000000190e-01
3.000000000000000000e+00 6.967999999999999750e-01
3.000000000000000000e+01 6.972000000000000419e-01
0.000000000000000000e+00 6.959999999999999520e-01
0.000000000000000000e+00 6.964000000000000190e-01
1.000000000000000000e+00 6.967999999999999750e-01
2.000000000000000000e+00 6.972000000000000419e-01
9.000000000000000000e+00 6.972000000000000419e-01
4.400000000000000000e+01 6.975999999999999979e-01
0.000000000000000000e+00 6.979999999999999538e-01
0.000000000000000000e+00 6.984000000000000208e-01
0.000000000000000000e+00 6.987999999999999767e-01
5.600000000000000000e+01 6.992000000000000437e-01
0.000000000000000000e+00 6.995999999999999996e-01
2.000000000000000000e+00 6.999999999999999556e-01
9.100000000000000000e+01 7.004000000000000226e-01
2.000000000000000000e+00 6.995999999999999996e-01
2.390000000000000000e+02 6.999999999999999556e-01
2.000000000000000000e+00 6.992000000000000437e-01
0.000000000000000000e+00 6.995999999999999996e-01
0.000000000000000000e+00 6.999999999999999556e-01
2.870000000000000000e+02 7.004000000000000226e-01
0.000000000000000000e+00 6.995999999999999996e-01
1.250000000000000000e+02 6.999999999999999556e-01
0.000000000000000000e+00 6.987999999999999767e-01
6.360000000000000000e+02 6.992000000000000437e-01
1.998000000000000000e+03 6.995999999999999996e-01
5.507000000000000000e+03 6.995999999999999996e-01
2.000000000000000000e+00 6.979999999999999538e-01
8.400000000000000000e+01 6.984000000000000208e-01
6.000000000000000000e+00 6.987999999999999767e-01
6.000000000000000000e+00 6.992000000000000437e-01
2.900000000000000000e+01 6.995999999999999996e-01
2.000000000000000000e+00 6.999999999999999556e-01
2.000000000000000000e+00 6.995999999999999996e-01
6.000000000000000000e+00 6.999999999999999556e-01
5.000000000000000000e+00 7.004000000000000226e-01
0.000000000000000000e+00 7.007999999999999785e-01
0.000000000000000000e+00 7.012000000000000455e-01
5.000000000000000000e+00 7.016000000000000014e-01
7.000000000000000000e+00 7.019999999999999574e-01
1.140000000000000000e+02 7.024000000000000243e-01
0.000000000000000000e+00 7.007999999999999785e-01
0.000000000000000000e+00 7.012000000000000455e-01
0.000000000000000000e+00 7.016000000000000014e-01
1.000000000000000000e+00 7.019999999999999574e-01
2.000000000000000000e+00 7.024000000000000243e-01
0.000000000000000000e+00 7.024000000000000243e-01
5.000000000000000000e+00 7.027999999999999803e-01
0.000000000000000000e+00 7.032000000000000473e-01
0.000000000000000000e+00 7.036000000000000032e-01
5.478000000000000000e+03 7.039999999999999591e-01
9.000000000000000000e+00 6.979999999999999538e-01
0.000000000000000000e+00 6.984000000000000208e-01
0.000000000000000000e+00 6.987999999999999767e-01
1.000000000000000000e+00 6.992000000000000437e-01
2.400000000000000000e+01 6.995999999999999996e-01
1.000000000000000000e+00 6.987999999999999767e-01
1.290000000000000000e+03 6.992000000000000437e-01
0.000000000000000000e+00 6.959999999999999520e-01
1.000000000000000000e+00 6.964000000000000190e-01
0.000000000000000000e+00 6.967999999999999750e-01
0.000000000000000000e+00 6.972000000000000419e-01
8.500000000000000000e+01 6.975999999999999979e-01
1.516000000000000000e+03 6.979999999999999538e-01
0.000000000000000000e+00 6.984000000000000208e-01
9.700000000000000000e+02 6.987999999999999767e-01
8.100000000000000000e+01 6.967999999999999750e-01
1.975000000000000000e+03 6.972000000000000419e-01
1.000000000000000000e+00 6.967999999999999750e-01
0.000000000000000000e+00 6.972000000000000419e-01
0.000000000000000000e+00 6.975999999999999979e-01
2.200000000000000000e+01 6.979999999999999538e-01
0.000000000000000000e+00 6.964000000000000190e-01
0.000000000000000000e+00 6.967999999999999750e-01
1.600000000000000000e+01 6.972000000000000419e-01
4.400000000000000000e+01 6.967999999999999750e-01
1.820000000000000000e+02 6.972000000000000419e-01
1.640000000000000000e+02 6.975999999999999979e-01
0.000000000000000000e+00 6.979999999999999538e-01
3.000000000000000000e+00 6.984000000000000208e-01
2.300000000000000000e+01 6.987999999999999767e-01
0.000000000000000000e+00 6.992000000000000437e-01
2.100000000000000000e+01 6.995999999999999996e-01
2.000000000000000000e+00 6.999999999999999556e-01
1.656000000000000000e+03 7.004000000000000226e-01
7.000000000000000000e+00 7.007999999999999785e-01
4.000000000000000000e+00 7.012000000000000455e-01
3.400000000000000000e+01 7.016000000000000014e-01
1.180000000000000000e+02 7.019999999999999574e-01
0.000000000000000000e+00 7.019999999999999574e-01
0.000000000000000000e+00 7.024000000000000243e-01
3.709000000000000000e+03 7.027999999999999803e-01
2.500000000000000000e+01 6.952000000000000401e-01
2.000000000000000000e+00 6.955999999999999961e-01
6.000000000000000000e+00 6.959999999999999520e-01
0.000000000000000000e+00 6.964000000000000190e-01
7.000000000000000000e+00 6.967999999999999750e-01
4.000000000000000000e+00 6.967999999999999750e-01
7.000000000000000000e+00 6.972000000000000419e-01
0.000000000000000000e+00 6.975999999999999979e-01
0.000000000000000000e+00 6.979999999999999538e-01
0.000000000000000000e+00 6.984000000000000208e-01
1.070000000000000000e+02 6.987999999999999767e-01
3.630000000000000000e+02 6.992000000000000437e-01
4.000000000000000000e+01 6.995999999999999996e-01
6.000000000000000000e+00 6.999999999999999556e-01
1.100000000000000000e+01 7.004000000000000226e-01
0.000000000000000000e+00 7.007999999999999785e-01
6.200000000000000000e+01 7.012000000000000455e-01
2.000000000000000000e+00 7.016000000000000014e-01
0.000000000000000000e+00 7.019999999999999574e-01
0.000000000000000000e+00 7.024000000000000243e-01
4.000000000000000000e+00 7.027999999999999803e-01
5.000000000000000000e+00 7.024000000000000243e-01
0.000000000000000000e+00 7.027999999999999803e-01
1.720000000000000000e+02 7.032000000000000473e-01
0.000000000000000000e+00 7.024000000000000243e-01
0.000000000000000000e+00 7.027999999999999803e-01
1.000000000000000000e+00 7.032000000000000473e-01
3.318000000000000000e+03 7.036000000000000032e-01
0.000000000000000000e+00 6.995999999999999996e-01
3.000000000000000000e+00 6.999999999999999556e-01
1.618000000000000000e+03 7.004000000000000226e-01
2.000000000000000000e+00 6.952000000000000401e-01
0.000000000000000000e+00 6.955999999999999961e-01
1.600000000000000000e+01 6.959999999999999520e-01
1.600000000000000000e+01 6.964000000000000190e-01
1.000000000000000000e+00 6.959999999999999520e-01
2.200000000000000000e+01 6.964000000000000190e-01
0.000000000000000000e+00 6.967999999999999750e-01
3.000000000000000000e+00 6.972000000000000419e-01
8.000000000000000000e+00 6.972000000000000419e-01
1.220000000000000000e+02 6.975999999999999979e-01
4.000000000000000000e+00 6.979999999999999538e-01
7.320000000000000000e+02 6.984000000000000208e-01
3.000000000000000000e+00 6.987999999999999767e-01
3.350000000000000000e+02 6.984000000000000208e-01
0.000000000000000000e+00 6.987999999999999767e-01
9.000000000000000000e+00 6.992000000000000437e-01
3.000000000000000000e+00 6.995999999999999996e-01
3.000000000000000000e+00 6.999999999999999556e-01
6.150000000000000000e+02 6.999999999999999556e-01
2.000000000000000000e+00 7.004000000000000226e-01
2.000000000000000000e+00 7.007999999999999785e-01
3.620000000000000000e+02 7.012000000000000455e-01
1.700000000000000000e+01 7.016000000000000014e-01
3.100000000000000000e+01 7.019999999999999574e-01
2.000000000000000000e+00 7.024000000000000243e-01
5.400000000000000000e+01 7.027999999999999803e-01
1.420000000000000000e+03 7.024000000000000243e-01
1.600000000000000000e+01 6.999999999999999556e-01
3.100000000000000000e+01 7.004000000000000226e-01
1.900000000000000000e+01 7.007999999999999785e-01
0.000000000000000000e+00 7.007999999999999785e-01
9.000000000000000000e+00 7.012000000000000455e-01
3.600000000000000000e+01 7.016000000000000014e-01
3.300000000000000000e+01 7.019999999999999574e-01
1.000000000000000000e+00 7.024000000000000243e-01
2.700000000000000000e+01 7.027999999999999803e-01
0.000000000000000000e+00 7.032000000000000473e-01
0.000000000000000000e+00 7.036000000000000032e-01
0.000000000000000000e+00 7.039999999999999591e-01
0.000000000000000000e+00 7.044000000000000261e-01
9.000000000000000000e+00 7.047999999999999821e-01
2.000000000000000000e+00 7.052000000000000490e-01
2.000000000000000000e+00 7.056000000000000050e-01
6.870000000000000000e+02 7.059999999999999609e-01
1.330000000000000000e+02 7.056000000000000050e-01
2.000000000000000000e+00 7.059999999999999609e-01
6.190000000000000000e+02 7.056000000000000050e-01
3.000000000000000000e+00 7.027999999999999803e-01
2.000000000000000000e+00 7.032000000000000473e-01
0.000000000000000000e+00 7.036000000000000032e-01
0.000000000000000000e+00 7.039999999999999591e-01
2.227000000000000000e+03 7.044000000000000261e-01
1.790000000000000000e+02 7.016000000000000014e-01
6.000000000000000000e+00 7.012000000000000455e-01
0.000000000000000000e+00 7.016000000000000014e-01
2.900000000000000000e+01 7.019999999999999574e-01
1.367000000000000000e+03 7.024000000000000243e-01
3.328000000000000000e+03 6.995999999999999996e-01
0.000000000000000000e+00 6.947999999999999732e-01
0.000000000000000000e+00 6.952000000000000401e-01
0.000000000000000000e+00 6.955999999999999961e-01
2.000000000000000000e+00 6.959999999999999520e-01
2.000000000000000000e+00 6.964000000000000190e-01
6.520000000000000000e+02 6.967999999999999750e-01
9.140000000000000000e+02 6.952000000000000401e-01
1.498000000000000000e+03 6.924000000000000155e-01
1.000000000000000000e+00 6.860000000000000542e-01
3.000000000000000000e+01 6.864000000000000101e-01
6.000000000000000000e+00 6.867999999999999661e-01
1.000000000000000000e+00 6.872000000000000330e-01
3.600000000000000000e+01 6.875999999999999890e-01
2.900000000000000000e+01 6.879999999999999449e-01
1.500000000000000000e+01 6.875999999999999890e-01
0.000000000000000000e+00 6.879999999999999449e-01
0.000000000000000000e+00 6.884000000000000119e-01
9.000000000000000000e+00 6.887999999999999678e-01
1.990000000000000000e+02 6.892000000000000348e-01
0.000000000000000000e+00 6.895999999999999908e-01
1.100000000000000000e+01 6.899999999999999467e-01
2.640000000000000000e+02 6.895999999999999908e-01
1.000000000000000000e+01 6.899999999999999467e-01
0.000000000000000000e+00 6.904000000000000137e-01
1.263000000000000000e+03 6.907999999999999696e-01
8.000000000000000000e+00 6.879999999999999449e-01
5.000000000000000000e+00 6.884000000000000119e-01
2.000000000000000000e+00 6.879999999999999449e-01
1.680000000000000000e+02 6.884000000000000119e-01
1.600000000000000000e+01 6.884000000000000119e-01
3.100000000000000000e+01 6.887999999999999678e-01
2.500000000000000000e+01 6.875999999999999890e-01
7.000000000000000000e+00 6.879999999999999449e-01
0.000000000000000000e+00 6.875999999999999890e-01
0.000000000000000000e+00 6.879999999999999449e-01
0.000000000000000000e+00 6.884000000000000119e-01
3.400000000000000000e+01 6.887999999999999678e-01
1.000000000000000000e+01 6.892000000000000348e-01
5.700000000000000000e+01 6.895999999999999908e-01
0.000000000000000000e+00 6.899999999999999467e-01
4.500000000000000000e+01 6.904000000000000137e-01
3.600000000000000000e+01 6.907999999999999696e-01
2.000000000000000000e+00 6.907999999999999696e-01
1.800000000000000000e+01 6.912000000000000366e-01
0.000000000000000000e+00 6.915999999999999925e-01
1.778000000000000000e+03 6.919999999999999485e-01
1.190000000000000000e+02 6.924000000000000155e-01
2.000000000000000000e+01 6.927999999999999714e-01
0.000000000000000000e+00 6.932000000000000384e-01
4.000000000000000000e+00 6.935999999999999943e-01
0.000000000000000000e+00 6.939999999999999503e-01
8.000000000000000000e+00 6.944000000000000172e-01
0.000000000000000000e+00 6.947999999999999732e-01
0.000000000000000000e+00 6.952000000000000401e-01
0.000000000000000000e+00 6.955999999999999961e-01
0.000000000000000000e+00 6.959999999999999520e-01
3.100000000000000000e+01 6.964000000000000190e-01
1.300000000000000000e+01 6.967999999999999750e-01
7.100000000000000000e+01 6.964000000000000190e-01
0.000000000000000000e+00 6.964000000000000190e-01
0.000000000000000000e+00 6.967999999999999750e-01
3.400000000000000000e+01 6.972000000000000419e-01
1.010000000000000000e+02 6.975999999999999979e-01
5.395000000000000000e+03 6.979999999999999538e-01
3.656000000000000000e+03 6.944000000000000172e-01
3.600000000000000000e+01 6.879999999999999449e-01
2.000000000000000000e+00 6.875999999999999890e-01
0.000000000000000000e+00 6.879999999999999449e-01
0.000000000000000000e+00 6.884000000000000119e-01
0.000000000000000000e+00 6.887999999999999678e-01
2.000000000000000000e+00 6.892000000000000348e-01
0.000000000000000000e+00 6.895999999999999908e-01
0.000000000000000000e+00 6.899999999999999467e-01
1.200000000000000000e+01 6.904000000000000137e-01
0.000000000000000000e+00 6.907999999999999696e-01
7.000000000000000000e+00 6.912000000000000366e-01
3.100000000000000000e+01 6.915999999999999925e-01
6.000000000000000000e+00 6.915999999999999925e-01
1.000000000000000000e+00 6.919999999999999485e-01
8.000000000000000000e+00 6.919999999999999485e-01
0.000000000000000000e+00 6.924000000000000155e-01
0.000000000000000000e+00 6.927999999999999714e-01
0.000000000000000000e+00 6.932000000000000384e-01
0.000000000000000000e+00 6.935999999999999943e-01
4.000000000000000000e+00 6.939999999999999503e-01
0.000000000000000000e+00 6.944000000000000172e-01
1.520000000000000000e+02 6.947999999999999732e-01
1.100000000000000000e+01 6.947999999999999732e-01
4.000000000000000000e+00 6.939999999999999503e-01
7.300000000000000000e+01 6.944000000000000172e-01
1.000000000000000000e+00 6.947999999999999732e-01
0.000000000000000000e+00 6.952000000000000401e-01
8.700000000000000000e+01 6.955999999999999961e-01
0.000000000000000000e+00 6.959999999999999520e-01
0.000000000000000000e+00 6.964000000000000190e-01
0.000000000000000000e+00 6.967999999999999750e-01
8.100000000000000000e+01 6.972000000000000419e-01
3.300000000000000000e+01 6.975999999999999979e-01
0.000000000000000000e+00 6.967999999999999750e-01
3.292000000000000000e+03 6.972000000000000419e-01
0.000000000000000000e+00 6.935999999999999943e-01
0.000000000000000000e+00 6.939999999999999503e-01
2.000000000000000000e+00 6.944000000000000172e-01
2.000000000000000000e+00 6.947999999999999732e-01
5.000000000000000000e+00 6.952000000000000401e-01
0.000000000000000000e+00 6.955999999999999961e-01
0.000000000000000000e+00 6.959999999999999520e-01
2.100000000000000000e+01 6.964000000000000190e-01
8.000000000000000000e+00 6.967999999999999750e-01
8.000000000000000000e+00 6.972000000000000419e-01
2.000000000000000000e+00 6.972000000000000419e-01
2.000000000000000000e+00 6.975999999999999979e-01
0.000000000000000000e+00 6.979999999999999538e-01
5.000000000000000000e+00 6.984000000000000208e-01
1.600000000000000000e+01 6.987999999999999767e-01
3.000000000000000000e+00 6.987999999999999767e-01
1.600000000000000000e+01 6.992000000000000437e-01
0.000000000000000000e+00 6.995999999999999996e-01
9.200000000000000000e+02 6.999999999999999556e-01
4.550000000000000000e+02 6.959999999999999520e-01
0.000000000000000000e+00 6.947999999999999732e-01
0.000000000000000000e+00 6.952000000000000401e-01
0.000000000000000000e+00 6.955999999999999961e-01
6.600000000000000000e+02 6.959999999999999520e-01
0.000000000000000000e+00 6.952000000000000401e-01
2.400000000000000000e+01 6.955999999999999961e-01
3.000000000000000000e+01 6.959999999999999520e-01
9.000000000000000000e+00 6.964000000000000190e-01
0.000000000000000000e+00 6.967999999999999750e-01
5.700000000000000000e+01 6.972000000000000419e-01
1.300000000000000000e+01 6.975999999999999979e-01
1.500000000000000000e+01 6.979999999999999538e-01
0.000000000000000000e+00 6.984000000000000208e-01
2.000000000000000000e+00 6.987999999999999767e-01
1.000000000000000000e+00 6.992000000000000437e-01
1.280000000000000000e+02 6.995999999999999996e-01
1.400000000000000000e+01 6.984000000000000208e-01
5.880000000000000000e+02 6.987999999999999767e-01
1.000000000000000000e+00 6.992000000000000437e-01
1.000000000000000000e+01 6.995999999999999996e-01
3.300000000000000000e+02 6.995999999999999996e-01
0.000000000000000000e+00 6.999999999999999556e-01
2.000000000000000000e+00 7.004000000000000226e-01
0.000000000000000000e+00 7.007999999999999785e-01
0.000000000000000000e+00 7.012000000000000455e-01
1.226000000000000000e+03 7.016000000000000014e-01
7.500000000000000000e+01 6.967999999999999750e-01
1.400000000000000000e+01 6.952000000000000401e-01
3.000000000000000000e+00 6.955999999999999961e-01
1.000000000000000000e+00 6.959999999999999520e-01
0.000000000000000000e+00 6.964000000000000190e-01
3.000000000000000000e+00 6.967999999999999750e-01
1.000000000000000000e+00 6.972000000000000419e-01
1.000000000000000000e+00 6.975999999999999979e-01
2.000000000000000000e+00 6.972000000000000419e-01
3.100000000000000000e+01 6.975999999999999979e-01
1.900000000000000000e+02 6.964000000000000190e-01
4.000000000000000000e+00 6.959999999999999520e-01
5.250000000000000000e+02 6.964000000000000190e-01
1.050000000000000000e+02 6.952000000000000401e-01
1.120000000000000000e+02 6.955999999999999961e-01
5.000000000000000000e+00 6.959999999999999520e-01
7.000000000000000000e+00 6.964000000000000190e-01
3.000000000000000000e+00 6.967999999999999750e-01
1.000000000000000000e+00 6.972000000000000419e-01
4.728000000000000000e+03 6.975999999999999979e-01
8.000000000000000000e+00 6.884000000000000119e-01
1.000000000000000000e+00 6.887999999999999678e-01
0.000000000000000000e+00 6.892000000000000348e-01
2.800000000000000000e+01 6.895999999999999908e-01
6.200000000000000000e+01 6.895999999999999908e-01
0.000000000000000000e+00 6.899999999999999467e-01
7.800000000000000000e+01 6.904000000000000137e-01
1.520000000000000000e+02 6.895999999999999908e-01
4.000000000000000000e+00 6.899999999999999467e-01
1.200000000000000000e+01 6.904000000000000137e-01
0.000000000000000000e+00 6.907999999999999696e-01
1.400000000000000000e+01 6.912000000000000366e-01
7.700000000000000000e+01 6.915999999999999925e-01
1.200000000000000000e+02 6.915999999999999925e-01
3.000000000000000000e+01 6.919999999999999485e-01
1.400000000000000000e+01 6.924000000000000155e-01
1.769000000000000000e+03 6.927999999999999714e-01
1.060000000000000000e+02 6.895999999999999908e-01
2.000000000000000000e+00 6.899999999999999467e-01
2.000000000000000000e+00 6.904000000000000137e-01
2.000000000000000000e+00 6.907999999999999696e-01
0.000000000000000000e+00 6.912000000000000366e-01
2.000000000000000000e+00 6.915999999999999925e-01
0.000000000000000000e+00 6.919999999999999485e-01
4.000000000000000000e+00 6.924000000000000155e-01
4.000000000000000000e+00 6.919999999999999485e-01
0.000000000000000000e+00 6.924000000000000155e-01
0.000000000000000000e+00 6.927999999999999714e-01
0.000000000000000000e+00 6.932000000000000384e-01
4.700000000000000000e+01 6.935999999999999943e-01
9.100000000000000000e+01 6.939999999999999503e-01
0.000000000000000000e+00 6.944000000000000172e-01
1.100000000000000000e+01 6.947999999999999732e-01
1.000000000000000000e+00 6.952000000000000401e-01
0.000000000000000000e+00 6.955999999999999961e-01
6.000000000000000000e+00 6.959999999999999520e-01
3.000000000000000000e+00 6.964000000000000190e-01
2.000000000000000000e+00 6.967999999999999750e-01
5.291000000000000000e+03 6.972000000000000419e-01
0.000000000000000000e+00 6.947999999999999732e-01
0.000000000000000000e+00 6.952000000000000401e-01
1.352000000000000000e+03 6.955999999999999961e-01
4.000000000000000000e+00 6.955999999999999961e-01
0.000000000000000000e+00 6.959999999999999520e-01
9.000000000000000000e+00 6.964000000000000190e-01
4.000000000000000000e+00 6.967999999999999750e-01
2.840000000000000000e+03 6.972000000000000419e-01
0.000000000000000000e+00 6.964000000000000190e-01
0.000000000000000000e+00 6.967999999999999750e-01
7.700000000000000000e+01 6.972000000000000419e-01
0.000000000000000000e+00 6.975999999999999979e-01
2.000000000000000000e+00 6.979999999999999538e-01
6.000000000000000000e+00 6.984000000000000208e-01
1.060000000000000000e+02 6.987999999999999767e-01
0.000000000000000000e+00 6.992000000000000437e-01
0.000000000000000000e+00 6.995999999999999996e-01
2.000000000000000000e+00 6.999999999999999556e-01
2.000000000000000000e+00 6.995999999999999996e-01
1.000000000000000000e+00 6.999999999999999556e-01
0.000000000000000000e+00 7.004000000000000226e-01
0.000000000000000000e+00 7.007999999999999785e-01
0.000000000000000000e+00 7.012000000000000455e-01
1.000000000000000000e+01 7.016000000000000014e-01
3.640000000000000000e+02 7.019999999999999574e-01
3.000000000000000000e+00 7.012000000000000455e-01
2.000000000000000000e+00 7.016000000000000014e-01
6.600000000000000000e+01 7.019999999999999574e-01
2.540000000000000000e+02 7.024000000000000243e-01
3.400000000000000000e+01 7.027999999999999803e-01
4.600000000000000000e+01 7.032000000000000473e-01
0.000000000000000000e+00 7.036000000000000032e-01
0.000000000000000000e+00 7.039999999999999591e-01
1.760000000000000000e+02 7.044000000000000261e-01
2.000000000000000000e+00 7.047999999999999821e-01
6.000000000000000000e+00 7.052000000000000490e-01
0.000000000000000000e+00 7.056000000000000050e-01
0.000000000000000000e+00 7.059999999999999609e-01
6.000000000000000000e+00 7.064000000000000279e-01
1.000000000000000000e+00 7.067999999999999838e-01
3.080000000000000000e+02 7.072000000000000508e-01
3.160000000000000000e+02 7.076000000000000068e-01
2.465000000000000000e+03 7.079999999999999627e-01
6.530000000000000000e+02 7.024000000000000243e-01
3.830000000000000000e+02 7.019999999999999574e-01
0.000000000000000000e+00 7.019999999999999574e-01
2.170000000000000000e+02 7.024000000000000243e-01
1.000000000000000000e+01 6.999999999999999556e-01
2.000000000000000000e+00 7.004000000000000226e-01
1.125000000000000000e+03 7.007999999999999785e-01
0.000000000000000000e+00 6.999999999999999556e-01
0.000000000000000000e+00 7.004000000000000226e-01
5.000000000000000000e+00 7.007999999999999785e-01
2.000000000000000000e+00 7.012000000000000455e-01
0.000000000000000000e+00 7.016000000000000014e-01
7.000000000000000000e+00 7.019999999999999574e-01
4.000000000000000000e+00 7.024000000000000243e-01
8.000000000000000000e+00 7.027999999999999803e-01
4.000000000000000000e+00 7.032000000000000473e-01
0.000000000000000000e+00 7.036000000000000032e-01
2.000000000000000000e+00 7.039999999999999591e-01
1.000000000000000000e+00 7.044000000000000261e-01
6.000000000000000000e+00 7.047999999999999821e-01
3.700000000000000000e+01 7.052000000000000490e-01
2.000000000000000000e+00 7.056000000000000050e-01
8.000000000000000000e+00 7.059999999999999609e-01
0.000000000000000000e+00 7.064000000000000279e-01
1.920000000000000000e+02 7.067999999999999838e-01
3.600000000000000000e+01 7.064000000000000279e-01
8.284000000000000000e+03 7.067999999999999838e-01
1.080000000000000000e+02 6.964000000000000190e-01
0.000000000000000000e+00 6.947999999999999732e-01
7.000000000000000000e+00 6.952000000000000401e-01
3.000000000000000000e+00 6.955999999999999961e-01
1.190000000000000000e+02 6.959999999999999520e-01
9.500000000000000000e+01 6.952000000000000401e-01
5.200000000000000000e+01 6.955999999999999961e-01
5.300000000000000000e+01 6.947999999999999732e-01
8.000000000000000000e+00 6.939999999999999503e-01
3.800000000000000000e+01 6.944000000000000172e-01
2.000000000000000000e+00 6.932000000000000384e-01
2.430000000000000000e+02 6.935999999999999943e-01
1.200000000000000000e+01 6.939999999999999503e-01
2.700000000000000000e+01 6.944000000000000172e-01
1.800000000000000000e+01 6.947999999999999732e-01
8.100000000000000000e+01 6.952000000000000401e-01
8.000000000000000000e+00 6.955999999999999961e-01
2.800000000000000000e+01 6.959999999999999520e-01
0.000000000000000000e+00 6.964000000000000190e-01
0.000000000000000000e+00 6.967999999999999750e-01
1.000000000000000000e+00 6.972000000000000419e-01
1.200000000000000000e+01 6.975999999999999979e-01
0.000000000000000000e+00 6.979999999999999538e-01
6.000000000000000000e+00 6.984000000000000208e-01
2.200000000000000000e+01 6.987999999999999767e-01
0.000000000000000000e+00 6.992000000000000437e-01
5.200000000000000000e+01 6.995999999999999996e-01
3.100000000000000000e+01 6.992000000000000437e-01
0.000000000000000000e+00 6.995999999999999996e-01
7.700000000000000000e+01 6.999999999999999556e-01
5.000000000000000000e+00 6.992000000000000437e-01
0.000000000000000000e+00 6.995999999999999996e-01
1.600000000000000000e+01 6.999999999999999556e-01
7.000000000000000000e+00 7.004000000000000226e-01
3.800000000000000000e+01 7.004000000000000226e-01
0.000000000000000000e+00 6.999999999999999556e-01
0.000000000000000000e+00 7.004000000000000226e-01
0.000000000000000000e+00 7.007999999999999785e-01
5.800000000000000000e+01 7.012000000000000455e-01
2.320000000000000000e+03 7.004000000000000226e-01
3.000000000000000000e+00 6.964000000000000190e-01
7.000000000000000000e+00 6.967999999999999750e-01
0.000000000000000000e+00 6.972000000000000419e-01
1.350000000000000000e+02 6.975999999999999979e-01
0.000000000000000000e+00 6.979999999999999538e-01
0.000000000000000000e+00 6.984000000000000208e-01
4.000000000000000000e+00 6.987999999999999767e-01
5.000000000000000000e+00 6.992000000000000437e-01
0.000000000000000000e+00 6.995999999999999996e-01
1.000000000000000000e+00 6.999999999999999556e-01
0.000000000000000000e+00 6.999999999999999556e-01
1.050000000000000000e+02 7.004000000000000226e-01
0.000000000000000000e+00 7.007999999999999785e-01
2.000000000000000000e+00 7.012000000000000455e-01
5.000000000000000000e+00 7.016000000000000014e-01
1.700000000000000000e+01 7.019999999999999574e-01
8.000000000000000000e+00 7.007999999999999785e-01
0.000000000000000000e+00 7.012000000000000455e-01
1.947000000000000000e+03 7.016000000000000014e-01
1.000000000000000000e+00 6.999999999999999556e-01
3.000000000000000000e+00 6.999999999999999556e-01
0.000000000000000000e+00 7.004000000000000226e-01
6.600000000000000000e+01 7.007999999999999785e-01
2.000000000000000000e+00 7.012000000000000455e-01
1.000000000000000000e+00 7.016000000000000014e-01
2.300000000000000000e+01 7.019999999999999574e-01
0.000000000000000000e+00 7.024000000000000243e-01
2.000000000000000000e+00 7.027999999999999803e-01
0.000000000000000000e+00 7.032000000000000473e-01
7.000000000000000000e+00 7.036000000000000032e-01
1.000000000000000000e+01 7.036000000000000032e-01
4.000000000000000000e+00 7.039999999999999591e-01
2.000000000000000000e+00 7.044000000000000261e-01
1.720000000000000000e+02 7.047999999999999821e-01
0.000000000000000000e+00 7.052000000000000490e-01
3.000000000000000000e+00 7.056000000000000050e-01
7.000000000000000000e+00 7.059999999999999609e-01
2.000000000000000000e+02 7.064000000000000279e-01
7.900000000000000000e+02 7.067999999999999838e-01
3.000000000000000000e+00 7.059999999999999609e-01
6.000000000000000000e+00 7.064000000000000279e-01
0.000000000000000000e+00 7.067999999999999838e-01
5.300000000000000000e+01 7.072000000000000508e-01
0.000000000000000000e+00 7.067999999999999838e-01
0.000000000000000000e+00 7.072000000000000508e-01
0.000000000000000000e+00 7.076000000000000068e-01
3.800000000000000000e+01 7.079999999999999627e-01
3.000000000000000000e+00 7.079999999999999627e-01
0.000000000000000000e+00 7.084000000000000297e-01
1.000000000000000000e+01 7.087999999999999856e-01
6.021000000000000000e+03 7.092000000000000526e-01
0.000000000000000000e+00 6.987999999999999767e-01
2.000000000000000000e+00 6.992000000000000437e-01
1.253000000000000000e+03 6.995999999999999996e-01
8.000000000000000000e+00 6.999999999999999556e-01
2.000000000000000000e+00 7.004000000000000226e-01
1.150000000000000000e+02 7.007999999999999785e-01
1.300000000000000000e+01 7.004000000000000226e-01
1.600000000000000000e+01 7.007999999999999785e-01
8.910000000000000000e+02 7.012000000000000455e-01
1.200000000000000000e+01 6.984000000000000208e-01
1.500000000000000000e+01 6.987999999999999767e-01
2.000000000000000000e+00 6.992000000000000437e-01
2.000000000000000000e+00 6.995999999999999996e-01
0.000000000000000000e+00 6.995999999999999996e-01
3.685000000000000000e+03 6.999999999999999556e-01
1.000000000000000000e+00 6.967999999999999750e-01
0.000000000000000000e+00 6.972000000000000419e-01
8.000000000000000000e+00 6.975999999999999979e-01
1.000000000000000000e+00 6.967999999999999750e-01
1.078000000000000000e+03 6.972000000000000419e-01
0.000000000000000000e+00 6.964000000000000190e-01
1.680000000000000000e+02 6.967999999999999750e-01
1.000000000000000000e+00 6.952000000000000401e-01
0.000000000000000000e+00 6.955999999999999961e-01
0.000000000000000000e+00 6.959999999999999520e-01
6.000000000000000000e+00 6.964000000000000190e-01
0.000000000000000000e+00 6.967999999999999750e-01
9.000000000000000000e+00 6.972000000000000419e-01
2.600000000000000000e+01 6.975999999999999979e-01
6.840000000000000000e+02 6.979999999999999538e-01
5.000000000000000000e+00 6.955999999999999961e-01
0.000000000000000000e+00 6.959999999999999520e-01
0.000000000000000000e+00 6.964000000000000190e-01
5.100000000000000000e+01 6.967999999999999750e-01
6.000000000000000000e+00 6.972000000000000419e-01
3.700000000000000000e+01 6.975999999999999979e-01
1.511000000000000000e+03 6.979999999999999538e-01
1.000000000000000000e+00 6.979999999999999538e-01
2.000000000000000000e+00 6.984000000000000208e-01
1.000000000000000000e+00 6.987999999999999767e-01
0.000000000000000000e+00 6.992000000000000437e-01
6.300000000000000000e+01 6.995999999999999996e-01
6.900000000000000000e+02 6.999999999999999556e-01
0.000000000000000000e+00 6.984000000000000208e-01
0.000000000000000000e+00 6.987999999999999767e-01
1.600000000000000000e+01 6.992000000000000437e-01
6.780000000000000000e+02 6.995999999999999996e-01
2.400000000000000000e+01 6.979999999999999538e-01
1.500000000000000000e+01 6.984000000000000208e-01
2.140000000000000000e+02 6.987999999999999767e-01
0.000000000000000000e+00 6.967999999999999750e-01
3.000000000000000000e+00 6.972000000000000419e-01
2.000000000000000000e+00 6.975999999999999979e-01
0.000000000000000000e+00 6.979999999999999538e-01
4.380000000000000000e+02 6.984000000000000208e-01
2.200000000000000000e+01 6.944000000000000172e-01
1.200000000000000000e+01 6.947999999999999732e-01
1.600000000000000000e+01 6.952000000000000401e-01
3.000000000000000000e+00 6.955999999999999961e-01
1.110000000000000000e+02 6.959999999999999520e-01
0.000000000000000000e+00 6.964000000000000190e-01
5.000000000000000000e+00 6.967999999999999750e-01
9.000000000000000000e+00 6.972000000000000419e-01
1.000000000000000000e+00 6.975999999999999979e-01
0.000000000000000000e+00 6.979999999999999538e-01
7.000000000000000000e+00 6.984000000000000208e-01
1.000000000000000000e+00 6.979999999999999538e-01
0.000000000000000000e+00 6.984000000000000208e-01
3.000000000000000000e+00 6.987999999999999767e-01
1.723000000000000000e+03 6.987999999999999767e-01
0.000000000000000000e+00 6.959999999999999520e-01
0.000000000000000000e+00 6.964000000000000190e-01
6.210000000000000000e+02 6.967999999999999750e-01
4.381000000000000000e+03 6.972000000000000419e-01
0.000000000000000000e+00 6.932000000000000384e-01
0.000000000000000000e+00 6.935999999999999943e-01
0.000000000000000000e+00 6.939999999999999503e-01
0.000000000000000000e+00 6.944000000000000172e-01
0.000000000000000000e+00 6.947999999999999732e-01
4.760000000000000000e+02 6.952000000000000401e-01
0.000000000000000000e+00 6.952000000000000401e-01
1.100000000000000000e+01 6.955999999999999961e-01
5.100000000000000000e+01 6.959999999999999520e-01
2.000000000000000000e+00 6.964000000000000190e-01
4.000000000000000000e+00 6.967999999999999750e-01
6.000000000000000000e+00 6.972000000000000419e-01
2.200000000000000000e+01 6.975999999999999979e-01
1.000000000000000000e+01 6.979999999999999538e-01
0.000000000000000000e+00 6.984000000000000208e-01
1.400000000000000000e+01 6.987999999999999767e-01
1.000000000000000000e+00 6.992000000000000437e-01
1.000000000000000000e+00 6.995999999999999996e-01
2.360000000000000000e+02 6.999999999999999556e-01
0.000000000000000000e+00 7.004000000000000226e-01
5.800000000000000000e+01 7.007999999999999785e-01
5.400000000000000000e+01 7.012000000000000455e-01
2.100000000000000000e+01 7.016000000000000014e-01
0.000000000000000000e+00 7.019999999999999574e-01
2.400000000000000000e+01 7.024000000000000243e-01
6.000000000000000000e+00 7.027999999999999803e-01
1.000000000000000000e+00 7.024000000000000243e-01
3.000000000000000000e+00 7.027999999999999803e-01
0.000000000000000000e+00 7.032000000000000473e-01
0.000000000000000000e+00 7.036000000000000032e-01
1.000000000000000000e+00 7.039999999999999591e-01
0.000000000000000000e+00 7.044000000000000261e-01
1.700000000000000000e+01 7.047999999999999821e-01
3.000000000000000000e+00 7.052000000000000490e-01
3.129000000000000000e+03 7.056000000000000050e-01
0.000000000000000000e+00 7.032000000000000473e-01
3.600000000000000000e+01 7.036000000000000032e-01
0.000000000000000000e+00 7.039999999999999591e-01
6.468000000000000000e+03 7.044000000000000261e-01
2.000000000000000000e+00 6.947999999999999732e-01
0.000000000000000000e+00 6.952000000000000401e-01
5.000000000000000000e+00 6.955999999999999961e-01
5.900000000000000000e+01 6.959999999999999520e-01
5.000000000000000000e+00 6.964000000000000190e-01
0.000000000000000000e+00 6.959999999999999520e-01
2.000000000000000000e+00 6.964000000000000190e-01
1.000000000000000000e+01 6.967999999999999750e-01
2.700000000000000000e+01 6.972000000000000419e-01
0.000000000000000000e+00 6.967999999999999750e-01
1.000000000000000000e+00 6.972000000000000419e-01
1.000000000000000000e+00 6.975999999999999979e-01
3.300000000000000000e+01 6.979999999999999538e-01
0.000000000000000000e+00 6.979999999999999538e-01
1.000000000000000000e+00 6.984000000000000208e-01
2.900000000000000000e+01 6.987999999999999767e-01
2.000000000000000000e+00 6.992000000000000437e-01
2.000000000000000000e+00 6.992000000000000437e-01
0.000000000000000000e+00 6.995999999999999996e-01
9.100000000000000000e+01 6.999999999999999556e-01
1.970000000000000000e+02 7.004000000000000226e-01
0.000000000000000000e+00 7.007999999999999785e-01
5.200000000000000000e+01 7.012000000000000455e-01
0.000000000000000000e+00 7.016000000000000014e-01
0.000000000000000000e+00 7.019999999999999574e-01
9.400000000000000000e+01 7.024000000000000243e-01
0.000000000000000000e+00 7.027999999999999803e-01
0.000000000000000000e+00 7.032000000000000473e-01
3.600000000000000000e+01 7.036000000000000032e-01
0.000000000000000000e+00 7.039999999999999591e-01
2.000000000000000000e+00 7.044000000000000261e-01
1.680000000000000000e+02 7.047999999999999821e-01
1.000000000000000000e+00 7.032000000000000473e-01
7.000000000000000000e+01 7.036000000000000032e-01
0.000000000000000000e+00 7.024000000000000243e-01
0.000000000000000000e+00 7.027999999999999803e-01
3.220000000000000000e+02 7.032000000000000473e-01
0.000000000000000000e+00 7.024000000000000243e-01
0.000000000000000000e+00 7.027999999999999803e-01
5.000000000000000000e+00 7.032000000000000473e-01
5.200000000000000000e+01 7.027999999999999803e-01
0.000000000000000000e+00 7.032000000000000473e-01
1.000000000000000000e+00 7.036000000000000032e-01
0.000000000000000000e+00 7.039999999999999591e-01
2.000000000000000000e+00 7.044000000000000261e-01
6.000000000000000000e+00 7.047999999999999821e-01
6.000000000000000000e+00 7.047999999999999821e-01
2.704000000000000000e+03 7.052000000000000490e-01
8.000000000000000000e+00 7.012000000000000455e-01
6.000000000000000000e+00 7.012000000000000455e-01
6.000000000000000000e+00 7.016000000000000014e-01
4.000000000000000000e+00 7.019999999999999574e-01
1.000000000000000000e+01 7.024000000000000243e-01
0.000000000000000000e+00 7.027999999999999803e-01
3.800000000000000000e+01 7.032000000000000473e-01
0.000000000000000000e+00 7.036000000000000032e-01
2.460000000000000000e+02 7.039999999999999591e-01
0.000000000000000000e+00 7.024000000000000243e-01
1.000000000000000000e+00 7.027999999999999803e-01
8.600000000000000000e+01 7.032000000000000473e-01
3.070000000000000000e+02 7.036000000000000032e-01
2.240000000000000000e+02 7.039999999999999591e-01
0.000000000000000000e+00 7.044000000000000261e-01
1.000000000000000000e+00 7.047999999999999821e-01
3.700000000000000000e+01 7.052000000000000490e-01
6.000000000000000000e+01 7.056000000000000050e-01
7.000000000000000000e+00 7.059999999999999609e-01
4.590000000000000000e+02 7.064000000000000279e-01
8.500000000000000000e+01 7.027999999999999803e-01
0.000000000000000000e+00 7.024000000000000243e-01
1.500000000000000000e+01 7.027999999999999803e-01
2.440000000000000000e+02 7.032000000000000473e-01
4.000000000000000000e+00 7.036000000000000032e-01
2.000000000000000000e+00 7.039999999999999591e-01
3.000000000000000000e+00 7.044000000000000261e-01
3.400000000000000000e+01 7.047999999999999821e-01
1.800000000000000000e+01 7.036000000000000032e-01
0.000000000000000000e+00 7.032000000000000473e-01
8.000000000000000000e+00 7.036000000000000032e-01
4.000000000000000000e+00 7.039999999999999591e-01
