# sizes
0.000000000000000000e+00
6.000000000000000000e+00
9.000000000000000000e+00
9.000000000000000000e+00
0.000000000000000000e+00
0.000000000000000000e+00
3.000000000000000000e+00
3.000000000000000000e+00
0.000000000000000000e+00
5.000000000000000000e+00
1.000000000000000000e+00
0.000000000000000000e+00
5.000000000000000000e+00
0.000000000000000000e+00
0.000000000000000000e+00
0.000000000000000000e+00
0.000000000000000000e+00
1.000000000000000000e+00
4.000000000000000000e+00
0.000000000000000000e+00
0.000000000000000000e+00
4.000000000000000000e+00
1.600000000000000000e+01
0.000000000000000000e+00
3.000000000000000000e+00
4.000000000000000000e+00
0.000000000000000000e+00
3.000000000000000000e+00
0.000000000000000000e+00
0.000000000000000000e+00
0.000000000000000000e+00
1.200000000000000000e+01
2.000000000000000000e+00
1.000000000000000000e+00
0.000000000000000000e+00
0.000000000000000000e+00
1.800000000000000000e+01
1.800000000000000000e+01
0.000000000000000000e+00
0.000000000000000000e+00
0.000000000000000000e+00
2.000000000000000000e+00
0.000000000000000000e+00
2.000000000000000000e+00
4.000000000000000000e+00
1.000000000000000000e+00
2.000000000000000000e+00
0.000000000000000000e+00
0.000000000000000000e+00
0.000000000000000000e+00
0.000000000000000000e+00
0.000000000000000000e+00
0.000000000000000000e+00
2.000000000000000000e+01
0.000000000000000000e+00
1.000000000000000000e+00
1.600000000000000000e+01
3.000000000000000000e+00
2.000000000000000000e+00
0.000000000000000000e+00
0.000000000000000000e+00
7.000000000000000000e+00
3.000000000000000000e+00
0.000000000000000000e+00
0.000000000000000000e+00
0.000000000000000000e+00
0.000000000000000000e+00
0.000000000000000000e+00
1.000000000000000000e+00
1.200000000000000000e+01
0.000000000000000000e+00
0.000000000000000000e+00
1.000000000000000000e+00
0.000000000000000000e+00
0.000000000000000000e+00
0.000000000000000000e+00
0.000000000000000000e+00
0.000000000000000000e+00
1.800000000000000000e+01
1.000000000000000000e+01
0.000000000000000000e+00
0.000000000000000000e+00
0.000000000000000000e+00
0.000000000000000000e+00
0.000000000000000000e+00
1.000000000000000000e+01
0.000000000000000000e+00
8.000000000000000000e+00
5.000000000000000000e+00
0.000000000000000000e+00
2.800000000000000000e+01
0.000000000000000000e+00
0.000000000000000000e+00
7.000000000000000000e+00
2.000000000000000000e+00
0.000000000000000000e+00
3.000000000000000000e+00
1.100000000000000000e+01
0.000000000000000000e+00
0.000000000000000000e+00
0.000000000000000000e+00
0.000000000000000000e+00
0.000000000000000000e+00
2.000000000000000000e+00
0.000000000000000000e+00
0.000000000000000000e+00
0.000000000000000000e+00
0.000000000000000000e+00
0.000000000000000000e+00
1.900000000000000000e+01
1.000000000000000000e+00
1.000000000000000000e+00
0.000000000000000000e+00
4.000000000000000000e+00
2.000000000000000000e+00
0.000000000000000000e+00
2.000000000000000000e+00
1.700000000000000000e+01
6.000000000000000000e+00
1.800000000000000000e+01
7.000000000000000000e+00
2.000000000000000000e+00
1.000000000000000000e+00
0.000000000000000000e+00
3.600000000000000000e+01
0.000000000000000000e+00
0.000000000000000000e+00
1.000000000000000000e+00
0.000000000000000000e+00
1.000000000000000000e+00
2.000000000000000000e+00
0.000000000000000000e+00
0.000000000000000000e+00
2.000000000000000000e+00
4.000000000000000000e+00
0.000000000000000000e+00
0.000000000000000000e+00
4.000000000000000000e+00
1.000000000000000000e+00
1.400000000000000000e+01
4.000000000000000000e+00
1.100000000000000000e+01
0.000000000000000000e+00
8.000000000000000000e+00
2.000000000000000000e+00
0.000000000000000000e+00
0.000000000000000000e+00
0.000000000000000000e+00
4.000000000000000000e+00
1.000000000000000000e+01
9.000000000000000000e+00
0.000000000000000000e+00
9.000000000000000000e+00
0.000000000000000000e+00
1.000000000000000000e+00
8.000000000000000000e+00
0.000000000000000000e+00
0.000000000000000000e+00
0.000000000000000000e+00
1.000000000000000000e+00
0.000000000000000000e+00
0.000000000000000000e+00
1.000000000000000000e+00
7.000000000000000000e+00
1.000000000000000000e+00
8.000000000000000000e+00
8.000000000000000000e+00
2.000000000000000000e+00
6.000000000000000000e+00
0.000000000000000000e+00
4.000000000000000000e+00
0.000000000000000000e+00
0.000000000000000000e+00
2.000000000000000000e+00
0.000000000000000000e+00
0.000000000000000000e+00
8.000000000000000000e+00
0.000000000000000000e+00
0.000000000000000000e+00
2.300000000000000000e+01
7.000000000000000000e+00
5.000000000000000000e+00
0.000000000000000000e+00
0.000000000000000000e+00
1.200000000000000000e+01
2.000000000000000000e+00
1.000000000000000000e+00
1.000000000000000000e+01
0.000000000000000000e+00
0.000000000000000000e+00
0.000000000000000000e+00
0.000000000000000000e+00
1.000000000000000000e+00
2.000000000000000000e+00
0.000000000000000000e+00
8.000000000000000000e+00
2.000000000000000000e+00
1.000000000000000000e+00
8.000000000000000000e+00
0.000000000000000000e+00
0.000000000000000000e+00
0.000000000000000000e+00
0.000000000000000000e+00
7.000000000000000000e+00
1.000000000000000000e+00
0.000000000000000000e+00
4.000000000000000000e+00
8.000000000000000000e+00
1.000000000000000000e+00
0.000000000000000000e+00
0.000000000000000000e+00
0.000000000000000000e+00
1.700000000000000000e+01
0.000000000000000000e+00
5.000000000000000000e+00
1.000000000000000000e+00
2.500000000000000000e+01
0.000000000000000000e+00
0.000000000000000000e+00
0.000000000000000000e+00
2.000000000000000000e+00
0.000000000000000000e+00
8.000000000000000000e+00
0.000000000000000000e+00
7.000000000000000000e+00
0.000000000000000000e+00
0.000000000000000000e+00
1.000000000000000000e+00
0.000000000000000000e+00
4.000000000000000000e+00
0.000000000000000000e+00
0.000000000000000000e+00
1.000000000000000000e+00
0.000000000000000000e+00
3.000000000000000000e+00
0.000000000000000000e+00
0.000000000000000000e+00
1.000000000000000000e+00
6.000000000000000000e+00
0.000000000000000000e+00
0.000000000000000000e+00
6.000000000000000000e+00
2.000000000000000000e+00
3.000000000000000000e+00
2.000000000000000000e+00
0.000000000000000000e+00
1.000000000000000000e+00
6.000000000000000000e+00
4.000000000000000000e+00
5.000000000000000000e+00
6.000000000000000000e+00
0.000000000000000000e+00
7.000000000000000000e+00
7.000000000000000000e+00
2.000000000000000000e+00
5.000000000000000000e+00
0.000000000000000000e+00
2.000000000000000000e+00
0.000000000000000000e+00
0.000000000000000000e+00
0.000000000000000000e+00
0.000000000000000000e+00
2.000000000000000000e+00
0.000000000000000000e+00
3.900000000000000000e+01
1.000000000000000000e+00
1.000000000000000000e+00
0.000000000000000000e+00
0.000000000000000000e+00
0.000000000000000000e+00
1.000000000000000000e+00
0.000000000000000000e+00
0.000000000000000000e+00
0.000000000000000000e+00
2.000000000000000000e+00
3.000000000000000000e+00
1.200000000000000000e+01
0.000000000000000000e+00
1.800000000000000000e+01
0.000000000000000000e+00
0.000000000000000000e+00
1.000000000000000000e+00
0.000000000000000000e+00
0.000000000000000000e+00
0.000000000000000000e+00
0.000000000000000000e+00
2.000000000000000000e+00
2.000000000000000000e+00
2.000000000000000000e+00
0.000000000000000000e+00
0.000000000000000000e+00
0.000000000000000000e+00
0.000000000000000000e+00
9.000000000000000000e+00
0.000000000000000000e+00
0.000000000000000000e+00
1.000000000000000000e+00
2.000000000000000000e+00
3.300000000000000000e+01
0.000000000000000000e+00
1.000000000000000000e+00
3.000000000000000000e+00
0.000000000000000000e+00
5.000000000000000000e+00
3.000000000000000000e+00
0.000000000000000000e+00
2.000000000000000000e+00
0.000000000000000000e+00
0.000000000000000000e+00
4.000000000000000000e+00
2.000000000000000000e+00
0.000000000000000000e+00
1.000000000000000000e+00
5.000000000000000000e+00
0.000000000000000000e+00
9.000000000000000000e+00
0.000000000000000000e+00
0.000000000000000000e+00
0.000000000000000000e+00
1.000000000000000000e+00
1.000000000000000000e+00
0.000000000000000000e+00
4.000000000000000000e+00
1.000000000000000000e+00
0.000000000000000000e+00
0.000000000000000000e+00
0.000000000000000000e+00
0.000000000000000000e+00
0.000000000000000000e+00
0.000000000000000000e+00
1.000000000000000000e+00
0.000000000000000000e+00
6.000000000000000000e+00
0.000000000000000000e+00
0.000000000000000000e+00
3.000000000000000000e+00
1.400000000000000000e+01
4.000000000000000000e+00
1.900000000000000000e+01
2.000000000000000000e+00
0.000000000000000000e+00
2.000000000000000000e+00
1.400000000000000000e+01
0.000000000000000000e+00
0.000000000000000000e+00
0.000000000000000000e+00
3.000000000000000000e+00
2.000000000000000000e+00
0.000000000000000000e+00
0.000000000000000000e+00
0.000000000000000000e+00
0.000000000000000000e+00
0.000000000000000000e+00
0.000000000000000000e+00
2.000000000000000000e+00
1.000000000000000000e+00
0.000000000000000000e+00
0.000000000000000000e+00
2.000000000000000000e+00
7.000000000000000000e+00
7.000000000000000000e+00
3.900000000000000000e+01
0.000000000000000000e+00
7.000000000000000000e+00
5.000000000000000000e+00
0.000000000000000000e+00
6.000000000000000000e+00
2.500000000000000000e+01
0.000000000000000000e+00
2.000000000000000000e+00
0.000000000000000000e+00
3.000000000000000000e+00
6.000000000000000000e+00
2.200000000000000000e+01
1.400000000000000000e+01
1.000000000000000000e+00
0.000000000000000000e+00
3.000000000000000000e+00
0.000000000000000000e+00
1.000000000000000000e+00
4.000000000000000000e+00
0.000000000000000000e+00
2.000000000000000000e+00
0.000000000000000000e+00
4.000000000000000000e+00
0.000000000000000000e+00
0.000000000000000000e+00
0.000000000000000000e+00
0.000000000000000000e+00
4.000000000000000000e+00
6.100000000000000000e+01
0.000000000000000000e+00
9.000000000000000000e+00
0.000000000000000000e+00
3.000000000000000000e+00
0.000000000000000000e+00
2.000000000000000000e+00
0.000000000000000000e+00
2.400000000000000000e+01
0.000000000000000000e+00
0.000000000000000000e+00
1.600000000000000000e+01
1.700000000000000000e+01
1.000000000000000000e+00
0.000000000000000000e+00
0.000000000000000000e+00
0.000000000000000000e+00
0.000000000000000000e+00
0.000000000000000000e+00
0.000000000000000000e+00
0.000000000000000000e+00
1.000000000000000000e+00
4.000000000000000000e+00
1.100000000000000000e+01
0.000000000000000000e+00
0.000000000000000000e+00
2.400000000000000000e+01
3.000000000000000000e+00
8.000000000000000000e+00
0.000000000000000000e+00
0.000000000000000000e+00
0.000000000000000000e+00
3.000000000000000000e+00
0.000000000000000000e+00
3.000000000000000000e+00
0.000000000000000000e+00
0.000000000000000000e+00
8.000000000000000000e+00
1.000000000000000000e+00
1.300000000000000000e+01
1.400000000000000000e+01
2.000000000000000000e+00
0.000000000000000000e+00
3.000000000000000000e+00
1.000000000000000000e+00
2.000000000000000000e+00
2.500000000000000000e+01
6.000000000000000000e+00
0.000000000000000000e+00
4.000000000000000000e+00
0.000000000000000000e+00
1.000000000000000000e+00
0.000000000000000000e+00
0.000000000000000000e+00
0.000000000000000000e+00
0.000000000000000000e+00
0.000000000000000000e+00
0.000000000000000000e+00
1.000000000000000000e+00
0.000000000000000000e+00
8.000000000000000000e+00
4.000000000000000000e+00
1.300000000000000000e+01
0.000000000000000000e+00
0.000000000000000000e+00
2.000000000000000000e+00
0.000000000000000000e+00
0.000000000000000000e+00
0.000000000000000000e+00
8.000000000000000000e+00
2.000000000000000000e+00
2.000000000000000000e+00
0.000000000000000000e+00
5.000000000000000000e+00
0.000000000000000000e+00
0.000000000000000000e+00
0.000000000000000000e+00
0.000000000000000000e+00
0.000000000000000000e+00
4.000000000000000000e+00
3.000000000000000000e+00
0.000000000000000000e+00
1.000000000000000000e+00
2.000000000000000000e+00
2.000000000000000000e+00
0.000000000000000000e+00
1.200000000000000000e+01
0.000000000000000000e+00
0.000000000000000000e+00
1.000000000000000000e+00
0.000000000000000000e+00
2.500000000000000000e+01
2.000000000000000000e+00
3.000000000000000000e+00
5.000000000000000000e+00
0.000000000000000000e+00
0.000000000000000000e+00
0.000000000000000000e+00
1.000000000000000000e+00
2.000000000000000000e+00
0.000000000000000000e+00
0.000000000000000000e+00
0.000000000000000000e+00
0.000000000000000000e+00
0.000000000000000000e+00
4.000000000000000000e+00
5.000000000000000000e+00
0.000000000000000000e+00
0.000000000000000000e+00
1.700000000000000000e+01
2.000000000000000000e+00
6.000000000000000000e+00
1.000000000000000000e+00
1.000000000000000000e+00
0.000000000000000000e+00
7.000000000000000000e+00
7.000000000000000000e+00
1.700000000000000000e+01
1.000000000000000000e+00
1.200000000000000000e+01
7.000000000000000000e+00
3.000000000000000000e+00
0.000000000000000000e+00
3.000000000000000000e+00
0.000000000000000000e+00
0.000000000000000000e+00
0.000000000000000000e+00
8.000000000000000000e+00
2.000000000000000000e+00
9.000000000000000000e+00
0.000000000000000000e+00
1.100000000000000000e+01
0.000000000000000000e+00
0.000000000000000000e+00
2.000000000000000000e+00
3.000000000000000000e+00
0.000000000000000000e+00
1.200000000000000000e+01
0.000000000000000000e+00
0.000000000000000000e+00
0.000000000000000000e+00
2.000000000000000000e+00
0.000000000000000000e+00
4.000000000000000000e+00
1.000000000000000000e+00
1.000000000000000000e+00
4.000000000000000000e+00
2.000000000000000000e+00
1.100000000000000000e+01
1.000000000000000000e+00
2.000000000000000000e+00
1.400000000000000000e+01
1.000000000000000000e+01
2.000000000000000000e+00
0.000000000000000000e+00
0.000000000000000000e+00
0.000000000000000000e+00
0.000000000000000000e+00
0.000000000000000000e+00
3.000000000000000000e+00
8.000000000000000000e+00
9.000000000000000000e+00
0.000000000000000000e+00
2.000000000000000000e+00
4.000000000000000000e+00
1.000000000000000000e+00
0.000000000000000000e+00
5.000000000000000000e+00
0.000000000000000000e+00
0.000000000000000000e+00
0.000000000000000000e+00
0.000000000000000000e+00
0.000000000000000000e+00
2.000000000000000000e+00
0.000000000000000000e+00
0.000000000000000000e+00
0.000000000000000000e+00
1.200000000000000000e+01
0.000000000000000000e+00
1.000000000000000000e+00
0.000000000000000000e+00
0.000000000000000000e+00
6.000000000000000000e+00
8.000000000000000000e+00
1.400000000000000000e+01
2.000000000000000000e+00
1.020000000000000000e+02
0.000000000000000000e+00
1.900000000000000000e+01
3.000000000000000000e+00
0.000000000000000000e+00
4.000000000000000000e+00
0.000000000000000000e+00
3.000000000000000000e+00
0.000000000000000000e+00
1.000000000000000000e+00
1.000000000000000000e+01
1.100000000000000000e+01
0.000000000000000000e+00
0.000000000000000000e+00
1.400000000000000000e+01
0.000000000000000000e+00
1.200000000000000000e+01
5.000000000000000000e+00
0.000000000000000000e+00
0.000000000000000000e+00
0.000000000000000000e+00
0.000000000000000000e+00
0.000000000000000000e+00
0.000000000000000000e+00
1.400000000000000000e+01
0.000000000000000000e+00
0.000000000000000000e+00
1.000000000000000000e+00
0.000000000000000000e+00
1.000000000000000000e+00
4.000000000000000000e+00
2.000000000000000000e+00
0.000000000000000000e+00
1.000000000000000000e+00
1.000000000000000000e+00
1.000000000000000000e+00
0.000000000000000000e+00
1.000000000000000000e+00
0.000000000000000000e+00
5.000000000000000000e+00
1.000000000000000000e+00
3.000000000000000000e+00
3.000000000000000000e+00
0.000000000000000000e+00
1.000000000000000000e+00
1.000000000000000000e+00
2.000000000000000000e+00
3.000000000000000000e+00
0.000000000000000000e+00
0.000000000000000000e+00
1.000000000000000000e+00
1.000000000000000000e+00
0.000000000000000000e+00
0.000000000000000000e+00
7.000000000000000000e+00
3.000000000000000000e+00
1.000000000000000000e+00
3.000000000000000000e+00
1.000000000000000000e+00
0.000000000000000000e+00
0.000000000000000000e+00
6.000000000000000000e+00
3.000000000000000000e+00
2.000000000000000000e+00
0.000000000000000000e+00
0.000000000000000000e+00
0.000000000000000000e+00
1.000000000000000000e+00
1.600000000000000000e+01
0.000000000000000000e+00
0.000000000000000000e+00
0.000000000000000000e+00
0.000000000000000000e+00
0.000000000000000000e+00
3.000000000000000000e+00
0.000000000000000000e+00
0.000000000000000000e+00
0.000000000000000000e+00
0.000000000000000000e+00
0.000000000000000000e+00
4.000000000000000000e+00
1.000000000000000000e+00
0.000000000000000000e+00
0.000000000000000000e+00
1.000000000000000000e+00
3.000000000000000000e+00
0.000000000000000000e+00
6.000000000000000000e+00
0.000000000000000000e+00
1.000000000000000000e+00
1.000000000000000000e+00
0.000000000000000000e+00
0.000000000000000000e+00
0.000000000000000000e+00
0.000000000000000000e+00
4.000000000000000000e+00
0.000000000000000000e+00
3.600000000000000000e+01
0.000000000000000000e+00
3.000000000000000000e+00
4.000000000000000000e+00
0.000000000000000000e+00
3.000000000000000000e+00
0.000000000000000000e+00
3.000000000000000000e+00
5.000000000000000000e+00
0.000000000000000000e+00
0.000000000000000000e+00
0.000000000000000000e+00
5.000000000000000000e+00
0.000000000000000000e+00
0.000000000000000000e+00
1.400000000000000000e+01
8.000000000000000000e+00
0.000000000000000000e+00
0.000000000000000000e+00
1.500000000000000000e+01
0.000000000000000000e+00
1.800000000000000000e+01
0.000000000000000000e+00
0.000000000000000000e+00
1.000000000000000000e+00
0.000000000000000000e+00
1.000000000000000000e+00
0.000000000000000000e+00
0.000000000000000000e+00
4.000000000000000000e+00
0.000000000000000000e+00
7.000000000000000000e+00
4.000000000000000000e+00
0.000000000000000000e+00
6.000000000000000000e+00
5.000000000000000000e+00
1.000000000000000000e+00
5.000000000000000000e+00
4.000000000000000000e+00
2.000000000000000000e+00
1.000000000000000000e+00
0.000000000000000000e+00
0.000000000000000000e+00
0.000000000000000000e+00
0.000000000000000000e+00
0.000000000000000000e+00
1.000000000000000000e+00
0.000000000000000000e+00
0.000000000000000000e+00
2.000000000000000000e+00
7.000000000000000000e+00
1.800000000000000000e+01
7.000000000000000000e+00
0.000000000000000000e+00
0.000000000000000000e+00
0.000000000000000000e+00
1.000000000000000000e+00
1.000000000000000000e+00
0.000000000000000000e+00
1.900000000000000000e+01
1.700000000000000000e+01
0.000000000000000000e+00
1.700000000000000000e+01
0.000000000000000000e+00
7.000000000000000000e+00
7.000000000000000000e+00
0.000000000000000000e+00
0.000000000000000000e+00
2.000000000000000000e+00
1.000000000000000000e+00
0.000000000000000000e+00
0.000000000000000000e+00
0.000000000000000000e+00
2.000000000000000000e+00
0.000000000000000000e+00
0.000000000000000000e+00
5.000000000000000000e+00
0.000000000000000000e+00
1.000000000000000000e+01
3.000000000000000000e+01
0.000000000000000000e+00
0.000000000000000000e+00
5.000000000000000000e+00
2.000000000000000000e+00
1.000000000000000000e+00
0.000000000000000000e+00
0.000000000000000000e+00
6.000000000000000000e+00
8.000000000000000000e+00
1.000000000000000000e+00
0.000000000000000000e+00
7.000000000000000000e+00
0.000000000000000000e+00
3.600000000000000000e+01
4.000000000000000000e+00
8.000000000000000000e+00
0.000000000000000000e+00
3.000000000000000000e+00
3.000000000000000000e+00
0.000000000000000000e+00
6.000000000000000000e+00
1.000000000000000000e+00
0.000000000000000000e+00
0.000000000000000000e+00
0.000000000000000000e+00
2.000000000000000000e+00
0.000000000000000000e+00
0.000000000000000000e+00
0.000000000000000000e+00
9.000000000000000000e+00
1.000000000000000000e+00
0.000000000000000000e+00
0.000000000000000000e+00
5.000000000000000000e+00
1.000000000000000000e+00
7.000000000000000000e+00
3.000000000000000000e+00
3.000000000000000000e+00
0.000000000000000000e+00
5.000000000000000000e+00
0.000000000000000000e+00
3.000000000000000000e+00
0.000000000000000000e+00
5.000000000000000000e+00
0.000000000000000000e+00
0.000000000000000000e+00
8.000000000000000000e+00
2.000000000000000000e+00
0.000000000000000000e+00
0.000000000000000000e+00
1.000000000000000000e+00
0.000000000000000000e+00
0.000000000000000000e+00
4.000000000000000000e+00
0.000000000000000000e+00
3.000000000000000000e+00
1.000000000000000000e+00
0.000000000000000000e+00
4.000000000000000000e+00
0.000000000000000000e+00
0.000000000000000000e+00
3.100000000000000000e+01
0.000000000000000000e+00
0.000000000000000000e+00
1.900000000000000000e+01
1.600000000000000000e+01
0.000000000000000000e+00
0.000000000000000000e+00
4.000000000000000000e+00
0.000000000000000000e+00
5.600000000000000000e+01
0.000000000000000000e+00
0.000000000000000000e+00
2.000000000000000000e+00
7.000000000000000000e+00
0.000000000000000000e+00
1.100000000000000000e+01
8.000000000000000000e+00
0.000000000000000000e+00
2.000000000000000000e+00
0.000000000000000000e+00
0.000000000000000000e+00
0.000000000000000000e+00
0.000000000000000000e+00
7.000000000000000000e+00
7.000000000000000000e+00
1.900000000000000000e+01
2.000000000000000000e+00
4.000000000000000000e+00
1.100000000000000000e+01
2.000000000000000000e+00
0.000000000000000000e+00
0.000000000000000000e+00
0.000000000000000000e+00
0.000000000000000000e+00
0.000000000000000000e+00
3.000000000000000000e+00
2.000000000000000000e+00
1.000000000000000000e+00
7.000000000000000000e+00
1.000000000000000000e+00
0.000000000000000000e+00
3.000000000000000000e+00
1.600000000000000000e+01
0.000000000000000000e+00
0.000000000000000000e+00
0.000000000000000000e+00
3.000000000000000000e+00
0.000000000000000000e+00
0.000000000000000000e+00
1.000000000000000000e+01
0.000000000000000000e+00
1.000000000000000000e+00
5.000000000000000000e+00
1.100000000000000000e+01
0.000000000000000000e+00
0.000000000000000000e+00
0.000000000000000000e+00
1.000000000000000000e+00
0.000000000000000000e+00
0.000000000000000000e+00
1.000000000000000000e+00
2.000000000000000000e+00
0.000000000000000000e+00
0.000000000000000000e+00
1.000000000000000000e+00
0.000000000000000000e+00
2.000000000000000000e+00
3.000000000000000000e+00
1.000000000000000000e+00
0.000000000000000000e+00
0.000000000000000000e+00
0.000000000000000000e+00
2.400000000000000000e+01
6.000000000000000000e+00
0.000000000000000000e+00
0.000000000000000000e+00
0.000000000000000000e+00
0.000000000000000000e+00
1.000000000000000000e+00
0.000000000000000000e+00
0.000000000000000000e+00
7.000000000000000000e+00
0.000000000000000000e+00
0.000000000000000000e+00
1.000000000000000000e+00
4.000000000000000000e+00
2.000000000000000000e+00
3.000000000000000000e+00
0.000000000000000000e+00
2.000000000000000000e+00
4.000000000000000000e+00
1.200000000000000000e+01
2.000000000000000000e+00
0.000000000000000000e+00
0.000000000000000000e+00
0.000000000000000000e+00
5.000000000000000000e+00
1.100000000000000000e+01
6.000000000000000000e+00
1.100000000000000000e+01
2.000000000000000000e+00
0.000000000000000000e+00
2.800000000000000000e+01
0.000000000000000000e+00
0.000000000000000000e+00
0.000000000000000000e+00
1.100000000000000000e+01
0.000000000000000000e+00
2.000000000000000000e+00
2.100000000000000000e+01
0.000000000000000000e+00
1.000000000000000000e+00
1.000000000000000000e+00
1.000000000000000000e+00
2.000000000000000000e+00
1.700000000000000000e+01
5.000000000000000000e+00
0.000000000000000000e+00
0.000000000000000000e+00
1.000000000000000000e+00
6.000000000000000000e+00
5.000000000000000000e+00
0.000000000000000000e+00
0.000000000000000000e+00
3.000000000000000000e+00
0.000000000000000000e+00
4.000000000000000000e+00
0.000000000000000000e+00
0.000000000000000000e+00
5.000000000000000000e+00
3.000000000000000000e+00
0.000000000000000000e+00
4.000000000000000000e+00
7.000000000000000000e+00
0.000000000000000000e+00
6.000000000000000000e+00
2.000000000000000000e+00
4.000000000000000000e+00
0.000000000000000000e+00
1.000000000000000000e+00
2.000000000000000000e+00
4.000000000000000000e+00
0.000000000000000000e+00
2.000000000000000000e+00
5.000000000000000000e+00
0.000000000000000000e+00
0.000000000000000000e+00
6.000000000000000000e+00
0.000000000000000000e+00
1.000000000000000000e+00
0.000000000000000000e+00
0.000000000000000000e+00
8.000000000000000000e+00
0.000000000000000000e+00
0.000000000000000000e+00
2.000000000000000000e+00
3.000000000000000000e+00
0.000000000000000000e+00
0.000000000000000000e+00
0.000000000000000000e+00
0.000000000000000000e+00
2.000000000000000000e+00
2.000000000000000000e+00
4.000000000000000000e+00
0.000000000000000000e+00
0.000000000000000000e+00
0.000000000000000000e+00
6.000000000000000000e+00
0.000000000000000000e+00
2.000000000000000000e+00
4.000000000000000000e+00
0.000000000000000000e+00
4.000000000000000000e+00
2.000000000000000000e+00
0.000000000000000000e+00
1.500000000000000000e+01
5.000000000000000000e+00
0.000000000000000000e+00
4.000000000000000000e+00
0.000000000000000000e+00
2.000000000000000000e+00
4.000000000000000000e+00
0.000000000000000000e+00
1.000000000000000000e+00
3.000000000000000000e+00
1.900000000000000000e+01
1.000000000000000000e+00
2.000000000000000000e+00
2.000000000000000000e+00
6.000000000000000000e+00
0.000000000000000000e+00
1.000000000000000000e+00
1.100000000000000000e+01
8.000000000000000000e+00
3.000000000000000000e+00
0.000000000000000000e+00
4.000000000000000000e+00
0.000000000000000000e+00
0.000000000000000000e+00
1.000000000000000000e+00
7.000000000000000000e+00
0.000000000000000000e+00
0.000000000000000000e+00
0.000000000000000000e+00
2.000000000000000000e+00
2.600000000000000000e+01
6.000000000000000000e+00
2.000000000000000000e+00
0.000000000000000000e+00
0.000000000000000000e+00
7.000000000000000000e+00
2.000000000000000000e+00
0.000000000000000000e+00
0.000000000000000000e+00
0.000000000000000000e+00
3.000000000000000000e+00
2.600000000000000000e+01
0.000000000000000000e+00
6.000000000000000000e+00
1.000000000000000000e+01
1.000000000000000000e+00
1.000000000000000000e+00
1.000000000000000000e+00
0.000000000000000000e+00
1.000000000000000000e+00
1.300000000000000000e+01
2.000000000000000000e+00
0.000000000000000000e+00
3.000000000000000000e+00
7.000000000000000000e+00
0.000000000000000000e+00
2.000000000000000000e+00
0.000000000000000000e+00
4.000000000000000000e+00
0.000000000000000000e+00
1.000000000000000000e+00
4.000000000000000000e+00
0.000000000000000000e+00
1.000000000000000000e+00
4.000000000000000000e+00
0.000000000000000000e+00
0.000000000000000000e+00
3.000000000000000000e+00
0.000000000000000000e+00
0.000000000000000000e+00
3.000000000000000000e+00
0.000000000000000000e+00
9.000000000000000000e+00
2.000000000000000000e+00
0.000000000000000000e+00
1.200000000000000000e+01
4.000000000000000000e+00
0.000000000000000000e+00
4.000000000000000000e+00
0.000000000000000000e+00
0.000000000000000000e+00
1.800000000000000000e+01
0.000000000000000000e+00
0.000000000000000000e+00
3.200000000000000000e+01
3.000000000000000000e+00
0.000000000000000000e+00
0.000000000000000000e+00
0.000000000000000000e+00
8.000000000000000000e+00
1.400000000000000000e+01
0.000000000000000000e+00
2.000000000000000000e+00
0.000000000000000000e+00
1.400000000000000000e+01
5.000000000000000000e+00
0.000000000000000000e+00
0.000000000000000000e+00
9.000000000000000000e+00
0.000000000000000000e+00
0.000000000000000000e+00
8.000000000000000000e+00
0.000000000000000000e+00
0.000000000000000000e+00
0.000000000000000000e+00
0.000000000000000000e+00
0.000000000000000000e+00
0.000000000000000000e+00
0.000000000000000000e+00
0.000000000000000000e+00
2.500000000000000000e+01
1.000000000000000000e+00
5.000000000000000000e+00
1.400000000000000000e+01
2.000000000000000000e+00
0.000000000000000000e+00
4.000000000000000000e+00
2.000000000000000000e+00
6.000000000000000000e+00
1.400000000000000000e+01
0.000000000000000000e+00
8.000000000000000000e+00
2.500000000000000000e+01
0.000000000000000000e+00
0.000000000000000000e+00
3.000000000000000000e+00
0.000000000000000000e+00
4.000000000000000000e+00
5.000000000000000000e+00
7.000000000000000000e+00
2.000000000000000000e+00
2.000000000000000000e+00
0.000000000000000000e+00
0.000000000000000000e+00
1.000000000000000000e+00
0.000000000000000000e+00
0.000000000000000000e+00
1.000000000000000000e+01
0.000000000000000000e+00
0.000000000000000000e+00
0.000000000000000000e+00
1.000000000000000000e+00
1.700000000000000000e+01
2.000000000000000000e+00
1.000000000000000000e+00
6.000000000000000000e+00
2.000000000000000000e+00
7.000000000000000000e+00
3.000000000000000000e+00
9.000000000000000000e+00
2.000000000000000000e+00
0.000000000000000000e+00
0.000000000000000000e+00
4.000000000000000000e+00
4.000000000000000000e+00
5.000000000000000000e+00
0.000000000000000000e+00
0.000000000000000000e+00
0.000000000000000000e+00
0.000000000000000000e+00
0.000000000000000000e+00
2.500000000000000000e+01
0.000000000000000000e+00
0.000000000000000000e+00
1.600000000000000000e+01
2.000000000000000000e+00
1.000000000000000000e+00
0.000000000000000000e+00
0.000000000000000000e+00
0.000000000000000000e+00
1.000000000000000000e+00
0.000000000000000000e+00
2.000000000000000000e+00
1.000000000000000000e+00
4.000000000000000000e+00
2.000000000000000000e+00
1.000000000000000000e+00
0.000000000000000000e+00
0.000000000000000000e+00
4.000000000000000000e+00
0.000000000000000000e+00
0.000000000000000000e+00
5.000000000000000000e+00
0.000000000000000000e+00
3.000000000000000000e+00
0.000000000000000000e+00
0.000000000000000000e+00
0.000000000000000000e+00
9.000000000000000000e+00
0.000000000000000000e+00
3.000000000000000000e+00
1.000000000000000000e+00
1.800000000000000000e+01
0.000000000000000000e+00
0.000000000000000000e+00
2.000000000000000000e+00
7.000000000000000000e+00
0.000000000000000000e+00
0.000000000000000000e+00
0.000000000000000000e+00
0.000000000000000000e+00
2.000000000000000000e+00
0.000000000000000000e+00
0.000000000000000000e+00
0.000000000000000000e+00
0.000000000000000000e+00
0.000000000000000000e+00
0.000000000000000000e+00
1.200000000000000000e+01
1.000000000000000000e+00
0.000000000000000000e+00
0.000000000000000000e+00
7.000000000000000000e+00
3.000000000000000000e+00
7.000000000000000000e+00
6.000000000000000000e+00
0.000000000000000000e+00
0.000000000000000000e+00
0.000000000000000000e+00
0.000000000000000000e+00
0.000000000000000000e+00
1.900000000000000000e+01
0.000000000000000000e+00
0.000000000000000000e+00
1.000000000000000000e+00
0.000000000000000000e+00
0.000000000000000000e+00
0.000000000000000000e+00
7.000000000000000000e+00
0.000000000000000000e+00
0.000000000000000000e+00
0.000000000000000000e+00
4.000000000000000000e+00
2.000000000000000000e+00
0.000000000000000000e+00
0.000000000000000000e+00
6.000000000000000000e+00
2.300000000000000000e+01
1.000000000000000000e+00
2.000000000000000000e+00
0.000000000000000000e+00
3.000000000000000000e+00
0.000000000000000000e+00
4.000000000000000000e+00
0.000000000000000000e+00
1.400000000000000000e+01
2.000000000000000000e+00
1.000000000000000000e+00
1.000000000000000000e+00
0.000000000000000000e+00
3.000000000000000000e+00
0.000000000000000000e+00
0.000000000000000000e+00
0.000000000000000000e+00
0.000000000000000000e+00
3.000000000000000000e+00
0.000000000000000000e+00
0.000000000000000000e+00
1.000000000000000000e+01
0.000000000000000000e+00
0.000000000000000000e+00
0.000000000000000000e+00
1.000000000000000000e+00
1.000000000000000000e+01
0.000000000000000000e+00
0.000000000000000000e+00
0.000000000000000000e+00
3.000000000000000000e+00
2.100000000000000000e+01
0.000000000000000000e+00
2.000000000000000000e+00
0.000000000000000000e+00
0.000000000000000000e+00
1.000000000000000000e+00
0.000000000000000000e+00
3.000000000000000000e+00
0.000000000000000000e+00
6.000000000000000000e+00
0.000000000000000000e+00
0.000000000000000000e+00
1.500000000000000000e+01
2.000000000000000000e+00
0.000000000000000000e+00
0.000000000000000000e+00
0.000000000000000000e+00
0.000000000000000000e+00
0.000000000000000000e+00
2.000000000000000000e+00
0.000000000000000000e+00
0.000000000000000000e+00
2.000000000000000000e+00
0.000000000000000000e+00
0.000000000000000000e+00
0.000000000000000000e+00
0.000000000000000000e+00
0.000000000000000000e+00
3.000000000000000000e+00
0.000000000000000000e+00
2.000000000000000000e+00
1.000000000000000000e+00
0.000000000000000000e+00
8.000000000000000000e+00
0.000000000000000000e+00
0.000000000000000000e+00
0.000000000000000000e+00
1.000000000000000000e+00
7.000000000000000000e+00
2.900000000000000000e+01
2.000000000000000000e+00
0.000000000000000000e+00
4.000000000000000000e+00
2.300000000000000000e+01
0.000000000000000000e+00
8.000000000000000000e+00
0.000000000000000000e+00
0.000000000000000000e+00
0.000000000000000000e+00
3.000000000000000000e+00
3.000000000000000000e+00
2.000000000000000000e+00
0.000000000000000000e+00
0.000000000000000000e+00
2.000000000000000000e+00
0.000000000000000000e+00
0.000000000000000000e+00
0.000000000000000000e+00
9.000000000000000000e+00
3.000000000000000000e+00
2.000000000000000000e+00
1.000000000000000000e+00
0.000000000000000000e+00
1.000000000000000000e+00
2.000000000000000000e+00
1.200000000000000000e+01
0.000000000000000000e+00
1.000000000000000000e+00
0.000000000000000000e+00
1.000000000000000000e+00
0.000000000000000000e+00
4.000000000000000000e+00
6.000000000000000000e+00
2.000000000000000000e+01
1.000000000000000000e+00
2.000000000000000000e+00
2.000000000000000000e+00
0.000000000000000000e+00
6.000000000000000000e+00
0.000000000000000000e+00
1.000000000000000000e+00
0.000000000000000000e+00
1.000000000000000000e+00
4.000000000000000000e+00
0.000000000000000000e+00
5.000000000000000000e+00
0.000000000000000000e+00
8.000000000000000000e+00
0.000000000000000000e+00
0.000000000000000000e+00
0.000000000000000000e+00
0.000000000000000000e+00
0.000000000000000000e+00
1.000000000000000000e+00
0.000000000000000000e+00
0.000000000000000000e+00
2.000000000000000000e+00
2.000000000000000000e+00
0.000000000000000000e+00
0.000000000000000000e+00
1.000000000000000000e+01
0.000000000000000000e+00
0.000000000000000000e+00
0.000000000000000000e+00
0.000000000000000000e+00
1.400000000000000000e+01
0.000000000000000000e+00
3.000000000000000000e+00
2.000000000000000000e+00
2.000000000000000000e+00
0.000000000000000000e+00
0.000000000000000000e+00
4.000000000000000000e+00
0.000000000000000000e+00
0.000000000000000000e+00
1.200000000000000000e+01
3.000000000000000000e+00
0.000000000000000000e+00
0.000000000000000000e+00
2.000000000000000000e+00
2.000000000000000000e+00
0.000000000000000000e+00
2.000000000000000000e+00
0.000000000000000000e+00
2.000000000000000000e+01
0.000000000000000000e+00
0.000000000000000000e+00
0.000000000000000000e+00
1.000000000000000000e+00
2.000000000000000000e+00
0.000000000000000000e+00
0.000000000000000000e+00
6.000000000000000000e+00
0.000000000000000000e+00
8.000000000000000000e+00
3.000000000000000000e+00
0.000000000000000000e+00
0.000000000000000000e+00
0.000000000000000000e+00
0.000000000000000000e+00
0.000000000000000000e+00
0.000000000000000000e+00
0.000000000000000000e+00
0.000000000000000000e+00
0.000000000000000000e+00
0.000000000000000000e+00
3.000000000000000000e+00
2.200000000000000000e+01
2.900000000000000000e+01
4.000000000000000000e+00
7.000000000000000000e+00
5.000000000000000000e+00
0.000000000000000000e+00
1.000000000000000000e+00
0.000000000000000000e+00
2.000000000000000000e+00
0.000000000000000000e+00
0.000000000000000000e+00
2.000000000000000000e+00
2.000000000000000000e+00
0.000000000000000000e+00
2.100000000000000000e+01
3.000000000000000000e+00
6.000000000000000000e+00
7.000000000000000000e+00
9.000000000000000000e+00
1.000000000000000000e+00
0.000000000000000000e+00
0.000000000000000000e+00
1.000000000000000000e+00
7.000000000000000000e+00
1.600000000000000000e+01
0.000000000000000000e+00
3.000000000000000000e+00
1.300000000000000000e+01
7.000000000000000000e+00
1.100000000000000000e+01
0.000000000000000000e+00
7.000000000000000000e+00
0.000000000000000000e+00
1.700000000000000000e+01
0.000000000000000000e+00
0.000000000000000000e+00
1.000000000000000000e+00
7.000000000000000000e+00
3.000000000000000000e+00
2.200000000000000000e+01
7.000000000000000000e+00
0.000000000000000000e+00
0.000000000000000000e+00
0.000000000000000000e+00
0.000000000000000000e+00
0.000000000000000000e+00
4.000000000000000000e+00
5.000000000000000000e+00
1.100000000000000000e+01
0.000000000000000000e+00
0.000000000000000000e+00
0.000000000000000000e+00
0.000000000000000000e+00
1.000000000000000000e+00
3.000000000000000000e+00
0.000000000000000000e+00
0.000000000000000000e+00
9.000000000000000000e+00
0.000000000000000000e+00
3.000000000000000000e+00
1.000000000000000000e+01
1.500000000000000000e+01
2.000000000000000000e+00
0.000000000000000000e+00
2.100000000000000000e+01
0.000000000000000000e+00
4.400000000000000000e+01
0.000000000000000000e+00
0.000000000000000000e+00
0.000000000000000000e+00
3.000000000000000000e+00
0.000000000000000000e+00
3.000000000000000000e+00
0.000000000000000000e+00
0.000000000000000000e+00
0.000000000000000000e+00
4.000000000000000000e+00
1.000000000000000000e+00
1.000000000000000000e+00
0.000000000000000000e+00
0.000000000000000000e+00
0.000000000000000000e+00
0.000000000000000000e+00
1.500000000000000000e+01
1.000000000000000000e+00
0.000000000000000000e+00
1.200000000000000000e+01
1.400000000000000000e+01
0.000000000000000000e+00
1.000000000000000000e+00
5.000000000000000000e+00
5.000000000000000000e+00
2.000000000000000000e+00
0.000000000000000000e+00
0.000000000000000000e+00
2.500000000000000000e+01
2.000000000000000000e+00
6.000000000000000000e+00
0.000000000000000000e+00
0.000000000000000000e+00
1.000000000000000000e+01
0.000000000000000000e+00
1.700000000000000000e+01
0.000000000000000000e+00
0.000000000000000000e+00
0.000000000000000000e+00
1.300000000000000000e+01
4.000000000000000000e+00
0.000000000000000000e+00
5.000000000000000000e+00
0.000000000000000000e+00
0.000000000000000000e+00
0.000000000000000000e+00
0.000000000000000000e+00
0.000000000000000000e+00
7.000000000000000000e+00
2.500000000000000000e+01
0.000000000000000000e+00
0.000000000000000000e+00
0.000000000000000000e+00
0.000000000000000000e+00
3.000000000000000000e+00
8.000000000000000000e+00
1.000000000000000000e+00
0.000000000000000000e+00
0.000000000000000000e+00
0.000000000000000000e+00
1.800000000000000000e+01
0.000000000000000000e+00
2.000000000000000000e+00
0.000000000000000000e+00
6.000000000000000000e+00
4.000000000000000000e+00
0.000000000000000000e+00
9.000000000000000000e+00
3.000000000000000000e+00
4.000000000000000000e+00
0.000000000000000000e+00
0.000000000000000000e+00
0.000000000000000000e+00
0.000000000000000000e+00
7.000000000000000000e+00
3.000000000000000000e+00
1.000000000000000000e+00
0.000000000000000000e+00
0.000000000000000000e+00
1.300000000000000000e+01
1.500000000000000000e+01
0.000000000000000000e+00
0.000000000000000000e+00
0.000000000000000000e+00
6.000000000000000000e+00
0.000000000000000000e+00
0.000000000000000000e+00
0.000000000000000000e+00
0.000000000000000000e+00
0.000000000000000000e+00
6.000000000000000000e+00
9.000000000000000000e+00
1.000000000000000000e+00
0.000000000000000000e+00
1.100000000000000000e+01
0.000000000000000000e+00
3.000000000000000000e+00
7.000000000000000000e+00
0.000000000000000000e+00
0.000000000000000000e+00
5.000000000000000000e+00
0.000000000000000000e+00
2.000000000000000000e+00
0.000000000000000000e+00
0.000000000000000000e+00
4.000000000000000000e+00
2.000000000000000000e+00
0.000000000000000000e+00
3.000000000000000000e+00
5.000000000000000000e+00
3.000000000000000000e+00
0.000000000000000000e+00
0.000000000000000000e+00
0.000000000000000000e+00
6.000000000000000000e+00
2.300000000000000000e+01
2.000000000000000000e+00
3.000000000000000000e+00
2.800000000000000000e+01
1.000000000000000000e+00
0.000000000000000000e+00
0.000000000000000000e+00
0.000000000000000000e+00
1.700000000000000000e+01
1.500000000000000000e+01
0.000000000000000000e+00
0.000000000000000000e+00
5.000000000000000000e+00
0.000000000000000000e+00
0.000000000000000000e+00
1.000000000000000000e+00
2.000000000000000000e+00
3.100000000000000000e+01
0.000000000000000000e+00
1.000000000000000000e+00
0.000000000000000000e+00
0.000000000000000000e+00
2.000000000000000000e+01
0.000000000000000000e+00
1.400000000000000000e+01
4.000000000000000000e+00
0.000000000000000000e+00
5.000000000000000000e+00
0.000000000000000000e+00
3.000000000000000000e+00
7.000000000000000000e+00
0.000000000000000000e+00
0.000000000000000000e+00
0.000000000000000000e+00
3.000000000000000000e+00
0.000000000000000000e+00
5.000000000000000000e+00
0.000000000000000000e+00
7.000000000000000000e+00
0.000000000000000000e+00
3.100000000000000000e+01
0.000000000000000000e+00
0.000000000000000000e+00
0.000000000000000000e+00
0.000000000000000000e+00
7.000000000000000000e+00
0.000000000000000000e+00
0.000000000000000000e+00
0.000000000000000000e+00
0.000000000000000000e+00
0.000000000000000000e+00
2.000000000000000000e+00
4.000000000000000000e+00
2.000000000000000000e+00
0.000000000000000000e+00
1.000000000000000000e+00
1.000000000000000000e+01
2.000000000000000000e+00
2.400000000000000000e+01
0.000000000000000000e+00
5.000000000000000000e+00
0.000000000000000000e+00
0.000000000000000000e+00
9.000000000000000000e+00
5.000000000000000000e+00
5.000000000000000000e+00
7.000000000000000000e+00
1.300000000000000000e+01
5.800000000000000000e+01
0.000000000000000000e+00
0.000000000000000000e+00
2.000000000000000000e+00
2.000000000000000000e+00
3.000000000000000000e+00
0.000000000000000000e+00
0.000000000000000000e+00
0.000000000000000000e+00
4.000000000000000000e+00
0.000000000000000000e+00
1.000000000000000000e+00
2.100000000000000000e+01
0.000000000000000000e+00
0.000000000000000000e+00
2.000000000000000000e+00
1.000000000000000000e+00
0.000000000000000000e+00
1.000000000000000000e+00
2.000000000000000000e+00
0.000000000000000000e+00
3.000000000000000000e+00
0.000000000000000000e+00
0.000000000000000000e+00
0.000000000000000000e+00
0.000000000000000000e+00
0.000000000000000000e+00
0.000000000000000000e+00
2.000000000000000000e+00
2.000000000000000000e+00
6.000000000000000000e+00
0.000000000000000000e+00
2.000000000000000000e+00
1.200000000000000000e+01
5.000000000000000000e+00
1.500000000000000000e+01
1.000000000000000000e+00
0.000000000000000000e+00
5.000000000000000000e+00
4.000000000000000000e+00
0.000000000000000000e+00
2.000000000000000000e+00
0.000000000000000000e+00
0.000000000000000000e+00
0.000000000000000000e+00
0.000000000000000000e+00
1.000000000000000000e+01
7.000000000000000000e+00
1.200000000000000000e+01
1.000000000000000000e+00
0.000000000000000000e+00
1.300000000000000000e+01
1.000000000000000000e+01
0.000000000000000000e+00
0.000000000000000000e+00
0.000000000000000000e+00
5.000000000000000000e+00
1.000000000000000000e+01
1.000000000000000000e+00
7.000000000000000000e+00
0.000000000000000000e+00
0.000000000000000000e+00
0.000000000000000000e+00
0.000000000000000000e+00
1.000000000000000000e+00
0.000000000000000000e+00
3.300000000000000000e+01
4.000000000000000000e+00
1.000000000000000000e+00
1.300000000000000000e+01
0.000000000000000000e+00
2.000000000000000000e+00
0.000000000000000000e+00
0.000000000000000000e+00
2.000000000000000000e+01
0.000000000000000000e+00
3.200000000000000000e+01
5.000000000000000000e+00
0.000000000000000000e+00
3.000000000000000000e+00
7.000000000000000000e+00
0.000000000000000000e+00
1.000000000000000000e+01
0.000000000000000000e+00
0.000000000000000000e+00
0.000000000000000000e+00
5.000000000000000000e+00
0.000000000000000000e+00
0.000000000000000000e+00
0.000000000000000000e+00
0.000000000000000000e+00
0.000000000000000000e+00
0.000000000000000000e+00
0.000000000000000000e+00
0.000000000000000000e+00
0.000000000000000000e+00
0.000000000000000000e+00
2.000000000000000000e+00
4.700000000000000000e+01
2.000000000000000000e+00
0.000000000000000000e+00
0.000000000000000000e+00
1.800000000000000000e+01
0.000000000000000000e+00
0.000000000000000000e+00
2.200000000000000000e+01
0.000000000000000000e+00
1.200000000000000000e+01
0.000000000000000000e+00
0.000000000000000000e+00
0.000000000000000000e+00
0.000000000000000000e+00
9.000000000000000000e+00
0.000000000000000000e+00
1.200000000000000000e+01
0.000000000000000000e+00
1.800000000000000000e+01
6.000000000000000000e+00
5.000000000000000000e+00
0.000000000000000000e+00
3.000000000000000000e+00
2.000000000000000000e+00
2.000000000000000000e+00
0.000000000000000000e+00
0.000000000000000000e+00
6.000000000000000000e+00
0.000000000000000000e+00
1.000000000000000000e+00
0.000000000000000000e+00
0.000000000000000000e+00
1.000000000000000000e+00
5.000000000000000000e+00
0.000000000000000000e+00
0.000000000000000000e+00
2.000000000000000000e+00
0.000000000000000000e+00
7.000000000000000000e+00
4.000000000000000000e+00
0.000000000000000000e+00
0.000000000000000000e+00
3.000000000000000000e+00
1.700000000000000000e+01
0.000000000000000000e+00
2.000000000000000000e+00
2.000000000000000000e+00
0.000000000000000000e+00
3.000000000000000000e+00
0.000000000000000000e+00
0.000000000000000000e+00
0.000000000000000000e+00
3.000000000000000000e+00
8.000000000000000000e+00
0.000000000000000000e+00
0.000000000000000000e+00
3.000000000000000000e+00
5.000000000000000000e+00
0.000000000000000000e+00
1.000000000000000000e+00
0.000000000000000000e+00
2.000000000000000000e+00
6.000000000000000000e+00
4.000000000000000000e+00
3.000000000000000000e+00
0.000000000000000000e+00
1.400000000000000000e+01
0.000000000000000000e+00
1.000000000000000000e+00
0.000000000000000000e+00
8.000000000000000000e+00
0.000000000000000000e+00
2.000000000000000000e+00
0.000000000000000000e+00
3.500000000000000000e+01
0.000000000000000000e+00
1.600000000000000000e+01
0.000000000000000000e+00
4.000000000000000000e+00
1.000000000000000000e+00
0.000000000000000000e+00
3.000000000000000000e+00
0.000000000000000000e+00
9.000000000000000000e+00
4.000000000000000000e+00
0.000000000000000000e+00
1.500000000000000000e+01
2.000000000000000000e+00
1.000000000000000000e+01
2.000000000000000000e+00
0.000000000000000000e+00
2.000000000000000000e+00
7.000000000000000000e+00
0.000000000000000000e+00
1.000000000000000000e+00
8.000000000000000000e+00
1.000000000000000000e+00
4.000000000000000000e+00
0.000000000000000000e+00
2.000000000000000000e+00
4.000000000000000000e+00
4.100000000000000000e+01
0.000000000000000000e+00
0.000000000000000000e+00
0.000000000000000000e+00
1.400000000000000000e+01
7.000000000000000000e+00
0.000000000000000000e+00
8.000000000000000000e+00
0.000000000000000000e+00
1.000000000000000000e+00
1.400000000000000000e+01
0.000000000000000000e+00
6.000000000000000000e+00
0.000000000000000000e+00
0.000000000000000000e+00
3.000000000000000000e+00
0.000000000000000000e+00
8.000000000000000000e+00
1.400000000000000000e+01
0.000000000000000000e+00
0.000000000000000000e+00
0.000000000000000000e+00
3.000000000000000000e+00
0.000000000000000000e+00
1.200000000000000000e+01
0.000000000000000000e+00
6.000000000000000000e+00
0.000000000000000000e+00
1.000000000000000000e+00
3.000000000000000000e+00
0.000000000000000000e+00
3.900000000000000000e+01
2.400000000000000000e+01
1.000000000000000000e+00
4.000000000000000000e+00
0.000000000000000000e+00
1.700000000000000000e+01
6.000000000000000000e+00
2.800000000000000000e+01
0.000000000000000000e+00
7.000000000000000000e+00
1.000000000000000000e+00
7.000000000000000000e+00
1.000000000000000000e+00
0.000000000000000000e+00
0.000000000000000000e+00
0.000000000000000000e+00
0.000000000000000000e+00
0.000000000000000000e+00
0.000000000000000000e+00
1.000000000000000000e+00
0.000000000000000000e+00
1.200000000000000000e+01
2.600000000000000000e+01
6.000000000000000000e+00
0.000000000000000000e+00
8.000000000000000000e+00
2.000000000000000000e+00
2.000000000000000000e+00
7.000000000000000000e+00
0.000000000000000000e+00
0.000000000000000000e+00
0.000000000000000000e+00
3.000000000000000000e+00
0.000000000000000000e+00
5.000000000000000000e+00
1.100000000000000000e+01
2.500000000000000000e+01
1.000000000000000000e+00
5.000000000000000000e+00
2.500000000000000000e+01
3.000000000000000000e+00
0.000000000000000000e+00
3.000000000000000000e+00
0.000000000000000000e+00
0.000000000000000000e+00
2.000000000000000000e+00
2.000000000000000000e+00
2.000000000000000000e+00
3.000000000000000000e+00
1.000000000000000000e+00
0.000000000000000000e+00
1.000000000000000000e+00
2.600000000000000000e+01
1.100000000000000000e+01
4.900000000000000000e+01
9.000000000000000000e+00
0.000000000000000000e+00
2.000000000000000000e+01
1.000000000000000000e+00
1.300000000000000000e+01
0.000000000000000000e+00
1.100000000000000000e+01
4.000000000000000000e+00
0.000000000000000000e+00
2.000000000000000000e+00
0.000000000000000000e+00
0.000000000000000000e+00
0.000000000000000000e+00
1.000000000000000000e+00
0.000000000000000000e+00
0.000000000000000000e+00
0.000000000000000000e+00
4.000000000000000000e+00
0.000000000000000000e+00
2.000000000000000000e+00
2.000000000000000000e+00
0.000000000000000000e+00
2.000000000000000000e+00
1.500000000000000000e+01
2.000000000000000000e+00
0.000000000000000000e+00
1.000000000000000000e+01
1.900000000000000000e+01
0.000000000000000000e+00
0.000000000000000000e+00
0.000000000000000000e+00
3.000000000000000000e+00
5.000000000000000000e+00
6.000000000000000000e+00
0.000000000000000000e+00
1.000000000000000000e+00
0.000000000000000000e+00
0.000000000000000000e+00
0.000000000000000000e+00
2.000000000000000000e+00
4.000000000000000000e+00
0.000000000000000000e+00
0.000000000000000000e+00
0.000000000000000000e+00
1.600000000000000000e+01
3.000000000000000000e+00
2.000000000000000000e+00
0.000000000000000000e+00
9.000000000000000000e+00
3.000000000000000000e+00
1.600000000000000000e+01
1.000000000000000000e+00
0.000000000000000000e+00
2.000000000000000000e+00
3.000000000000000000e+00
9.000000000000000000e+00
0.000000000000000000e+00
0.000000000000000000e+00
1.000000000000000000e+01
0.000000000000000000e+00
0.000000000000000000e+00
2.000000000000000000e+00
7.000000000000000000e+00
0.000000000000000000e+00
1.000000000000000000e+00
0.000000000000000000e+00
0.000000000000000000e+00
0.000000000000000000e+00
0.000000000000000000e+00
1.000000000000000000e+00
1.700000000000000000e+01
0.000000000000000000e+00
0.000000000000000000e+00
0.000000000000000000e+00
8.000000000000000000e+00
8.000000000000000000e+00
1.000000000000000000e+01
0.000000000000000000e+00
0.000000000000000000e+00
0.000000000000000000e+00
0.000000000000000000e+00
7.000000000000000000e+00
5.000000000000000000e+00
0.000000000000000000e+00
2.000000000000000000e+00
4.000000000000000000e+00
0.000000000000000000e+00
0.000000000000000000e+00
0.000000000000000000e+00
0.000000000000000000e+00
3.000000000000000000e+00
0.000000000000000000e+00
1.000000000000000000e+00
0.000000000000000000e+00
2.000000000000000000e+00
1.100000000000000000e+01
1.000000000000000000e+00
0.000000000000000000e+00
0.000000000000000000e+00
0.000000000000000000e+00
1.000000000000000000e+00
1.000000000000000000e+00
0.000000000000000000e+00
1.000000000000000000e+00
0.000000000000000000e+00
1.000000000000000000e+00
0.000000000000000000e+00
8.000000000000000000e+00
0.000000000000000000e+00
0.000000000000000000e+00
1.000000000000000000e+00
2.000000000000000000e+00
3.000000000000000000e+00
4.000000000000000000e+00
0.000000000000000000e+00
3.000000000000000000e+00
0.000000000000000000e+00
3.400000000000000000e+01
0.000000000000000000e+00
3.000000000000000000e+00
6.000000000000000000e+00
5.000000000000000000e+00
1.000000000000000000e+00
2.000000000000000000e+00
3.000000000000000000e+00
9.000000000000000000e+00
0.000000000000000000e+00
4.000000000000000000e+00
9.000000000000000000e+00
0.000000000000000000e+00
7.000000000000000000e+00
0.000000000000000000e+00
0.000000000000000000e+00
3.000000000000000000e+00
4.000000000000000000e+00
5.000000000000000000e+00
0.000000000000000000e+00
0.000000000000000000e+00
0.000000000000000000e+00
0.000000000000000000e+00
0.000000000000000000e+00
0.000000000000000000e+00
0.000000000000000000e+00
1.200000000000000000e+01
0.000000000000000000e+00
0.000000000000000000e+00
2.000000000000000000e+00
0.000000000000000000e+00
3.300000000000000000e+01
0.000000000000000000e+00
4.000000000000000000e+00
0.000000000000000000e+00
0.000000000000000000e+00
4.000000000000000000e+00
3.000000000000000000e+00
0.000000000000000000e+00
0.000000000000000000e+00
1.200000000000000000e+01
0.000000000000000000e+00
2.000000000000000000e+00
2.000000000000000000e+00
0.000000000000000000e+00
0.000000000000000000e+00
7.000000000000000000e+00
5.000000000000000000e+00
5.000000000000000000e+00
0.000000000000000000e+00
0.000000000000000000e+00
0.000000000000000000e+00
1.000000000000000000e+01
1.700000000000000000e+01
2.000000000000000000e+00
4.000000000000000000e+00
0.000000000000000000e+00
5.000000000000000000e+00
0.000000000000000000e+00
0.000000000000000000e+00
1.100000000000000000e+01
1.800000000000000000e+01
1.300000000000000000e+01
0.000000000000000000e+00
0.000000000000000000e+00
0.000000000000000000e+00
0.000000000000000000e+00
3.000000000000000000e+00
1.000000000000000000e+00
0.000000000000000000e+00
3.000000000000000000e+00
0.000000000000000000e+00
0.000000000000000000e+00
0.000000000000000000e+00
4.000000000000000000e+00
6.000000000000000000e+00
2.600000000000000000e+01
0.000000000000000000e+00
0.000000000000000000e+00
2.000000000000000000e+00
0.000000000000000000e+00
0.000000000000000000e+00
1.800000000000000000e+01
0.000000000000000000e+00
1.200000000000000000e+01
0.000000000000000000e+00
2.000000000000000000e+00
0.000000000000000000e+00
0.000000000000000000e+00
5.000000000000000000e+00
1.000000000000000000e+00
0.000000000000000000e+00
1.100000000000000000e+01
5.000000000000000000e+00
3.000000000000000000e+00
0.000000000000000000e+00
0.000000000000000000e+00
7.000000000000000000e+00
4.000000000000000000e+00
0.000000000000000000e+00
1.300000000000000000e+01
2.000000000000000000e+00
0.000000000000000000e+00
2.700000000000000000e+01
0.000000000000000000e+00
0.000000000000000000e+00
0.000000000000000000e+00
0.000000000000000000e+00
0.000000000000000000e+00
0.000000000000000000e+00
0.000000000000000000e+00
1.000000000000000000e+00
5.000000000000000000e+00
1.300000000000000000e+01
0.000000000000000000e+00
2.000000000000000000e+00
2.000000000000000000e+00
1.800000000000000000e+01
0.000000000000000000e+00
4.000000000000000000e+00
0.000000000000000000e+00
9.000000000000000000e+00
0.000000000000000000e+00
0.000000000000000000e+00
0.000000000000000000e+00
1.800000000000000000e+01
3.000000000000000000e+00
3.000000000000000000e+00
3.000000000000000000e+00
0.000000000000000000e+00
0.000000000000000000e+00
0.000000000000000000e+00
2.000000000000000000e+00
1.000000000000000000e+00
1.100000000000000000e+01
1.000000000000000000e+00
0.000000000000000000e+00
2.000000000000000000e+00
0.000000000000000000e+00
0.000000000000000000e+00
0.000000000000000000e+00
0.000000000000000000e+00
1.000000000000000000e+00
5.000000000000000000e+00
2.900000000000000000e+01
1.000000000000000000e+00
2.000000000000000000e+01
1.200000000000000000e+01
8.000000000000000000e+00
8.000000000000000000e+00
6.000000000000000000e+00
0.000000000000000000e+00
2.000000000000000000e+00
0.000000000000000000e+00
0.000000000000000000e+00
2.000000000000000000e+01
0.000000000000000000e+00
2.100000000000000000e+01
0.000000000000000000e+00
0.000000000000000000e+00
0.000000000000000000e+00
3.000000000000000000e+00
0.000000000000000000e+00
1.000000000000000000e+00
3.000000000000000000e+00
2.600000000000000000e+01
2.000000000000000000e+00
0.000000000000000000e+00
4.000000000000000000e+00
6.000000000000000000e+00
0.000000000000000000e+00
0.000000000000000000e+00
1.000000000000000000e+00
2.000000000000000000e+00
0.000000000000000000e+00
0.000000000000000000e+00
4.000000000000000000e+00
0.000000000000000000e+00
1.000000000000000000e+00
0.000000000000000000e+00
1.000000000000000000e+00
4.000000000000000000e+00
0.000000000000000000e+00
0.000000000000000000e+00
4.000000000000000000e+00
0.000000000000000000e+00
0.000000000000000000e+00
3.000000000000000000e+00
8.000000000000000000e+00
6.000000000000000000e+00
5.000000000000000000e+00
2.000000000000000000e+00
0.000000000000000000e+00
3.000000000000000000e+00
5.000000000000000000e+00
0.000000000000000000e+00
7.000000000000000000e+00
0.000000000000000000e+00
5.000000000000000000e+00
0.000000000000000000e+00
2.000000000000000000e+01
2.400000000000000000e+01
0.000000000000000000e+00
0.000000000000000000e+00
5.000000000000000000e+00
1.000000000000000000e+01
0.000000000000000000e+00
0.000000000000000000e+00
0.000000000000000000e+00
3.000000000000000000e+00
0.000000000000000000e+00
1.000000000000000000e+00
0.000000000000000000e+00
4.300000000000000000e+01
2.200000000000000000e+01
5.000000000000000000e+00
0.000000000000000000e+00
7.000000000000000000e+00
0.000000000000000000e+00
1.000000000000000000e+01
1.000000000000000000e+00
3.700000000000000000e+01
0.000000000000000000e+00
6.000000000000000000e+00
0.000000000000000000e+00
0.000000000000000000e+00
0.000000000000000000e+00
5.000000000000000000e+00
0.000000000000000000e+00
0.000000000000000000e+00
0.000000000000000000e+00
2.500000000000000000e+01
1.300000000000000000e+01
3.400000000000000000e+01
0.000000000000000000e+00
0.000000000000000000e+00
1.100000000000000000e+01
0.000000000000000000e+00
0.000000000000000000e+00
2.000000000000000000e+00
0.000000000000000000e+00
1.100000000000000000e+01
3.000000000000000000e+00
0.000000000000000000e+00
0.000000000000000000e+00
0.000000000000000000e+00
7.000000000000000000e+00
0.000000000000000000e+00
0.000000000000000000e+00
0.000000000000000000e+00
1.000000000000000000e+00
1.500000000000000000e+01
0.000000000000000000e+00
1.000000000000000000e+00
7.000000000000000000e+00
0.000000000000000000e+00
0.000000000000000000e+00
6.000000000000000000e+00
2.000000000000000000e+01
3.000000000000000000e+00
1.000000000000000000e+01
7.000000000000000000e+00
2.000000000000000000e+00
9.000000000000000000e+00
0.000000000000000000e+00
0.000000000000000000e+00
0.000000000000000000e+00
5.000000000000000000e+00
4.000000000000000000e+00
5.000000000000000000e+00
1.600000000000000000e+01
0.000000000000000000e+00
0.000000000000000000e+00
1.100000000000000000e+01
0.000000000000000000e+00
0.000000000000000000e+00
0.000000000000000000e+00
0.000000000000000000e+00
0.000000000000000000e+00
1.000000000000000000e+00
6.000000000000000000e+00
3.000000000000000000e+00
4.000000000000000000e+00
3.000000000000000000e+00
2.100000000000000000e+01
2.000000000000000000e+00
5.000000000000000000e+00
1.000000000000000000e+00
0.000000000000000000e+00
1.400000000000000000e+01
1.000000000000000000e+00
2.000000000000000000e+00
1.000000000000000000e+00
1.200000000000000000e+01
0.000000000000000000e+00
1.500000000000000000e+01
0.000000000000000000e+00
0.000000000000000000e+00
0.000000000000000000e+00
5.000000000000000000e+00
0.000000000000000000e+00
2.000000000000000000e+00
3.000000000000000000e+00
0.000000000000000000e+00
0.000000000000000000e+00
0.000000000000000000e+00
1.000000000000000000e+00
2.000000000000000000e+00
1.000000000000000000e+00
4.000000000000000000e+00
4.000000000000000000e+00
0.000000000000000000e+00
4.000000000000000000e+01
0.000000000000000000e+00
0.000000000000000000e+00
2.700000000000000000e+01
1.000000000000000000e+00
3.000000000000000000e+00
0.000000000000000000e+00
3.000000000000000000e+00
0.000000000000000000e+00
0.000000000000000000e+00
0.000000000000000000e+00
0.000000000000000000e+00
5.000000000000000000e+00
5.000000000000000000e+00
2.000000000000000000e+00
1.000000000000000000e+00
6.000000000000000000e+00
0.000000000000000000e+00
3.000000000000000000e+00
3.000000000000000000e+00
0.000000000000000000e+00
8.000000000000000000e+00
4.000000000000000000e+00
0.000000000000000000e+00
0.000000000000000000e+00
0.000000000000000000e+00
1.500000000000000000e+01
7.000000000000000000e+00
7.500000000000000000e+01
0.000000000000000000e+00
3.000000000000000000e+00
0.000000000000000000e+00
1.000000000000000000e+00
0.000000000000000000e+00
1.700000000000000000e+01
5.000000000000000000e+00
0.000000000000000000e+00
0.000000000000000000e+00
0.000000000000000000e+00
3.000000000000000000e+00
0.000000000000000000e+00
6.000000000000000000e+00
1.000000000000000000e+00
0.000000000000000000e+00
2.000000000000000000e+00
1.000000000000000000e+00
2.300000000000000000e+01
0.000000000000000000e+00
0.000000000000000000e+00
1.000000000000000000e+00
0.000000000000000000e+00
0.000000000000000000e+00
0.000000000000000000e+00
1.000000000000000000e+00
0.000000000000000000e+00
0.000000000000000000e+00
4.000000000000000000e+00
0.000000000000000000e+00
0.000000000000000000e+00
0.000000000000000000e+00
0.000000000000000000e+00
0.000000000000000000e+00
2.000000000000000000e+00
0.000000000000000000e+00
5.000000000000000000e+00
1.000000000000000000e+00
1.000000000000000000e+00
0.000000000000000000e+00
2.000000000000000000e+00
0.000000000000000000e+00
1.000000000000000000e+00
1.300000000000000000e+01
2.000000000000000000e+00
4.000000000000000000e+00
9.000000000000000000e+00
0.000000000000000000e+00
0.000000000000000000e+00
2.000000000000000000e+00
0.000000000000000000e+00
0.000000000000000000e+00
5.000000000000000000e+00
0.000000000000000000e+00
1.000000000000000000e+01
0.000000000000000000e+00
0.000000000000000000e+00
0.000000000000000000e+00
1.000000000000000000e+00
1.200000000000000000e+01
0.000000000000000000e+00
0.000000000000000000e+00
9.000000000000000000e+00
0.000000000000000000e+00
0.000000000000000000e+00
2.000000000000000000e+00
1.600000000000000000e+01
0.000000000000000000e+00
3.300000000000000000e+01
2.000000000000000000e+00
3.000000000000000000e+00
0.000000000000000000e+00
2.000000000000000000e+00
0.000000000000000000e+00
3.000000000000000000e+00
4.000000000000000000e+00
1.500000000000000000e+01
0.000000000000000000e+00
2.500000000000000000e+01
0.000000000000000000e+00
1.000000000000000000e+00
3.000000000000000000e+01
4.000000000000000000e+00
0.000000000000000000e+00
0.000000000000000000e+00
5.000000000000000000e+00
0.000000000000000000e+00
1.400000000000000000e+01
0.000000000000000000e+00
1.900000000000000000e+01
2.300000000000000000e+01
1.000000000000000000e+00
0.000000000000000000e+00
4.000000000000000000e+00
5.000000000000000000e+00
1.000000000000000000e+00
0.000000000000000000e+00
2.000000000000000000e+00
0.000000000000000000e+00
5.000000000000000000e+00
1.700000000000000000e+01
8.000000000000000000e+00
2.100000000000000000e+01
4.000000000000000000e+00
0.000000000000000000e+00
0.000000000000000000e+00
0.000000000000000000e+00
0.000000000000000000e+00
0.000000000000000000e+00
1.600000000000000000e+01
0.000000000000000000e+00
0.000000000000000000e+00
6.000000000000000000e+00
0.000000000000000000e+00
0.000000000000000000e+00
0.000000000000000000e+00
1.000000000000000000e+00
9.000000000000000000e+00
1.000000000000000000e+00
2.000000000000000000e+00
1.000000000000000000e+00
0.000000000000000000e+00
0.000000000000000000e+00
3.000000000000000000e+00
0.000000000000000000e+00
1.600000000000000000e+01
3.800000000000000000e+01
1.100000000000000000e+01
2.000000000000000000e+00
4.000000000000000000e+00
0.000000000000000000e+00
0.000000000000000000e+00
0.000000000000000000e+00
3.100000000000000000e+01
0.000000000000000000e+00
4.000000000000000000e+00
6.000000000000000000e+00
7.000000000000000000e+00
2.200000000000000000e+01
0.000000000000000000e+00
7.900000000000000000e+01
0.000000000000000000e+00
9.000000000000000000e+00
0.000000000000000000e+00
2.000000000000000000e+00
0.000000000000000000e+00
0.000000000000000000e+00
5.000000000000000000e+00
0.000000000000000000e+00
1.000000000000000000e+00
2.700000000000000000e+01
0.000000000000000000e+00
1.000000000000000000e+00
0.000000000000000000e+00
2.000000000000000000e+00
0.000000000000000000e+00
2.000000000000000000e+00
9.000000000000000000e+00
0.000000000000000000e+00
0.000000000000000000e+00
2.000000000000000000e+00
0.000000000000000000e+00
0.000000000000000000e+00
1.400000000000000000e+01
2.000000000000000000e+00
1.500000000000000000e+01
0.000000000000000000e+00
9.000000000000000000e+00
2.000000000000000000e+00
2.000000000000000000e+00
2.600000000000000000e+01
0.000000000000000000e+00
8.000000000000000000e+00
1.000000000000000000e+00
0.000000000000000000e+00
0.000000000000000000e+00
2.000000000000000000e+00
1.000000000000000000e+01
1.000000000000000000e+00
0.000000000000000000e+00
5.000000000000000000e+00
0.000000000000000000e+00
2.000000000000000000e+00
2.000000000000000000e+00
1.400000000000000000e+01
0.000000000000000000e+00
3.100000000000000000e+01
3.000000000000000000e+00
0.000000000000000000e+00
2.100000000000000000e+01
4.000000000000000000e+00
2.500000000000000000e+01
0.000000000000000000e+00
1.000000000000000000e+00
0.000000000000000000e+00
4.000000000000000000e+00
0.000000000000000000e+00
0.000000000000000000e+00
0.000000000000000000e+00
7.000000000000000000e+00
1.000000000000000000e+00
0.000000000000000000e+00
0.000000000000000000e+00
2.000000000000000000e+00
0.000000000000000000e+00
0.000000000000000000e+00
0.000000000000000000e+00
6.000000000000000000e+00
1.700000000000000000e+01
0.000000000000000000e+00
0.000000000000000000e+00
0.000000000000000000e+00
0.000000000000000000e+00
0.000000000000000000e+00
0.000000000000000000e+00
3.000000000000000000e+00
1.000000000000000000e+00
0.000000000000000000e+00
0.000000000000000000e+00
2.000000000000000000e+00
8.000000000000000000e+00
0.000000000000000000e+00
1.200000000000000000e+01
0.000000000000000000e+00
5.000000000000000000e+00
0.000000000000000000e+00
2.000000000000000000e+00
0.000000000000000000e+00
0.000000000000000000e+00
0.000000000000000000e+00
9.000000000000000000e+00
1.000000000000000000e+00
1.000000000000000000e+01
0.000000000000000000e+00
0.000000000000000000e+00
1.000000000000000000e+00
1.000000000000000000e+00
0.000000000000000000e+00
2.000000000000000000e+00
0.000000000000000000e+00
0.000000000000000000e+00
0.000000000000000000e+00
4.000000000000000000e+00
7.000000000000000000e+00
6.000000000000000000e+00
0.000000000000000000e+00
0.000000000000000000e+00
0.000000000000000000e+00
3.000000000000000000e+00
0.000000000000000000e+00
7.000000000000000000e+00
4.000000000000000000e+00
0.000000000000000000e+00
2.300000000000000000e+01
0.000000000000000000e+00
0.000000000000000000e+00
1.000000000000000000e+00
3.600000000000000000e+01
2.000000000000000000e+00
0.000000000000000000e+00
0.000000000000000000e+00
1.100000000000000000e+01
2.000000000000000000e+00
2.000000000000000000e+00
3.000000000000000000e+00
0.000000000000000000e+00
4.000000000000000000e+00
1.000000000000000000e+00
6.000000000000000000e+00
2.000000000000000000e+00
0.000000000000000000e+00
1.200000000000000000e+01
1.400000000000000000e+01
0.000000000000000000e+00
0.000000000000000000e+00
1.900000000000000000e+01
1.000000000000000000e+00
9.000000000000000000e+00
0.000000000000000000e+00
0.000000000000000000e+00
0.000000000000000000e+00
0.000000000000000000e+00
0.000000000000000000e+00
0.000000000000000000e+00
4.100000000000000000e+01
5.000000000000000000e+00
8.000000000000000000e+00
2.800000000000000000e+01
0.000000000000000000e+00
0.000000000000000000e+00
0.000000000000000000e+00
0.000000000000000000e+00
1.000000000000000000e+00
2.100000000000000000e+01
0.000000000000000000e+00
0.000000000000000000e+00
3.000000000000000000e+01
0.000000000000000000e+00
1.600000000000000000e+01
0.000000000000000000e+00
7.000000000000000000e+00
3.000000000000000000e+00
0.000000000000000000e+00
0.000000000000000000e+00
7.000000000000000000e+00
1.600000000000000000e+01
6.700000000000000000e+01
0.000000000000000000e+00
0.000000000000000000e+00
3.000000000000000000e+01
0.000000000000000000e+00
4.000000000000000000e+00
0.000000000000000000e+00
0.000000000000000000e+00
0.000000000000000000e+00
3.000000000000000000e+00
0.000000000000000000e+00
3.000000000000000000e+00
1.000000000000000000e+00
4.000000000000000000e+00
3.100000000000000000e+01
2.000000000000000000e+00
0.000000000000000000e+00
0.000000000000000000e+00
6.000000000000000000e+00
3.100000000000000000e+01
0.000000000000000000e+00
3.000000000000000000e+00
1.700000000000000000e+01
1.000000000000000000e+00
0.000000000000000000e+00
0.000000000000000000e+00
1.700000000000000000e+01
0.000000000000000000e+00
0.000000000000000000e+00
2.100000000000000000e+01
6.000000000000000000e+00
0.000000000000000000e+00
4.000000000000000000e+00
2.000000000000000000e+00
0.000000000000000000e+00
0.000000000000000000e+00
3.000000000000000000e+00
0.000000000000000000e+00
2.300000000000000000e+01
2.000000000000000000e+00
9.000000000000000000e+00
0.000000000000000000e+00
6.000000000000000000e+00
0.000000000000000000e+00
0.000000000000000000e+00
0.000000000000000000e+00
0.000000000000000000e+00
0.000000000000000000e+00
0.000000000000000000e+00
2.000000000000000000e+00
0.000000000000000000e+00
0.000000000000000000e+00
4.000000000000000000e+00
3.000000000000000000e+00
3.000000000000000000e+00
2.000000000000000000e+00
1.200000000000000000e+01
1.000000000000000000e+00
7.000000000000000000e+00
6.000000000000000000e+00
6.400000000000000000e+01
0.000000000000000000e+00
1.000000000000000000e+00
5.000000000000000000e+00
0.000000000000000000e+00
0.000000000000000000e+00
3.000000000000000000e+00
0.000000000000000000e+00
0.000000000000000000e+00
0.000000000000000000e+00
4.000000000000000000e+00
0.000000000000000000e+00
1.000000000000000000e+00
2.100000000000000000e+01
0.000000000000000000e+00
0.000000000000000000e+00
1.500000000000000000e+01
1.000000000000000000e+00
2.500000000000000000e+01
0.000000000000000000e+00
0.000000000000000000e+00
1.000000000000000000e+00
0.000000000000000000e+00
3.000000000000000000e+00
0.000000000000000000e+00
0.000000000000000000e+00
0.000000000000000000e+00
1.300000000000000000e+01
3.000000000000000000e+00
1.100000000000000000e+01
0.000000000000000000e+00
1.000000000000000000e+01
0.000000000000000000e+00
1.900000000000000000e+01
3.000000000000000000e+00
4.000000000000000000e+00
0.000000000000000000e+00
0.000000000000000000e+00
6.000000000000000000e+00
2.000000000000000000e+00
6.000000000000000000e+00
0.000000000000000000e+00
5.000000000000000000e+00
1.000000000000000000e+00
0.000000000000000000e+00
4.000000000000000000e+00
2.000000000000000000e+00
0.000000000000000000e+00
5.000000000000000000e+00
2.000000000000000000e+00
1.400000000000000000e+01
4.000000000000000000e+01
0.000000000000000000e+00
0.000000000000000000e+00
2.100000000000000000e+01
1.000000000000000000e+00
7.000000000000000000e+00
1.000000000000000000e+00
6.300000000000000000e+01
3.000000000000000000e+00
0.000000000000000000e+00
1.000000000000000000e+00
0.000000000000000000e+00
1.400000000000000000e+01
0.000000000000000000e+00
5.000000000000000000e+00
0.000000000000000000e+00
4.000000000000000000e+00
3.000000000000000000e+00
4.000000000000000000e+00
0.000000000000000000e+00
3.000000000000000000e+00
0.000000000000000000e+00
0.000000000000000000e+00
0.000000000000000000e+00
0.000000000000000000e+00
1.000000000000000000e+00
1.000000000000000000e+00
1.000000000000000000e+00
0.000000000000000000e+00
0.000000000000000000e+00
7.000000000000000000e+00
2.100000000000000000e+01
0.000000000000000000e+00
0.000000000000000000e+00
0.000000000000000000e+00
1.700000000000000000e+01
3.000000000000000000e+00
0.000000000000000000e+00
0.000000000000000000e+00
1.200000000000000000e+01
2.000000000000000000e+00
1.800000000000000000e+01
0.000000000000000000e+00
0.000000000000000000e+00
8.000000000000000000e+00
0.000000000000000000e+00
1.000000000000000000e+00
1.300000000000000000e+01
1.000000000000000000e+01
4.800000000000000000e+01
0.000000000000000000e+00
3.000000000000000000e+00
6.000000000000000000e+00
1.000000000000000000e+00
1.600000000000000000e+01
2.000000000000000000e+00
0.000000000000000000e+00
2.000000000000000000e+00
0.000000000000000000e+00
1.000000000000000000e+00
0.000000000000000000e+00
4.000000000000000000e+00
0.000000000000000000e+00
4.000000000000000000e+00
0.000000000000000000e+00
9.000000000000000000e+00
0.000000000000000000e+00
2.000000000000000000e+00
0.000000000000000000e+00
0.000000000000000000e+00
1.700000000000000000e+01
0.000000000000000000e+00
3.000000000000000000e+00
0.000000000000000000e+00
0.000000000000000000e+00
0.000000000000000000e+00
0.000000000000000000e+00
1.600000000000000000e+01
4.000000000000000000e+00
0.000000000000000000e+00
3.000000000000000000e+00
2.000000000000000000e+00
3.000000000000000000e+00
0.000000000000000000e+00
5.000000000000000000e+00
0.000000000000000000e+00
3.000000000000000000e+00
0.000000000000000000e+00
1.000000000000000000e+00
5.600000000000000000e+01
2.300000000000000000e+01
7.000000000000000000e+00
0.000000000000000000e+00
0.000000000000000000e+00
4.000000000000000000e+00
0.000000000000000000e+00
2.000000000000000000e+00
9.000000000000000000e+00
3.000000000000000000e+00
3.600000000000000000e+01
1.500000000000000000e+01
0.000000000000000000e+00
0.000000000000000000e+00
0.000000000000000000e+00
0.000000000000000000e+00
0.000000000000000000e+00
0.000000000000000000e+00
3.000000000000000000e+00
0.000000000000000000e+00
0.000000000000000000e+00
1.000000000000000000e+00
7.000000000000000000e+00
0.000000000000000000e+00
1.700000000000000000e+01
0.000000000000000000e+00
0.000000000000000000e+00
0.000000000000000000e+00
2.000000000000000000e+00
0.000000000000000000e+00
5.000000000000000000e+00
1.000000000000000000e+00
8.000000000000000000e+00
8.000000000000000000e+00
0.000000000000000000e+00
0.000000000000000000e+00
0.000000000000000000e+00
1.200000000000000000e+01
7.000000000000000000e+00
0.000000000000000000e+00
4.000000000000000000e+00
5.000000000000000000e+00
0.000000000000000000e+00
0.000000000000000000e+00
0.000000000000000000e+00
0.000000000000000000e+00
0.000000000000000000e+00
2.000000000000000000e+00
5.000000000000000000e+00
0.000000000000000000e+00
0.000000000000000000e+00
0.000000000000000000e+00
0.000000000000000000e+00
9.000000000000000000e+00
0.000000000000000000e+00
4.000000000000000000e+00
0.000000000000000000e+00
8.000000000000000000e+00
1.100000000000000000e+01
0.000000000000000000e+00
0.000000000000000000e+00
0.000000000000000000e+00
0.000000000000000000e+00
0.000000000000000000e+00
3.000000000000000000e+00
0.000000000000000000e+00
1.000000000000000000e+00
5.000000000000000000e+00
3.900000000000000000e+01
0.000000000000000000e+00
6.000000000000000000e+00
0.000000000000000000e+00
0.000000000000000000e+00
0.000000000000000000e+00
1.000000000000000000e+00
5.000000000000000000e+00
0.000000000000000000e+00
1.000000000000000000e+00
0.000000000000000000e+00
2.500000000000000000e+01
0.000000000000000000e+00
0.000000000000000000e+00
3.000000000000000000e+00
0.000000000000000000e+00
3.200000000000000000e+01
2.000000000000000000e+00
2.600000000000000000e+01
1.000000000000000000e+00
2.000000000000000000e+00
0.000000000000000000e+00
3.800000000000000000e+01
3.800000000000000000e+01
1.600000000000000000e+01
0.000000000000000000e+00
6.000000000000000000e+00
6.000000000000000000e+00
7.000000000000000000e+00
1.000000000000000000e+00
6.000000000000000000e+00
2.600000000000000000e+01
0.000000000000000000e+00
1.400000000000000000e+01
0.000000000000000000e+00
0.000000000000000000e+00
1.000000000000000000e+00
8.000000000000000000e+00
1.000000000000000000e+00
0.000000000000000000e+00
3.900000000000000000e+01
8.000000000000000000e+00
0.000000000000000000e+00
0.000000000000000000e+00
1.800000000000000000e+01
0.000000000000000000e+00
0.000000000000000000e+00
0.000000000000000000e+00
0.000000000000000000e+00
0.000000000000000000e+00
0.000000000000000000e+00
0.000000000000000000e+00
4.000000000000000000e+00
2.700000000000000000e+01
0.000000000000000000e+00
9.000000000000000000e+00
0.000000000000000000e+00
0.000000000000000000e+00
1.400000000000000000e+01
0.000000000000000000e+00
0.000000000000000000e+00
1.800000000000000000e+01
2.000000000000000000e+00
1.000000000000000000e+00
1.100000000000000000e+01
0.000000000000000000e+00
6.000000000000000000e+00
5.000000000000000000e+00
9.000000000000000000e+00
3.000000000000000000e+00
2.000000000000000000e+00
1.500000000000000000e+01
0.000000000000000000e+00
3.000000000000000000e+00
1.000000000000000000e+00
0.000000000000000000e+00
1.000000000000000000e+00
0.000000000000000000e+00
3.000000000000000000e+00
5.000000000000000000e+00
1.000000000000000000e+00
0.000000000000000000e+00
2.200000000000000000e+01
1.500000000000000000e+01
4.000000000000000000e+00
3.200000000000000000e+01
0.000000000000000000e+00
1.000000000000000000e+00
0.000000000000000000e+00
3.500000000000000000e+01
1.000000000000000000e+00
8.000000000000000000e+00
0.000000000000000000e+00
1.200000000000000000e+01
9.000000000000000000e+00
1.000000000000000000e+00
0.000000000000000000e+00
3.300000000000000000e+01
1.000000000000000000e+01
6.000000000000000000e+00
1.300000000000000000e+01
0.000000000000000000e+00
0.000000000000000000e+00
3.000000000000000000e+00
0.000000000000000000e+00
4.000000000000000000e+00
1.000000000000000000e+01
0.000000000000000000e+00
0.000000000000000000e+00
2.400000000000000000e+01
0.000000000000000000e+00
0.000000000000000000e+00
5.000000000000000000e+00
6.000000000000000000e+00
0.000000000000000000e+00
4.000000000000000000e+00
0.000000000000000000e+00
0.000000000000000000e+00
1.300000000000000000e+01
0.000000000000000000e+00
6.000000000000000000e+00
0.000000000000000000e+00
2.000000000000000000e+00
3.000000000000000000e+00
0.000000000000000000e+00
2.000000000000000000e+00
0.000000000000000000e+00
2.000000000000000000e+00
1.000000000000000000e+00
1.200000000000000000e+01
0.000000000000000000e+00
0.000000000000000000e+00
1.000000000000000000e+01
0.000000000000000000e+00
1.000000000000000000e+00
0.000000000000000000e+00
1.000000000000000000e+00
2.000000000000000000e+00
2.000000000000000000e+00
3.000000000000000000e+00
0.000000000000000000e+00
2.000000000000000000e+00
0.000000000000000000e+00
1.000000000000000000e+00
1.100000000000000000e+01
0.000000000000000000e+00
1.800000000000000000e+01
0.000000000000000000e+00
3.000000000000000000e+00
1.000000000000000000e+00
1.000000000000000000e+00
0.000000000000000000e+00
5.000000000000000000e+00
1.000000000000000000e+00
0.000000000000000000e+00
2.000000000000000000e+00
3.000000000000000000e+00
0.000000000000000000e+00
6.000000000000000000e+00
3.000000000000000000e+00
0.000000000000000000e+00
0.000000000000000000e+00
0.000000000000000000e+00
6.000000000000000000e+00
2.000000000000000000e+01
0.000000000000000000e+00
2.000000000000000000e+00
0.000000000000000000e+00
1.000000000000000000e+00
0.000000000000000000e+00
1.000000000000000000e+00
0.000000000000000000e+00
1.000000000000000000e+01
0.000000000000000000e+00
1.000000000000000000e+00
1.600000000000000000e+01
3.000000000000000000e+00
0.000000000000000000e+00
3.000000000000000000e+00
0.000000000000000000e+00
2.000000000000000000e+00
0.000000000000000000e+00
0.000000000000000000e+00
0.000000000000000000e+00
8.000000000000000000e+00
2.300000000000000000e+01
0.000000000000000000e+00
0.000000000000000000e+00
2.000000000000000000e+00
3.700000000000000000e+01
2.300000000000000000e+01
5.000000000000000000e+00
1.000000000000000000e+00
0.000000000000000000e+00
0.000000000000000000e+00
0.000000000000000000e+00
2.000000000000000000e+00
2.000000000000000000e+00
0.000000000000000000e+00
0.000000000000000000e+00
7.000000000000000000e+00
0.000000000000000000e+00
8.000000000000000000e+00
1.000000000000000000e+00
2.200000000000000000e+01
0.000000000000000000e+00
1.300000000000000000e+01
3.400000000000000000e+01
9.000000000000000000e+00
1.300000000000000000e+01
0.000000000000000000e+00
5.000000000000000000e+00
0.000000000000000000e+00
0.000000000000000000e+00
4.000000000000000000e+00
6.000000000000000000e+00
4.300000000000000000e+01
1.000000000000000000e+00
0.000000000000000000e+00
2.000000000000000000e+00
0.000000000000000000e+00
0.000000000000000000e+00
6.000000000000000000e+00
5.400000000000000000e+01
0.000000000000000000e+00
0.000000000000000000e+00
0.000000000000000000e+00
0.000000000000000000e+00
6.000000000000000000e+00
1.000000000000000000e+00
5.000000000000000000e+00
0.000000000000000000e+00
0.000000000000000000e+00
0.000000000000000000e+00
2.000000000000000000e+00
6.000000000000000000e+00
8.000000000000000000e+00
2.400000000000000000e+01
3.000000000000000000e+00
0.000000000000000000e+00
1.600000000000000000e+01
0.000000000000000000e+00
0.000000000000000000e+00
0.000000000000000000e+00
1.400000000000000000e+01
4.000000000000000000e+00
3.000000000000000000e+00
8.000000000000000000e+00
1.000000000000000000e+00
0.000000000000000000e+00
0.000000000000000000e+00
6.000000000000000000e+00
0.000000000000000000e+00
0.000000000000000000e+00
6.000000000000000000e+00
0.000000000000000000e+00
7.000000000000000000e+00
1.400000000000000000e+01
1.100000000000000000e+01
0.000000000000000000e+00
1.100000000000000000e+01
6.000000000000000000e+00
1.300000000000000000e+01
2.000000000000000000e+00
0.000000000000000000e+00
0.000000000000000000e+00
1.300000000000000000e+01
5.700000000000000000e+01
0.000000000000000000e+00
0.000000000000000000e+00
0.000000000000000000e+00
3.000000000000000000e+00
0.000000000000000000e+00
5.000000000000000000e+00
4.000000000000000000e+00
0.000000000000000000e+00
1.000000000000000000e+00
0.000000000000000000e+00
0.000000000000000000e+00
5.000000000000000000e+00
0.000000000000000000e+00
2.400000000000000000e+01
0.000000000000000000e+00
0.000000000000000000e+00
0.000000000000000000e+00
0.000000000000000000e+00
0.000000000000000000e+00
1.000000000000000000e+00
9.000000000000000000e+00
0.000000000000000000e+00
0.000000000000000000e+00
3.000000000000000000e+00
1.200000000000000000e+01
0.000000000000000000e+00
5.000000000000000000e+00
0.000000000000000000e+00
4.000000000000000000e+00
0.000000000000000000e+00
0.000000000000000000e+00
1.200000000000000000e+01
5.000000000000000000e+00
2.000000000000000000e+00
3.000000000000000000e+00
2.000000000000000000e+00
1.000000000000000000e+00
0.000000000000000000e+00
0.000000000000000000e+00
0.000000000000000000e+00
1.100000000000000000e+01
0.000000000000000000e+00
4.000000000000000000e+00
1.000000000000000000e+00
0.000000000000000000e+00
4.000000000000000000e+00
1.500000000000000000e+01
6.000000000000000000e+00
0.000000000000000000e+00
0.000000000000000000e+00
2.100000000000000000e+01
0.000000000000000000e+00
6.000000000000000000e+00
1.000000000000000000e+00
0.000000000000000000e+00
5.000000000000000000e+00
2.700000000000000000e+01
4.000000000000000000e+00
0.000000000000000000e+00
4.800000000000000000e+01
0.000000000000000000e+00
2.000000000000000000e+00
1.800000000000000000e+01
1.300000000000000000e+01
3.000000000000000000e+00
0.000000000000000000e+00
0.000000000000000000e+00
0.000000000000000000e+00
0.000000000000000000e+00
0.000000000000000000e+00
0.000000000000000000e+00
1.400000000000000000e+01
3.000000000000000000e+00
1.000000000000000000e+00
1.000000000000000000e+00
0.000000000000000000e+00
0.000000000000000000e+00
1.000000000000000000e+00
2.500000000000000000e+01
1.000000000000000000e+00
0.000000000000000000e+00
0.000000000000000000e+00
2.500000000000000000e+01
1.700000000000000000e+01
0.000000000000000000e+00
1.000000000000000000e+00
4.000000000000000000e+00
0.000000000000000000e+00
9.000000000000000000e+00
0.000000000000000000e+00
0.000000000000000000e+00
2.300000000000000000e+01
0.000000000000000000e+00
2.000000000000000000e+00
2.000000000000000000e+00
9.000000000000000000e+00
4.300000000000000000e+01
0.000000000000000000e+00
0.000000000000000000e+00
6.000000000000000000e+00
5.000000000000000000e+00
0.000000000000000000e+00
0.000000000000000000e+00
8.000000000000000000e+00
0.000000000000000000e+00
0.000000000000000000e+00
1.400000000000000000e+01
4.000000000000000000e+00
1.300000000000000000e+01
0.000000000000000000e+00
6.000000000000000000e+01
0.000000000000000000e+00
1.100000000000000000e+01
2.000000000000000000e+00
2.000000000000000000e+00
3.000000000000000000e+00
1.700000000000000000e+01
0.000000000000000000e+00
5.000000000000000000e+00
0.000000000000000000e+00
3.000000000000000000e+00
2.000000000000000000e+00
0.000000000000000000e+00
0.000000000000000000e+00
1.300000000000000000e+01
2.000000000000000000e+00
1.900000000000000000e+01
0.000000000000000000e+00
0.000000000000000000e+00
1.100000000000000000e+01
6.000000000000000000e+00
2.900000000000000000e+01
0.000000000000000000e+00
4.000000000000000000e+00
0.000000000000000000e+00
1.000000000000000000e+00
0.000000000000000000e+00
0.000000000000000000e+00
0.000000000000000000e+00
1.800000000000000000e+01
4.000000000000000000e+00
1.000000000000000000e+00
9.000000000000000000e+00
3.000000000000000000e+00
9.000000000000000000e+00
1.000000000000000000e+00
0.000000000000000000e+00
0.000000000000000000e+00
5.000000000000000000e+00
1.000000000000000000e+00
1.000000000000000000e+01
0.000000000000000000e+00
1.000000000000000000e+00
2.000000000000000000e+00
0.000000000000000000e+00
0.000000000000000000e+00
1.600000000000000000e+01
1.000000000000000000e+00
0.000000000000000000e+00
0.000000000000000000e+00
3.000000000000000000e+00
0.000000000000000000e+00
0.000000000000000000e+00
5.000000000000000000e+00
0.000000000000000000e+00
6.000000000000000000e+00
0.000000000000000000e+00
0.000000000000000000e+00
1.800000000000000000e+01
0.000000000000000000e+00
0.000000000000000000e+00
0.000000000000000000e+00
9.000000000000000000e+00
8.000000000000000000e+00
0.000000000000000000e+00
0.000000000000000000e+00
0.000000000000000000e+00
0.000000000000000000e+00
4.000000000000000000e+00
1.900000000000000000e+01
0.000000000000000000e+00
1.000000000000000000e+00
0.000000000000000000e+00
4.000000000000000000e+00
0.000000000000000000e+00
0.000000000000000000e+00
1.000000000000000000e+00
1.400000000000000000e+01
6.000000000000000000e+00
3.000000000000000000e+00
3.000000000000000000e+00
6.000000000000000000e+00
2.300000000000000000e+01
8.000000000000000000e+00
0.000000000000000000e+00
2.100000000000000000e+01
5.000000000000000000e+00
4.000000000000000000e+00
0.000000000000000000e+00
3.000000000000000000e+00
1.000000000000000000e+00
0.000000000000000000e+00
0.000000000000000000e+00
0.000000000000000000e+00
0.000000000000000000e+00
9.000000000000000000e+00
1.400000000000000000e+01
1.600000000000000000e+01
5.000000000000000000e+00
0.000000000000000000e+00
0.000000000000000000e+00
0.000000000000000000e+00
8.000000000000000000e+00
0.000000000000000000e+00
0.000000000000000000e+00
1.000000000000000000e+01
5.000000000000000000e+00
2.800000000000000000e+01
0.000000000000000000e+00
3.000000000000000000e+00
0.000000000000000000e+00
0.000000000000000000e+00
0.000000000000000000e+00
2.000000000000000000e+00
0.000000000000000000e+00
1.000000000000000000e+00
4.000000000000000000e+00
0.000000000000000000e+00
0.000000000000000000e+00
5.000000000000000000e+00
4.000000000000000000e+00
2.000000000000000000e+00
1.100000000000000000e+01
5.000000000000000000e+00
1.000000000000000000e+00
3.000000000000000000e+00
4.000000000000000000e+00
2.000000000000000000e+00
1.000000000000000000e+00
0.000000000000000000e+00
1.000000000000000000e+00
0.000000000000000000e+00
2.000000000000000000e+00
5.100000000000000000e+01
0.000000000000000000e+00
0.000000000000000000e+00
6.000000000000000000e+00
0.000000000000000000e+00
0.000000000000000000e+00
0.000000000000000000e+00
0.000000000000000000e+00
8.000000000000000000e+00
4.000000000000000000e+00
0.000000000000000000e+00
0.000000000000000000e+00
1.200000000000000000e+01
0.000000000000000000e+00
2.100000000000000000e+01
0.000000000000000000e+00
0.000000000000000000e+00
0.000000000000000000e+00
1.000000000000000000e+00
0.000000000000000000e+00
3.800000000000000000e+01
0.000000000000000000e+00
0.000000000000000000e+00
0.000000000000000000e+00
5.000000000000000000e+00
1.000000000000000000e+00
0.000000000000000000e+00
1.600000000000000000e+01
0.000000000000000000e+00
0.000000000000000000e+00
1.000000000000000000e+01
4.000000000000000000e+00
0.000000000000000000e+00
1.000000000000000000e+00
0.000000000000000000e+00
6.000000000000000000e+00
0.000000000000000000e+00
1.000000000000000000e+00
0.000000000000000000e+00
1.900000000000000000e+01
2.000000000000000000e+00
4.000000000000000000e+00
1.500000000000000000e+01
1.000000000000000000e+00
0.000000000000000000e+00
0.000000000000000000e+00
0.000000000000000000e+00
0.000000000000000000e+00
0.000000000000000000e+00
0.000000000000000000e+00
6.000000000000000000e+00
4.000000000000000000e+00
3.000000000000000000e+00
0.000000000000000000e+00
2.000000000000000000e+00
1.200000000000000000e+01
2.100000000000000000e+01
0.000000000000000000e+00
0.000000000000000000e+00
1.000000000000000000e+00
0.000000000000000000e+00
0.000000000000000000e+00
5.000000000000000000e+00
1.000000000000000000e+00
1.000000000000000000e+00
0.000000000000000000e+00
0.000000000000000000e+00
2.400000000000000000e+01
0.000000000000000000e+00
3.000000000000000000e+00
0.000000000000000000e+00
3.000000000000000000e+00
0.000000000000000000e+00
2.900000000000000000e+01
0.000000000000000000e+00
1.200000000000000000e+01
2.000000000000000000e+00
1.300000000000000000e+01
1.000000000000000000e+00
0.000000000000000000e+00
2.000000000000000000e+00
6.600000000000000000e+01
0.000000000000000000e+00
0.000000000000000000e+00
2.000000000000000000e+00
1.100000000000000000e+01
1.900000000000000000e+01
1.200000000000000000e+01
1.800000000000000000e+01
3.000000000000000000e+00
0.000000000000000000e+00
1.000000000000000000e+00
3.000000000000000000e+00
2.000000000000000000e+00
1.100000000000000000e+01
4.000000000000000000e+00
6.000000000000000000e+00
4.000000000000000000e+00
3.000000000000000000e+00
0.000000000000000000e+00
1.000000000000000000e+00
1.000000000000000000e+00
0.000000000000000000e+00
0.000000000000000000e+00
1.000000000000000000e+00
2.000000000000000000e+00
6.000000000000000000e+00
0.000000000000000000e+00
7.000000000000000000e+00
1.200000000000000000e+01
0.000000000000000000e+00
0.000000000000000000e+00
0.000000000000000000e+00
6.000000000000000000e+00
2.000000000000000000e+00
2.000000000000000000e+00
1.700000000000000000e+01
3.000000000000000000e+00
0.000000000000000000e+00
3.000000000000000000e+00
0.000000000000000000e+00
0.000000000000000000e+00
5.000000000000000000e+00
0.000000000000000000e+00
0.000000000000000000e+00
2.100000000000000000e+01
0.000000000000000000e+00
0.000000000000000000e+00
2.300000000000000000e+01
0.000000000000000000e+00
2.000000000000000000e+00
0.000000000000000000e+00
0.000000000000000000e+00
2.000000000000000000e+00
1.000000000000000000e+00
0.000000000000000000e+00
5.000000000000000000e+00
0.000000000000000000e+00
0.000000000000000000e+00
5.000000000000000000e+00
2.900000000000000000e+01
0.000000000000000000e+00
2.000000000000000000e+00
0.000000000000000000e+00
1.300000000000000000e+01
3.000000000000000000e+00
2.000000000000000000e+00
1.000000000000000000e+00
1.200000000000000000e+01
3.000000000000000000e+00
3.000000000000000000e+00
7.000000000000000000e+00
2.000000000000000000e+00
1.000000000000000000e+00
0.000000000000000000e+00
0.000000000000000000e+00
0.000000000000000000e+00
1.000000000000000000e+00
0.000000000000000000e+00
5.000000000000000000e+00
0.000000000000000000e+00
8.400000000000000000e+01
0.000000000000000000e+00
3.000000000000000000e+00
1.000000000000000000e+00
4.000000000000000000e+00
3.000000000000000000e+00
1.000000000000000000e+00
1.200000000000000000e+01
4.200000000000000000e+01
5.100000000000000000e+01
5.000000000000000000e+00
0.000000000000000000e+00
8.000000000000000000e+00
0.000000000000000000e+00
3.000000000000000000e+00
0.000000000000000000e+00
0.000000000000000000e+00
4.000000000000000000e+00
1.000000000000000000e+00
8.000000000000000000e+00
1.000000000000000000e+00
5.000000000000000000e+00
2.000000000000000000e+00
7.000000000000000000e+00
3.000000000000000000e+00
3.000000000000000000e+00
9.000000000000000000e+00
5.000000000000000000e+00
0.000000000000000000e+00
3.800000000000000000e+01
0.000000000000000000e+00
4.000000000000000000e+00
0.000000000000000000e+00
1.000000000000000000e+01
0.000000000000000000e+00
8.000000000000000000e+00
7.000000000000000000e+00
1.000000000000000000e+00
1.200000000000000000e+01
1.800000000000000000e+01
0.000000000000000000e+00
0.000000000000000000e+00
3.000000000000000000e+00
0.000000000000000000e+00
2.200000000000000000e+01
7.000000000000000000e+00
1.000000000000000000e+00
6.200000000000000000e+01
4.000000000000000000e+00
0.000000000000000000e+00
0.000000000000000000e+00
5.000000000000000000e+00
0.000000000000000000e+00
0.000000000000000000e+00
0.000000000000000000e+00
2.000000000000000000e+00
1.000000000000000000e+00
0.000000000000000000e+00
5.000000000000000000e+00
4.200000000000000000e+01
0.000000000000000000e+00
1.000000000000000000e+00
4.000000000000000000e+00
6.000000000000000000e+00
0.000000000000000000e+00
1.000000000000000000e+00
0.000000000000000000e+00
0.000000000000000000e+00
0.000000000000000000e+00
0.000000000000000000e+00
1.000000000000000000e+00
0.000000000000000000e+00
4.000000000000000000e+00
0.000000000000000000e+00
2.000000000000000000e+00
1.000000000000000000e+01
0.000000000000000000e+00
2.100000000000000000e+01
1.000000000000000000e+00
7.000000000000000000e+00
0.000000000000000000e+00
1.400000000000000000e+01
0.000000000000000000e+00
1.600000000000000000e+01
0.000000000000000000e+00
3.000000000000000000e+00
2.000000000000000000e+00
3.000000000000000000e+00
3.000000000000000000e+00
1.300000000000000000e+01
1.000000000000000000e+00
0.000000000000000000e+00
2.100000000000000000e+01
3.200000000000000000e+01
0.000000000000000000e+00
0.000000000000000000e+00
0.000000000000000000e+00
0.000000000000000000e+00
1.000000000000000000e+00
0.000000000000000000e+00
0.000000000000000000e+00
1.000000000000000000e+00
0.000000000000000000e+00
1.100000000000000000e+01
2.000000000000000000e+00
4.000000000000000000e+00
6.000000000000000000e+00
0.000000000000000000e+00
0.000000000000000000e+00
0.000000000000000000e+00
8.000000000000000000e+00
0.000000000000000000e+00
3.000000000000000000e+00
3.000000000000000000e+00
0.000000000000000000e+00
1.000000000000000000e+01
0.000000000000000000e+00
8.000000000000000000e+00
2.000000000000000000e+00
0.000000000000000000e+00
5.000000000000000000e+00
0.000000000000000000e+00
0.000000000000000000e+00
1.400000000000000000e+01
1.100000000000000000e+01
0.000000000000000000e+00
0.000000000000000000e+00
3.000000000000000000e+00
2.000000000000000000e+00
0.000000000000000000e+00
3.000000000000000000e+00
2.000000000000000000e+00
1.000000000000000000e+01
9.000000000000000000e+00
2.900000000000000000e+01
1.000000000000000000e+00
1.000000000000000000e+00
0.000000000000000000e+00
1.000000000000000000e+00
2.000000000000000000e+00
1.000000000000000000e+00
2.000000000000000000e+00
2.200000000000000000e+01
6.000000000000000000e+00
1.200000000000000000e+01
4.000000000000000000e+00
4.400000000000000000e+01
0.000000000000000000e+00
0.000000000000000000e+00
0.000000000000000000e+00
3.500000000000000000e+01
1.000000000000000000e+00
8.000000000000000000e+00
2.000000000000000000e+00
0.000000000000000000e+00
1.500000000000000000e+01
2.400000000000000000e+01
7.000000000000000000e+00
2.100000000000000000e+01
2.000000000000000000e+00
1.100000000000000000e+01
0.000000000000000000e+00
0.000000000000000000e+00
2.000000000000000000e+00
0.000000000000000000e+00
0.000000000000000000e+00
4.700000000000000000e+01
5.000000000000000000e+00
0.000000000000000000e+00
1.000000000000000000e+00
6.000000000000000000e+00
1.000000000000000000e+00
0.000000000000000000e+00
2.300000000000000000e+01
7.000000000000000000e+00
9.000000000000000000e+00
3.000000000000000000e+00
1.000000000000000000e+00
0.000000000000000000e+00
4.000000000000000000e+00
1.800000000000000000e+01
0.000000000000000000e+00
0.000000000000000000e+00
4.000000000000000000e+00
0.000000000000000000e+00
0.000000000000000000e+00
0.000000000000000000e+00
0.000000000000000000e+00
0.000000000000000000e+00
1.200000000000000000e+01
0.000000000000000000e+00
1.300000000000000000e+01
0.000000000000000000e+00
3.500000000000000000e+01
1.000000000000000000e+00
2.300000000000000000e+01
0.000000000000000000e+00
7.000000000000000000e+00
5.000000000000000000e+00
7.000000000000000000e+00
0.000000000000000000e+00
0.000000000000000000e+00
0.000000000000000000e+00
0.000000000000000000e+00
2.000000000000000000e+00
1.000000000000000000e+01
8.000000000000000000e+00
0.000000000000000000e+00
0.000000000000000000e+00
0.000000000000000000e+00
0.000000000000000000e+00
0.000000000000000000e+00
6.000000000000000000e+00
4.000000000000000000e+00
8.000000000000000000e+00
3.000000000000000000e+00
0.000000000000000000e+00
0.000000000000000000e+00
3.000000000000000000e+00
2.800000000000000000e+01
0.000000000000000000e+00
8.000000000000000000e+00
0.000000000000000000e+00
2.700000000000000000e+01
1.600000000000000000e+01
0.000000000000000000e+00
0.000000000000000000e+00
5.000000000000000000e+00
0.000000000000000000e+00
0.000000000000000000e+00
1.000000000000000000e+00
2.000000000000000000e+01
1.000000000000000000e+00
1.000000000000000000e+00
0.000000000000000000e+00
3.000000000000000000e+00
2.300000000000000000e+01
0.000000000000000000e+00
3.000000000000000000e+00
8.000000000000000000e+00
6.000000000000000000e+00
4.000000000000000000e+01
2.700000000000000000e+01
0.000000000000000000e+00
0.000000000000000000e+00
0.000000000000000000e+00
3.000000000000000000e+00
4.000000000000000000e+00
1.600000000000000000e+01
0.000000000000000000e+00
4.000000000000000000e+00
4.500000000000000000e+01
5.000000000000000000e+00
5.600000000000000000e+01
0.000000000000000000e+00
5.500000000000000000e+01
2.000000000000000000e+00
2.000000000000000000e+00
8.000000000000000000e+00
1.100000000000000000e+01
0.000000000000000000e+00
2.000000000000000000e+00
0.000000000000000000e+00
0.000000000000000000e+00
1.000000000000000000e+00
0.000000000000000000e+00
0.000000000000000000e+00
4.000000000000000000e+00
6.000000000000000000e+00
1.000000000000000000e+00
1.000000000000000000e+01
3.100000000000000000e+01
3.900000000000000000e+01
0.000000000000000000e+00
3.000000000000000000e+00
1.600000000000000000e+01
1.000000000000000000e+00
0.000000000000000000e+00
0.000000000000000000e+00
2.000000000000000000e+00
0.000000000000000000e+00
0.000000000000000000e+00
0.000000000000000000e+00
0.000000000000000000e+00
3.000000000000000000e+00
0.000000000000000000e+00
0.000000000000000000e+00
7.000000000000000000e+00
1.000000000000000000e+00
1.900000000000000000e+01
6.000000000000000000e+00
0.000000000000000000e+00
1.000000000000000000e+00
0.000000000000000000e+00
0.000000000000000000e+00
3.300000000000000000e+01
0.000000000000000000e+00
0.000000000000000000e+00
8.000000000000000000e+00
8.000000000000000000e+00
0.000000000000000000e+00
5.000000000000000000e+00
2.000000000000000000e+00
1.000000000000000000e+00
0.000000000000000000e+00
4.000000000000000000e+00
1.000000000000000000e+00
4.000000000000000000e+00
3.000000000000000000e+00
1.300000000000000000e+01
1.000000000000000000e+01
2.000000000000000000e+01
1.000000000000000000e+01
2.000000000000000000e+00
0.000000000000000000e+00
0.000000000000000000e+00
8.000000000000000000e+00
3.000000000000000000e+00
0.000000000000000000e+00
2.000000000000000000e+00
0.000000000000000000e+00
0.000000000000000000e+00
1.000000000000000000e+00
0.000000000000000000e+00
0.000000000000000000e+00
0.000000000000000000e+00
0.000000000000000000e+00
2.000000000000000000e+01
2.000000000000000000e+00
1.600000000000000000e+01
0.000000000000000000e+00
0.000000000000000000e+00
0.000000000000000000e+00
0.000000000000000000e+00
8.200000000000000000e+01
3.000000000000000000e+00
0.000000000000000000e+00
2.000000000000000000e+00
2.000000000000000000e+00
0.000000000000000000e+00
0.000000000000000000e+00
0.000000000000000000e+00
2.600000000000000000e+01
0.000000000000000000e+00
2.000000000000000000e+00
0.000000000000000000e+00
0.000000000000000000e+00
8.000000000000000000e+00
1.000000000000000000e+00
2.800000000000000000e+01
7.000000000000000000e+00
2.000000000000000000e+00
1.000000000000000000e+00
0.000000000000000000e+00
4.000000000000000000e+00
0.000000000000000000e+00
3.800000000000000000e+01
6.000000000000000000e+00
3.000000000000000000e+00
4.500000000000000000e+01
2.000000000000000000e+00
1.000000000000000000e+00
1.000000000000000000e+00
2.000000000000000000e+00
1.800000000000000000e+01
2.000000000000000000e+00
0.000000000000000000e+00
8.000000000000000000e+00
9.000000000000000000e+00
5.000000000000000000e+00
8.000000000000000000e+00
2.000000000000000000e+00
0.000000000000000000e+00
5.000000000000000000e+00
2.000000000000000000e+00
1.600000000000000000e+01
2.500000000000000000e+01
0.000000000000000000e+00
0.000000000000000000e+00
1.900000000000000000e+01
1.500000000000000000e+01
0.000000000000000000e+00
1.000000000000000000e+00
2.000000000000000000e+00
0.000000000000000000e+00
0.000000000000000000e+00
0.000000000000000000e+00
0.000000000000000000e+00
1.300000000000000000e+01
4.000000000000000000e+00
0.000000000000000000e+00
4.000000000000000000e+00
1.200000000000000000e+01
0.000000000000000000e+00
8.000000000000000000e+00
8.000000000000000000e+00
0.000000000000000000e+00
0.000000000000000000e+00
7.000000000000000000e+00
5.100000000000000000e+01
0.000000000000000000e+00
0.000000000000000000e+00
1.000000000000000000e+00
0.000000000000000000e+00
0.000000000000000000e+00
2.000000000000000000e+00
0.000000000000000000e+00
1.000000000000000000e+00
1.000000000000000000e+01
0.000000000000000000e+00
0.000000000000000000e+00
4.200000000000000000e+01
3.000000000000000000e+00
0.000000000000000000e+00
3.000000000000000000e+00
0.000000000000000000e+00
5.000000000000000000e+00
3.800000000000000000e+01
2.800000000000000000e+01
0.000000000000000000e+00
0.000000000000000000e+00
0.000000000000000000e+00
1.200000000000000000e+01
8.000000000000000000e+00
0.000000000000000000e+00
0.000000000000000000e+00
3.000000000000000000e+00
0.000000000000000000e+00
1.900000000000000000e+01
1.000000000000000000e+00
1.300000000000000000e+01
0.000000000000000000e+00
8.000000000000000000e+00
0.000000000000000000e+00
1.000000000000000000e+00
0.000000000000000000e+00
0.000000000000000000e+00
2.000000000000000000e+00
1.700000000000000000e+01
3.000000000000000000e+00
0.000000000000000000e+00
0.000000000000000000e+00
0.000000000000000000e+00
0.000000000000000000e+00
2.000000000000000000e+00
6.000000000000000000e+00
0.000000000000000000e+00
0.000000000000000000e+00
6.000000000000000000e+00
4.000000000000000000e+00
5.000000000000000000e+00
2.000000000000000000e+00
1.700000000000000000e+01
0.000000000000000000e+00
4.000000000000000000e+00
0.000000000000000000e+00
0.000000000000000000e+00
1.100000000000000000e+01
1.000000000000000000e+00
9.000000000000000000e+00
1.100000000000000000e+01
1.400000000000000000e+01
0.000000000000000000e+00
3.000000000000000000e+00
7.000000000000000000e+00
5.000000000000000000e+00
0.000000000000000000e+00
1.100000000000000000e+01
0.000000000000000000e+00
1.000000000000000000e+00
0.000000000000000000e+00
0.000000000000000000e+00
8.000000000000000000e+00
0.000000000000000000e+00
6.000000000000000000e+00
7.000000000000000000e+00
0.000000000000000000e+00
0.000000000000000000e+00
1.300000000000000000e+01
0.000000000000000000e+00
0.000000000000000000e+00
5.000000000000000000e+00
3.000000000000000000e+00
0.000000000000000000e+00
4.000000000000000000e+00
6.000000000000000000e+00
0.000000000000000000e+00
0.000000000000000000e+00
3.000000000000000000e+00
2.000000000000000000e+00
4.000000000000000000e+00
2.000000000000000000e+00
0.000000000000000000e+00
2.000000000000000000e+00
0.000000000000000000e+00
2.000000000000000000e+00
6.000000000000000000e+00
1.400000000000000000e+01
1.000000000000000000e+00
1.000000000000000000e+00
5.000000000000000000e+00
2.000000000000000000e+00
0.000000000000000000e+00
0.000000000000000000e+00
1.000000000000000000e+00
5.000000000000000000e+00
8.000000000000000000e+00
0.000000000000000000e+00
8.000000000000000000e+00
4.000000000000000000e+00
9.000000000000000000e+00
0.000000000000000000e+00
9.000000000000000000e+00
1.800000000000000000e+01
2.000000000000000000e+00
2.400000000000000000e+01
1.600000000000000000e+01
4.000000000000000000e+00
3.000000000000000000e+00
0.000000000000000000e+00
3.000000000000000000e+00
0.000000000000000000e+00
0.000000000000000000e+00
1.900000000000000000e+01
0.000000000000000000e+00
3.000000000000000000e+00
2.000000000000000000e+00
0.000000000000000000e+00
0.000000000000000000e+00
5.000000000000000000e+00
0.000000000000000000e+00
8.000000000000000000e+00
2.600000000000000000e+01
1.000000000000000000e+00
0.000000000000000000e+00
1.000000000000000000e+00
2.000000000000000000e+00
3.000000000000000000e+00
3.000000000000000000e+00
1.000000000000000000e+00
0.000000000000000000e+00
8.000000000000000000e+00
0.000000000000000000e+00
0.000000000000000000e+00
6.000000000000000000e+00
1.000000000000000000e+00
0.000000000000000000e+00
2.000000000000000000e+00
1.600000000000000000e+01
0.000000000000000000e+00
7.000000000000000000e+00
0.000000000000000000e+00
0.000000000000000000e+00
6.000000000000000000e+01
0.000000000000000000e+00
3.000000000000000000e+00
0.000000000000000000e+00
4.000000000000000000e+01
4.000000000000000000e+00
3.000000000000000000e+00
0.000000000000000000e+00
1.040000000000000000e+02
1.000000000000000000e+01
1.000000000000000000e+00
0.000000000000000000e+00
5.000000000000000000e+00
6.000000000000000000e+00
0.000000000000000000e+00
1.000000000000000000e+00
4.000000000000000000e+00
0.000000000000000000e+00
0.000000000000000000e+00
2.600000000000000000e+01
1.100000000000000000e+01
4.000000000000000000e+01
6.000000000000000000e+00
3.000000000000000000e+00
0.000000000000000000e+00
6.000000000000000000e+00
0.000000000000000000e+00
5.000000000000000000e+00
7.100000000000000000e+01
4.000000000000000000e+00
1.800000000000000000e+01
2.100000000000000000e+01
0.000000000000000000e+00
2.000000000000000000e+00
2.000000000000000000e+00
6.000000000000000000e+00
1.600000000000000000e+01
0.000000000000000000e+00
3.000000000000000000e+00
1.000000000000000000e+01
1.000000000000000000e+00
2.000000000000000000e+00
1.000000000000000000e+00
2.000000000000000000e+00
0.000000000000000000e+00
0.000000000000000000e+00
0.000000000000000000e+00
0.000000000000000000e+00
0.000000000000000000e+00
1.000000000000000000e+00
0.000000000000000000e+00
0.000000000000000000e+00
8.000000000000000000e+00
2.000000000000000000e+00
3.000000000000000000e+00
4.500000000000000000e+01
0.000000000000000000e+00
0.000000000000000000e+00
2.000000000000000000e+00
2.300000000000000000e+01
3.000000000000000000e+00
2.000000000000000000e+00
1.600000000000000000e+01
4.000000000000000000e+00
0.000000000000000000e+00
1.700000000000000000e+01
2.600000000000000000e+01
4.500000000000000000e+01
0.000000000000000000e+00
4.000000000000000000e+00
2.200000000000000000e+01
0.000000000000000000e+00
0.000000000000000000e+00
0.000000000000000000e+00
0.000000000000000000e+00
2.000000000000000000e+00
5.000000000000000000e+00
0.000000000000000000e+00
1.000000000000000000e+00
0.000000000000000000e+00
3.000000000000000000e+00
8.000000000000000000e+00
1.400000000000000000e+01
5.000000000000000000e+00
1.000000000000000000e+00
1.500000000000000000e+01
0.000000000000000000e+00
5.000000000000000000e+00
4.500000000000000000e+01
3.000000000000000000e+00
6.000000000000000000e+00
2.000000000000000000e+00
2.600000000000000000e+01
1.400000000000000000e+01
1.000000000000000000e+00
1.600000000000000000e+01
2.000000000000000000e+00
2.600000000000000000e+01
1.900000000000000000e+01
0.000000000000000000e+00
2.900000000000000000e+01
1.800000000000000000e+01
0.000000000000000000e+00
0.000000000000000000e+00
3.000000000000000000e+00
0.000000000000000000e+00
5.000000000000000000e+00
0.000000000000000000e+00
8.000000000000000000e+00
0.000000000000000000e+00
0.000000000000000000e+00
0.000000000000000000e+00
0.000000000000000000e+00
0.000000000000000000e+00
2.200000000000000000e+01
0.000000000000000000e+00
0.000000000000000000e+00
1.000000000000000000e+00
5.000000000000000000e+00
1.000000000000000000e+01
3.600000000000000000e+01
1.300000000000000000e+01
1.400000000000000000e+01
0.000000000000000000e+00
1.200000000000000000e+01
3.000000000000000000e+00
0.000000000000000000e+00
2.500000000000000000e+01
2.000000000000000000e+00
7.000000000000000000e+00
1.000000000000000000e+01
9.000000000000000000e+00
2.000000000000000000e+00
3.800000000000000000e+01
8.000000000000000000e+00
0.000000000000000000e+00
7.000000000000000000e+00
2.000000000000000000e+00
3.000000000000000000e+00
0.000000000000000000e+00
0.000000000000000000e+00
0.000000000000000000e+00
2.500000000000000000e+01
0.000000000000000000e+00
7.000000000000000000e+00
0.000000000000000000e+00
1.000000000000000000e+00
1.300000000000000000e+01
2.800000000000000000e+01
5.000000000000000000e+00
8.000000000000000000e+00
6.000000000000000000e+00
0.000000000000000000e+00
0.000000000000000000e+00
1.000000000000000000e+00
0.000000000000000000e+00
0.000000000000000000e+00
0.000000000000000000e+00
0.000000000000000000e+00
0.000000000000000000e+00
1.100000000000000000e+01
3.000000000000000000e+00
0.000000000000000000e+00
2.000000000000000000e+00
1.200000000000000000e+01
0.000000000000000000e+00
6.000000000000000000e+00
7.600000000000000000e+01
0.000000000000000000e+00
1.000000000000000000e+00
3.000000000000000000e+00
1.000000000000000000e+00
0.000000000000000000e+00
0.000000000000000000e+00
3.000000000000000000e+01
0.000000000000000000e+00
9.000000000000000000e+00
3.000000000000000000e+00
2.700000000000000000e+01
7.000000000000000000e+00
1.000000000000000000e+00
0.000000000000000000e+00
8.000000000000000000e+00
7.000000000000000000e+00
3.200000000000000000e+01
1.900000000000000000e+01
0.000000000000000000e+00
3.000000000000000000e+00
1.000000000000000000e+00
4.000000000000000000e+00
3.000000000000000000e+00
0.000000000000000000e+00
2.000000000000000000e+00
0.000000000000000000e+00
3.300000000000000000e+01
4.000000000000000000e+00
0.000000000000000000e+00
0.000000000000000000e+00
0.000000000000000000e+00
2.000000000000000000e+00
0.000000000000000000e+00
2.000000000000000000e+00
7.000000000000000000e+01
1.300000000000000000e+01
4.000000000000000000e+00
5.000000000000000000e+00
3.000000000000000000e+00
0.000000000000000000e+00
4.000000000000000000e+00
1.800000000000000000e+01
0.000000000000000000e+00
3.000000000000000000e+00
0.000000000000000000e+00
2.900000000000000000e+01
3.000000000000000000e+00
0.000000000000000000e+00
2.000000000000000000e+00
2.000000000000000000e+00
0.000000000000000000e+00
3.000000000000000000e+00
0.000000000000000000e+00
0.000000000000000000e+00
5.000000000000000000e+00
3.000000000000000000e+00
5.000000000000000000e+00
5.000000000000000000e+00
4.000000000000000000e+00
1.000000000000000000e+00
0.000000000000000000e+00
2.000000000000000000e+00
1.100000000000000000e+01
3.000000000000000000e+00
2.000000000000000000e+00
0.000000000000000000e+00
4.000000000000000000e+00
5.000000000000000000e+00
0.000000000000000000e+00
0.000000000000000000e+00
1.500000000000000000e+01
0.000000000000000000e+00
0.000000000000000000e+00
5.000000000000000000e+00
4.000000000000000000e+01
2.000000000000000000e+00
1.000000000000000000e+01
0.000000000000000000e+00
3.000000000000000000e+00
0.000000000000000000e+00
0.000000000000000000e+00
3.000000000000000000e+00
9.000000000000000000e+00
0.000000000000000000e+00
2.000000000000000000e+00
5.000000000000000000e+00
0.000000000000000000e+00
1.000000000000000000e+00
0.000000000000000000e+00
0.000000000000000000e+00
4.900000000000000000e+01
4.000000000000000000e+00
0.000000000000000000e+00
0.000000000000000000e+00
1.300000000000000000e+01
1.000000000000000000e+01
2.100000000000000000e+01
5.000000000000000000e+00
2.000000000000000000e+00
4.000000000000000000e+00
3.000000000000000000e+00
1.000000000000000000e+00
0.000000000000000000e+00
1.400000000000000000e+01
1.400000000000000000e+01
4.800000000000000000e+01
3.000000000000000000e+00
2.000000000000000000e+00
1.500000000000000000e+01
0.000000000000000000e+00
1.700000000000000000e+01
0.000000000000000000e+00
9.000000000000000000e+00
2.000000000000000000e+00
0.000000000000000000e+00
0.000000000000000000e+00
0.000000000000000000e+00
0.000000000000000000e+00
0.000000000000000000e+00
0.000000000000000000e+00
0.000000000000000000e+00
0.000000000000000000e+00
6.000000000000000000e+00
4.000000000000000000e+00
5.000000000000000000e+00
3.400000000000000000e+01
0.000000000000000000e+00
3.000000000000000000e+00
0.000000000000000000e+00
0.000000000000000000e+00
2.700000000000000000e+01
8.000000000000000000e+00
4.000000000000000000e+00
8.000000000000000000e+00
2.200000000000000000e+01
1.200000000000000000e+01
5.200000000000000000e+01
8.000000000000000000e+00
3.000000000000000000e+00
0.000000000000000000e+00
0.000000000000000000e+00
1.000000000000000000e+00
0.000000000000000000e+00
1.100000000000000000e+01
0.000000000000000000e+00
0.000000000000000000e+00
4.200000000000000000e+01
2.000000000000000000e+00
2.200000000000000000e+01
5.000000000000000000e+00
0.000000000000000000e+00
0.000000000000000000e+00
6.000000000000000000e+00
2.000000000000000000e+00
5.000000000000000000e+00
1.000000000000000000e+00
4.000000000000000000e+00
4.000000000000000000e+00
7.000000000000000000e+00
1.000000000000000000e+01
1.000000000000000000e+00
2.700000000000000000e+01
0.000000000000000000e+00
6.000000000000000000e+00
2.200000000000000000e+01
3.200000000000000000e+01
1.600000000000000000e+01
7.000000000000000000e+00
1.000000000000000000e+00
4.000000000000000000e+00
0.000000000000000000e+00
0.000000000000000000e+00
0.000000000000000000e+00
1.500000000000000000e+01
1.000000000000000000e+00
2.000000000000000000e+00
0.000000000000000000e+00
5.000000000000000000e+00
0.000000000000000000e+00
0.000000000000000000e+00
6.000000000000000000e+00
3.000000000000000000e+00
6.000000000000000000e+00
4.000000000000000000e+00
1.200000000000000000e+01
0.000000000000000000e+00
0.000000000000000000e+00
0.000000000000000000e+00
1.000000000000000000e+01
0.000000000000000000e+00
0.000000000000000000e+00
0.000000000000000000e+00
0.000000000000000000e+00
1.000000000000000000e+00
0.000000000000000000e+00
0.000000000000000000e+00
0.000000000000000000e+00
1.900000000000000000e+01
5.000000000000000000e+00
0.000000000000000000e+00
6.000000000000000000e+00
6.000000000000000000e+00
4.000000000000000000e+01
0.000000000000000000e+00
0.000000000000000000e+00
1.000000000000000000e+00
6.000000000000000000e+00
1.100000000000000000e+01
0.000000000000000000e+00
2.000000000000000000e+00
1.100000000000000000e+01
0.000000000000000000e+00
8.000000000000000000e+00
2.500000000000000000e+01
6.000000000000000000e+00
0.000000000000000000e+00
2.000000000000000000e+00
0.000000000000000000e+00
0.000000000000000000e+00
3.200000000000000000e+01
5.000000000000000000e+00
0.000000000000000000e+00
0.000000000000000000e+00
5.000000000000000000e+00
0.000000000000000000e+00
6.000000000000000000e+00
0.000000000000000000e+00
0.000000000000000000e+00
2.000000000000000000e+00
0.000000000000000000e+00
1.000000000000000000e+00
6.000000000000000000e+00
2.000000000000000000e+00
3.000000000000000000e+00
0.000000000000000000e+00
0.000000000000000000e+00
1.600000000000000000e+01
0.000000000000000000e+00
1.600000000000000000e+01
0.000000000000000000e+00
0.000000000000000000e+00
4.000000000000000000e+00
2.100000000000000000e+01
1.200000000000000000e+01
8.000000000000000000e+00
0.000000000000000000e+00
5.100000000000000000e+01
0.000000000000000000e+00
3.000000000000000000e+00
1.200000000000000000e+01
0.000000000000000000e+00
1.300000000000000000e+01
3.500000000000000000e+01
0.000000000000000000e+00
7.000000000000000000e+00
4.000000000000000000e+01
4.100000000000000000e+01
4.000000000000000000e+00
3.000000000000000000e+01
1.800000000000000000e+01
2.000000000000000000e+00
3.000000000000000000e+00
1.000000000000000000e+00
0.000000000000000000e+00
0.000000000000000000e+00
1.300000000000000000e+01
1.900000000000000000e+01
0.000000000000000000e+00
6.000000000000000000e+00
1.700000000000000000e+01
5.000000000000000000e+00
1.000000000000000000e+00
9.000000000000000000e+00
2.000000000000000000e+00
0.000000000000000000e+00
2.200000000000000000e+01
2.100000000000000000e+01
5.000000000000000000e+00
0.000000000000000000e+00
3.000000000000000000e+00
1.000000000000000000e+00
1.000000000000000000e+00
0.000000000000000000e+00
1.000000000000000000e+00
0.000000000000000000e+00
0.000000000000000000e+00
2.000000000000000000e+00
1.800000000000000000e+01
7.000000000000000000e+00
2.100000000000000000e+01
0.000000000000000000e+00
0.000000000000000000e+00
9.000000000000000000e+00
0.000000000000000000e+00
4.000000000000000000e+00
3.300000000000000000e+01
7.000000000000000000e+00
1.000000000000000000e+00
0.000000000000000000e+00
0.000000000000000000e+00
0.000000000000000000e+00
0.000000000000000000e+00
5.000000000000000000e+00
3.000000000000000000e+00
3.000000000000000000e+00
1.000000000000000000e+00
9.000000000000000000e+00
0.000000000000000000e+00
1.000000000000000000e+00
4.000000000000000000e+00
5.000000000000000000e+00
1.900000000000000000e+01
2.000000000000000000e+00
3.000000000000000000e+00
2.000000000000000000e+01
0.000000000000000000e+00
1.800000000000000000e+01
2.000000000000000000e+00
0.000000000000000000e+00
0.000000000000000000e+00
4.300000000000000000e+01
3.000000000000000000e+00
0.000000000000000000e+00
0.000000000000000000e+00
4.000000000000000000e+00
2.900000000000000000e+01
4.000000000000000000e+00
2.900000000000000000e+01
5.000000000000000000e+00
1.600000000000000000e+01
0.000000000000000000e+00
2.000000000000000000e+00
1.100000000000000000e+01
0.000000000000000000e+00
4.000000000000000000e+00
0.000000000000000000e+00
3.100000000000000000e+01
2.000000000000000000e+00
3.000000000000000000e+00
1.000000000000000000e+00
5.000000000000000000e+00
3.000000000000000000e+00
2.000000000000000000e+01
0.000000000000000000e+00
2.000000000000000000e+01
3.000000000000000000e+00
3.600000000000000000e+01
2.100000000000000000e+01
3.000000000000000000e+01
0.000000000000000000e+00
2.000000000000000000e+00
9.000000000000000000e+00
0.000000000000000000e+00
1.000000000000000000e+00
0.000000000000000000e+00
2.000000000000000000e+01
1.200000000000000000e+01
0.000000000000000000e+00
8.000000000000000000e+00
3.600000000000000000e+01
0.000000000000000000e+00
0.000000000000000000e+00
0.000000000000000000e+00
0.000000000000000000e+00
1.000000000000000000e+00
1.000000000000000000e+00
1.700000000000000000e+01
0.000000000000000000e+00
3.000000000000000000e+01
3.100000000000000000e+01
1.200000000000000000e+01
0.000000000000000000e+00
0.000000000000000000e+00
0.000000000000000000e+00
1.000000000000000000e+01
4.500000000000000000e+01
6.000000000000000000e+00
1.000000000000000000e+00
9.000000000000000000e+00
6.000000000000000000e+01
5.600000000000000000e+01
1.500000000000000000e+01
5.000000000000000000e+00
2.000000000000000000e+00
0.000000000000000000e+00
0.000000000000000000e+00
0.000000000000000000e+00
0.000000000000000000e+00
6.000000000000000000e+00
0.000000000000000000e+00
0.000000000000000000e+00
6.000000000000000000e+00
1.300000000000000000e+01
0.000000000000000000e+00
0.000000000000000000e+00
5.000000000000000000e+00
2.000000000000000000e+00
3.000000000000000000e+01
8.000000000000000000e+00
2.000000000000000000e+00
0.000000000000000000e+00
4.900000000000000000e+01
0.000000000000000000e+00
1.000000000000000000e+00
0.000000000000000000e+00
1.800000000000000000e+01
2.000000000000000000e+00
3.000000000000000000e+01
3.000000000000000000e+00
2.300000000000000000e+01
3.000000000000000000e+00
2.000000000000000000e+00
0.000000000000000000e+00
4.200000000000000000e+01
0.000000000000000000e+00
1.000000000000000000e+00
0.000000000000000000e+00
4.000000000000000000e+00
7.700000000000000000e+01
5.500000000000000000e+01
1.000000000000000000e+00
3.000000000000000000e+00
0.000000000000000000e+00
0.000000000000000000e+00
0.000000000000000000e+00
0.000000000000000000e+00
1.200000000000000000e+01
0.000000000000000000e+00
7.000000000000000000e+00
0.000000000000000000e+00
1.000000000000000000e+01
0.000000000000000000e+00
5.000000000000000000e+00
0.000000000000000000e+00
2.000000000000000000e+00
7.000000000000000000e+00
4.000000000000000000e+00
5.000000000000000000e+00
0.000000000000000000e+00
1.000000000000000000e+00
0.000000000000000000e+00
0.000000000000000000e+00
6.500000000000000000e+01
2.200000000000000000e+01
0.000000000000000000e+00
1.000000000000000000e+00
2.000000000000000000e+00
9.000000000000000000e+00
0.000000000000000000e+00
3.000000000000000000e+00
2.000000000000000000e+00
2.000000000000000000e+00
0.000000000000000000e+00
3.000000000000000000e+00
0.000000000000000000e+00
0.000000000000000000e+00
2.000000000000000000e+00
1.600000000000000000e+01
1.600000000000000000e+01
0.000000000000000000e+00
1.400000000000000000e+01
3.900000000000000000e+01
0.000000000000000000e+00
3.000000000000000000e+00
8.000000000000000000e+00
0.000000000000000000e+00
2.000000000000000000e+00
0.000000000000000000e+00
0.000000000000000000e+00
0.000000000000000000e+00
1.000000000000000000e+00
0.000000000000000000e+00
0.000000000000000000e+00
3.400000000000000000e+01
0.000000000000000000e+00
0.000000000000000000e+00
1.200000000000000000e+01
0.000000000000000000e+00
0.000000000000000000e+00
1.000000000000000000e+00
0.000000000000000000e+00
0.000000000000000000e+00
1.000000000000000000e+00
6.000000000000000000e+00
0.000000000000000000e+00
0.000000000000000000e+00
0.000000000000000000e+00
0.000000000000000000e+00
4.000000000000000000e+00
1.000000000000000000e+00
0.000000000000000000e+00
3.000000000000000000e+00
1.600000000000000000e+01
8.000000000000000000e+00
0.000000000000000000e+00
2.000000000000000000e+00
0.000000000000000000e+00
0.000000000000000000e+00
3.800000000000000000e+01
5.000000000000000000e+00
0.000000000000000000e+00
1.200000000000000000e+01
2.000000000000000000e+01
2.800000000000000000e+01
0.000000000000000000e+00
0.000000000000000000e+00
3.000000000000000000e+00
6.000000000000000000e+00
0.000000000000000000e+00
0.000000000000000000e+00
2.700000000000000000e+01
4.000000000000000000e+00
1.000000000000000000e+01
1.000000000000000000e+00
1.100000000000000000e+01
5.000000000000000000e+00
0.000000000000000000e+00
1.000000000000000000e+00
1.300000000000000000e+01
9.000000000000000000e+00
5.000000000000000000e+00
8.000000000000000000e+00
3.300000000000000000e+01
1.300000000000000000e+01
0.000000000000000000e+00
0.000000000000000000e+00
2.000000000000000000e+00
0.000000000000000000e+00
2.500000000000000000e+01
3.200000000000000000e+01
8.000000000000000000e+00
2.000000000000000000e+00
3.000000000000000000e+00
6.000000000000000000e+00
1.000000000000000000e+01
4.000000000000000000e+00
0.000000000000000000e+00
4.000000000000000000e+00
0.000000000000000000e+00
0.000000000000000000e+00
0.000000000000000000e+00
2.000000000000000000e+00
1.400000000000000000e+01
0.000000000000000000e+00
3.800000000000000000e+01
0.000000000000000000e+00
0.000000000000000000e+00
0.000000000000000000e+00
0.000000000000000000e+00
1.400000000000000000e+01
3.600000000000000000e+01
0.000000000000000000e+00
5.000000000000000000e+00
3.000000000000000000e+00
5.000000000000000000e+00
2.000000000000000000e+00
0.000000000000000000e+00
4.000000000000000000e+00
9.000000000000000000e+00
1.700000000000000000e+01
2.000000000000000000e+00
0.000000000000000000e+00
1.300000000000000000e+01
1.740000000000000000e+02
2.300000000000000000e+01
2.200000000000000000e+01
0.000000000000000000e+00
1.700000000000000000e+01
6.000000000000000000e+00
1.000000000000000000e+00
0.000000000000000000e+00
4.000000000000000000e+00
4.000000000000000000e+00
2.300000000000000000e+01
8.000000000000000000e+00
1.000000000000000000e+00
0.000000000000000000e+00
3.000000000000000000e+00
2.000000000000000000e+00
0.000000000000000000e+00
0.000000000000000000e+00
0.000000000000000000e+00
0.000000000000000000e+00
0.000000000000000000e+00
0.000000000000000000e+00
3.000000000000000000e+00
0.000000000000000000e+00
1.800000000000000000e+01
2.700000000000000000e+01
7.000000000000000000e+00
0.000000000000000000e+00
3.400000000000000000e+01
4.900000000000000000e+01
1.000000000000000000e+00
0.000000000000000000e+00
0.000000000000000000e+00
1.000000000000000000e+00
1.800000000000000000e+01
0.000000000000000000e+00
0.000000000000000000e+00
6.000000000000000000e+00
2.000000000000000000e+01
0.000000000000000000e+00
3.000000000000000000e+00
0.000000000000000000e+00
3.100000000000000000e+01
1.000000000000000000e+00
1.000000000000000000e+00
0.000000000000000000e+00
0.000000000000000000e+00
2.600000000000000000e+01
0.000000000000000000e+00
2.000000000000000000e+00
0.000000000000000000e+00
1.000000000000000000e+00
4.000000000000000000e+00
2.000000000000000000e+00
2.000000000000000000e+00
1.100000000000000000e+01
1.600000000000000000e+01
0.000000000000000000e+00
1.000000000000000000e+00
8.000000000000000000e+00
0.000000000000000000e+00
3.900000000000000000e+01
0.000000000000000000e+00
5.000000000000000000e+00
0.000000000000000000e+00
6.000000000000000000e+00
0.000000000000000000e+00
7.000000000000000000e+00
2.000000000000000000e+00
4.000000000000000000e+00
5.500000000000000000e+01
1.500000000000000000e+01
1.400000000000000000e+01
3.400000000000000000e+01
3.800000000000000000e+01
4.600000000000000000e+01
2.000000000000000000e+00
0.000000000000000000e+00
2.000000000000000000e+00
4.000000000000000000e+00
1.000000000000000000e+00
0.000000000000000000e+00
4.000000000000000000e+00
2.000000000000000000e+00
0.000000000000000000e+00
1.000000000000000000e+00
0.000000000000000000e+00
4.000000000000000000e+00
2.700000000000000000e+01
0.000000000000000000e+00
0.000000000000000000e+00
0.000000000000000000e+00
2.000000000000000000e+00
1.400000000000000000e+01
4.300000000000000000e+01
0.000000000000000000e+00
1.000000000000000000e+01
0.000000000000000000e+00
0.000000000000000000e+00
1.000000000000000000e+00
1.200000000000000000e+01
0.000000000000000000e+00
0.000000000000000000e+00
1.000000000000000000e+01
0.000000000000000000e+00
0.000000000000000000e+00
4.000000000000000000e+00
0.000000000000000000e+00
0.000000000000000000e+00
2.100000000000000000e+01
7.000000000000000000e+00
0.000000000000000000e+00
1.200000000000000000e+01
5.000000000000000000e+00
1.000000000000000000e+00
9.000000000000000000e+00
2.000000000000000000e+01
8.900000000000000000e+01
1.400000000000000000e+01
0.000000000000000000e+00
4.000000000000000000e+00
1.000000000000000000e+00
8.000000000000000000e+00
6.000000000000000000e+00
7.400000000000000000e+01
0.000000000000000000e+00
5.300000000000000000e+01
3.100000000000000000e+01
7.000000000000000000e+00
2.000000000000000000e+01
4.300000000000000000e+01
0.000000000000000000e+00
4.100000000000000000e+01
1.700000000000000000e+01
0.000000000000000000e+00
3.000000000000000000e+00
1.000000000000000000e+00
4.000000000000000000e+00
1.000000000000000000e+00
0.000000000000000000e+00
4.000000000000000000e+00
0.000000000000000000e+00
0.000000000000000000e+00
0.000000000000000000e+00
4.600000000000000000e+01
1.000000000000000000e+00
0.000000000000000000e+00
2.000000000000000000e+00
4.000000000000000000e+00
1.630000000000000000e+02
0.000000000000000000e+00
0.000000000000000000e+00
6.000000000000000000e+00
4.000000000000000000e+00
0.000000000000000000e+00
2.800000000000000000e+01
4.500000000000000000e+01
0.000000000000000000e+00
2.100000000000000000e+01
8.000000000000000000e+00
1.200000000000000000e+01
3.000000000000000000e+00
6.000000000000000000e+00
1.600000000000000000e+01
2.000000000000000000e+00
0.000000000000000000e+00
0.000000000000000000e+00
0.000000000000000000e+00
0.000000000000000000e+00
4.500000000000000000e+01
2.000000000000000000e+00
0.000000000000000000e+00
0.000000000000000000e+00
1.000000000000000000e+01
2.300000000000000000e+01
1.000000000000000000e+01
0.000000000000000000e+00
1.000000000000000000e+00
1.500000000000000000e+01
4.100000000000000000e+01
0.000000000000000000e+00
0.000000000000000000e+00
0.000000000000000000e+00
0.000000000000000000e+00
0.000000000000000000e+00
2.000000000000000000e+00
4.500000000000000000e+01
0.000000000000000000e+00
3.000000000000000000e+00
6.000000000000000000e+00
0.000000000000000000e+00
0.000000000000000000e+00
2.000000000000000000e+01
2.000000000000000000e+00
2.000000000000000000e+00
4.000000000000000000e+00
1.400000000000000000e+01
1.600000000000000000e+01
2.300000000000000000e+01
0.000000000000000000e+00
3.000000000000000000e+00
2.100000000000000000e+01
0.000000000000000000e+00
0.000000000000000000e+00
0.000000000000000000e+00
1.900000000000000000e+01
0.000000000000000000e+00
8.000000000000000000e+00
0.000000000000000000e+00
4.800000000000000000e+01
0.000000000000000000e+00
9.000000000000000000e+00
3.000000000000000000e+00
5.000000000000000000e+00
0.000000000000000000e+00
0.000000000000000000e+00
2.000000000000000000e+00
0.000000000000000000e+00
0.000000000000000000e+00
1.000000000000000000e+01
0.000000000000000000e+00
7.000000000000000000e+00
0.000000000000000000e+00
5.000000000000000000e+00
0.000000000000000000e+00
3.000000000000000000e+00
0.000000000000000000e+00
1.000000000000000000e+01
0.000000000000000000e+00
0.000000000000000000e+00
0.000000000000000000e+00
0.000000000000000000e+00
0.000000000000000000e+00
3.000000000000000000e+00
4.000000000000000000e+00
1.600000000000000000e+01
2.000000000000000000e+00
2.000000000000000000e+00
0.000000000000000000e+00
6.000000000000000000e+00
1.200000000000000000e+01
1.000000000000000000e+00
0.000000000000000000e+00
6.000000000000000000e+00
2.900000000000000000e+01
1.300000000000000000e+01
8.000000000000000000e+00
2.300000000000000000e+01
0.000000000000000000e+00
2.000000000000000000e+00
0.000000000000000000e+00
1.000000000000000000e+00
3.000000000000000000e+00
4.000000000000000000e+00
3.000000000000000000e+00
0.000000000000000000e+00
2.200000000000000000e+01
1.000000000000000000e+01
1.700000000000000000e+01
1.400000000000000000e+01
0.000000000000000000e+00
3.000000000000000000e+00
0.000000000000000000e+00
0.000000000000000000e+00
5.000000000000000000e+00
6.000000000000000000e+00
0.000000000000000000e+00
2.000000000000000000e+00
1.000000000000000000e+00
4.000000000000000000e+00
4.000000000000000000e+00
0.000000000000000000e+00
0.000000000000000000e+00
5.000000000000000000e+00
3.200000000000000000e+01
0.000000000000000000e+00
0.000000000000000000e+00
3.600000000000000000e+01
5.000000000000000000e+00
0.000000000000000000e+00
1.000000000000000000e+00
0.000000000000000000e+00
0.000000000000000000e+00
5.000000000000000000e+00
8.000000000000000000e+00
2.000000000000000000e+00
8.000000000000000000e+00
1.900000000000000000e+01
1.000000000000000000e+01
5.500000000000000000e+01
4.100000000000000000e+01
2.000000000000000000e+00
2.500000000000000000e+01
6.000000000000000000e+00
0.000000000000000000e+00
0.000000000000000000e+00
2.600000000000000000e+01
3.600000000000000000e+01
0.000000000000000000e+00
0.000000000000000000e+00
8.000000000000000000e+00
1.200000000000000000e+01
1.100000000000000000e+01
0.000000000000000000e+00
0.000000000000000000e+00
5.000000000000000000e+00
3.000000000000000000e+00
0.000000000000000000e+00
1.000000000000000000e+01
2.000000000000000000e+00
7.000000000000000000e+00
0.000000000000000000e+00
0.000000000000000000e+00
0.000000000000000000e+00
0.000000000000000000e+00
2.000000000000000000e+00
5.000000000000000000e+00
0.000000000000000000e+00
1.000000000000000000e+00
0.000000000000000000e+00
4.000000000000000000e+00
1.000000000000000000e+00
9.000000000000000000e+00
0.000000000000000000e+00
5.000000000000000000e+00
5.700000000000000000e+01
7.000000000000000000e+01
1.000000000000000000e+01
0.000000000000000000e+00
0.000000000000000000e+00
8.000000000000000000e+00
6.000000000000000000e+00
0.000000000000000000e+00
6.000000000000000000e+00
1.300000000000000000e+01
7.000000000000000000e+00
2.000000000000000000e+00
0.000000000000000000e+00
0.000000000000000000e+00
0.000000000000000000e+00
1.000000000000000000e+01
1.000000000000000000e+00
3.000000000000000000e+00
8.600000000000000000e+01
4.000000000000000000e+00
9.300000000000000000e+01
0.000000000000000000e+00
0.000000000000000000e+00
8.000000000000000000e+00
3.600000000000000000e+01
0.000000000000000000e+00
0.000000000000000000e+00
6.000000000000000000e+00
0.000000000000000000e+00
0.000000000000000000e+00
4.500000000000000000e+01
1.500000000000000000e+01
0.000000000000000000e+00
4.000000000000000000e+00
2.000000000000000000e+00
0.000000000000000000e+00
2.800000000000000000e+01
4.000000000000000000e+00
1.500000000000000000e+01
1.500000000000000000e+01
6.000000000000000000e+00
0.000000000000000000e+00
2.000000000000000000e+00
1.800000000000000000e+01
0.000000000000000000e+00
0.000000000000000000e+00
0.000000000000000000e+00
5.000000000000000000e+00
1.000000000000000000e+00
6.400000000000000000e+01
0.000000000000000000e+00
0.000000000000000000e+00
9.000000000000000000e+00
1.000000000000000000e+00
5.000000000000000000e+00
3.300000000000000000e+01
3.000000000000000000e+00
2.000000000000000000e+00
0.000000000000000000e+00
5.000000000000000000e+00
2.000000000000000000e+00
0.000000000000000000e+00
4.700000000000000000e+01
0.000000000000000000e+00
0.000000000000000000e+00
1.300000000000000000e+01
3.100000000000000000e+01
0.000000000000000000e+00
0.000000000000000000e+00
0.000000000000000000e+00
2.300000000000000000e+01
2.000000000000000000e+00
4.000000000000000000e+00
7.000000000000000000e+00
3.000000000000000000e+00
0.000000000000000000e+00
0.000000000000000000e+00
2.200000000000000000e+01
2.000000000000000000e+00
7.000000000000000000e+00
0.000000000000000000e+00
1.900000000000000000e+01
1.000000000000000000e+00
1.600000000000000000e+01
0.000000000000000000e+00
0.000000000000000000e+00
4.000000000000000000e+00
1.700000000000000000e+01
0.000000000000000000e+00
0.000000000000000000e+00
8.500000000000000000e+01
0.000000000000000000e+00
4.000000000000000000e+00
8.000000000000000000e+00
0.000000000000000000e+00
2.900000000000000000e+01
5.000000000000000000e+00
1.600000000000000000e+01
1.000000000000000000e+00
2.000000000000000000e+00
0.000000000000000000e+00
0.000000000000000000e+00
2.000000000000000000e+00
0.000000000000000000e+00
2.300000000000000000e+01
2.000000000000000000e+00
0.000000000000000000e+00
0.000000000000000000e+00
6.000000000000000000e+00
0.000000000000000000e+00
1.500000000000000000e+01
0.000000000000000000e+00
2.000000000000000000e+00
7.000000000000000000e+00
5.000000000000000000e+00
0.000000000000000000e+00
5.000000000000000000e+00
1.100000000000000000e+01
2.000000000000000000e+00
0.000000000000000000e+00
0.000000000000000000e+00
1.700000000000000000e+01
2.500000000000000000e+01
0.000000000000000000e+00
1.100000000000000000e+01
0.000000000000000000e+00
2.500000000000000000e+01
2.000000000000000000e+00
2.500000000000000000e+01
4.000000000000000000e+00
0.000000000000000000e+00
0.000000000000000000e+00
0.000000000000000000e+00
0.000000000000000000e+00
0.000000000000000000e+00
0.000000000000000000e+00
0.000000000000000000e+00
1.000000000000000000e+01
0.000000000000000000e+00
0.000000000000000000e+00
2.100000000000000000e+01
9.000000000000000000e+00
8.000000000000000000e+00
3.000000000000000000e+00
3.000000000000000000e+00
5.000000000000000000e+00
2.000000000000000000e+01
4.000000000000000000e+00
0.000000000000000000e+00
3.000000000000000000e+00
1.000000000000000000e+00
3.000000000000000000e+00
2.200000000000000000e+01
2.000000000000000000e+00
6.000000000000000000e+00
1.000000000000000000e+00
0.000000000000000000e+00
8.000000000000000000e+00
6.000000000000000000e+00
2.100000000000000000e+01
2.800000000000000000e+01
1.100000000000000000e+01
4.000000000000000000e+00
0.000000000000000000e+00
2.600000000000000000e+01
1.000000000000000000e+01
5.000000000000000000e+00
2.400000000000000000e+01
3.000000000000000000e+00
4.000000000000000000e+00
6.000000000000000000e+00
4.000000000000000000e+00
0.000000000000000000e+00
1.000000000000000000e+00
1.300000000000000000e+01
0.000000000000000000e+00
0.000000000000000000e+00
4.000000000000000000e+00
2.000000000000000000e+01
2.900000000000000000e+01
4.000000000000000000e+00
1.000000000000000000e+00
4.000000000000000000e+00
6.300000000000000000e+01
4.000000000000000000e+00
0.000000000000000000e+00
2.000000000000000000e+00
2.000000000000000000e+00
5.000000000000000000e+00
1.700000000000000000e+01
0.000000000000000000e+00
2.000000000000000000e+00
1.000000000000000000e+02
2.000000000000000000e+00
4.900000000000000000e+01
0.000000000000000000e+00
0.000000000000000000e+00
8.000000000000000000e+00
1.000000000000000000e+00
0.000000000000000000e+00
2.000000000000000000e+00
0.000000000000000000e+00
7.000000000000000000e+00
4.000000000000000000e+00
0.000000000000000000e+00
0.000000000000000000e+00
0.000000000000000000e+00
0.000000000000000000e+00
0.000000000000000000e+00
0.000000000000000000e+00
2.500000000000000000e+01
3.000000000000000000e+00
0.000000000000000000e+00
0.000000000000000000e+00
6.800000000000000000e+01
0.000000000000000000e+00
3.000000000000000000e+00
0.000000000000000000e+00
3.400000000000000000e+01
5.000000000000000000e+00
3.000000000000000000e+00
0.000000000000000000e+00
2.000000000000000000e+00
0.000000000000000000e+00
3.000000000000000000e+00
5.900000000000000000e+01
8.000000000000000000e+00
0.000000000000000000e+00
4.000000000000000000e+00
1.900000000000000000e+01
1.500000000000000000e+01
5.000000000000000000e+00
3.000000000000000000e+01
0.000000000000000000e+00
0.000000000000000000e+00
7.000000000000000000e+00
1.300000000000000000e+01
0.000000000000000000e+00
2.400000000000000000e+01
0.000000000000000000e+00
2.000000000000000000e+00
0.000000000000000000e+00
4.000000000000000000e+00
0.000000000000000000e+00
0.000000000000000000e+00
1.000000000000000000e+01
0.000000000000000000e+00
2.700000000000000000e+01
2.000000000000000000e+00
0.000000000000000000e+00
0.000000000000000000e+00
4.000000000000000000e+00
2.000000000000000000e+00
1.000000000000000000e+00
5.000000000000000000e+00
3.000000000000000000e+00
0.000000000000000000e+00
0.000000000000000000e+00
2.000000000000000000e+00
0.000000000000000000e+00
2.000000000000000000e+00
5.000000000000000000e+00
0.000000000000000000e+00
0.000000000000000000e+00
3.900000000000000000e+01
5.000000000000000000e+00
3.000000000000000000e+00
0.000000000000000000e+00
3.300000000000000000e+01
2.000000000000000000e+00
3.400000000000000000e+01
7.000000000000000000e+00
1.060000000000000000e+02
0.000000000000000000e+00
1.800000000000000000e+01
1.000000000000000000e+00
5.000000000000000000e+00
1.000000000000000000e+00
0.000000000000000000e+00
5.000000000000000000e+00
1.000000000000000000e+01
0.000000000000000000e+00
9.000000000000000000e+00
9.000000000000000000e+00
1.000000000000000000e+00
0.000000000000000000e+00
2.000000000000000000e+00
1.800000000000000000e+01
0.000000000000000000e+00
3.000000000000000000e+00
0.000000000000000000e+00
5.000000000000000000e+00
1.100000000000000000e+01
0.000000000000000000e+00
0.000000000000000000e+00
2.000000000000000000e+00
3.000000000000000000e+00
4.000000000000000000e+00
0.000000000000000000e+00
4.000000000000000000e+00
0.000000000000000000e+00
1.000000000000000000e+01
1.000000000000000000e+00
0.000000000000000000e+00
1.000000000000000000e+00
4.800000000000000000e+01
3.000000000000000000e+00
6.000000000000000000e+00
1.000000000000000000e+00
5.000000000000000000e+00
0.000000000000000000e+00
0.000000000000000000e+00
0.000000000000000000e+00
0.000000000000000000e+00
5.000000000000000000e+00
1.000000000000000000e+01
0.000000000000000000e+00
1.000000000000000000e+00
0.000000000000000000e+00
0.000000000000000000e+00
0.000000000000000000e+00
4.000000000000000000e+00
1.000000000000000000e+00
1.200000000000000000e+01
1.300000000000000000e+01
0.000000000000000000e+00
5.000000000000000000e+00
7.000000000000000000e+00
8.700000000000000000e+01
4.000000000000000000e+00
0.000000000000000000e+00
0.000000000000000000e+00
5.200000000000000000e+01
4.000000000000000000e+00
7.000000000000000000e+00
1.100000000000000000e+01
0.000000000000000000e+00
0.000000000000000000e+00
2.200000000000000000e+01
2.000000000000000000e+00
0.000000000000000000e+00
0.000000000000000000e+00
4.000000000000000000e+00
1.000000000000000000e+00
0.000000000000000000e+00
5.000000000000000000e+00
2.000000000000000000e+00
0.000000000000000000e+00
1.500000000000000000e+01
1.000000000000000000e+00
8.000000000000000000e+00
0.000000000000000000e+00
8.000000000000000000e+00
0.000000000000000000e+00
0.000000000000000000e+00
3.000000000000000000e+00
8.000000000000000000e+00
3.000000000000000000e+00
0.000000000000000000e+00
0.000000000000000000e+00
0.000000000000000000e+00
0.000000000000000000e+00
1.000000000000000000e+00
3.200000000000000000e+01
1.000000000000000000e+00
1.100000000000000000e+01
0.000000000000000000e+00
0.000000000000000000e+00
7.000000000000000000e+00
0.000000000000000000e+00
0.000000000000000000e+00
6.000000000000000000e+00
2.000000000000000000e+00
1.000000000000000000e+00
9.200000000000000000e+01
0.000000000000000000e+00
1.300000000000000000e+01
1.200000000000000000e+01
0.000000000000000000e+00
4.600000000000000000e+01
1.000000000000000000e+01
7.000000000000000000e+00
0.000000000000000000e+00
4.400000000000000000e+01
0.000000000000000000e+00
0.000000000000000000e+00
2.100000000000000000e+01
0.000000000000000000e+00
0.000000000000000000e+00
9.000000000000000000e+00
0.000000000000000000e+00
3.000000000000000000e+00
3.000000000000000000e+00
8.000000000000000000e+00
2.000000000000000000e+00
1.500000000000000000e+01
2.000000000000000000e+00
0.000000000000000000e+00
6.500000000000000000e+01
2.000000000000000000e+01
0.000000000000000000e+00
0.000000000000000000e+00
2.000000000000000000e+00
3.000000000000000000e+00
0.000000000000000000e+00
4.700000000000000000e+01
0.000000000000000000e+00
9.900000000000000000e+01
0.000000000000000000e+00
0.000000000000000000e+00
5.500000000000000000e+01
2.000000000000000000e+00
0.000000000000000000e+00
2.300000000000000000e+01
1.000000000000000000e+00
0.000000000000000000e+00
1.000000000000000000e+01
0.000000000000000000e+00
3.000000000000000000e+01
0.000000000000000000e+00
4.000000000000000000e+00
4.000000000000000000e+00
0.000000000000000000e+00
2.000000000000000000e+00
1.300000000000000000e+01
5.000000000000000000e+00
3.500000000000000000e+01
1.300000000000000000e+01
4.000000000000000000e+00
6.000000000000000000e+00
0.000000000000000000e+00
3.000000000000000000e+00
7.000000000000000000e+00
4.500000000000000000e+01
2.000000000000000000e+00
1.400000000000000000e+01
0.000000000000000000e+00
2.000000000000000000e+00
0.000000000000000000e+00
9.000000000000000000e+01
0.000000000000000000e+00
1.000000000000000000e+00
1.000000000000000000e+00
0.000000000000000000e+00
0.000000000000000000e+00
0.000000000000000000e+00
2.000000000000000000e+00
2.500000000000000000e+01
1.900000000000000000e+01
4.000000000000000000e+00
2.000000000000000000e+00
4.000000000000000000e+01
0.000000000000000000e+00
4.000000000000000000e+00
4.000000000000000000e+00
7.000000000000000000e+00
4.000000000000000000e+00
2.000000000000000000e+00
0.000000000000000000e+00
0.000000000000000000e+00
1.200000000000000000e+01
0.000000000000000000e+00
1.700000000000000000e+01
3.600000000000000000e+01
0.000000000000000000e+00
4.600000000000000000e+01
0.000000000000000000e+00
0.000000000000000000e+00
0.000000000000000000e+00
7.000000000000000000e+00
0.000000000000000000e+00
8.000000000000000000e+00
5.000000000000000000e+00
4.000000000000000000e+00
0.000000000000000000e+00
0.000000000000000000e+00
1.400000000000000000e+01
4.000000000000000000e+01
4.000000000000000000e+00
1.000000000000000000e+00
4.300000000000000000e+01
0.000000000000000000e+00
0.000000000000000000e+00
0.000000000000000000e+00
4.000000000000000000e+00
1.000000000000000000e+00
0.000000000000000000e+00
0.000000000000000000e+00
5.000000000000000000e+00
3.600000000000000000e+01
5.000000000000000000e+00
0.000000000000000000e+00
0.000000000000000000e+00
8.000000000000000000e+00
5.000000000000000000e+00
7.000000000000000000e+01
6.300000000000000000e+01
0.000000000000000000e+00
0.000000000000000000e+00
1.900000000000000000e+01
2.000000000000000000e+00
3.000000000000000000e+00
0.000000000000000000e+00
4.600000000000000000e+01
1.000000000000000000e+00
4.000000000000000000e+00
5.300000000000000000e+01
6.000000000000000000e+00
1.700000000000000000e+01
0.000000000000000000e+00
2.000000000000000000e+00
3.000000000000000000e+00
0.000000000000000000e+00
2.900000000000000000e+01
0.000000000000000000e+00
0.000000000000000000e+00
1.500000000000000000e+01
2.000000000000000000e+00
2.000000000000000000e+00
4.000000000000000000e+00
0.000000000000000000e+00
2.000000000000000000e+00
1.000000000000000000e+01
2.000000000000000000e+00
5.000000000000000000e+00
0.000000000000000000e+00
1.000000000000000000e+00
4.500000000000000000e+01
0.000000000000000000e+00
6.000000000000000000e+00
1.400000000000000000e+01
0.000000000000000000e+00
4.000000000000000000e+00
8.000000000000000000e+00
0.000000000000000000e+00
2.000000000000000000e+00
7.000000000000000000e+01
2.200000000000000000e+01
1.000000000000000000e+00
1.800000000000000000e+01
4.700000000000000000e+01
0.000000000000000000e+00
0.000000000000000000e+00
0.000000000000000000e+00
1.500000000000000000e+01
2.400000000000000000e+01
0.000000000000000000e+00
8.000000000000000000e+00
1.300000000000000000e+01
3.500000000000000000e+01
1.100000000000000000e+01
0.000000000000000000e+00
0.000000000000000000e+00
0.000000000000000000e+00
0.000000000000000000e+00
7.000000000000000000e+00
4.000000000000000000e+00
7.000000000000000000e+00
3.700000000000000000e+01
2.000000000000000000e+01
2.400000000000000000e+01
1.400000000000000000e+01
2.300000000000000000e+01
2.000000000000000000e+00
0.000000000000000000e+00
3.000000000000000000e+00
1.400000000000000000e+01
0.000000000000000000e+00
0.000000000000000000e+00
1.000000000000000000e+00
1.000000000000000000e+00
0.000000000000000000e+00
2.500000000000000000e+01
0.000000000000000000e+00
0.000000000000000000e+00
3.000000000000000000e+00
5.000000000000000000e+01
8.900000000000000000e+01
3.700000000000000000e+01
0.000000000000000000e+00
5.000000000000000000e+00
3.000000000000000000e+00
0.000000000000000000e+00
4.100000000000000000e+01
0.000000000000000000e+00
1.800000000000000000e+01
2.000000000000000000e+00
7.000000000000000000e+00
5.000000000000000000e+00
6.000000000000000000e+00
0.000000000000000000e+00
2.300000000000000000e+01
0.000000000000000000e+00
4.000000000000000000e+00
1.100000000000000000e+01
3.600000000000000000e+01
0.000000000000000000e+00
0.000000000000000000e+00
0.000000000000000000e+00
3.600000000000000000e+01
6.500000000000000000e+01
2.600000000000000000e+01
0.000000000000000000e+00
0.000000000000000000e+00
1.000000000000000000e+00
0.000000000000000000e+00
3.000000000000000000e+00
0.000000000000000000e+00
5.000000000000000000e+00
0.000000000000000000e+00
1.000000000000000000e+00
1.000000000000000000e+00
0.000000000000000000e+00
0.000000000000000000e+00
9.000000000000000000e+00
0.000000000000000000e+00
1.400000000000000000e+01
8.000000000000000000e+00
3.000000000000000000e+00
0.000000000000000000e+00
6.000000000000000000e+00
1.000000000000000000e+00
1.000000000000000000e+01
1.000000000000000000e+00
5.000000000000000000e+00
1.800000000000000000e+01
0.000000000000000000e+00
0.000000000000000000e+00
5.000000000000000000e+00
0.000000000000000000e+00
0.000000000000000000e+00
2.000000000000000000e+00
2.000000000000000000e+00
6.000000000000000000e+00
1.000000000000000000e+01
3.000000000000000000e+00
1.000000000000000000e+00
1.000000000000000000e+00
6.000000000000000000e+00
2.000000000000000000e+00
1.300000000000000000e+01
1.000000000000000000e+00
3.000000000000000000e+00
0.000000000000000000e+00
1.000000000000000000e+00
0.000000000000000000e+00
3.000000000000000000e+00
5.100000000000000000e+01
4.300000000000000000e+01
1.000000000000000000e+00
0.000000000000000000e+00
0.000000000000000000e+00
1.300000000000000000e+01
1.600000000000000000e+01
3.400000000000000000e+01
1.000000000000000000e+00
1.000000000000000000e+01
2.800000000000000000e+01
1.000000000000000000e+00
0.000000000000000000e+00
4.200000000000000000e+01
7.000000000000000000e+00
0.000000000000000000e+00
2.000000000000000000e+00
5.000000000000000000e+00
8.000000000000000000e+00
2.000000000000000000e+00
6.000000000000000000e+00
0.000000000000000000e+00
4.900000000000000000e+01
1.000000000000000000e+00
1.000000000000000000e+00
4.000000000000000000e+00
0.000000000000000000e+00
0.000000000000000000e+00
9.000000000000000000e+00
7.000000000000000000e+00
2.000000000000000000e+00
0.000000000000000000e+00
2.200000000000000000e+01
4.000000000000000000e+00
1.500000000000000000e+01
4.000000000000000000e+00
0.000000000000000000e+00
0.000000000000000000e+00
0.000000000000000000e+00
2.000000000000000000e+00
5.000000000000000000e+00
1.000000000000000000e+00
3.400000000000000000e+01
0.000000000000000000e+00
3.000000000000000000e+00
9.000000000000000000e+00
2.000000000000000000e+00
0.000000000000000000e+00
0.000000000000000000e+00
4.000000000000000000e+00
0.000000000000000000e+00
6.000000000000000000e+00
0.000000000000000000e+00
1.000000000000000000e+00
5.000000000000000000e+00
8.000000000000000000e+00
9.000000000000000000e+00
1.000000000000000000e+00
0.000000000000000000e+00
0.000000000000000000e+00
4.100000000000000000e+01
1.000000000000000000e+01
0.000000000000000000e+00
1.100000000000000000e+01
0.000000000000000000e+00
0.000000000000000000e+00
9.000000000000000000e+00
3.400000000000000000e+01
0.000000000000000000e+00
1.000000000000000000e+01
0.000000000000000000e+00
2.000000000000000000e+00
1.000000000000000000e+01
2.300000000000000000e+01
6.000000000000000000e+01
0.000000000000000000e+00
3.000000000000000000e+00
0.000000000000000000e+00
6.000000000000000000e+00
9.600000000000000000e+01
5.000000000000000000e+01
2.000000000000000000e+00
3.000000000000000000e+00
0.000000000000000000e+00
7.000000000000000000e+00
0.000000000000000000e+00
5.000000000000000000e+00
7.000000000000000000e+01
2.300000000000000000e+01
6.000000000000000000e+00
5.000000000000000000e+00
4.100000000000000000e+01
0.000000000000000000e+00
1.000000000000000000e+00
8.000000000000000000e+00
0.000000000000000000e+00
0.000000000000000000e+00
7.000000000000000000e+00
0.000000000000000000e+00
2.000000000000000000e+00
2.000000000000000000e+00
2.000000000000000000e+00
0.000000000000000000e+00
0.000000000000000000e+00
0.000000000000000000e+00
0.000000000000000000e+00
0.000000000000000000e+00
1.600000000000000000e+01
1.000000000000000000e+00
4.000000000000000000e+00
0.000000000000000000e+00
0.000000000000000000e+00
8.000000000000000000e+00
0.000000000000000000e+00
1.040000000000000000e+02
6.100000000000000000e+01
1.300000000000000000e+01
3.100000000000000000e+01
5.000000000000000000e+00
0.000000000000000000e+00
0.000000000000000000e+00
1.400000000000000000e+01
2.000000000000000000e+00
0.000000000000000000e+00
0.000000000000000000e+00
2.000000000000000000e+00
0.000000000000000000e+00
5.800000000000000000e+01
0.000000000000000000e+00
0.000000000000000000e+00
0.000000000000000000e+00
4.100000000000000000e+01
0.000000000000000000e+00
0.000000000000000000e+00
2.000000000000000000e+00
2.900000000000000000e+01
0.000000000000000000e+00
4.000000000000000000e+00
0.000000000000000000e+00
0.000000000000000000e+00
0.000000000000000000e+00
1.000000000000000000e+00
3.200000000000000000e+01
2.900000000000000000e+01
0.000000000000000000e+00
1.000000000000000000e+00
4.000000000000000000e+01
0.000000000000000000e+00
0.000000000000000000e+00
1.700000000000000000e+01
1.000000000000000000e+00
0.000000000000000000e+00
1.000000000000000000e+00
0.000000000000000000e+00
0.000000000000000000e+00
0.000000000000000000e+00
3.700000000000000000e+01
6.000000000000000000e+00
0.000000000000000000e+00
3.000000000000000000e+00
3.000000000000000000e+00
2.000000000000000000e+00
1.000000000000000000e+00
9.000000000000000000e+00
4.000000000000000000e+00
0.000000000000000000e+00
4.000000000000000000e+00
4.700000000000000000e+01
0.000000000000000000e+00
4.000000000000000000e+00
5.000000000000000000e+00
1.200000000000000000e+01
0.000000000000000000e+00
0.000000000000000000e+00
0.000000000000000000e+00
9.000000000000000000e+00
0.000000000000000000e+00
2.000000000000000000e+00
8.200000000000000000e+01
5.000000000000000000e+01
1.900000000000000000e+01
0.000000000000000000e+00
0.000000000000000000e+00
0.000000000000000000e+00
3.100000000000000000e+01
7.500000000000000000e+01
3.000000000000000000e+00
2.000000000000000000e+00
1.000000000000000000e+01
0.000000000000000000e+00
5.500000000000000000e+01
1.700000000000000000e+01
0.000000000000000000e+00
8.000000000000000000e+00
3.000000000000000000e+01
4.000000000000000000e+00
0.000000000000000000e+00
2.000000000000000000e+00
6.000000000000000000e+00
2.300000000000000000e+01
0.000000000000000000e+00
2.800000000000000000e+01
7.000000000000000000e+00
1.900000000000000000e+01
0.000000000000000000e+00
1.000000000000000000e+00
0.000000000000000000e+00
0.000000000000000000e+00
0.000000000000000000e+00
0.000000000000000000e+00
2.000000000000000000e+00
0.000000000000000000e+00
3.100000000000000000e+01
1.900000000000000000e+01
0.000000000000000000e+00
6.000000000000000000e+00
2.500000000000000000e+01
2.000000000000000000e+00
2.000000000000000000e+00
3.000000000000000000e+00
8.500000000000000000e+01
3.100000000000000000e+01
3.800000000000000000e+01
0.000000000000000000e+00
0.000000000000000000e+00
0.000000000000000000e+00
1.800000000000000000e+01
9.000000000000000000e+00
1.600000000000000000e+01
0.000000000000000000e+00
4.000000000000000000e+00
0.000000000000000000e+00
8.000000000000000000e+00
4.300000000000000000e+01
0.000000000000000000e+00
0.000000000000000000e+00
1.400000000000000000e+01
0.000000000000000000e+00
1.700000000000000000e+01
3.300000000000000000e+01
9.000000000000000000e+00
0.000000000000000000e+00
0.000000000000000000e+00
3.000000000000000000e+00
0.000000000000000000e+00
4.000000000000000000e+00
3.000000000000000000e+00
1.600000000000000000e+01
2.000000000000000000e+00
1.000000000000000000e+00
0.000000000000000000e+00
7.100000000000000000e+01
1.600000000000000000e+01
5.000000000000000000e+00
0.000000000000000000e+00
0.000000000000000000e+00
0.000000000000000000e+00
0.000000000000000000e+00
0.000000000000000000e+00
1.000000000000000000e+00
0.000000000000000000e+00
0.000000000000000000e+00
2.000000000000000000e+00
0.000000000000000000e+00
9.000000000000000000e+00
0.000000000000000000e+00
1.900000000000000000e+01
2.000000000000000000e+00
2.000000000000000000e+00
4.000000000000000000e+00
1.900000000000000000e+01
6.000000000000000000e+00
7.000000000000000000e+00
0.000000000000000000e+00
1.000000000000000000e+00
2.000000000000000000e+00
7.000000000000000000e+00
4.000000000000000000e+00
1.700000000000000000e+01
6.000000000000000000e+00
2.000000000000000000e+00
1.000000000000000000e+01
0.000000000000000000e+00
0.000000000000000000e+00
0.000000000000000000e+00
0.000000000000000000e+00
1.710000000000000000e+02
4.000000000000000000e+00
2.000000000000000000e+00
1.000000000000000000e+00
0.000000000000000000e+00
0.000000000000000000e+00
3.000000000000000000e+00
6.000000000000000000e+00
1.000000000000000000e+01
1.800000000000000000e+01
0.000000000000000000e+00
6.000000000000000000e+00
0.000000000000000000e+00
5.000000000000000000e+00
3.000000000000000000e+00
6.600000000000000000e+01
0.000000000000000000e+00
1.000000000000000000e+00
0.000000000000000000e+00
5.000000000000000000e+00
0.000000000000000000e+00
5.000000000000000000e+00
5.000000000000000000e+00
0.000000000000000000e+00
1.700000000000000000e+01
2.000000000000000000e+00
0.000000000000000000e+00
0.000000000000000000e+00
1.400000000000000000e+01
2.000000000000000000e+00
0.000000000000000000e+00
2.000000000000000000e+00
2.100000000000000000e+01
0.000000000000000000e+00
1.000000000000000000e+00
0.000000000000000000e+00
3.400000000000000000e+01
1.000000000000000000e+00
5.200000000000000000e+01
3.600000000000000000e+01
1.100000000000000000e+02
2.800000000000000000e+01
0.000000000000000000e+00
0.000000000000000000e+00
1.000000000000000000e+01
0.000000000000000000e+00
0.000000000000000000e+00
2.000000000000000000e+00
8.100000000000000000e+01
1.700000000000000000e+01
5.200000000000000000e+01
4.000000000000000000e+00
5.000000000000000000e+00
3.000000000000000000e+00
0.000000000000000000e+00
1.800000000000000000e+01
0.000000000000000000e+00
4.400000000000000000e+01
0.000000000000000000e+00
5.000000000000000000e+00
4.500000000000000000e+01
1.030000000000000000e+02
7.000000000000000000e+00
1.000000000000000000e+00
4.000000000000000000e+00
9.000000000000000000e+00
0.000000000000000000e+00
2.600000000000000000e+01
0.000000000000000000e+00
1.000000000000000000e+00
0.000000000000000000e+00
2.800000000000000000e+01
1.000000000000000000e+00
1.300000000000000000e+01
3.800000000000000000e+01
3.000000000000000000e+00
3.000000000000000000e+00
1.000000000000000000e+00
0.000000000000000000e+00
0.000000000000000000e+00
0.000000000000000000e+00
6.300000000000000000e+01
0.000000000000000000e+00
0.000000000000000000e+00
5.000000000000000000e+00
0.000000000000000000e+00
0.000000000000000000e+00
0.000000000000000000e+00
0.000000000000000000e+00
0.000000000000000000e+00
2.000000000000000000e+00
0.000000000000000000e+00
5.000000000000000000e+00
1.600000000000000000e+01
0.000000000000000000e+00
9.000000000000000000e+00
0.000000000000000000e+00
0.000000000000000000e+00
1.100000000000000000e+01
0.000000000000000000e+00
0.000000000000000000e+00
0.000000000000000000e+00
1.000000000000000000e+01
1.100000000000000000e+01
1.500000000000000000e+01
0.000000000000000000e+00
1.000000000000000000e+00
4.000000000000000000e+00
0.000000000000000000e+00
2.000000000000000000e+00
0.000000000000000000e+00
6.500000000000000000e+01
0.000000000000000000e+00
0.000000000000000000e+00
0.000000000000000000e+00
0.000000000000000000e+00
1.000000000000000000e+01
0.000000000000000000e+00
4.200000000000000000e+01
0.000000000000000000e+00
2.000000000000000000e+00
0.000000000000000000e+00
0.000000000000000000e+00
3.700000000000000000e+01
0.000000000000000000e+00
2.000000000000000000e+00
2.100000000000000000e+01
9.000000000000000000e+00
3.000000000000000000e+00
0.000000000000000000e+00
0.000000000000000000e+00
1.400000000000000000e+01
2.800000000000000000e+01
0.000000000000000000e+00
0.000000000000000000e+00
6.600000000000000000e+01
4.000000000000000000e+00
0.000000000000000000e+00
3.300000000000000000e+01
0.000000000000000000e+00
1.290000000000000000e+02
0.000000000000000000e+00
0.000000000000000000e+00
5.600000000000000000e+01
3.900000000000000000e+01
4.000000000000000000e+00
1.800000000000000000e+01
2.000000000000000000e+00
1.200000000000000000e+01
9.000000000000000000e+00
3.000000000000000000e+00
7.000000000000000000e+00
8.000000000000000000e+00
9.000000000000000000e+00
0.000000000000000000e+00
3.000000000000000000e+00
1.500000000000000000e+01
0.000000000000000000e+00
2.000000000000000000e+00
4.000000000000000000e+00
0.000000000000000000e+00
6.000000000000000000e+00
1.500000000000000000e+01
3.000000000000000000e+00
5.300000000000000000e+01
3.000000000000000000e+01
0.000000000000000000e+00
0.000000000000000000e+00
6.000000000000000000e+00
3.000000000000000000e+00
2.000000000000000000e+00
2.700000000000000000e+01
2.400000000000000000e+01
3.000000000000000000e+00
0.000000000000000000e+00
0.000000000000000000e+00
0.000000000000000000e+00
3.000000000000000000e+00
1.200000000000000000e+01
0.000000000000000000e+00
0.000000000000000000e+00
1.700000000000000000e+01
2.000000000000000000e+00
3.600000000000000000e+01
3.000000000000000000e+00
2.000000000000000000e+00
9.000000000000000000e+00
4.400000000000000000e+01
0.000000000000000000e+00
8.000000000000000000e+00
3.000000000000000000e+00
0.000000000000000000e+00
0.000000000000000000e+00
0.000000000000000000e+00
0.000000000000000000e+00
2.000000000000000000e+01
6.700000000000000000e+01
0.000000000000000000e+00
1.800000000000000000e+01
0.000000000000000000e+00
0.000000000000000000e+00
1.010000000000000000e+02
1.600000000000000000e+01
1.400000000000000000e+01
3.300000000000000000e+01
3.000000000000000000e+00
9.000000000000000000e+00
3.800000000000000000e+01
7.000000000000000000e+00
4.000000000000000000e+01
0.000000000000000000e+00
1.000000000000000000e+00
2.700000000000000000e+01
1.000000000000000000e+00
1.000000000000000000e+00
2.900000000000000000e+01
1.200000000000000000e+01
4.000000000000000000e+00
0.000000000000000000e+00
1.280000000000000000e+02
1.800000000000000000e+01
4.000000000000000000e+00
7.000000000000000000e+00
1.500000000000000000e+01
3.000000000000000000e+00
5.000000000000000000e+00
1.000000000000000000e+00
0.000000000000000000e+00
0.000000000000000000e+00
0.000000000000000000e+00
1.000000000000000000e+00
4.000000000000000000e+00
0.000000000000000000e+00
0.000000000000000000e+00
0.000000000000000000e+00
1.000000000000000000e+00
0.000000000000000000e+00
2.500000000000000000e+01
5.000000000000000000e+00
1.100000000000000000e+01
2.000000000000000000e+00
0.000000000000000000e+00
0.000000000000000000e+00
7.900000000000000000e+01
0.000000000000000000e+00
1.800000000000000000e+01
0.000000000000000000e+00
4.000000000000000000e+00
0.000000000000000000e+00
7.000000000000000000e+00
1.420000000000000000e+02
0.000000000000000000e+00
2.000000000000000000e+00
7.000000000000000000e+00
2.000000000000000000e+00
0.000000000000000000e+00
1.700000000000000000e+01
3.000000000000000000e+00
2.000000000000000000e+00
3.400000000000000000e+01
2.000000000000000000e+00
0.000000000000000000e+00
1.400000000000000000e+01
2.600000000000000000e+01
1.200000000000000000e+01
0.000000000000000000e+00
0.000000000000000000e+00
0.000000000000000000e+00
2.000000000000000000e+00
0.000000000000000000e+00
0.000000000000000000e+00
4.000000000000000000e+00
2.200000000000000000e+01
2.100000000000000000e+01
0.000000000000000000e+00
2.000000000000000000e+01
4.000000000000000000e+00
0.000000000000000000e+00
0.000000000000000000e+00
0.000000000000000000e+00
0.000000000000000000e+00
9.500000000000000000e+01
0.000000000000000000e+00
2.000000000000000000e+00
0.000000000000000000e+00
4.000000000000000000e+00
3.000000000000000000e+00
5.000000000000000000e+00
7.000000000000000000e+00
1.300000000000000000e+01
2.000000000000000000e+00
7.000000000000000000e+00
3.000000000000000000e+00
3.000000000000000000e+00
1.000000000000000000e+00
2.000000000000000000e+00
0.000000000000000000e+00
0.000000000000000000e+00
0.000000000000000000e+00
3.000000000000000000e+00
2.600000000000000000e+01
2.400000000000000000e+01
0.000000000000000000e+00
0.000000000000000000e+00
7.000000000000000000e+00
7.700000000000000000e+01
1.800000000000000000e+01
0.000000000000000000e+00
1.100000000000000000e+01
2.000000000000000000e+00
0.000000000000000000e+00
0.000000000000000000e+00
5.400000000000000000e+01
1.200000000000000000e+02
3.000000000000000000e+01
4.000000000000000000e+01
2.000000000000000000e+00
1.400000000000000000e+01
0.000000000000000000e+00
0.000000000000000000e+00
0.000000000000000000e+00
7.500000000000000000e+01
3.900000000000000000e+01
1.100000000000000000e+01
3.700000000000000000e+01
1.570000000000000000e+02
0.000000000000000000e+00
2.000000000000000000e+01
0.000000000000000000e+00
1.100000000000000000e+01
1.600000000000000000e+01
7.000000000000000000e+00
1.300000000000000000e+01
5.000000000000000000e+00
0.000000000000000000e+00
1.100000000000000000e+01
3.110000000000000000e+02
6.000000000000000000e+00
1.000000000000000000e+00
1.000000000000000000e+01
0.000000000000000000e+00
2.600000000000000000e+01
0.000000000000000000e+00
0.000000000000000000e+00
4.000000000000000000e+00
5.000000000000000000e+01
2.700000000000000000e+01
8.900000000000000000e+01
0.000000000000000000e+00
1.030000000000000000e+02
2.000000000000000000e+00
0.000000000000000000e+00
0.000000000000000000e+00
6.000000000000000000e+00
1.100000000000000000e+01
2.200000000000000000e+01
5.800000000000000000e+01
0.000000000000000000e+00
0.000000000000000000e+00
0.000000000000000000e+00
1.600000000000000000e+01
0.000000000000000000e+00
0.000000000000000000e+00
7.000000000000000000e+00
0.000000000000000000e+00
6.000000000000000000e+00
7.000000000000000000e+01
7.000000000000000000e+00
3.000000000000000000e+00
0.000000000000000000e+00
6.000000000000000000e+00
1.700000000000000000e+01
2.000000000000000000e+02
1.000000000000000000e+00
0.000000000000000000e+00
2.600000000000000000e+01
1.000000000000000000e+00
0.000000000000000000e+00
3.000000000000000000e+00
0.000000000000000000e+00
0.000000000000000000e+00
3.000000000000000000e+01
0.000000000000000000e+00
2.000000000000000000e+00
1.000000000000000000e+01
1.600000000000000000e+01
4.200000000000000000e+01
0.000000000000000000e+00
0.000000000000000000e+00
0.000000000000000000e+00
2.000000000000000000e+00
2.700000000000000000e+01
0.000000000000000000e+00
6.000000000000000000e+00
0.000000000000000000e+00
3.000000000000000000e+00
7.000000000000000000e+00
0.000000000000000000e+00
0.000000000000000000e+00
4.500000000000000000e+01
0.000000000000000000e+00
6.000000000000000000e+00
1.000000000000000000e+00
1.900000000000000000e+01
3.400000000000000000e+01
5.000000000000000000e+00
2.000000000000000000e+01
5.000000000000000000e+00
1.100000000000000000e+01
5.000000000000000000e+00
1.400000000000000000e+01
2.100000000000000000e+01
5.000000000000000000e+00
3.100000000000000000e+01
1.800000000000000000e+01
4.000000000000000000e+00
3.700000000000000000e+01
0.000000000000000000e+00
6.300000000000000000e+01
6.600000000000000000e+01
3.000000000000000000e+00
3.400000000000000000e+01
3.000000000000000000e+00
2.000000000000000000e+00
0.000000000000000000e+00
5.000000000000000000e+00
8.000000000000000000e+00
1.000000000000000000e+00
5.800000000000000000e+01
0.000000000000000000e+00
1.000000000000000000e+00
9.000000000000000000e+00
0.000000000000000000e+00
1.000000000000000000e+00
1.600000000000000000e+01
0.000000000000000000e+00
6.000000000000000000e+00
5.680000000000000000e+02
3.000000000000000000e+00
6.000000000000000000e+00
2.000000000000000000e+00
0.000000000000000000e+00
5.000000000000000000e+01
0.000000000000000000e+00
0.000000000000000000e+00
7.200000000000000000e+01
1.100000000000000000e+01
2.000000000000000000e+00
0.000000000000000000e+00
2.000000000000000000e+00
9.000000000000000000e+00
1.000000000000000000e+01
0.000000000000000000e+00
7.000000000000000000e+00
8.000000000000000000e+00
6.000000000000000000e+00
6.700000000000000000e+01
3.000000000000000000e+01
0.000000000000000000e+00
1.210000000000000000e+02
9.000000000000000000e+00
2.000000000000000000e+00
4.300000000000000000e+01
7.000000000000000000e+00
0.000000000000000000e+00
0.000000000000000000e+00
2.000000000000000000e+00
2.500000000000000000e+01
1.300000000000000000e+01
0.000000000000000000e+00
1.300000000000000000e+01
0.000000000000000000e+00
0.000000000000000000e+00
2.000000000000000000e+00
0.000000000000000000e+00
0.000000000000000000e+00
3.000000000000000000e+00
3.100000000000000000e+01
0.000000000000000000e+00
2.000000000000000000e+00
2.000000000000000000e+00
8.900000000000000000e+01
5.000000000000000000e+00
0.000000000000000000e+00
2.900000000000000000e+01
2.000000000000000000e+00
0.000000000000000000e+00
0.000000000000000000e+00
0.000000000000000000e+00
6.000000000000000000e+00
0.000000000000000000e+00
0.000000000000000000e+00
0.000000000000000000e+00
1.000000000000000000e+00
2.900000000000000000e+01
1.000000000000000000e+02
0.000000000000000000e+00
0.000000000000000000e+00
8.000000000000000000e+00
2.000000000000000000e+00
1.280000000000000000e+02
5.000000000000000000e+00
4.000000000000000000e+00
0.000000000000000000e+00
1.200000000000000000e+01
8.000000000000000000e+00
1.200000000000000000e+01
1.500000000000000000e+01
1.130000000000000000e+02
7.000000000000000000e+00
0.000000000000000000e+00
0.000000000000000000e+00
1.400000000000000000e+01
5.000000000000000000e+00
0.000000000000000000e+00
5.000000000000000000e+00
9.300000000000000000e+01
1.500000000000000000e+01
1.030000000000000000e+02
3.000000000000000000e+00
0.000000000000000000e+00
0.000000000000000000e+00
1.000000000000000000e+01
1.000000000000000000e+00
2.700000000000000000e+01
3.000000000000000000e+00
0.000000000000000000e+00
2.200000000000000000e+01
0.000000000000000000e+00
4.600000000000000000e+01
4.000000000000000000e+00
1.000000000000000000e+00
7.000000000000000000e+00
1.400000000000000000e+01
1.700000000000000000e+01
8.800000000000000000e+01
1.800000000000000000e+01
2.800000000000000000e+01
7.000000000000000000e+01
6.000000000000000000e+00
8.000000000000000000e+00
0.000000000000000000e+00
5.000000000000000000e+00
8.500000000000000000e+01
0.000000000000000000e+00
0.000000000000000000e+00
1.000000000000000000e+00
1.700000000000000000e+01
0.000000000000000000e+00
2.300000000000000000e+01
8.000000000000000000e+00
1.100000000000000000e+01
7.000000000000000000e+00
0.000000000000000000e+00
0.000000000000000000e+00
0.000000000000000000e+00
2.900000000000000000e+01
5.900000000000000000e+01
0.000000000000000000e+00
1.000000000000000000e+00
1.080000000000000000e+02
9.000000000000000000e+00
6.200000000000000000e+01
2.000000000000000000e+00
1.200000000000000000e+01
0.000000000000000000e+00
9.200000000000000000e+01
9.000000000000000000e+00
0.000000000000000000e+00
5.400000000000000000e+01
2.100000000000000000e+01
8.900000000000000000e+01
5.800000000000000000e+01
0.000000000000000000e+00
0.000000000000000000e+00
4.800000000000000000e+01
9.000000000000000000e+00
2.500000000000000000e+01
0.000000000000000000e+00
9.000000000000000000e+00
3.000000000000000000e+00
1.000000000000000000e+00
0.000000000000000000e+00
1.200000000000000000e+01
0.000000000000000000e+00
1.600000000000000000e+01
1.150000000000000000e+02
1.600000000000000000e+01
1.200000000000000000e+01
0.000000000000000000e+00
0.000000000000000000e+00
2.000000000000000000e+00
0.000000000000000000e+00
0.000000000000000000e+00
1.000000000000000000e+02
2.000000000000000000e+00
1.600000000000000000e+01
5.400000000000000000e+01
5.000000000000000000e+00
2.000000000000000000e+00
1.000000000000000000e+00
2.000000000000000000e+01
0.000000000000000000e+00
2.900000000000000000e+01
0.000000000000000000e+00
8.000000000000000000e+00
0.000000000000000000e+00
1.300000000000000000e+02
7.000000000000000000e+00
0.000000000000000000e+00
5.000000000000000000e+00
2.800000000000000000e+01
0.000000000000000000e+00
0.000000000000000000e+00
1.800000000000000000e+01
6.000000000000000000e+00
0.000000000000000000e+00
2.300000000000000000e+01
0.000000000000000000e+00
4.000000000000000000e+00
4.000000000000000000e+00
8.000000000000000000e+00
0.000000000000000000e+00
9.000000000000000000e+00
9.000000000000000000e+00
9.000000000000000000e+00
6.000000000000000000e+00
0.000000000000000000e+00
0.000000000000000000e+00
3.000000000000000000e+00
6.000000000000000000e+00
2.200000000000000000e+01
0.000000000000000000e+00
3.000000000000000000e+00
0.000000000000000000e+00
0.000000000000000000e+00
1.000000000000000000e+01
3.000000000000000000e+00
0.000000000000000000e+00
3.800000000000000000e+01
1.600000000000000000e+01
1.100000000000000000e+01
2.000000000000000000e+00
1.500000000000000000e+01
0.000000000000000000e+00
8.000000000000000000e+00
9.700000000000000000e+01
1.000000000000000000e+00
0.000000000000000000e+00
4.000000000000000000e+00
5.900000000000000000e+01
0.000000000000000000e+00
2.000000000000000000e+00
1.100000000000000000e+01
2.600000000000000000e+01
0.000000000000000000e+00
2.900000000000000000e+01
6.900000000000000000e+01
8.700000000000000000e+01
4.600000000000000000e+01
0.000000000000000000e+00
2.500000000000000000e+01
1.000000000000000000e+00
0.000000000000000000e+00
0.000000000000000000e+00
0.000000000000000000e+00
0.000000000000000000e+00
1.100000000000000000e+01
1.660000000000000000e+02
1.500000000000000000e+01
1.570000000000000000e+02
0.000000000000000000e+00
1.800000000000000000e+01
0.000000000000000000e+00
6.000000000000000000e+00
2.000000000000000000e+00
0.000000000000000000e+00
0.000000000000000000e+00
4.000000000000000000e+00
2.600000000000000000e+01
1.000000000000000000e+00
2.100000000000000000e+01
9.000000000000000000e+00
4.000000000000000000e+00
1.100000000000000000e+01
3.000000000000000000e+00
0.000000000000000000e+00
2.000000000000000000e+00
4.000000000000000000e+00
2.000000000000000000e+00
8.000000000000000000e+00
0.000000000000000000e+00
3.000000000000000000e+00
2.300000000000000000e+01
2.300000000000000000e+01
3.000000000000000000e+00
4.000000000000000000e+00
4.000000000000000000e+00
3.000000000000000000e+00
0.000000000000000000e+00
2.000000000000000000e+00
1.200000000000000000e+01
0.000000000000000000e+00
1.000000000000000000e+00
1.890000000000000000e+02
0.000000000000000000e+00
0.000000000000000000e+00
4.000000000000000000e+00
2.000000000000000000e+00
1.900000000000000000e+01
5.100000000000000000e+01
1.200000000000000000e+02
3.000000000000000000e+00
0.000000000000000000e+00
0.000000000000000000e+00
3.000000000000000000e+00
2.000000000000000000e+01
0.000000000000000000e+00
2.000000000000000000e+00
0.000000000000000000e+00
0.000000000000000000e+00
4.000000000000000000e+00
2.000000000000000000e+00
1.000000000000000000e+00
7.000000000000000000e+00
6.500000000000000000e+01
0.000000000000000000e+00
3.600000000000000000e+01
1.280000000000000000e+02
0.000000000000000000e+00
0.000000000000000000e+00
4.000000000000000000e+00
5.200000000000000000e+01
2.000000000000000000e+00
1.960000000000000000e+02
0.000000000000000000e+00
0.000000000000000000e+00
0.000000000000000000e+00
0.000000000000000000e+00
1.150000000000000000e+02
2.300000000000000000e+01
2.000000000000000000e+02
1.280000000000000000e+02
4.000000000000000000e+00
1.140000000000000000e+02
4.000000000000000000e+00
1.400000000000000000e+01
9.000000000000000000e+00
0.000000000000000000e+00
1.000000000000000000e+01
2.100000000000000000e+01
1.000000000000000000e+00
4.600000000000000000e+01
3.000000000000000000e+01
0.000000000000000000e+00
3.000000000000000000e+00
0.000000000000000000e+00
2.900000000000000000e+01
0.000000000000000000e+00
0.000000000000000000e+00
2.000000000000000000e+00
5.500000000000000000e+01
0.000000000000000000e+00
0.000000000000000000e+00
1.050000000000000000e+02
3.000000000000000000e+00
2.000000000000000000e+00
3.000000000000000000e+00
0.000000000000000000e+00
0.000000000000000000e+00
0.000000000000000000e+00
3.000000000000000000e+01
9.000000000000000000e+00
4.000000000000000000e+00
0.000000000000000000e+00
0.000000000000000000e+00
1.600000000000000000e+01
3.000000000000000000e+00
0.000000000000000000e+00
0.000000000000000000e+00
3.000000000000000000e+00
0.000000000000000000e+00
6.000000000000000000e+00
0.000000000000000000e+00
0.000000000000000000e+00
6.000000000000000000e+00
5.000000000000000000e+00
0.000000000000000000e+00
1.400000000000000000e+01
0.000000000000000000e+00
0.000000000000000000e+00
1.000000000000000000e+00
0.000000000000000000e+00
0.000000000000000000e+00
4.000000000000000000e+00
4.800000000000000000e+01
1.700000000000000000e+01
5.000000000000000000e+00
1.000000000000000000e+00
0.000000000000000000e+00
0.000000000000000000e+00
1.400000000000000000e+01
6.000000000000000000e+00
2.500000000000000000e+01
4.000000000000000000e+00
0.000000000000000000e+00
8.000000000000000000e+00
4.200000000000000000e+01
1.000000000000000000e+00
0.000000000000000000e+00
1.700000000000000000e+01
5.860000000000000000e+02
8.000000000000000000e+00
2.000000000000000000e+00
2.000000000000000000e+00
1.000000000000000000e+01
2.450000000000000000e+02
0.000000000000000000e+00
7.000000000000000000e+00
5.000000000000000000e+00
0.000000000000000000e+00
1.600000000000000000e+01
0.000000000000000000e+00
2.000000000000000000e+00
6.000000000000000000e+00
0.000000000000000000e+00
1.400000000000000000e+01
0.000000000000000000e+00
1.300000000000000000e+01
3.300000000000000000e+01
6.500000000000000000e+01
3.000000000000000000e+00
4.000000000000000000e+00
5.000000000000000000e+00
1.000000000000000000e+00
1.310000000000000000e+02
0.000000000000000000e+00
0.000000000000000000e+00
1.000000000000000000e+00
1.200000000000000000e+01
0.000000000000000000e+00
0.000000000000000000e+00
3.400000000000000000e+01
0.000000000000000000e+00
2.100000000000000000e+01
1.000000000000000000e+01
2.850000000000000000e+02
2.000000000000000000e+00
0.000000000000000000e+00
3.300000000000000000e+01
1.000000000000000000e+01
0.000000000000000000e+00
1.400000000000000000e+01
1.200000000000000000e+01
2.300000000000000000e+01
3.000000000000000000e+00
1.300000000000000000e+01
2.000000000000000000e+00
3.000000000000000000e+00
1.500000000000000000e+01
0.000000000000000000e+00
2.800000000000000000e+01
2.700000000000000000e+01
0.000000000000000000e+00
0.000000000000000000e+00
7.000000000000000000e+00
1.000000000000000000e+00
0.000000000000000000e+00
4.000000000000000000e+00
1.000000000000000000e+00
4.100000000000000000e+01
0.000000000000000000e+00
9.000000000000000000e+00
3.500000000000000000e+01
0.000000000000000000e+00
3.000000000000000000e+00
7.000000000000000000e+00
0.000000000000000000e+00
7.000000000000000000e+00
0.000000000000000000e+00
0.000000000000000000e+00
1.110000000000000000e+02
7.700000000000000000e+01
3.000000000000000000e+01
3.700000000000000000e+01
4.000000000000000000e+00
1.330000000000000000e+02
2.000000000000000000e+01
1.120000000000000000e+02
0.000000000000000000e+00
0.000000000000000000e+00
7.000000000000000000e+00
1.000000000000000000e+01
0.000000000000000000e+00
0.000000000000000000e+00
0.000000000000000000e+00
0.000000000000000000e+00
0.000000000000000000e+00
1.400000000000000000e+01
3.000000000000000000e+00
1.320000000000000000e+02
1.000000000000000000e+01
2.400000000000000000e+01
0.000000000000000000e+00
2.000000000000000000e+00
0.000000000000000000e+00
8.000000000000000000e+00
1.000000000000000000e+00
3.800000000000000000e+01
0.000000000000000000e+00
0.000000000000000000e+00
4.800000000000000000e+01
0.000000000000000000e+00
8.000000000000000000e+00
1.000000000000000000e+00
1.000000000000000000e+00
0.000000000000000000e+00
0.000000000000000000e+00
3.000000000000000000e+00
1.500000000000000000e+01
5.000000000000000000e+00
7.000000000000000000e+00
0.000000000000000000e+00
1.000000000000000000e+00
2.300000000000000000e+01
8.000000000000000000e+00
1.900000000000000000e+01
0.000000000000000000e+00
2.600000000000000000e+01
0.000000000000000000e+00
2.100000000000000000e+01
2.000000000000000000e+00
0.000000000000000000e+00
0.000000000000000000e+00
4.200000000000000000e+01
0.000000000000000000e+00
0.000000000000000000e+00
5.000000000000000000e+00
1.510000000000000000e+02
6.000000000000000000e+01
1.000000000000000000e+00
2.000000000000000000e+00
4.000000000000000000e+00
3.700000000000000000e+01
1.000000000000000000e+00
7.400000000000000000e+01
2.000000000000000000e+00
5.000000000000000000e+00
1.250000000000000000e+02
1.100000000000000000e+01
1.600000000000000000e+01
1.000000000000000000e+00
3.000000000000000000e+00
0.000000000000000000e+00
1.580000000000000000e+02
2.200000000000000000e+01
0.000000000000000000e+00
4.600000000000000000e+01
2.000000000000000000e+00
0.000000000000000000e+00
0.000000000000000000e+00
1.100000000000000000e+01
8.100000000000000000e+01
2.000000000000000000e+00
0.000000000000000000e+00
2.300000000000000000e+01
6.100000000000000000e+01
2.700000000000000000e+01
1.000000000000000000e+00
4.000000000000000000e+00
2.200000000000000000e+01
6.300000000000000000e+01
0.000000000000000000e+00
1.000000000000000000e+00
0.000000000000000000e+00
6.000000000000000000e+00
0.000000000000000000e+00
0.000000000000000000e+00
9.000000000000000000e+00
6.700000000000000000e+01
0.000000000000000000e+00
0.000000000000000000e+00
3.000000000000000000e+00
7.000000000000000000e+00
5.700000000000000000e+01
0.000000000000000000e+00
6.100000000000000000e+01
1.300000000000000000e+01
4.100000000000000000e+01
0.000000000000000000e+00
6.000000000000000000e+00
2.300000000000000000e+01
3.000000000000000000e+00
5.800000000000000000e+01
0.000000000000000000e+00
2.000000000000000000e+00
9.000000000000000000e+01
1.700000000000000000e+01
1.200000000000000000e+01
3.300000000000000000e+01
2.000000000000000000e+00
6.200000000000000000e+01
2.900000000000000000e+01
1.100000000000000000e+01
0.000000000000000000e+00
0.000000000000000000e+00
3.600000000000000000e+01
0.000000000000000000e+00
0.000000000000000000e+00
2.300000000000000000e+01
0.000000000000000000e+00
1.800000000000000000e+01
1.000000000000000000e+01
0.000000000000000000e+00
6.000000000000000000e+00
2.400000000000000000e+01
0.000000000000000000e+00
9.000000000000000000e+00
5.000000000000000000e+00
9.000000000000000000e+00
1.300000000000000000e+01
1.000000000000000000e+00
1.460000000000000000e+02
1.210000000000000000e+02
0.000000000000000000e+00
0.000000000000000000e+00
1.130000000000000000e+02
1.000000000000000000e+00
0.000000000000000000e+00
0.000000000000000000e+00
0.000000000000000000e+00
4.300000000000000000e+01
3.000000000000000000e+00
2.600000000000000000e+01
4.000000000000000000e+00
4.000000000000000000e+00
0.000000000000000000e+00
0.000000000000000000e+00
0.000000000000000000e+00
0.000000000000000000e+00
1.000000000000000000e+00
0.000000000000000000e+00
0.000000000000000000e+00
4.600000000000000000e+01
1.000000000000000000e+00
0.000000000000000000e+00
0.000000000000000000e+00
0.000000000000000000e+00
3.000000000000000000e+00
4.500000000000000000e+01
2.100000000000000000e+01
1.300000000000000000e+01
0.000000000000000000e+00
9.000000000000000000e+00
1.100000000000000000e+01
1.400000000000000000e+01
3.000000000000000000e+01
0.000000000000000000e+00
6.200000000000000000e+01
2.000000000000000000e+00
1.700000000000000000e+01
2.000000000000000000e+00
0.000000000000000000e+00
5.000000000000000000e+00
0.000000000000000000e+00
3.900000000000000000e+01
0.000000000000000000e+00
2.400000000000000000e+01
3.400000000000000000e+01
2.180000000000000000e+02
0.000000000000000000e+00
3.300000000000000000e+01
0.000000000000000000e+00
0.000000000000000000e+00
0.000000000000000000e+00
6.100000000000000000e+01
5.600000000000000000e+01
0.000000000000000000e+00
4.100000000000000000e+01
1.800000000000000000e+01
1.000000000000000000e+01
1.000000000000000000e+00
2.800000000000000000e+01
8.000000000000000000e+00
1.300000000000000000e+01
2.900000000000000000e+01
1.100000000000000000e+01
1.600000000000000000e+01
2.200000000000000000e+01
8.000000000000000000e+00
1.100000000000000000e+01
0.000000000000000000e+00
4.800000000000000000e+01
3.000000000000000000e+00
9.500000000000000000e+01
1.400000000000000000e+01
1.700000000000000000e+01
1.200000000000000000e+01
5.300000000000000000e+01
0.000000000000000000e+00
2.390000000000000000e+02
1.400000000000000000e+01
0.000000000000000000e+00
3.000000000000000000e+00
0.000000000000000000e+00
2.200000000000000000e+01
9.000000000000000000e+00
7.000000000000000000e+00
1.100000000000000000e+01
3.300000000000000000e+01
1.490000000000000000e+02
5.000000000000000000e+00
6.900000000000000000e+01
9.000000000000000000e+00
2.600000000000000000e+01
8.700000000000000000e+01
3.300000000000000000e+01
2.100000000000000000e+01
1.170000000000000000e+02
1.900000000000000000e+01
2.000000000000000000e+00
8.000000000000000000e+00
3.000000000000000000e+00
0.000000000000000000e+00
1.600000000000000000e+01
0.000000000000000000e+00
1.000000000000000000e+00
2.000000000000000000e+00
4.300000000000000000e+01
0.000000000000000000e+00
0.000000000000000000e+00
4.000000000000000000e+00
2.400000000000000000e+01
0.000000000000000000e+00
4.000000000000000000e+00
1.000000000000000000e+01
2.190000000000000000e+02
3.100000000000000000e+01
9.000000000000000000e+00
1.900000000000000000e+01
4.100000000000000000e+01
0.000000000000000000e+00
0.000000000000000000e+00
0.000000000000000000e+00
3.800000000000000000e+01
7.900000000000000000e+01
5.300000000000000000e+01
1.000000000000000000e+01
1.000000000000000000e+01
1.200000000000000000e+01
3.730000000000000000e+02
2.000000000000000000e+00
9.700000000000000000e+01
1.100000000000000000e+01
9.000000000000000000e+00
0.000000000000000000e+00
2.700000000000000000e+01
0.000000000000000000e+00
2.000000000000000000e+00
0.000000000000000000e+00
1.400000000000000000e+01
5.000000000000000000e+00
0.000000000000000000e+00
2.200000000000000000e+01
1.000000000000000000e+00
1.200000000000000000e+01
1.040000000000000000e+02
0.000000000000000000e+00
2.100000000000000000e+01
2.100000000000000000e+01
0.000000000000000000e+00
0.000000000000000000e+00
0.000000000000000000e+00
6.100000000000000000e+01
0.000000000000000000e+00
5.680000000000000000e+02
5.000000000000000000e+00
3.400000000000000000e+01
2.600000000000000000e+01
4.000000000000000000e+00
3.000000000000000000e+00
0.000000000000000000e+00
1.340000000000000000e+02
0.000000000000000000e+00
8.900000000000000000e+01
0.000000000000000000e+00
1.000000000000000000e+00
0.000000000000000000e+00
2.000000000000000000e+00
4.000000000000000000e+00
0.000000000000000000e+00
0.000000000000000000e+00
2.900000000000000000e+01
3.600000000000000000e+01
0.000000000000000000e+00
0.000000000000000000e+00
3.400000000000000000e+01
3.100000000000000000e+01
3.000000000000000000e+00
1.000000000000000000e+00
1.000000000000000000e+00
0.000000000000000000e+00
0.000000000000000000e+00
1.600000000000000000e+01
0.000000000000000000e+00
0.000000000000000000e+00
3.700000000000000000e+01
8.000000000000000000e+00
5.000000000000000000e+00
0.000000000000000000e+00
1.000000000000000000e+00
4.000000000000000000e+00
0.000000000000000000e+00
2.500000000000000000e+01
2.000000000000000000e+01
2.700000000000000000e+01
1.400000000000000000e+01
6.600000000000000000e+01
1.000000000000000000e+00
5.000000000000000000e+00
2.600000000000000000e+01
0.000000000000000000e+00
2.000000000000000000e+00
2.000000000000000000e+00
4.000000000000000000e+00
4.590000000000000000e+02
0.000000000000000000e+00
0.000000000000000000e+00
0.000000000000000000e+00
0.000000000000000000e+00
7.000000000000000000e+00
0.000000000000000000e+00
7.200000000000000000e+01
1.000000000000000000e+00
2.100000000000000000e+01
3.000000000000000000e+00
5.000000000000000000e+00
0.000000000000000000e+00
1.500000000000000000e+01
0.000000000000000000e+00
7.700000000000000000e+01
0.000000000000000000e+00
7.000000000000000000e+00
0.000000000000000000e+00
0.000000000000000000e+00
0.000000000000000000e+00
3.000000000000000000e+00
1.500000000000000000e+01
2.000000000000000000e+00
7.000000000000000000e+00
9.900000000000000000e+01
0.000000000000000000e+00
0.000000000000000000e+00
1.800000000000000000e+01
0.000000000000000000e+00
3.700000000000000000e+01
4.700000000000000000e+01
5.000000000000000000e+00
7.000000000000000000e+00
0.000000000000000000e+00
6.000000000000000000e+00
2.000000000000000000e+00
2.000000000000000000e+01
0.000000000000000000e+00
8.000000000000000000e+00
6.900000000000000000e+01
4.500000000000000000e+01
1.300000000000000000e+01
3.300000000000000000e+01
1.830000000000000000e+02
1.000000000000000000e+01
0.000000000000000000e+00
7.600000000000000000e+01
1.000000000000000000e+00
0.000000000000000000e+00
0.000000000000000000e+00
9.000000000000000000e+00
1.830000000000000000e+02
4.600000000000000000e+01
2.700000000000000000e+01
0.000000000000000000e+00
0.000000000000000000e+00
4.000000000000000000e+00
0.000000000000000000e+00
5.000000000000000000e+00
2.400000000000000000e+01
0.000000000000000000e+00
2.400000000000000000e+01
9.000000000000000000e+00
0.000000000000000000e+00
0.000000000000000000e+00
3.600000000000000000e+01
0.000000000000000000e+00
6.000000000000000000e+00
2.000000000000000000e+01
0.000000000000000000e+00
2.000000000000000000e+01
0.000000000000000000e+00
1.600000000000000000e+01
5.300000000000000000e+01
5.000000000000000000e+00
5.000000000000000000e+00
2.700000000000000000e+01
3.000000000000000000e+00
3.000000000000000000e+00
3.000000000000000000e+01
2.700000000000000000e+01
0.000000000000000000e+00
1.000000000000000000e+00
4.300000000000000000e+01
0.000000000000000000e+00
1.420000000000000000e+02
1.300000000000000000e+01
5.000000000000000000e+00
6.000000000000000000e+00
5.000000000000000000e+00
1.200000000000000000e+01
7.000000000000000000e+00
5.000000000000000000e+00
0.000000000000000000e+00
1.000000000000000000e+00
1.000000000000000000e+00
0.000000000000000000e+00
1.800000000000000000e+01
0.000000000000000000e+00
4.000000000000000000e+00
4.000000000000000000e+00
7.000000000000000000e+01
0.000000000000000000e+00
8.000000000000000000e+00
4.000000000000000000e+00
1.090000000000000000e+02
1.130000000000000000e+02
2.400000000000000000e+01
1.800000000000000000e+01
6.000000000000000000e+00
0.000000000000000000e+00
7.700000000000000000e+01
3.000000000000000000e+00
3.000000000000000000e+00
1.010000000000000000e+02
1.000000000000000000e+00
0.000000000000000000e+00
7.600000000000000000e+01
1.200000000000000000e+01
2.000000000000000000e+00
4.000000000000000000e+00
4.500000000000000000e+01
0.000000000000000000e+00
0.000000000000000000e+00
4.000000000000000000e+00
0.000000000000000000e+00
0.000000000000000000e+00
0.000000000000000000e+00
6.000000000000000000e+00
1.800000000000000000e+01
5.000000000000000000e+00
2.000000000000000000e+01
5.000000000000000000e+00
5.000000000000000000e+00
0.000000000000000000e+00
1.200000000000000000e+01
4.600000000000000000e+01
6.000000000000000000e+00
0.000000000000000000e+00
2.100000000000000000e+01
1.000000000000000000e+00
1.700000000000000000e+01
2.000000000000000000e+00
7.500000000000000000e+01
3.500000000000000000e+01
0.000000000000000000e+00
1.000000000000000000e+00
0.000000000000000000e+00
0.000000000000000000e+00
4.600000000000000000e+01
6.200000000000000000e+01
1.500000000000000000e+01
5.000000000000000000e+00
1.400000000000000000e+01
2.270000000000000000e+02
2.100000000000000000e+01
1.000000000000000000e+01
1.300000000000000000e+01
2.000000000000000000e+00
2.310000000000000000e+02
0.000000000000000000e+00
6.000000000000000000e+00
3.000000000000000000e+00
0.000000000000000000e+00
7.000000000000000000e+00
1.400000000000000000e+01
3.000000000000000000e+00
3.780000000000000000e+02
0.000000000000000000e+00
7.000000000000000000e+00
0.000000000000000000e+00
3.000000000000000000e+00
0.000000000000000000e+00
0.000000000000000000e+00
1.900000000000000000e+01
7.700000000000000000e+01
0.000000000000000000e+00
1.000000000000000000e+00
1.900000000000000000e+01
6.000000000000000000e+00
0.000000000000000000e+00
6.600000000000000000e+01
1.400000000000000000e+01
7.000000000000000000e+00
1.500000000000000000e+01
1.140000000000000000e+02
3.400000000000000000e+01
2.000000000000000000e+00
0.000000000000000000e+00
9.000000000000000000e+00
1.480000000000000000e+02
0.000000000000000000e+00
2.000000000000000000e+00
7.000000000000000000e+00
1.300000000000000000e+01
0.000000000000000000e+00
2.000000000000000000e+00
1.400000000000000000e+01
0.000000000000000000e+00
7.000000000000000000e+00
9.000000000000000000e+00
2.600000000000000000e+01
0.000000000000000000e+00
3.000000000000000000e+00
4.200000000000000000e+01
0.000000000000000000e+00
2.000000000000000000e+00
1.560000000000000000e+02
7.000000000000000000e+00
0.000000000000000000e+00
1.200000000000000000e+02
0.000000000000000000e+00
7.200000000000000000e+01
6.000000000000000000e+00
4.090000000000000000e+02
3.000000000000000000e+00
2.000000000000000000e+01
4.600000000000000000e+01
1.880000000000000000e+02
9.000000000000000000e+00
1.200000000000000000e+01
0.000000000000000000e+00
0.000000000000000000e+00
0.000000000000000000e+00
9.800000000000000000e+01
0.000000000000000000e+00
0.000000000000000000e+00
2.000000000000000000e+00
1.100000000000000000e+01
2.000000000000000000e+00
1.410000000000000000e+02
1.070000000000000000e+02
3.000000000000000000e+00
2.000000000000000000e+01
0.000000000000000000e+00
1.200000000000000000e+01
0.000000000000000000e+00
0.000000000000000000e+00
1.300000000000000000e+01
1.180000000000000000e+02
0.000000000000000000e+00
3.000000000000000000e+00
1.500000000000000000e+01
0.000000000000000000e+00
0.000000000000000000e+00
1.980000000000000000e+02
7.600000000000000000e+01
8.000000000000000000e+00
1.400000000000000000e+01
7.400000000000000000e+01
0.000000000000000000e+00
2.000000000000000000e+00
1.400000000000000000e+01
6.500000000000000000e+01
0.000000000000000000e+00
5.000000000000000000e+00
2.020000000000000000e+02
0.000000000000000000e+00
0.000000000000000000e+00
0.000000000000000000e+00
5.500000000000000000e+01
2.700000000000000000e+01
0.000000000000000000e+00
0.000000000000000000e+00
6.000000000000000000e+01
1.000000000000000000e+00
0.000000000000000000e+00
0.000000000000000000e+00
7.000000000000000000e+00
2.700000000000000000e+01
0.000000000000000000e+00
6.100000000000000000e+01
2.900000000000000000e+01
1.000000000000000000e+00
1.000000000000000000e+00
4.160000000000000000e+02
0.000000000000000000e+00
0.000000000000000000e+00
0.000000000000000000e+00
0.000000000000000000e+00
2.000000000000000000e+00
0.000000000000000000e+00
0.000000000000000000e+00
0.000000000000000000e+00
0.000000000000000000e+00
0.000000000000000000e+00
5.000000000000000000e+00
0.000000000000000000e+00
0.000000000000000000e+00
0.000000000000000000e+00
1.060000000000000000e+02
9.900000000000000000e+01
6.000000000000000000e+00
2.000000000000000000e+00
8.000000000000000000e+00
1.200000000000000000e+01
1.030000000000000000e+02
1.000000000000000000e+01
3.000000000000000000e+00
1.000000000000000000e+00
0.000000000000000000e+00
2.530000000000000000e+02
1.100000000000000000e+01
0.000000000000000000e+00
0.000000000000000000e+00
0.000000000000000000e+00
2.000000000000000000e+01
1.000000000000000000e+00
1.200000000000000000e+01
0.000000000000000000e+00
6.100000000000000000e+01
0.000000000000000000e+00
6.000000000000000000e+00
0.000000000000000000e+00
0.000000000000000000e+00
2.000000000000000000e+00
0.000000000000000000e+00
7.700000000000000000e+01
5.000000000000000000e+00
7.400000000000000000e+01
1.600000000000000000e+01
5.400000000000000000e+01
7.000000000000000000e+00
2.700000000000000000e+01
2.300000000000000000e+01
1.370000000000000000e+02
0.000000000000000000e+00
0.000000000000000000e+00
0.000000000000000000e+00
0.000000000000000000e+00
0.000000000000000000e+00
3.000000000000000000e+00
9.000000000000000000e+00
3.000000000000000000e+00
3.000000000000000000e+00
1.040000000000000000e+02
0.000000000000000000e+00
0.000000000000000000e+00
4.000000000000000000e+00
1.000000000000000000e+01
6.100000000000000000e+01
1.000000000000000000e+00
7.000000000000000000e+00
2.400000000000000000e+01
1.900000000000000000e+01
0.000000000000000000e+00
2.000000000000000000e+00
7.000000000000000000e+00
0.000000000000000000e+00
0.000000000000000000e+00
2.000000000000000000e+01
6.000000000000000000e+00
8.000000000000000000e+00
5.000000000000000000e+00
0.000000000000000000e+00
1.410000000000000000e+02
5.600000000000000000e+01
1.000000000000000000e+00
0.000000000000000000e+00
0.000000000000000000e+00
0.000000000000000000e+00
1.000000000000000000e+00
6.000000000000000000e+00
6.400000000000000000e+01
6.000000000000000000e+00
2.000000000000000000e+00
3.600000000000000000e+01
4.000000000000000000e+00
1.000000000000000000e+00
4.000000000000000000e+00
2.300000000000000000e+02
1.000000000000000000e+00
7.500000000000000000e+01
0.000000000000000000e+00
4.600000000000000000e+01
4.000000000000000000e+00
0.000000000000000000e+00
2.400000000000000000e+01
7.000000000000000000e+00
0.000000000000000000e+00
1.200000000000000000e+01
1.250000000000000000e+02
0.000000000000000000e+00
1.000000000000000000e+00
5.000000000000000000e+00
7.100000000000000000e+01
3.000000000000000000e+00
2.000000000000000000e+00
0.000000000000000000e+00
0.000000000000000000e+00
0.000000000000000000e+00
0.000000000000000000e+00
0.000000000000000000e+00
2.700000000000000000e+01
2.000000000000000000e+00
3.000000000000000000e+00
5.000000000000000000e+00
0.000000000000000000e+00
1.480000000000000000e+02
3.500000000000000000e+01
3.000000000000000000e+00
0.000000000000000000e+00
0.000000000000000000e+00
1.000000000000000000e+00
4.000000000000000000e+00
5.000000000000000000e+00
2.000000000000000000e+00
0.000000000000000000e+00
5.700000000000000000e+01
5.700000000000000000e+01
0.000000000000000000e+00
5.000000000000000000e+00
0.000000000000000000e+00
5.200000000000000000e+01
1.910000000000000000e+02
0.000000000000000000e+00
5.500000000000000000e+01
7.000000000000000000e+00
0.000000000000000000e+00
0.000000000000000000e+00
0.000000000000000000e+00
0.000000000000000000e+00
1.450000000000000000e+02
2.170000000000000000e+02
2.100000000000000000e+01
0.000000000000000000e+00
1.000000000000000000e+00
0.000000000000000000e+00
0.000000000000000000e+00
3.000000000000000000e+01
3.400000000000000000e+01
1.200000000000000000e+01
6.000000000000000000e+00
6.000000000000000000e+00
1.000000000000000000e+00
0.000000000000000000e+00
1.000000000000000000e+00
1.480000000000000000e+02
3.500000000000000000e+01
5.000000000000000000e+00
6.800000000000000000e+01
0.000000000000000000e+00
0.000000000000000000e+00
2.500000000000000000e+01
0.000000000000000000e+00
3.000000000000000000e+00
0.000000000000000000e+00
0.000000000000000000e+00
4.300000000000000000e+01
0.000000000000000000e+00
1.430000000000000000e+02
3.700000000000000000e+01
0.000000000000000000e+00
3.000000000000000000e+00
4.100000000000000000e+01
2.000000000000000000e+00
5.000000000000000000e+00
0.000000000000000000e+00
0.000000000000000000e+00
0.000000000000000000e+00
5.000000000000000000e+00
1.650000000000000000e+02
4.000000000000000000e+00
4.000000000000000000e+00
1.510000000000000000e+02
1.100000000000000000e+01
5.400000000000000000e+01
0.000000000000000000e+00
3.000000000000000000e+00
0.000000000000000000e+00
2.000000000000000000e+00
0.000000000000000000e+00
2.900000000000000000e+01
2.000000000000000000e+00
2.000000000000000000e+00
1.000000000000000000e+00
0.000000000000000000e+00
0.000000000000000000e+00
2.400000000000000000e+01
1.000000000000000000e+00
2.700000000000000000e+01
1.900000000000000000e+01
3.860000000000000000e+02
0.000000000000000000e+00
5.000000000000000000e+00
5.000000000000000000e+00
2.000000000000000000e+00
0.000000000000000000e+00
8.000000000000000000e+00
0.000000000000000000e+00
6.500000000000000000e+01
1.300000000000000000e+01
0.000000000000000000e+00
8.000000000000000000e+00
7.600000000000000000e+01
1.300000000000000000e+01
5.000000000000000000e+00
4.000000000000000000e+00
8.000000000000000000e+00
7.000000000000000000e+00
3.410000000000000000e+02
0.000000000000000000e+00
2.000000000000000000e+00
7.000000000000000000e+00
5.000000000000000000e+00
1.000000000000000000e+00
4.000000000000000000e+00
1.000000000000000000e+00
0.000000000000000000e+00
0.000000000000000000e+00
2.000000000000000000e+00
1.300000000000000000e+01
8.900000000000000000e+01
6.000000000000000000e+00
2.900000000000000000e+01
0.000000000000000000e+00
3.000000000000000000e+00
6.000000000000000000e+00
0.000000000000000000e+00
3.000000000000000000e+00
2.300000000000000000e+01
1.500000000000000000e+01
4.290000000000000000e+02
8.000000000000000000e+00
0.000000000000000000e+00
0.000000000000000000e+00
8.600000000000000000e+01
0.000000000000000000e+00
4.000000000000000000e+00
0.000000000000000000e+00
6.000000000000000000e+00
5.000000000000000000e+00
1.400000000000000000e+01
0.000000000000000000e+00
3.100000000000000000e+01
2.000000000000000000e+00
3.700000000000000000e+01
0.000000000000000000e+00
3.000000000000000000e+00
0.000000000000000000e+00
7.000000000000000000e+00
7.000000000000000000e+00
0.000000000000000000e+00
1.000000000000000000e+01
0.000000000000000000e+00
6.900000000000000000e+01
1.900000000000000000e+01
0.000000000000000000e+00
0.000000000000000000e+00
1.000000000000000000e+01
0.000000000000000000e+00
1.320000000000000000e+02
1.000000000000000000e+00
1.000000000000000000e+00
2.000000000000000000e+00
6.900000000000000000e+01
2.000000000000000000e+00
0.000000000000000000e+00
6.400000000000000000e+01
6.640000000000000000e+02
2.000000000000000000e+00
4.000000000000000000e+00
7.100000000000000000e+01
2.000000000000000000e+00
1.430000000000000000e+02
0.000000000000000000e+00
1.000000000000000000e+00
2.000000000000000000e+00
1.660000000000000000e+02
0.000000000000000000e+00
1.000000000000000000e+01
2.000000000000000000e+00
0.000000000000000000e+00
0.000000000000000000e+00
2.400000000000000000e+01
3.260000000000000000e+02
5.000000000000000000e+00
6.000000000000000000e+00
6.000000000000000000e+00
2.600000000000000000e+01
6.000000000000000000e+00
0.000000000000000000e+00
4.000000000000000000e+00
3.300000000000000000e+01
6.000000000000000000e+00
0.000000000000000000e+00
8.300000000000000000e+01
2.000000000000000000e+00
0.000000000000000000e+00
2.000000000000000000e+00
4.300000000000000000e+01
2.000000000000000000e+00
0.000000000000000000e+00
1.000000000000000000e+00
1.900000000000000000e+01
3.000000000000000000e+00
3.790000000000000000e+02
9.000000000000000000e+00
3.100000000000000000e+01
0.000000000000000000e+00
1.300000000000000000e+01
2.140000000000000000e+02
2.000000000000000000e+00
0.000000000000000000e+00
8.000000000000000000e+00
6.000000000000000000e+00
2.300000000000000000e+01
5.000000000000000000e+00
7.000000000000000000e+00
1.000000000000000000e+00
7.900000000000000000e+01
8.000000000000000000e+00
5.000000000000000000e+00
8.000000000000000000e+00
1.700000000000000000e+01
2.400000000000000000e+01
0.000000000000000000e+00
0.000000000000000000e+00
1.000000000000000000e+00
2.140000000000000000e+02
0.000000000000000000e+00
0.000000000000000000e+00
2.000000000000000000e+00
6.400000000000000000e+01
0.000000000000000000e+00
0.000000000000000000e+00
5.000000000000000000e+00
2.040000000000000000e+02
4.000000000000000000e+00
1.400000000000000000e+01
2.000000000000000000e+00
2.000000000000000000e+00
4.700000000000000000e+01
2.300000000000000000e+01
0.000000000000000000e+00
2.600000000000000000e+01
1.500000000000000000e+01
4.000000000000000000e+00
1.800000000000000000e+01
2.400000000000000000e+01
2.300000000000000000e+02
5.600000000000000000e+01
3.730000000000000000e+02
3.000000000000000000e+00
1.100000000000000000e+01
0.000000000000000000e+00
1.300000000000000000e+01
6.000000000000000000e+00
3.000000000000000000e+00
4.800000000000000000e+01
0.000000000000000000e+00
2.300000000000000000e+01
0.000000000000000000e+00
9.000000000000000000e+00
4.000000000000000000e+00
6.800000000000000000e+01
0.000000000000000000e+00
3.000000000000000000e+01
1.000000000000000000e+00
4.000000000000000000e+00
2.200000000000000000e+01
1.500000000000000000e+01
3.200000000000000000e+01
0.000000000000000000e+00
8.100000000000000000e+01
8.000000000000000000e+00
7.000000000000000000e+00
2.000000000000000000e+01
2.000000000000000000e+00
2.000000000000000000e+00
3.000000000000000000e+01
4.000000000000000000e+00
0.000000000000000000e+00
1.030000000000000000e+02
1.620000000000000000e+02
0.000000000000000000e+00
0.000000000000000000e+00
8.300000000000000000e+01
1.500000000000000000e+01
9.800000000000000000e+01
8.000000000000000000e+01
0.000000000000000000e+00
1.000000000000000000e+00
1.660000000000000000e+02
0.000000000000000000e+00
2.400000000000000000e+01
2.360000000000000000e+02
6.200000000000000000e+01
0.000000000000000000e+00
0.000000000000000000e+00
3.900000000000000000e+01
0.000000000000000000e+00
5.000000000000000000e+00
0.000000000000000000e+00
1.130000000000000000e+02
9.000000000000000000e+00
0.000000000000000000e+00
0.000000000000000000e+00
7.000000000000000000e+00
0.000000000000000000e+00
1.400000000000000000e+01
1.000000000000000000e+00
4.200000000000000000e+01
0.000000000000000000e+00
1.020000000000000000e+02
2.000000000000000000e+00
3.320000000000000000e+02
1.500000000000000000e+01
9.900000000000000000e+01
6.000000000000000000e+00
2.000000000000000000e+00
2.000000000000000000e+00
1.060000000000000000e+02
4.400000000000000000e+01
0.000000000000000000e+00
6.000000000000000000e+00
2.050000000000000000e+02
0.000000000000000000e+00
3.400000000000000000e+01
1.300000000000000000e+01
1.500000000000000000e+01
2.100000000000000000e+01
0.000000000000000000e+00
2.400000000000000000e+01
3.500000000000000000e+01
1.000000000000000000e+00
1.000000000000000000e+00
0.000000000000000000e+00
1.000000000000000000e+00
0.000000000000000000e+00
2.100000000000000000e+01
0.000000000000000000e+00
9.000000000000000000e+00
0.000000000000000000e+00
2.000000000000000000e+00
0.000000000000000000e+00
7.000000000000000000e+01
0.000000000000000000e+00
0.000000000000000000e+00
1.800000000000000000e+01
0.000000000000000000e+00
1.000000000000000000e+01
3.700000000000000000e+01
7.200000000000000000e+01
4.100000000000000000e+01
3.000000000000000000e+00
1.000000000000000000e+00
7.500000000000000000e+01
0.000000000000000000e+00
5.000000000000000000e+00
3.000000000000000000e+00
0.000000000000000000e+00
0.000000000000000000e+00
0.000000000000000000e+00
0.000000000000000000e+00
1.200000000000000000e+01
2.050000000000000000e+02
2.600000000000000000e+01
7.000000000000000000e+00
0.000000000000000000e+00
1.000000000000000000e+01
0.000000000000000000e+00
0.000000000000000000e+00
2.000000000000000000e+00
5.000000000000000000e+00
0.000000000000000000e+00
6.700000000000000000e+01
5.400000000000000000e+01
2.000000000000000000e+01
0.000000000000000000e+00
0.000000000000000000e+00
0.000000000000000000e+00
7.000000000000000000e+00
1.000000000000000000e+00
4.000000000000000000e+00
0.000000000000000000e+00
3.000000000000000000e+00
0.000000000000000000e+00
0.000000000000000000e+00
2.000000000000000000e+00
6.000000000000000000e+00
0.000000000000000000e+00
0.000000000000000000e+00
0.000000000000000000e+00
0.000000000000000000e+00
5.000000000000000000e+00
0.000000000000000000e+00
1.000000000000000000e+00
8.400000000000000000e+01
1.300000000000000000e+01
0.000000000000000000e+00
2.800000000000000000e+01
4.000000000000000000e+00
0.000000000000000000e+00
6.000000000000000000e+00
0.000000000000000000e+00
1.600000000000000000e+01
1.600000000000000000e+01
1.000000000000000000e+00
3.500000000000000000e+01
3.000000000000000000e+00
0.000000000000000000e+00
1.600000000000000000e+01
0.000000000000000000e+00
0.000000000000000000e+00
0.000000000000000000e+00
0.000000000000000000e+00
0.000000000000000000e+00
5.300000000000000000e+01
1.500000000000000000e+01
2.600000000000000000e+01
0.000000000000000000e+00
0.000000000000000000e+00
0.000000000000000000e+00
1.700000000000000000e+01
2.800000000000000000e+01
0.000000000000000000e+00
9.000000000000000000e+01
6.000000000000000000e+00
5.000000000000000000e+00
6.000000000000000000e+00
0.000000000000000000e+00
6.700000000000000000e+01
9.000000000000000000e+00
0.000000000000000000e+00
0.000000000000000000e+00
4.000000000000000000e+00
0.000000000000000000e+00
1.200000000000000000e+01
6.000000000000000000e+00
1.700000000000000000e+01
3.700000000000000000e+01
4.100000000000000000e+01
5.770000000000000000e+02
3.600000000000000000e+01
3.700000000000000000e+01
1.200000000000000000e+01
4.000000000000000000e+00
0.000000000000000000e+00
0.000000000000000000e+00
3.000000000000000000e+00
1.000000000000000000e+00
1.100000000000000000e+01
3.000000000000000000e+00
6.000000000000000000e+00
0.000000000000000000e+00
0.000000000000000000e+00
0.000000000000000000e+00
4.000000000000000000e+01
2.000000000000000000e+01
4.000000000000000000e+00
6.000000000000000000e+00
1.000000000000000000e+00
0.000000000000000000e+00
0.000000000000000000e+00
5.000000000000000000e+00
0.000000000000000000e+00
0.000000000000000000e+00
0.000000000000000000e+00
1.300000000000000000e+01
0.000000000000000000e+00
0.000000000000000000e+00
0.000000000000000000e+00
6.000000000000000000e+00
3.000000000000000000e+00
2.600000000000000000e+01
0.000000000000000000e+00
0.000000000000000000e+00
1.600000000000000000e+01
7.400000000000000000e+01
1.270000000000000000e+02
1.290000000000000000e+02
0.000000000000000000e+00
7.000000000000000000e+00
2.900000000000000000e+01
1.000000000000000000e+00
0.000000000000000000e+00
4.440000000000000000e+02
5.000000000000000000e+00
3.000000000000000000e+00
8.000000000000000000e+00
8.900000000000000000e+01
2.010000000000000000e+02
1.310000000000000000e+02
1.100000000000000000e+01
0.000000000000000000e+00
0.000000000000000000e+00
5.900000000000000000e+01
6.800000000000000000e+01
0.000000000000000000e+00
1.110000000000000000e+02
5.000000000000000000e+00
4.190000000000000000e+02
2.700000000000000000e+01
0.000000000000000000e+00
0.000000000000000000e+00
4.000000000000000000e+00
6.000000000000000000e+00
0.000000000000000000e+00
1.900000000000000000e+01
4.900000000000000000e+01
0.000000000000000000e+00
2.400000000000000000e+01
0.000000000000000000e+00
9.000000000000000000e+00
7.000000000000000000e+00
0.000000000000000000e+00
1.000000000000000000e+01
0.000000000000000000e+00
1.000000000000000000e+02
0.000000000000000000e+00
3.000000000000000000e+00
1.400000000000000000e+01
2.000000000000000000e+00
0.000000000000000000e+00
2.000000000000000000e+00
9.500000000000000000e+01
2.500000000000000000e+01
3.000000000000000000e+00
0.000000000000000000e+00
1.900000000000000000e+01
2.000000000000000000e+00
2.000000000000000000e+00
1.000000000000000000e+00
0.000000000000000000e+00
1.000000000000000000e+01
3.000000000000000000e+00
3.640000000000000000e+02
0.000000000000000000e+00
9.000000000000000000e+00
1.300000000000000000e+01
0.000000000000000000e+00
1.800000000000000000e+01
1.000000000000000000e+00
0.000000000000000000e+00
1.000000000000000000e+00
2.000000000000000000e+00
4.000000000000000000e+00
1.000000000000000000e+00
4.000000000000000000e+00
3.000000000000000000e+01
9.000000000000000000e+00
1.000000000000000000e+00
1.700000000000000000e+01
0.000000000000000000e+00
1.090000000000000000e+02
0.000000000000000000e+00
8.000000000000000000e+00
2.000000000000000000e+00
2.000000000000000000e+01
0.000000000000000000e+00
0.000000000000000000e+00
6.000000000000000000e+00
4.700000000000000000e+01
0.000000000000000000e+00
0.000000000000000000e+00
0.000000000000000000e+00
2.000000000000000000e+00
0.000000000000000000e+00
4.000000000000000000e+00
3.000000000000000000e+02
2.000000000000000000e+00
0.000000000000000000e+00
1.000000000000000000e+00
5.500000000000000000e+01
0.000000000000000000e+00
2.170000000000000000e+02
1.200000000000000000e+01
0.000000000000000000e+00
1.600000000000000000e+01
0.000000000000000000e+00
2.000000000000000000e+00
1.000000000000000000e+00
0.000000000000000000e+00
3.200000000000000000e+01
2.000000000000000000e+00
1.000000000000000000e+00
2.000000000000000000e+00
4.120000000000000000e+02
0.000000000000000000e+00
1.000000000000000000e+00
0.000000000000000000e+00
0.000000000000000000e+00
2.000000000000000000e+01
0.000000000000000000e+00
3.000000000000000000e+00
2.300000000000000000e+01
0.000000000000000000e+00
0.000000000000000000e+00
3.000000000000000000e+00
2.300000000000000000e+01
2.000000000000000000e+00
0.000000000000000000e+00
3.900000000000000000e+01
2.300000000000000000e+01
7.000000000000000000e+00
7.000000000000000000e+00
7.000000000000000000e+00
0.000000000000000000e+00
1.000000000000000000e+00
0.000000000000000000e+00
9.900000000000000000e+01
4.000000000000000000e+00
4.000000000000000000e+00
0.000000000000000000e+00
3.000000000000000000e+00
2.880000000000000000e+02
2.800000000000000000e+01
3.300000000000000000e+01
0.000000000000000000e+00
0.000000000000000000e+00
4.500000000000000000e+01
2.300000000000000000e+01
1.300000000000000000e+01
0.000000000000000000e+00
0.000000000000000000e+00
2.000000000000000000e+00
3.400000000000000000e+01
1.000000000000000000e+00
2.390000000000000000e+02
1.130000000000000000e+02
0.000000000000000000e+00
0.000000000000000000e+00
5.200000000000000000e+01
8.000000000000000000e+00
1.900000000000000000e+01
6.000000000000000000e+00
4.000000000000000000e+01
2.500000000000000000e+01
2.000000000000000000e+00
2.000000000000000000e+00
6.500000000000000000e+01
3.000000000000000000e+00
2.000000000000000000e+00
2.000000000000000000e+01
1.600000000000000000e+01
1.000000000000000000e+00
2.000000000000000000e+00
4.100000000000000000e+01
1.600000000000000000e+01
0.000000000000000000e+00
1.000000000000000000e+00
3.000000000000000000e+00
1.500000000000000000e+02
0.000000000000000000e+00
5.000000000000000000e+00
1.000000000000000000e+00
0.000000000000000000e+00
8.900000000000000000e+01
4.500000000000000000e+01
1.300000000000000000e+01
0.000000000000000000e+00
1.400000000000000000e+01
6.000000000000000000e+00
5.000000000000000000e+00
0.000000000000000000e+00
3.540000000000000000e+02
1.100000000000000000e+01
0.000000000000000000e+00
6.000000000000000000e+00
0.000000000000000000e+00
4.000000000000000000e+00
0.000000000000000000e+00
0.000000000000000000e+00
2.000000000000000000e+00
0.000000000000000000e+00
1.670000000000000000e+02
2.000000000000000000e+00
0.000000000000000000e+00
1.200000000000000000e+01
2.000000000000000000e+00
0.000000000000000000e+00
0.000000000000000000e+00
1.000000000000000000e+00
3.000000000000000000e+01
0.000000000000000000e+00
2.600000000000000000e+01
3.000000000000000000e+00
1.000000000000000000e+01
0.000000000000000000e+00
0.000000000000000000e+00
0.000000000000000000e+00
1.000000000000000000e+01
3.000000000000000000e+00
0.000000000000000000e+00
0.000000000000000000e+00
0.000000000000000000e+00
2.000000000000000000e+00
2.000000000000000000e+01
9.000000000000000000e+00
6.800000000000000000e+01
1.200000000000000000e+01
4.000000000000000000e+00
2.000000000000000000e+00
1.000000000000000000e+00
0.000000000000000000e+00
0.000000000000000000e+00
8.000000000000000000e+00
1.660000000000000000e+02
0.000000000000000000e+00
1.800000000000000000e+01
0.000000000000000000e+00
2.030000000000000000e+02
0.000000000000000000e+00
0.000000000000000000e+00
4.000000000000000000e+00
4.300000000000000000e+01
2.400000000000000000e+01
0.000000000000000000e+00
2.790000000000000000e+02
5.200000000000000000e+01
0.000000000000000000e+00
4.500000000000000000e+01
1.530000000000000000e+02
1.000000000000000000e+00
6.000000000000000000e+00
2.400000000000000000e+01
1.020000000000000000e+02
9.020000000000000000e+02
0.000000000000000000e+00
1.000000000000000000e+00
0.000000000000000000e+00
0.000000000000000000e+00
2.000000000000000000e+00
9.000000000000000000e+00
2.000000000000000000e+00
2.900000000000000000e+01
1.840000000000000000e+02
3.700000000000000000e+01
3.090000000000000000e+02
8.000000000000000000e+00
7.200000000000000000e+01
0.000000000000000000e+00
2.100000000000000000e+01
6.000000000000000000e+00
2.000000000000000000e+00
3.000000000000000000e+00
2.000000000000000000e+00
6.000000000000000000e+00
2.000000000000000000e+00
1.000000000000000000e+00
0.000000000000000000e+00
0.000000000000000000e+00
1.000000000000000000e+00
9.250000000000000000e+02
4.000000000000000000e+00
2.000000000000000000e+00
0.000000000000000000e+00
4.000000000000000000e+00
8.700000000000000000e+01
0.000000000000000000e+00
0.000000000000000000e+00
4.700000000000000000e+01
3.930000000000000000e+02
2.000000000000000000e+00
2.667000000000000000e+03
0.000000000000000000e+00
4.000000000000000000e+00
0.000000000000000000e+00
0.000000000000000000e+00
0.000000000000000000e+00
1.000000000000000000e+00
2.290000000000000000e+02
0.000000000000000000e+00
9.000000000000000000e+00
2.700000000000000000e+01
1.410000000000000000e+02
0.000000000000000000e+00
1.000000000000000000e+00
1.100000000000000000e+01
0.000000000000000000e+00
1.296000000000000000e+03
3.000000000000000000e+00
1.400000000000000000e+02
5.210000000000000000e+02
0.000000000000000000e+00
3.000000000000000000e+00
0.000000000000000000e+00
1.000000000000000000e+00
3.600000000000000000e+01
1.000000000000000000e+00
2.200000000000000000e+01
8.200000000000000000e+01
0.000000000000000000e+00
2.900000000000000000e+01
3.000000000000000000e+00
0.000000000000000000e+00
6.800000000000000000e+01
0.000000000000000000e+00
3.000000000000000000e+00
9.000000000000000000e+01
0.000000000000000000e+00
1.000000000000000000e+00
4.500000000000000000e+01
0.000000000000000000e+00
1.280000000000000000e+02
0.000000000000000000e+00
2.100000000000000000e+01
8.200000000000000000e+01
1.400000000000000000e+01
2.000000000000000000e+00
1.130000000000000000e+02
0.000000000000000000e+00
3.400000000000000000e+01
1.800000000000000000e+01
1.100000000000000000e+01
1.456000000000000000e+03
0.000000000000000000e+00
9.800000000000000000e+01
1.900000000000000000e+01
0.000000000000000000e+00
2.700000000000000000e+01
3.700000000000000000e+01
0.000000000000000000e+00
3.700000000000000000e+01
6.000000000000000000e+00
2.100000000000000000e+01
0.000000000000000000e+00
0.000000000000000000e+00
1.500000000000000000e+01
3.500000000000000000e+01
4.000000000000000000e+00
2.400000000000000000e+01
0.000000000000000000e+00
0.000000000000000000e+00
4.000000000000000000e+00
2.200000000000000000e+01
0.000000000000000000e+00
2.480000000000000000e+02
1.800000000000000000e+01
6.170000000000000000e+02
1.300000000000000000e+01
2.700000000000000000e+01
1.200000000000000000e+01
1.040000000000000000e+02
0.000000000000000000e+00
2.000000000000000000e+00
4.800000000000000000e+01
3.000000000000000000e+00
1.400000000000000000e+02
1.600000000000000000e+01
0.000000000000000000e+00
6.700000000000000000e+01
2.000000000000000000e+00
0.000000000000000000e+00
0.000000000000000000e+00
2.400000000000000000e+01
0.000000000000000000e+00
1.800000000000000000e+01
3.400000000000000000e+01
3.420000000000000000e+02
2.290000000000000000e+02
0.000000000000000000e+00
3.200000000000000000e+01
3.910000000000000000e+02
9.600000000000000000e+01
1.600000000000000000e+01
2.600000000000000000e+02
5.100000000000000000e+01
3.890000000000000000e+02
2.000000000000000000e+00
0.000000000000000000e+00
1.000000000000000000e+00
2.410000000000000000e+02
1.090000000000000000e+02
0.000000000000000000e+00
8.000000000000000000e+00
1.500000000000000000e+01
0.000000000000000000e+00
1.000000000000000000e+00
0.000000000000000000e+00
2.400000000000000000e+01
1.000000000000000000e+00
5.100000000000000000e+01
1.000000000000000000e+01
2.990000000000000000e+02
3.277000000000000000e+03
4.600000000000000000e+01
3.000000000000000000e+00
1.120000000000000000e+03
2.550000000000000000e+02
1.100000000000000000e+01
7.000000000000000000e+00
2.000000000000000000e+00
1.600000000000000000e+01
4.000000000000000000e+00
9.000000000000000000e+00
2.000000000000000000e+00
0.000000000000000000e+00
1.880000000000000000e+02
6.000000000000000000e+00
6.000000000000000000e+00
1.400000000000000000e+01
0.000000000000000000e+00
1.000000000000000000e+00
3.000000000000000000e+00
1.450000000000000000e+02
1.300000000000000000e+01
7.000000000000000000e+00
4.000000000000000000e+00
0.000000000000000000e+00
4.000000000000000000e+00
2.000000000000000000e+00
1.400000000000000000e+01
1.900000000000000000e+01
6.300000000000000000e+01
3.700000000000000000e+01
0.000000000000000000e+00
0.000000000000000000e+00
9.000000000000000000e+01
8.300000000000000000e+01
0.000000000000000000e+00
0.000000000000000000e+00
1.000000000000000000e+00
2.200000000000000000e+01
7.000000000000000000e+00
3.600000000000000000e+01
0.000000000000000000e+00
0.000000000000000000e+00
0.000000000000000000e+00
5.000000000000000000e+00
2.900000000000000000e+01
0.000000000000000000e+00
1.000000000000000000e+00
0.000000000000000000e+00
6.000000000000000000e+00
0.000000000000000000e+00
4.300000000000000000e+01
3.000000000000000000e+00
0.000000000000000000e+00
0.000000000000000000e+00
1.000000000000000000e+00
3.000000000000000000e+00
6.000000000000000000e+00
1.980000000000000000e+02
7.600000000000000000e+01
3.000000000000000000e+00
0.000000000000000000e+00
1.000000000000000000e+00
3.000000000000000000e+00
5.000000000000000000e+00
0.000000000000000000e+00
1.130000000000000000e+02
6.000000000000000000e+00
0.000000000000000000e+00
0.000000000000000000e+00
1.000000000000000000e+01
0.000000000000000000e+00
1.000000000000000000e+01
0.000000000000000000e+00
3.000000000000000000e+00
0.000000000000000000e+00
2.700000000000000000e+02
6.000000000000000000e+00
0.000000000000000000e+00
4.000000000000000000e+01
2.300000000000000000e+01
5.000000000000000000e+00
8.600000000000000000e+01
0.000000000000000000e+00
0.000000000000000000e+00
5.000000000000000000e+00
0.000000000000000000e+00
4.000000000000000000e+00
0.000000000000000000e+00
2.490000000000000000e+02
1.000000000000000000e+00
0.000000000000000000e+00
1.400000000000000000e+01
2.000000000000000000e+00
4.800000000000000000e+01
0.000000000000000000e+00
4.230000000000000000e+02
2.080000000000000000e+02
6.000000000000000000e+01
0.000000000000000000e+00
1.000000000000000000e+00
0.000000000000000000e+00
3.000000000000000000e+00
1.050000000000000000e+02
5.400000000000000000e+01
3.000000000000000000e+00
0.000000000000000000e+00
0.000000000000000000e+00
0.000000000000000000e+00
0.000000000000000000e+00
1.300000000000000000e+01
3.000000000000000000e+00
0.000000000000000000e+00
0.000000000000000000e+00
0.000000000000000000e+00
6.000000000000000000e+00
0.000000000000000000e+00
0.000000000000000000e+00
2.000000000000000000e+00
2.000000000000000000e+00
1.000000000000000000e+00
4.190000000000000000e+02
0.000000000000000000e+00
1.900000000000000000e+01
0.000000000000000000e+00
8.200000000000000000e+01
1.390000000000000000e+02
7.000000000000000000e+00
0.000000000000000000e+00
1.590000000000000000e+02
0.000000000000000000e+00
3.700000000000000000e+01
1.000000000000000000e+00
0.000000000000000000e+00
0.000000000000000000e+00
4.300000000000000000e+01
1.100000000000000000e+01
2.990000000000000000e+02
0.000000000000000000e+00
1.150000000000000000e+02
1.670000000000000000e+02
0.000000000000000000e+00
0.000000000000000000e+00
5.000000000000000000e+00
0.000000000000000000e+00
0.000000000000000000e+00
2.100000000000000000e+01
3.000000000000000000e+00
2.370000000000000000e+02
1.000000000000000000e+00
0.000000000000000000e+00
2.340000000000000000e+02
9.000000000000000000e+00
3.100000000000000000e+01
1.000000000000000000e+00
1.000000000000000000e+00
0.000000000000000000e+00
7.000000000000000000e+00
1.210000000000000000e+02
0.000000000000000000e+00
1.160000000000000000e+02
1.200000000000000000e+01
2.190000000000000000e+02
2.010000000000000000e+02
1.000000000000000000e+00
1.000000000000000000e+00
2.000000000000000000e+00
2.000000000000000000e+00
0.000000000000000000e+00
3.000000000000000000e+00
1.600000000000000000e+01
1.000000000000000000e+00
4.600000000000000000e+01
3.600000000000000000e+01
3.800000000000000000e+01
1.330000000000000000e+02
3.140000000000000000e+02
0.000000000000000000e+00
2.140000000000000000e+02
5.000000000000000000e+00
0.000000000000000000e+00
3.200000000000000000e+01
0.000000000000000000e+00
2.000000000000000000e+00
3.000000000000000000e+00
5.000000000000000000e+00
0.000000000000000000e+00
3.200000000000000000e+01
6.000000000000000000e+00
1.000000000000000000e+00
2.000000000000000000e+00
5.000000000000000000e+00
5.300000000000000000e+01
1.800000000000000000e+01
2.500000000000000000e+01
7.000000000000000000e+00
0.000000000000000000e+00
1.630000000000000000e+02
2.000000000000000000e+00
8.050000000000000000e+02
1.200000000000000000e+01
1.390000000000000000e+02
0.000000000000000000e+00
0.000000000000000000e+00
5.700000000000000000e+01
3.840000000000000000e+02
9.000000000000000000e+00
3.000000000000000000e+00
1.000000000000000000e+00
3.267000000000000000e+03
1.160000000000000000e+02
0.000000000000000000e+00
1.000000000000000000e+00
2.700000000000000000e+01
0.000000000000000000e+00
3.000000000000000000e+00
2.700000000000000000e+01
5.000000000000000000e+00
0.000000000000000000e+00
1.900000000000000000e+01
3.090000000000000000e+02
2.000000000000000000e+00
0.000000000000000000e+00
1.600000000000000000e+01
2.000000000000000000e+00
1.100000000000000000e+01
2.500000000000000000e+01
9.000000000000000000e+00
1.400000000000000000e+01
4.870000000000000000e+02
4.000000000000000000e+00
3.200000000000000000e+01
1.700000000000000000e+01
0.000000000000000000e+00
0.000000000000000000e+00
0.000000000000000000e+00
0.000000000000000000e+00
7.000000000000000000e+00
1.000000000000000000e+00
1.360000000000000000e+02
0.000000000000000000e+00
5.000000000000000000e+00
7.000000000000000000e+00
0.000000000000000000e+00
1.000000000000000000e+00
9.100000000000000000e+01
1.000000000000000000e+00
2.000000000000000000e+01
1.990000000000000000e+02
0.000000000000000000e+00
9.000000000000000000e+00
1.300000000000000000e+01
1.100000000000000000e+01
1.900000000000000000e+01
0.000000000000000000e+00
8.000000000000000000e+00
1.000000000000000000e+00
1.000000000000000000e+00
0.000000000000000000e+00
0.000000000000000000e+00
1.000000000000000000e+00
2.640000000000000000e+02
0.000000000000000000e+00
4.200000000000000000e+01
2.070000000000000000e+02
3.000000000000000000e+00
0.000000000000000000e+00
0.000000000000000000e+00
0.000000000000000000e+00
0.000000000000000000e+00
3.100000000000000000e+01
9.000000000000000000e+00
3.000000000000000000e+00
1.000000000000000000e+00
2.000000000000000000e+00
4.700000000000000000e+01
6.000000000000000000e+00
1.600000000000000000e+01
0.000000000000000000e+00
2.000000000000000000e+00
5.000000000000000000e+00
5.000000000000000000e+00
1.600000000000000000e+01
1.250000000000000000e+02
5.000000000000000000e+00
2.300000000000000000e+01
0.000000000000000000e+00
2.700000000000000000e+01
0.000000000000000000e+00
4.000000000000000000e+00
1.693000000000000000e+03
0.000000000000000000e+00
2.300000000000000000e+01
4.000000000000000000e+00
0.000000000000000000e+00
2.000000000000000000e+00
2.200000000000000000e+01
4.000000000000000000e+00
0.000000000000000000e+00
2.600000000000000000e+01
2.917000000000000000e+03
4.490000000000000000e+02
2.635000000000000000e+03
0.000000000000000000e+00
4.000000000000000000e+00
0.000000000000000000e+00
0.000000000000000000e+00
2.500000000000000000e+01
9.000000000000000000e+00
0.000000000000000000e+00
0.000000000000000000e+00
1.300000000000000000e+01
8.000000000000000000e+00
2.000000000000000000e+00
6.350000000000000000e+02
2.000000000000000000e+00
2.000000000000000000e+00
6.000000000000000000e+01
5.190000000000000000e+02
0.000000000000000000e+00
0.000000000000000000e+00
3.600000000000000000e+01
0.000000000000000000e+00
0.000000000000000000e+00
1.000000000000000000e+00
6.000000000000000000e+00
0.000000000000000000e+00
5.550000000000000000e+02
0.000000000000000000e+00
1.200000000000000000e+02
2.000000000000000000e+01
0.000000000000000000e+00
3.000000000000000000e+00
0.000000000000000000e+00
0.000000000000000000e+00
0.000000000000000000e+00
1.000000000000000000e+00
2.700000000000000000e+01
3.060000000000000000e+02
5.530000000000000000e+02
5.000000000000000000e+01
1.290000000000000000e+02
0.000000000000000000e+00
3.300000000000000000e+01
1.700000000000000000e+01
0.000000000000000000e+00
6.310000000000000000e+02
0.000000000000000000e+00
1.600000000000000000e+01
2.000000000000000000e+00
6.100000000000000000e+01
1.000000000000000000e+01
1.600000000000000000e+01
9.900000000000000000e+01
4.400000000000000000e+01
0.000000000000000000e+00
1.200000000000000000e+01
3.000000000000000000e+00
8.000000000000000000e+00
3.300000000000000000e+01
6.000000000000000000e+00
0.000000000000000000e+00
1.000000000000000000e+01
1.510000000000000000e+02
0.000000000000000000e+00
8.000000000000000000e+00
1.000000000000000000e+00
7.000000000000000000e+00
1.250000000000000000e+02
0.000000000000000000e+00
5.500000000000000000e+01
1.650000000000000000e+02
1.720000000000000000e+02
9.000000000000000000e+00
5.800000000000000000e+01
2.000000000000000000e+00
1.400000000000000000e+01
2.480000000000000000e+02
0.000000000000000000e+00
1.700000000000000000e+01
7.000000000000000000e+00
0.000000000000000000e+00
5.000000000000000000e+00
0.000000000000000000e+00
6.000000000000000000e+00
0.000000000000000000e+00
8.000000000000000000e+00
1.000000000000000000e+01
0.000000000000000000e+00
0.000000000000000000e+00
3.000000000000000000e+00
0.000000000000000000e+00
5.100000000000000000e+01
0.000000000000000000e+00
0.000000000000000000e+00
1.200000000000000000e+01
3.000000000000000000e+00
1.000000000000000000e+00
0.000000000000000000e+00
0.000000000000000000e+00
3.200000000000000000e+01
0.000000000000000000e+00
3.000000000000000000e+00
8.600000000000000000e+01
0.000000000000000000e+00
7.900000000000000000e+01
6.000000000000000000e+00
7.350000000000000000e+02
1.000000000000000000e+00
2.100000000000000000e+01
2.000000000000000000e+00
5.000000000000000000e+00
2.060000000000000000e+02
0.000000000000000000e+00
1.780000000000000000e+02
2.300000000000000000e+01
5.000000000000000000e+00
2.000000000000000000e+00
4.000000000000000000e+00
7.000000000000000000e+00
0.000000000000000000e+00
2.760000000000000000e+02
8.400000000000000000e+01
1.100000000000000000e+01
1.230000000000000000e+02
2.300000000000000000e+01
1.100000000000000000e+01
0.000000000000000000e+00
0.000000000000000000e+00
0.000000000000000000e+00
4.400000000000000000e+01
4.480000000000000000e+02
0.000000000000000000e+00
2.500000000000000000e+01
1.300000000000000000e+01
2.600000000000000000e+01
1.800000000000000000e+01
1.300000000000000000e+01
0.000000000000000000e+00
0.000000000000000000e+00
9.000000000000000000e+00
3.300000000000000000e+01
0.000000000000000000e+00
4.600000000000000000e+01
7.000000000000000000e+00
2.150000000000000000e+02
0.000000000000000000e+00
6.200000000000000000e+01
2.900000000000000000e+01
4.000000000000000000e+00
2.350000000000000000e+02
4.000000000000000000e+00
6.000000000000000000e+00
1.900000000000000000e+01
0.000000000000000000e+00
3.000000000000000000e+00
3.000000000000000000e+00
6.300000000000000000e+01
1.690000000000000000e+02
1.500000000000000000e+01
7.000000000000000000e+00
3.300000000000000000e+01
1.000000000000000000e+02
0.000000000000000000e+00
1.500000000000000000e+01
3.900000000000000000e+01
3.200000000000000000e+01
3.100000000000000000e+01
3.090000000000000000e+02
0.000000000000000000e+00
0.000000000000000000e+00
0.000000000000000000e+00
0.000000000000000000e+00
0.000000000000000000e+00
0.000000000000000000e+00
6.000000000000000000e+00
3.500000000000000000e+01
8.000000000000000000e+00
2.000000000000000000e+00
1.100000000000000000e+01
1.500000000000000000e+01
7.700000000000000000e+01
2.000000000000000000e+01
0.000000000000000000e+00
3.000000000000000000e+00
8.000000000000000000e+00
0.000000000000000000e+00
0.000000000000000000e+00
5.200000000000000000e+01
1.660000000000000000e+02
6.300000000000000000e+01
4.380000000000000000e+02
5.600000000000000000e+01
0.000000000000000000e+00
0.000000000000000000e+00
1.000000000000000000e+01
0.000000000000000000e+00
0.000000000000000000e+00
0.000000000000000000e+00
0.000000000000000000e+00
4.500000000000000000e+01
5.000000000000000000e+00
1.600000000000000000e+01
0.000000000000000000e+00
0.000000000000000000e+00
3.000000000000000000e+00
3.000000000000000000e+00
0.000000000000000000e+00
0.000000000000000000e+00
3.200000000000000000e+01
3.900000000000000000e+01
2.300000000000000000e+01
2.807000000000000000e+03
2.200000000000000000e+01
5.480000000000000000e+02
5.000000000000000000e+01
3.310000000000000000e+02
1.700000000000000000e+01
1.100000000000000000e+01
4.630000000000000000e+03
1.600000000000000000e+01
5.600000000000000000e+01
4.000000000000000000e+00
0.000000000000000000e+00
0.000000000000000000e+00
2.100000000000000000e+01
0.000000000000000000e+00
1.154000000000000000e+03
0.000000000000000000e+00
3.500000000000000000e+01
0.000000000000000000e+00
1.800000000000000000e+01
4.000000000000000000e+00
0.000000000000000000e+00
0.000000000000000000e+00
0.000000000000000000e+00
8.000000000000000000e+00
1.000000000000000000e+01
4.000000000000000000e+01
4.800000000000000000e+01
0.000000000000000000e+00
6.000000000000000000e+00
0.000000000000000000e+00
0.000000000000000000e+00
0.000000000000000000e+00
0.000000000000000000e+00
2.400000000000000000e+01
0.000000000000000000e+00
6.910000000000000000e+02
1.000000000000000000e+01
0.000000000000000000e+00
1.700000000000000000e+01
1.300000000000000000e+01
0.000000000000000000e+00
0.000000000000000000e+00
0.000000000000000000e+00
1.000000000000000000e+00
1.100000000000000000e+01
8.200000000000000000e+01
2.500000000000000000e+01
2.700000000000000000e+01
4.000000000000000000e+00
8.000000000000000000e+00
0.000000000000000000e+00
1.748000000000000000e+03
5.000000000000000000e+00
8.000000000000000000e+00
1.790000000000000000e+02
0.000000000000000000e+00
1.000000000000000000e+00
0.000000000000000000e+00
0.000000000000000000e+00
0.000000000000000000e+00
8.000000000000000000e+00
1.300000000000000000e+01
0.000000000000000000e+00
9.000000000000000000e+00
0.000000000000000000e+00
0.000000000000000000e+00
0.000000000000000000e+00
1.700000000000000000e+01
0.000000000000000000e+00
1.000000000000000000e+01
4.130000000000000000e+02
1.200000000000000000e+01
1.800000000000000000e+01
0.000000000000000000e+00
2.000000000000000000e+00
2.120000000000000000e+02
9.000000000000000000e+00
0.000000000000000000e+00
3.000000000000000000e+00
4.960000000000000000e+02
3.000000000000000000e+01
1.400000000000000000e+01
5.000000000000000000e+00
1.000000000000000000e+00
4.630000000000000000e+02
0.000000000000000000e+00
1.250000000000000000e+02
0.000000000000000000e+00
1.896000000000000000e+03
1.300000000000000000e+01
2.000000000000000000e+00
2.700000000000000000e+01
1.490000000000000000e+02
8.000000000000000000e+00
0.000000000000000000e+00
2.000000000000000000e+00
1.500000000000000000e+01
1.100000000000000000e+01
3.000000000000000000e+00
1.010000000000000000e+02
0.000000000000000000e+00
3.100000000000000000e+01
1.800000000000000000e+01
9.700000000000000000e+01
5.400000000000000000e+01
0.000000000000000000e+00
4.000000000000000000e+00
1.000000000000000000e+01
2.300000000000000000e+01
1.330000000000000000e+02
2.000000000000000000e+01
0.000000000000000000e+00
1.100000000000000000e+01
3.910000000000000000e+02
2.000000000000000000e+00
4.000000000000000000e+00
8.000000000000000000e+00
0.000000000000000000e+00
1.200000000000000000e+01
6.000000000000000000e+00
7.000000000000000000e+00
0.000000000000000000e+00
2.000000000000000000e+00
2.223000000000000000e+03
0.000000000000000000e+00
3.000000000000000000e+01
2.000000000000000000e+00
1.700000000000000000e+01
9.000000000000000000e+01
1.500000000000000000e+01
1.070000000000000000e+02
6.000000000000000000e+00
1.800000000000000000e+01
3.000000000000000000e+00
0.000000000000000000e+00
1.700000000000000000e+01
1.000000000000000000e+01
3.000000000000000000e+00
3.000000000000000000e+00
1.736000000000000000e+03
3.000000000000000000e+00
3.000000000000000000e+00
1.300000000000000000e+01
1.000000000000000000e+00
1.150000000000000000e+02
7.300000000000000000e+01
0.000000000000000000e+00
1.400000000000000000e+01
0.000000000000000000e+00
1.800000000000000000e+01
4.000000000000000000e+00
7.400000000000000000e+01
6.000000000000000000e+00
1.700000000000000000e+01
1.084000000000000000e+03
2.000000000000000000e+00
1.000000000000000000e+01
2.700000000000000000e+01
0.000000000000000000e+00
9.800000000000000000e+01
1.322000000000000000e+03
1.200000000000000000e+02
4.000000000000000000e+00
3.200000000000000000e+01
1.600000000000000000e+01
0.000000000000000000e+00
0.000000000000000000e+00
6.000000000000000000e+00
3.000000000000000000e+00
0.000000000000000000e+00
7.000000000000000000e+00
0.000000000000000000e+00
2.000000000000000000e+00
6.680000000000000000e+02
1.600000000000000000e+01
0.000000000000000000e+00
0.000000000000000000e+00
0.000000000000000000e+00
1.000000000000000000e+01
2.000000000000000000e+00
0.000000000000000000e+00
1.400000000000000000e+01
3.000000000000000000e+00
1.000000000000000000e+00
0.000000000000000000e+00
3.200000000000000000e+01
9.170000000000000000e+02
1.350000000000000000e+02
3.000000000000000000e+00
0.000000000000000000e+00
1.200000000000000000e+01
0.000000000000000000e+00
2.000000000000000000e+00
1.200000000000000000e+01
8.000000000000000000e+00
6.910000000000000000e+02
1.600000000000000000e+01
0.000000000000000000e+00
2.900000000000000000e+01
1.500000000000000000e+01
5.000000000000000000e+00
9.000000000000000000e+00
5.400000000000000000e+01
1.000000000000000000e+01
5.700000000000000000e+01
2.000000000000000000e+00
0.000000000000000000e+00
1.000000000000000000e+00
0.000000000000000000e+00
0.000000000000000000e+00
1.000000000000000000e+01
1.080000000000000000e+02
4.000000000000000000e+00
8.000000000000000000e+01
5.370000000000000000e+02
0.000000000000000000e+00
6.000000000000000000e+00
8.000000000000000000e+00
1.100000000000000000e+01
0.000000000000000000e+00
0.000000000000000000e+00
3.140000000000000000e+02
1.400000000000000000e+01
1.040000000000000000e+03
0.000000000000000000e+00
3.700000000000000000e+01
4.900000000000000000e+01
1.100000000000000000e+01
3.300000000000000000e+01
2.300000000000000000e+01
0.000000000000000000e+00
3.410000000000000000e+02
4.300000000000000000e+01
1.100000000000000000e+01
1.100000000000000000e+01
6.520000000000000000e+02
0.000000000000000000e+00
0.000000000000000000e+00
1.830000000000000000e+02
3.300000000000000000e+01
1.000000000000000000e+00
8.000000000000000000e+00
1.300000000000000000e+01
8.000000000000000000e+00
0.000000000000000000e+00
1.170000000000000000e+02
3.480000000000000000e+02
2.060000000000000000e+02
1.000000000000000000e+01
4.300000000000000000e+01
0.000000000000000000e+00
1.000000000000000000e+00
9.000000000000000000e+00
7.000000000000000000e+00
4.590000000000000000e+02
0.000000000000000000e+00
0.000000000000000000e+00
1.000000000000000000e+00
2.500000000000000000e+01
3.000000000000000000e+00
0.000000000000000000e+00
7.000000000000000000e+00
1.000000000000000000e+01
3.700000000000000000e+01
0.000000000000000000e+00
1.600000000000000000e+01
1.660000000000000000e+03
1.800000000000000000e+01
2.000000000000000000e+00
2.400000000000000000e+01
1.000000000000000000e+01
0.000000000000000000e+00
9.000000000000000000e+00
0.000000000000000000e+00
1.200000000000000000e+02
1.000000000000000000e+00
8.300000000000000000e+01
3.000000000000000000e+00
1.330000000000000000e+02
4.000000000000000000e+00
3.500000000000000000e+01
4.000000000000000000e+00
5.000000000000000000e+00
6.730000000000000000e+02
1.400000000000000000e+01
0.000000000000000000e+00
7.000000000000000000e+00
5.000000000000000000e+00
2.720000000000000000e+02
6.600000000000000000e+01
0.000000000000000000e+00
9.000000000000000000e+00
9.500000000000000000e+01
2.000000000000000000e+00
0.000000000000000000e+00
4.000000000000000000e+00
1.200000000000000000e+01
3.714000000000000000e+03
9.000000000000000000e+00
4.000000000000000000e+00
1.000000000000000000e+00
6.000000000000000000e+00
0.000000000000000000e+00
4.000000000000000000e+00
5.500000000000000000e+01
2.000000000000000000e+01
2.000000000000000000e+00
0.000000000000000000e+00
1.000000000000000000e+00
7.300000000000000000e+01
0.000000000000000000e+00
2.000000000000000000e+00
0.000000000000000000e+00
0.000000000000000000e+00
1.030000000000000000e+02
2.900000000000000000e+01
0.000000000000000000e+00
2.600000000000000000e+01
0.000000000000000000e+00
4.000000000000000000e+00
6.300000000000000000e+01
0.000000000000000000e+00
1.400000000000000000e+01
0.000000000000000000e+00
1.500000000000000000e+01
0.000000000000000000e+00
0.000000000000000000e+00
6.000000000000000000e+00
0.000000000000000000e+00
6.000000000000000000e+00
0.000000000000000000e+00
7.000000000000000000e+00
1.000000000000000000e+00
5.150000000000000000e+02
0.000000000000000000e+00
1.000000000000000000e+02
1.140000000000000000e+02
0.000000000000000000e+00
0.000000000000000000e+00
9.000000000000000000e+01
1.000000000000000000e+01
0.000000000000000000e+00
1.000000000000000000e+00
2.000000000000000000e+00
1.500000000000000000e+01
0.000000000000000000e+00
7.000000000000000000e+00
3.170000000000000000e+02
5.900000000000000000e+01
2.410000000000000000e+02
5.900000000000000000e+01
0.000000000000000000e+00
5.000000000000000000e+00
1.200000000000000000e+01
0.000000000000000000e+00
4.000000000000000000e+00
7.000000000000000000e+00
0.000000000000000000e+00
2.000000000000000000e+00
0.000000000000000000e+00
0.000000000000000000e+00
4.000000000000000000e+00
9.400000000000000000e+01
1.000000000000000000e+00
0.000000000000000000e+00
1.000000000000000000e+00
7.500000000000000000e+01
0.000000000000000000e+00
7.000000000000000000e+01
5.000000000000000000e+00
8.000000000000000000e+00
3.000000000000000000e+00
5.050000000000000000e+02
1.320000000000000000e+02
0.000000000000000000e+00
1.000000000000000000e+00
9.000000000000000000e+00
6.000000000000000000e+00
6.600000000000000000e+01
0.000000000000000000e+00
0.000000000000000000e+00
1.400000000000000000e+01
0.000000000000000000e+00
4.000000000000000000e+00
6.600000000000000000e+01
0.000000000000000000e+00
6.000000000000000000e+00
0.000000000000000000e+00
0.000000000000000000e+00
0.000000000000000000e+00
6.000000000000000000e+00
1.700000000000000000e+01
0.000000000000000000e+00
0.000000000000000000e+00
1.900000000000000000e+01
9.000000000000000000e+00
6.000000000000000000e+00
1.750000000000000000e+02
8.420000000000000000e+02
1.000000000000000000e+00
1.000000000000000000e+00
2.120000000000000000e+02
2.000000000000000000e+01
0.000000000000000000e+00
0.000000000000000000e+00
1.000000000000000000e+00
1.200000000000000000e+01
0.000000000000000000e+00
0.000000000000000000e+00
1.340000000000000000e+02
0.000000000000000000e+00
0.000000000000000000e+00
2.000000000000000000e+00
2.000000000000000000e+00
2.900000000000000000e+01
1.000000000000000000e+00
5.000000000000000000e+00
2.975000000000000000e+03
0.000000000000000000e+00
3.000000000000000000e+00
3.170000000000000000e+02
0.000000000000000000e+00
9.000000000000000000e+00
2.700000000000000000e+01
5.000000000000000000e+00
1.300000000000000000e+01
4.270000000000000000e+02
0.000000000000000000e+00
8.200000000000000000e+01
1.100000000000000000e+01
0.000000000000000000e+00
6.000000000000000000e+00
3.620000000000000000e+02
0.000000000000000000e+00
3.000000000000000000e+00
0.000000000000000000e+00
0.000000000000000000e+00
0.000000000000000000e+00
0.000000000000000000e+00
0.000000000000000000e+00
2.000000000000000000e+00
3.000000000000000000e+01
0.000000000000000000e+00
9.000000000000000000e+00
3.000000000000000000e+01
0.000000000000000000e+00
0.000000000000000000e+00
9.900000000000000000e+01
3.000000000000000000e+00
2.500000000000000000e+01
1.000000000000000000e+00
4.100000000000000000e+01
1.300000000000000000e+01
1.000000000000000000e+01
3.000000000000000000e+00
7.900000000000000000e+01
2.000000000000000000e+00
4.900000000000000000e+01
2.400000000000000000e+01
2.000000000000000000e+00
1.200000000000000000e+01
1.030000000000000000e+02
1.500000000000000000e+01
1.100000000000000000e+01
6.000000000000000000e+00
0.000000000000000000e+00
0.000000000000000000e+00
1.100000000000000000e+01
0.000000000000000000e+00
0.000000000000000000e+00
1.500000000000000000e+01
0.000000000000000000e+00
0.000000000000000000e+00
4.000000000000000000e+00
0.000000000000000000e+00
1.231000000000000000e+03
1.200000000000000000e+01
2.970000000000000000e+02
1.300000000000000000e+01
9.000000000000000000e+00
2.000000000000000000e+00
4.200000000000000000e+01
0.000000000000000000e+00
5.000000000000000000e+00
0.000000000000000000e+00
1.000000000000000000e+00
0.000000000000000000e+00
2.100000000000000000e+01
0.000000000000000000e+00
2.900000000000000000e+01
0.000000000000000000e+00
3.500000000000000000e+01
2.000000000000000000e+00
0.000000000000000000e+00
0.000000000000000000e+00
1.800000000000000000e+01
2.600000000000000000e+01
2.000000000000000000e+00
1.003000000000000000e+03
7.000000000000000000e+01
8.700000000000000000e+01
0.000000000000000000e+00
1.060000000000000000e+02
0.000000000000000000e+00
1.000000000000000000e+00
9.790000000000000000e+02
0.000000000000000000e+00
0.000000000000000000e+00
0.000000000000000000e+00
0.000000000000000000e+00
5.000000000000000000e+00
0.000000000000000000e+00
7.000000000000000000e+02
3.000000000000000000e+00
1.153000000000000000e+03
2.200000000000000000e+01
3.600000000000000000e+01
1.600000000000000000e+01
0.000000000000000000e+00
4.900000000000000000e+01
5.800000000000000000e+01
0.000000000000000000e+00
4.500000000000000000e+01
0.000000000000000000e+00
2.400000000000000000e+01
0.000000000000000000e+00
0.000000000000000000e+00
1.300000000000000000e+01
2.000000000000000000e+00
1.386000000000000000e+03
0.000000000000000000e+00
2.400000000000000000e+01
2.000000000000000000e+00
2.000000000000000000e+00
7.300000000000000000e+01
1.000000000000000000e+00
0.000000000000000000e+00
0.000000000000000000e+00
2.453000000000000000e+03
5.000000000000000000e+00
7.000000000000000000e+00
0.000000000000000000e+00
2.080000000000000000e+02
3.000000000000000000e+00
2.000000000000000000e+00
0.000000000000000000e+00
8.000000000000000000e+00
0.000000000000000000e+00
6.000000000000000000e+00
1.500000000000000000e+02
1.400000000000000000e+01
0.000000000000000000e+00
1.000000000000000000e+01
5.000000000000000000e+00
0.000000000000000000e+00
5.000000000000000000e+00
1.280000000000000000e+02
3.000000000000000000e+00
1.000000000000000000e+00
1.004000000000000000e+03
0.000000000000000000e+00
0.000000000000000000e+00
1.300000000000000000e+01
1.000000000000000000e+00
0.000000000000000000e+00
0.000000000000000000e+00
2.800000000000000000e+01
1.600000000000000000e+01
0.000000000000000000e+00
8.000000000000000000e+00
0.000000000000000000e+00
0.000000000000000000e+00
5.000000000000000000e+00
3.500000000000000000e+01
0.000000000000000000e+00
0.000000000000000000e+00
0.000000000000000000e+00
3.000000000000000000e+00
1.200000000000000000e+01
0.000000000000000000e+00
4.800000000000000000e+01
2.000000000000000000e+00
0.000000000000000000e+00
1.160000000000000000e+02
0.000000000000000000e+00
3.000000000000000000e+00
0.000000000000000000e+00
2.409000000000000000e+03
1.600000000000000000e+02
0.000000000000000000e+00
0.000000000000000000e+00
1.500000000000000000e+01
0.000000000000000000e+00
2.000000000000000000e+00
2.000000000000000000e+00
2.200000000000000000e+01
1.800000000000000000e+01
0.000000000000000000e+00
0.000000000000000000e+00
0.000000000000000000e+00
4.900000000000000000e+01
0.000000000000000000e+00
2.100000000000000000e+01
0.000000000000000000e+00
0.000000000000000000e+00
2.000000000000000000e+01
2.977000000000000000e+03
3.000000000000000000e+00
7.600000000000000000e+01
1.770000000000000000e+02
8.000000000000000000e+00
2.000000000000000000e+00
1.800000000000000000e+01
5.400000000000000000e+01
2.000000000000000000e+00
2.000000000000000000e+00
2.000000000000000000e+00
1.230000000000000000e+02
0.000000000000000000e+00
4.000000000000000000e+00
3.000000000000000000e+01
4.000000000000000000e+00
0.000000000000000000e+00
2.060000000000000000e+02
1.400000000000000000e+01
7.500000000000000000e+01
0.000000000000000000e+00
0.000000000000000000e+00
4.000000000000000000e+00
2.600000000000000000e+02
3.700000000000000000e+01
0.000000000000000000e+00
2.600000000000000000e+01
1.438000000000000000e+03
1.521000000000000000e+03
0.000000000000000000e+00
4.000000000000000000e+01
1.200000000000000000e+01
1.300000000000000000e+01
1.000000000000000000e+01
0.000000000000000000e+00
0.000000000000000000e+00
2.630000000000000000e+02
4.130000000000000000e+02
3.000000000000000000e+01
0.000000000000000000e+00
2.400000000000000000e+01
2.300000000000000000e+02
1.400000000000000000e+02
0.000000000000000000e+00
3.300000000000000000e+01
1.060000000000000000e+02
3.000000000000000000e+00
1.400000000000000000e+01
4.000000000000000000e+00
0.000000000000000000e+00
0.000000000000000000e+00
2.000000000000000000e+00
1.007000000000000000e+03
0.000000000000000000e+00
8.200000000000000000e+01
2.000000000000000000e+00
1.090000000000000000e+02
2.770000000000000000e+02
2.660000000000000000e+02
2.500000000000000000e+02
2.300000000000000000e+01
0.000000000000000000e+00
1.000000000000000000e+00
5.200000000000000000e+01
0.000000000000000000e+00
1.526000000000000000e+03
0.000000000000000000e+00
0.000000000000000000e+00
2.770000000000000000e+02
2.100000000000000000e+01
4.590000000000000000e+02
9.000000000000000000e+00
4.000000000000000000e+00
1.464000000000000000e+03
0.000000000000000000e+00
1.000000000000000000e+02
6.100000000000000000e+01
0.000000000000000000e+00
1.000000000000000000e+00
1.100000000000000000e+01
2.200000000000000000e+01
2.700000000000000000e+01
1.780000000000000000e+02
2.000000000000000000e+00
4.500000000000000000e+01
0.000000000000000000e+00
1.300000000000000000e+01
1.200000000000000000e+01
6.000000000000000000e+00
1.000000000000000000e+00
1.000000000000000000e+00
2.000000000000000000e+00
1.100000000000000000e+01
4.700000000000000000e+01
0.000000000000000000e+00
1.900000000000000000e+01
1.530000000000000000e+02
0.000000000000000000e+00
0.000000000000000000e+00
1.000000000000000000e+00
2.460000000000000000e+02
0.000000000000000000e+00
0.000000000000000000e+00
0.000000000000000000e+00
0.000000000000000000e+00
3.000000000000000000e+00
5.400000000000000000e+01
0.000000000000000000e+00
3.000000000000000000e+00
6.000000000000000000e+00
0.000000000000000000e+00
9.600000000000000000e+01
3.000000000000000000e+00
4.760000000000000000e+02
7.000000000000000000e+00
1.000000000000000000e+00
2.000000000000000000e+00
3.000000000000000000e+00
1.000000000000000000e+00
1.079000000000000000e+03
2.000000000000000000e+00
0.000000000000000000e+00
0.000000000000000000e+00
0.000000000000000000e+00
0.000000000000000000e+00
5.000000000000000000e+01
0.000000000000000000e+00
3.000000000000000000e+00
3.000000000000000000e+00
1.370000000000000000e+02
5.930000000000000000e+02
0.000000000000000000e+00
3.000000000000000000e+00
2.000000000000000000e+00
3.500000000000000000e+01
0.000000000000000000e+00
4.000000000000000000e+00
7.600000000000000000e+01
3.400000000000000000e+01
0.000000000000000000e+00
2.500000000000000000e+01
0.000000000000000000e+00
0.000000000000000000e+00
1.190000000000000000e+02
0.000000000000000000e+00
2.000000000000000000e+00
2.000000000000000000e+00
1.000000000000000000e+00
7.000000000000000000e+00
0.000000000000000000e+00
1.000000000000000000e+00
0.000000000000000000e+00
8.000000000000000000e+00
4.000000000000000000e+00
7.000000000000000000e+00
4.000000000000000000e+00
3.000000000000000000e+00
0.000000000000000000e+00
1.300000000000000000e+02
8.000000000000000000e+00
1.000000000000000000e+01
9.000000000000000000e+00
0.000000000000000000e+00
1.190000000000000000e+03
1.000000000000000000e+00
2.920000000000000000e+02
0.000000000000000000e+00
4.100000000000000000e+01
4.690000000000000000e+02
4.100000000000000000e+01
5.000000000000000000e+00
3.000000000000000000e+01
1.089000000000000000e+03
0.000000000000000000e+00
1.400000000000000000e+01
0.000000000000000000e+00
0.000000000000000000e+00
0.000000000000000000e+00
1.900000000000000000e+01
4.000000000000000000e+00
1.719000000000000000e+03
1.400000000000000000e+01
1.500000000000000000e+01
0.000000000000000000e+00
0.000000000000000000e+00
1.000000000000000000e+00
0.000000000000000000e+00
4.000000000000000000e+01
0.000000000000000000e+00
2.800000000000000000e+01
2.500000000000000000e+01
4.400000000000000000e+01
3.000000000000000000e+00
2.000000000000000000e+00
0.000000000000000000e+00
3.000000000000000000e+00
6.700000000000000000e+01
1.000000000000000000e+01
2.000000000000000000e+00
9.600000000000000000e+01
1.000000000000000000e+00
5.000000000000000000e+00
7.000000000000000000e+00
2.900000000000000000e+01
6.000000000000000000e+00
0.000000000000000000e+00
0.000000000000000000e+00
0.000000000000000000e+00
4.000000000000000000e+00
9.900000000000000000e+01
0.000000000000000000e+00
1.000000000000000000e+00
2.000000000000000000e+00
1.200000000000000000e+01
1.080000000000000000e+02
1.000000000000000000e+00
9.000000000000000000e+00
7.300000000000000000e+01
1.900000000000000000e+01
2.100000000000000000e+01
3.000000000000000000e+00
4.100000000000000000e+01
1.500000000000000000e+01
0.000000000000000000e+00
5.300000000000000000e+01
0.000000000000000000e+00
1.900000000000000000e+01
3.000000000000000000e+00
6.910000000000000000e+02
3.000000000000000000e+00
0.000000000000000000e+00
3.000000000000000000e+00
0.000000000000000000e+00
0.000000000000000000e+00
4.690000000000000000e+02
9.530000000000000000e+02
0.000000000000000000e+00
3.000000000000000000e+00
3.000000000000000000e+00
9.000000000000000000e+00
0.000000000000000000e+00
7.660000000000000000e+02
1.000000000000000000e+01
3.800000000000000000e+01
1.000000000000000000e+00
8.000000000000000000e+00
2.560000000000000000e+02
9.000000000000000000e+00
0.000000000000000000e+00
2.647000000000000000e+03
0.000000000000000000e+00
0.000000000000000000e+00
0.000000000000000000e+00
1.500000000000000000e+01
5.580000000000000000e+02
0.000000000000000000e+00
5.000000000000000000e+00
6.300000000000000000e+01
2.500000000000000000e+01
5.000000000000000000e+00
9.000000000000000000e+00
0.000000000000000000e+00
0.000000000000000000e+00
1.000000000000000000e+00
5.430000000000000000e+02
0.000000000000000000e+00
3.800000000000000000e+01
0.000000000000000000e+00
2.700000000000000000e+01
1.000000000000000000e+00
2.000000000000000000e+00
7.000000000000000000e+00
3.260000000000000000e+02
0.000000000000000000e+00
2.600000000000000000e+01
0.000000000000000000e+00
0.000000000000000000e+00
8.400000000000000000e+01
0.000000000000000000e+00
3.000000000000000000e+00
0.000000000000000000e+00
0.000000000000000000e+00
2.000000000000000000e+01
0.000000000000000000e+00
5.500000000000000000e+02
3.600000000000000000e+01
0.000000000000000000e+00
4.000000000000000000e+00
0.000000000000000000e+00
3.000000000000000000e+00
0.000000000000000000e+00
3.300000000000000000e+01
2.000000000000000000e+00
1.000000000000000000e+00
2.300000000000000000e+01
1.300000000000000000e+01
1.000000000000000000e+00
2.000000000000000000e+00
6.000000000000000000e+01
4.800000000000000000e+01
0.000000000000000000e+00
4.000000000000000000e+00
0.000000000000000000e+00
2.100000000000000000e+01
4.000000000000000000e+00
2.300000000000000000e+01
1.020000000000000000e+02
2.300000000000000000e+01
4.700000000000000000e+01
2.100000000000000000e+01
0.000000000000000000e+00
3.300000000000000000e+01
1.000000000000000000e+00
7.000000000000000000e+00
0.000000000000000000e+00
1.000000000000000000e+01
0.000000000000000000e+00
0.000000000000000000e+00
1.300000000000000000e+01
2.000000000000000000e+00
3.600000000000000000e+01
1.600000000000000000e+01
1.000000000000000000e+00
8.000000000000000000e+00
2.000000000000000000e+00
2.000000000000000000e+00
1.144000000000000000e+03
4.610000000000000000e+02
8.000000000000000000e+00
0.000000000000000000e+00
3.610000000000000000e+02
6.000000000000000000e+00
0.000000000000000000e+00
5.000000000000000000e+00
7.000000000000000000e+00
0.000000000000000000e+00
1.200000000000000000e+01
2.200000000000000000e+01
0.000000000000000000e+00
3.000000000000000000e+00
1.550000000000000000e+02
0.000000000000000000e+00
1.000000000000000000e+00
0.000000000000000000e+00
5.000000000000000000e+00
2.240000000000000000e+02
4.900000000000000000e+01
0.000000000000000000e+00
0.000000000000000000e+00
0.000000000000000000e+00
5.200000000000000000e+01
1.190000000000000000e+02
2.000000000000000000e+00
2.000000000000000000e+00
7.450000000000000000e+02
2.000000000000000000e+00
9.900000000000000000e+01
4.000000000000000000e+01
2.400000000000000000e+01
4.500000000000000000e+01
1.000000000000000000e+00
8.000000000000000000e+00
5.800000000000000000e+01
9.810000000000000000e+02
9.000000000000000000e+00
0.000000000000000000e+00
0.000000000000000000e+00
0.000000000000000000e+00
0.000000000000000000e+00
0.000000000000000000e+00
1.000000000000000000e+01
5.600000000000000000e+01
0.000000000000000000e+00
2.500000000000000000e+01
0.000000000000000000e+00
1.660000000000000000e+02
4.000000000000000000e+00
2.400000000000000000e+01
0.000000000000000000e+00
1.600000000000000000e+01
0.000000000000000000e+00
3.000000000000000000e+00
0.000000000000000000e+00
1.800000000000000000e+01
1.000000000000000000e+00
0.000000000000000000e+00
2.000000000000000000e+00
2.690000000000000000e+02
1.000000000000000000e+00
2.700000000000000000e+01
2.000000000000000000e+00
0.000000000000000000e+00
1.000000000000000000e+00
0.000000000000000000e+00
3.000000000000000000e+00
0.000000000000000000e+00
7.000000000000000000e+00
4.400000000000000000e+01
1.000000000000000000e+00
2.000000000000000000e+00
4.970000000000000000e+02
4.000000000000000000e+00
1.000000000000000000e+00
0.000000000000000000e+00
1.000000000000000000e+01
4.100000000000000000e+01
4.260000000000000000e+02
0.000000000000000000e+00
2.000000000000000000e+01
0.000000000000000000e+00
2.050000000000000000e+02
0.000000000000000000e+00
3.076000000000000000e+03
6.000000000000000000e+00
0.000000000000000000e+00
6.800000000000000000e+01
0.000000000000000000e+00
4.000000000000000000e+00
1.380000000000000000e+02
0.000000000000000000e+00
2.300000000000000000e+01
5.990000000000000000e+02
1.010000000000000000e+02
9.480000000000000000e+02
9.000000000000000000e+00
0.000000000000000000e+00
1.800000000000000000e+01
5.000000000000000000e+01
2.000000000000000000e+00
2.000000000000000000e+01
3.000000000000000000e+00
2.500000000000000000e+01
1.000000000000000000e+01
5.000000000000000000e+00
3.500000000000000000e+01
0.000000000000000000e+00
1.000000000000000000e+00
3.300000000000000000e+01
1.000000000000000000e+00
4.000000000000000000e+00
1.000000000000000000e+01
1.000000000000000000e+00
5.000000000000000000e+00
0.000000000000000000e+00
6.000000000000000000e+00
1.000000000000000000e+00
0.000000000000000000e+00
2.800000000000000000e+01
1.600000000000000000e+01
1.050000000000000000e+02
3.000000000000000000e+00
8.000000000000000000e+01
1.000000000000000000e+00
1.200000000000000000e+01
0.000000000000000000e+00
3.000000000000000000e+00
0.000000000000000000e+00
1.600000000000000000e+01
1.400000000000000000e+01
0.000000000000000000e+00
2.000000000000000000e+00
5.000000000000000000e+00
2.380000000000000000e+02
0.000000000000000000e+00
2.758000000000000000e+03
1.200000000000000000e+01
1.000000000000000000e+00
2.500000000000000000e+01
1.700000000000000000e+01
3.290000000000000000e+02
0.000000000000000000e+00
3.200000000000000000e+01
2.000000000000000000e+00
0.000000000000000000e+00
0.000000000000000000e+00
1.830000000000000000e+02
1.000000000000000000e+00
0.000000000000000000e+00
2.000000000000000000e+00
1.000000000000000000e+00
2.400000000000000000e+01
3.000000000000000000e+00
3.000000000000000000e+00
0.000000000000000000e+00
2.020000000000000000e+02
1.000000000000000000e+00
1.660000000000000000e+02
4.090000000000000000e+02
5.100000000000000000e+01
3.600000000000000000e+01
0.000000000000000000e+00
4.000000000000000000e+00
5.600000000000000000e+01
4.800000000000000000e+01
2.000000000000000000e+00
0.000000000000000000e+00
0.000000000000000000e+00
3.000000000000000000e+01
5.600000000000000000e+01
1.000000000000000000e+00
5.000000000000000000e+00
4.100000000000000000e+01
0.000000000000000000e+00
5.000000000000000000e+00
0.000000000000000000e+00
2.000000000000000000e+00
2.000000000000000000e+00
0.000000000000000000e+00
5.410000000000000000e+02
9.000000000000000000e+00
6.380000000000000000e+02
0.000000000000000000e+00
0.000000000000000000e+00
1.500000000000000000e+02
2.000000000000000000e+00
3.400000000000000000e+01
1.700000000000000000e+01
0.000000000000000000e+00
0.000000000000000000e+00
1.700000000000000000e+01
2.300000000000000000e+01
1.700000000000000000e+01
1.540000000000000000e+02
0.000000000000000000e+00
8.000000000000000000e+00
1.700000000000000000e+01
7.000000000000000000e+00
1.200000000000000000e+01
0.000000000000000000e+00
5.000000000000000000e+00
2.800000000000000000e+01
7.000000000000000000e+00
4.100000000000000000e+01
9.000000000000000000e+00
4.000000000000000000e+00
1.100000000000000000e+01
1.100000000000000000e+01
0.000000000000000000e+00
4.000000000000000000e+00
1.400000000000000000e+01
2.000000000000000000e+00
1.600000000000000000e+01
1.850000000000000000e+02
0.000000000000000000e+00
2.800000000000000000e+01
7.000000000000000000e+00
0.000000000000000000e+00
0.000000000000000000e+00
0.000000000000000000e+00
3.500000000000000000e+01
1.400000000000000000e+01
1.000000000000000000e+00
1.300000000000000000e+01
2.160000000000000000e+02
4.000000000000000000e+01
9.000000000000000000e+00
5.000000000000000000e+00
2.200000000000000000e+01
2.400000000000000000e+01
2.000000000000000000e+00
0.000000000000000000e+00
0.000000000000000000e+00
6.900000000000000000e+01
4.600000000000000000e+01
0.000000000000000000e+00
1.800000000000000000e+01
0.000000000000000000e+00
7.800000000000000000e+01
0.000000000000000000e+00
2.600000000000000000e+01
2.000000000000000000e+00
1.290000000000000000e+02
0.000000000000000000e+00
0.000000000000000000e+00
0.000000000000000000e+00
0.000000000000000000e+00
4.000000000000000000e+00
6.560000000000000000e+02
0.000000000000000000e+00
3.000000000000000000e+01
6.000000000000000000e+00
3.900000000000000000e+01
5.000000000000000000e+00
2.800000000000000000e+01
5.300000000000000000e+01
0.000000000000000000e+00
8.000000000000000000e+00
0.000000000000000000e+00
1.000000000000000000e+00
4.400000000000000000e+01
2.700000000000000000e+01
6.000000000000000000e+00
1.860000000000000000e+02
2.870000000000000000e+02
7.300000000000000000e+01
1.000000000000000000e+00
9.100000000000000000e+01
9.600000000000000000e+01
0.000000000000000000e+00
4.400000000000000000e+01
0.000000000000000000e+00
2.600000000000000000e+01
1.000000000000000000e+00
8.000000000000000000e+00
2.000000000000000000e+00
2.000000000000000000e+00
1.200000000000000000e+01
2.120000000000000000e+02
0.000000000000000000e+00
0.000000000000000000e+00
0.000000000000000000e+00
3.500000000000000000e+01
0.000000000000000000e+00
2.407000000000000000e+03
7.000000000000000000e+00
0.000000000000000000e+00
1.550000000000000000e+02
6.000000000000000000e+00
0.000000000000000000e+00
0.000000000000000000e+00
9.000000000000000000e+00
1.000000000000000000e+00
0.000000000000000000e+00
7.000000000000000000e+00
2.000000000000000000e+01
0.000000000000000000e+00
2.000000000000000000e+00
6.060000000000000000e+02
0.000000000000000000e+00
2.460000000000000000e+02
5.000000000000000000e+00
0.000000000000000000e+00
1.000000000000000000e+00
1.300000000000000000e+01
9.000000000000000000e+00
2.414000000000000000e+03
0.000000000000000000e+00
6.000000000000000000e+00
0.000000000000000000e+00
1.080000000000000000e+02
2.670000000000000000e+02
0.000000000000000000e+00
1.500000000000000000e+01
3.000000000000000000e+00
1.000000000000000000e+00
0.000000000000000000e+00
2.000000000000000000e+00
0.000000000000000000e+00
2.000000000000000000e+00
0.000000000000000000e+00
0.000000000000000000e+00
2.300000000000000000e+01
0.000000000000000000e+00
0.000000000000000000e+00
1.000000000000000000e+00
0.000000000000000000e+00
6.000000000000000000e+00
4.000000000000000000e+00
7.490000000000000000e+02
7.900000000000000000e+01
6.000000000000000000e+00
7.010000000000000000e+02
0.000000000000000000e+00
0.000000000000000000e+00
0.000000000000000000e+00
3.000000000000000000e+00
1.511000000000000000e+03
0.000000000000000000e+00
1.570000000000000000e+02
2.000000000000000000e+00
7.400000000000000000e+01
0.000000000000000000e+00
0.000000000000000000e+00
1.180000000000000000e+02
0.000000000000000000e+00
2.000000000000000000e+00
4.000000000000000000e+00
0.000000000000000000e+00
1.500000000000000000e+01
1.700000000000000000e+01
0.000000000000000000e+00
5.000000000000000000e+00
0.000000000000000000e+00
2.380000000000000000e+02
9.000000000000000000e+00
2.200000000000000000e+01
1.700000000000000000e+01
7.000000000000000000e+00
4.000000000000000000e+00
0.000000000000000000e+00
1.800000000000000000e+01
3.500000000000000000e+01
0.000000000000000000e+00
0.000000000000000000e+00
2.400000000000000000e+01
8.000000000000000000e+00
3.500000000000000000e+01
1.400000000000000000e+01
6.300000000000000000e+01
1.100000000000000000e+01
0.000000000000000000e+00
2.520000000000000000e+02
0.000000000000000000e+00
1.140000000000000000e+02
1.100000000000000000e+01
2.000000000000000000e+00
3.000000000000000000e+00
5.300000000000000000e+01
2.700000000000000000e+01
8.000000000000000000e+00
0.000000000000000000e+00
3.500000000000000000e+01
7.300000000000000000e+01
1.400000000000000000e+01
0.000000000000000000e+00
0.000000000000000000e+00
1.900000000000000000e+01
3.300000000000000000e+01
1.000000000000000000e+00
3.000000000000000000e+01
7.000000000000000000e+00
5.550000000000000000e+02
2.000000000000000000e+00
0.000000000000000000e+00
1.970000000000000000e+02
3.300000000000000000e+01
2.300000000000000000e+01
1.100000000000000000e+01
6.000000000000000000e+01
6.000000000000000000e+01
4.000000000000000000e+01
1.500000000000000000e+01
9.000000000000000000e+00
0.000000000000000000e+00
1.100000000000000000e+02
2.300000000000000000e+01
1.090000000000000000e+02
2.740000000000000000e+02
4.000000000000000000e+00
1.000000000000000000e+00
1.000000000000000000e+00
3.000000000000000000e+00
0.000000000000000000e+00
4.000000000000000000e+00
0.000000000000000000e+00
9.000000000000000000e+00
1.000000000000000000e+01
0.000000000000000000e+00
9.000000000000000000e+00
3.900000000000000000e+01
4.700000000000000000e+01
0.000000000000000000e+00
5.700000000000000000e+01
0.000000000000000000e+00
2.500000000000000000e+01
0.000000000000000000e+00
1.000000000000000000e+00
3.000000000000000000e+01
0.000000000000000000e+00
1.400000000000000000e+02
6.000000000000000000e+01
0.000000000000000000e+00
0.000000000000000000e+00
0.000000000000000000e+00
9.600000000000000000e+01
5.000000000000000000e+00
1.970000000000000000e+02
1.100000000000000000e+01
4.520000000000000000e+02
5.000000000000000000e+00
1.800000000000000000e+01
2.930000000000000000e+02
0.000000000000000000e+00
0.000000000000000000e+00
1.100000000000000000e+01
0.000000000000000000e+00
1.990000000000000000e+02
8.700000000000000000e+01
3.800000000000000000e+01
0.000000000000000000e+00
4.200000000000000000e+01
2.000000000000000000e+00
2.300000000000000000e+01
2.000000000000000000e+01
5.000000000000000000e+00
7.000000000000000000e+00
0.000000000000000000e+00
4.000000000000000000e+00
0.000000000000000000e+00
5.230000000000000000e+02
0.000000000000000000e+00
2.290000000000000000e+02
1.000000000000000000e+01
0.000000000000000000e+00
7.000000000000000000e+00
5.400000000000000000e+01
1.490000000000000000e+02
0.000000000000000000e+00
7.780000000000000000e+02
5.000000000000000000e+00
0.000000000000000000e+00
0.000000000000000000e+00
0.000000000000000000e+00
0.000000000000000000e+00
0.000000000000000000e+00
3.000000000000000000e+00
1.100000000000000000e+01
6.000000000000000000e+00
6.000000000000000000e+00
7.000000000000000000e+00
9.000000000000000000e+00
0.000000000000000000e+00
4.000000000000000000e+00
1.300000000000000000e+01
0.000000000000000000e+00
1.500000000000000000e+01
7.180000000000000000e+02
0.000000000000000000e+00
0.000000000000000000e+00
4.500000000000000000e+01
2.000000000000000000e+00
2.000000000000000000e+00
6.000000000000000000e+00
0.000000000000000000e+00
2.000000000000000000e+00
0.000000000000000000e+00
4.200000000000000000e+01
2.300000000000000000e+01
1.600000000000000000e+01
2.630000000000000000e+02
2.100000000000000000e+01
2.000000000000000000e+00
6.300000000000000000e+01
3.900000000000000000e+01
7.100000000000000000e+01
0.000000000000000000e+00
4.000000000000000000e+01
2.400000000000000000e+01
0.000000000000000000e+00
1.700000000000000000e+01
4.000000000000000000e+00
0.000000000000000000e+00
1.120000000000000000e+02
0.000000000000000000e+00
1.900000000000000000e+01
4.080000000000000000e+02
0.000000000000000000e+00
0.000000000000000000e+00
1.990000000000000000e+02
0.000000000000000000e+00
0.000000000000000000e+00
1.800000000000000000e+01
2.344000000000000000e+03
3.100000000000000000e+01
8.000000000000000000e+00
8.000000000000000000e+00
0.000000000000000000e+00
0.000000000000000000e+00
3.000000000000000000e+00
1.000000000000000000e+00
3.770000000000000000e+02
7.600000000000000000e+01
2.000000000000000000e+00
4.800000000000000000e+01
0.000000000000000000e+00
1.800000000000000000e+01
6.400000000000000000e+01
5.030000000000000000e+02
0.000000000000000000e+00
1.700000000000000000e+01
5.000000000000000000e+00
0.000000000000000000e+00
2.300000000000000000e+01
6.200000000000000000e+01
6.000000000000000000e+00
5.520000000000000000e+02
0.000000000000000000e+00
1.200000000000000000e+01
5.490000000000000000e+02
0.000000000000000000e+00
3.900000000000000000e+01
6.200000000000000000e+01
0.000000000000000000e+00
5.200000000000000000e+01
3.800000000000000000e+01
6.000000000000000000e+00
0.000000000000000000e+00
1.500000000000000000e+01
0.000000000000000000e+00
0.000000000000000000e+00
2.800000000000000000e+01
1.000000000000000000e+00
0.000000000000000000e+00
2.000000000000000000e+00
2.000000000000000000e+00
1.400000000000000000e+01
0.000000000000000000e+00
1.800000000000000000e+01
0.000000000000000000e+00
3.100000000000000000e+01
4.000000000000000000e+01
1.800000000000000000e+01
2.000000000000000000e+00
0.000000000000000000e+00
3.400000000000000000e+01
1.300000000000000000e+01
0.000000000000000000e+00
5.000000000000000000e+00
7.000000000000000000e+00
2.129000000000000000e+03
1.000000000000000000e+00
0.000000000000000000e+00
3.000000000000000000e+00
7.000000000000000000e+00
1.000000000000000000e+00
0.000000000000000000e+00
1.780000000000000000e+02
7.000000000000000000e+00
9.000000000000000000e+00
5.000000000000000000e+00
4.000000000000000000e+00
0.000000000000000000e+00
0.000000000000000000e+00
3.900000000000000000e+01
0.000000000000000000e+00
0.000000000000000000e+00
0.000000000000000000e+00
4.000000000000000000e+00
0.000000000000000000e+00
2.600000000000000000e+01
4.000000000000000000e+00
0.000000000000000000e+00
4.000000000000000000e+00
0.000000000000000000e+00
6.000000000000000000e+00
0.000000000000000000e+00
0.000000000000000000e+00
7.900000000000000000e+01
3.480000000000000000e+02
2.470000000000000000e+02
3.000000000000000000e+00
0.000000000000000000e+00
0.000000000000000000e+00
3.600000000000000000e+01
2.000000000000000000e+00
0.000000000000000000e+00
0.000000000000000000e+00
0.000000000000000000e+00
2.000000000000000000e+00
0.000000000000000000e+00
1.860000000000000000e+03
5.000000000000000000e+00
8.400000000000000000e+01
1.300000000000000000e+01
6.000000000000000000e+02
2.000000000000000000e+00
3.000000000000000000e+01
9.000000000000000000e+00
1.300000000000000000e+01
0.000000000000000000e+00
3.000000000000000000e+00
0.000000000000000000e+00
5.900000000000000000e+01
0.000000000000000000e+00
0.000000000000000000e+00
7.000000000000000000e+00
0.000000000000000000e+00
1.200000000000000000e+01
1.300000000000000000e+01
0.000000000000000000e+00
1.500000000000000000e+01
1.500000000000000000e+01
4.000000000000000000e+00
1.130000000000000000e+02
7.000000000000000000e+00
0.000000000000000000e+00
0.000000000000000000e+00
1.800000000000000000e+01
0.000000000000000000e+00
6.000000000000000000e+00
3.950000000000000000e+02
5.000000000000000000e+00
1.960000000000000000e+02
0.000000000000000000e+00
2.310000000000000000e+02
1.300000000000000000e+01
7.480000000000000000e+02
0.000000000000000000e+00
4.900000000000000000e+01
1.100000000000000000e+01
1.100000000000000000e+01
4.000000000000000000e+00
1.577000000000000000e+03
1.700000000000000000e+01
2.100000000000000000e+01
2.200000000000000000e+01
1.300000000000000000e+02
2.251000000000000000e+03
2.000000000000000000e+00
1.000000000000000000e+01
2.100000000000000000e+01
3.000000000000000000e+00
1.408000000000000000e+03
6.770000000000000000e+02
0.000000000000000000e+00
0.000000000000000000e+00
3.500000000000000000e+01
3.800000000000000000e+01
0.000000000000000000e+00
2.090000000000000000e+02
2.000000000000000000e+00
0.000000000000000000e+00
1.900000000000000000e+01
0.000000000000000000e+00
1.800000000000000000e+01
0.000000000000000000e+00
1.000000000000000000e+00
1.700000000000000000e+01
1.300000000000000000e+01
5.000000000000000000e+00
5.180000000000000000e+02
4.500000000000000000e+01
1.700000000000000000e+01
1.000000000000000000e+00
6.000000000000000000e+00
1.500000000000000000e+01
0.000000000000000000e+00
1.000000000000000000e+01
9.690000000000000000e+02
5.700000000000000000e+01
3.000000000000000000e+00
1.100000000000000000e+01
1.757000000000000000e+03
2.000000000000000000e+00
3.300000000000000000e+01
1.300000000000000000e+01
0.000000000000000000e+00
0.000000000000000000e+00
1.000000000000000000e+01
2.800000000000000000e+01
0.000000000000000000e+00
2.000000000000000000e+00
0.000000000000000000e+00
1.200000000000000000e+01
0.000000000000000000e+00
8.500000000000000000e+01
0.000000000000000000e+00
0.000000000000000000e+00
0.000000000000000000e+00
2.100000000000000000e+01
1.000000000000000000e+00
0.000000000000000000e+00
6.500000000000000000e+01
3.760000000000000000e+02
1.290000000000000000e+02
3.150000000000000000e+02
0.000000000000000000e+00
5.000000000000000000e+00
1.000000000000000000e+00
2.830000000000000000e+02
0.000000000000000000e+00
0.000000000000000000e+00
0.000000000000000000e+00
0.000000000000000000e+00
9.900000000000000000e+01
0.000000000000000000e+00
0.000000000000000000e+00
7.000000000000000000e+00
0.000000000000000000e+00
0.000000000000000000e+00
1.600000000000000000e+01
1.000000000000000000e+00
8.000000000000000000e+00
1.200000000000000000e+01
7.000000000000000000e+00
4.000000000000000000e+00
2.000000000000000000e+00
0.000000000000000000e+00
2.000000000000000000e+00
0.000000000000000000e+00
0.000000000000000000e+00
3.900000000000000000e+01
0.000000000000000000e+00
0.000000000000000000e+00
0.000000000000000000e+00
3.500000000000000000e+01
1.790000000000000000e+02
0.000000000000000000e+00
1.250000000000000000e+02
0.000000000000000000e+00
1.000000000000000000e+00
0.000000000000000000e+00
1.600000000000000000e+01
4.000000000000000000e+00
9.200000000000000000e+01
0.000000000000000000e+00
2.450000000000000000e+02
2.200000000000000000e+01
1.700000000000000000e+01
4.000000000000000000e+00
2.700000000000000000e+01
0.000000000000000000e+00
0.000000000000000000e+00
1.000000000000000000e+01
2.840000000000000000e+02
3.400000000000000000e+01
0.000000000000000000e+00
3.100000000000000000e+01
5.100000000000000000e+01
1.800000000000000000e+01
2.000000000000000000e+00
1.130000000000000000e+03
0.000000000000000000e+00
2.000000000000000000e+00
0.000000000000000000e+00
4.000000000000000000e+00
1.700000000000000000e+01
4.240000000000000000e+02
1.367000000000000000e+03
0.000000000000000000e+00
1.000000000000000000e+01
1.800000000000000000e+01
1.500000000000000000e+02
1.000000000000000000e+00
0.000000000000000000e+00
2.030000000000000000e+02
4.880000000000000000e+02
0.000000000000000000e+00
3.100000000000000000e+01
0.000000000000000000e+00
0.000000000000000000e+00
2.500000000000000000e+01
0.000000000000000000e+00
0.000000000000000000e+00
3.000000000000000000e+00
5.000000000000000000e+00
0.000000000000000000e+00
2.000000000000000000e+00
7.700000000000000000e+01
3.800000000000000000e+01
0.000000000000000000e+00
0.000000000000000000e+00
1.200000000000000000e+01
1.025000000000000000e+03
7.000000000000000000e+00
0.000000000000000000e+00
0.000000000000000000e+00
0.000000000000000000e+00
1.800000000000000000e+01
0.000000000000000000e+00
2.120000000000000000e+02
2.300000000000000000e+01
0.000000000000000000e+00
0.000000000000000000e+00
2.000000000000000000e+00
1.200000000000000000e+01
4.700000000000000000e+01
0.000000000000000000e+00
5.000000000000000000e+00
1.288000000000000000e+03
0.000000000000000000e+00
1.614000000000000000e+03
6.900000000000000000e+01
3.860000000000000000e+02
4.000000000000000000e+00
0.000000000000000000e+00
2.300000000000000000e+01
0.000000000000000000e+00
1.700000000000000000e+01
0.000000000000000000e+00
4.000000000000000000e+00
1.600000000000000000e+01
0.000000000000000000e+00
2.000000000000000000e+00
0.000000000000000000e+00
2.500000000000000000e+01
1.610000000000000000e+02
2.100000000000000000e+01
0.000000000000000000e+00
2.860000000000000000e+02
4.680000000000000000e+02
4.000000000000000000e+00
1.866000000000000000e+03
1.550000000000000000e+02
7.100000000000000000e+01
3.900000000000000000e+01
3.500000000000000000e+01
1.000000000000000000e+00
1.300000000000000000e+01
4.380000000000000000e+02
3.000000000000000000e+01
5.000000000000000000e+00
7.000000000000000000e+01
1.200000000000000000e+01
0.000000000000000000e+00
1.780000000000000000e+02
0.000000000000000000e+00
9.230000000000000000e+02
1.600000000000000000e+01
0.000000000000000000e+00
8.000000000000000000e+00
9.000000000000000000e+00
5.000000000000000000e+00
1.400000000000000000e+01
0.000000000000000000e+00
3.860000000000000000e+02
1.000000000000000000e+01
0.000000000000000000e+00
1.300000000000000000e+01
2.800000000000000000e+01
5.000000000000000000e+00
2.200000000000000000e+01
3.000000000000000000e+00
2.000000000000000000e+00
0.000000000000000000e+00
1.000000000000000000e+00
1.150000000000000000e+02
8.000000000000000000e+00
2.000000000000000000e+00
1.740000000000000000e+02
4.000000000000000000e+00
1.000000000000000000e+00
0.000000000000000000e+00
0.000000000000000000e+00
1.408000000000000000e+03
3.500000000000000000e+01
0.000000000000000000e+00
1.400000000000000000e+01
0.000000000000000000e+00
0.000000000000000000e+00
5.000000000000000000e+00
7.000000000000000000e+00
0.000000000000000000e+00
0.000000000000000000e+00
2.000000000000000000e+01
2.000000000000000000e+00
2.000000000000000000e+00
2.400000000000000000e+01
2.612000000000000000e+03
4.290000000000000000e+02
1.100000000000000000e+01
1.000000000000000000e+01
4.000000000000000000e+00
2.500000000000000000e+01
4.010000000000000000e+02
4.000000000000000000e+00
8.000000000000000000e+00
5.200000000000000000e+01
0.000000000000000000e+00
0.000000000000000000e+00
1.500000000000000000e+01
5.000000000000000000e+00
0.000000000000000000e+00
1.000000000000000000e+00
1.400000000000000000e+01
5.200000000000000000e+01
2.200000000000000000e+01
0.000000000000000000e+00
2.000000000000000000e+00
0.000000000000000000e+00
1.500000000000000000e+01
2.000000000000000000e+00
8.100000000000000000e+01
1.000000000000000000e+00
2.700000000000000000e+01
2.000000000000000000e+00
5.000000000000000000e+00
0.000000000000000000e+00
0.000000000000000000e+00
1.000000000000000000e+00
9.000000000000000000e+00
3.000000000000000000e+00
8.800000000000000000e+01
2.600000000000000000e+01
5.030000000000000000e+02
0.000000000000000000e+00
3.600000000000000000e+02
3.000000000000000000e+00
3.000000000000000000e+00
8.000000000000000000e+00
4.000000000000000000e+00
0.000000000000000000e+00
1.600000000000000000e+01
3.000000000000000000e+00
2.400000000000000000e+01
3.000000000000000000e+00
1.800000000000000000e+01
2.290000000000000000e+02
0.000000000000000000e+00
0.000000000000000000e+00
1.900000000000000000e+01
1.800000000000000000e+01
1.300000000000000000e+01
8.000000000000000000e+01
1.300000000000000000e+01
3.700000000000000000e+01
2.660000000000000000e+02
0.000000000000000000e+00
2.000000000000000000e+00
1.800000000000000000e+02
3.359000000000000000e+03
6.520000000000000000e+02
8.000000000000000000e+01
8.500000000000000000e+01
3.756000000000000000e+03
1.000000000000000000e+00
6.000000000000000000e+01
6.200000000000000000e+01
2.100000000000000000e+01
0.000000000000000000e+00
2.000000000000000000e+00
6.000000000000000000e+00
0.000000000000000000e+00
9.000000000000000000e+00
1.763000000000000000e+03
4.020000000000000000e+02
1.300000000000000000e+01
2.460000000000000000e+02
0.000000000000000000e+00
3.400000000000000000e+01
7.000000000000000000e+00
3.460000000000000000e+02
4.900000000000000000e+01
0.000000000000000000e+00
5.000000000000000000e+00
7.000000000000000000e+00
2.830000000000000000e+02
0.000000000000000000e+00
4.080000000000000000e+02
1.400000000000000000e+01
1.000000000000000000e+00
4.000000000000000000e+00
1.650000000000000000e+02
6.000000000000000000e+00
1.700000000000000000e+01
8.000000000000000000e+00
4.000000000000000000e+00
1.870000000000000000e+02
0.000000000000000000e+00
0.000000000000000000e+00
0.000000000000000000e+00
2.990000000000000000e+02
0.000000000000000000e+00
5.700000000000000000e+01
4.300000000000000000e+01
1.007000000000000000e+03
4.000000000000000000e+00
4.280000000000000000e+02
0.000000000000000000e+00
1.000000000000000000e+00
1.400000000000000000e+01
2.000000000000000000e+01
0.000000000000000000e+00
0.000000000000000000e+00
6.000000000000000000e+00
0.000000000000000000e+00
1.210000000000000000e+02
6.500000000000000000e+01
0.000000000000000000e+00
0.000000000000000000e+00
6.000000000000000000e+01
2.300000000000000000e+01
2.200000000000000000e+01
2.000000000000000000e+00
2.000000000000000000e+00
1.630000000000000000e+02
2.600000000000000000e+01
3.000000000000000000e+00
9.700000000000000000e+01
0.000000000000000000e+00
9.000000000000000000e+00
2.400000000000000000e+01
7.000000000000000000e+00
7.000000000000000000e+00
2.200000000000000000e+01
1.100000000000000000e+01
6.200000000000000000e+01
2.100000000000000000e+01
6.700000000000000000e+01
4.900000000000000000e+01
5.300000000000000000e+01
5.000000000000000000e+00
2.000000000000000000e+00
7.000000000000000000e+00
8.000000000000000000e+00
1.871000000000000000e+03
2.400000000000000000e+01
5.490000000000000000e+02
4.000000000000000000e+00
9.800000000000000000e+01
1.400000000000000000e+01
2.000000000000000000e+00
1.100000000000000000e+01
3.000000000000000000e+00
2.000000000000000000e+01
7.300000000000000000e+01
0.000000000000000000e+00
2.000000000000000000e+01
3.000000000000000000e+00
2.800000000000000000e+01
1.500000000000000000e+01
0.000000000000000000e+00
9.000000000000000000e+00
1.050000000000000000e+02
5.000000000000000000e+00
1.100000000000000000e+01
4.690000000000000000e+02
0.000000000000000000e+00
0.000000000000000000e+00
0.000000000000000000e+00
6.000000000000000000e+00
9.000000000000000000e+01
3.800000000000000000e+01
0.000000000000000000e+00
1.400000000000000000e+01
6.700000000000000000e+01
0.000000000000000000e+00
4.000000000000000000e+00
0.000000000000000000e+00
1.940000000000000000e+02
5.000000000000000000e+00
0.000000000000000000e+00
0.000000000000000000e+00
1.700000000000000000e+01
1.400000000000000000e+01
8.400000000000000000e+01
0.000000000000000000e+00
1.680000000000000000e+02
3.000000000000000000e+00
2.900000000000000000e+01
0.000000000000000000e+00
1.000000000000000000e+00
2.140000000000000000e+02
0.000000000000000000e+00
1.577000000000000000e+03
0.000000000000000000e+00
2.000000000000000000e+00
0.000000000000000000e+00
0.000000000000000000e+00
6.000000000000000000e+00
1.500000000000000000e+01
3.800000000000000000e+01
0.000000000000000000e+00
3.300000000000000000e+01
0.000000000000000000e+00
4.250000000000000000e+02
1.400000000000000000e+01
2.900000000000000000e+01
1.390000000000000000e+02
3.200000000000000000e+01
0.000000000000000000e+00
1.190000000000000000e+02
2.900000000000000000e+01
6.000000000000000000e+00
5.000000000000000000e+00
1.200000000000000000e+01
0.000000000000000000e+00
0.000000000000000000e+00
0.000000000000000000e+00
2.900000000000000000e+01
3.000000000000000000e+00
2.600000000000000000e+01
4.000000000000000000e+00
2.100000000000000000e+01
1.000000000000000000e+01
2.930000000000000000e+02
0.000000000000000000e+00
0.000000000000000000e+00
1.670000000000000000e+02
0.000000000000000000e+00
0.000000000000000000e+00
0.000000000000000000e+00
1.300000000000000000e+01
2.000000000000000000e+00
0.000000000000000000e+00
7.560000000000000000e+02
1.000000000000000000e+00
0.000000000000000000e+00
5.000000000000000000e+00
7.000000000000000000e+00
0.000000000000000000e+00
3.071000000000000000e+03
0.000000000000000000e+00
2.000000000000000000e+00
4.700000000000000000e+01
0.000000000000000000e+00
1.100000000000000000e+01
3.600000000000000000e+01
9.000000000000000000e+00
1.470000000000000000e+02
0.000000000000000000e+00
2.000000000000000000e+00
9.000000000000000000e+00
7.000000000000000000e+00
5.000000000000000000e+00
7.300000000000000000e+02
2.160000000000000000e+02
0.000000000000000000e+00
1.300000000000000000e+01
3.600000000000000000e+01
0.000000000000000000e+00
1.000000000000000000e+00
1.000000000000000000e+00
0.000000000000000000e+00
1.000000000000000000e+00
9.000000000000000000e+00
9.000000000000000000e+00
7.360000000000000000e+02
1.200000000000000000e+01
4.000000000000000000e+00
8.000000000000000000e+00
0.000000000000000000e+00
3.000000000000000000e+00
1.300000000000000000e+01
0.000000000000000000e+00
1.000000000000000000e+00
1.400000000000000000e+01
0.000000000000000000e+00
2.400000000000000000e+01
1.000000000000000000e+00
0.000000000000000000e+00
1.000000000000000000e+01
1.000000000000000000e+00
2.253000000000000000e+03
1.140000000000000000e+02
0.000000000000000000e+00
1.000000000000000000e+00
6.000000000000000000e+00
3.000000000000000000e+00
2.800000000000000000e+01
5.970000000000000000e+02
0.000000000000000000e+00
1.900000000000000000e+01
0.000000000000000000e+00
8.000000000000000000e+00
1.000000000000000000e+00
3.200000000000000000e+01
2.000000000000000000e+00
4.000000000000000000e+00
9.500000000000000000e+01
1.800000000000000000e+01
3.100000000000000000e+01
1.100000000000000000e+01
5.000000000000000000e+00
0.000000000000000000e+00
6.700000000000000000e+01
1.285000000000000000e+03
7.130000000000000000e+02
3.300000000000000000e+01
9.000000000000000000e+00
0.000000000000000000e+00
2.700000000000000000e+02
6.000000000000000000e+00
7.300000000000000000e+01
0.000000000000000000e+00
5.200000000000000000e+01
0.000000000000000000e+00
6.000000000000000000e+00
2.000000000000000000e+00
4.000000000000000000e+00
3.600000000000000000e+01
1.300000000000000000e+01
5.300000000000000000e+01
0.000000000000000000e+00
7.000000000000000000e+00
4.000000000000000000e+00
0.000000000000000000e+00
0.000000000000000000e+00
1.000000000000000000e+00
1.020000000000000000e+02
0.000000000000000000e+00
0.000000000000000000e+00
0.000000000000000000e+00
1.000000000000000000e+00
7.100000000000000000e+01
2.200000000000000000e+01
6.410000000000000000e+02
1.000000000000000000e+00
1.000000000000000000e+00
1.000000000000000000e+00
6.000000000000000000e+00
4.600000000000000000e+01
4.340000000000000000e+02
7.600000000000000000e+01
3.000000000000000000e+00
3.600000000000000000e+01
0.000000000000000000e+00
0.000000000000000000e+00
1.400000000000000000e+01
0.000000000000000000e+00
6.600000000000000000e+01
0.000000000000000000e+00
1.000000000000000000e+00
0.000000000000000000e+00
0.000000000000000000e+00
0.000000000000000000e+00
8.000000000000000000e+01
0.000000000000000000e+00
2.000000000000000000e+01
8.210000000000000000e+02
6.000000000000000000e+00
6.000000000000000000e+00
2.000000000000000000e+01
1.800000000000000000e+01
2.000000000000000000e+00
2.000000000000000000e+00
3.071000000000000000e+03
1.000000000000000000e+00
0.000000000000000000e+00
6.000000000000000000e+00
1.800000000000000000e+01
0.000000000000000000e+00
9.000000000000000000e+00
2.000000000000000000e+00
2.000000000000000000e+00
1.400000000000000000e+01
1.050000000000000000e+02
1.800000000000000000e+01
5.000000000000000000e+00
2.000000000000000000e+00
0.000000000000000000e+00
7.000000000000000000e+00
7.000000000000000000e+00
5.300000000000000000e+01
0.000000000000000000e+00
0.000000000000000000e+00
2.418000000000000000e+03
0.000000000000000000e+00
1.990000000000000000e+02
0.000000000000000000e+00
0.000000000000000000e+00
0.000000000000000000e+00
1.000000000000000000e+01
3.000000000000000000e+00
1.558000000000000000e+03
0.000000000000000000e+00
1.500000000000000000e+01
0.000000000000000000e+00
1.100000000000000000e+01
0.000000000000000000e+00
2.200000000000000000e+01
8.000000000000000000e+00
3.000000000000000000e+00
1.000000000000000000e+00
2.000000000000000000e+00
1.100000000000000000e+01
0.000000000000000000e+00
1.120000000000000000e+02
8.900000000000000000e+01
1.100000000000000000e+01
0.000000000000000000e+00
1.890000000000000000e+02
5.010000000000000000e+02
7.000000000000000000e+00
1.000000000000000000e+00
1.000000000000000000e+00
3.000000000000000000e+00
0.000000000000000000e+00
0.000000000000000000e+00
0.000000000000000000e+00
0.000000000000000000e+00
4.000000000000000000e+00
0.000000000000000000e+00
4.300000000000000000e+01
4.000000000000000000e+00
7.000000000000000000e+00
0.000000000000000000e+00
5.000000000000000000e+00
9.000000000000000000e+01
1.800000000000000000e+01
0.000000000000000000e+00
3.500000000000000000e+01
0.000000000000000000e+00
3.100000000000000000e+01
5.900000000000000000e+01
1.000000000000000000e+00
0.000000000000000000e+00
1.180000000000000000e+02
4.100000000000000000e+02
5.800000000000000000e+01
0.000000000000000000e+00
0.000000000000000000e+00
7.000000000000000000e+00
9.000000000000000000e+00
0.000000000000000000e+00
8.000000000000000000e+00
6.300000000000000000e+01
5.000000000000000000e+00
2.000000000000000000e+01
0.000000000000000000e+00
0.000000000000000000e+00
6.000000000000000000e+00
0.000000000000000000e+00
7.000000000000000000e+00
1.640000000000000000e+02
8.000000000000000000e+00
0.000000000000000000e+00
2.300000000000000000e+01
1.800000000000000000e+01
3.000000000000000000e+00
3.000000000000000000e+00
3.000000000000000000e+00
2.780000000000000000e+02
1.006000000000000000e+03
3.400000000000000000e+02
2.150000000000000000e+02
0.000000000000000000e+00
0.000000000000000000e+00
0.000000000000000000e+00
0.000000000000000000e+00
9.000000000000000000e+00
0.000000000000000000e+00
1.140000000000000000e+02
1.050000000000000000e+02
4.530000000000000000e+02
0.000000000000000000e+00
2.000000000000000000e+00
0.000000000000000000e+00
0.000000000000000000e+00
5.000000000000000000e+00
1.432000000000000000e+03
0.000000000000000000e+00
1.000000000000000000e+00
1.200000000000000000e+01
0.000000000000000000e+00
5.800000000000000000e+01
6.000000000000000000e+00
5.100000000000000000e+01
3.200000000000000000e+01
0.000000000000000000e+00
1.100000000000000000e+01
3.000000000000000000e+00
2.430000000000000000e+02
0.000000000000000000e+00
0.000000000000000000e+00
5.000000000000000000e+00
1.100000000000000000e+01
0.000000000000000000e+00
0.000000000000000000e+00
0.000000000000000000e+00
0.000000000000000000e+00
0.000000000000000000e+00
1.000000000000000000e+00
2.000000000000000000e+00
0.000000000000000000e+00
2.600000000000000000e+01
2.900000000000000000e+01
8.100000000000000000e+01
0.000000000000000000e+00
0.000000000000000000e+00
8.000000000000000000e+00
1.000000000000000000e+00
8.000000000000000000e+00
0.000000000000000000e+00
1.200000000000000000e+02
0.000000000000000000e+00
6.190000000000000000e+02
0.000000000000000000e+00
4.179000000000000000e+03
0.000000000000000000e+00
1.290000000000000000e+02
0.000000000000000000e+00
8.100000000000000000e+01
0.000000000000000000e+00
1.560000000000000000e+02
3.100000000000000000e+01
0.000000000000000000e+00
2.000000000000000000e+01
5.100000000000000000e+01
8.000000000000000000e+00
2.000000000000000000e+00
2.000000000000000000e+00
9.000000000000000000e+00
0.000000000000000000e+00
1.660000000000000000e+02
2.100000000000000000e+01
1.300000000000000000e+01
0.000000000000000000e+00
3.000000000000000000e+00
1.000000000000000000e+00
2.000000000000000000e+01
5.610000000000000000e+02
8.600000000000000000e+01
1.199000000000000000e+03
7.000000000000000000e+00
6.100000000000000000e+01
0.000000000000000000e+00
2.000000000000000000e+00
2.000000000000000000e+00
0.000000000000000000e+00
2.600000000000000000e+01
3.000000000000000000e+01
0.000000000000000000e+00
0.000000000000000000e+00
0.000000000000000000e+00
2.460000000000000000e+02
1.000000000000000000e+00
5.000000000000000000e+00
2.000000000000000000e+00
0.000000000000000000e+00
4.000000000000000000e+00
0.000000000000000000e+00
4.000000000000000000e+00
1.000000000000000000e+01
0.000000000000000000e+00
1.200000000000000000e+01
2.200000000000000000e+01
4.200000000000000000e+01
5.420000000000000000e+02
0.000000000000000000e+00
0.000000000000000000e+00
1.300000000000000000e+01
4.000000000000000000e+01
3.340000000000000000e+02
0.000000000000000000e+00
2.460000000000000000e+02
4.040000000000000000e+02
0.000000000000000000e+00
0.000000000000000000e+00
1.000000000000000000e+00
1.311000000000000000e+03
6.200000000000000000e+01
8.260000000000000000e+02
2.200000000000000000e+01
6.000000000000000000e+00
0.000000000000000000e+00
8.000000000000000000e+00
0.000000000000000000e+00
2.800000000000000000e+01
1.600000000000000000e+01
4.000000000000000000e+00
1.100000000000000000e+01
7.000000000000000000e+00
9.840000000000000000e+02
6.000000000000000000e+00
2.340000000000000000e+02
2.000000000000000000e+00
8.000000000000000000e+00
2.570000000000000000e+02
6.600000000000000000e+01
0.000000000000000000e+00
6.000000000000000000e+00
1.400000000000000000e+01
0.000000000000000000e+00
0.000000000000000000e+00
2.000000000000000000e+00
1.000000000000000000e+00
1.000000000000000000e+00
3.000000000000000000e+00
3.070000000000000000e+02
8.000000000000000000e+00
0.000000000000000000e+00
0.000000000000000000e+00
0.000000000000000000e+00
1.400000000000000000e+01
0.000000000000000000e+00
6.000000000000000000e+00
0.000000000000000000e+00
1.000000000000000000e+00
0.000000000000000000e+00
0.000000000000000000e+00
7.000000000000000000e+00
6.760000000000000000e+02
1.650000000000000000e+02
0.000000000000000000e+00
3.000000000000000000e+00
1.100000000000000000e+01
0.000000000000000000e+00
2.070000000000000000e+02
0.000000000000000000e+00
1.500000000000000000e+01
0.000000000000000000e+00
0.000000000000000000e+00
2.000000000000000000e+00
5.400000000000000000e+01
1.300000000000000000e+01
8.400000000000000000e+01
0.000000000000000000e+00
0.000000000000000000e+00
7.800000000000000000e+01
0.000000000000000000e+00
0.000000000000000000e+00
1.449000000000000000e+03
2.000000000000000000e+00
1.000000000000000000e+00
3.000000000000000000e+00
9.470000000000000000e+02
2.000000000000000000e+00
9.000000000000000000e+00
1.000000000000000000e+00
6.000000000000000000e+00
5.000000000000000000e+00
9.000000000000000000e+00
3.800000000000000000e+01
3.000000000000000000e+00
1.200000000000000000e+01
7.000000000000000000e+00
7.600000000000000000e+01
2.200000000000000000e+01
1.150000000000000000e+02
0.000000000000000000e+00
1.000000000000000000e+00
1.000000000000000000e+00
2.480000000000000000e+02
1.000000000000000000e+00
1.700000000000000000e+01
5.400000000000000000e+01
6.000000000000000000e+00
0.000000000000000000e+00
2.600000000000000000e+01
2.000000000000000000e+00
3.000000000000000000e+00
0.000000000000000000e+00
0.000000000000000000e+00
0.000000000000000000e+00
1.700000000000000000e+01
3.000000000000000000e+00
1.300000000000000000e+01
2.000000000000000000e+00
1.280000000000000000e+02
6.000000000000000000e+00
0.000000000000000000e+00
1.500000000000000000e+01
0.000000000000000000e+00
0.000000000000000000e+00
8.400000000000000000e+01
0.000000000000000000e+00
1.100000000000000000e+01
3.770000000000000000e+02
0.000000000000000000e+00
2.600000000000000000e+01
4.900000000000000000e+01
3.720000000000000000e+02
4.000000000000000000e+00
8.000000000000000000e+00
0.000000000000000000e+00
7.000000000000000000e+00
7.600000000000000000e+01
0.000000000000000000e+00
0.000000000000000000e+00
2.500000000000000000e+01
5.000000000000000000e+00
0.000000000000000000e+00
0.000000000000000000e+00
3.000000000000000000e+00
9.530000000000000000e+02
1.850000000000000000e+02
8.000000000000000000e+00
0.000000000000000000e+00
3.000000000000000000e+00
4.000000000000000000e+00
5.900000000000000000e+01
0.000000000000000000e+00
0.000000000000000000e+00
0.000000000000000000e+00
3.000000000000000000e+00
0.000000000000000000e+00
8.100000000000000000e+01
0.000000000000000000e+00
0.000000000000000000e+00
2.800000000000000000e+01
1.020000000000000000e+02
0.000000000000000000e+00
1.380000000000000000e+02
4.200000000000000000e+01
0.000000000000000000e+00
1.100000000000000000e+01
4.500000000000000000e+01
3.000000000000000000e+01
6.000000000000000000e+00
4.800000000000000000e+01
0.000000000000000000e+00
2.600000000000000000e+01
0.000000000000000000e+00
2.000000000000000000e+00
2.000000000000000000e+00
0.000000000000000000e+00
0.000000000000000000e+00
0.000000000000000000e+00
0.000000000000000000e+00
2.000000000000000000e+00
0.000000000000000000e+00
3.200000000000000000e+01
3.800000000000000000e+01
0.000000000000000000e+00
1.210000000000000000e+02
4.300000000000000000e+01
2.130000000000000000e+02
0.000000000000000000e+00
0.000000000000000000e+00
1.100000000000000000e+01
2.000000000000000000e+00
1.186000000000000000e+03
0.000000000000000000e+00
2.800000000000000000e+01
0.000000000000000000e+00
0.000000000000000000e+00
2.900000000000000000e+01
1.000000000000000000e+00
4.000000000000000000e+00
7.000000000000000000e+00
9.000000000000000000e+00
0.000000000000000000e+00
5.000000000000000000e+00
0.000000000000000000e+00
0.000000000000000000e+00
1.080000000000000000e+02
0.000000000000000000e+00
1.300000000000000000e+01
1.300000000000000000e+01
0.000000000000000000e+00
1.580000000000000000e+02
9.600000000000000000e+01
3.000000000000000000e+01
2.200000000000000000e+01
0.000000000000000000e+00
1.200000000000000000e+01
1.600000000000000000e+01
1.100000000000000000e+02
1.233000000000000000e+03
5.400000000000000000e+01
0.000000000000000000e+00
2.000000000000000000e+00
0.000000000000000000e+00
2.000000000000000000e+00
1.210000000000000000e+02
0.000000000000000000e+00
4.880000000000000000e+02
3.620000000000000000e+02
0.000000000000000000e+00
1.900000000000000000e+01
1.300000000000000000e+01
0.000000000000000000e+00
2.200000000000000000e+01
2.200000000000000000e+01
0.000000000000000000e+00
1.958000000000000000e+03
0.000000000000000000e+00
0.000000000000000000e+00
7.000000000000000000e+00
3.500000000000000000e+01
0.000000000000000000e+00
6.960000000000000000e+02
2.700000000000000000e+01
3.900000000000000000e+01
2.800000000000000000e+01
0.000000000000000000e+00
1.000000000000000000e+00
2.150000000000000000e+02
4.000000000000000000e+00
1.000000000000000000e+00
0.000000000000000000e+00
5.500000000000000000e+01
0.000000000000000000e+00
4.000000000000000000e+00
0.000000000000000000e+00
0.000000000000000000e+00
5.100000000000000000e+01
6.000000000000000000e+00
2.200000000000000000e+01
2.230000000000000000e+02
0.000000000000000000e+00
8.000000000000000000e+00
1.200000000000000000e+01
2.000000000000000000e+00
1.900000000000000000e+01
0.000000000000000000e+00
4.000000000000000000e+00
1.770000000000000000e+02
1.000000000000000000e+01
1.500000000000000000e+02
1.100000000000000000e+01
1.900000000000000000e+01
8.000000000000000000e+00
0.000000000000000000e+00
2.700000000000000000e+01
0.000000000000000000e+00
3.500000000000000000e+01
7.000000000000000000e+00
7.300000000000000000e+01
5.500000000000000000e+01
0.000000000000000000e+00
2.000000000000000000e+00
4.100000000000000000e+01
1.300000000000000000e+01
1.300000000000000000e+01
0.000000000000000000e+00
0.000000000000000000e+00
7.000000000000000000e+00
1.000000000000000000e+00
0.000000000000000000e+00
0.000000000000000000e+00
6.620000000000000000e+02
4.200000000000000000e+02
2.000000000000000000e+00
1.800000000000000000e+01
7.020000000000000000e+02
0.000000000000000000e+00
2.600000000000000000e+01
0.000000000000000000e+00
1.000000000000000000e+00
7.000000000000000000e+00
1.160000000000000000e+02
2.000000000000000000e+00
1.000000000000000000e+00
5.400000000000000000e+01
8.000000000000000000e+00
2.000000000000000000e+00
2.000000000000000000e+01
3.330000000000000000e+02
0.000000000000000000e+00
0.000000000000000000e+00
5.000000000000000000e+00
0.000000000000000000e+00
0.000000000000000000e+00
0.000000000000000000e+00
3.000000000000000000e+00
3.000000000000000000e+00
3.900000000000000000e+01
2.000000000000000000e+00
1.000000000000000000e+01
0.000000000000000000e+00
3.000000000000000000e+00
0.000000000000000000e+00
1.000000000000000000e+00
1.070000000000000000e+02
5.450000000000000000e+02
0.000000000000000000e+00
0.000000000000000000e+00
2.000000000000000000e+00
0.000000000000000000e+00
1.000000000000000000e+00
1.600000000000000000e+01
1.000000000000000000e+00
2.000000000000000000e+00
1.000000000000000000e+00
0.000000000000000000e+00
0.000000000000000000e+00
9.000000000000000000e+00
4.000000000000000000e+00
0.000000000000000000e+00
0.000000000000000000e+00
7.530000000000000000e+02
2.000000000000000000e+00
0.000000000000000000e+00
1.800000000000000000e+01
1.940000000000000000e+02
6.000000000000000000e+00
2.735000000000000000e+03
2.000000000000000000e+00
1.220000000000000000e+02
6.000000000000000000e+01
4.030000000000000000e+02
0.000000000000000000e+00
4.000000000000000000e+00
5.200000000000000000e+02
3.000000000000000000e+00
4.700000000000000000e+01
0.000000000000000000e+00
3.000000000000000000e+01
4.000000000000000000e+00
5.100000000000000000e+01
5.000000000000000000e+00
0.000000000000000000e+00
6.000000000000000000e+00
4.000000000000000000e+00
0.000000000000000000e+00
4.300000000000000000e+01
0.000000000000000000e+00
3.000000000000000000e+00
0.000000000000000000e+00
8.520000000000000000e+02
2.200000000000000000e+02
3.300000000000000000e+01
2.000000000000000000e+00
1.400000000000000000e+01
2.100000000000000000e+01
1.000000000000000000e+00
2.000000000000000000e+01
1.400000000000000000e+01
2.000000000000000000e+00
0.000000000000000000e+00
9.000000000000000000e+00
0.000000000000000000e+00
5.400000000000000000e+01
2.000000000000000000e+00
0.000000000000000000e+00
1.020000000000000000e+02
4.600000000000000000e+01
3.390000000000000000e+02
1.100000000000000000e+01
0.000000000000000000e+00
0.000000000000000000e+00
0.000000000000000000e+00
3.500000000000000000e+01
0.000000000000000000e+00
2.380000000000000000e+02
0.000000000000000000e+00
0.000000000000000000e+00
3.000000000000000000e+01
1.000000000000000000e+00
0.000000000000000000e+00
1.833000000000000000e+03
6.000000000000000000e+00
0.000000000000000000e+00
7.000000000000000000e+00
1.600000000000000000e+01
0.000000000000000000e+00
0.000000000000000000e+00
1.000000000000000000e+00
0.000000000000000000e+00
0.000000000000000000e+00
5.200000000000000000e+01
2.500000000000000000e+01
0.000000000000000000e+00
7.000000000000000000e+00
7.000000000000000000e+00
0.000000000000000000e+00
2.200000000000000000e+01
1.600000000000000000e+01
1.600000000000000000e+01
0.000000000000000000e+00
3.060000000000000000e+02
0.000000000000000000e+00
0.000000000000000000e+00
1.800000000000000000e+02
0.000000000000000000e+00
0.000000000000000000e+00
0.000000000000000000e+00
0.000000000000000000e+00
2.890000000000000000e+02
0.000000000000000000e+00
5.000000000000000000e+00
5.000000000000000000e+00
5.000000000000000000e+00
0.000000000000000000e+00
2.000000000000000000e+00
2.500000000000000000e+01
2.000000000000000000e+00
3.000000000000000000e+00
1.100000000000000000e+02
1.000000000000000000e+00
1.500000000000000000e+01
0.000000000000000000e+00
4.340000000000000000e+02
7.280000000000000000e+02
2.000000000000000000e+00
3.300000000000000000e+01
0.000000000000000000e+00
0.000000000000000000e+00
5.000000000000000000e+00
1.220000000000000000e+02
0.000000000000000000e+00
0.000000000000000000e+00
0.000000000000000000e+00
1.900000000000000000e+01
7.000000000000000000e+00
4.000000000000000000e+00
1.100000000000000000e+01
1.000000000000000000e+00
1.000000000000000000e+00
5.000000000000000000e+00
1.286000000000000000e+03
0.000000000000000000e+00
6.000000000000000000e+00
2.000000000000000000e+00
9.800000000000000000e+01
5.500000000000000000e+01
0.000000000000000000e+00
0.000000000000000000e+00
3.000000000000000000e+00
8.000000000000000000e+00
4.000000000000000000e+00
7.000000000000000000e+00
5.400000000000000000e+01
0.000000000000000000e+00
3.000000000000000000e+00
3.600000000000000000e+01
0.000000000000000000e+00
1.600000000000000000e+02
0.000000000000000000e+00
3.300000000000000000e+01
2.600000000000000000e+01
0.000000000000000000e+00
8.000000000000000000e+00
7.700000000000000000e+01
0.000000000000000000e+00
0.000000000000000000e+00
0.000000000000000000e+00
2.530000000000000000e+02
5.000000000000000000e+00
0.000000000000000000e+00
5.500000000000000000e+01
0.000000000000000000e+00
1.400000000000000000e+01
1.200000000000000000e+01
0.000000000000000000e+00
3.000000000000000000e+01
0.000000000000000000e+00
7.000000000000000000e+00
1.000000000000000000e+00
0.000000000000000000e+00
0.000000000000000000e+00
1.100000000000000000e+01
4.000000000000000000e+01
4.800000000000000000e+01
0.000000000000000000e+00
0.000000000000000000e+00
1.000000000000000000e+01
4.000000000000000000e+01
2.000000000000000000e+00
3.000000000000000000e+00
0.000000000000000000e+00
0.000000000000000000e+00
7.000000000000000000e+00
6.000000000000000000e+00
8.000000000000000000e+00
1.000000000000000000e+01
0.000000000000000000e+00
1.000000000000000000e+01
1.900000000000000000e+01
6.000000000000000000e+00
0.000000000000000000e+00
1.000000000000000000e+00
2.000000000000000000e+00
0.000000000000000000e+00
0.000000000000000000e+00
0.000000000000000000e+00
4.000000000000000000e+00
0.000000000000000000e+00
1.000000000000000000e+00
5.200000000000000000e+01
1.000000000000000000e+00
2.000000000000000000e+00
0.000000000000000000e+00
1.000000000000000000e+00
1.200000000000000000e+01
0.000000000000000000e+00
0.000000000000000000e+00
5.700000000000000000e+01
2.000000000000000000e+00
3.000000000000000000e+00
2.000000000000000000e+00
9.600000000000000000e+01
1.070000000000000000e+02
3.500000000000000000e+01
7.000000000000000000e+00
1.800000000000000000e+01
5.500000000000000000e+01
4.000000000000000000e+00
0.000000000000000000e+00
0.000000000000000000e+00
1.200000000000000000e+01
3.632000000000000000e+03
7.000000000000000000e+00
8.310000000000000000e+02
3.800000000000000000e+01
0.000000000000000000e+00
0.000000000000000000e+00
3.230000000000000000e+02
1.400000000000000000e+01
2.000000000000000000e+00
0.000000000000000000e+00
7.000000000000000000e+00
0.000000000000000000e+00
0.000000000000000000e+00
0.000000000000000000e+00
7.100000000000000000e+01
0.000000000000000000e+00
8.000000000000000000e+00
3.000000000000000000e+00
0.000000000000000000e+00
6.000000000000000000e+00
0.000000000000000000e+00
0.000000000000000000e+00
6.000000000000000000e+00
1.000000000000000000e+00
1.740000000000000000e+02
0.000000000000000000e+00
0.000000000000000000e+00
1.130000000000000000e+02
1.320000000000000000e+02
0.000000000000000000e+00
0.000000000000000000e+00
3.000000000000000000e+01
2.500000000000000000e+01
0.000000000000000000e+00
0.000000000000000000e+00
7.000000000000000000e+00
1.000000000000000000e+01
2.300000000000000000e+01
1.850000000000000000e+02
1.800000000000000000e+01
8.480000000000000000e+02
0.000000000000000000e+00
3.000000000000000000e+00
1.480000000000000000e+02
0.000000000000000000e+00
1.200000000000000000e+01
1.600000000000000000e+01
0.000000000000000000e+00
3.200000000000000000e+01
2.800000000000000000e+01
1.700000000000000000e+01
1.700000000000000000e+01
0.000000000000000000e+00
0.000000000000000000e+00
0.000000000000000000e+00
4.700000000000000000e+01
9.000000000000000000e+00
1.000000000000000000e+01
3.000000000000000000e+00
2.000000000000000000e+00
2.000000000000000000e+00
4.000000000000000000e+00
0.000000000000000000e+00
0.000000000000000000e+00
5.680000000000000000e+02
0.000000000000000000e+00
1.000000000000000000e+00
1.060000000000000000e+02
3.400000000000000000e+01
1.000000000000000000e+00
8.000000000000000000e+00
1.300000000000000000e+01
4.200000000000000000e+01
2.500000000000000000e+01
0.000000000000000000e+00
0.000000000000000000e+00
1.000000000000000000e+01
2.000000000000000000e+00
2.000000000000000000e+00
6.600000000000000000e+01
4.000000000000000000e+00
6.000000000000000000e+01
6.680000000000000000e+02
7.000000000000000000e+00
0.000000000000000000e+00
4.000000000000000000e+00
3.000000000000000000e+00
0.000000000000000000e+00
5.000000000000000000e+00
7.800000000000000000e+01
1.800000000000000000e+01
6.100000000000000000e+01
0.000000000000000000e+00
0.000000000000000000e+00
4.700000000000000000e+01
7.300000000000000000e+01
2.290000000000000000e+02
1.600000000000000000e+01
9.300000000000000000e+01
3.000000000000000000e+00
2.000000000000000000e+00
6.700000000000000000e+01
0.000000000000000000e+00
0.000000000000000000e+00
0.000000000000000000e+00
1.150000000000000000e+02
5.140000000000000000e+02
1.000000000000000000e+00
1.400000000000000000e+01
4.000000000000000000e+00
5.200000000000000000e+01
2.000000000000000000e+00
2.000000000000000000e+00
1.200000000000000000e+01
2.700000000000000000e+01
0.000000000000000000e+00
4.000000000000000000e+00
4.000000000000000000e+00
4.040000000000000000e+02
6.310000000000000000e+02
1.240000000000000000e+02
0.000000000000000000e+00
2.000000000000000000e+00
7.000000000000000000e+00
9.000000000000000000e+00
1.500000000000000000e+01
8.200000000000000000e+01
5.600000000000000000e+01
0.000000000000000000e+00
6.000000000000000000e+01
5.000000000000000000e+00
8.000000000000000000e+00
3.400000000000000000e+01
2.500000000000000000e+01
2.815000000000000000e+03
2.500000000000000000e+01
8.200000000000000000e+01
2.900000000000000000e+01
4.000000000000000000e+00
4.000000000000000000e+01
3.058000000000000000e+03
0.000000000000000000e+00
1.020000000000000000e+02
1.600000000000000000e+01
2.000000000000000000e+00
2.930000000000000000e+02
0.000000000000000000e+00
7.400000000000000000e+01
1.142000000000000000e+03
0.000000000000000000e+00
2.480000000000000000e+02
4.000000000000000000e+01
3.800000000000000000e+01
3.500000000000000000e+01
0.000000000000000000e+00
0.000000000000000000e+00
4.900000000000000000e+01
3.000000000000000000e+00
3.000000000000000000e+00
0.000000000000000000e+00
0.000000000000000000e+00
2.000000000000000000e+00
0.000000000000000000e+00
1.800000000000000000e+01
0.000000000000000000e+00
0.000000000000000000e+00
3.300000000000000000e+01
0.000000000000000000e+00
0.000000000000000000e+00
0.000000000000000000e+00
4.000000000000000000e+00
0.000000000000000000e+00
2.400000000000000000e+01
0.000000000000000000e+00
8.000000000000000000e+00
2.000000000000000000e+00
9.000000000000000000e+00
5.280000000000000000e+02
5.970000000000000000e+02
7.000000000000000000e+00
0.000000000000000000e+00
0.000000000000000000e+00
9.000000000000000000e+00
5.000000000000000000e+00
1.300000000000000000e+01
0.000000000000000000e+00
5.300000000000000000e+01
0.000000000000000000e+00
0.000000000000000000e+00
2.700000000000000000e+01
2.000000000000000000e+00
1.000000000000000000e+00
2.400000000000000000e+01
0.000000000000000000e+00
0.000000000000000000e+00
6.500000000000000000e+01
1.340000000000000000e+02
3.000000000000000000e+00
2.000000000000000000e+00
1.030000000000000000e+02
1.820000000000000000e+02
5.900000000000000000e+01
0.000000000000000000e+00
1.000000000000000000e+01
3.000000000000000000e+00
1.061000000000000000e+03
3.000000000000000000e+00
1.000000000000000000e+00
1.320000000000000000e+02
0.000000000000000000e+00
2.000000000000000000e+01
2.200000000000000000e+01
1.500000000000000000e+01
2.000000000000000000e+00
7.000000000000000000e+00
1.100000000000000000e+01
5.280000000000000000e+02
0.000000000000000000e+00
1.050000000000000000e+02
1.300000000000000000e+01
2.000000000000000000e+00
0.000000000000000000e+00
0.000000000000000000e+00
3.000000000000000000e+01
0.000000000000000000e+00
0.000000000000000000e+00
1.000000000000000000e+01
0.000000000000000000e+00
3.250000000000000000e+02
1.000000000000000000e+00
5.000000000000000000e+00
0.000000000000000000e+00
9.000000000000000000e+00
5.900000000000000000e+01
8.900000000000000000e+01
0.000000000000000000e+00
4.500000000000000000e+01
2.230000000000000000e+02
2.000000000000000000e+00
1.400000000000000000e+01
4.000000000000000000e+00
5.000000000000000000e+01
2.004000000000000000e+03
0.000000000000000000e+00
3.700000000000000000e+01
1.000000000000000000e+00
0.000000000000000000e+00
1.700000000000000000e+01
3.000000000000000000e+01
5.000000000000000000e+00
2.000000000000000000e+00
6.040000000000000000e+02
3.940000000000000000e+02
3.000000000000000000e+00
2.000000000000000000e+00
5.000000000000000000e+00
7.000000000000000000e+00
6.000000000000000000e+00
2.000000000000000000e+00
0.000000000000000000e+00
0.000000000000000000e+00
0.000000000000000000e+00
7.000000000000000000e+00
3.000000000000000000e+00
1.611000000000000000e+03
6.000000000000000000e+00
3.700000000000000000e+01
0.000000000000000000e+00
8.000000000000000000e+00
0.000000000000000000e+00
3.700000000000000000e+01
2.790000000000000000e+02
1.800000000000000000e+01
2.960000000000000000e+02
0.000000000000000000e+00
0.000000000000000000e+00
9.000000000000000000e+00
0.000000000000000000e+00
2.000000000000000000e+00
2.623000000000000000e+03
7.000000000000000000e+00
6.000000000000000000e+00
1.300000000000000000e+01
0.000000000000000000e+00
3.000000000000000000e+00
6.000000000000000000e+00
3.000000000000000000e+00
1.230000000000000000e+03
0.000000000000000000e+00
0.000000000000000000e+00
1.000000000000000000e+01
3.000000000000000000e+00
0.000000000000000000e+00
6.000000000000000000e+00
2.000000000000000000e+00
4.380000000000000000e+02
0.000000000000000000e+00
0.000000000000000000e+00
3.530000000000000000e+02
3.000000000000000000e+00
1.810000000000000000e+02
1.600000000000000000e+01
7.000000000000000000e+00
2.080000000000000000e+02
2.000000000000000000e+00
0.000000000000000000e+00
1.612000000000000000e+03
3.300000000000000000e+01
0.000000000000000000e+00
7.000000000000000000e+00
0.000000000000000000e+00
2.000000000000000000e+00
9.000000000000000000e+00
1.780000000000000000e+02
1.200000000000000000e+02
0.000000000000000000e+00
0.000000000000000000e+00
1.420000000000000000e+02
2.000000000000000000e+00
1.000000000000000000e+00
4.000000000000000000e+00
9.000000000000000000e+00
6.000000000000000000e+00
0.000000000000000000e+00
1.200000000000000000e+01
0.000000000000000000e+00
0.000000000000000000e+00
0.000000000000000000e+00
8.200000000000000000e+01
4.600000000000000000e+01
3.000000000000000000e+00
0.000000000000000000e+00
3.000000000000000000e+00
5.000000000000000000e+00
6.700000000000000000e+01
2.900000000000000000e+01
0.000000000000000000e+00
3.100000000000000000e+01
0.000000000000000000e+00
4.600000000000000000e+01
0.000000000000000000e+00
4.000000000000000000e+00
2.720000000000000000e+02
0.000000000000000000e+00
2.000000000000000000e+00
0.000000000000000000e+00
9.900000000000000000e+01
0.000000000000000000e+00
1.100000000000000000e+01
0.000000000000000000e+00
0.000000000000000000e+00
0.000000000000000000e+00
2.000000000000000000e+00
1.500000000000000000e+01
6.600000000000000000e+01
8.000000000000000000e+00
4.040000000000000000e+02
1.700000000000000000e+01
3.200000000000000000e+01
2.000000000000000000e+00
1.600000000000000000e+01
0.000000000000000000e+00
0.000000000000000000e+00
1.000000000000000000e+00
4.400000000000000000e+01
2.000000000000000000e+00
0.000000000000000000e+00
1.400000000000000000e+02
6.000000000000000000e+00
1.100000000000000000e+01
1.000000000000000000e+00
5.100000000000000000e+01
6.000000000000000000e+00
4.000000000000000000e+00
1.000000000000000000e+00
0.000000000000000000e+00
1.400000000000000000e+01
1.000000000000000000e+00
1.780000000000000000e+02
3.000000000000000000e+00
2.130000000000000000e+02
6.100000000000000000e+01
2.000000000000000000e+01
7.440000000000000000e+02
0.000000000000000000e+00
1.900000000000000000e+01
2.000000000000000000e+00
1.980000000000000000e+02
3.560000000000000000e+02
1.260000000000000000e+02
5.900000000000000000e+01
5.000000000000000000e+00
0.000000000000000000e+00
1.800000000000000000e+01
0.000000000000000000e+00
0.000000000000000000e+00
3.000000000000000000e+00
1.300000000000000000e+01
2.800000000000000000e+01
1.630000000000000000e+02
0.000000000000000000e+00
1.610000000000000000e+02
1.300000000000000000e+02
2.000000000000000000e+01
0.000000000000000000e+00
6.000000000000000000e+00
4.000000000000000000e+00
5.000000000000000000e+00
0.000000000000000000e+00
3.000000000000000000e+00
8.000000000000000000e+01
1.000000000000000000e+00
0.000000000000000000e+00
0.000000000000000000e+00
5.000000000000000000e+00
1.000000000000000000e+00
4.400000000000000000e+01
0.000000000000000000e+00
2.322000000000000000e+03
1.000000000000000000e+00
1.730000000000000000e+02
6.700000000000000000e+01
1.500000000000000000e+01
9.600000000000000000e+01
0.000000000000000000e+00
3.000000000000000000e+00
1.020000000000000000e+02
1.000000000000000000e+00
7.400000000000000000e+02
2.000000000000000000e+00
1.010000000000000000e+02
0.000000000000000000e+00
0.000000000000000000e+00
5.610000000000000000e+02
1.400000000000000000e+01
9.000000000000000000e+00
1.000000000000000000e+00
0.000000000000000000e+00
0.000000000000000000e+00
3.600000000000000000e+01
0.000000000000000000e+00
0.000000000000000000e+00
3.000000000000000000e+00
7.000000000000000000e+00
0.000000000000000000e+00
4.660000000000000000e+02
0.000000000000000000e+00
1.000000000000000000e+00
2.000000000000000000e+00
7.000000000000000000e+00
1.000000000000000000e+00
2.300000000000000000e+01
0.000000000000000000e+00
0.000000000000000000e+00
8.340000000000000000e+02
1.470000000000000000e+02
2.000000000000000000e+00
6.000000000000000000e+00
2.400000000000000000e+01
3.300000000000000000e+01
2.000000000000000000e+00
0.000000000000000000e+00
0.000000000000000000e+00
0.000000000000000000e+00
4.000000000000000000e+00
4.000000000000000000e+00
6.000000000000000000e+00
3.000000000000000000e+00
1.200000000000000000e+01
7.000000000000000000e+00
1.024000000000000000e+03
6.000000000000000000e+00
2.100000000000000000e+01
3.000000000000000000e+00
5.800000000000000000e+01
1.000000000000000000e+00
2.000000000000000000e+00
0.000000000000000000e+00
0.000000000000000000e+00
0.000000000000000000e+00
5.100000000000000000e+01
7.100000000000000000e+01
5.550000000000000000e+02
0.000000000000000000e+00
0.000000000000000000e+00
0.000000000000000000e+00
2.277000000000000000e+03
1.400000000000000000e+01
0.000000000000000000e+00
8.000000000000000000e+00
1.600000000000000000e+01
0.000000000000000000e+00
0.000000000000000000e+00
1.000000000000000000e+00
0.000000000000000000e+00
1.700000000000000000e+01
7.200000000000000000e+01
0.000000000000000000e+00
0.000000000000000000e+00
2.600000000000000000e+02
0.000000000000000000e+00
3.000000000000000000e+00
1.620000000000000000e+02
7.000000000000000000e+00
7.500000000000000000e+01
0.000000000000000000e+00
0.000000000000000000e+00
0.000000000000000000e+00
3.000000000000000000e+00
1.430000000000000000e+02
1.000000000000000000e+00
1.360000000000000000e+02
6.840000000000000000e+02
2.250000000000000000e+02
5.790000000000000000e+02
0.000000000000000000e+00
1.750000000000000000e+02
0.000000000000000000e+00
3.700000000000000000e+01
1.110000000000000000e+02
2.640000000000000000e+02
3.800000000000000000e+01
3.000000000000000000e+00
6.900000000000000000e+01
0.000000000000000000e+00
2.000000000000000000e+00
2.800000000000000000e+01
3.100000000000000000e+01
2.000000000000000000e+00
6.000000000000000000e+00
0.000000000000000000e+00
3.000000000000000000e+00
7.000000000000000000e+00
0.000000000000000000e+00
0.000000000000000000e+00
0.000000000000000000e+00
2.129000000000000000e+03
0.000000000000000000e+00
2.599000000000000000e+03
0.000000000000000000e+00
0.000000000000000000e+00
0.000000000000000000e+00
4.000000000000000000e+00
0.000000000000000000e+00
1.400000000000000000e+01
5.290000000000000000e+02
6.000000000000000000e+00
0.000000000000000000e+00
5.000000000000000000e+00
0.000000000000000000e+00
5.000000000000000000e+00
2.000000000000000000e+00
6.000000000000000000e+00
4.000000000000000000e+00
3.000000000000000000e+00
4.000000000000000000e+00
3.000000000000000000e+00
0.000000000000000000e+00
4.000000000000000000e+00
5.400000000000000000e+01
2.000000000000000000e+00
2.000000000000000000e+00
0.000000000000000000e+00
0.000000000000000000e+00
4.900000000000000000e+01
2.440000000000000000e+02
2.280000000000000000e+02
3.000000000000000000e+00
0.000000000000000000e+00
8.000000000000000000e+00
5.000000000000000000e+00
0.000000000000000000e+00
1.600000000000000000e+01
2.000000000000000000e+00
1.300000000000000000e+01
1.000000000000000000e+00
0.000000000000000000e+00
3.400000000000000000e+01
3.600000000000000000e+01
5.000000000000000000e+00
0.000000000000000000e+00
0.000000000000000000e+00
8.000000000000000000e+00
9.000000000000000000e+00
5.900000000000000000e+01
0.000000000000000000e+00
1.502000000000000000e+03
3.000000000000000000e+00
4.600000000000000000e+01
4.800000000000000000e+01
0.000000000000000000e+00
3.260000000000000000e+02
9.000000000000000000e+00
6.000000000000000000e+00
0.000000000000000000e+00
2.000000000000000000e+00
3.600000000000000000e+01
1.737000000000000000e+03
3.000000000000000000e+00
0.000000000000000000e+00
1.709000000000000000e+03
1.760000000000000000e+02
2.000000000000000000e+00
0.000000000000000000e+00
0.000000000000000000e+00
5.400000000000000000e+01
5.800000000000000000e+01
3.000000000000000000e+00
0.000000000000000000e+00
8.900000000000000000e+01
6.400000000000000000e+01
0.000000000000000000e+00
1.000000000000000000e+01
1.000000000000000000e+00
0.000000000000000000e+00
5.000000000000000000e+00
2.000000000000000000e+00
2.200000000000000000e+01
6.700000000000000000e+01
1.000000000000000000e+00
0.000000000000000000e+00
1.100000000000000000e+01
9.500000000000000000e+01
0.000000000000000000e+00
5.300000000000000000e+01
6.000000000000000000e+00
3.280000000000000000e+02
6.000000000000000000e+00
6.000000000000000000e+00
1.390000000000000000e+02
7.200000000000000000e+01
2.400000000000000000e+01
3.900000000000000000e+01
5.470000000000000000e+02
0.000000000000000000e+00
3.430000000000000000e+02
3.700000000000000000e+01
0.000000000000000000e+00
2.000000000000000000e+00
2.000000000000000000e+00
2.130000000000000000e+02
9.000000000000000000e+00
1.100000000000000000e+01
3.000000000000000000e+00
2.227000000000000000e+03
1.800000000000000000e+01
0.000000000000000000e+00
3.000000000000000000e+00
3.000000000000000000e+00
1.100000000000000000e+02
0.000000000000000000e+00
3.000000000000000000e+00
1.000000000000000000e+00
2.000000000000000000e+00
1.790000000000000000e+02
0.000000000000000000e+00
4.000000000000000000e+00
8.600000000000000000e+01
4.000000000000000000e+00
2.000000000000000000e+00
1.340000000000000000e+02
1.500000000000000000e+01
2.000000000000000000e+00
5.000000000000000000e+00
7.000000000000000000e+00
5.000000000000000000e+00
1.400000000000000000e+01
5.000000000000000000e+00
0.000000000000000000e+00
7.100000000000000000e+01
1.600000000000000000e+01
0.000000000000000000e+00
2.000000000000000000e+00
9.000000000000000000e+00
2.000000000000000000e+00
1.700000000000000000e+01
0.000000000000000000e+00
6.220000000000000000e+02
4.000000000000000000e+00
6.800000000000000000e+01
1.500000000000000000e+01
9.000000000000000000e+00
2.000000000000000000e+00
1.000000000000000000e+01
0.000000000000000000e+00
7.560000000000000000e+02
0.000000000000000000e+00
6.300000000000000000e+01
1.350000000000000000e+02
1.100000000000000000e+01
2.000000000000000000e+01
1.000000000000000000e+02
3.000000000000000000e+00
8.000000000000000000e+00
4.500000000000000000e+01
7.100000000000000000e+01
2.000000000000000000e+00
1.700000000000000000e+01
4.000000000000000000e+00
1.000000000000000000e+01
0.000000000000000000e+00
5.000000000000000000e+00
4.000000000000000000e+00
2.000000000000000000e+00
2.000000000000000000e+00
3.000000000000000000e+00
5.550000000000000000e+02
2.400000000000000000e+01
0.000000000000000000e+00
0.000000000000000000e+00
4.000000000000000000e+00
8.600000000000000000e+01
0.000000000000000000e+00
1.180000000000000000e+02
8.000000000000000000e+00
9.000000000000000000e+00
0.000000000000000000e+00
6.800000000000000000e+01
3.090000000000000000e+02
0.000000000000000000e+00
3.000000000000000000e+00
2.000000000000000000e+00
2.000000000000000000e+00
4.500000000000000000e+01
1.960000000000000000e+02
2.890000000000000000e+02
5.500000000000000000e+01
7.000000000000000000e+00
3.000000000000000000e+00
2.434000000000000000e+03
0.000000000000000000e+00
2.300000000000000000e+01
0.000000000000000000e+00
0.000000000000000000e+00
4.000000000000000000e+00
1.000000000000000000e+00
0.000000000000000000e+00
8.900000000000000000e+01
2.200000000000000000e+01
0.000000000000000000e+00
3.000000000000000000e+00
9.140000000000000000e+02
1.000000000000000000e+00
5.000000000000000000e+00
0.000000000000000000e+00
0.000000000000000000e+00
1.480000000000000000e+02
0.000000000000000000e+00
1.800000000000000000e+01
3.000000000000000000e+00
8.600000000000000000e+01
0.000000000000000000e+00
0.000000000000000000e+00
3.400000000000000000e+02
0.000000000000000000e+00
2.000000000000000000e+00
3.000000000000000000e+00
7.000000000000000000e+00
7.630000000000000000e+02
4.150000000000000000e+02
3.900000000000000000e+01
4.000000000000000000e+00
1.000000000000000000e+02
1.000000000000000000e+00
0.000000000000000000e+00
0.000000000000000000e+00
0.000000000000000000e+00
1.420000000000000000e+02
0.000000000000000000e+00
1.680000000000000000e+02
0.000000000000000000e+00
5.000000000000000000e+00
1.500000000000000000e+01
2.000000000000000000e+00
2.000000000000000000e+00
7.150000000000000000e+02
0.000000000000000000e+00
0.000000000000000000e+00
0.000000000000000000e+00
1.000000000000000000e+00
4.900000000000000000e+01
4.000000000000000000e+00
0.000000000000000000e+00
1.500000000000000000e+01
4.200000000000000000e+01
1.400000000000000000e+01
1.700000000000000000e+01
8.000000000000000000e+00
1.400000000000000000e+01
1.220000000000000000e+02
0.000000000000000000e+00
1.700000000000000000e+01
0.000000000000000000e+00
3.300000000000000000e+01
2.000000000000000000e+00
9.270000000000000000e+02
5.400000000000000000e+01
3.200000000000000000e+01
4.000000000000000000e+00
2.000000000000000000e+00
1.700000000000000000e+01
1.600000000000000000e+01
1.000000000000000000e+00
1.900000000000000000e+01
1.180000000000000000e+03
2.000000000000000000e+00
9.000000000000000000e+00
1.000000000000000000e+00
0.000000000000000000e+00
0.000000000000000000e+00
4.000000000000000000e+00
1.300000000000000000e+01
5.000000000000000000e+00
1.300000000000000000e+01
0.000000000000000000e+00
3.520000000000000000e+02
4.700000000000000000e+01
0.000000000000000000e+00
0.000000000000000000e+00
6.000000000000000000e+00
1.630000000000000000e+02
6.700000000000000000e+01
0.000000000000000000e+00
2.090000000000000000e+02
1.970000000000000000e+02
0.000000000000000000e+00
5.800000000000000000e+01
2.330000000000000000e+02
4.700000000000000000e+01
2.050000000000000000e+02
2.000000000000000000e+00
2.000000000000000000e+01
1.000000000000000000e+00
0.000000000000000000e+00
1.600000000000000000e+01
1.120000000000000000e+02
2.100000000000000000e+01
1.400000000000000000e+01
2.400000000000000000e+01
3.000000000000000000e+00
3.660000000000000000e+02
1.400000000000000000e+01
2.000000000000000000e+00
0.000000000000000000e+00
3.000000000000000000e+00
8.000000000000000000e+00
5.250000000000000000e+02
1.481000000000000000e+03
1.200000000000000000e+01
3.000000000000000000e+00
1.150000000000000000e+02
1.500000000000000000e+01
1.722000000000000000e+03
0.000000000000000000e+00
2.048000000000000000e+03
1.400000000000000000e+01
0.000000000000000000e+00
4.810000000000000000e+02
3.100000000000000000e+01
0.000000000000000000e+00
0.000000000000000000e+00
0.000000000000000000e+00
2.000000000000000000e+00
0.000000000000000000e+00
4.040000000000000000e+02
0.000000000000000000e+00
1.490000000000000000e+02
0.000000000000000000e+00
0.000000000000000000e+00
2.000000000000000000e+00
3.300000000000000000e+01
0.000000000000000000e+00
0.000000000000000000e+00
2.690000000000000000e+02
2.000000000000000000e+00
2.200000000000000000e+01
0.000000000000000000e+00
4.900000000000000000e+01
2.420000000000000000e+02
0.000000000000000000e+00
2.300000000000000000e+01
2.000000000000000000e+01
0.000000000000000000e+00
1.000000000000000000e+00
0.000000000000000000e+00
2.080000000000000000e+02
1.800000000000000000e+01
6.000000000000000000e+00
2.100000000000000000e+01
0.000000000000000000e+00
4.000000000000000000e+00
4.500000000000000000e+01
8.200000000000000000e+01
0.000000000000000000e+00
0.000000000000000000e+00
1.710000000000000000e+02
1.130000000000000000e+02
3.000000000000000000e+00
6.000000000000000000e+00
0.000000000000000000e+00
4.000000000000000000e+00
2.300000000000000000e+01
5.100000000000000000e+01
2.000000000000000000e+00
1.000000000000000000e+00
1.220000000000000000e+02
0.000000000000000000e+00
0.000000000000000000e+00
1.514000000000000000e+03
2.000000000000000000e+00
7.000000000000000000e+00
2.330000000000000000e+02
1.800000000000000000e+01
6.000000000000000000e+00
1.425000000000000000e+03
1.030000000000000000e+02
6.600000000000000000e+01
0.000000000000000000e+00
3.900000000000000000e+01
0.000000000000000000e+00
7.530000000000000000e+02
5.200000000000000000e+01
0.000000000000000000e+00
1.900000000000000000e+01
4.720000000000000000e+02
3.500000000000000000e+01
2.700000000000000000e+01
3.000000000000000000e+00
0.000000000000000000e+00
2.000000000000000000e+01
0.000000000000000000e+00
2.000000000000000000e+00
3.560000000000000000e+02
3.805000000000000000e+03
1.804000000000000000e+03
6.000000000000000000e+00
3.900000000000000000e+01
0.000000000000000000e+00
0.000000000000000000e+00
1.500000000000000000e+01
2.186000000000000000e+03
0.000000000000000000e+00
4.570000000000000000e+02
1.500000000000000000e+01
3.940000000000000000e+02
1.000000000000000000e+01
6.000000000000000000e+00
1.100000000000000000e+01
2.600000000000000000e+01
0.000000000000000000e+00
0.000000000000000000e+00
4.000000000000000000e+00
4.000000000000000000e+00
7.700000000000000000e+01
0.000000000000000000e+00
5.700000000000000000e+01
3.400000000000000000e+01
1.900000000000000000e+01
1.000000000000000000e+01
1.200000000000000000e+01
1.200000000000000000e+01
3.000000000000000000e+00
0.000000000000000000e+00
1.130000000000000000e+02
0.000000000000000000e+00
1.410000000000000000e+02
9.000000000000000000e+00
3.100000000000000000e+01
0.000000000000000000e+00
1.000000000000000000e+00
9.000000000000000000e+00
0.000000000000000000e+00
2.340000000000000000e+02
1.900000000000000000e+01
1.100000000000000000e+01
7.000000000000000000e+00
0.000000000000000000e+00
0.000000000000000000e+00
0.000000000000000000e+00
2.000000000000000000e+00
3.000000000000000000e+00
1.480000000000000000e+02
8.010000000000000000e+02
1.000000000000000000e+00
0.000000000000000000e+00
9.000000000000000000e+00
3.000000000000000000e+00
8.000000000000000000e+00
1.000000000000000000e+00
0.000000000000000000e+00
5.000000000000000000e+00
6.000000000000000000e+00
2.000000000000000000e+00
1.620000000000000000e+02
0.000000000000000000e+00
1.200000000000000000e+01
3.000000000000000000e+00
0.000000000000000000e+00
2.000000000000000000e+01
0.000000000000000000e+00
3.900000000000000000e+01
0.000000000000000000e+00
3.900000000000000000e+01
0.000000000000000000e+00
0.000000000000000000e+00
2.000000000000000000e+00
0.000000000000000000e+00
2.000000000000000000e+00
4.000000000000000000e+00
8.000000000000000000e+00
1.000000000000000000e+00
7.030000000000000000e+02
3.000000000000000000e+02
0.000000000000000000e+00
3.810000000000000000e+02
0.000000000000000000e+00
0.000000000000000000e+00
0.000000000000000000e+00
0.000000000000000000e+00
1.000000000000000000e+00
0.000000000000000000e+00
1.800000000000000000e+02
1.080000000000000000e+02
0.000000000000000000e+00
3.600000000000000000e+01
1.700000000000000000e+01
2.000000000000000000e+00
9.910000000000000000e+02
9.000000000000000000e+00
9.000000000000000000e+00
6.000000000000000000e+01
2.360000000000000000e+02
0.000000000000000000e+00
3.000000000000000000e+00
2.710000000000000000e+02
3.230000000000000000e+02
0.000000000000000000e+00
4.000000000000000000e+00
2.300000000000000000e+02
3.750000000000000000e+02
4.000000000000000000e+00
9.000000000000000000e+00
2.300000000000000000e+01
0.000000000000000000e+00
8.000000000000000000e+01
5.000000000000000000e+00
7.860000000000000000e+02
2.000000000000000000e+02
6.050000000000000000e+02
5.600000000000000000e+01
0.000000000000000000e+00
5.000000000000000000e+00
5.900000000000000000e+01
1.600000000000000000e+01
0.000000000000000000e+00
0.000000000000000000e+00
6.000000000000000000e+00
0.000000000000000000e+00
1.300000000000000000e+01
1.190000000000000000e+02
3.100000000000000000e+01
0.000000000000000000e+00
2.800000000000000000e+02
9.000000000000000000e+00
1.000000000000000000e+01
0.000000000000000000e+00
0.000000000000000000e+00
2.000000000000000000e+00
1.000000000000000000e+00
1.250000000000000000e+02
6.390000000000000000e+02
1.830000000000000000e+02
3.000000000000000000e+00
3.100000000000000000e+01
0.000000000000000000e+00
3.400000000000000000e+01
0.000000000000000000e+00
4.100000000000000000e+01
4.000000000000000000e+01
1.700000000000000000e+01
4.700000000000000000e+01
6.000000000000000000e+00
1.000000000000000000e+01
2.500000000000000000e+01
2.000000000000000000e+00
2.900000000000000000e+01
3.700000000000000000e+01
0.000000000000000000e+00
3.000000000000000000e+00
3.000000000000000000e+00
7.000000000000000000e+00
2.660000000000000000e+02
8.000000000000000000e+00
3.000000000000000000e+00
4.000000000000000000e+00
2.300000000000000000e+01
1.800000000000000000e+01
1.000000000000000000e+00
0.000000000000000000e+00
2.000000000000000000e+00
1.300000000000000000e+01
4.070000000000000000e+02
6.300000000000000000e+01
7.000000000000000000e+00
0.000000000000000000e+00
0.000000000000000000e+00
0.000000000000000000e+00
1.000000000000000000e+00
3.500000000000000000e+02
1.600000000000000000e+01
6.900000000000000000e+01
3.880000000000000000e+02
1.100000000000000000e+01
4.700000000000000000e+01
1.030000000000000000e+02
0.000000000000000000e+00
7.800000000000000000e+01
5.190000000000000000e+02
0.000000000000000000e+00
5.000000000000000000e+01
2.400000000000000000e+01
1.300000000000000000e+01
2.000000000000000000e+00
0.000000000000000000e+00
1.600000000000000000e+01
0.000000000000000000e+00
2.000000000000000000e+00
1.450000000000000000e+02
1.000000000000000000e+00
1.600000000000000000e+01
4.250000000000000000e+02
2.000000000000000000e+00
2.000000000000000000e+00
0.000000000000000000e+00
0.000000000000000000e+00
2.000000000000000000e+00
2.900000000000000000e+01
0.000000000000000000e+00
0.000000000000000000e+00
0.000000000000000000e+00
0.000000000000000000e+00
4.000000000000000000e+00
1.300000000000000000e+01
0.000000000000000000e+00
0.000000000000000000e+00
1.510000000000000000e+02
1.680000000000000000e+02
7.600000000000000000e+01
1.000000000000000000e+00
1.000000000000000000e+01
3.000000000000000000e+01
4.000000000000000000e+00
7.300000000000000000e+01
1.200000000000000000e+01
2.000000000000000000e+00
0.000000000000000000e+00
5.000000000000000000e+01
0.000000000000000000e+00
2.900000000000000000e+01
2.240000000000000000e+02
3.900000000000000000e+01
2.000000000000000000e+00
0.000000000000000000e+00
1.500000000000000000e+01
1.710000000000000000e+02
5.000000000000000000e+00
0.000000000000000000e+00
0.000000000000000000e+00
1.340000000000000000e+02
6.000000000000000000e+00
0.000000000000000000e+00
0.000000000000000000e+00
2.000000000000000000e+01
0.000000000000000000e+00
0.000000000000000000e+00
2.500000000000000000e+01
1.300000000000000000e+01
2.000000000000000000e+00
1.000000000000000000e+02
0.000000000000000000e+00
2.000000000000000000e+00
3.000000000000000000e+01
1.000000000000000000e+00
1.338000000000000000e+03
0.000000000000000000e+00
7.000000000000000000e+00
1.120000000000000000e+02
3.000000000000000000e+00
0.000000000000000000e+00
4.700000000000000000e+01
5.000000000000000000e+00
1.200000000000000000e+01
1.000000000000000000e+01
0.000000000000000000e+00
3.116000000000000000e+03
2.500000000000000000e+01
1.847000000000000000e+03
4.460000000000000000e+02
2.500000000000000000e+01
2.000000000000000000e+00
9.000000000000000000e+00
0.000000000000000000e+00
1.180000000000000000e+02
3.000000000000000000e+00
0.000000000000000000e+00
1.000000000000000000e+00
0.000000000000000000e+00
0.000000000000000000e+00
3.000000000000000000e+00
1.000000000000000000e+00
0.000000000000000000e+00
2.700000000000000000e+01
5.000000000000000000e+00
1.200000000000000000e+01
7.400000000000000000e+02
6.700000000000000000e+01
0.000000000000000000e+00
0.000000000000000000e+00
1.800000000000000000e+01
0.000000000000000000e+00
0.000000000000000000e+00
1.280000000000000000e+02
6.000000000000000000e+00
2.000000000000000000e+00
1.200000000000000000e+02
7.000000000000000000e+00
3.000000000000000000e+00
6.900000000000000000e+01
1.280000000000000000e+02
3.510000000000000000e+02
1.100000000000000000e+01
0.000000000000000000e+00
0.000000000000000000e+00
1.000000000000000000e+00
1.610000000000000000e+02
3.700000000000000000e+01
0.000000000000000000e+00
2.000000000000000000e+00
0.000000000000000000e+00
1.200000000000000000e+01
0.000000000000000000e+00
2.900000000000000000e+01
7.000000000000000000e+00
9.000000000000000000e+00
8.300000000000000000e+01
6.000000000000000000e+00
1.000000000000000000e+00
2.000000000000000000e+00
5.000000000000000000e+00
5.800000000000000000e+01
8.000000000000000000e+00
3.200000000000000000e+01
0.000000000000000000e+00
0.000000000000000000e+00
4.000000000000000000e+00
2.000000000000000000e+00
1.400000000000000000e+01
0.000000000000000000e+00
0.000000000000000000e+00
1.100000000000000000e+01
6.060000000000000000e+02
8.200000000000000000e+02
0.000000000000000000e+00
8.000000000000000000e+00
2.200000000000000000e+01
0.000000000000000000e+00
6.400000000000000000e+01
2.000000000000000000e+00
1.855000000000000000e+03
1.200000000000000000e+01
1.700000000000000000e+01
0.000000000000000000e+00
1.400000000000000000e+01
0.000000000000000000e+00
4.700000000000000000e+01
3.400000000000000000e+01
0.000000000000000000e+00
0.000000000000000000e+00
2.000000000000000000e+00
7.800000000000000000e+01
0.000000000000000000e+00
6.000000000000000000e+00
0.000000000000000000e+00
2.800000000000000000e+01
5.000000000000000000e+00
1.300000000000000000e+01
1.000000000000000000e+00
1.000000000000000000e+00
2.430000000000000000e+02
0.000000000000000000e+00
1.300000000000000000e+01
5.000000000000000000e+01
0.000000000000000000e+00
5.700000000000000000e+01
4.000000000000000000e+00
0.000000000000000000e+00
2.000000000000000000e+00
3.700000000000000000e+01
2.000000000000000000e+00
3.000000000000000000e+00
5.800000000000000000e+01
2.000000000000000000e+00
0.000000000000000000e+00
2.000000000000000000e+00
0.000000000000000000e+00
5.100000000000000000e+01
0.000000000000000000e+00
1.100000000000000000e+01
3.500000000000000000e+01
9.000000000000000000e+00
0.000000000000000000e+00
5.900000000000000000e+01
0.000000000000000000e+00
1.030000000000000000e+03
2.000000000000000000e+00
0.000000000000000000e+00
2.000000000000000000e+00
4.000000000000000000e+00
5.300000000000000000e+01
2.400000000000000000e+01
0.000000000000000000e+00
1.500000000000000000e+01
1.000000000000000000e+00
5.000000000000000000e+00
2.000000000000000000e+00
0.000000000000000000e+00
3.565000000000000000e+03
4.030000000000000000e+02
4.000000000000000000e+00
0.000000000000000000e+00
0.000000000000000000e+00
0.000000000000000000e+00
0.000000000000000000e+00
0.000000000000000000e+00
0.000000000000000000e+00
2.090000000000000000e+02
2.000000000000000000e+00
1.025000000000000000e+03
8.000000000000000000e+00
7.000000000000000000e+00
6.000000000000000000e+00
8.700000000000000000e+01
3.000000000000000000e+00
1.900000000000000000e+01
9.000000000000000000e+00
7.000000000000000000e+00
5.000000000000000000e+00
2.000000000000000000e+00
0.000000000000000000e+00
4.400000000000000000e+01
0.000000000000000000e+00
0.000000000000000000e+00
0.000000000000000000e+00
1.400000000000000000e+01
1.800000000000000000e+01
0.000000000000000000e+00
6.000000000000000000e+00
0.000000000000000000e+00
1.000000000000000000e+00
7.400000000000000000e+01
2.000000000000000000e+00
1.200000000000000000e+01
5.410000000000000000e+02
2.000000000000000000e+00
0.000000000000000000e+00
0.000000000000000000e+00
0.000000000000000000e+00
9.200000000000000000e+01
3.100000000000000000e+01
0.000000000000000000e+00
2.300000000000000000e+01
0.000000000000000000e+00
4.100000000000000000e+01
2.000000000000000000e+01
1.080000000000000000e+02
9.000000000000000000e+00
7.500000000000000000e+01
0.000000000000000000e+00
1.210000000000000000e+02
5.000000000000000000e+00
4.600000000000000000e+01
3.000000000000000000e+00
1.000000000000000000e+00
0.000000000000000000e+00
2.000000000000000000e+00
1.460000000000000000e+02
4.400000000000000000e+02
2.200000000000000000e+01
0.000000000000000000e+00
1.530000000000000000e+02
3.000000000000000000e+00
2.000000000000000000e+00
1.387000000000000000e+03
6.000000000000000000e+00
8.000000000000000000e+00
1.690000000000000000e+02
9.000000000000000000e+00
5.500000000000000000e+01
0.000000000000000000e+00
4.000000000000000000e+00
0.000000000000000000e+00
8.900000000000000000e+01
0.000000000000000000e+00
8.600000000000000000e+01
1.000000000000000000e+01
1.000000000000000000e+00
1.640000000000000000e+02
2.310000000000000000e+02
2.600000000000000000e+01
4.000000000000000000e+00
6.000000000000000000e+00
4.000000000000000000e+00
6.100000000000000000e+01
2.000000000000000000e+00
0.000000000000000000e+00
0.000000000000000000e+00
4.000000000000000000e+00
5.740000000000000000e+02
6.000000000000000000e+00
4.000000000000000000e+00
0.000000000000000000e+00
3.000000000000000000e+00
3.800000000000000000e+01
8.000000000000000000e+00
0.000000000000000000e+00
2.900000000000000000e+01
8.000000000000000000e+00
1.146000000000000000e+03
1.300000000000000000e+01
1.800000000000000000e+01
6.000000000000000000e+00
2.800000000000000000e+01
0.000000000000000000e+00
0.000000000000000000e+00
0.000000000000000000e+00
0.000000000000000000e+00
3.000000000000000000e+00
2.000000000000000000e+00
1.200000000000000000e+01
0.000000000000000000e+00
0.000000000000000000e+00
5.200000000000000000e+01
0.000000000000000000e+00
7.000000000000000000e+00
0.000000000000000000e+00
7.200000000000000000e+01
2.000000000000000000e+00
1.000000000000000000e+00
0.000000000000000000e+00
2.416000000000000000e+03
4.700000000000000000e+01
6.000000000000000000e+00
1.000000000000000000e+00
5.700000000000000000e+01
2.300000000000000000e+01
0.000000000000000000e+00
4.000000000000000000e+01
5.800000000000000000e+01
1.000000000000000000e+00
2.065000000000000000e+03
1.990000000000000000e+02
8.400000000000000000e+01
6.000000000000000000e+00
0.000000000000000000e+00
6.000000000000000000e+00
2.300000000000000000e+01
2.300000000000000000e+01
0.000000000000000000e+00
0.000000000000000000e+00
0.000000000000000000e+00
0.000000000000000000e+00
4.800000000000000000e+01
3.000000000000000000e+00
0.000000000000000000e+00
6.000000000000000000e+00
0.000000000000000000e+00
4.100000000000000000e+01
0.000000000000000000e+00
1.600000000000000000e+01
3.700000000000000000e+01
6.000000000000000000e+00
2.000000000000000000e+00
8.000000000000000000e+00
2.000000000000000000e+00
5.340000000000000000e+02
0.000000000000000000e+00
2.000000000000000000e+00
2.300000000000000000e+01
0.000000000000000000e+00
2.900000000000000000e+01
9.300000000000000000e+01
5.000000000000000000e+00
1.400000000000000000e+01
1.100000000000000000e+01
9.000000000000000000e+00
7.000000000000000000e+00
1.152000000000000000e+03
9.000000000000000000e+00
1.000000000000000000e+00
1.000000000000000000e+00
3.000000000000000000e+00
1.300000000000000000e+01
2.300000000000000000e+01
5.630000000000000000e+02
2.480000000000000000e+02
0.000000000000000000e+00
7.000000000000000000e+00
0.000000000000000000e+00
0.000000000000000000e+00
2.200000000000000000e+01
0.000000000000000000e+00
5.000000000000000000e+00
0.000000000000000000e+00
1.100000000000000000e+01
0.000000000000000000e+00
0.000000000000000000e+00
2.600000000000000000e+01
0.000000000000000000e+00
8.000000000000000000e+00
6.600000000000000000e+01
2.100000000000000000e+01
0.000000000000000000e+00
1.210000000000000000e+02
6.000000000000000000e+00
5.270000000000000000e+02
9.000000000000000000e+00
0.000000000000000000e+00
2.010000000000000000e+02
0.000000000000000000e+00
0.000000000000000000e+00
3.400000000000000000e+01
1.900000000000000000e+01
0.000000000000000000e+00
3.000000000000000000e+00
4.200000000000000000e+01
1.200000000000000000e+01
1.300000000000000000e+01
2.310000000000000000e+02
0.000000000000000000e+00
1.000000000000000000e+00
3.000000000000000000e+01
0.000000000000000000e+00
7.700000000000000000e+01
5.000000000000000000e+00
0.000000000000000000e+00
1.700000000000000000e+01
0.000000000000000000e+00
8.000000000000000000e+00
1.000000000000000000e+00
2.000000000000000000e+00
0.000000000000000000e+00
5.400000000000000000e+01
6.000000000000000000e+00
3.430000000000000000e+02
5.000000000000000000e+00
1.100000000000000000e+01
1.000000000000000000e+00
1.700000000000000000e+01
0.000000000000000000e+00
2.600000000000000000e+01
0.000000000000000000e+00
4.000000000000000000e+00
5.400000000000000000e+01
2.300000000000000000e+01
0.000000000000000000e+00
1.920000000000000000e+02
4.000000000000000000e+00
0.000000000000000000e+00
0.000000000000000000e+00
5.400000000000000000e+01
2.800000000000000000e+01
2.800000000000000000e+01
5.700000000000000000e+01
0.000000000000000000e+00
4.000000000000000000e+00
1.400000000000000000e+01
6.000000000000000000e+00
4.000000000000000000e+01
6.900000000000000000e+01
2.000000000000000000e+00
3.310000000000000000e+02
5.900000000000000000e+01
3.000000000000000000e+00
2.580000000000000000e+02
2.700000000000000000e+01
0.000000000000000000e+00
0.000000000000000000e+00
3.000000000000000000e+00
2.000000000000000000e+00
0.000000000000000000e+00
2.340000000000000000e+02
1.000000000000000000e+00
0.000000000000000000e+00
2.000000000000000000e+01
2.000000000000000000e+00
0.000000000000000000e+00
7.000000000000000000e+00
0.000000000000000000e+00
1.000000000000000000e+00
2.000000000000000000e+01
0.000000000000000000e+00
0.000000000000000000e+00
4.000000000000000000e+00
1.126000000000000000e+03
2.200000000000000000e+01
1.011000000000000000e+03
4.000000000000000000e+00
2.000000000000000000e+00
2.800000000000000000e+01
0.000000000000000000e+00
0.000000000000000000e+00
5.000000000000000000e+00
0.000000000000000000e+00
0.000000000000000000e+00
0.000000000000000000e+00
0.000000000000000000e+00
2.000000000000000000e+00
0.000000000000000000e+00
8.200000000000000000e+01
3.600000000000000000e+01
2.380000000000000000e+02
3.000000000000000000e+00
3.600000000000000000e+01
1.900000000000000000e+01
1.000000000000000000e+01
0.000000000000000000e+00
0.000000000000000000e+00
6.000000000000000000e+00
0.000000000000000000e+00
1.200000000000000000e+01
1.900000000000000000e+01
2.000000000000000000e+00
0.000000000000000000e+00
0.000000000000000000e+00
0.000000000000000000e+00
6.000000000000000000e+00
0.000000000000000000e+00
0.000000000000000000e+00
4.000000000000000000e+00
2.300000000000000000e+01
4.800000000000000000e+01
6.000000000000000000e+00
1.200000000000000000e+01
0.000000000000000000e+00
1.000000000000000000e+00
1.070000000000000000e+02
7.000000000000000000e+01
0.000000000000000000e+00
4.000000000000000000e+00
3.000000000000000000e+00
3.000000000000000000e+00
4.000000000000000000e+00
2.000000000000000000e+01
3.000000000000000000e+00
2.000000000000000000e+00
0.000000000000000000e+00
1.010000000000000000e+02
5.000000000000000000e+00
1.100000000000000000e+01
0.000000000000000000e+00
0.000000000000000000e+00
2.000000000000000000e+00
2.000000000000000000e+00
2.320000000000000000e+02
0.000000000000000000e+00
3.200000000000000000e+01
3.820000000000000000e+02
2.000000000000000000e+00
1.000000000000000000e+02
0.000000000000000000e+00
2.050000000000000000e+02
0.000000000000000000e+00
0.000000000000000000e+00
0.000000000000000000e+00
2.660000000000000000e+02
5.720000000000000000e+02
3.000000000000000000e+00
3.500000000000000000e+01
0.000000000000000000e+00
0.000000000000000000e+00
0.000000000000000000e+00
3.000000000000000000e+00
3.000000000000000000e+00
6.200000000000000000e+01
9.680000000000000000e+02
0.000000000000000000e+00
2.800000000000000000e+02
8.680000000000000000e+02
6.500000000000000000e+01
5.000000000000000000e+00
0.000000000000000000e+00
0.000000000000000000e+00
3.500000000000000000e+01
4.000000000000000000e+00
0.000000000000000000e+00
5.000000000000000000e+00
1.000000000000000000e+00
1.000000000000000000e+00
2.190000000000000000e+02
3.000000000000000000e+00
0.000000000000000000e+00
3.000000000000000000e+00
3.000000000000000000e+00
5.000000000000000000e+00
1.980000000000000000e+02
2.000000000000000000e+00
0.000000000000000000e+00
3.210000000000000000e+02
0.000000000000000000e+00
2.600000000000000000e+01
1.315000000000000000e+03
0.000000000000000000e+00
0.000000000000000000e+00
0.000000000000000000e+00
3.000000000000000000e+00
2.200000000000000000e+01
8.000000000000000000e+00
1.110000000000000000e+02
1.300000000000000000e+01
1.300000000000000000e+02
1.000000000000000000e+00
2.000000000000000000e+00
0.000000000000000000e+00
3.000000000000000000e+01
1.700000000000000000e+01
3.000000000000000000e+00
0.000000000000000000e+00
2.000000000000000000e+00
2.000000000000000000e+00
0.000000000000000000e+00
2.000000000000000000e+00
0.000000000000000000e+00
2.400000000000000000e+01
0.000000000000000000e+00
2.000000000000000000e+00
5.000000000000000000e+00
0.000000000000000000e+00
8.600000000000000000e+01
0.000000000000000000e+00
2.000000000000000000e+00
4.000000000000000000e+00
0.000000000000000000e+00
5.000000000000000000e+00
6.000000000000000000e+00
1.700000000000000000e+01
1.260000000000000000e+03
0.000000000000000000e+00
4.392000000000000000e+03
4.000000000000000000e+01
4.200000000000000000e+01
0.000000000000000000e+00
3.000000000000000000e+00
3.000000000000000000e+00
2.100000000000000000e+01
1.000000000000000000e+00
4.200000000000000000e+01
7.000000000000000000e+00
2.000000000000000000e+00
8.400000000000000000e+01
0.000000000000000000e+00
0.000000000000000000e+00
9.200000000000000000e+01
5.820000000000000000e+02
4.410000000000000000e+02
0.000000000000000000e+00
1.400000000000000000e+01
0.000000000000000000e+00
2.900000000000000000e+01
1.300000000000000000e+01
1.000000000000000000e+00
0.000000000000000000e+00
1.000000000000000000e+02
4.000000000000000000e+00
0.000000000000000000e+00
5.300000000000000000e+01
1.050000000000000000e+02
2.670000000000000000e+02
6.700000000000000000e+01
0.000000000000000000e+00
6.000000000000000000e+00
0.000000000000000000e+00
6.000000000000000000e+00
0.000000000000000000e+00
2.100000000000000000e+01
0.000000000000000000e+00
0.000000000000000000e+00
1.200000000000000000e+01
3.000000000000000000e+00
2.000000000000000000e+00
0.000000000000000000e+00
2.100000000000000000e+01
1.000000000000000000e+00
2.280000000000000000e+02
0.000000000000000000e+00
0.000000000000000000e+00
2.150000000000000000e+02
3.700000000000000000e+01
0.000000000000000000e+00
0.000000000000000000e+00
0.000000000000000000e+00
0.000000000000000000e+00
3.900000000000000000e+01
5.900000000000000000e+01
1.300000000000000000e+01
2.610000000000000000e+02
1.000000000000000000e+00
5.190000000000000000e+02
0.000000000000000000e+00
9.000000000000000000e+00
2.370000000000000000e+02
2.000000000000000000e+01
9.100000000000000000e+01
5.120000000000000000e+02
0.000000000000000000e+00
4.000000000000000000e+01
2.000000000000000000e+00
3.540000000000000000e+02
2.525000000000000000e+03
0.000000000000000000e+00
4.600000000000000000e+01
0.000000000000000000e+00
0.000000000000000000e+00
2.000000000000000000e+00
4.000000000000000000e+00
5.000000000000000000e+00
0.000000000000000000e+00
0.000000000000000000e+00
1.000000000000000000e+00
2.300000000000000000e+01
2.000000000000000000e+00
3.650000000000000000e+02
1.700000000000000000e+01
1.110000000000000000e+02
1.500000000000000000e+01
5.000000000000000000e+01
5.500000000000000000e+01
6.600000000000000000e+01
5.680000000000000000e+02
0.000000000000000000e+00
2.000000000000000000e+00
0.000000000000000000e+00
1.000000000000000000e+00
0.000000000000000000e+00
0.000000000000000000e+00
3.700000000000000000e+01
1.000000000000000000e+00
1.450000000000000000e+02
4.700000000000000000e+01
1.690000000000000000e+02
0.000000000000000000e+00
2.000000000000000000e+01
0.000000000000000000e+00
1.000000000000000000e+00
4.000000000000000000e+00
1.820000000000000000e+02
2.000000000000000000e+00
2.000000000000000000e+00
1.310000000000000000e+02
0.000000000000000000e+00
5.000000000000000000e+00
2.600000000000000000e+01
0.000000000000000000e+00
2.600000000000000000e+01
0.000000000000000000e+00
2.350000000000000000e+02
6.000000000000000000e+00
0.000000000000000000e+00
2.000000000000000000e+00
3.000000000000000000e+00
1.500000000000000000e+01
1.250000000000000000e+02
2.000000000000000000e+00
6.000000000000000000e+00
4.000000000000000000e+01
0.000000000000000000e+00
2.000000000000000000e+00
0.000000000000000000e+00
4.100000000000000000e+01
0.000000000000000000e+00
0.000000000000000000e+00
3.800000000000000000e+01
0.000000000000000000e+00
0.000000000000000000e+00
0.000000000000000000e+00
3.500000000000000000e+01
5.000000000000000000e+00
3.000000000000000000e+00
4.700000000000000000e+01
4.100000000000000000e+02
2.100000000000000000e+01
1.000000000000000000e+00
0.000000000000000000e+00
1.600000000000000000e+02
1.360000000000000000e+02
0.000000000000000000e+00
0.000000000000000000e+00
2.903000000000000000e+03
0.000000000000000000e+00
9.000000000000000000e+00
0.000000000000000000e+00
3.000000000000000000e+00
0.000000000000000000e+00
2.663000000000000000e+03
2.000000000000000000e+00
0.000000000000000000e+00
0.000000000000000000e+00
5.000000000000000000e+00
6.600000000000000000e+01
1.100000000000000000e+01
6.000000000000000000e+00
0.000000000000000000e+00
2.100000000000000000e+01
3.400000000000000000e+01
1.000000000000000000e+00
0.000000000000000000e+00
1.170000000000000000e+02
8.000000000000000000e+00
1.400000000000000000e+01
0.000000000000000000e+00
5.000000000000000000e+00
0.000000000000000000e+00
8.000000000000000000e+00
3.700000000000000000e+01
1.700000000000000000e+01
4.000000000000000000e+00
0.000000000000000000e+00
0.000000000000000000e+00
1.300000000000000000e+01
0.000000000000000000e+00
2.000000000000000000e+00
2.000000000000000000e+00
0.000000000000000000e+00
2.600000000000000000e+01
2.300000000000000000e+01
3.500000000000000000e+01
1.400000000000000000e+01
3.114000000000000000e+03
0.000000000000000000e+00
9.000000000000000000e+00
2.160000000000000000e+02
8.000000000000000000e+00
4.000000000000000000e+00
0.000000000000000000e+00
4.100000000000000000e+01
1.000000000000000000e+01
0.000000000000000000e+00
1.600000000000000000e+01
0.000000000000000000e+00
2.000000000000000000e+01
4.000000000000000000e+00
0.000000000000000000e+00
2.400000000000000000e+01
4.860000000000000000e+02
0.000000000000000000e+00
6.000000000000000000e+00
0.000000000000000000e+00
4.300000000000000000e+01
0.000000000000000000e+00
2.000000000000000000e+00
0.000000000000000000e+00
6.000000000000000000e+00
0.000000000000000000e+00
5.000000000000000000e+00
6.000000000000000000e+00
4.000000000000000000e+00
4.400000000000000000e+01
7.000000000000000000e+01
1.000000000000000000e+00
0.000000000000000000e+00
0.000000000000000000e+00
4.700000000000000000e+01
3.000000000000000000e+00
0.000000000000000000e+00
7.000000000000000000e+00
1.200000000000000000e+01
3.000000000000000000e+00
0.000000000000000000e+00
0.000000000000000000e+00
1.120000000000000000e+02
0.000000000000000000e+00
7.000000000000000000e+01
3.750000000000000000e+02
8.700000000000000000e+01
0.000000000000000000e+00
5.800000000000000000e+02
1.800000000000000000e+01
3.700000000000000000e+01
4.600000000000000000e+01
1.000000000000000000e+01
4.860000000000000000e+02
1.040000000000000000e+02
1.000000000000000000e+01
1.590000000000000000e+02
0.000000000000000000e+00
0.000000000000000000e+00
5.000000000000000000e+01
0.000000000000000000e+00
3.100000000000000000e+02
7.500000000000000000e+01
3.700000000000000000e+01
6.000000000000000000e+00
1.100000000000000000e+01
1.000000000000000000e+00
0.000000000000000000e+00
0.000000000000000000e+00
3.720000000000000000e+02
2.250000000000000000e+02
0.000000000000000000e+00
6.000000000000000000e+00
0.000000000000000000e+00
4.800000000000000000e+01
1.000000000000000000e+01
0.000000000000000000e+00
1.183000000000000000e+03
2.880000000000000000e+02
2.000000000000000000e+01
4.400000000000000000e+01
1.268000000000000000e+03
0.000000000000000000e+00
2.700000000000000000e+01
6.000000000000000000e+00
1.100000000000000000e+01
6.000000000000000000e+00
6.000000000000000000e+00
2.200000000000000000e+01
1.000000000000000000e+00
1.990000000000000000e+02
0.000000000000000000e+00
2.000000000000000000e+00
1.300000000000000000e+01
0.000000000000000000e+00
1.000000000000000000e+01
3.000000000000000000e+01
5.000000000000000000e+00
0.000000000000000000e+00
1.030000000000000000e+02
0.000000000000000000e+00
1.000000000000000000e+00
4.600000000000000000e+01
0.000000000000000000e+00
0.000000000000000000e+00
3.560000000000000000e+02
0.000000000000000000e+00
8.700000000000000000e+02
0.000000000000000000e+00
4.500000000000000000e+01
0.000000000000000000e+00
1.700000000000000000e+01
1.900000000000000000e+01
0.000000000000000000e+00
2.700000000000000000e+01
5.700000000000000000e+01
2.877000000000000000e+03
0.000000000000000000e+00
4.000000000000000000e+00
7.000000000000000000e+00
5.000000000000000000e+00
8.000000000000000000e+00
1.900000000000000000e+01
0.000000000000000000e+00
5.000000000000000000e+00
6.000000000000000000e+00
2.300000000000000000e+01
1.000000000000000000e+00
1.400000000000000000e+01
2.500000000000000000e+01
4.000000000000000000e+00
8.100000000000000000e+01
3.000000000000000000e+01
0.000000000000000000e+00
1.030000000000000000e+02
1.800000000000000000e+01
2.200000000000000000e+02
0.000000000000000000e+00
0.000000000000000000e+00
2.169000000000000000e+03
0.000000000000000000e+00
0.000000000000000000e+00
2.300000000000000000e+01
1.000000000000000000e+00
7.000000000000000000e+00
6.000000000000000000e+00
9.100000000000000000e+01
2.190000000000000000e+02
7.000000000000000000e+00
2.600000000000000000e+01
1.100000000000000000e+01
1.014000000000000000e+03
0.000000000000000000e+00
0.000000000000000000e+00
2.000000000000000000e+00
5.010000000000000000e+02
0.000000000000000000e+00
0.000000000000000000e+00
2.900000000000000000e+01
2.000000000000000000e+00
0.000000000000000000e+00
3.730000000000000000e+02
0.000000000000000000e+00
0.000000000000000000e+00
1.030000000000000000e+02
1.000000000000000000e+00
8.000000000000000000e+00
1.400000000000000000e+01
2.100000000000000000e+01
0.000000000000000000e+00
0.000000000000000000e+00
1.783000000000000000e+03
0.000000000000000000e+00
3.000000000000000000e+00
0.000000000000000000e+00
1.940000000000000000e+02
2.000000000000000000e+00
0.000000000000000000e+00
2.551000000000000000e+03
2.000000000000000000e+00
2.000000000000000000e+00
2.700000000000000000e+01
1.600000000000000000e+01
0.000000000000000000e+00
5.000000000000000000e+00
3.200000000000000000e+01
3.000000000000000000e+00
5.310000000000000000e+02
5.000000000000000000e+00
1.800000000000000000e+01
1.700000000000000000e+01
6.000000000000000000e+00
0.000000000000000000e+00
0.000000000000000000e+00
0.000000000000000000e+00
0.000000000000000000e+00
3.110000000000000000e+02
7.000000000000000000e+01
4.000000000000000000e+00
1.800000000000000000e+01
0.000000000000000000e+00
3.100000000000000000e+01
0.000000000000000000e+00
0.000000000000000000e+00
8.000000000000000000e+00
2.300000000000000000e+01
1.890000000000000000e+02
9.500000000000000000e+01
4.470000000000000000e+02
0.000000000000000000e+00
2.800000000000000000e+01
4.360000000000000000e+02
1.145000000000000000e+03
1.400000000000000000e+01
1.500000000000000000e+01
1.800000000000000000e+01
2.100000000000000000e+01
3.900000000000000000e+01
0.000000000000000000e+00
1.080000000000000000e+02
3.800000000000000000e+01
5.900000000000000000e+01
1.000000000000000000e+00
7.000000000000000000e+00
1.430000000000000000e+02
1.100000000000000000e+01
8.710000000000000000e+02
6.000000000000000000e+00
0.000000000000000000e+00
9.300000000000000000e+01
6.500000000000000000e+01
0.000000000000000000e+00
1.900000000000000000e+01
1.900000000000000000e+01
0.000000000000000000e+00
6.000000000000000000e+00
1.100000000000000000e+02
7.000000000000000000e+00
9.000000000000000000e+01
2.000000000000000000e+00
0.000000000000000000e+00
5.800000000000000000e+01
2.000000000000000000e+00
5.300000000000000000e+01
0.000000000000000000e+00
2.100000000000000000e+01
0.000000000000000000e+00
6.000000000000000000e+00
1.300000000000000000e+01
1.400000000000000000e+01
0.000000000000000000e+00
0.000000000000000000e+00
3.700000000000000000e+01
4.400000000000000000e+01
0.000000000000000000e+00
3.000000000000000000e+00
8.400000000000000000e+01
0.000000000000000000e+00
8.000000000000000000e+00
5.900000000000000000e+01
0.000000000000000000e+00
0.000000000000000000e+00
1.000000000000000000e+01
3.000000000000000000e+00
1.900000000000000000e+01
2.200000000000000000e+01
2.550000000000000000e+02
0.000000000000000000e+00
1.300000000000000000e+01
2.840000000000000000e+02
5.400000000000000000e+01
1.100000000000000000e+01
2.400000000000000000e+01
0.000000000000000000e+00
3.200000000000000000e+01
1.310000000000000000e+02
2.840000000000000000e+02
1.200000000000000000e+01
0.000000000000000000e+00
1.020000000000000000e+02
9.900000000000000000e+01
2.000000000000000000e+00
0.000000000000000000e+00
3.000000000000000000e+00
3.200000000000000000e+01
3.000000000000000000e+00
0.000000000000000000e+00
2.000000000000000000e+00
0.000000000000000000e+00
5.500000000000000000e+01
1.780000000000000000e+02
2.000000000000000000e+00
0.000000000000000000e+00
0.000000000000000000e+00
1.000000000000000000e+01
9.000000000000000000e+00
6.700000000000000000e+01
0.000000000000000000e+00
1.200000000000000000e+01
3.000000000000000000e+00
0.000000000000000000e+00
0.000000000000000000e+00
5.000000000000000000e+00
2.600000000000000000e+01
1.200000000000000000e+01
0.000000000000000000e+00
0.000000000000000000e+00
4.000000000000000000e+00
9.000000000000000000e+00
0.000000000000000000e+00
9.400000000000000000e+01
3.000000000000000000e+01
0.000000000000000000e+00
0.000000000000000000e+00
8.000000000000000000e+00
0.000000000000000000e+00
9.800000000000000000e+01
4.900000000000000000e+01
2.000000000000000000e+00
0.000000000000000000e+00
1.000000000000000000e+00
2.561000000000000000e+03
1.850000000000000000e+02
4.000000000000000000e+00
1.000000000000000000e+01
2.519000000000000000e+03
9.000000000000000000e+00
0.000000000000000000e+00
5.100000000000000000e+01
0.000000000000000000e+00
0.000000000000000000e+00
2.000000000000000000e+00
3.000000000000000000e+01
1.400000000000000000e+01
0.000000000000000000e+00
1.300000000000000000e+01
4.000000000000000000e+01
7.000000000000000000e+00
6.000000000000000000e+00
0.000000000000000000e+00
0.000000000000000000e+00
3.000000000000000000e+00
2.580000000000000000e+02
0.000000000000000000e+00
2.500000000000000000e+01
2.100000000000000000e+01
2.100000000000000000e+01
0.000000000000000000e+00
1.130000000000000000e+02
4.300000000000000000e+01
4.000000000000000000e+00
0.000000000000000000e+00
0.000000000000000000e+00
1.200000000000000000e+01
0.000000000000000000e+00
7.000000000000000000e+00
0.000000000000000000e+00
2.100000000000000000e+01
1.100000000000000000e+01
5.310000000000000000e+02
8.000000000000000000e+00
0.000000000000000000e+00
0.000000000000000000e+00
4.300000000000000000e+01
7.000000000000000000e+00
4.100000000000000000e+01
7.000000000000000000e+00
4.000000000000000000e+00
1.000000000000000000e+00
8.000000000000000000e+00
2.000000000000000000e+00
2.400000000000000000e+01
1.200000000000000000e+01
4.800000000000000000e+01
5.970000000000000000e+02
2.000000000000000000e+00
0.000000000000000000e+00
0.000000000000000000e+00
1.575000000000000000e+03
0.000000000000000000e+00
1.500000000000000000e+01
4.300000000000000000e+01
0.000000000000000000e+00
2.000000000000000000e+00
0.000000000000000000e+00
4.600000000000000000e+01
1.000000000000000000e+00
3.000000000000000000e+00
1.564000000000000000e+03
1.000000000000000000e+00
1.200000000000000000e+01
5.390000000000000000e+02
1.800000000000000000e+01
2.000000000000000000e+00
0.000000000000000000e+00
5.000000000000000000e+00
0.000000000000000000e+00
0.000000000000000000e+00
1.400000000000000000e+01
5.000000000000000000e+00
1.100000000000000000e+01
0.000000000000000000e+00
0.000000000000000000e+00
2.580000000000000000e+02
6.000000000000000000e+00
5.600000000000000000e+01
0.000000000000000000e+00
6.900000000000000000e+01
3.000000000000000000e+00
0.000000000000000000e+00
2.200000000000000000e+01
3.100000000000000000e+01
2.000000000000000000e+00
3.100000000000000000e+01
1.000000000000000000e+00
2.900000000000000000e+01
3.300000000000000000e+01
0.000000000000000000e+00
6.000000000000000000e+00
3.000000000000000000e+01
1.000000000000000000e+02
2.200000000000000000e+01
5.680000000000000000e+02
0.000000000000000000e+00
2.000000000000000000e+00
4.200000000000000000e+01
8.000000000000000000e+00
4.600000000000000000e+01
5.900000000000000000e+01
2.500000000000000000e+01
4.200000000000000000e+01
2.600000000000000000e+02
0.000000000000000000e+00
1.000000000000000000e+00
9.000000000000000000e+00
1.200000000000000000e+01
2.000000000000000000e+00
0.000000000000000000e+00
0.000000000000000000e+00
0.000000000000000000e+00
1.980000000000000000e+02
1.900000000000000000e+01
3.000000000000000000e+00
0.000000000000000000e+00
0.000000000000000000e+00
8.400000000000000000e+01
6.000000000000000000e+00
1.911000000000000000e+03
1.500000000000000000e+01
1.200000000000000000e+01
1.000000000000000000e+00
2.460000000000000000e+02
0.000000000000000000e+00
2.000000000000000000e+00
1.300000000000000000e+01
0.000000000000000000e+00
1.000000000000000000e+01
1.870000000000000000e+02
7.000000000000000000e+00
1.000000000000000000e+01
1.000000000000000000e+00
0.000000000000000000e+00
4.100000000000000000e+01
2.000000000000000000e+00
2.000000000000000000e+01
6.000000000000000000e+00
4.100000000000000000e+01
7.000000000000000000e+00
0.000000000000000000e+00
3.000000000000000000e+00
1.840000000000000000e+02
4.800000000000000000e+01
0.000000000000000000e+00
1.400000000000000000e+01
2.950000000000000000e+02
0.000000000000000000e+00
1.020000000000000000e+02
0.000000000000000000e+00
0.000000000000000000e+00
8.000000000000000000e+00
0.000000000000000000e+00
3.000000000000000000e+00
2.040000000000000000e+02
0.000000000000000000e+00
2.700000000000000000e+01
0.000000000000000000e+00
2.600000000000000000e+01
5.700000000000000000e+01
0.000000000000000000e+00
4.000000000000000000e+01
0.000000000000000000e+00
1.000000000000000000e+01
0.000000000000000000e+00
6.550000000000000000e+02
1.030000000000000000e+02
0.000000000000000000e+00
0.000000000000000000e+00
0.000000000000000000e+00
2.200000000000000000e+01
8.000000000000000000e+00
2.250000000000000000e+02
0.000000000000000000e+00
4.000000000000000000e+00
0.000000000000000000e+00
1.000000000000000000e+01
0.000000000000000000e+00
2.000000000000000000e+00
1.350000000000000000e+02
2.900000000000000000e+01
4.000000000000000000e+00
1.200000000000000000e+01
3.000000000000000000e+01
0.000000000000000000e+00
0.000000000000000000e+00
0.000000000000000000e+00
1.800000000000000000e+01
5.300000000000000000e+01
4.000000000000000000e+00
3.200000000000000000e+01
0.000000000000000000e+00
1.330000000000000000e+02
3.000000000000000000e+00
0.000000000000000000e+00
0.000000000000000000e+00
0.000000000000000000e+00
0.000000000000000000e+00
0.000000000000000000e+00
1.900000000000000000e+01
6.300000000000000000e+01
0.000000000000000000e+00
9.000000000000000000e+00
1.200000000000000000e+01
3.890000000000000000e+02
5.460000000000000000e+02
1.600000000000000000e+01
5.000000000000000000e+00
0.000000000000000000e+00
2.000000000000000000e+00
3.100000000000000000e+01
0.000000000000000000e+00
7.300000000000000000e+01
0.000000000000000000e+00
1.700000000000000000e+01
1.000000000000000000e+00
6.000000000000000000e+00
1.000000000000000000e+00
1.200000000000000000e+01
0.000000000000000000e+00
0.000000000000000000e+00
0.000000000000000000e+00
0.000000000000000000e+00
0.000000000000000000e+00
6.000000000000000000e+00
0.000000000000000000e+00
6.200000000000000000e+01
0.000000000000000000e+00
0.000000000000000000e+00
0.000000000000000000e+00
3.000000000000000000e+00
4.000000000000000000e+00
1.100000000000000000e+01
3.600000000000000000e+01
0.000000000000000000e+00
4.000000000000000000e+00
0.000000000000000000e+00
1.100000000000000000e+01
0.000000000000000000e+00
0.000000000000000000e+00
0.000000000000000000e+00
0.000000000000000000e+00
1.360000000000000000e+02
2.000000000000000000e+00
1.160000000000000000e+02
2.900000000000000000e+01
2.500000000000000000e+01
1.000000000000000000e+00
4.000000000000000000e+01
8.000000000000000000e+00
1.050000000000000000e+02
1.500000000000000000e+01
5.000000000000000000e+00
3.300000000000000000e+01
4.273000000000000000e+03
3.000000000000000000e+00
0.000000000000000000e+00
0.000000000000000000e+00
2.200000000000000000e+01
0.000000000000000000e+00
9.400000000000000000e+01
2.790000000000000000e+02
1.000000000000000000e+00
8.000000000000000000e+00
0.000000000000000000e+00
1.000000000000000000e+00
0.000000000000000000e+00
0.000000000000000000e+00
6.000000000000000000e+00
0.000000000000000000e+00
0.000000000000000000e+00
1.000000000000000000e+01
6.400000000000000000e+01
2.000000000000000000e+00
5.000000000000000000e+00
3.000000000000000000e+00
9.200000000000000000e+01
1.520000000000000000e+02
7.000000000000000000e+00
0.000000000000000000e+00
0.000000000000000000e+00
1.997000000000000000e+03
1.340000000000000000e+02
0.000000000000000000e+00
0.000000000000000000e+00
2.200000000000000000e+01
1.400000000000000000e+01
1.200000000000000000e+01
0.000000000000000000e+00
2.920000000000000000e+02
0.000000000000000000e+00
2.600000000000000000e+01
6.080000000000000000e+02
3.800000000000000000e+01
8.000000000000000000e+00
4.500000000000000000e+01
0.000000000000000000e+00
1.090000000000000000e+02
0.000000000000000000e+00
0.000000000000000000e+00
1.220000000000000000e+02
0.000000000000000000e+00
1.500000000000000000e+01
3.800000000000000000e+01
2.000000000000000000e+00
3.100000000000000000e+01
5.300000000000000000e+01
0.000000000000000000e+00
6.800000000000000000e+01
9.000000000000000000e+00
1.710000000000000000e+02
2.000000000000000000e+01
0.000000000000000000e+00
3.000000000000000000e+00
2.000000000000000000e+01
0.000000000000000000e+00
9.000000000000000000e+00
1.000000000000000000e+01
1.400000000000000000e+01
0.000000000000000000e+00
3.000000000000000000e+00
2.400000000000000000e+01
1.200000000000000000e+01
0.000000000000000000e+00
2.000000000000000000e+00
0.000000000000000000e+00
2.200000000000000000e+01
2.000000000000000000e+00
3.120000000000000000e+02
0.000000000000000000e+00
1.400000000000000000e+01
0.000000000000000000e+00
8.000000000000000000e+00
2.015000000000000000e+03
0.000000000000000000e+00
0.000000000000000000e+00
0.000000000000000000e+00
0.000000000000000000e+00
3.100000000000000000e+01
0.000000000000000000e+00
0.000000000000000000e+00
2.700000000000000000e+01
0.000000000000000000e+00
6.000000000000000000e+00
1.200000000000000000e+01
3.000000000000000000e+00
0.000000000000000000e+00
2.000000000000000000e+00
1.900000000000000000e+01
4.640000000000000000e+02
2.400000000000000000e+01
0.000000000000000000e+00
0.000000000000000000e+00
0.000000000000000000e+00
0.000000000000000000e+00
2.000000000000000000e+00
1.200000000000000000e+01
0.000000000000000000e+00
2.000000000000000000e+00
0.000000000000000000e+00
1.207000000000000000e+03
4.000000000000000000e+00
5.300000000000000000e+01
2.000000000000000000e+00
2.000000000000000000e+01
0.000000000000000000e+00
6.230000000000000000e+02
0.000000000000000000e+00
5.200000000000000000e+01
1.000000000000000000e+00
0.000000000000000000e+00
2.680000000000000000e+02
1.200000000000000000e+01
1.150000000000000000e+02
1.400000000000000000e+01
2.440000000000000000e+02
1.360000000000000000e+02
0.000000000000000000e+00
5.100000000000000000e+01
1.000000000000000000e+00
2.000000000000000000e+00
1.417000000000000000e+03
3.000000000000000000e+00
3.000000000000000000e+00
1.000000000000000000e+00
0.000000000000000000e+00
4.000000000000000000e+00
1.040000000000000000e+02
4.000000000000000000e+00
7.600000000000000000e+01
0.000000000000000000e+00
1.000000000000000000e+00
1.500000000000000000e+01
1.480000000000000000e+02
1.280000000000000000e+02
1.400000000000000000e+01
1.000000000000000000e+00
0.000000000000000000e+00
0.000000000000000000e+00
2.000000000000000000e+00
0.000000000000000000e+00
2.600000000000000000e+01
4.000000000000000000e+00
2.720000000000000000e+02
2.380000000000000000e+02
0.000000000000000000e+00
4.050000000000000000e+02
1.200000000000000000e+01
0.000000000000000000e+00
2.100000000000000000e+01
1.000000000000000000e+00
0.000000000000000000e+00
2.000000000000000000e+00
1.568000000000000000e+03
1.000000000000000000e+01
2.000000000000000000e+00
0.000000000000000000e+00
1.380000000000000000e+02
0.000000000000000000e+00
3.000000000000000000e+00
7.000000000000000000e+00
1.400000000000000000e+02
7.000000000000000000e+00
9.970000000000000000e+02
4.000000000000000000e+00
5.260000000000000000e+02
5.000000000000000000e+00
0.000000000000000000e+00
7.900000000000000000e+01
3.000000000000000000e+00
1.500000000000000000e+01
0.000000000000000000e+00
0.000000000000000000e+00
1.520000000000000000e+02
4.250000000000000000e+02
1.000000000000000000e+00
0.000000000000000000e+00
0.000000000000000000e+00
7.900000000000000000e+01
1.600000000000000000e+01
7.000000000000000000e+01
0.000000000000000000e+00
0.000000000000000000e+00
2.000000000000000000e+00
7.230000000000000000e+02
1.000000000000000000e+00
0.000000000000000000e+00
4.400000000000000000e+01
3.700000000000000000e+01
1.760000000000000000e+02
1.000000000000000000e+00
3.000000000000000000e+00
0.000000000000000000e+00
2.000000000000000000e+00
1.000000000000000000e+00
0.000000000000000000e+00
0.000000000000000000e+00
2.552000000000000000e+03
0.000000000000000000e+00
0.000000000000000000e+00
0.000000000000000000e+00
7.000000000000000000e+00
1.980000000000000000e+02
6.000000000000000000e+00
1.300000000000000000e+01
4.420000000000000000e+02
5.000000000000000000e+00
0.000000000000000000e+00
7.700000000000000000e+01
0.000000000000000000e+00
4.000000000000000000e+00
2.000000000000000000e+00
1.904000000000000000e+03
2.000000000000000000e+00
0.000000000000000000e+00
2.000000000000000000e+00
4.000000000000000000e+00
8.070000000000000000e+02
5.000000000000000000e+00
1.500000000000000000e+01
1.000000000000000000e+00
9.000000000000000000e+00
3.700000000000000000e+01
2.450000000000000000e+02
2.700000000000000000e+01
1.200000000000000000e+01
1.300000000000000000e+01
6.000000000000000000e+00
4.000000000000000000e+00
1.000000000000000000e+00
5.000000000000000000e+01
0.000000000000000000e+00
0.000000000000000000e+00
5.000000000000000000e+00
0.000000000000000000e+00
3.292000000000000000e+03
3.000000000000000000e+00
1.000000000000000000e+00
4.000000000000000000e+00
3.900000000000000000e+01
8.700000000000000000e+01
0.000000000000000000e+00
6.000000000000000000e+00
0.000000000000000000e+00
0.000000000000000000e+00
0.000000000000000000e+00
2.000000000000000000e+00
1.700000000000000000e+01
2.000000000000000000e+01
6.400000000000000000e+01
1.900000000000000000e+01
1.000000000000000000e+00
0.000000000000000000e+00
1.500000000000000000e+01
0.000000000000000000e+00
2.000000000000000000e+00
1.300000000000000000e+01
5.000000000000000000e+00
4.730000000000000000e+02
4.000000000000000000e+00
1.560000000000000000e+02
1.100000000000000000e+01
3.000000000000000000e+00
0.000000000000000000e+00
0.000000000000000000e+00
5.300000000000000000e+01
9.000000000000000000e+00
2.230000000000000000e+02
0.000000000000000000e+00
1.730000000000000000e+02
2.500000000000000000e+01
4.000000000000000000e+00
2.100000000000000000e+01
1.308000000000000000e+03
5.600000000000000000e+01
4.000000000000000000e+00
2.500000000000000000e+01
7.200000000000000000e+01
2.800000000000000000e+01
4.000000000000000000e+00
2.000000000000000000e+00
0.000000000000000000e+00
0.000000000000000000e+00
4.800000000000000000e+01
0.000000000000000000e+00
0.000000000000000000e+00
0.000000000000000000e+00
0.000000000000000000e+00
4.610000000000000000e+02
3.500000000000000000e+01
1.000000000000000000e+00
0.000000000000000000e+00
0.000000000000000000e+00
6.000000000000000000e+01
5.000000000000000000e+00
3.000000000000000000e+00
0.000000000000000000e+00
1.400000000000000000e+01
1.700000000000000000e+01
1.000000000000000000e+01
0.000000000000000000e+00
4.000000000000000000e+00
0.000000000000000000e+00
1.100000000000000000e+01
4.100000000000000000e+01
1.900000000000000000e+01
9.000000000000000000e+00
0.000000000000000000e+00
0.000000000000000000e+00
4.300000000000000000e+02
0.000000000000000000e+00
0.000000000000000000e+00
2.600000000000000000e+01
0.000000000000000000e+00
0.000000000000000000e+00
1.750000000000000000e+02
1.100000000000000000e+01
1.800000000000000000e+01
3.000000000000000000e+00
1.400000000000000000e+01
1.800000000000000000e+01
4.100000000000000000e+01
4.000000000000000000e+00
1.435000000000000000e+03
1.000000000000000000e+01
1.900000000000000000e+02
1.100000000000000000e+01
2.000000000000000000e+00
0.000000000000000000e+00
4.500000000000000000e+01
7.000000000000000000e+00
0.000000000000000000e+00
1.800000000000000000e+01
2.690000000000000000e+02
1.000000000000000000e+01
1.400000000000000000e+01
1.600000000000000000e+01
1.100000000000000000e+01
4.000000000000000000e+00
1.000000000000000000e+00
2.800000000000000000e+01
3.000000000000000000e+00
3.000000000000000000e+00
9.300000000000000000e+01
4.500000000000000000e+01
4.000000000000000000e+00
8.000000000000000000e+00
3.000000000000000000e+00
4.380000000000000000e+02
0.000000000000000000e+00
1.600000000000000000e+01
1.900000000000000000e+01
7.100000000000000000e+01
3.000000000000000000e+00
1.230000000000000000e+02
1.600000000000000000e+01
0.000000000000000000e+00
0.000000000000000000e+00
0.000000000000000000e+00
0.000000000000000000e+00
0.000000000000000000e+00
0.000000000000000000e+00
0.000000000000000000e+00
0.000000000000000000e+00
2.450000000000000000e+02
1.160000000000000000e+02
1.680000000000000000e+02
0.000000000000000000e+00
1.600000000000000000e+01
0.000000000000000000e+00
0.000000000000000000e+00
2.000000000000000000e+00
3.040000000000000000e+02
0.000000000000000000e+00
6.400000000000000000e+01
0.000000000000000000e+00
0.000000000000000000e+00
3.200000000000000000e+01
2.200000000000000000e+01
0.000000000000000000e+00
2.182000000000000000e+03
2.300000000000000000e+01
1.200000000000000000e+01
2.660000000000000000e+02
3.000000000000000000e+00
1.000000000000000000e+00
0.000000000000000000e+00
3.500000000000000000e+01
0.000000000000000000e+00
0.000000000000000000e+00
1.300000000000000000e+01
0.000000000000000000e+00
2.100000000000000000e+01
0.000000000000000000e+00
0.000000000000000000e+00
0.000000000000000000e+00
0.000000000000000000e+00
0.000000000000000000e+00
1.700000000000000000e+01
2.200000000000000000e+01
8.000000000000000000e+00
0.000000000000000000e+00
4.300000000000000000e+01
0.000000000000000000e+00
7.000000000000000000e+00
2.900000000000000000e+01
7.800000000000000000e+01
0.000000000000000000e+00
8.000000000000000000e+00
0.000000000000000000e+00
3.000000000000000000e+00
1.500000000000000000e+01
2.845000000000000000e+03
1.000000000000000000e+00
1.328000000000000000e+03
0.000000000000000000e+00
1.482000000000000000e+03
3.000000000000000000e+00
0.000000000000000000e+00
0.000000000000000000e+00
0.000000000000000000e+00
3.000000000000000000e+00
1.020000000000000000e+02
2.000000000000000000e+00
7.100000000000000000e+01
2.000000000000000000e+00
2.040000000000000000e+02
0.000000000000000000e+00
1.870000000000000000e+02
6.000000000000000000e+00
0.000000000000000000e+00
3.600000000000000000e+01
6.500000000000000000e+01
1.457000000000000000e+03
3.100000000000000000e+01
0.000000000000000000e+00
0.000000000000000000e+00
0.000000000000000000e+00
4.560000000000000000e+02
0.000000000000000000e+00
1.400000000000000000e+01
0.000000000000000000e+00
0.000000000000000000e+00
1.190000000000000000e+02
2.400000000000000000e+01
1.000000000000000000e+00
2.200000000000000000e+01
8.000000000000000000e+00
9.000000000000000000e+00
0.000000000000000000e+00
3.260000000000000000e+02
3.000000000000000000e+00
4.000000000000000000e+00
4.800000000000000000e+01
0.000000000000000000e+00
6.500000000000000000e+01
0.000000000000000000e+00
1.400000000000000000e+01
2.000000000000000000e+00
2.000000000000000000e+00
0.000000000000000000e+00
0.000000000000000000e+00
0.000000000000000000e+00
0.000000000000000000e+00
1.530000000000000000e+02
0.000000000000000000e+00
7.000000000000000000e+00
1.700000000000000000e+01
2.000000000000000000e+00
3.000000000000000000e+00
2.000000000000000000e+00
5.900000000000000000e+02
0.000000000000000000e+00
0.000000000000000000e+00
5.000000000000000000e+00
0.000000000000000000e+00
6.000000000000000000e+00
1.000000000000000000e+00
8.000000000000000000e+00
1.100000000000000000e+01
0.000000000000000000e+00
1.200000000000000000e+02
1.524000000000000000e+03
5.000000000000000000e+00
3.000000000000000000e+00
9.300000000000000000e+01
4.100000000000000000e+01
0.000000000000000000e+00
2.700000000000000000e+01
2.340000000000000000e+02
4.500000000000000000e+01
4.100000000000000000e+01
1.000000000000000000e+00
8.000000000000000000e+00
2.020000000000000000e+02
2.000000000000000000e+00
2.100000000000000000e+01
0.000000000000000000e+00
5.000000000000000000e+00
1.000000000000000000e+00
2.500000000000000000e+01
0.000000000000000000e+00
5.100000000000000000e+01
0.000000000000000000e+00
8.000000000000000000e+00
6.000000000000000000e+00
6.000000000000000000e+00
0.000000000000000000e+00
0.000000000000000000e+00
9.000000000000000000e+01
8.000000000000000000e+00
0.000000000000000000e+00
4.000000000000000000e+00
2.000000000000000000e+00
2.640000000000000000e+02
4.200000000000000000e+01
2.219000000000000000e+03
0.000000000000000000e+00
0.000000000000000000e+00
0.000000000000000000e+00
3.000000000000000000e+00
0.000000000000000000e+00
1.700000000000000000e+01
0.000000000000000000e+00
0.000000000000000000e+00
0.000000000000000000e+00
0.000000000000000000e+00
6.800000000000000000e+01
3.000000000000000000e+00
3.900000000000000000e+01
2.810000000000000000e+02
2.000000000000000000e+00
5.460000000000000000e+02
5.980000000000000000e+02
2.400000000000000000e+01
0.000000000000000000e+00
4.800000000000000000e+01
2.000000000000000000e+00
5.600000000000000000e+01
0.000000000000000000e+00
0.000000000000000000e+00
2.000000000000000000e+01
6.100000000000000000e+01
1.600000000000000000e+01
4.000000000000000000e+00
0.000000000000000000e+00
0.000000000000000000e+00
0.000000000000000000e+00
2.000000000000000000e+00
6.900000000000000000e+01
3.400000000000000000e+01
1.400000000000000000e+01
1.700000000000000000e+01
0.000000000000000000e+00
9.000000000000000000e+00
3.700000000000000000e+01
0.000000000000000000e+00
7.000000000000000000e+00
0.000000000000000000e+00
0.000000000000000000e+00
5.560000000000000000e+02
9.400000000000000000e+01
0.000000000000000000e+00
0.000000000000000000e+00
0.000000000000000000e+00
5.000000000000000000e+00
0.000000000000000000e+00
0.000000000000000000e+00
6.900000000000000000e+01
6.600000000000000000e+01
3.200000000000000000e+01
2.270000000000000000e+02
2.000000000000000000e+01
8.180000000000000000e+02
0.000000000000000000e+00
1.300000000000000000e+01
0.000000000000000000e+00
1.000000000000000000e+00
9.700000000000000000e+01
1.000000000000000000e+00
3.000000000000000000e+00
0.000000000000000000e+00
0.000000000000000000e+00
1.010000000000000000e+02
0.000000000000000000e+00
8.190000000000000000e+02
5.400000000000000000e+01
0.000000000000000000e+00
0.000000000000000000e+00
6.900000000000000000e+01
0.000000000000000000e+00
3.500000000000000000e+01
0.000000000000000000e+00
9.850000000000000000e+02
8.240000000000000000e+02
5.000000000000000000e+00
2.000000000000000000e+00
0.000000000000000000e+00
2.900000000000000000e+01
3.040000000000000000e+02
5.000000000000000000e+00
0.000000000000000000e+00
0.000000000000000000e+00
4.600000000000000000e+01
9.300000000000000000e+01
0.000000000000000000e+00
4.100000000000000000e+01
0.000000000000000000e+00
5.000000000000000000e+00
1.220000000000000000e+02
3.000000000000000000e+00
3.000000000000000000e+00
8.100000000000000000e+01
0.000000000000000000e+00
5.100000000000000000e+01
0.000000000000000000e+00
0.000000000000000000e+00
9.000000000000000000e+00
1.560000000000000000e+02
8.000000000000000000e+01
1.100000000000000000e+01
0.000000000000000000e+00
1.340000000000000000e+02
0.000000000000000000e+00
3.900000000000000000e+01
2.000000000000000000e+00
5.800000000000000000e+02
0.000000000000000000e+00
0.000000000000000000e+00
2.500000000000000000e+01
3.390000000000000000e+02
6.400000000000000000e+01
2.100000000000000000e+01
0.000000000000000000e+00
2.016000000000000000e+03
0.000000000000000000e+00
7.000000000000000000e+00
4.000000000000000000e+00
7.600000000000000000e+01
0.000000000000000000e+00
0.000000000000000000e+00
2.960000000000000000e+02
2.000000000000000000e+01
6.900000000000000000e+01
0.000000000000000000e+00
1.100000000000000000e+01
2.000000000000000000e+00
0.000000000000000000e+00
0.000000000000000000e+00
3.500000000000000000e+01
1.000000000000000000e+01
2.372000000000000000e+03
0.000000000000000000e+00
0.000000000000000000e+00
0.000000000000000000e+00
2.800000000000000000e+01
2.000000000000000000e+01
1.000000000000000000e+00
0.000000000000000000e+00
1.460000000000000000e+02
0.000000000000000000e+00
1.480000000000000000e+02
5.500000000000000000e+01
3.900000000000000000e+01
0.000000000000000000e+00
2.600000000000000000e+01
4.000000000000000000e+00
8.000000000000000000e+00
0.000000000000000000e+00
0.000000000000000000e+00
2.600000000000000000e+01
0.000000000000000000e+00
0.000000000000000000e+00
2.200000000000000000e+01
7.670000000000000000e+02
3.200000000000000000e+02
0.000000000000000000e+00
1.000000000000000000e+00
3.000000000000000000e+00
1.200000000000000000e+01
9.000000000000000000e+00
0.000000000000000000e+00
9.000000000000000000e+00
2.000000000000000000e+00
5.000000000000000000e+00
3.580000000000000000e+02
1.980000000000000000e+02
2.230000000000000000e+02
1.000000000000000000e+01
0.000000000000000000e+00
1.300000000000000000e+01
0.000000000000000000e+00
0.000000000000000000e+00
2.000000000000000000e+00
1.200000000000000000e+01
3.000000000000000000e+00
2.000000000000000000e+00
1.100000000000000000e+02
0.000000000000000000e+00
0.000000000000000000e+00
0.000000000000000000e+00
0.000000000000000000e+00
1.670000000000000000e+02
3.900000000000000000e+01
2.000000000000000000e+00
1.000000000000000000e+00
3.000000000000000000e+00
3.600000000000000000e+01
5.060000000000000000e+02
4.000000000000000000e+00
0.000000000000000000e+00
6.000000000000000000e+00
3.070000000000000000e+02
4.940000000000000000e+02
4.000000000000000000e+00
0.000000000000000000e+00
3.300000000000000000e+01
3.600000000000000000e+01
9.000000000000000000e+00
3.000000000000000000e+00
0.000000000000000000e+00
0.000000000000000000e+00
3.660000000000000000e+02
0.000000000000000000e+00
4.000000000000000000e+00
0.000000000000000000e+00
0.000000000000000000e+00
1.630000000000000000e+02
3.770000000000000000e+02
5.000000000000000000e+00
0.000000000000000000e+00
1.100000000000000000e+01
6.600000000000000000e+01
1.570000000000000000e+03
0.000000000000000000e+00
5.000000000000000000e+00
0.000000000000000000e+00
1.100000000000000000e+01
2.000000000000000000e+00
0.000000000000000000e+00
0.000000000000000000e+00
6.000000000000000000e+00
4.000000000000000000e+00
8.000000000000000000e+00
4.000000000000000000e+00
1.540000000000000000e+02
2.000000000000000000e+01
6.000000000000000000e+00
0.000000000000000000e+00
2.000000000000000000e+00
1.000000000000000000e+00
5.800000000000000000e+01
1.000000000000000000e+01
2.000000000000000000e+00
6.000000000000000000e+00
1.222000000000000000e+03
5.000000000000000000e+00
6.000000000000000000e+00
2.400000000000000000e+01
5.400000000000000000e+01
0.000000000000000000e+00
8.000000000000000000e+01
0.000000000000000000e+00
0.000000000000000000e+00
1.600000000000000000e+01
0.000000000000000000e+00
0.000000000000000000e+00
1.000000000000000000e+00
3.400000000000000000e+01
0.000000000000000000e+00
0.000000000000000000e+00
0.000000000000000000e+00
2.000000000000000000e+00
1.000000000000000000e+01
0.000000000000000000e+00
1.300000000000000000e+01
1.000000000000000000e+00
1.100000000000000000e+01
0.000000000000000000e+00
1.000000000000000000e+01
2.240000000000000000e+02
2.304000000000000000e+03
0.000000000000000000e+00
1.300000000000000000e+01
2.000000000000000000e+00
1.000000000000000000e+00
4.000000000000000000e+00
9.000000000000000000e+00
3.000000000000000000e+00
0.000000000000000000e+00
3.000000000000000000e+00
9.700000000000000000e+01
2.300000000000000000e+01
7.000000000000000000e+00
2.500000000000000000e+01
0.000000000000000000e+00
9.900000000000000000e+01
2.500000000000000000e+01
0.000000000000000000e+00
0.000000000000000000e+00
2.800000000000000000e+01
3.000000000000000000e+00
8.000000000000000000e+00
0.000000000000000000e+00
4.000000000000000000e+00
1.140000000000000000e+02
3.690000000000000000e+02
1.500000000000000000e+01
4.000000000000000000e+00
0.000000000000000000e+00
0.000000000000000000e+00
2.600000000000000000e+01
8.000000000000000000e+00
2.730000000000000000e+02
0.000000000000000000e+00
7.700000000000000000e+01
5.000000000000000000e+00
0.000000000000000000e+00
4.000000000000000000e+00
3.800000000000000000e+01
3.000000000000000000e+01
0.000000000000000000e+00
4.000000000000000000e+00
6.000000000000000000e+00
9.000000000000000000e+00
0.000000000000000000e+00
6.000000000000000000e+00
2.100000000000000000e+01
2.000000000000000000e+00
0.000000000000000000e+00
4.000000000000000000e+00
1.200000000000000000e+01
0.000000000000000000e+00
1.200000000000000000e+01
0.000000000000000000e+00
0.000000000000000000e+00
1.520000000000000000e+02
1.500000000000000000e+01
1.820000000000000000e+02
1.350000000000000000e+02
1.060000000000000000e+02
9.100000000000000000e+01
1.600000000000000000e+02
1.300000000000000000e+01
2.600000000000000000e+01
2.200000000000000000e+01
3.527000000000000000e+03
9.000000000000000000e+01
7.300000000000000000e+01
0.000000000000000000e+00
5.000000000000000000e+00
0.000000000000000000e+00
0.000000000000000000e+00
0.000000000000000000e+00
2.100000000000000000e+01
1.540000000000000000e+02
3.100000000000000000e+01
0.000000000000000000e+00
3.000000000000000000e+00
0.000000000000000000e+00
0.000000000000000000e+00
0.000000000000000000e+00
8.000000000000000000e+00
3.000000000000000000e+00
1.000000000000000000e+00
0.000000000000000000e+00
5.600000000000000000e+01
1.300000000000000000e+01
3.800000000000000000e+01
9.000000000000000000e+00
0.000000000000000000e+00
1.400000000000000000e+01
0.000000000000000000e+00
7.000000000000000000e+00
0.000000000000000000e+00
8.700000000000000000e+01
1.340000000000000000e+02
3.100000000000000000e+01
5.100000000000000000e+01
3.000000000000000000e+00
2.600000000000000000e+01
6.000000000000000000e+00
7.940000000000000000e+02
1.600000000000000000e+01
1.000000000000000000e+00
0.000000000000000000e+00
1.400000000000000000e+01
9.680000000000000000e+02
1.100000000000000000e+01
7.000000000000000000e+00
0.000000000000000000e+00
1.500000000000000000e+01
8.000000000000000000e+00
7.000000000000000000e+00
6.200000000000000000e+01
7.270000000000000000e+02
2.000000000000000000e+01
3.200000000000000000e+01
1.566000000000000000e+03
1.400000000000000000e+01
0.000000000000000000e+00
5.100000000000000000e+01
1.000000000000000000e+00
0.000000000000000000e+00
9.000000000000000000e+00
3.000000000000000000e+00
3.000000000000000000e+00
6.800000000000000000e+01
3.000000000000000000e+00
0.000000000000000000e+00
0.000000000000000000e+00
0.000000000000000000e+00
6.000000000000000000e+00
5.100000000000000000e+01
0.000000000000000000e+00
9.000000000000000000e+01
3.400000000000000000e+01
1.546000000000000000e+03
1.310000000000000000e+02
8.000000000000000000e+00
4.900000000000000000e+01
3.000000000000000000e+00
9.000000000000000000e+00
0.000000000000000000e+00
1.137000000000000000e+03
1.300000000000000000e+01
1.700000000000000000e+01
1.000000000000000000e+00
4.500000000000000000e+01
1.000000000000000000e+01
2.300000000000000000e+01
0.000000000000000000e+00
1.000000000000000000e+00
4.000000000000000000e+00
4.000000000000000000e+00
1.900000000000000000e+01
6.200000000000000000e+01
1.000000000000000000e+01
1.000000000000000000e+00
3.000000000000000000e+00
2.450000000000000000e+02
0.000000000000000000e+00
4.000000000000000000e+00
2.200000000000000000e+01
1.800000000000000000e+01
2.000000000000000000e+00
0.000000000000000000e+00
6.000000000000000000e+00
2.359000000000000000e+03
3.700000000000000000e+01
2.400000000000000000e+02
3.000000000000000000e+00
1.000000000000000000e+01
7.600000000000000000e+01
9.000000000000000000e+00
7.000000000000000000e+00
0.000000000000000000e+00
0.000000000000000000e+00
4.100000000000000000e+01
3.390000000000000000e+02
3.000000000000000000e+00
1.200000000000000000e+01
1.100000000000000000e+01
8.000000000000000000e+00
1.800000000000000000e+01
1.700000000000000000e+01
2.100000000000000000e+01
5.000000000000000000e+00
7.000000000000000000e+00
7.830000000000000000e+02
0.000000000000000000e+00
1.280000000000000000e+02
1.000000000000000000e+00
0.000000000000000000e+00
4.060000000000000000e+02
2.300000000000000000e+01
0.000000000000000000e+00
0.000000000000000000e+00
5.000000000000000000e+00
3.500000000000000000e+01
1.750000000000000000e+02
5.000000000000000000e+00
2.000000000000000000e+00
6.000000000000000000e+00
1.670000000000000000e+02
0.000000000000000000e+00
0.000000000000000000e+00
4.000000000000000000e+00
0.000000000000000000e+00
4.500000000000000000e+01
2.000000000000000000e+01
0.000000000000000000e+00
7.000000000000000000e+00
8.000000000000000000e+00
4.300000000000000000e+01
0.000000000000000000e+00
2.119000000000000000e+03
1.100000000000000000e+01
0.000000000000000000e+00
6.000000000000000000e+00
8.320000000000000000e+02
0.000000000000000000e+00
0.000000000000000000e+00
3.900000000000000000e+01
9.160000000000000000e+02
0.000000000000000000e+00
3.800000000000000000e+01
3.960000000000000000e+02
1.600000000000000000e+01
3.360000000000000000e+02
2.020000000000000000e+02
4.000000000000000000e+00
0.000000000000000000e+00
5.000000000000000000e+00
1.460000000000000000e+02
2.120000000000000000e+02
7.000000000000000000e+00
0.000000000000000000e+00
1.190000000000000000e+02
7.000000000000000000e+00
0.000000000000000000e+00
1.000000000000000000e+00
5.050000000000000000e+02
0.000000000000000000e+00
0.000000000000000000e+00
3.288000000000000000e+03
0.000000000000000000e+00
4.640000000000000000e+02
5.700000000000000000e+01
7.100000000000000000e+01
1.470000000000000000e+02
3.000000000000000000e+00
5.000000000000000000e+00
1.410000000000000000e+02
0.000000000000000000e+00
0.000000000000000000e+00
5.200000000000000000e+01
0.000000000000000000e+00
6.000000000000000000e+00
7.000000000000000000e+00
1.520000000000000000e+02
2.000000000000000000e+00
0.000000000000000000e+00
0.000000000000000000e+00
1.500000000000000000e+01
1.150000000000000000e+02
2.600000000000000000e+01
2.000000000000000000e+00
4.000000000000000000e+00
4.000000000000000000e+00
8.000000000000000000e+00
2.000000000000000000e+00
0.000000000000000000e+00
0.000000000000000000e+00
2.000000000000000000e+00
6.000000000000000000e+00
5.000000000000000000e+00
0.000000000000000000e+00
4.900000000000000000e+01
0.000000000000000000e+00
2.900000000000000000e+01
3.200000000000000000e+01
3.100000000000000000e+01
3.620000000000000000e+02
0.000000000000000000e+00
0.000000000000000000e+00
2.000000000000000000e+00
0.000000000000000000e+00
0.000000000000000000e+00
0.000000000000000000e+00
6.000000000000000000e+00
0.000000000000000000e+00
0.000000000000000000e+00
0.000000000000000000e+00
1.700000000000000000e+01
9.900000000000000000e+01
2.540000000000000000e+02
6.000000000000000000e+00
7.000000000000000000e+01
0.000000000000000000e+00
3.000000000000000000e+00
2.000000000000000000e+00
1.860000000000000000e+02
2.000000000000000000e+00
1.380000000000000000e+02
7.000000000000000000e+00
0.000000000000000000e+00
1.600000000000000000e+01
3.000000000000000000e+00
1.423000000000000000e+03
1.659000000000000000e+03
8.000000000000000000e+00
1.910000000000000000e+02
2.000000000000000000e+00
2.160000000000000000e+02
0.000000000000000000e+00
1.300000000000000000e+01
0.000000000000000000e+00
1.210000000000000000e+02
2.300000000000000000e+01
4.200000000000000000e+01
4.390000000000000000e+02
1.000000000000000000e+00
0.000000000000000000e+00
2.800000000000000000e+02
0.000000000000000000e+00
1.150000000000000000e+02
0.000000000000000000e+00
6.000000000000000000e+00
7.400000000000000000e+01
2.000000000000000000e+00
1.000000000000000000e+00
0.000000000000000000e+00
3.000000000000000000e+00
2.000000000000000000e+00
4.700000000000000000e+01
1.300000000000000000e+01
3.900000000000000000e+01
3.000000000000000000e+00
9.000000000000000000e+00
0.000000000000000000e+00
7.700000000000000000e+01
4.000000000000000000e+00
2.400000000000000000e+01
2.000000000000000000e+00
0.000000000000000000e+00
2.000000000000000000e+00
0.000000000000000000e+00
3.000000000000000000e+00
0.000000000000000000e+00
1.000000000000000000e+00
1.700000000000000000e+01
1.700000000000000000e+01
8.700000000000000000e+01
0.000000000000000000e+00
2.000000000000000000e+00
2.000000000000000000e+00
4.000000000000000000e+00
1.000000000000000000e+00
1.679000000000000000e+03
2.000000000000000000e+00
1.000000000000000000e+00
1.820000000000000000e+02
2.600000000000000000e+01
1.000000000000000000e+00
2.000000000000000000e+00
1.400000000000000000e+01
0.000000000000000000e+00
0.000000000000000000e+00
0.000000000000000000e+00
7.000000000000000000e+00
2.000000000000000000e+00
1.000000000000000000e+01
0.000000000000000000e+00
0.000000000000000000e+00
2.000000000000000000e+00
4.300000000000000000e+01
0.000000000000000000e+00
0.000000000000000000e+00
4.000000000000000000e+00
3.100000000000000000e+01
2.900000000000000000e+01
0.000000000000000000e+00
1.000000000000000000e+00
0.000000000000000000e+00
2.700000000000000000e+01
7.000000000000000000e+01
1.200000000000000000e+01
1.000000000000000000e+01
0.000000000000000000e+00
3.000000000000000000e+00
0.000000000000000000e+00
6.000000000000000000e+01
4.000000000000000000e+00
4.000000000000000000e+00
4.000000000000000000e+00
0.000000000000000000e+00
4.000000000000000000e+00
3.000000000000000000e+00
5.000000000000000000e+00
0.000000000000000000e+00
0.000000000000000000e+00
5.000000000000000000e+00
2.310000000000000000e+02
0.000000000000000000e+00
0.000000000000000000e+00
0.000000000000000000e+00
0.000000000000000000e+00
0.000000000000000000e+00
1.200000000000000000e+01
0.000000000000000000e+00
0.000000000000000000e+00
1.400000000000000000e+01
3.600000000000000000e+01
0.000000000000000000e+00
3.500000000000000000e+01
0.000000000000000000e+00
5.000000000000000000e+00
1.200000000000000000e+01
3.100000000000000000e+01
1.000000000000000000e+00
3.600000000000000000e+01
1.100000000000000000e+01
0.000000000000000000e+00
1.900000000000000000e+01
8.000000000000000000e+00
0.000000000000000000e+00
0.000000000000000000e+00
0.000000000000000000e+00
3.244000000000000000e+03
0.000000000000000000e+00
1.000000000000000000e+00
2.040000000000000000e+02
3.867000000000000000e+03
0.000000000000000000e+00
0.000000000000000000e+00
4.000000000000000000e+00
0.000000000000000000e+00
5.700000000000000000e+01
0.000000000000000000e+00
1.500000000000000000e+01
3.000000000000000000e+00
1.950000000000000000e+02
1.000000000000000000e+00
4.400000000000000000e+01
7.200000000000000000e+01
4.500000000000000000e+01
0.000000000000000000e+00
0.000000000000000000e+00
1.200000000000000000e+01
0.000000000000000000e+00
0.000000000000000000e+00
1.800000000000000000e+01
0.000000000000000000e+00
0.000000000000000000e+00
1.000000000000000000e+00
1.800000000000000000e+01
0.000000000000000000e+00
5.500000000000000000e+02
0.000000000000000000e+00
3.000000000000000000e+00
8.100000000000000000e+01
4.000000000000000000e+00
1.200000000000000000e+01
7.900000000000000000e+01
1.000000000000000000e+00
9.000000000000000000e+00
1.610000000000000000e+02
7.800000000000000000e+01
9.000000000000000000e+00
3.000000000000000000e+00
1.550000000000000000e+02
3.080000000000000000e+02
5.000000000000000000e+00
0.000000000000000000e+00
8.000000000000000000e+00
4.660000000000000000e+02
7.000000000000000000e+00
0.000000000000000000e+00
3.000000000000000000e+00
0.000000000000000000e+00
1.000000000000000000e+00
0.000000000000000000e+00
6.000000000000000000e+00
4.000000000000000000e+00
0.000000000000000000e+00
8.460000000000000000e+02
3.200000000000000000e+01
8.600000000000000000e+01
5.800000000000000000e+01
8.070000000000000000e+02
8.000000000000000000e+00
6.130000000000000000e+02
1.100000000000000000e+01
1.000000000000000000e+00
1.000000000000000000e+00
3.600000000000000000e+01
6.000000000000000000e+00
0.000000000000000000e+00
4.000000000000000000e+01
0.000000000000000000e+00
1.700000000000000000e+01
0.000000000000000000e+00
2.000000000000000000e+00
1.000000000000000000e+00
4.800000000000000000e+02
3.100000000000000000e+01
0.000000000000000000e+00
0.000000000000000000e+00
0.000000000000000000e+00
2.430000000000000000e+02
0.000000000000000000e+00
9.000000000000000000e+00
0.000000000000000000e+00
5.050000000000000000e+02
4.000000000000000000e+00
3.000000000000000000e+00
0.000000000000000000e+00
9.000000000000000000e+00
2.000000000000000000e+00
0.000000000000000000e+00
0.000000000000000000e+00
3.000000000000000000e+00
0.000000000000000000e+00
6.000000000000000000e+00
0.000000000000000000e+00
0.000000000000000000e+00
7.480000000000000000e+02
7.300000000000000000e+01
0.000000000000000000e+00
2.000000000000000000e+00
0.000000000000000000e+00
1.500000000000000000e+01
3.900000000000000000e+01
0.000000000000000000e+00
0.000000000000000000e+00
9.000000000000000000e+01
1.500000000000000000e+01
2.000000000000000000e+00
2.000000000000000000e+00
0.000000000000000000e+00
6.000000000000000000e+00
2.300000000000000000e+01
3.305000000000000000e+03
0.000000000000000000e+00
2.020000000000000000e+02
1.000000000000000000e+00
0.000000000000000000e+00
2.000000000000000000e+00
2.300000000000000000e+01
0.000000000000000000e+00
4.000000000000000000e+00
4.400000000000000000e+01
0.000000000000000000e+00
4.800000000000000000e+01
8.000000000000000000e+00
2.190000000000000000e+02
1.260000000000000000e+02
0.000000000000000000e+00
5.000000000000000000e+00
2.000000000000000000e+00
7.800000000000000000e+01
2.400000000000000000e+01
1.700000000000000000e+01
0.000000000000000000e+00
2.000000000000000000e+00
0.000000000000000000e+00
1.540000000000000000e+02
0.000000000000000000e+00
0.000000000000000000e+00
4.900000000000000000e+01
9.000000000000000000e+00
3.900000000000000000e+01
7.900000000000000000e+01
7.800000000000000000e+01
6.040000000000000000e+02
2.000000000000000000e+00
0.000000000000000000e+00
5.000000000000000000e+01
3.160000000000000000e+02
4.000000000000000000e+00
0.000000000000000000e+00
3.500000000000000000e+01
2.300000000000000000e+02
4.800000000000000000e+01
0.000000000000000000e+00
1.000000000000000000e+00
5.100000000000000000e+01
6.770000000000000000e+02
1.000000000000000000e+01
9.700000000000000000e+01
3.600000000000000000e+01
2.000000000000000000e+00
0.000000000000000000e+00
2.900000000000000000e+01
5.000000000000000000e+00
0.000000000000000000e+00
0.000000000000000000e+00
0.000000000000000000e+00
0.000000000000000000e+00
3.220000000000000000e+02
1.488000000000000000e+03
3.000000000000000000e+00
6.000000000000000000e+00
6.400000000000000000e+01
4.000000000000000000e+00
7.000000000000000000e+00
0.000000000000000000e+00
0.000000000000000000e+00
4.400000000000000000e+01
0.000000000000000000e+00
1.000000000000000000e+00
0.000000000000000000e+00
0.000000000000000000e+00
1.025000000000000000e+03
1.000000000000000000e+01
2.300000000000000000e+01
0.000000000000000000e+00
1.000000000000000000e+00
7.180000000000000000e+02
3.800000000000000000e+02
0.000000000000000000e+00
1.000000000000000000e+00
0.000000000000000000e+00
6.150000000000000000e+02
8.000000000000000000e+00
3.300000000000000000e+01
2.000000000000000000e+00
2.000000000000000000e+00
4.160000000000000000e+02
0.000000000000000000e+00
5.800000000000000000e+01
2.000000000000000000e+00
0.000000000000000000e+00
0.000000000000000000e+00
4.000000000000000000e+00
3.000000000000000000e+01
2.000000000000000000e+00
3.400000000000000000e+01
1.600000000000000000e+01
6.900000000000000000e+01
0.000000000000000000e+00
8.000000000000000000e+00
1.000000000000000000e+01
0.000000000000000000e+00
0.000000000000000000e+00
3.000000000000000000e+01
0.000000000000000000e+00
0.000000000000000000e+00
1.480000000000000000e+02
0.000000000000000000e+00
4.000000000000000000e+00
3.200000000000000000e+01
1.610000000000000000e+02
0.000000000000000000e+00
4.000000000000000000e+00
0.000000000000000000e+00
0.000000000000000000e+00
0.000000000000000000e+00
9.600000000000000000e+01
2.800000000000000000e+01
1.000000000000000000e+01
7.000000000000000000e+00
6.000000000000000000e+00
1.460000000000000000e+02
0.000000000000000000e+00
3.900000000000000000e+01
2.000000000000000000e+00
4.400000000000000000e+01
4.000000000000000000e+00
3.000000000000000000e+00
0.000000000000000000e+00
1.640000000000000000e+02
3.600000000000000000e+01
0.000000000000000000e+00
7.000000000000000000e+00
1.000000000000000000e+00
5.200000000000000000e+01
6.000000000000000000e+00
1.800000000000000000e+01
4.300000000000000000e+01
2.400000000000000000e+01
2.000000000000000000e+00
1.260000000000000000e+02
1.000000000000000000e+00
2.000000000000000000e+00
4.000000000000000000e+00
0.000000000000000000e+00
3.000000000000000000e+00
6.000000000000000000e+00
2.000000000000000000e+01
7.000000000000000000e+00
1.600000000000000000e+01
9.000000000000000000e+00
1.597000000000000000e+03
3.400000000000000000e+01
2.200000000000000000e+01
1.000000000000000000e+00
0.000000000000000000e+00
8.300000000000000000e+01
6.700000000000000000e+01
7.000000000000000000e+00
2.000000000000000000e+00
0.000000000000000000e+00
2.000000000000000000e+00
1.641000000000000000e+03
0.000000000000000000e+00
0.000000000000000000e+00
0.000000000000000000e+00
0.000000000000000000e+00
6.520000000000000000e+02
4.000000000000000000e+00
5.300000000000000000e+01
1.200000000000000000e+01
0.000000000000000000e+00
0.000000000000000000e+00
4.550000000000000000e+02
1.500000000000000000e+01
3.000000000000000000e+00
2.600000000000000000e+01
4.000000000000000000e+00
4.700000000000000000e+01
7.000000000000000000e+00
0.000000000000000000e+00
3.000000000000000000e+00
2.260000000000000000e+02
0.000000000000000000e+00
8.200000000000000000e+01
0.000000000000000000e+00
2.000000000000000000e+00
4.000000000000000000e+01
5.000000000000000000e+00
2.200000000000000000e+01
1.000000000000000000e+00
2.570000000000000000e+02
0.000000000000000000e+00
0.000000000000000000e+00
0.000000000000000000e+00
2.100000000000000000e+01
2.600000000000000000e+01
0.000000000000000000e+00
0.000000000000000000e+00
2.000000000000000000e+00
4.000000000000000000e+00
0.000000000000000000e+00
2.100000000000000000e+01
1.220000000000000000e+02
2.000000000000000000e+00
8.600000000000000000e+01
3.000000000000000000e+00
0.000000000000000000e+00
2.300000000000000000e+01
7.400000000000000000e+01
0.000000000000000000e+00
5.100000000000000000e+01
2.300000000000000000e+01
5.000000000000000000e+00
8.000000000000000000e+00
4.245000000000000000e+03
0.000000000000000000e+00
1.000000000000000000e+00
1.210000000000000000e+02
2.300000000000000000e+01
1.000000000000000000e+00
2.700000000000000000e+01
0.000000000000000000e+00
0.000000000000000000e+00
0.000000000000000000e+00
6.700000000000000000e+01
1.000000000000000000e+00
0.000000000000000000e+00
6.000000000000000000e+00
7.000000000000000000e+00
2.000000000000000000e+00
4.700000000000000000e+01
0.000000000000000000e+00
0.000000000000000000e+00
5.300000000000000000e+01
0.000000000000000000e+00
1.300000000000000000e+01
2.630000000000000000e+02
2.000000000000000000e+00
0.000000000000000000e+00
2.400000000000000000e+01
1.570000000000000000e+02
4.200000000000000000e+01
1.000000000000000000e+00
2.100000000000000000e+01
5.000000000000000000e+00
0.000000000000000000e+00
9.000000000000000000e+01
3.100000000000000000e+01
2.000000000000000000e+00
2.480000000000000000e+02
1.000000000000000000e+00
2.000000000000000000e+00
0.000000000000000000e+00
4.000000000000000000e+00
1.900000000000000000e+01
0.000000000000000000e+00
1.000000000000000000e+00
0.000000000000000000e+00
2.180000000000000000e+02
0.000000000000000000e+00
0.000000000000000000e+00
6.000000000000000000e+00
6.400000000000000000e+02
1.000000000000000000e+00
0.000000000000000000e+00
5.000000000000000000e+01
0.000000000000000000e+00
2.140000000000000000e+02
1.400000000000000000e+01
0.000000000000000000e+00
4.900000000000000000e+01
0.000000000000000000e+00
1.300000000000000000e+02
1.000000000000000000e+01
0.000000000000000000e+00
0.000000000000000000e+00
0.000000000000000000e+00
5.000000000000000000e+00
2.300000000000000000e+01
0.000000000000000000e+00
2.960000000000000000e+02
0.000000000000000000e+00
4.200000000000000000e+01
1.310000000000000000e+02
0.000000000000000000e+00
1.090000000000000000e+02
0.000000000000000000e+00
3.400000000000000000e+01
0.000000000000000000e+00
5.000000000000000000e+00
1.100000000000000000e+01
2.000000000000000000e+00
0.000000000000000000e+00
0.000000000000000000e+00
2.821000000000000000e+03
9.000000000000000000e+01
8.000000000000000000e+00
2.800000000000000000e+01
0.000000000000000000e+00
2.000000000000000000e+00
0.000000000000000000e+00
5.000000000000000000e+00
1.000000000000000000e+00
8.000000000000000000e+00
0.000000000000000000e+00
2.000000000000000000e+00
2.300000000000000000e+01
7.600000000000000000e+01
0.000000000000000000e+00
0.000000000000000000e+00
1.000000000000000000e+00
0.000000000000000000e+00
6.500000000000000000e+01
1.560000000000000000e+02
0.000000000000000000e+00
2.000000000000000000e+00
1.110000000000000000e+02
5.000000000000000000e+00
3.000000000000000000e+00
3.440000000000000000e+02
0.000000000000000000e+00
8.000000000000000000e+00
2.600000000000000000e+01
3.900000000000000000e+01
6.900000000000000000e+01
4.583000000000000000e+03
6.760000000000000000e+02
0.000000000000000000e+00
0.000000000000000000e+00
1.900000000000000000e+01
4.000000000000000000e+00
2.000000000000000000e+00
5.000000000000000000e+01
0.000000000000000000e+00
3.200000000000000000e+01
1.000000000000000000e+00
0.000000000000000000e+00
4.000000000000000000e+00
0.000000000000000000e+00
4.700000000000000000e+01
1.800000000000000000e+01
3.600000000000000000e+01
2.110000000000000000e+02
0.000000000000000000e+00
3.900000000000000000e+01
7.600000000000000000e+01
1.017000000000000000e+03
7.000000000000000000e+00
3.000000000000000000e+00
0.000000000000000000e+00
5.000000000000000000e+00
1.600000000000000000e+02
0.000000000000000000e+00
0.000000000000000000e+00
0.000000000000000000e+00
7.100000000000000000e+01
0.000000000000000000e+00
1.400000000000000000e+01
2.000000000000000000e+01
0.000000000000000000e+00
1.470000000000000000e+02
2.000000000000000000e+00
5.300000000000000000e+01
0.000000000000000000e+00
0.000000000000000000e+00
1.500000000000000000e+01
8.300000000000000000e+01
1.000000000000000000e+00
1.000000000000000000e+00
0.000000000000000000e+00
4.200000000000000000e+01
3.250000000000000000e+02
0.000000000000000000e+00
4.000000000000000000e+00
0.000000000000000000e+00
1.500000000000000000e+01
3.300000000000000000e+01
4.000000000000000000e+00
0.000000000000000000e+00
5.600000000000000000e+01
0.000000000000000000e+00
4.000000000000000000e+00
0.000000000000000000e+00
3.000000000000000000e+00
0.000000000000000000e+00
0.000000000000000000e+00
1.020000000000000000e+02
3.170000000000000000e+02
0.000000000000000000e+00
1.000000000000000000e+00
0.000000000000000000e+00
4.200000000000000000e+01
7.450000000000000000e+02
1.000000000000000000e+00
2.100000000000000000e+01
3.200000000000000000e+01
3.300000000000000000e+01
2.000000000000000000e+02
2.300000000000000000e+01
1.180000000000000000e+02
0.000000000000000000e+00
0.000000000000000000e+00
0.000000000000000000e+00
0.000000000000000000e+00
0.000000000000000000e+00
5.300000000000000000e+01
1.000000000000000000e+00
2.020000000000000000e+02
1.100000000000000000e+01
0.000000000000000000e+00
8.000000000000000000e+00
9.000000000000000000e+00
0.000000000000000000e+00
2.100000000000000000e+01
0.000000000000000000e+00
7.100000000000000000e+01
1.200000000000000000e+01
5.000000000000000000e+00
0.000000000000000000e+00
9.000000000000000000e+00
2.100000000000000000e+01
1.200000000000000000e+01
0.000000000000000000e+00
2.000000000000000000e+00
1.140000000000000000e+02
1.100000000000000000e+01
0.000000000000000000e+00
0.000000000000000000e+00
1.860000000000000000e+02
0.000000000000000000e+00
9.000000000000000000e+00
5.000000000000000000e+00
0.000000000000000000e+00
1.000000000000000000e+01
1.000000000000000000e+01
0.000000000000000000e+00
8.000000000000000000e+00
0.000000000000000000e+00
5.000000000000000000e+00
0.000000000000000000e+00
2.300000000000000000e+01
3.000000000000000000e+00
2.000000000000000000e+00
4.000000000000000000e+00
3.100000000000000000e+01
1.120000000000000000e+02
1.500000000000000000e+01
5.000000000000000000e+00
5.530000000000000000e+02
5.000000000000000000e+00
1.200000000000000000e+01
0.000000000000000000e+00
2.600000000000000000e+01
7.000000000000000000e+00
0.000000000000000000e+00
3.400000000000000000e+02
1.000000000000000000e+00
2.000000000000000000e+00
0.000000000000000000e+00
2.000000000000000000e+00
0.000000000000000000e+00
0.000000000000000000e+00
3.200000000000000000e+01
1.100000000000000000e+01
0.000000000000000000e+00
4.900000000000000000e+01
5.000000000000000000e+00
0.000000000000000000e+00
8.000000000000000000e+00
0.000000000000000000e+00
5.300000000000000000e+01
0.000000000000000000e+00
1.154000000000000000e+03
3.000000000000000000e+00
8.000000000000000000e+00
4.300000000000000000e+01
6.800000000000000000e+01
0.000000000000000000e+00
0.000000000000000000e+00
5.500000000000000000e+01
1.400000000000000000e+02
1.230000000000000000e+02
0.000000000000000000e+00
0.000000000000000000e+00
0.000000000000000000e+00
0.000000000000000000e+00
3.700000000000000000e+01
2.000000000000000000e+00
9.000000000000000000e+00
0.000000000000000000e+00
3.000000000000000000e+00
0.000000000000000000e+00
1.640000000000000000e+02
6.900000000000000000e+01
2.000000000000000000e+00
2.000000000000000000e+00
0.000000000000000000e+00
0.000000000000000000e+00
9.000000000000000000e+00
1.000000000000000000e+00
0.000000000000000000e+00
1.500000000000000000e+01
2.000000000000000000e+00
0.000000000000000000e+00
2.000000000000000000e+00
9.300000000000000000e+01
2.000000000000000000e+02
0.000000000000000000e+00
4.000000000000000000e+01
1.400000000000000000e+01
1.200000000000000000e+01
2.400000000000000000e+01
2.000000000000000000e+00
8.000000000000000000e+00
4.000000000000000000e+00
6.000000000000000000e+00
0.000000000000000000e+00
1.820000000000000000e+02
9.010000000000000000e+02
0.000000000000000000e+00
0.000000000000000000e+00
2.520000000000000000e+02
0.000000000000000000e+00
0.000000000000000000e+00
0.000000000000000000e+00
1.170000000000000000e+02
5.000000000000000000e+00
4.500000000000000000e+01
5.180000000000000000e+02
3.230000000000000000e+03
2.000000000000000000e+00
0.000000000000000000e+00
0.000000000000000000e+00
8.000000000000000000e+00
0.000000000000000000e+00
0.000000000000000000e+00
0.000000000000000000e+00
1.290000000000000000e+02
2.100000000000000000e+01
3.000000000000000000e+00
2.200000000000000000e+01
2.600000000000000000e+01
7.000000000000000000e+00
3.070000000000000000e+02
1.000000000000000000e+00
1.000000000000000000e+00
2.520000000000000000e+02
1.000000000000000000e+00
1.100000000000000000e+01
2.000000000000000000e+00
0.000000000000000000e+00
0.000000000000000000e+00
0.000000000000000000e+00
0.000000000000000000e+00
5.000000000000000000e+00
3.600000000000000000e+01
7.000000000000000000e+00
0.000000000000000000e+00
0.000000000000000000e+00
0.000000000000000000e+00
1.000000000000000000e+00
2.900000000000000000e+01
1.000000000000000000e+00
0.000000000000000000e+00
2.000000000000000000e+01
3.000000000000000000e+00
1.200000000000000000e+01
9.000000000000000000e+00
3.000000000000000000e+00
0.000000000000000000e+00
2.300000000000000000e+01
0.000000000000000000e+00
1.450000000000000000e+02
9.670000000000000000e+02
3.000000000000000000e+00
0.000000000000000000e+00
1.300000000000000000e+01
4.100000000000000000e+01
1.000000000000000000e+00
1.500000000000000000e+01
6.260000000000000000e+02
4.200000000000000000e+01
2.200000000000000000e+01
3.000000000000000000e+00
0.000000000000000000e+00
0.000000000000000000e+00
0.000000000000000000e+00
0.000000000000000000e+00
1.220000000000000000e+03
5.400000000000000000e+01
1.174000000000000000e+03
1.500000000000000000e+02
1.738000000000000000e+03
0.000000000000000000e+00
1.000000000000000000e+00
1.870000000000000000e+02
1.790000000000000000e+02
5.270000000000000000e+02
1.000000000000000000e+00
3.000000000000000000e+00
1.700000000000000000e+01
2.000000000000000000e+01
0.000000000000000000e+00
1.100000000000000000e+01
0.000000000000000000e+00
0.000000000000000000e+00
1.540000000000000000e+02
0.000000000000000000e+00
1.969000000000000000e+03
1.010000000000000000e+02
1.500000000000000000e+01
2.000000000000000000e+00
0.000000000000000000e+00
2.600000000000000000e+01
1.200000000000000000e+01
0.000000000000000000e+00
0.000000000000000000e+00
2.300000000000000000e+01
3.000000000000000000e+01
6.700000000000000000e+01
2.070000000000000000e+02
0.000000000000000000e+00
2.040000000000000000e+02
2.000000000000000000e+00
0.000000000000000000e+00
0.000000000000000000e+00
5.000000000000000000e+01
4.400000000000000000e+01
6.000000000000000000e+00
6.000000000000000000e+00
1.800000000000000000e+01
1.000000000000000000e+01
0.000000000000000000e+00
0.000000000000000000e+00
2.000000000000000000e+00
0.000000000000000000e+00
0.000000000000000000e+00
6.700000000000000000e+01
4.000000000000000000e+00
0.000000000000000000e+00
3.960000000000000000e+02
0.000000000000000000e+00
9.600000000000000000e+01
3.225000000000000000e+03
0.000000000000000000e+00
2.100000000000000000e+01
0.000000000000000000e+00
0.000000000000000000e+00
2.200000000000000000e+01
0.000000000000000000e+00
1.200000000000000000e+01
6.000000000000000000e+00
1.050000000000000000e+02
2.000000000000000000e+00
0.000000000000000000e+00
0.000000000000000000e+00
0.000000000000000000e+00
4.000000000000000000e+00
0.000000000000000000e+00
4.000000000000000000e+00
1.420000000000000000e+02
4.300000000000000000e+01
0.000000000000000000e+00
9.000000000000000000e+00
0.000000000000000000e+00
4.100000000000000000e+01
4.400000000000000000e+01
0.000000000000000000e+00
1.300000000000000000e+01
6.000000000000000000e+00
0.000000000000000000e+00
1.000000000000000000e+00
3.000000000000000000e+00
5.000000000000000000e+00
0.000000000000000000e+00
0.000000000000000000e+00
2.170000000000000000e+02
0.000000000000000000e+00
0.000000000000000000e+00
2.400000000000000000e+01
0.000000000000000000e+00
2.600000000000000000e+01
1.100000000000000000e+01
2.900000000000000000e+01
2.000000000000000000e+00
4.000000000000000000e+00
1.000000000000000000e+01
6.100000000000000000e+01
9.700000000000000000e+01
0.000000000000000000e+00
3.000000000000000000e+00
3.300000000000000000e+01
0.000000000000000000e+00
0.000000000000000000e+00
2.167000000000000000e+03
8.000000000000000000e+00
1.000000000000000000e+00
6.400000000000000000e+01
0.000000000000000000e+00
3.000000000000000000e+00
1.660000000000000000e+02
1.300000000000000000e+01
0.000000000000000000e+00
7.000000000000000000e+00
1.500000000000000000e+01
2.000000000000000000e+00
1.000000000000000000e+00
0.000000000000000000e+00
2.000000000000000000e+00
4.510000000000000000e+02
0.000000000000000000e+00
1.000000000000000000e+00
1.710000000000000000e+02
3.100000000000000000e+01
0.000000000000000000e+00
2.000000000000000000e+00
1.000000000000000000e+01
0.000000000000000000e+00
0.000000000000000000e+00
5.000000000000000000e+00
4.000000000000000000e+00
1.700000000000000000e+01
1.000000000000000000e+00
0.000000000000000000e+00
1.620000000000000000e+02
1.100000000000000000e+03
2.500000000000000000e+01
0.000000000000000000e+00
0.000000000000000000e+00
1.100000000000000000e+01
3.000000000000000000e+00
0.000000000000000000e+00
0.000000000000000000e+00
0.000000000000000000e+00
8.000000000000000000e+00
1.000000000000000000e+00
1.800000000000000000e+01
2.000000000000000000e+00
0.000000000000000000e+00
0.000000000000000000e+00
1.000000000000000000e+01
2.000000000000000000e+00
1.000000000000000000e+01
0.000000000000000000e+00
3.000000000000000000e+00
5.000000000000000000e+00
1.000000000000000000e+00
6.680000000000000000e+02
3.500000000000000000e+01
0.000000000000000000e+00
0.000000000000000000e+00
0.000000000000000000e+00
2.280000000000000000e+02
0.000000000000000000e+00
2.400000000000000000e+01
0.000000000000000000e+00
0.000000000000000000e+00
1.000000000000000000e+01
0.000000000000000000e+00
0.000000000000000000e+00
3.400000000000000000e+01
5.600000000000000000e+01
1.000000000000000000e+00
1.200000000000000000e+01
0.000000000000000000e+00
2.000000000000000000e+00
6.960000000000000000e+02
0.000000000000000000e+00
4.000000000000000000e+00
5.000000000000000000e+00
8.700000000000000000e+01
2.900000000000000000e+01
7.000000000000000000e+00
1.300000000000000000e+01
0.000000000000000000e+00
5.100000000000000000e+01
1.730000000000000000e+02
7.000000000000000000e+00
0.000000000000000000e+00
5.370000000000000000e+02
3.000000000000000000e+00
0.000000000000000000e+00
3.900000000000000000e+01
0.000000000000000000e+00
0.000000000000000000e+00
1.000000000000000000e+00
3.500000000000000000e+01
0.000000000000000000e+00
0.000000000000000000e+00
3.000000000000000000e+00
1.500000000000000000e+01
1.500000000000000000e+02
6.000000000000000000e+00
0.000000000000000000e+00
0.000000000000000000e+00
1.939000000000000000e+03
0.000000000000000000e+00
0.000000000000000000e+00
2.000000000000000000e+00
2.500000000000000000e+01
6.000000000000000000e+00
1.800000000000000000e+01
2.300000000000000000e+01
3.670000000000000000e+02
4.000000000000000000e+00
0.000000000000000000e+00
6.300000000000000000e+01
1.000000000000000000e+00
1.000000000000000000e+00
2.000000000000000000e+00
4.000000000000000000e+00
1.500000000000000000e+01
0.000000000000000000e+00
1.000000000000000000e+00
3.300000000000000000e+01
0.000000000000000000e+00
2.600000000000000000e+02
6.300000000000000000e+01
4.240000000000000000e+02
0.000000000000000000e+00
2.150000000000000000e+02
8.000000000000000000e+00
0.000000000000000000e+00
3.600000000000000000e+01
3.000000000000000000e+00
8.000000000000000000e+00
1.000000000000000000e+00
5.000000000000000000e+01
7.000000000000000000e+00
0.000000000000000000e+00
2.000000000000000000e+00
0.000000000000000000e+00
4.000000000000000000e+00
4.600000000000000000e+01
3.000000000000000000e+00
4.000000000000000000e+00
2.500000000000000000e+01
0.000000000000000000e+00
5.100000000000000000e+01
0.000000000000000000e+00
0.000000000000000000e+00
0.000000000000000000e+00
1.270000000000000000e+02
5.000000000000000000e+00
4.000000000000000000e+00
0.000000000000000000e+00
0.000000000000000000e+00
1.000000000000000000e+01
1.000000000000000000e+00
1.210000000000000000e+02
1.600000000000000000e+01
2.000000000000000000e+00
2.000000000000000000e+00
1.200000000000000000e+01
0.000000000000000000e+00
1.000000000000000000e+00
0.000000000000000000e+00
1.900000000000000000e+01
4.200000000000000000e+01
4.000000000000000000e+00
0.000000000000000000e+00
1.540000000000000000e+02
1.000000000000000000e+00
0.000000000000000000e+00
0.000000000000000000e+00
0.000000000000000000e+00
0.000000000000000000e+00
0.000000000000000000e+00
9.000000000000000000e+00
0.000000000000000000e+00
0.000000000000000000e+00
5.750000000000000000e+02
4.000000000000000000e+00
5.240000000000000000e+02
2.200000000000000000e+01
5.100000000000000000e+01
2.100000000000000000e+01
2.000000000000000000e+00
3.900000000000000000e+01
7.900000000000000000e+02
2.000000000000000000e+00
0.000000000000000000e+00
1.735000000000000000e+03
5.000000000000000000e+00
3.420000000000000000e+02
3.500000000000000000e+01
0.000000000000000000e+00
1.400000000000000000e+01
0.000000000000000000e+00
0.000000000000000000e+00
7.300000000000000000e+01
0.000000000000000000e+00
5.500000000000000000e+01
4.000000000000000000e+00
0.000000000000000000e+00
6.000000000000000000e+00
0.000000000000000000e+00
1.000000000000000000e+00
0.000000000000000000e+00
0.000000000000000000e+00
0.000000000000000000e+00
1.040000000000000000e+02
0.000000000000000000e+00
3.000000000000000000e+00
0.000000000000000000e+00
4.680000000000000000e+02
4.370000000000000000e+02
1.923000000000000000e+03
2.700000000000000000e+01
0.000000000000000000e+00
1.500000000000000000e+01
2.000000000000000000e+00
6.000000000000000000e+00
2.800000000000000000e+01
4.900000000000000000e+01
4.000000000000000000e+00
0.000000000000000000e+00
2.900000000000000000e+01
9.000000000000000000e+00
1.200000000000000000e+01
0.000000000000000000e+00
3.501000000000000000e+03
1.577000000000000000e+03
1.006000000000000000e+03
1.000000000000000000e+00
0.000000000000000000e+00
9.000000000000000000e+00
2.400000000000000000e+01
2.700000000000000000e+01
1.000000000000000000e+00
1.500000000000000000e+01
1.100000000000000000e+01
0.000000000000000000e+00
3.000000000000000000e+01
3.000000000000000000e+00
1.500000000000000000e+02
0.000000000000000000e+00
2.750000000000000000e+02
1.000000000000000000e+00
0.000000000000000000e+00
1.200000000000000000e+03
3.000000000000000000e+02
0.000000000000000000e+00
0.000000000000000000e+00
0.000000000000000000e+00
2.000000000000000000e+00
0.000000000000000000e+00
5.000000000000000000e+00
0.000000000000000000e+00
2.100000000000000000e+02
3.500000000000000000e+01
1.740000000000000000e+02
2.310000000000000000e+02
0.000000000000000000e+00
3.000000000000000000e+00
2.700000000000000000e+01
2.400000000000000000e+01
2.400000000000000000e+01
4.400000000000000000e+01
6.000000000000000000e+00
0.000000000000000000e+00
0.000000000000000000e+00
1.000000000000000000e+00
8.000000000000000000e+00
1.032000000000000000e+03
1.200000000000000000e+01
1.000000000000000000e+00
4.400000000000000000e+01
1.000000000000000000e+00
8.000000000000000000e+00
4.000000000000000000e+00
3.000000000000000000e+00
0.000000000000000000e+00
4.000000000000000000e+00
8.000000000000000000e+00
1.080000000000000000e+02
0.000000000000000000e+00
1.000000000000000000e+00
3.000000000000000000e+00
8.180000000000000000e+02
1.800000000000000000e+01
3.340000000000000000e+02
0.000000000000000000e+00
0.000000000000000000e+00
1.000000000000000000e+00
5.400000000000000000e+01
1.150000000000000000e+02
6.000000000000000000e+00
0.000000000000000000e+00
0.000000000000000000e+00
0.000000000000000000e+00
4.000000000000000000e+00
0.000000000000000000e+00
5.200000000000000000e+01
1.620000000000000000e+02
4.100000000000000000e+01
3.500000000000000000e+01
0.000000000000000000e+00
1.600000000000000000e+01
4.140000000000000000e+02
0.000000000000000000e+00
0.000000000000000000e+00
0.000000000000000000e+00
4.000000000000000000e+00
0.000000000000000000e+00
1.400000000000000000e+01
8.000000000000000000e+00
0.000000000000000000e+00
8.130000000000000000e+02
1.362000000000000000e+03
0.000000000000000000e+00
0.000000000000000000e+00
0.000000000000000000e+00
0.000000000000000000e+00
3.450000000000000000e+02
0.000000000000000000e+00
8.000000000000000000e+00
0.000000000000000000e+00
1.200000000000000000e+01
0.000000000000000000e+00
1.000000000000000000e+01
0.000000000000000000e+00
3.300000000000000000e+01
1.700000000000000000e+01
2.000000000000000000e+00
4.000000000000000000e+00
6.000000000000000000e+00
5.000000000000000000e+01
2.500000000000000000e+01
7.370000000000000000e+02
1.700000000000000000e+01
0.000000000000000000e+00
0.000000000000000000e+00
1.800000000000000000e+01
3.000000000000000000e+00
5.130000000000000000e+02
2.000000000000000000e+00
0.000000000000000000e+00
0.000000000000000000e+00
0.000000000000000000e+00
2.500000000000000000e+01
4.900000000000000000e+01
0.000000000000000000e+00
0.000000000000000000e+00
4.700000000000000000e+01
2.000000000000000000e+00
1.500000000000000000e+01
1.700000000000000000e+01
0.000000000000000000e+00
1.000000000000000000e+01
1.630000000000000000e+02
2.000000000000000000e+00
2.000000000000000000e+00
1.000000000000000000e+00
6.000000000000000000e+00
1.000000000000000000e+00
1.300000000000000000e+01
6.800000000000000000e+01
3.000000000000000000e+00
6.000000000000000000e+00
0.000000000000000000e+00
1.000000000000000000e+00
5.000000000000000000e+00
2.150000000000000000e+02
5.000000000000000000e+01
0.000000000000000000e+00
4.000000000000000000e+00
2.880000000000000000e+02
0.000000000000000000e+00
1.000000000000000000e+01
8.800000000000000000e+01
1.200000000000000000e+01
2.900000000000000000e+01
0.000000000000000000e+00
0.000000000000000000e+00
3.640000000000000000e+02
6.200000000000000000e+01
1.000000000000000000e+01
1.300000000000000000e+01
5.570000000000000000e+02
2.400000000000000000e+01
1.300000000000000000e+01
3.100000000000000000e+01
0.000000000000000000e+00
2.900000000000000000e+01
6.000000000000000000e+00
0.000000000000000000e+00
3.100000000000000000e+01
4.000000000000000000e+00
0.000000000000000000e+00
4.000000000000000000e+00
1.000000000000000000e+00
0.000000000000000000e+00
1.000000000000000000e+00
3.000000000000000000e+00
0.000000000000000000e+00
0.000000000000000000e+00
9.000000000000000000e+00
4.000000000000000000e+00
5.000000000000000000e+00
5.900000000000000000e+01
2.700000000000000000e+01
5.000000000000000000e+00
2.000000000000000000e+01
6.000000000000000000e+00
1.300000000000000000e+01
0.000000000000000000e+00
0.000000000000000000e+00
7.000000000000000000e+00
0.000000000000000000e+00
1.300000000000000000e+01
0.000000000000000000e+00
8.480000000000000000e+02
2.237000000000000000e+03
0.000000000000000000e+00
0.000000000000000000e+00
3.000000000000000000e+00
3.000000000000000000e+00
3.000000000000000000e+00
0.000000000000000000e+00
4.460000000000000000e+02
8.000000000000000000e+00
2.000000000000000000e+00
9.000000000000000000e+00
8.500000000000000000e+01
0.000000000000000000e+00
2.000000000000000000e+01
6.000000000000000000e+00
0.000000000000000000e+00
1.000000000000000000e+00
6.000000000000000000e+00
5.070000000000000000e+02
1.000000000000000000e+01
1.000000000000000000e+00
0.000000000000000000e+00
9.000000000000000000e+00
1.000000000000000000e+01
4.000000000000000000e+00
2.000000000000000000e+00
6.000000000000000000e+00
0.000000000000000000e+00
1.930000000000000000e+02
1.460000000000000000e+02
7.600000000000000000e+01
4.000000000000000000e+00
8.000000000000000000e+00
1.000000000000000000e+00
4.400000000000000000e+01
0.000000000000000000e+00
0.000000000000000000e+00
0.000000000000000000e+00
0.000000000000000000e+00
7.200000000000000000e+02
0.000000000000000000e+00
9.900000000000000000e+01
8.000000000000000000e+01
3.000000000000000000e+00
0.000000000000000000e+00
8.140000000000000000e+02
0.000000000000000000e+00
0.000000000000000000e+00
0.000000000000000000e+00
6.000000000000000000e+00
5.000000000000000000e+00
1.690000000000000000e+02
0.000000000000000000e+00
2.000000000000000000e+00
1.600000000000000000e+01
0.000000000000000000e+00
0.000000000000000000e+00
3.000000000000000000e+00
8.900000000000000000e+01
0.000000000000000000e+00
7.000000000000000000e+00
1.120000000000000000e+02
1.220000000000000000e+02
3.000000000000000000e+00
9.000000000000000000e+00
1.000000000000000000e+01
8.000000000000000000e+00
2.900000000000000000e+01
0.000000000000000000e+00
0.000000000000000000e+00
0.000000000000000000e+00
6.100000000000000000e+01
0.000000000000000000e+00
4.500000000000000000e+01
6.000000000000000000e+00
0.000000000000000000e+00
0.000000000000000000e+00
0.000000000000000000e+00
6.400000000000000000e+01
0.000000000000000000e+00
0.000000000000000000e+00
8.000000000000000000e+00
5.200000000000000000e+01
0.000000000000000000e+00
8.000000000000000000e+00
0.000000000000000000e+00
7.500000000000000000e+01
0.000000000000000000e+00
3.960000000000000000e+02
0.000000000000000000e+00
1.000000000000000000e+00
2.300000000000000000e+01
9.000000000000000000e+00
6.800000000000000000e+01
2.000000000000000000e+00
3.400000000000000000e+01
0.000000000000000000e+00
2.000000000000000000e+00
2.490000000000000000e+02
0.000000000000000000e+00
7.000000000000000000e+00
0.000000000000000000e+00
0.000000000000000000e+00
2.000000000000000000e+01
5.000000000000000000e+00
5.556000000000000000e+03
1.780000000000000000e+02
5.500000000000000000e+01
1.600000000000000000e+01
0.000000000000000000e+00
0.000000000000000000e+00
1.500000000000000000e+01
3.000000000000000000e+00
2.000000000000000000e+00
1.100000000000000000e+01
9.520000000000000000e+02
5.000000000000000000e+00
2.391000000000000000e+03
3.000000000000000000e+00
8.200000000000000000e+01
0.000000000000000000e+00
0.000000000000000000e+00
1.800000000000000000e+01
0.000000000000000000e+00
0.000000000000000000e+00
1.000000000000000000e+01
4.000000000000000000e+00
2.100000000000000000e+01
4.890000000000000000e+02
2.000000000000000000e+00
0.000000000000000000e+00
0.000000000000000000e+00
0.000000000000000000e+00
0.000000000000000000e+00
0.000000000000000000e+00
3.000000000000000000e+00
7.000000000000000000e+00
1.400000000000000000e+01
6.000000000000000000e+00
9.000000000000000000e+00
3.500000000000000000e+01
2.900000000000000000e+01
5.510000000000000000e+02
9.200000000000000000e+01
9.000000000000000000e+00
0.000000000000000000e+00
7.410000000000000000e+02
4.400000000000000000e+01
1.400000000000000000e+01
6.000000000000000000e+01
9.000000000000000000e+00
0.000000000000000000e+00
1.110000000000000000e+02
0.000000000000000000e+00
3.700000000000000000e+01
3.000000000000000000e+00
6.300000000000000000e+01
0.000000000000000000e+00
0.000000000000000000e+00
1.010000000000000000e+02
2.400000000000000000e+01
0.000000000000000000e+00
0.000000000000000000e+00
2.660000000000000000e+02
7.000000000000000000e+00
1.000000000000000000e+00
4.000000000000000000e+00
1.600000000000000000e+01
3.600000000000000000e+01
3.200000000000000000e+01
3.100000000000000000e+01
6.300000000000000000e+01
2.000000000000000000e+00
0.000000000000000000e+00
0.000000000000000000e+00
1.000000000000000000e+00
2.000000000000000000e+00
0.000000000000000000e+00
4.700000000000000000e+01
9.000000000000000000e+00
2.000000000000000000e+00
0.000000000000000000e+00
2.000000000000000000e+00
1.680000000000000000e+02
6.000000000000000000e+00
0.000000000000000000e+00
1.400000000000000000e+01
1.400000000000000000e+01
1.010000000000000000e+02
1.450000000000000000e+02
0.000000000000000000e+00
1.900000000000000000e+01
0.000000000000000000e+00
4.000000000000000000e+00
0.000000000000000000e+00
2.600000000000000000e+01
4.250000000000000000e+02
4.000000000000000000e+00
6.000000000000000000e+02
4.000000000000000000e+00
2.900000000000000000e+01
0.000000000000000000e+00
1.000000000000000000e+00
1.500000000000000000e+01
6.200000000000000000e+01
0.000000000000000000e+00
1.900000000000000000e+01
0.000000000000000000e+00
2.200000000000000000e+01
0.000000000000000000e+00
1.100000000000000000e+01
1.500000000000000000e+01
1.280000000000000000e+02
5.000000000000000000e+00
2.000000000000000000e+00
3.000000000000000000e+00
0.000000000000000000e+00
1.400000000000000000e+01
0.000000000000000000e+00
2.700000000000000000e+01
1.700000000000000000e+01
3.200000000000000000e+01
0.000000000000000000e+00
0.000000000000000000e+00
4.000000000000000000e+00
2.900000000000000000e+01
2.800000000000000000e+01
2.170000000000000000e+02
3.000000000000000000e+00
0.000000000000000000e+00
0.000000000000000000e+00
3.010000000000000000e+02
0.000000000000000000e+00
4.000000000000000000e+00
5.000000000000000000e+00
6.190000000000000000e+02
2.800000000000000000e+01
6.700000000000000000e+01
0.000000000000000000e+00
0.000000000000000000e+00
0.000000000000000000e+00
1.910000000000000000e+02
4.220000000000000000e+02
1.200000000000000000e+01
0.000000000000000000e+00
2.600000000000000000e+01
0.000000000000000000e+00
0.000000000000000000e+00
1.000000000000000000e+00
1.700000000000000000e+01
0.000000000000000000e+00
2.600000000000000000e+01
5.000000000000000000e+00
0.000000000000000000e+00
6.600000000000000000e+01
1.600000000000000000e+01
3.060000000000000000e+02
5.000000000000000000e+00
0.000000000000000000e+00
4.100000000000000000e+01
0.000000000000000000e+00
2.000000000000000000e+00
0.000000000000000000e+00
1.000000000000000000e+01
6.000000000000000000e+00
3.000000000000000000e+00
4.500000000000000000e+01
5.700000000000000000e+01
2.800000000000000000e+01
2.800000000000000000e+01
2.300000000000000000e+01
0.000000000000000000e+00
0.000000000000000000e+00
1.000000000000000000e+00
4.000000000000000000e+00
0.000000000000000000e+00
6.000000000000000000e+00
5.700000000000000000e+01
5.000000000000000000e+00
8.000000000000000000e+00
1.300000000000000000e+01
2.000000000000000000e+01
1.700000000000000000e+01
0.000000000000000000e+00
0.000000000000000000e+00
6.000000000000000000e+00
0.000000000000000000e+00
2.300000000000000000e+01
1.690000000000000000e+02
0.000000000000000000e+00
0.000000000000000000e+00
0.000000000000000000e+00
1.900000000000000000e+01
0.000000000000000000e+00
7.720000000000000000e+02
5.500000000000000000e+01
1.500000000000000000e+02
1.100000000000000000e+01
2.800000000000000000e+01
1.000000000000000000e+01
4.900000000000000000e+01
1.000000000000000000e+00
4.300000000000000000e+01
1.510000000000000000e+02
1.000000000000000000e+00
0.000000000000000000e+00
1.720000000000000000e+02
1.872000000000000000e+03
1.000000000000000000e+00
7.000000000000000000e+00
5.000000000000000000e+00
4.200000000000000000e+01
0.000000000000000000e+00
6.000000000000000000e+00
4.000000000000000000e+00
1.360000000000000000e+02
1.500000000000000000e+01
0.000000000000000000e+00
6.000000000000000000e+00
1.630000000000000000e+02
5.900000000000000000e+01
1.300000000000000000e+01
0.000000000000000000e+00
3.100000000000000000e+01
3.000000000000000000e+00
0.000000000000000000e+00
1.960000000000000000e+02
0.000000000000000000e+00
0.000000000000000000e+00
4.400000000000000000e+01
3.500000000000000000e+01
0.000000000000000000e+00
3.920000000000000000e+02
3.000000000000000000e+01
2.400000000000000000e+01
3.000000000000000000e+00
1.589000000000000000e+03
0.000000000000000000e+00
4.000000000000000000e+00
0.000000000000000000e+00
0.000000000000000000e+00
0.000000000000000000e+00
2.600000000000000000e+02
0.000000000000000000e+00
8.000000000000000000e+00
6.000000000000000000e+00
2.000000000000000000e+00
0.000000000000000000e+00
3.844000000000000000e+03
1.900000000000000000e+01
0.000000000000000000e+00
2.300000000000000000e+01
0.000000000000000000e+00
1.000000000000000000e+00
1.800000000000000000e+01
1.000000000000000000e+01
1.790000000000000000e+02
1.160000000000000000e+02
8.000000000000000000e+00
0.000000000000000000e+00
0.000000000000000000e+00
0.000000000000000000e+00
1.120000000000000000e+02
0.000000000000000000e+00
2.000000000000000000e+00
4.000000000000000000e+00
5.100000000000000000e+01
0.000000000000000000e+00
1.300000000000000000e+01
1.480000000000000000e+02
2.400000000000000000e+01
0.000000000000000000e+00
6.000000000000000000e+00
0.000000000000000000e+00
1.670000000000000000e+02
2.700000000000000000e+01
2.000000000000000000e+00
0.000000000000000000e+00
0.000000000000000000e+00
1.000000000000000000e+00
0.000000000000000000e+00
4.100000000000000000e+01
3.300000000000000000e+02
0.000000000000000000e+00
0.000000000000000000e+00
0.000000000000000000e+00
1.000000000000000000e+01
2.900000000000000000e+01
3.000000000000000000e+00
7.800000000000000000e+01
2.910000000000000000e+02
4.700000000000000000e+01
0.000000000000000000e+00
7.000000000000000000e+01
4.000000000000000000e+00
1.000000000000000000e+00
1.200000000000000000e+01
3.200000000000000000e+01
5.000000000000000000e+00
3.000000000000000000e+00
0.000000000000000000e+00
1.000000000000000000e+00
6.000000000000000000e+00
5.800000000000000000e+01
2.100000000000000000e+01
0.000000000000000000e+00
1.660000000000000000e+02
0.000000000000000000e+00
0.000000000000000000e+00
0.000000000000000000e+00
3.000000000000000000e+00
1.600000000000000000e+01
3.700000000000000000e+01
1.300000000000000000e+01
2.546000000000000000e+03
1.450000000000000000e+03
0.000000000000000000e+00
0.000000000000000000e+00
0.000000000000000000e+00
0.000000000000000000e+00
1.600000000000000000e+01
9.600000000000000000e+01
0.000000000000000000e+00
3.510000000000000000e+02
0.000000000000000000e+00
0.000000000000000000e+00
0.000000000000000000e+00
0.000000000000000000e+00
1.800000000000000000e+01
8.900000000000000000e+01
2.000000000000000000e+00
2.000000000000000000e+00
1.100000000000000000e+01
2.880000000000000000e+02
1.384000000000000000e+03
4.300000000000000000e+01
2.000000000000000000e+00
0.000000000000000000e+00
1.000000000000000000e+00
1.115000000000000000e+03
2.260000000000000000e+02
0.000000000000000000e+00
1.500000000000000000e+01
0.000000000000000000e+00
0.000000000000000000e+00
8.000000000000000000e+00
1.200000000000000000e+01
5.000000000000000000e+00
2.300000000000000000e+02
0.000000000000000000e+00
0.000000000000000000e+00
1.233000000000000000e+03
0.000000000000000000e+00
5.700000000000000000e+01
4.000000000000000000e+00
1.230000000000000000e+02
3.530000000000000000e+02
6.000000000000000000e+00
2.000000000000000000e+00
0.000000000000000000e+00
0.000000000000000000e+00
5.200000000000000000e+01
0.000000000000000000e+00
0.000000000000000000e+00
5.000000000000000000e+00
0.000000000000000000e+00
1.000000000000000000e+00
1.420000000000000000e+02
2.300000000000000000e+01
2.000000000000000000e+00
3.700000000000000000e+01
0.000000000000000000e+00
0.000000000000000000e+00
4.000000000000000000e+01
0.000000000000000000e+00
0.000000000000000000e+00
6.700000000000000000e+02
3.230000000000000000e+02
1.370000000000000000e+02
1.000000000000000000e+01
1.900000000000000000e+01
2.020000000000000000e+02
1.520000000000000000e+02
0.000000000000000000e+00
1.000000000000000000e+00
0.000000000000000000e+00
6.300000000000000000e+01
1.200000000000000000e+01
6.000000000000000000e+00
8.000000000000000000e+00
4.300000000000000000e+01
3.700000000000000000e+01
2.000000000000000000e+01
1.200000000000000000e+01
0.000000000000000000e+00
3.000000000000000000e+00
2.000000000000000000e+00
4.000000000000000000e+01
0.000000000000000000e+00
2.400000000000000000e+01
4.000000000000000000e+00
0.000000000000000000e+00
4.800000000000000000e+01
4.900000000000000000e+01
0.000000000000000000e+00
7.000000000000000000e+00
8.400000000000000000e+01
7.000000000000000000e+00
6.000000000000000000e+00
8.000000000000000000e+00
7.400000000000000000e+01
0.000000000000000000e+00
2.600000000000000000e+01
1.000000000000000000e+00
3.210000000000000000e+02
0.000000000000000000e+00
0.000000000000000000e+00
2.000000000000000000e+00
0.000000000000000000e+00
5.000000000000000000e+00
3.000000000000000000e+00
0.000000000000000000e+00
4.400000000000000000e+01
0.000000000000000000e+00
1.390000000000000000e+02
7.000000000000000000e+00
4.000000000000000000e+00
1.600000000000000000e+01
5.400000000000000000e+01
1.050000000000000000e+02
1.270000000000000000e+02
1.530000000000000000e+02
5.500000000000000000e+01
4.300000000000000000e+01
0.000000000000000000e+00
1.000000000000000000e+00
1.152000000000000000e+03
2.300000000000000000e+02
0.000000000000000000e+00
1.700000000000000000e+01
2.300000000000000000e+01
9.000000000000000000e+00
0.000000000000000000e+00
9.420000000000000000e+02
0.000000000000000000e+00
3.000000000000000000e+00
0.000000000000000000e+00
4.050000000000000000e+02
8.000000000000000000e+00
9.700000000000000000e+02
0.000000000000000000e+00
2.140000000000000000e+02
0.000000000000000000e+00
3.700000000000000000e+01
0.000000000000000000e+00
1.178000000000000000e+03
0.000000000000000000e+00
4.000000000000000000e+00
0.000000000000000000e+00
0.000000000000000000e+00
0.000000000000000000e+00
0.000000000000000000e+00
0.000000000000000000e+00
4.500000000000000000e+01
1.000000000000000000e+00
2.300000000000000000e+01
0.000000000000000000e+00
0.000000000000000000e+00
0.000000000000000000e+00
2.000000000000000000e+00
4.200000000000000000e+01
0.000000000000000000e+00
4.490000000000000000e+02
6.000000000000000000e+00
8.500000000000000000e+01
7.000000000000000000e+00
6.000000000000000000e+00
1.700000000000000000e+01
1.000000000000000000e+00
1.500000000000000000e+01
0.000000000000000000e+00
0.000000000000000000e+00
0.000000000000000000e+00
3.820000000000000000e+02
0.000000000000000000e+00
9.000000000000000000e+00
5.000000000000000000e+00
1.500000000000000000e+02
1.445000000000000000e+03
2.140000000000000000e+02
1.360000000000000000e+02
5.000000000000000000e+00
4.970000000000000000e+02
5.000000000000000000e+00
7.600000000000000000e+02
2.000000000000000000e+00
0.000000000000000000e+00
3.000000000000000000e+00
0.000000000000000000e+00
0.000000000000000000e+00
2.000000000000000000e+01
8.000000000000000000e+01
1.000000000000000000e+01
3.000000000000000000e+00
6.000000000000000000e+01
2.690000000000000000e+02
2.000000000000000000e+00
2.880000000000000000e+02
5.000000000000000000e+00
8.200000000000000000e+01
0.000000000000000000e+00
5.380000000000000000e+02
3.000000000000000000e+00
4.000000000000000000e+00
4.000000000000000000e+00
1.700000000000000000e+01
9.000000000000000000e+00
1.160000000000000000e+02
7.000000000000000000e+00
5.000000000000000000e+00
9.150000000000000000e+02
2.010000000000000000e+02
9.000000000000000000e+00
2.000000000000000000e+00
1.290000000000000000e+02
0.000000000000000000e+00
2.000000000000000000e+00
2.000000000000000000e+00
6.000000000000000000e+00
6.000000000000000000e+00
5.000000000000000000e+00
1.000000000000000000e+00
0.000000000000000000e+00
4.080000000000000000e+02
0.000000000000000000e+00
2.000000000000000000e+00
2.340000000000000000e+02
1.100000000000000000e+01
1.200000000000000000e+01
8.000000000000000000e+00
0.000000000000000000e+00
1.000000000000000000e+01
3.000000000000000000e+00
3.000000000000000000e+00
6.000000000000000000e+00
3.100000000000000000e+01
1.660000000000000000e+02
2.000000000000000000e+01
4.130000000000000000e+02
1.200000000000000000e+02
3.000000000000000000e+00
0.000000000000000000e+00
3.587000000000000000e+03
2.000000000000000000e+00
0.000000000000000000e+00
3.300000000000000000e+01
2.300000000000000000e+01
4.000000000000000000e+00
1.000000000000000000e+00
1.000000000000000000e+00
8.000000000000000000e+01
2.600000000000000000e+01
3.000000000000000000e+00
1.000000000000000000e+00
0.000000000000000000e+00
1.900000000000000000e+01
6.000000000000000000e+00
0.000000000000000000e+00
5.000000000000000000e+00
1.000000000000000000e+02
1.800000000000000000e+01
4.400000000000000000e+01
0.000000000000000000e+00
3.300000000000000000e+01
2.000000000000000000e+00
6.600000000000000000e+01
1.300000000000000000e+01
0.000000000000000000e+00
5.000000000000000000e+00
1.272000000000000000e+03
2.270000000000000000e+02
0.000000000000000000e+00
0.000000000000000000e+00
0.000000000000000000e+00
5.000000000000000000e+00
3.500000000000000000e+01
1.000000000000000000e+01
0.000000000000000000e+00
3.000000000000000000e+00
1.410000000000000000e+02
9.000000000000000000e+00
0.000000000000000000e+00
1.000000000000000000e+00
0.000000000000000000e+00
0.000000000000000000e+00
1.000000000000000000e+00
0.000000000000000000e+00
0.000000000000000000e+00
1.800000000000000000e+01
9.000000000000000000e+00
3.000000000000000000e+00
0.000000000000000000e+00
0.000000000000000000e+00
3.200000000000000000e+01
0.000000000000000000e+00
3.668000000000000000e+03
0.000000000000000000e+00
1.600000000000000000e+01
0.000000000000000000e+00
7.000000000000000000e+00
2.203000000000000000e+03
1.400000000000000000e+01
1.900000000000000000e+01
1.100000000000000000e+01
5.000000000000000000e+00
0.000000000000000000e+00
4.000000000000000000e+00
2.590000000000000000e+02
2.000000000000000000e+00
5.000000000000000000e+00
0.000000000000000000e+00
0.000000000000000000e+00
0.000000000000000000e+00
0.000000000000000000e+00
0.000000000000000000e+00
3.000000000000000000e+00
6.540000000000000000e+02
0.000000000000000000e+00
3.000000000000000000e+00
1.200000000000000000e+01
2.000000000000000000e+01
3.000000000000000000e+00
3.400000000000000000e+01
6.300000000000000000e+01
1.260000000000000000e+02
0.000000000000000000e+00
1.000000000000000000e+01
1.400000000000000000e+01
2.000000000000000000e+00
0.000000000000000000e+00
4.000000000000000000e+01
3.600000000000000000e+01
4.000000000000000000e+00
9.700000000000000000e+01
1.900000000000000000e+01
1.600000000000000000e+01
2.000000000000000000e+00
3.000000000000000000e+00
0.000000000000000000e+00
3.000000000000000000e+00
4.000000000000000000e+00
2.300000000000000000e+01
5.800000000000000000e+01
1.410000000000000000e+02
7.900000000000000000e+01
0.000000000000000000e+00
0.000000000000000000e+00
0.000000000000000000e+00
2.000000000000000000e+00
1.500000000000000000e+01
3.200000000000000000e+01
1.000000000000000000e+01
3.800000000000000000e+01
0.000000000000000000e+00
2.000000000000000000e+00
7.000000000000000000e+00
2.200000000000000000e+01
1.000000000000000000e+00
8.000000000000000000e+00
0.000000000000000000e+00
0.000000000000000000e+00
1.000000000000000000e+00
5.000000000000000000e+00
1.000000000000000000e+00
2.400000000000000000e+01
5.000000000000000000e+00
6.000000000000000000e+00
1.150000000000000000e+02
1.100000000000000000e+01
0.000000000000000000e+00
8.000000000000000000e+00
9.300000000000000000e+01
0.000000000000000000e+00
0.000000000000000000e+00
7.200000000000000000e+01
5.000000000000000000e+01
0.000000000000000000e+00
3.806000000000000000e+03
1.300000000000000000e+01
3.200000000000000000e+01
1.000000000000000000e+00
1.700000000000000000e+01
0.000000000000000000e+00
8.830000000000000000e+02
2.000000000000000000e+00
0.000000000000000000e+00
9.000000000000000000e+00
4.000000000000000000e+00
0.000000000000000000e+00
0.000000000000000000e+00
5.000000000000000000e+01
1.680000000000000000e+02
3.900000000000000000e+01
1.300000000000000000e+01
9.000000000000000000e+00
4.000000000000000000e+00
3.000000000000000000e+00
2.000000000000000000e+00
1.500000000000000000e+01
0.000000000000000000e+00
1.960000000000000000e+02
2.000000000000000000e+00
2.300000000000000000e+01
7.000000000000000000e+00
2.000000000000000000e+00
2.000000000000000000e+00
2.170000000000000000e+02
0.000000000000000000e+00
0.000000000000000000e+00
0.000000000000000000e+00
2.400000000000000000e+01
0.000000000000000000e+00
0.000000000000000000e+00
3.700000000000000000e+01
2.000000000000000000e+00
1.000000000000000000e+00
2.000000000000000000e+00
1.080000000000000000e+02
2.000000000000000000e+01
1.360000000000000000e+02
7.000000000000000000e+00
0.000000000000000000e+00
1.200000000000000000e+01
1.000000000000000000e+00
2.000000000000000000e+00
5.200000000000000000e+01
1.100000000000000000e+01
0.000000000000000000e+00
0.000000000000000000e+00
1.200000000000000000e+01
0.000000000000000000e+00
0.000000000000000000e+00
3.752000000000000000e+03
5.440000000000000000e+02
1.000000000000000000e+00
1.000000000000000000e+00
0.000000000000000000e+00
3.000000000000000000e+00
6.000000000000000000e+00
1.060000000000000000e+02
3.000000000000000000e+00
3.000000000000000000e+00
2.500000000000000000e+01
5.100000000000000000e+01
8.000000000000000000e+00
0.000000000000000000e+00
7.000000000000000000e+00
2.000000000000000000e+01
0.000000000000000000e+00
0.000000000000000000e+00
1.000000000000000000e+01
0.000000000000000000e+00
2.900000000000000000e+01
0.000000000000000000e+00
6.000000000000000000e+00
3.000000000000000000e+00
8.000000000000000000e+00
8.000000000000000000e+00
2.000000000000000000e+00
8.000000000000000000e+00
6.000000000000000000e+00
0.000000000000000000e+00
5.000000000000000000e+00
1.200000000000000000e+01
0.000000000000000000e+00
4.800000000000000000e+01
0.000000000000000000e+00
0.000000000000000000e+00
1.000000000000000000e+00
0.000000000000000000e+00
1.400000000000000000e+01
0.000000000000000000e+00
2.800000000000000000e+01
1.310000000000000000e+03
1.365000000000000000e+03
0.000000000000000000e+00
3.870000000000000000e+02
1.000000000000000000e+01
5.800000000000000000e+01
7.470000000000000000e+02
2.950000000000000000e+02
1.000000000000000000e+00
4.300000000000000000e+01
3.600000000000000000e+01
9.020000000000000000e+02
0.000000000000000000e+00
1.000000000000000000e+00
0.000000000000000000e+00
1.620000000000000000e+02
7.000000000000000000e+00
0.000000000000000000e+00
0.000000000000000000e+00
2.690000000000000000e+02
0.000000000000000000e+00
2.000000000000000000e+00
1.400000000000000000e+01
0.000000000000000000e+00
1.800000000000000000e+01
0.000000000000000000e+00
0.000000000000000000e+00
0.000000000000000000e+00
2.400000000000000000e+01
4.000000000000000000e+00
2.000000000000000000e+00
4.800000000000000000e+01
0.000000000000000000e+00
2.700000000000000000e+01
3.000000000000000000e+00
0.000000000000000000e+00
8.000000000000000000e+01
0.000000000000000000e+00
0.000000000000000000e+00
1.708000000000000000e+03
0.000000000000000000e+00
6.000000000000000000e+00
3.800000000000000000e+01
0.000000000000000000e+00
2.000000000000000000e+00
1.300000000000000000e+01
0.000000000000000000e+00
2.000000000000000000e+00
2.000000000000000000e+00
6.710000000000000000e+02
2.020000000000000000e+02
5.000000000000000000e+00
0.000000000000000000e+00
2.600000000000000000e+01
0.000000000000000000e+00
8.000000000000000000e+00
0.000000000000000000e+00
0.000000000000000000e+00
0.000000000000000000e+00
9.170000000000000000e+02
4.200000000000000000e+01
0.000000000000000000e+00
9.000000000000000000e+00
1.000000000000000000e+00
5.000000000000000000e+00
0.000000000000000000e+00
0.000000000000000000e+00
1.700000000000000000e+01
2.000000000000000000e+00
2.490000000000000000e+02
0.000000000000000000e+00
0.000000000000000000e+00
0.000000000000000000e+00
1.590000000000000000e+02
6.200000000000000000e+01
2.000000000000000000e+00
8.000000000000000000e+00
3.250000000000000000e+02
3.000000000000000000e+00
1.000000000000000000e+00
1.000000000000000000e+00
1.300000000000000000e+01
3.040000000000000000e+02
2.000000000000000000e+00
0.000000000000000000e+00
0.000000000000000000e+00
6.500000000000000000e+01
0.000000000000000000e+00
1.000000000000000000e+00
1.590000000000000000e+02
2.600000000000000000e+01
1.189000000000000000e+03
1.000000000000000000e+01
0.000000000000000000e+00
0.000000000000000000e+00
0.000000000000000000e+00
1.400000000000000000e+01
0.000000000000000000e+00
0.000000000000000000e+00
1.600000000000000000e+01
2.000000000000000000e+00
1.000000000000000000e+00
5.000000000000000000e+00
1.300000000000000000e+01
1.990000000000000000e+02
9.000000000000000000e+00
2.000000000000000000e+00
0.000000000000000000e+00
0.000000000000000000e+00
0.000000000000000000e+00
0.000000000000000000e+00
1.200000000000000000e+01
4.000000000000000000e+00
4.000000000000000000e+00
4.500000000000000000e+01
8.000000000000000000e+00
2.000000000000000000e+00
6.410000000000000000e+02
2.000000000000000000e+00
2.000000000000000000e+01
1.110000000000000000e+02
0.000000000000000000e+00
1.950000000000000000e+02
1.300000000000000000e+01
1.500000000000000000e+01
2.400000000000000000e+01
0.000000000000000000e+00
2.100000000000000000e+01
3.000000000000000000e+00
2.000000000000000000e+01
0.000000000000000000e+00
3.300000000000000000e+01
5.000000000000000000e+00
0.000000000000000000e+00
0.000000000000000000e+00
2.520000000000000000e+02
5.700000000000000000e+01
5.000000000000000000e+00
1.000000000000000000e+01
0.000000000000000000e+00
6.200000000000000000e+01
2.801000000000000000e+03
2.128000000000000000e+03
8.400000000000000000e+01
3.400000000000000000e+01
5.000000000000000000e+00
6.000000000000000000e+00
1.200000000000000000e+01
1.060000000000000000e+02
2.500000000000000000e+01
4.000000000000000000e+00
6.000000000000000000e+01
1.330000000000000000e+02
1.200000000000000000e+01
6.000000000000000000e+00
7.240000000000000000e+02
1.400000000000000000e+01
6.200000000000000000e+01
0.000000000000000000e+00
2.000000000000000000e+00
2.600000000000000000e+01
0.000000000000000000e+00
6.000000000000000000e+00
7.000000000000000000e+00
2.700000000000000000e+01
3.000000000000000000e+00
4.200000000000000000e+01
2.900000000000000000e+01
6.000000000000000000e+00
4.000000000000000000e+00
0.000000000000000000e+00
4.000000000000000000e+00
3.000000000000000000e+00
6.000000000000000000e+00
9.000000000000000000e+00
8.000000000000000000e+00
0.000000000000000000e+00
3.700000000000000000e+01
5.400000000000000000e+01
7.000000000000000000e+00
3.000000000000000000e+00
5.170000000000000000e+02
8.000000000000000000e+00
0.000000000000000000e+00
3.000000000000000000e+00
6.000000000000000000e+00
7.000000000000000000e+01
2.000000000000000000e+00
1.000000000000000000e+01
1.000000000000000000e+00
0.000000000000000000e+00
3.700000000000000000e+01
8.200000000000000000e+01
8.700000000000000000e+01
3.100000000000000000e+01
1.200000000000000000e+01
2.100000000000000000e+01
1.000000000000000000e+01
4.000000000000000000e+00
1.813000000000000000e+03
9.000000000000000000e+00
6.400000000000000000e+01
8.000000000000000000e+00
0.000000000000000000e+00
3.400000000000000000e+01
3.000000000000000000e+00
5.000000000000000000e+00
2.700000000000000000e+01
1.700000000000000000e+01
0.000000000000000000e+00
0.000000000000000000e+00
0.000000000000000000e+00
7.000000000000000000e+00
3.930000000000000000e+02
2.000000000000000000e+01
7.500000000000000000e+01
2.000000000000000000e+00
7.000000000000000000e+00
4.000000000000000000e+00
1.000000000000000000e+00
5.000000000000000000e+00
5.000000000000000000e+00
0.000000000000000000e+00
1.560000000000000000e+02
4.000000000000000000e+00
2.480000000000000000e+02
0.000000000000000000e+00
9.000000000000000000e+00
7.400000000000000000e+01
2.000000000000000000e+00
3.400000000000000000e+01
2.300000000000000000e+01
2.600000000000000000e+02
1.470000000000000000e+02
6.630000000000000000e+02
4.000000000000000000e+00
4.100000000000000000e+01
2.100000000000000000e+01
3.900000000000000000e+01
2.900000000000000000e+01
6.000000000000000000e+00
4.000000000000000000e+00
4.000000000000000000e+00
2.000000000000000000e+00
1.000000000000000000e+00
0.000000000000000000e+00
2.600000000000000000e+01
4.000000000000000000e+00
3.000000000000000000e+00
6.000000000000000000e+00
8.800000000000000000e+01
2.000000000000000000e+00
3.420000000000000000e+02
0.000000000000000000e+00
2.000000000000000000e+01
1.710000000000000000e+02
0.000000000000000000e+00
1.080000000000000000e+02
3.000000000000000000e+00
4.900000000000000000e+01
0.000000000000000000e+00
6.300000000000000000e+01
1.350000000000000000e+02
2.000000000000000000e+00
4.200000000000000000e+01
1.500000000000000000e+01
0.000000000000000000e+00
4.000000000000000000e+01
0.000000000000000000e+00
2.580000000000000000e+02
8.000000000000000000e+00
0.000000000000000000e+00
0.000000000000000000e+00
1.000000000000000000e+00
0.000000000000000000e+00
3.000000000000000000e+00
7.000000000000000000e+01
7.530000000000000000e+02
6.950000000000000000e+02
0.000000000000000000e+00
3.000000000000000000e+00
6.000000000000000000e+00
0.000000000000000000e+00
1.000000000000000000e+00
0.000000000000000000e+00
1.460000000000000000e+02
3.290000000000000000e+02
0.000000000000000000e+00
4.000000000000000000e+00
1.000000000000000000e+00
0.000000000000000000e+00
2.000000000000000000e+00
2.000000000000000000e+01
8.700000000000000000e+01
0.000000000000000000e+00
1.000000000000000000e+00
0.000000000000000000e+00
3.500000000000000000e+01
5.100000000000000000e+01
5.700000000000000000e+01
5.000000000000000000e+00
2.000000000000000000e+00
0.000000000000000000e+00
1.200000000000000000e+01
0.000000000000000000e+00
1.010000000000000000e+02
2.000000000000000000e+00
4.100000000000000000e+01
9.300000000000000000e+01
3.500000000000000000e+01
5.820000000000000000e+02
3.700000000000000000e+01
0.000000000000000000e+00
0.000000000000000000e+00
1.500000000000000000e+01
8.000000000000000000e+00
4.300000000000000000e+01
2.000000000000000000e+00
1.000000000000000000e+00
3.500000000000000000e+01
0.000000000000000000e+00
0.000000000000000000e+00
3.070000000000000000e+02
6.700000000000000000e+01
0.000000000000000000e+00
9.200000000000000000e+01
4.900000000000000000e+01
2.000000000000000000e+00
5.000000000000000000e+00
1.900000000000000000e+01
0.000000000000000000e+00
0.000000000000000000e+00
1.700000000000000000e+01
3.000000000000000000e+00
4.900000000000000000e+01
6.330000000000000000e+02
0.000000000000000000e+00
0.000000000000000000e+00
0.000000000000000000e+00
0.000000000000000000e+00
0.000000000000000000e+00
0.000000000000000000e+00
4.300000000000000000e+01
3.000000000000000000e+00
1.860000000000000000e+02
4.740000000000000000e+02
1.300000000000000000e+01
0.000000000000000000e+00
4.000000000000000000e+00
1.000000000000000000e+00
2.000000000000000000e+00
9.000000000000000000e+01
0.000000000000000000e+00
1.640000000000000000e+02
5.000000000000000000e+00
1.000000000000000000e+00
0.000000000000000000e+00
0.000000000000000000e+00
2.200000000000000000e+01
1.000000000000000000e+01
0.000000000000000000e+00
0.000000000000000000e+00
1.400000000000000000e+01
0.000000000000000000e+00
0.000000000000000000e+00
2.000000000000000000e+01
1.500000000000000000e+01
1.000000000000000000e+00
0.000000000000000000e+00
3.000000000000000000e+00
1.400000000000000000e+01
1.600000000000000000e+01
2.640000000000000000e+02
0.000000000000000000e+00
6.000000000000000000e+00
3.000000000000000000e+00
5.000000000000000000e+00
0.000000000000000000e+00
5.560000000000000000e+02
4.100000000000000000e+01
1.200000000000000000e+01
1.012000000000000000e+03
1.000000000000000000e+00
2.000000000000000000e+00
8.000000000000000000e+00
1.200000000000000000e+01
1.600000000000000000e+01
2.770000000000000000e+02
0.000000000000000000e+00
0.000000000000000000e+00
0.000000000000000000e+00
1.000000000000000000e+00
1.000000000000000000e+01
1.310000000000000000e+02
1.100000000000000000e+01
0.000000000000000000e+00
1.300000000000000000e+01
8.810000000000000000e+02
7.900000000000000000e+01
2.000000000000000000e+00
2.920000000000000000e+02
3.000000000000000000e+00
1.000000000000000000e+00
3.500000000000000000e+01
4.400000000000000000e+01
0.000000000000000000e+00
0.000000000000000000e+00
9.140000000000000000e+02
2.760000000000000000e+02
4.747000000000000000e+03
2.000000000000000000e+00
1.600000000000000000e+01
3.000000000000000000e+00
9.400000000000000000e+01
0.000000000000000000e+00
1.000000000000000000e+00
0.000000000000000000e+00
0.000000000000000000e+00
2.000000000000000000e+00
0.000000000000000000e+00
6.000000000000000000e+00
7.400000000000000000e+01
1.300000000000000000e+01
0.000000000000000000e+00
2.000000000000000000e+00
1.400000000000000000e+01
2.650000000000000000e+02
1.000000000000000000e+00
6.000000000000000000e+00
0.000000000000000000e+00
0.000000000000000000e+00
1.700000000000000000e+01
8.400000000000000000e+01
0.000000000000000000e+00
4.500000000000000000e+01
5.200000000000000000e+01
0.000000000000000000e+00
7.000000000000000000e+01
4.000000000000000000e+00
5.000000000000000000e+00
0.000000000000000000e+00
1.300000000000000000e+03
1.200000000000000000e+01
3.500000000000000000e+01
0.000000000000000000e+00
1.030000000000000000e+02
2.000000000000000000e+00
2.400000000000000000e+01
1.100000000000000000e+01
5.000000000000000000e+00
1.000000000000000000e+00
6.000000000000000000e+00
7.000000000000000000e+00
0.000000000000000000e+00
4.000000000000000000e+00
4.000000000000000000e+00
9.900000000000000000e+01
0.000000000000000000e+00
4.000000000000000000e+00
1.200000000000000000e+01
9.000000000000000000e+00
8.540000000000000000e+02
7.000000000000000000e+00
1.000000000000000000e+00
8.630000000000000000e+02
2.700000000000000000e+01
0.000000000000000000e+00
2.000000000000000000e+00
5.000000000000000000e+00
2.350000000000000000e+02
2.500000000000000000e+01
0.000000000000000000e+00
1.000000000000000000e+00
0.000000000000000000e+00
7.960000000000000000e+02
0.000000000000000000e+00
0.000000000000000000e+00
7.700000000000000000e+01
2.000000000000000000e+00
1.160000000000000000e+02
0.000000000000000000e+00
0.000000000000000000e+00
1.400000000000000000e+01
3.700000000000000000e+01
0.000000000000000000e+00
0.000000000000000000e+00
1.700000000000000000e+01
1.600000000000000000e+01
2.000000000000000000e+00
2.000000000000000000e+00
1.479000000000000000e+03
2.300000000000000000e+01
2.920000000000000000e+02
1.300000000000000000e+01
0.000000000000000000e+00
1.000000000000000000e+00
1.940000000000000000e+02
1.000000000000000000e+01
6.000000000000000000e+00
5.900000000000000000e+01
0.000000000000000000e+00
5.000000000000000000e+00
0.000000000000000000e+00
0.000000000000000000e+00
0.000000000000000000e+00
0.000000000000000000e+00
1.220000000000000000e+02
0.000000000000000000e+00
2.700000000000000000e+01
1.000000000000000000e+00
3.100000000000000000e+01
2.000000000000000000e+00
4.000000000000000000e+00
9.000000000000000000e+00
1.100000000000000000e+01
0.000000000000000000e+00
8.000000000000000000e+00
0.000000000000000000e+00
3.300000000000000000e+01
4.000000000000000000e+00
1.500000000000000000e+01
1.100000000000000000e+01
1.400000000000000000e+01
3.100000000000000000e+01
1.000000000000000000e+00
3.200000000000000000e+01
1.200000000000000000e+01
2.865000000000000000e+03
4.100000000000000000e+01
2.310000000000000000e+02
4.500000000000000000e+01
0.000000000000000000e+00
2.900000000000000000e+01
0.000000000000000000e+00
0.000000000000000000e+00
9.140000000000000000e+02
0.000000000000000000e+00
1.000000000000000000e+01
5.000000000000000000e+00
1.200000000000000000e+02
7.000000000000000000e+00
0.000000000000000000e+00
1.000000000000000000e+00
0.000000000000000000e+00
1.100000000000000000e+01
0.000000000000000000e+00
4.000000000000000000e+00
4.280000000000000000e+02
1.400000000000000000e+01
9.600000000000000000e+01
8.170000000000000000e+02
2.120000000000000000e+02
2.700000000000000000e+01
1.000000000000000000e+01
2.000000000000000000e+00
2.600000000000000000e+01
4.200000000000000000e+01
2.700000000000000000e+01
8.000000000000000000e+00
2.000000000000000000e+00
0.000000000000000000e+00
2.000000000000000000e+00
8.200000000000000000e+01
1.200000000000000000e+02
3.000000000000000000e+00
0.000000000000000000e+00
0.000000000000000000e+00
1.000000000000000000e+00
0.000000000000000000e+00
1.590000000000000000e+02
4.080000000000000000e+02
4.800000000000000000e+01
0.000000000000000000e+00
0.000000000000000000e+00
2.700000000000000000e+01
0.000000000000000000e+00
6.000000000000000000e+00
3.500000000000000000e+01
0.000000000000000000e+00
0.000000000000000000e+00
3.630000000000000000e+02
5.000000000000000000e+00
2.000000000000000000e+00
3.000000000000000000e+01
1.000000000000000000e+00
1.800000000000000000e+01
2.000000000000000000e+00
0.000000000000000000e+00
1.000000000000000000e+01
0.000000000000000000e+00
7.400000000000000000e+01
4.500000000000000000e+01
0.000000000000000000e+00
1.300000000000000000e+01
2.200000000000000000e+01
1.300000000000000000e+01
9.000000000000000000e+00
0.000000000000000000e+00
3.000000000000000000e+00
1.380000000000000000e+02
1.010000000000000000e+02
0.000000000000000000e+00
8.100000000000000000e+01
4.000000000000000000e+00
1.690000000000000000e+02
2.000000000000000000e+00
8.700000000000000000e+01
6.000000000000000000e+00
1.311000000000000000e+03
2.400000000000000000e+01
2.000000000000000000e+00
0.000000000000000000e+00
2.000000000000000000e+00
0.000000000000000000e+00
5.000000000000000000e+00
5.000000000000000000e+00
0.000000000000000000e+00
0.000000000000000000e+00
3.600000000000000000e+01
0.000000000000000000e+00
1.000000000000000000e+00
3.000000000000000000e+00
0.000000000000000000e+00
4.000000000000000000e+00
1.700000000000000000e+01
6.000000000000000000e+00
4.000000000000000000e+00
1.000000000000000000e+00
2.000000000000000000e+00
4.000000000000000000e+00
1.900000000000000000e+01
0.000000000000000000e+00
0.000000000000000000e+00
0.000000000000000000e+00
2.700000000000000000e+01
0.000000000000000000e+00
1.400000000000000000e+01
5.000000000000000000e+00
0.000000000000000000e+00
8.000000000000000000e+00
0.000000000000000000e+00
1.000000000000000000e+00
0.000000000000000000e+00
0.000000000000000000e+00
1.090000000000000000e+02
2.200000000000000000e+01
1.000000000000000000e+01
4.000000000000000000e+00
2.000000000000000000e+00
3.500000000000000000e+01
1.000000000000000000e+01
0.000000000000000000e+00
6.000000000000000000e+00
3.000000000000000000e+00
1.000000000000000000e+01
3.400000000000000000e+01
5.800000000000000000e+01
0.000000000000000000e+00
0.000000000000000000e+00
2.900000000000000000e+01
1.000000000000000000e+00
0.000000000000000000e+00
0.000000000000000000e+00
0.000000000000000000e+00
0.000000000000000000e+00
6.000000000000000000e+00
2.700000000000000000e+01
0.000000000000000000e+00
1.000000000000000000e+01
0.000000000000000000e+00
9.800000000000000000e+01
0.000000000000000000e+00
0.000000000000000000e+00
2.000000000000000000e+02
2.000000000000000000e+00
1.100000000000000000e+01
8.400000000000000000e+01
1.000000000000000000e+00
1.300000000000000000e+01
0.000000000000000000e+00
2.400000000000000000e+01
1.000000000000000000e+00
1.000000000000000000e+00
1.260000000000000000e+02
0.000000000000000000e+00
0.000000000000000000e+00
2.000000000000000000e+00
4.100000000000000000e+01
0.000000000000000000e+00
3.400000000000000000e+01
0.000000000000000000e+00
2.600000000000000000e+01
9.030000000000000000e+02
2.200000000000000000e+01
0.000000000000000000e+00
8.000000000000000000e+00
1.400000000000000000e+01
7.100000000000000000e+01
7.000000000000000000e+00
6.000000000000000000e+00
3.530000000000000000e+02
0.000000000000000000e+00
0.000000000000000000e+00
0.000000000000000000e+00
0.000000000000000000e+00
1.127000000000000000e+03
1.970000000000000000e+02
4.500000000000000000e+01
5.000000000000000000e+00
3.500000000000000000e+01
1.580000000000000000e+02
1.000000000000000000e+00
3.200000000000000000e+01
0.000000000000000000e+00
0.000000000000000000e+00
4.000000000000000000e+00
9.400000000000000000e+01
0.000000000000000000e+00
0.000000000000000000e+00
5.000000000000000000e+00
6.000000000000000000e+00
1.590000000000000000e+02
0.000000000000000000e+00
0.000000000000000000e+00
2.000000000000000000e+00
0.000000000000000000e+00
5.890000000000000000e+02
0.000000000000000000e+00
3.100000000000000000e+01
8.000000000000000000e+00
0.000000000000000000e+00
2.000000000000000000e+00
1.500000000000000000e+01
0.000000000000000000e+00
0.000000000000000000e+00
2.000000000000000000e+00
0.000000000000000000e+00
6.000000000000000000e+00
2.900000000000000000e+01
3.000000000000000000e+00
9.000000000000000000e+00
8.000000000000000000e+00
1.100000000000000000e+01
3.000000000000000000e+00
2.000000000000000000e+00
6.000000000000000000e+00
0.000000000000000000e+00
5.000000000000000000e+00
0.000000000000000000e+00
3.170000000000000000e+02
0.000000000000000000e+00
0.000000000000000000e+00
1.000000000000000000e+00
1.200000000000000000e+01
2.600000000000000000e+01
0.000000000000000000e+00
3.400000000000000000e+02
0.000000000000000000e+00
6.400000000000000000e+01
4.000000000000000000e+00
3.360000000000000000e+02
0.000000000000000000e+00
9.000000000000000000e+00
3.000000000000000000e+00
7.000000000000000000e+00
1.000000000000000000e+00
5.140000000000000000e+02
1.280000000000000000e+02
1.400000000000000000e+01
0.000000000000000000e+00
1.900000000000000000e+01
1.000000000000000000e+00
0.000000000000000000e+00
0.000000000000000000e+00
1.000000000000000000e+00
0.000000000000000000e+00
7.000000000000000000e+00
0.000000000000000000e+00
2.000000000000000000e+00
1.540000000000000000e+02
0.000000000000000000e+00
0.000000000000000000e+00
0.000000000000000000e+00
3.500000000000000000e+01
2.800000000000000000e+01
9.800000000000000000e+01
1.680000000000000000e+02
1.240000000000000000e+02
4.700000000000000000e+01
3.000000000000000000e+01
1.187000000000000000e+03
4.000000000000000000e+00
1.200000000000000000e+01
0.000000000000000000e+00
0.000000000000000000e+00
0.000000000000000000e+00
3.760000000000000000e+02
0.000000000000000000e+00
1.400000000000000000e+01
1.000000000000000000e+01
3.000000000000000000e+00
1.000000000000000000e+00
0.000000000000000000e+00
1.300000000000000000e+01
0.000000000000000000e+00
1.000000000000000000e+01
0.000000000000000000e+00
4.480000000000000000e+02
3.000000000000000000e+00
7.000000000000000000e+00
1.000000000000000000e+00
1.000000000000000000e+00
3.000000000000000000e+00
0.000000000000000000e+00
0.000000000000000000e+00
3.600000000000000000e+01
3.200000000000000000e+01
3.000000000000000000e+00
0.000000000000000000e+00
5.200000000000000000e+01
0.000000000000000000e+00
2.000000000000000000e+00
1.900000000000000000e+01
7.700000000000000000e+01
0.000000000000000000e+00
6.000000000000000000e+00
0.000000000000000000e+00
1.064000000000000000e+03
0.000000000000000000e+00
5.200000000000000000e+01
1.200000000000000000e+01
1.900000000000000000e+01
2.920000000000000000e+02
8.300000000000000000e+01
0.000000000000000000e+00
1.000000000000000000e+00
0.000000000000000000e+00
3.000000000000000000e+00
2.000000000000000000e+00
5.270000000000000000e+02
2.000000000000000000e+00
0.000000000000000000e+00
0.000000000000000000e+00
2.000000000000000000e+00
0.000000000000000000e+00
0.000000000000000000e+00
0.000000000000000000e+00
0.000000000000000000e+00
2.600000000000000000e+01
1.000000000000000000e+00
0.000000000000000000e+00
3.000000000000000000e+00
2.300000000000000000e+01
3.400000000000000000e+01
1.150000000000000000e+02
0.000000000000000000e+00
1.000000000000000000e+00
6.700000000000000000e+01
0.000000000000000000e+00
0.000000000000000000e+00
0.000000000000000000e+00
1.300000000000000000e+01
3.559000000000000000e+03
0.000000000000000000e+00
0.000000000000000000e+00
0.000000000000000000e+00
2.000000000000000000e+00
4.000000000000000000e+00
1.020000000000000000e+02
0.000000000000000000e+00
1.510000000000000000e+02
2.000000000000000000e+00
0.000000000000000000e+00
2.080000000000000000e+02
4.930000000000000000e+02
9.050000000000000000e+02
2.000000000000000000e+00
1.119000000000000000e+03
0.000000000000000000e+00
1.300000000000000000e+01
2.000000000000000000e+00
0.000000000000000000e+00
1.280000000000000000e+02
0.000000000000000000e+00
0.000000000000000000e+00
6.000000000000000000e+00
1.160000000000000000e+02
5.400000000000000000e+01
0.000000000000000000e+00
1.100000000000000000e+01
1.610000000000000000e+02
2.000000000000000000e+00
2.700000000000000000e+01
0.000000000000000000e+00
5.000000000000000000e+01
1.000000000000000000e+00
1.000000000000000000e+01
1.800000000000000000e+01
2.000000000000000000e+00
4.000000000000000000e+00
8.000000000000000000e+00
5.700000000000000000e+01
2.000000000000000000e+00
0.000000000000000000e+00
3.000000000000000000e+00
3.500000000000000000e+01
1.490000000000000000e+02
1.700000000000000000e+01
1.000000000000000000e+00
0.000000000000000000e+00
0.000000000000000000e+00
5.000000000000000000e+01
0.000000000000000000e+00
1.000000000000000000e+00
1.000000000000000000e+00
2.040000000000000000e+02
1.300000000000000000e+02
1.000000000000000000e+00
2.000000000000000000e+00
1.320000000000000000e+02
3.100000000000000000e+01
0.000000000000000000e+00
3.000000000000000000e+01
0.000000000000000000e+00
3.000000000000000000e+00
8.000000000000000000e+00
5.500000000000000000e+01
0.000000000000000000e+00
2.266000000000000000e+03
2.700000000000000000e+01
2.070000000000000000e+02
0.000000000000000000e+00
0.000000000000000000e+00
6.000000000000000000e+00
0.000000000000000000e+00
2.000000000000000000e+00
8.000000000000000000e+00
0.000000000000000000e+00
2.000000000000000000e+00
1.220000000000000000e+02
1.500000000000000000e+01
0.000000000000000000e+00
0.000000000000000000e+00
0.000000000000000000e+00
0.000000000000000000e+00
0.000000000000000000e+00
2.200000000000000000e+02
0.000000000000000000e+00
8.300000000000000000e+01
5.700000000000000000e+01
2.430000000000000000e+02
3.000000000000000000e+00
2.485000000000000000e+03
1.500000000000000000e+01
6.000000000000000000e+00
6.700000000000000000e+01
3.000000000000000000e+00
0.000000000000000000e+00
0.000000000000000000e+00
3.000000000000000000e+00
2.400000000000000000e+01
2.000000000000000000e+00
0.000000000000000000e+00
1.130000000000000000e+02
6.770000000000000000e+02
2.000000000000000000e+00
5.910000000000000000e+02
0.000000000000000000e+00
0.000000000000000000e+00
1.060000000000000000e+02
1.000000000000000000e+00
1.789000000000000000e+03
0.000000000000000000e+00
3.600000000000000000e+01
0.000000000000000000e+00
4.000000000000000000e+00
1.040000000000000000e+02
3.000000000000000000e+00
6.800000000000000000e+01
4.400000000000000000e+01
5.000000000000000000e+01
4.900000000000000000e+01
7.500000000000000000e+01
1.530000000000000000e+03
1.000000000000000000e+00
4.000000000000000000e+00
3.000000000000000000e+00
2.900000000000000000e+01
7.000000000000000000e+00
0.000000000000000000e+00
1.000000000000000000e+00
1.960000000000000000e+02
2.000000000000000000e+00
0.000000000000000000e+00
2.300000000000000000e+01
0.000000000000000000e+00
0.000000000000000000e+00
2.000000000000000000e+00
1.420000000000000000e+02
9.000000000000000000e+00
0.000000000000000000e+00
2.050000000000000000e+02
0.000000000000000000e+00
0.000000000000000000e+00
1.000000000000000000e+01
0.000000000000000000e+00
1.400000000000000000e+01
4.200000000000000000e+01
6.200000000000000000e+01
5.000000000000000000e+00
0.000000000000000000e+00
4.700000000000000000e+01
0.000000000000000000e+00
2.000000000000000000e+00
0.000000000000000000e+00
0.000000000000000000e+00
2.600000000000000000e+01
1.000000000000000000e+00
4.000000000000000000e+01
8.900000000000000000e+01
1.367000000000000000e+03
0.000000000000000000e+00
9.000000000000000000e+00
1.593000000000000000e+03
1.160000000000000000e+02
0.000000000000000000e+00
1.700000000000000000e+01
3.000000000000000000e+00
0.000000000000000000e+00
3.400000000000000000e+01
2.500000000000000000e+01
1.000000000000000000e+00
1.000000000000000000e+01
0.000000000000000000e+00
4.300000000000000000e+01
4.000000000000000000e+00
4.000000000000000000e+00
2.000000000000000000e+00
4.800000000000000000e+01
3.000000000000000000e+00
0.000000000000000000e+00
1.490000000000000000e+02
0.000000000000000000e+00
0.000000000000000000e+00
1.550000000000000000e+02
4.330000000000000000e+02
1.800000000000000000e+01
7.500000000000000000e+01
0.000000000000000000e+00
1.400000000000000000e+01
0.000000000000000000e+00
4.600000000000000000e+01
7.000000000000000000e+00
6.600000000000000000e+01
0.000000000000000000e+00
4.060000000000000000e+02
9.000000000000000000e+00
0.000000000000000000e+00
2.000000000000000000e+01
8.000000000000000000e+00
5.880000000000000000e+02
1.020000000000000000e+02
1.000000000000000000e+00
0.000000000000000000e+00
0.000000000000000000e+00
0.000000000000000000e+00
0.000000000000000000e+00
9.000000000000000000e+00
0.000000000000000000e+00
4.000000000000000000e+00
0.000000000000000000e+00
2.000000000000000000e+00
1.900000000000000000e+01
0.000000000000000000e+00
1.000000000000000000e+00
3.500000000000000000e+01
6.290000000000000000e+02
6.300000000000000000e+01
6.000000000000000000e+00
3.000000000000000000e+00
0.000000000000000000e+00
8.900000000000000000e+02
3.700000000000000000e+02
0.000000000000000000e+00
3.400000000000000000e+01
5.140000000000000000e+02
1.690000000000000000e+02
2.000000000000000000e+00
2.000000000000000000e+00
5.000000000000000000e+00
6.200000000000000000e+01
1.000000000000000000e+00
5.400000000000000000e+01
2.600000000000000000e+01
5.000000000000000000e+00
4.000000000000000000e+00
0.000000000000000000e+00
3.520000000000000000e+02
4.500000000000000000e+01
0.000000000000000000e+00
6.500000000000000000e+01
0.000000000000000000e+00
1.500000000000000000e+01
9.800000000000000000e+01
7.000000000000000000e+00
0.000000000000000000e+00
8.900000000000000000e+01
2.000000000000000000e+01
9.000000000000000000e+00
0.000000000000000000e+00
0.000000000000000000e+00
1.400000000000000000e+01
1.500000000000000000e+01
3.000000000000000000e+01
1.300000000000000000e+01
1.000000000000000000e+01
1.600000000000000000e+01
2.490000000000000000e+02
2.000000000000000000e+00
4.030000000000000000e+02
2.284000000000000000e+03
0.000000000000000000e+00
0.000000000000000000e+00
1.600000000000000000e+01
4.000000000000000000e+00
1.000000000000000000e+00
2.470000000000000000e+02
8.600000000000000000e+01
2.130000000000000000e+03
5.600000000000000000e+01
5.670000000000000000e+02
3.000000000000000000e+00
0.000000000000000000e+00
1.600000000000000000e+01
2.000000000000000000e+00
1.600000000000000000e+01
4.000000000000000000e+00
2.650000000000000000e+02
0.000000000000000000e+00
1.000000000000000000e+00
1.000000000000000000e+00
6.600000000000000000e+01
6.000000000000000000e+00
0.000000000000000000e+00
1.277000000000000000e+03
8.000000000000000000e+00
1.000000000000000000e+01
0.000000000000000000e+00
6.300000000000000000e+01
0.000000000000000000e+00
0.000000000000000000e+00
0.000000000000000000e+00
0.000000000000000000e+00
1.280000000000000000e+03
8.500000000000000000e+01
0.000000000000000000e+00
2.000000000000000000e+00
3.180000000000000000e+02
1.290000000000000000e+02
0.000000000000000000e+00
2.000000000000000000e+00
1.382000000000000000e+03
0.000000000000000000e+00
3.000000000000000000e+00
5.200000000000000000e+01
3.000000000000000000e+00
0.000000000000000000e+00
4.000000000000000000e+00
0.000000000000000000e+00
1.300000000000000000e+01
1.280000000000000000e+02
0.000000000000000000e+00
2.100000000000000000e+02
5.000000000000000000e+00
1.900000000000000000e+01
1.760000000000000000e+02
7.800000000000000000e+01
2.600000000000000000e+01
0.000000000000000000e+00
0.000000000000000000e+00
0.000000000000000000e+00
6.000000000000000000e+00
1.900000000000000000e+01
0.000000000000000000e+00
0.000000000000000000e+00
8.300000000000000000e+01
6.000000000000000000e+00
2.200000000000000000e+01
0.000000000000000000e+00
4.000000000000000000e+00
0.000000000000000000e+00
0.000000000000000000e+00
1.200000000000000000e+01
4.000000000000000000e+00
0.000000000000000000e+00
6.000000000000000000e+00
1.370000000000000000e+02
3.000000000000000000e+00
5.000000000000000000e+00
0.000000000000000000e+00
2.000000000000000000e+01
2.400000000000000000e+01
1.000000000000000000e+02
0.000000000000000000e+00
1.000000000000000000e+00
8.000000000000000000e+00
0.000000000000000000e+00
0.000000000000000000e+00
1.300000000000000000e+01
1.600000000000000000e+01
0.000000000000000000e+00
3.000000000000000000e+00
4.000000000000000000e+00
7.500000000000000000e+01
1.347000000000000000e+03
8.000000000000000000e+00
4.400000000000000000e+01
1.570000000000000000e+03
0.000000000000000000e+00
1.600000000000000000e+01
1.600000000000000000e+01
0.000000000000000000e+00
0.000000000000000000e+00
0.000000000000000000e+00
1.000000000000000000e+00
0.000000000000000000e+00
1.400000000000000000e+01
2.470000000000000000e+02
1.800000000000000000e+01
4.610000000000000000e+02
3.650000000000000000e+02
6.000000000000000000e+00
2.000000000000000000e+00
5.000000000000000000e+00
0.000000000000000000e+00
2.200000000000000000e+01
1.050000000000000000e+02
8.000000000000000000e+00
9.000000000000000000e+00
1.060000000000000000e+02
3.000000000000000000e+00
1.300000000000000000e+01
0.000000000000000000e+00
0.000000000000000000e+00
3.000000000000000000e+00
2.000000000000000000e+00
4.010000000000000000e+02
3.900000000000000000e+01
0.000000000000000000e+00
5.000000000000000000e+00
6.000000000000000000e+00
3.000000000000000000e+00
7.410000000000000000e+02
1.900000000000000000e+01
2.000000000000000000e+00
2.000000000000000000e+00
6.000000000000000000e+00
1.200000000000000000e+01
4.000000000000000000e+00
4.900000000000000000e+01
0.000000000000000000e+00
8.900000000000000000e+01
5.600000000000000000e+01
0.000000000000000000e+00
2.690000000000000000e+02
2.400000000000000000e+01
0.000000000000000000e+00
7.000000000000000000e+00
9.000000000000000000e+00
0.000000000000000000e+00
0.000000000000000000e+00
0.000000000000000000e+00
1.500000000000000000e+01
6.250000000000000000e+02
7.000000000000000000e+01
0.000000000000000000e+00
0.000000000000000000e+00
0.000000000000000000e+00
5.000000000000000000e+00
0.000000000000000000e+00
8.700000000000000000e+01
1.000000000000000000e+00
5.000000000000000000e+00
0.000000000000000000e+00
0.000000000000000000e+00
0.000000000000000000e+00
1.000000000000000000e+00
3.000000000000000000e+00
4.000000000000000000e+01
6.000000000000000000e+00
2.000000000000000000e+00
0.000000000000000000e+00
1.800000000000000000e+01
9.700000000000000000e+01
7.000000000000000000e+00
0.000000000000000000e+00
0.000000000000000000e+00
6.000000000000000000e+00
0.000000000000000000e+00
3.000000000000000000e+00
6.130000000000000000e+02
1.000000000000000000e+00
4.730000000000000000e+02
2.000000000000000000e+00
2.000000000000000000e+00
0.000000000000000000e+00
3.000000000000000000e+00
4.300000000000000000e+01
1.000000000000000000e+00
0.000000000000000000e+00
0.000000000000000000e+00
6.000000000000000000e+00
0.000000000000000000e+00
5.900000000000000000e+01
7.000000000000000000e+00
0.000000000000000000e+00
0.000000000000000000e+00
0.000000000000000000e+00
0.000000000000000000e+00
1.000000000000000000e+02
0.000000000000000000e+00
0.000000000000000000e+00
0.000000000000000000e+00
0.000000000000000000e+00
0.000000000000000000e+00
6.700000000000000000e+01
4.000000000000000000e+00
0.000000000000000000e+00
2.000000000000000000e+00
0.000000000000000000e+00
8.800000000000000000e+01
0.000000000000000000e+00
1.200000000000000000e+01
1.250000000000000000e+02
1.500000000000000000e+01
4.100000000000000000e+01
0.000000000000000000e+00
5.780000000000000000e+02
4.060000000000000000e+02
0.000000000000000000e+00
1.000000000000000000e+01
2.221000000000000000e+03
0.000000000000000000e+00
4.900000000000000000e+01
1.000000000000000000e+00
1.300000000000000000e+02
0.000000000000000000e+00
1.540000000000000000e+02
1.110000000000000000e+02
0.000000000000000000e+00
3.900000000000000000e+01
0.000000000000000000e+00
1.000000000000000000e+00
2.300000000000000000e+02
4.200000000000000000e+01
1.000000000000000000e+00
0.000000000000000000e+00
1.250000000000000000e+02
2.100000000000000000e+01
2.000000000000000000e+00
6.000000000000000000e+00
1.800000000000000000e+01
0.000000000000000000e+00
0.000000000000000000e+00
9.000000000000000000e+00
0.000000000000000000e+00
1.000000000000000000e+01
0.000000000000000000e+00
3.953000000000000000e+03
8.000000000000000000e+00
0.000000000000000000e+00
1.330000000000000000e+02
7.200000000000000000e+01
1.000000000000000000e+01
0.000000000000000000e+00
1.500000000000000000e+01
2.000000000000000000e+00
1.500000000000000000e+01
3.000000000000000000e+01
1.280000000000000000e+02
1.043000000000000000e+03
2.000000000000000000e+00
0.000000000000000000e+00
2.000000000000000000e+00
1.490000000000000000e+02
1.490000000000000000e+02
2.000000000000000000e+00
2.670000000000000000e+02
0.000000000000000000e+00
2.000000000000000000e+00
6.000000000000000000e+00
1.000000000000000000e+00
5.000000000000000000e+00
7.400000000000000000e+01
5.000000000000000000e+00
1.047000000000000000e+03
7.000000000000000000e+00
0.000000000000000000e+00
1.900000000000000000e+01
5.550000000000000000e+02
3.900000000000000000e+01
1.000000000000000000e+00
0.000000000000000000e+00
4.000000000000000000e+00
1.000000000000000000e+00
2.200000000000000000e+01
1.000000000000000000e+01
1.900000000000000000e+01
7.200000000000000000e+01
2.000000000000000000e+00
7.000000000000000000e+00
8.000000000000000000e+00
0.000000000000000000e+00
4.000000000000000000e+01
2.000000000000000000e+00
5.000000000000000000e+00
0.000000000000000000e+00
2.700000000000000000e+01
2.300000000000000000e+01
5.000000000000000000e+00
0.000000000000000000e+00
5.000000000000000000e+00
0.000000000000000000e+00
2.000000000000000000e+00
4.800000000000000000e+02
0.000000000000000000e+00
0.000000000000000000e+00
3.000000000000000000e+00
6.000000000000000000e+00
3.000000000000000000e+00
0.000000000000000000e+00
0.000000000000000000e+00
7.000000000000000000e+00
4.800000000000000000e+01
5.000000000000000000e+00
0.000000000000000000e+00
5.000000000000000000e+00
1.000000000000000000e+00
4.000000000000000000e+00
5.700000000000000000e+01
1.606000000000000000e+03
0.000000000000000000e+00
1.400000000000000000e+01
1.000000000000000000e+00
9.760000000000000000e+02
1.000000000000000000e+00
0.000000000000000000e+00
8.000000000000000000e+00
5.400000000000000000e+01
0.000000000000000000e+00
4.000000000000000000e+00
2.000000000000000000e+00
2.800000000000000000e+01
0.000000000000000000e+00
1.637000000000000000e+03
6.500000000000000000e+01
0.000000000000000000e+00
2.300000000000000000e+01
0.000000000000000000e+00
0.000000000000000000e+00
1.094000000000000000e+03
1.900000000000000000e+02
1.300000000000000000e+01
2.150000000000000000e+02
2.600000000000000000e+01
2.100000000000000000e+01
0.000000000000000000e+00
0.000000000000000000e+00
0.000000000000000000e+00
2.050000000000000000e+02
1.500000000000000000e+01
3.700000000000000000e+01
2.000000000000000000e+00
2.000000000000000000e+00
0.000000000000000000e+00
1.030000000000000000e+02
0.000000000000000000e+00
1.040000000000000000e+02
3.400000000000000000e+01
8.000000000000000000e+00
4.200000000000000000e+01
0.000000000000000000e+00
5.100000000000000000e+01
0.000000000000000000e+00
4.000000000000000000e+00
3.400000000000000000e+01
5.000000000000000000e+00
1.000000000000000000e+00
4.200000000000000000e+01
4.000000000000000000e+00
1.478000000000000000e+03
4.000000000000000000e+00
2.900000000000000000e+01
0.000000000000000000e+00
6.000000000000000000e+00
3.000000000000000000e+00
1.700000000000000000e+01
5.598000000000000000e+03
7.000000000000000000e+00
4.000000000000000000e+00
0.000000000000000000e+00
9.000000000000000000e+00
7.100000000000000000e+01
2.080000000000000000e+02
0.000000000000000000e+00
0.000000000000000000e+00
0.000000000000000000e+00
2.240000000000000000e+02
2.000000000000000000e+00
5.700000000000000000e+01
3.000000000000000000e+00
1.400000000000000000e+01
0.000000000000000000e+00
3.380000000000000000e+02
3.900000000000000000e+01
0.000000000000000000e+00
1.350000000000000000e+02
5.000000000000000000e+00
0.000000000000000000e+00
1.000000000000000000e+00
0.000000000000000000e+00
2.000000000000000000e+00
0.000000000000000000e+00
5.000000000000000000e+00
0.000000000000000000e+00
1.000000000000000000e+00
5.000000000000000000e+00
1.360000000000000000e+02
5.300000000000000000e+02
0.000000000000000000e+00
0.000000000000000000e+00
1.600000000000000000e+01
1.000000000000000000e+01
2.000000000000000000e+00
0.000000000000000000e+00
8.000000000000000000e+00
3.000000000000000000e+00
0.000000000000000000e+00
0.000000000000000000e+00
4.000000000000000000e+00
1.000000000000000000e+00
7.070000000000000000e+02
0.000000000000000000e+00
6.100000000000000000e+01
9.000000000000000000e+01
3.500000000000000000e+01
2.400000000000000000e+01
0.000000000000000000e+00
1.050000000000000000e+02
9.200000000000000000e+01
0.000000000000000000e+00
2.600000000000000000e+01
1.000000000000000000e+00
2.000000000000000000e+00
0.000000000000000000e+00
3.000000000000000000e+00
0.000000000000000000e+00
4.500000000000000000e+01
4.100000000000000000e+01
0.000000000000000000e+00
2.640000000000000000e+02
1.100000000000000000e+01
3.000000000000000000e+00
4.490000000000000000e+02
0.000000000000000000e+00
2.000000000000000000e+00
9.600000000000000000e+01
0.000000000000000000e+00
0.000000000000000000e+00
1.460000000000000000e+02
2.500000000000000000e+01
1.170000000000000000e+02
0.000000000000000000e+00
4.000000000000000000e+00
2.660000000000000000e+02
0.000000000000000000e+00
3.000000000000000000e+00
6.460000000000000000e+02
0.000000000000000000e+00
7.320000000000000000e+02
0.000000000000000000e+00
0.000000000000000000e+00
6.000000000000000000e+00
2.000000000000000000e+00
0.000000000000000000e+00
1.000000000000000000e+01
6.000000000000000000e+00
0.000000000000000000e+00
1.600000000000000000e+01
0.000000000000000000e+00
2.630000000000000000e+02
7.000000000000000000e+00
1.100000000000000000e+01
4.000000000000000000e+00
4.000000000000000000e+00
1.000000000000000000e+00
0.000000000000000000e+00
1.120000000000000000e+02
2.060000000000000000e+02
1.800000000000000000e+01
6.470000000000000000e+02
0.000000000000000000e+00
3.740000000000000000e+02
7.790000000000000000e+02
6.800000000000000000e+01
2.100000000000000000e+01
8.900000000000000000e+01
1.200000000000000000e+01
1.560000000000000000e+02
0.000000000000000000e+00
3.000000000000000000e+00
2.800000000000000000e+01
8.000000000000000000e+00
3.850000000000000000e+02
1.000000000000000000e+00
0.000000000000000000e+00
2.000000000000000000e+00
0.000000000000000000e+00
1.900000000000000000e+01
8.000000000000000000e+00
1.300000000000000000e+01
0.000000000000000000e+00
0.000000000000000000e+00
2.000000000000000000e+00
4.000000000000000000e+00
2.800000000000000000e+01
0.000000000000000000e+00
0.000000000000000000e+00
4.000000000000000000e+00
6.000000000000000000e+00
2.100000000000000000e+01
4.600000000000000000e+01
7.000000000000000000e+00
2.850000000000000000e+02
3.200000000000000000e+01
0.000000000000000000e+00
1.010000000000000000e+02
1.500000000000000000e+01
1.400000000000000000e+01
0.000000000000000000e+00
2.000000000000000000e+01
3.200000000000000000e+01
1.400000000000000000e+01
4.000000000000000000e+00
0.000000000000000000e+00
9.800000000000000000e+01
3.700000000000000000e+01
1.000000000000000000e+00
5.000000000000000000e+00
3.400000000000000000e+01
1.000000000000000000e+00
4.200000000000000000e+01
4.000000000000000000e+00
2.000000000000000000e+00
0.000000000000000000e+00
3.120000000000000000e+02
0.000000000000000000e+00
3.000000000000000000e+00
4.000000000000000000e+00
3.700000000000000000e+01
3.500000000000000000e+01
0.000000000000000000e+00
0.000000000000000000e+00
2.000000000000000000e+00
0.000000000000000000e+00
1.600000000000000000e+01
0.000000000000000000e+00
0.000000000000000000e+00
0.000000000000000000e+00
4.230000000000000000e+02
4.100000000000000000e+01
3.000000000000000000e+00
0.000000000000000000e+00
3.000000000000000000e+00
0.000000000000000000e+00
3.400000000000000000e+01
0.000000000000000000e+00
6.700000000000000000e+01
8.000000000000000000e+01
1.000000000000000000e+00
6.100000000000000000e+01
0.000000000000000000e+00
1.800000000000000000e+01
0.000000000000000000e+00
9.970000000000000000e+02
2.000000000000000000e+00
6.570000000000000000e+02
8.160000000000000000e+02
0.000000000000000000e+00
1.500000000000000000e+01
1.000000000000000000e+00
6.500000000000000000e+01
3.300000000000000000e+01
2.000000000000000000e+00
3.980000000000000000e+02
0.000000000000000000e+00
0.000000000000000000e+00
5.000000000000000000e+00
0.000000000000000000e+00
3.100000000000000000e+01
0.000000000000000000e+00
2.300000000000000000e+01
0.000000000000000000e+00
1.110000000000000000e+02
2.000000000000000000e+00
1.000000000000000000e+02
0.000000000000000000e+00
1.800000000000000000e+01
2.500000000000000000e+02
7.700000000000000000e+01
0.000000000000000000e+00
3.000000000000000000e+00
1.070000000000000000e+02
2.000000000000000000e+00
0.000000000000000000e+00
3.000000000000000000e+00
6.610000000000000000e+02
1.550000000000000000e+02
0.000000000000000000e+00
5.900000000000000000e+01
0.000000000000000000e+00
1.000000000000000000e+00
2.000000000000000000e+00
1.400000000000000000e+01
0.000000000000000000e+00
5.000000000000000000e+00
6.000000000000000000e+00
5.000000000000000000e+01
3.100000000000000000e+02
5.900000000000000000e+01
5.000000000000000000e+00
2.000000000000000000e+00
1.300000000000000000e+01
1.500000000000000000e+01
6.000000000000000000e+00
2.000000000000000000e+00
2.120000000000000000e+02
1.100000000000000000e+01
2.000000000000000000e+00
0.000000000000000000e+00
5.000000000000000000e+00
8.000000000000000000e+00
9.000000000000000000e+00
4.770000000000000000e+02
8.000000000000000000e+00
0.000000000000000000e+00
2.200000000000000000e+01
0.000000000000000000e+00
8.000000000000000000e+00
0.000000000000000000e+00
2.000000000000000000e+00
0.000000000000000000e+00
2.200000000000000000e+01
0.000000000000000000e+00
1.100000000000000000e+01
0.000000000000000000e+00
5.500000000000000000e+01
0.000000000000000000e+00
1.000000000000000000e+00
0.000000000000000000e+00
0.000000000000000000e+00
4.600000000000000000e+01
3.000000000000000000e+00
3.000000000000000000e+00
4.000000000000000000e+00
1.300000000000000000e+01
0.000000000000000000e+00
1.700000000000000000e+01
6.500000000000000000e+01
0.000000000000000000e+00
1.940000000000000000e+02
4.000000000000000000e+00
0.000000000000000000e+00
7.000000000000000000e+00
7.000000000000000000e+00
2.100000000000000000e+01
3.000000000000000000e+00
3.200000000000000000e+01
0.000000000000000000e+00
2.000000000000000000e+00
0.000000000000000000e+00
1.750000000000000000e+02
4.000000000000000000e+00
2.000000000000000000e+00
2.500000000000000000e+01
1.790000000000000000e+02
3.000000000000000000e+00
1.500000000000000000e+01
3.000000000000000000e+00
5.000000000000000000e+01
8.200000000000000000e+01
0.000000000000000000e+00
0.000000000000000000e+00
7.000000000000000000e+00
3.700000000000000000e+01
0.000000000000000000e+00
0.000000000000000000e+00
2.000000000000000000e+00
2.400000000000000000e+01
4.000000000000000000e+00
0.000000000000000000e+00
1.386000000000000000e+03
4.240000000000000000e+02
2.000000000000000000e+00
0.000000000000000000e+00
5.000000000000000000e+00
1.000000000000000000e+00
2.000000000000000000e+00
0.000000000000000000e+00
0.000000000000000000e+00
1.327000000000000000e+03
0.000000000000000000e+00
0.000000000000000000e+00
5.000000000000000000e+00
0.000000000000000000e+00
6.700000000000000000e+01
3.100000000000000000e+01
0.000000000000000000e+00
3.000000000000000000e+00
2.200000000000000000e+01
2.100000000000000000e+01
0.000000000000000000e+00
1.000000000000000000e+00
0.000000000000000000e+00
0.000000000000000000e+00
3.100000000000000000e+01
2.000000000000000000e+00
4.050000000000000000e+02
0.000000000000000000e+00
5.000000000000000000e+00
0.000000000000000000e+00
0.000000000000000000e+00
4.000000000000000000e+01
0.000000000000000000e+00
1.400000000000000000e+01
1.100000000000000000e+01
3.300000000000000000e+01
5.660000000000000000e+02
0.000000000000000000e+00
0.000000000000000000e+00
1.000000000000000000e+00
9.000000000000000000e+01
7.000000000000000000e+01
6.300000000000000000e+01
3.000000000000000000e+00
1.000000000000000000e+00
2.700000000000000000e+01
1.200000000000000000e+01
1.300000000000000000e+01
2.000000000000000000e+00
9.300000000000000000e+01
5.660000000000000000e+02
2.500000000000000000e+01
1.000000000000000000e+00
0.000000000000000000e+00
2.000000000000000000e+00
1.500000000000000000e+01
1.500000000000000000e+01
2.500000000000000000e+01
1.000000000000000000e+00
1.520000000000000000e+02
0.000000000000000000e+00
4.300000000000000000e+01
9.000000000000000000e+00
8.000000000000000000e+01
0.000000000000000000e+00
6.000000000000000000e+00
0.000000000000000000e+00
2.000000000000000000e+00
0.000000000000000000e+00
3.200000000000000000e+02
2.800000000000000000e+01
1.000000000000000000e+01
4.000000000000000000e+00
5.000000000000000000e+00
0.000000000000000000e+00
1.000000000000000000e+01
1.000000000000000000e+00
1.000000000000000000e+00
0.000000000000000000e+00
7.000000000000000000e+00
2.000000000000000000e+00
2.422000000000000000e+03
2.000000000000000000e+00
2.200000000000000000e+01
1.916000000000000000e+03
1.100000000000000000e+01
1.710000000000000000e+02
2.000000000000000000e+01
3.000000000000000000e+00
2.000000000000000000e+00
0.000000000000000000e+00
7.400000000000000000e+01
0.000000000000000000e+00
0.000000000000000000e+00
1.100000000000000000e+01
3.000000000000000000e+00
0.000000000000000000e+00
3.000000000000000000e+00
0.000000000000000000e+00
2.100000000000000000e+01
1.182000000000000000e+03
0.000000000000000000e+00
2.000000000000000000e+00
0.000000000000000000e+00
9.200000000000000000e+02
6.000000000000000000e+00
9.000000000000000000e+00
4.000000000000000000e+00
1.050000000000000000e+02
4.000000000000000000e+00
0.000000000000000000e+00
2.850000000000000000e+02
4.000000000000000000e+00
7.000000000000000000e+01
0.000000000000000000e+00
1.000000000000000000e+00
8.000000000000000000e+00
1.750000000000000000e+02
6.000000000000000000e+01
0.000000000000000000e+00
3.320000000000000000e+02
1.600000000000000000e+01
0.000000000000000000e+00
3.900000000000000000e+01
0.000000000000000000e+00
0.000000000000000000e+00
5.000000000000000000e+00
0.000000000000000000e+00
0.000000000000000000e+00
9.300000000000000000e+01
1.000000000000000000e+00
0.000000000000000000e+00
6.000000000000000000e+00
0.000000000000000000e+00
2.000000000000000000e+00
8.000000000000000000e+00
2.000000000000000000e+00
3.000000000000000000e+00
0.000000000000000000e+00
5.000000000000000000e+00
0.000000000000000000e+00
8.100000000000000000e+01
0.000000000000000000e+00
7.600000000000000000e+01
2.200000000000000000e+01
1.734000000000000000e+03
1.600000000000000000e+01
3.400000000000000000e+01
8.000000000000000000e+00
8.000000000000000000e+00
8.000000000000000000e+00
2.720000000000000000e+02
2.000000000000000000e+00
4.400000000000000000e+01
0.000000000000000000e+00
6.000000000000000000e+00
1.900000000000000000e+02
5.000000000000000000e+00
1.000000000000000000e+00
0.000000000000000000e+00
3.530000000000000000e+02
0.000000000000000000e+00
1.040000000000000000e+02
5.000000000000000000e+00
0.000000000000000000e+00
6.000000000000000000e+00
2.000000000000000000e+00
3.000000000000000000e+00
1.300000000000000000e+01
3.000000000000000000e+01
6.000000000000000000e+00
1.100000000000000000e+01
0.000000000000000000e+00
1.900000000000000000e+01
3.140000000000000000e+02
0.000000000000000000e+00
3.200000000000000000e+01
8.000000000000000000e+00
8.000000000000000000e+00
1.102000000000000000e+03
9.000000000000000000e+00
2.000000000000000000e+00
0.000000000000000000e+00
6.000000000000000000e+00
5.300000000000000000e+01
4.700000000000000000e+01
1.800000000000000000e+01
9.000000000000000000e+00
3.200000000000000000e+01
2.730000000000000000e+03
8.000000000000000000e+00
0.000000000000000000e+00
3.800000000000000000e+01
2.000000000000000000e+00
0.000000000000000000e+00
0.000000000000000000e+00
0.000000000000000000e+00
