2.900000000000000000e+01
6.000000000000000000e+00
0.000000000000000000e+00
0.000000000000000000e+00
0.000000000000000000e+00
1.000000000000000000e+00
0.000000000000000000e+00
5.500000000000000000e+01
3.000000000000000000e+00
3.000000000000000000e+00
0.000000000000000000e+00
0.000000000000000000e+00
4.000000000000000000e+00
0.000000000000000000e+00
6.000000000000000000e+00
0.000000000000000000e+00
2.000000000000000000e+00
0.000000000000000000e+00
0.000000000000000000e+00
0.000000000000000000e+00
0.000000000000000000e+00
9.000000000000000000e+00
6.000000000000000000e+00
0.000000000000000000e+00
0.000000000000000000e+00
3.000000000000000000e+00
0.000000000000000000e+00
1.600000000000000000e+01
0.000000000000000000e+00
0.000000000000000000e+00
1.700000000000000000e+01
0.000000000000000000e+00
0.000000000000000000e+00
0.000000000000000000e+00
0.000000000000000000e+00
0.000000000000000000e+00
0.000000000000000000e+00
4.000000000000000000e+00
0.000000000000000000e+00
2.000000000000000000e+00
6.000000000000000000e+00
1.400000000000000000e+01
3.000000000000000000e+00
0.000000000000000000e+00
0.000000000000000000e+00
2.000000000000000000e+00
0.000000000000000000e+00
1.200000000000000000e+01
6.000000000000000000e+00
0.000000000000000000e+00
0.000000000000000000e+00
0.000000000000000000e+00
0.000000000000000000e+00
1.000000000000000000e+00
1.600000000000000000e+01
1.000000000000000000e+00
0.000000000000000000e+00
0.000000000000000000e+00
0.000000000000000000e+00
0.000000000000000000e+00
4.000000000000000000e+00
1.000000000000000000e+00
3.300000000000000000e+01
2.000000000000000000e+00
1.000000000000000000e+00
2.000000000000000000e+00
0.000000000000000000e+00
5.000000000000000000e+00
9.000000000000000000e+00
1.000000000000000000e+01
0.000000000000000000e+00
0.000000000000000000e+00
3.000000000000000000e+00
2.000000000000000000e+00
1.000000000000000000e+00
5.000000000000000000e+00
0.000000000000000000e+00
7.000000000000000000e+00
1.000000000000000000e+00
0.000000000000000000e+00
1.000000000000000000e+00
1.200000000000000000e+01
0.000000000000000000e+00
7.800000000000000000e+01
0.000000000000000000e+00
0.000000000000000000e+00
0.000000000000000000e+00
5.000000000000000000e+00
2.000000000000000000e+00
4.000000000000000000e+00
3.000000000000000000e+00
0.000000000000000000e+00
3.000000000000000000e+00
1.490000000000000000e+02
2.000000000000000000e+00
0.000000000000000000e+00
0.000000000000000000e+00
5.000000000000000000e+00
0.000000000000000000e+00
9.500000000000000000e+01
0.000000000000000000e+00
0.000000000000000000e+00
1.000000000000000000e+00
0.000000000000000000e+00
0.000000000000000000e+00
0.000000000000000000e+00
0.000000000000000000e+00
0.000000000000000000e+00
0.000000000000000000e+00
0.000000000000000000e+00
6.000000000000000000e+00
1.000000000000000000e+00
0.000000000000000000e+00
0.000000000000000000e+00
0.000000000000000000e+00
2.000000000000000000e+00
2.000000000000000000e+00
2.000000000000000000e+00
3.000000000000000000e+00
3.000000000000000000e+00
0.000000000000000000e+00
0.000000000000000000e+00
0.000000000000000000e+00
0.000000000000000000e+00
1.000000000000000000e+01
4.000000000000000000e+00
1.800000000000000000e+01
0.000000000000000000e+00
2.000000000000000000e+00
8.000000000000000000e+00
1.000000000000000000e+01
0.000000000000000000e+00
0.000000000000000000e+00
0.000000000000000000e+00
3.000000000000000000e+00
8.000000000000000000e+00
0.000000000000000000e+00
0.000000000000000000e+00
3.000000000000000000e+00
0.000000000000000000e+00
0.000000000000000000e+00
7.000000000000000000e+00
2.200000000000000000e+01
1.000000000000000000e+00
0.000000000000000000e+00
0.000000000000000000e+00
0.000000000000000000e+00
3.000000000000000000e+00
0.000000000000000000e+00
2.000000000000000000e+00
1.300000000000000000e+01
1.000000000000000000e+00
0.000000000000000000e+00
0.000000000000000000e+00
3.000000000000000000e+00
1.000000000000000000e+00
6.000000000000000000e+00
1.100000000000000000e+01
0.000000000000000000e+00
2.000000000000000000e+00
2.000000000000000000e+00
0.000000000000000000e+00
4.100000000000000000e+01
5.300000000000000000e+01
2.000000000000000000e+00
3.000000000000000000e+00
0.000000000000000000e+00
0.000000000000000000e+00
1.300000000000000000e+01
0.000000000000000000e+00
3.000000000000000000e+00
0.000000000000000000e+00
2.400000000000000000e+01
3.000000000000000000e+00
1.000000000000000000e+00
0.000000000000000000e+00
0.000000000000000000e+00
3.400000000000000000e+01
0.000000000000000000e+00
0.000000000000000000e+00
0.000000000000000000e+00
6.000000000000000000e+00
3.000000000000000000e+00
0.000000000000000000e+00
6.000000000000000000e+00
1.200000000000000000e+01
0.000000000000000000e+00
2.000000000000000000e+00
0.000000000000000000e+00
6.000000000000000000e+00
0.000000000000000000e+00
1.600000000000000000e+01
0.000000000000000000e+00
0.000000000000000000e+00
3.000000000000000000e+00
0.000000000000000000e+00
2.800000000000000000e+01
0.000000000000000000e+00
8.000000000000000000e+00
1.000000000000000000e+00
0.000000000000000000e+00
0.000000000000000000e+00
0.000000000000000000e+00
4.000000000000000000e+00
2.000000000000000000e+00
1.600000000000000000e+01
0.000000000000000000e+00
4.000000000000000000e+00
4.000000000000000000e+00
1.600000000000000000e+01
0.000000000000000000e+00
4.000000000000000000e+00
8.300000000000000000e+01
4.000000000000000000e+00
0.000000000000000000e+00
1.000000000000000000e+00
4.000000000000000000e+00
0.000000000000000000e+00
1.000000000000000000e+00
0.000000000000000000e+00
2.000000000000000000e+01
6.000000000000000000e+00
0.000000000000000000e+00
0.000000000000000000e+00
2.000000000000000000e+00
0.000000000000000000e+00
4.000000000000000000e+00
0.000000000000000000e+00
0.000000000000000000e+00
2.000000000000000000e+00
7.000000000000000000e+00
4.000000000000000000e+00
7.000000000000000000e+00
4.000000000000000000e+00
1.900000000000000000e+01
0.000000000000000000e+00
2.000000000000000000e+00
0.000000000000000000e+00
0.000000000000000000e+00
1.000000000000000000e+01
2.000000000000000000e+00
2.000000000000000000e+00
1.000000000000000000e+00
0.000000000000000000e+00
1.000000000000000000e+01
1.200000000000000000e+02
0.000000000000000000e+00
0.000000000000000000e+00
1.900000000000000000e+01
0.000000000000000000e+00
1.500000000000000000e+01
2.000000000000000000e+00
0.000000000000000000e+00
1.000000000000000000e+00
0.000000000000000000e+00
1.300000000000000000e+01
0.000000000000000000e+00
3.000000000000000000e+00
4.100000000000000000e+01
0.000000000000000000e+00
1.500000000000000000e+01
0.000000000000000000e+00
6.000000000000000000e+00
0.000000000000000000e+00
0.000000000000000000e+00
3.200000000000000000e+01
7.000000000000000000e+00
3.000000000000000000e+00
0.000000000000000000e+00
0.000000000000000000e+00
5.000000000000000000e+01
4.000000000000000000e+00
0.000000000000000000e+00
0.000000000000000000e+00
0.000000000000000000e+00
3.000000000000000000e+00
3.000000000000000000e+00
1.600000000000000000e+01
0.000000000000000000e+00
0.000000000000000000e+00
0.000000000000000000e+00
2.440000000000000000e+02
1.100000000000000000e+01
1.000000000000000000e+01
0.000000000000000000e+00
0.000000000000000000e+00
1.000000000000000000e+00
0.000000000000000000e+00
0.000000000000000000e+00
1.400000000000000000e+01
0.000000000000000000e+00
0.000000000000000000e+00
4.900000000000000000e+01
2.500000000000000000e+01
2.000000000000000000e+00
2.000000000000000000e+00
1.500000000000000000e+01
0.000000000000000000e+00
1.000000000000000000e+00
0.000000000000000000e+00
7.000000000000000000e+00
0.000000000000000000e+00
0.000000000000000000e+00
0.000000000000000000e+00
2.700000000000000000e+01
6.000000000000000000e+00
6.000000000000000000e+00
2.000000000000000000e+00
6.000000000000000000e+00
4.000000000000000000e+00
0.000000000000000000e+00
8.000000000000000000e+00
6.400000000000000000e+01
0.000000000000000000e+00
0.000000000000000000e+00
3.000000000000000000e+01
3.800000000000000000e+01
0.000000000000000000e+00
0.000000000000000000e+00
0.000000000000000000e+00
0.000000000000000000e+00
2.500000000000000000e+01
5.000000000000000000e+00
0.000000000000000000e+00
0.000000000000000000e+00
0.000000000000000000e+00
2.000000000000000000e+00
5.000000000000000000e+00
0.000000000000000000e+00
1.100000000000000000e+01
0.000000000000000000e+00
1.000000000000000000e+00
1.300000000000000000e+01
1.000000000000000000e+00
4.000000000000000000e+00
0.000000000000000000e+00
4.000000000000000000e+00
8.000000000000000000e+00
3.880000000000000000e+02
0.000000000000000000e+00
0.000000000000000000e+00
2.000000000000000000e+01
0.000000000000000000e+00
5.290000000000000000e+02
2.000000000000000000e+00
0.000000000000000000e+00
0.000000000000000000e+00
0.000000000000000000e+00
0.000000000000000000e+00
1.690000000000000000e+02
0.000000000000000000e+00
3.000000000000000000e+00
1.000000000000000000e+00
0.000000000000000000e+00
1.000000000000000000e+00
0.000000000000000000e+00
0.000000000000000000e+00
1.000000000000000000e+00
0.000000000000000000e+00
0.000000000000000000e+00
1.000000000000000000e+00
0.000000000000000000e+00
1.000000000000000000e+00
1.800000000000000000e+01
0.000000000000000000e+00
4.000000000000000000e+00
5.000000000000000000e+00
1.000000000000000000e+00
0.000000000000000000e+00
6.000000000000000000e+00
2.700000000000000000e+01
2.000000000000000000e+00
1.000000000000000000e+00
0.000000000000000000e+00
1.000000000000000000e+00
2.000000000000000000e+00
0.000000000000000000e+00
3.000000000000000000e+00
2.500000000000000000e+01
0.000000000000000000e+00
1.580000000000000000e+02
2.000000000000000000e+00
8.000000000000000000e+00
0.000000000000000000e+00
0.000000000000000000e+00
7.000000000000000000e+00
0.000000000000000000e+00
0.000000000000000000e+00
2.500000000000000000e+01
0.000000000000000000e+00
1.500000000000000000e+01
0.000000000000000000e+00
0.000000000000000000e+00
0.000000000000000000e+00
0.000000000000000000e+00
5.000000000000000000e+01
6.200000000000000000e+01
6.000000000000000000e+00
0.000000000000000000e+00
1.100000000000000000e+01
6.200000000000000000e+01
0.000000000000000000e+00
0.000000000000000000e+00
1.800000000000000000e+01
1.000000000000000000e+00
2.000000000000000000e+00
1.000000000000000000e+00
2.000000000000000000e+00
1.300000000000000000e+01
0.000000000000000000e+00
0.000000000000000000e+00
1.200000000000000000e+01
2.000000000000000000e+00
0.000000000000000000e+00
3.400000000000000000e+01
2.000000000000000000e+00
2.100000000000000000e+01
3.200000000000000000e+01
3.000000000000000000e+00
1.000000000000000000e+01
0.000000000000000000e+00
4.600000000000000000e+01
1.000000000000000000e+01
1.400000000000000000e+01
0.000000000000000000e+00
0.000000000000000000e+00
1.000000000000000000e+00
8.000000000000000000e+00
5.000000000000000000e+00
0.000000000000000000e+00
0.000000000000000000e+00
1.000000000000000000e+00
1.048000000000000000e+03
3.200000000000000000e+01
0.000000000000000000e+00
5.400000000000000000e+01
6.000000000000000000e+00
1.300000000000000000e+01
0.000000000000000000e+00
0.000000000000000000e+00
2.000000000000000000e+00
1.000000000000000000e+01
0.000000000000000000e+00
0.000000000000000000e+00
0.000000000000000000e+00
1.000000000000000000e+00
1.210000000000000000e+02
2.500000000000000000e+01
3.000000000000000000e+00
5.000000000000000000e+00
4.000000000000000000e+00
0.000000000000000000e+00
2.000000000000000000e+00
3.610000000000000000e+02
8.000000000000000000e+00
5.500000000000000000e+01
1.000000000000000000e+00
4.000000000000000000e+00
0.000000000000000000e+00
0.000000000000000000e+00
4.000000000000000000e+00
3.000000000000000000e+00
0.000000000000000000e+00
0.000000000000000000e+00
5.000000000000000000e+00
0.000000000000000000e+00
2.000000000000000000e+00
0.000000000000000000e+00
2.000000000000000000e+00
0.000000000000000000e+00
3.000000000000000000e+00
0.000000000000000000e+00
0.000000000000000000e+00
5.800000000000000000e+01
2.500000000000000000e+01
0.000000000000000000e+00
4.250000000000000000e+02
1.000000000000000000e+00
1.700000000000000000e+01
3.000000000000000000e+00
6.000000000000000000e+00
0.000000000000000000e+00
1.700000000000000000e+01
2.000000000000000000e+00
1.000000000000000000e+00
0.000000000000000000e+00
0.000000000000000000e+00
0.000000000000000000e+00
0.000000000000000000e+00
1.257000000000000000e+03
0.000000000000000000e+00
1.036000000000000000e+03
1.000000000000000000e+00
0.000000000000000000e+00
8.000000000000000000e+00
4.000000000000000000e+00
2.600000000000000000e+01
4.100000000000000000e+02
0.000000000000000000e+00
0.000000000000000000e+00
2.300000000000000000e+01
0.000000000000000000e+00
3.100000000000000000e+01
3.850000000000000000e+02
1.200000000000000000e+01
9.000000000000000000e+00
3.800000000000000000e+01
0.000000000000000000e+00
2.900000000000000000e+01
1.600000000000000000e+01
5.240000000000000000e+02
3.700000000000000000e+01
3.000000000000000000e+01
2.000000000000000000e+00
1.900000000000000000e+01
0.000000000000000000e+00
8.200000000000000000e+01
0.000000000000000000e+00
4.000000000000000000e+00
6.000000000000000000e+00
7.000000000000000000e+00
2.000000000000000000e+00
6.000000000000000000e+00
0.000000000000000000e+00
1.133000000000000000e+03
0.000000000000000000e+00
6.000000000000000000e+00
3.400000000000000000e+01
0.000000000000000000e+00
2.600000000000000000e+01
2.490000000000000000e+02
1.200000000000000000e+01
0.000000000000000000e+00
1.160000000000000000e+02
0.000000000000000000e+00
3.000000000000000000e+00
0.000000000000000000e+00
2.400000000000000000e+01
1.000000000000000000e+00
3.700000000000000000e+01
1.000000000000000000e+01
0.000000000000000000e+00
5.000000000000000000e+00
0.000000000000000000e+00
1.000000000000000000e+01
0.000000000000000000e+00
2.777000000000000000e+03
0.000000000000000000e+00
0.000000000000000000e+00
0.000000000000000000e+00
1.055000000000000000e+03
0.000000000000000000e+00
1.200000000000000000e+01
1.100000000000000000e+01
8.600000000000000000e+01
6.000000000000000000e+00
0.000000000000000000e+00
8.000000000000000000e+01
1.330000000000000000e+02
0.000000000000000000e+00
3.700000000000000000e+01
5.380000000000000000e+02
0.000000000000000000e+00
1.200000000000000000e+01
3.000000000000000000e+00
2.500000000000000000e+01
0.000000000000000000e+00
0.000000000000000000e+00
4.000000000000000000e+00
2.000000000000000000e+00
1.300000000000000000e+01
6.000000000000000000e+00
6.000000000000000000e+00
0.000000000000000000e+00
5.000000000000000000e+00
0.000000000000000000e+00
3.720000000000000000e+02
0.000000000000000000e+00
3.000000000000000000e+00
0.000000000000000000e+00
0.000000000000000000e+00
6.100000000000000000e+01
4.100000000000000000e+01
2.000000000000000000e+00
0.000000000000000000e+00
4.000000000000000000e+00
0.000000000000000000e+00
3.920000000000000000e+02
0.000000000000000000e+00
0.000000000000000000e+00
9.000000000000000000e+00
1.940000000000000000e+02
1.000000000000000000e+00
5.000000000000000000e+00
3.000000000000000000e+00
0.000000000000000000e+00
5.000000000000000000e+00
1.900000000000000000e+01
2.040000000000000000e+02
9.550000000000000000e+02
0.000000000000000000e+00
8.100000000000000000e+01
0.000000000000000000e+00
2.000000000000000000e+00
0.000000000000000000e+00
2.170000000000000000e+02
1.583000000000000000e+03
0.000000000000000000e+00
0.000000000000000000e+00
9.000000000000000000e+00
1.000000000000000000e+00
1.750000000000000000e+02
1.000000000000000000e+01
2.700000000000000000e+01
0.000000000000000000e+00
1.307000000000000000e+03
1.000000000000000000e+00
1.430000000000000000e+02
1.511000000000000000e+03
0.000000000000000000e+00
0.000000000000000000e+00
6.000000000000000000e+00
0.000000000000000000e+00
1.900000000000000000e+01
0.000000000000000000e+00
3.000000000000000000e+00
1.000000000000000000e+00
1.320000000000000000e+02
3.470000000000000000e+02
2.000000000000000000e+00
0.000000000000000000e+00
2.000000000000000000e+01
6.100000000000000000e+01
3.000000000000000000e+00
0.000000000000000000e+00
5.450000000000000000e+02
8.240000000000000000e+02
2.000000000000000000e+00
2.320000000000000000e+02
1.000000000000000000e+00
5.000000000000000000e+00
4.730000000000000000e+02
6.000000000000000000e+00
1.000000000000000000e+00
2.000000000000000000e+00
2.358000000000000000e+03
4.400000000000000000e+01
0.000000000000000000e+00
0.000000000000000000e+00
0.000000000000000000e+00
0.000000000000000000e+00
6.000000000000000000e+00
9.000000000000000000e+00
8.730000000000000000e+02
0.000000000000000000e+00
0.000000000000000000e+00
6.000000000000000000e+00
4.600000000000000000e+01
1.900000000000000000e+01
0.000000000000000000e+00
5.000000000000000000e+00
5.880000000000000000e+02
2.000000000000000000e+01
1.760000000000000000e+02
0.000000000000000000e+00
5.000000000000000000e+00
2.000000000000000000e+00
0.000000000000000000e+00
0.000000000000000000e+00
6.700000000000000000e+01
0.000000000000000000e+00
1.500000000000000000e+01
1.200000000000000000e+01
7.000000000000000000e+00
2.000000000000000000e+01
1.600000000000000000e+01
2.000000000000000000e+00
0.000000000000000000e+00
2.000000000000000000e+00
0.000000000000000000e+00
1.200000000000000000e+01
7.000000000000000000e+00
6.000000000000000000e+00
1.000000000000000000e+01
1.100000000000000000e+01
7.900000000000000000e+01
3.100000000000000000e+01
4.000000000000000000e+00
2.550000000000000000e+02
0.000000000000000000e+00
0.000000000000000000e+00
9.300000000000000000e+01
3.000000000000000000e+00
7.000000000000000000e+01
7.200000000000000000e+01
0.000000000000000000e+00
5.150000000000000000e+02
0.000000000000000000e+00
0.000000000000000000e+00
9.800000000000000000e+01
0.000000000000000000e+00
5.260000000000000000e+03
0.000000000000000000e+00
0.000000000000000000e+00
3.600000000000000000e+01
0.000000000000000000e+00
1.000000000000000000e+01
9.000000000000000000e+00
5.000000000000000000e+00
2.000000000000000000e+00
1.600000000000000000e+01
0.000000000000000000e+00
1.254000000000000000e+03
1.900000000000000000e+01
1.000000000000000000e+00
0.000000000000000000e+00
1.000000000000000000e+00
0.000000000000000000e+00
0.000000000000000000e+00
1.690000000000000000e+02
7.440000000000000000e+02
0.000000000000000000e+00
0.000000000000000000e+00
3.620000000000000000e+02
0.000000000000000000e+00
1.500000000000000000e+02
0.000000000000000000e+00
0.000000000000000000e+00
2.432000000000000000e+03
2.400000000000000000e+01
0.000000000000000000e+00
6.400000000000000000e+01
3.800000000000000000e+01
6.300000000000000000e+01
0.000000000000000000e+00
0.000000000000000000e+00
1.720000000000000000e+02
2.100000000000000000e+01
0.000000000000000000e+00
4.400000000000000000e+01
0.000000000000000000e+00
1.000000000000000000e+00
2.600000000000000000e+01
6.010000000000000000e+02
7.400000000000000000e+01
2.300000000000000000e+01
0.000000000000000000e+00
3.900000000000000000e+01
0.000000000000000000e+00
5.000000000000000000e+00
1.984000000000000000e+03
4.000000000000000000e+00
1.000000000000000000e+00
9.000000000000000000e+00
2.000000000000000000e+00
0.000000000000000000e+00
9.000000000000000000e+00
5.850000000000000000e+03
1.100000000000000000e+01
0.000000000000000000e+00
3.000000000000000000e+00
1.000000000000000000e+00
5.000000000000000000e+00
0.000000000000000000e+00
0.000000000000000000e+00
4.000000000000000000e+00
5.000000000000000000e+00
7.400000000000000000e+01
1.000000000000000000e+00
1.800000000000000000e+01
4.110000000000000000e+02
0.000000000000000000e+00
1.000000000000000000e+01
1.000000000000000000e+00
0.000000000000000000e+00
3.000000000000000000e+01
9.000000000000000000e+00
2.500000000000000000e+01
4.000000000000000000e+01
0.000000000000000000e+00
1.000000000000000000e+01
5.820000000000000000e+02
0.000000000000000000e+00
4.789000000000000000e+03
1.166000000000000000e+03
2.000000000000000000e+00
0.000000000000000000e+00
0.000000000000000000e+00
1.860000000000000000e+02
5.000000000000000000e+00
0.000000000000000000e+00
1.000000000000000000e+00
0.000000000000000000e+00
2.000000000000000000e+00
5.000000000000000000e+00
1.000000000000000000e+00
1.000000000000000000e+00
7.000000000000000000e+00
3.080000000000000000e+02
0.000000000000000000e+00
5.400000000000000000e+01
0.000000000000000000e+00
0.000000000000000000e+00
0.000000000000000000e+00
5.000000000000000000e+00
1.000000000000000000e+00
2.000000000000000000e+00
0.000000000000000000e+00
1.480000000000000000e+02
5.700000000000000000e+01
1.100000000000000000e+01
0.000000000000000000e+00
5.600000000000000000e+01
6.100000000000000000e+01
6.000000000000000000e+00
1.000000000000000000e+00
0.000000000000000000e+00
1.200000000000000000e+01
0.000000000000000000e+00
0.000000000000000000e+00
0.000000000000000000e+00
4.920000000000000000e+02
2.000000000000000000e+00
3.530000000000000000e+02
0.000000000000000000e+00
0.000000000000000000e+00
2.500000000000000000e+01
2.760000000000000000e+02
6.000000000000000000e+00
6.200000000000000000e+01
5.435000000000000000e+03
1.794000000000000000e+03
0.000000000000000000e+00
0.000000000000000000e+00
1.000000000000000000e+00
1.040000000000000000e+02
0.000000000000000000e+00
0.000000000000000000e+00
0.000000000000000000e+00
1.100000000000000000e+01
0.000000000000000000e+00
6.000000000000000000e+00
2.000000000000000000e+00
5.462000000000000000e+03
5.000000000000000000e+00
5.000000000000000000e+00
0.000000000000000000e+00
1.000000000000000000e+00
2.000000000000000000e+00
2.267000000000000000e+03
0.000000000000000000e+00
2.800000000000000000e+01
9.000000000000000000e+00
0.000000000000000000e+00
8.000000000000000000e+00
4.000000000000000000e+00
2.000000000000000000e+00
7.000000000000000000e+01
0.000000000000000000e+00
5.930000000000000000e+02
2.850000000000000000e+02
8.000000000000000000e+00
2.000000000000000000e+00
0.000000000000000000e+00
1.560000000000000000e+02
3.440000000000000000e+02
2.200000000000000000e+01
0.000000000000000000e+00
1.470000000000000000e+02
1.400000000000000000e+01
1.200000000000000000e+01
3.000000000000000000e+01
9.000000000000000000e+00
0.000000000000000000e+00
5.060000000000000000e+02
9.000000000000000000e+00
0.000000000000000000e+00
1.360000000000000000e+02
1.460000000000000000e+02
3.000000000000000000e+00
6.200000000000000000e+02
2.000000000000000000e+00
7.000000000000000000e+00
5.000000000000000000e+00
4.990000000000000000e+02
0.000000000000000000e+00
1.600000000000000000e+01
5.000000000000000000e+00
1.800000000000000000e+01
7.600000000000000000e+01
6.000000000000000000e+00
4.200000000000000000e+01
6.000000000000000000e+00
1.000000000000000000e+00
0.000000000000000000e+00
3.000000000000000000e+00
9.000000000000000000e+00
2.250000000000000000e+02
0.000000000000000000e+00
0.000000000000000000e+00
0.000000000000000000e+00
1.200000000000000000e+01
1.560000000000000000e+02
0.000000000000000000e+00
1.500000000000000000e+01
0.000000000000000000e+00
1.682000000000000000e+03
2.700000000000000000e+01
2.000000000000000000e+00
2.000000000000000000e+00
5.400000000000000000e+01
5.000000000000000000e+00
2.000000000000000000e+00
5.000000000000000000e+00
0.000000000000000000e+00
7.000000000000000000e+00
7.400000000000000000e+01
0.000000000000000000e+00
3.200000000000000000e+01
6.500000000000000000e+01
0.000000000000000000e+00
0.000000000000000000e+00
4.000000000000000000e+00
0.000000000000000000e+00
2.000000000000000000e+00
1.500000000000000000e+01
1.100000000000000000e+01
0.000000000000000000e+00
1.000000000000000000e+01
1.580000000000000000e+02
4.980000000000000000e+02
2.000000000000000000e+00
2.100000000000000000e+01
8.130000000000000000e+02
6.000000000000000000e+00
4.000000000000000000e+00
0.000000000000000000e+00
0.000000000000000000e+00
0.000000000000000000e+00
8.000000000000000000e+00
3.000000000000000000e+01
0.000000000000000000e+00
2.000000000000000000e+00
0.000000000000000000e+00
2.000000000000000000e+00
1.120000000000000000e+02
1.620000000000000000e+02
1.000000000000000000e+02
1.080000000000000000e+02
9.000000000000000000e+00
7.000000000000000000e+00
0.000000000000000000e+00
0.000000000000000000e+00
6.000000000000000000e+00
8.273000000000000000e+03
1.400000000000000000e+01
1.000000000000000000e+00
3.000000000000000000e+00
2.000000000000000000e+00
0.000000000000000000e+00
2.000000000000000000e+00
1.000000000000000000e+00
9.000000000000000000e+00
2.000000000000000000e+00
0.000000000000000000e+00
0.000000000000000000e+00
9.900000000000000000e+01
7.500000000000000000e+01
0.000000000000000000e+00
4.400000000000000000e+01
2.710000000000000000e+02
0.000000000000000000e+00
7.200000000000000000e+01
0.000000000000000000e+00
1.000000000000000000e+00
0.000000000000000000e+00
1.480000000000000000e+02
3.000000000000000000e+00
4.000000000000000000e+00
2.300000000000000000e+01
1.800000000000000000e+01
0.000000000000000000e+00
8.000000000000000000e+00
5.000000000000000000e+00
1.000000000000000000e+00
3.060000000000000000e+03
1.100000000000000000e+01
2.000000000000000000e+01
6.700000000000000000e+01
0.000000000000000000e+00
1.500000000000000000e+01
2.000000000000000000e+00
3.000000000000000000e+00
0.000000000000000000e+00
0.000000000000000000e+00
0.000000000000000000e+00
1.800000000000000000e+01
1.300000000000000000e+01
0.000000000000000000e+00
6.000000000000000000e+00
2.000000000000000000e+00
9.000000000000000000e+00
0.000000000000000000e+00
0.000000000000000000e+00
0.000000000000000000e+00
5.100000000000000000e+01
4.260000000000000000e+02
1.760000000000000000e+02
3.000000000000000000e+00
2.300000000000000000e+01
0.000000000000000000e+00
0.000000000000000000e+00
8.000000000000000000e+00
2.400000000000000000e+01
4.000000000000000000e+00
5.000000000000000000e+00
0.000000000000000000e+00
0.000000000000000000e+00
6.000000000000000000e+00
4.000000000000000000e+00
0.000000000000000000e+00
0.000000000000000000e+00
0.000000000000000000e+00
1.600000000000000000e+01
1.200000000000000000e+01
4.490000000000000000e+02
0.000000000000000000e+00
1.313000000000000000e+03
2.200000000000000000e+01
4.300000000000000000e+01
3.230000000000000000e+02
7.000000000000000000e+00
5.100000000000000000e+01
1.000000000000000000e+00
0.000000000000000000e+00
1.650000000000000000e+02
8.000000000000000000e+00
1.000000000000000000e+00
4.000000000000000000e+00
0.000000000000000000e+00
0.000000000000000000e+00
2.000000000000000000e+00
2.660000000000000000e+02
5.000000000000000000e+00
1.000000000000000000e+00
4.200000000000000000e+01
2.900000000000000000e+01
9.200000000000000000e+01
6.000000000000000000e+00
0.000000000000000000e+00
0.000000000000000000e+00
4.000000000000000000e+00
0.000000000000000000e+00
0.000000000000000000e+00
0.000000000000000000e+00
0.000000000000000000e+00
0.000000000000000000e+00
8.100000000000000000e+01
0.000000000000000000e+00
0.000000000000000000e+00
1.500000000000000000e+01
2.000000000000000000e+00
3.500000000000000000e+01
2.037000000000000000e+03
1.440000000000000000e+02
3.100000000000000000e+01
0.000000000000000000e+00
1.830000000000000000e+02
1.400000000000000000e+01
2.000000000000000000e+00
3.772000000000000000e+03
8.600000000000000000e+01
0.000000000000000000e+00
8.000000000000000000e+00
0.000000000000000000e+00
0.000000000000000000e+00
1.600000000000000000e+01
9.000000000000000000e+00
4.950000000000000000e+02
1.200000000000000000e+01
0.000000000000000000e+00
7.500000000000000000e+01
1.100000000000000000e+01
0.000000000000000000e+00
0.000000000000000000e+00
3.000000000000000000e+01
5.823000000000000000e+03
0.000000000000000000e+00
5.000000000000000000e+00
0.000000000000000000e+00
3.840000000000000000e+02
1.000000000000000000e+00
0.000000000000000000e+00
0.000000000000000000e+00
4.600000000000000000e+01
3.400000000000000000e+01
4.000000000000000000e+00
5.300000000000000000e+02
0.000000000000000000e+00
1.500000000000000000e+01
1.000000000000000000e+00
0.000000000000000000e+00
5.000000000000000000e+00
0.000000000000000000e+00
0.000000000000000000e+00
3.300000000000000000e+01
2.860000000000000000e+02
0.000000000000000000e+00
6.000000000000000000e+00
3.800000000000000000e+01
1.300000000000000000e+01
1.800000000000000000e+01
8.000000000000000000e+00
1.600000000000000000e+01
0.000000000000000000e+00
2.010000000000000000e+02
1.060000000000000000e+02
0.000000000000000000e+00
0.000000000000000000e+00
9.130000000000000000e+02
8.500000000000000000e+01
2.870000000000000000e+02
1.400000000000000000e+01
0.000000000000000000e+00
1.260000000000000000e+02
0.000000000000000000e+00
2.600000000000000000e+01
2.000000000000000000e+00
3.000000000000000000e+01
0.000000000000000000e+00
0.000000000000000000e+00
5.400000000000000000e+01
0.000000000000000000e+00
0.000000000000000000e+00
8.000000000000000000e+00
0.000000000000000000e+00
3.950000000000000000e+02
0.000000000000000000e+00
2.000000000000000000e+00
2.000000000000000000e+00
2.100000000000000000e+01
2.000000000000000000e+00
1.500000000000000000e+01
2.100000000000000000e+01
9.000000000000000000e+00
2.350000000000000000e+02
0.000000000000000000e+00
0.000000000000000000e+00
8.300000000000000000e+01
0.000000000000000000e+00
0.000000000000000000e+00
1.080000000000000000e+02
6.310000000000000000e+02
0.000000000000000000e+00
2.900000000000000000e+01
0.000000000000000000e+00
5.000000000000000000e+00
2.000000000000000000e+01
0.000000000000000000e+00
0.000000000000000000e+00
0.000000000000000000e+00
0.000000000000000000e+00
1.000000000000000000e+00
0.000000000000000000e+00
2.100000000000000000e+01
6.000000000000000000e+00
7.000000000000000000e+00
2.000000000000000000e+01
1.340100000000000000e+04
8.000000000000000000e+00
0.000000000000000000e+00
1.000000000000000000e+00
0.000000000000000000e+00
0.000000000000000000e+00
7.100000000000000000e+01
3.000000000000000000e+00
2.000000000000000000e+00
8.000000000000000000e+00
6.200000000000000000e+01
5.000000000000000000e+00
3.000000000000000000e+00
2.740000000000000000e+02
6.000000000000000000e+01
0.000000000000000000e+00
2.000000000000000000e+00
4.000000000000000000e+00
1.000000000000000000e+01
0.000000000000000000e+00
2.000000000000000000e+00
4.410000000000000000e+02
1.102000000000000000e+03
2.000000000000000000e+00
0.000000000000000000e+00
3.460000000000000000e+02
0.000000000000000000e+00
0.000000000000000000e+00
0.000000000000000000e+00
4.000000000000000000e+01
1.000000000000000000e+00
0.000000000000000000e+00
0.000000000000000000e+00
1.500000000000000000e+01
1.410000000000000000e+02
8.400000000000000000e+01
2.150000000000000000e+02
9.800000000000000000e+01
1.070000000000000000e+02
5.500000000000000000e+01
2.000000000000000000e+00
0.000000000000000000e+00
9.400000000000000000e+01
0.000000000000000000e+00
4.000000000000000000e+00
1.400000000000000000e+01
1.300000000000000000e+01
2.000000000000000000e+00
0.000000000000000000e+00
0.000000000000000000e+00
1.200000000000000000e+01
3.500000000000000000e+01
1.900000000000000000e+01
5.700000000000000000e+01
0.000000000000000000e+00
0.000000000000000000e+00
1.700000000000000000e+01
6.000000000000000000e+00
1.000000000000000000e+00
0.000000000000000000e+00
7.400000000000000000e+01
4.060000000000000000e+02
0.000000000000000000e+00
0.000000000000000000e+00
5.000000000000000000e+00
4.000000000000000000e+00
8.900000000000000000e+01
0.000000000000000000e+00
0.000000000000000000e+00
1.000000000000000000e+00
3.000000000000000000e+00
1.000000000000000000e+00
0.000000000000000000e+00
2.510000000000000000e+02
1.000000000000000000e+00
5.650000000000000000e+02
1.100000000000000000e+01
0.000000000000000000e+00
2.000000000000000000e+00
2.900000000000000000e+01
1.400000000000000000e+01
3.240000000000000000e+02
5.000000000000000000e+00
2.390000000000000000e+02
1.000000000000000000e+00
2.200000000000000000e+01
0.000000000000000000e+00
0.000000000000000000e+00
2.000000000000000000e+00
0.000000000000000000e+00
2.000000000000000000e+00
1.500000000000000000e+01
0.000000000000000000e+00
1.110700000000000000e+04
5.000000000000000000e+01
1.000000000000000000e+00
3.200000000000000000e+01
0.000000000000000000e+00
3.700000000000000000e+01
6.000000000000000000e+00
2.200000000000000000e+01
8.600000000000000000e+01
3.200000000000000000e+01
0.000000000000000000e+00
5.300000000000000000e+01
1.300000000000000000e+01
2.500000000000000000e+01
0.000000000000000000e+00
3.000000000000000000e+00
1.750000000000000000e+02
1.200000000000000000e+01
6.000000000000000000e+00
2.000000000000000000e+00
6.000000000000000000e+00
3.200000000000000000e+01
0.000000000000000000e+00
0.000000000000000000e+00
0.000000000000000000e+00
0.000000000000000000e+00
1.000000000000000000e+00
1.000000000000000000e+00
1.270000000000000000e+02
5.000000000000000000e+00
0.000000000000000000e+00
2.000000000000000000e+00
2.000000000000000000e+00
0.000000000000000000e+00
3.000000000000000000e+00
2.130000000000000000e+02
6.000000000000000000e+00
6.000000000000000000e+00
0.000000000000000000e+00
5.940000000000000000e+02
0.000000000000000000e+00
3.000000000000000000e+00
1.490000000000000000e+02
7.700000000000000000e+01
1.000000000000000000e+00
0.000000000000000000e+00
0.000000000000000000e+00
0.000000000000000000e+00
4.300000000000000000e+01
6.000000000000000000e+00
2.000000000000000000e+00
2.746000000000000000e+03
0.000000000000000000e+00
9.700000000000000000e+01
0.000000000000000000e+00
6.100000000000000000e+01
3.000000000000000000e+00
1.500000000000000000e+01
1.000000000000000000e+01
3.000000000000000000e+00
1.366000000000000000e+03
2.000000000000000000e+01
1.000000000000000000e+00
3.000000000000000000e+00
6.000000000000000000e+00
1.400000000000000000e+01
2.640000000000000000e+02
0.000000000000000000e+00
7.600000000000000000e+01
3.900000000000000000e+01
5.950000000000000000e+02
0.000000000000000000e+00
1.000000000000000000e+00
0.000000000000000000e+00
2.120000000000000000e+02
0.000000000000000000e+00
4.000000000000000000e+00
4.100000000000000000e+01
1.100000000000000000e+01
3.286000000000000000e+03
1.320000000000000000e+02
2.000000000000000000e+00
0.000000000000000000e+00
2.000000000000000000e+00
0.000000000000000000e+00
2.600000000000000000e+01
1.900000000000000000e+01
5.000000000000000000e+00
1.990000000000000000e+02
2.015000000000000000e+03
3.000000000000000000e+00
3.400000000000000000e+01
2.000000000000000000e+00
0.000000000000000000e+00
5.320000000000000000e+02
2.896000000000000000e+03
1.100000000000000000e+01
1.000000000000000000e+00
5.000000000000000000e+00
9.000000000000000000e+00
0.000000000000000000e+00
0.000000000000000000e+00
4.350000000000000000e+02
0.000000000000000000e+00
2.900000000000000000e+01
4.600000000000000000e+01
3.000000000000000000e+00
1.200000000000000000e+01
1.400000000000000000e+01
0.000000000000000000e+00
3.000000000000000000e+01
3.730000000000000000e+02
3.000000000000000000e+00
3.000000000000000000e+00
1.600000000000000000e+01
1.100000000000000000e+01
1.300000000000000000e+01
0.000000000000000000e+00
0.000000000000000000e+00
2.600000000000000000e+01
4.000000000000000000e+00
5.000000000000000000e+00
0.000000000000000000e+00
0.000000000000000000e+00
0.000000000000000000e+00
3.400000000000000000e+01
2.200000000000000000e+01
0.000000000000000000e+00
3.000000000000000000e+00
3.200000000000000000e+02
1.200000000000000000e+01
2.000000000000000000e+00
0.000000000000000000e+00
0.000000000000000000e+00
3.160000000000000000e+02
0.000000000000000000e+00
0.000000000000000000e+00
1.000000000000000000e+00
1.240000000000000000e+02
0.000000000000000000e+00
0.000000000000000000e+00
6.910000000000000000e+02
0.000000000000000000e+00
3.710000000000000000e+02
4.600000000000000000e+01
6.000000000000000000e+00
0.000000000000000000e+00
1.960000000000000000e+02
1.700000000000000000e+01
1.000000000000000000e+00
6.000000000000000000e+00
8.000000000000000000e+01
1.600000000000000000e+01
5.300000000000000000e+01
1.000000000000000000e+01
0.000000000000000000e+00
1.267000000000000000e+03
2.540000000000000000e+02
2.000000000000000000e+00
1.000000000000000000e+00
0.000000000000000000e+00
0.000000000000000000e+00
0.000000000000000000e+00
6.000000000000000000e+00
7.000000000000000000e+00
9.820000000000000000e+02
2.500000000000000000e+01
1.400000000000000000e+01
0.000000000000000000e+00
3.600000000000000000e+01
2.590000000000000000e+02
1.000000000000000000e+00
7.932000000000000000e+03
1.000000000000000000e+01
0.000000000000000000e+00
1.100000000000000000e+01
1.390000000000000000e+02
3.000000000000000000e+00
0.000000000000000000e+00
6.900000000000000000e+01
3.000000000000000000e+00
0.000000000000000000e+00
0.000000000000000000e+00
0.000000000000000000e+00
1.000000000000000000e+00
1.100000000000000000e+01
8.000000000000000000e+00
0.000000000000000000e+00
1.372000000000000000e+03
1.000000000000000000e+00
1.900000000000000000e+01
1.000000000000000000e+00
3.800000000000000000e+01
0.000000000000000000e+00
0.000000000000000000e+00
0.000000000000000000e+00
8.200000000000000000e+01
1.900000000000000000e+01
5.000000000000000000e+00
3.000000000000000000e+00
2.000000000000000000e+00
0.000000000000000000e+00
3.000000000000000000e+00
8.000000000000000000e+00
3.000000000000000000e+00
0.000000000000000000e+00
1.000000000000000000e+00
0.000000000000000000e+00
9.600000000000000000e+01
0.000000000000000000e+00
3.000000000000000000e+01
3.050000000000000000e+02
9.700000000000000000e+01
1.200000000000000000e+01
8.800000000000000000e+01
3.330000000000000000e+02
1.000000000000000000e+00
1.000000000000000000e+00
1.200000000000000000e+01
0.000000000000000000e+00
0.000000000000000000e+00
0.000000000000000000e+00
5.390000000000000000e+02
5.700000000000000000e+02
1.000000000000000000e+00
0.000000000000000000e+00
2.800000000000000000e+01
9.000000000000000000e+00
2.000000000000000000e+00
2.040000000000000000e+02
5.300000000000000000e+01
1.800000000000000000e+01
0.000000000000000000e+00
1.280000000000000000e+02
1.144000000000000000e+03
3.000000000000000000e+00
8.000000000000000000e+00
0.000000000000000000e+00
1.000000000000000000e+00
2.900000000000000000e+01
0.000000000000000000e+00
3.700000000000000000e+01
2.700000000000000000e+01
0.000000000000000000e+00
1.000000000000000000e+01
6.000000000000000000e+00
2.000000000000000000e+00
2.000000000000000000e+00
6.870000000000000000e+02
1.100000000000000000e+01
1.150000000000000000e+02
2.220000000000000000e+03
0.000000000000000000e+00
4.000000000000000000e+00
2.000000000000000000e+00
3.030000000000000000e+02
0.000000000000000000e+00
0.000000000000000000e+00
2.900000000000000000e+02
1.200000000000000000e+01
0.000000000000000000e+00
5.000000000000000000e+00
2.000000000000000000e+00
6.000000000000000000e+00
2.670000000000000000e+02
0.000000000000000000e+00
2.400000000000000000e+01
0.000000000000000000e+00
1.100000000000000000e+01
7.000000000000000000e+00
1.300000000000000000e+01
2.000000000000000000e+00
1.100000000000000000e+01
0.000000000000000000e+00
4.000000000000000000e+00
1.500000000000000000e+01
5.550000000000000000e+02
7.000000000000000000e+01
8.200000000000000000e+01
6.060000000000000000e+02
1.300000000000000000e+01
0.000000000000000000e+00
1.189000000000000000e+03
0.000000000000000000e+00
1.300000000000000000e+01
9.000000000000000000e+00
5.200000000000000000e+01
6.070000000000000000e+02
2.179000000000000000e+03
1.000000000000000000e+00
0.000000000000000000e+00
1.000000000000000000e+00
0.000000000000000000e+00
1.300000000000000000e+01
0.000000000000000000e+00
0.000000000000000000e+00
0.000000000000000000e+00
0.000000000000000000e+00
1.200000000000000000e+01
1.820000000000000000e+02
4.327000000000000000e+03
6.900000000000000000e+01
2.879000000000000000e+03
0.000000000000000000e+00
4.000000000000000000e+00
0.000000000000000000e+00
1.500000000000000000e+01
7.730000000000000000e+02
1.770000000000000000e+02
2.090000000000000000e+03
4.000000000000000000e+00
3.000000000000000000e+00
5.000000000000000000e+00
0.000000000000000000e+00
1.000000000000000000e+00
6.400000000000000000e+01
1.100000000000000000e+01
0.000000000000000000e+00
1.000000000000000000e+00
0.000000000000000000e+00
0.000000000000000000e+00
0.000000000000000000e+00
6.800000000000000000e+01
2.000000000000000000e+00
0.000000000000000000e+00
2.930000000000000000e+02
1.100000000000000000e+02
5.000000000000000000e+00
0.000000000000000000e+00
2.000000000000000000e+00
0.000000000000000000e+00
0.000000000000000000e+00
0.000000000000000000e+00
0.000000000000000000e+00
0.000000000000000000e+00
2.600000000000000000e+01
0.000000000000000000e+00
0.000000000000000000e+00
1.300000000000000000e+01
0.000000000000000000e+00
0.000000000000000000e+00
7.900000000000000000e+01
0.000000000000000000e+00
0.000000000000000000e+00
3.070000000000000000e+02
6.000000000000000000e+00
1.200000000000000000e+01
2.000000000000000000e+00
4.600000000000000000e+01
3.200000000000000000e+01
5.400000000000000000e+01
1.300000000000000000e+01
4.110000000000000000e+02
1.300000000000000000e+01
3.000000000000000000e+00
1.400000000000000000e+02
0.000000000000000000e+00
1.670000000000000000e+02
1.000000000000000000e+00
2.000000000000000000e+00
1.000000000000000000e+00
0.000000000000000000e+00
0.000000000000000000e+00
2.000000000000000000e+00
0.000000000000000000e+00
5.000000000000000000e+00
1.440000000000000000e+02
2.000000000000000000e+01
1.000000000000000000e+00
1.000000000000000000e+00
0.000000000000000000e+00
0.000000000000000000e+00
0.000000000000000000e+00
0.000000000000000000e+00
1.500000000000000000e+01
1.300000000000000000e+01
0.000000000000000000e+00
0.000000000000000000e+00
2.000000000000000000e+00
1.400000000000000000e+01
0.000000000000000000e+00
0.000000000000000000e+00
0.000000000000000000e+00
1.000000000000000000e+01
0.000000000000000000e+00
0.000000000000000000e+00
1.800000000000000000e+01
6.000000000000000000e+00
8.000000000000000000e+00
5.500000000000000000e+01
2.640000000000000000e+03
0.000000000000000000e+00
1.000000000000000000e+01
2.300000000000000000e+01
3.400000000000000000e+01
2.000000000000000000e+00
7.000000000000000000e+00
8.700000000000000000e+01
1.000000000000000000e+01
4.500000000000000000e+01
3.718000000000000000e+03
4.498000000000000000e+03
0.000000000000000000e+00
0.000000000000000000e+00
3.000000000000000000e+00
3.070000000000000000e+02
4.630000000000000000e+02
7.000000000000000000e+00
2.000000000000000000e+00
1.150000000000000000e+02
0.000000000000000000e+00
2.100000000000000000e+01
2.000000000000000000e+00
6.000000000000000000e+00
0.000000000000000000e+00
1.000000000000000000e+00
0.000000000000000000e+00
0.000000000000000000e+00
5.700000000000000000e+01
1.000000000000000000e+00
0.000000000000000000e+00
2.000000000000000000e+00
1.000000000000000000e+01
1.200000000000000000e+01
0.000000000000000000e+00
0.000000000000000000e+00
1.600000000000000000e+01
8.900000000000000000e+01
1.000000000000000000e+01
9.880000000000000000e+02
2.000000000000000000e+00
2.000000000000000000e+00
0.000000000000000000e+00
2.000000000000000000e+00
0.000000000000000000e+00
0.000000000000000000e+00
3.000000000000000000e+00
1.000000000000000000e+00
0.000000000000000000e+00
0.000000000000000000e+00
0.000000000000000000e+00
4.000000000000000000e+00
4.800000000000000000e+01
2.400000000000000000e+01
3.300000000000000000e+01
1.000000000000000000e+00
1.100000000000000000e+01
7.000000000000000000e+00
0.000000000000000000e+00
0.000000000000000000e+00
1.000000000000000000e+00
1.000000000000000000e+00
0.000000000000000000e+00
2.000000000000000000e+00
5.000000000000000000e+00
4.390000000000000000e+03
5.640000000000000000e+02
0.000000000000000000e+00
0.000000000000000000e+00
1.900000000000000000e+01
0.000000000000000000e+00
0.000000000000000000e+00
3.300000000000000000e+01
1.030000000000000000e+02
9.600000000000000000e+01
1.220000000000000000e+02
0.000000000000000000e+00
9.000000000000000000e+00
2.000000000000000000e+00
4.000000000000000000e+00
8.700000000000000000e+01
2.000000000000000000e+01
0.000000000000000000e+00
2.000000000000000000e+00
0.000000000000000000e+00
1.000000000000000000e+00
0.000000000000000000e+00
2.700000000000000000e+01
3.000000000000000000e+00
2.900000000000000000e+01
0.000000000000000000e+00
7.290000000000000000e+02
1.000000000000000000e+00
5.400000000000000000e+01
3.200000000000000000e+01
2.100000000000000000e+01
0.000000000000000000e+00
2.928000000000000000e+03
2.210000000000000000e+02
7.000000000000000000e+01
1.400000000000000000e+01
0.000000000000000000e+00
1.100000000000000000e+01
4.000000000000000000e+00
8.280000000000000000e+02
0.000000000000000000e+00
0.000000000000000000e+00
9.200000000000000000e+01
1.140000000000000000e+02
2.061000000000000000e+03
3.490000000000000000e+02
5.530000000000000000e+02
3.100000000000000000e+01
7.000000000000000000e+00
0.000000000000000000e+00
3.800000000000000000e+01
7.000000000000000000e+01
0.000000000000000000e+00
9.000000000000000000e+00
0.000000000000000000e+00
0.000000000000000000e+00
0.000000000000000000e+00
0.000000000000000000e+00
7.960000000000000000e+02
1.000000000000000000e+01
2.600000000000000000e+01
1.510000000000000000e+02
1.000000000000000000e+00
1.200000000000000000e+01
0.000000000000000000e+00
1.400000000000000000e+01
5.600000000000000000e+01
2.300000000000000000e+01
1.000000000000000000e+00
0.000000000000000000e+00
8.970000000000000000e+02
0.000000000000000000e+00
1.000000000000000000e+01
2.090000000000000000e+02
0.000000000000000000e+00
0.000000000000000000e+00
0.000000000000000000e+00
1.000000000000000000e+00
4.000000000000000000e+00
7.744000000000000000e+03
3.200000000000000000e+01
2.900000000000000000e+01
0.000000000000000000e+00
2.000000000000000000e+00
1.600000000000000000e+01
1.000000000000000000e+00
1.300000000000000000e+01
1.000000000000000000e+00
3.300000000000000000e+01
0.000000000000000000e+00
0.000000000000000000e+00
3.000000000000000000e+01
0.000000000000000000e+00
0.000000000000000000e+00
0.000000000000000000e+00
0.000000000000000000e+00
2.000000000000000000e+00
0.000000000000000000e+00
0.000000000000000000e+00
5.500000000000000000e+01
3.500000000000000000e+01
1.000000000000000000e+01
1.400000000000000000e+01
4.000000000000000000e+00
0.000000000000000000e+00
0.000000000000000000e+00
0.000000000000000000e+00
0.000000000000000000e+00
1.300000000000000000e+01
0.000000000000000000e+00
2.000000000000000000e+01
9.000000000000000000e+00
2.000000000000000000e+00
4.000000000000000000e+01
5.400000000000000000e+01
0.000000000000000000e+00
2.890000000000000000e+02
2.460000000000000000e+02
6.000000000000000000e+00
4.000000000000000000e+00
3.000000000000000000e+00
2.400000000000000000e+01
9.000000000000000000e+00
2.000000000000000000e+00
0.000000000000000000e+00
2.700000000000000000e+01
4.000000000000000000e+00
2.000000000000000000e+00
5.400000000000000000e+01
0.000000000000000000e+00
2.000000000000000000e+00
2.000000000000000000e+00
4.000000000000000000e+00
7.000000000000000000e+00
2.000000000000000000e+01
4.912000000000000000e+03
4.000000000000000000e+00
0.000000000000000000e+00
6.000000000000000000e+00
1.630000000000000000e+02
7.840000000000000000e+02
2.000000000000000000e+00
0.000000000000000000e+00
1.028000000000000000e+03
2.000000000000000000e+00
0.000000000000000000e+00
0.000000000000000000e+00
2.300000000000000000e+01
6.650000000000000000e+02
2.220000000000000000e+02
0.000000000000000000e+00
7.200000000000000000e+01
7.100000000000000000e+01
2.000000000000000000e+00
1.100000000000000000e+01
0.000000000000000000e+00
0.000000000000000000e+00
1.110000000000000000e+02
7.000000000000000000e+00
0.000000000000000000e+00
4.000000000000000000e+00
2.000000000000000000e+00
2.784000000000000000e+03
2.000000000000000000e+01
1.700000000000000000e+01
1.000000000000000000e+00
1.000000000000000000e+00
0.000000000000000000e+00
1.485000000000000000e+03
1.202000000000000000e+03
2.400000000000000000e+01
6.000000000000000000e+00
6.358000000000000000e+03
7.000000000000000000e+00
1.080000000000000000e+02
3.750000000000000000e+02
0.000000000000000000e+00
0.000000000000000000e+00
1.000000000000000000e+00
4.600000000000000000e+01
2.500000000000000000e+01
1.000000000000000000e+00
0.000000000000000000e+00
6.000000000000000000e+00
0.000000000000000000e+00
2.360000000000000000e+03
6.000000000000000000e+02
0.000000000000000000e+00
1.820000000000000000e+02
0.000000000000000000e+00
2.000000000000000000e+00
1.000000000000000000e+00
9.100000000000000000e+01
4.000000000000000000e+00
3.940000000000000000e+02
0.000000000000000000e+00
2.000000000000000000e+00
0.000000000000000000e+00
0.000000000000000000e+00
0.000000000000000000e+00
1.010000000000000000e+02
0.000000000000000000e+00
6.000000000000000000e+00
1.800000000000000000e+01
5.000000000000000000e+01
0.000000000000000000e+00
5.660000000000000000e+02
0.000000000000000000e+00
1.050000000000000000e+02
1.800000000000000000e+01
1.000000000000000000e+01
1.000000000000000000e+00
0.000000000000000000e+00
0.000000000000000000e+00
0.000000000000000000e+00
0.000000000000000000e+00
0.000000000000000000e+00
1.520000000000000000e+02
5.900000000000000000e+01
0.000000000000000000e+00
8.900000000000000000e+01
3.000000000000000000e+00
2.940000000000000000e+02
0.000000000000000000e+00
2.000000000000000000e+00
1.300000000000000000e+01
8.000000000000000000e+00
0.000000000000000000e+00
5.000000000000000000e+00
0.000000000000000000e+00
1.360000000000000000e+02
5.000000000000000000e+00
3.400000000000000000e+01
0.000000000000000000e+00
6.000000000000000000e+00
3.900000000000000000e+01
6.000000000000000000e+00
0.000000000000000000e+00
5.700000000000000000e+01
1.500000000000000000e+01
9.000000000000000000e+00
0.000000000000000000e+00
2.000000000000000000e+00
1.000000000000000000e+00
0.000000000000000000e+00
0.000000000000000000e+00
1.620000000000000000e+02
1.000000000000000000e+00
7.000000000000000000e+00
5.600000000000000000e+01
4.600000000000000000e+01
8.500000000000000000e+01
1.200000000000000000e+01
0.000000000000000000e+00
7.900000000000000000e+01
0.000000000000000000e+00
1.400000000000000000e+01
3.260000000000000000e+02
2.000000000000000000e+00
1.093000000000000000e+03
0.000000000000000000e+00
0.000000000000000000e+00
2.000000000000000000e+00
1.000000000000000000e+00
2.000000000000000000e+00
0.000000000000000000e+00
0.000000000000000000e+00
4.800000000000000000e+01
0.000000000000000000e+00
1.200000000000000000e+01
1.290000000000000000e+03
4.000000000000000000e+00
0.000000000000000000e+00
3.200000000000000000e+01
3.000000000000000000e+01
1.000000000000000000e+00
4.800000000000000000e+01
0.000000000000000000e+00
1.688000000000000000e+03
5.000000000000000000e+00
1.100000000000000000e+01
3.000000000000000000e+00
5.100000000000000000e+01
1.011000000000000000e+03
0.000000000000000000e+00
3.300000000000000000e+01
0.000000000000000000e+00
6.760000000000000000e+02
1.400000000000000000e+01
0.000000000000000000e+00
2.000000000000000000e+00
0.000000000000000000e+00
0.000000000000000000e+00
0.000000000000000000e+00
2.400000000000000000e+01
0.000000000000000000e+00
6.000000000000000000e+00
3.300000000000000000e+01
0.000000000000000000e+00
0.000000000000000000e+00
1.000000000000000000e+00
0.000000000000000000e+00
1.000000000000000000e+00
2.000000000000000000e+00
0.000000000000000000e+00
2.000000000000000000e+00
2.000000000000000000e+00
3.300000000000000000e+01
0.000000000000000000e+00
9.900000000000000000e+01
0.000000000000000000e+00
0.000000000000000000e+00
8.892000000000000000e+03
0.000000000000000000e+00
0.000000000000000000e+00
0.000000000000000000e+00
0.000000000000000000e+00
0.000000000000000000e+00
2.900000000000000000e+01
7.000000000000000000e+00
0.000000000000000000e+00
3.800000000000000000e+01
0.000000000000000000e+00
2.000000000000000000e+00
4.590000000000000000e+02
2.500000000000000000e+01
2.000000000000000000e+00
2.000000000000000000e+00
0.000000000000000000e+00
1.330000000000000000e+02
1.840000000000000000e+02
0.000000000000000000e+00
0.000000000000000000e+00
2.000000000000000000e+00
9.000000000000000000e+00
3.000000000000000000e+00
0.000000000000000000e+00
2.000000000000000000e+00
8.200000000000000000e+02
0.000000000000000000e+00
0.000000000000000000e+00
7.100000000000000000e+01
0.000000000000000000e+00
1.178000000000000000e+03
0.000000000000000000e+00
8.000000000000000000e+00
4.000000000000000000e+00
0.000000000000000000e+00
1.700000000000000000e+01
1.730000000000000000e+02
3.030000000000000000e+02
1.700000000000000000e+01
5.000000000000000000e+00
7.000000000000000000e+00
4.000000000000000000e+00
0.000000000000000000e+00
6.100000000000000000e+02
1.630000000000000000e+02
6.000000000000000000e+00
0.000000000000000000e+00
0.000000000000000000e+00
6.300000000000000000e+01
5.490000000000000000e+02
9.200000000000000000e+01
2.000000000000000000e+00
0.000000000000000000e+00
1.000000000000000000e+00
0.000000000000000000e+00
1.190000000000000000e+02
0.000000000000000000e+00
4.000000000000000000e+00
7.000000000000000000e+00
3.000000000000000000e+00
2.860000000000000000e+02
0.000000000000000000e+00
1.300000000000000000e+01
4.200000000000000000e+01
0.000000000000000000e+00
2.800000000000000000e+01
2.200000000000000000e+01
5.000000000000000000e+00
1.431000000000000000e+03
0.000000000000000000e+00
0.000000000000000000e+00
2.000000000000000000e+00
0.000000000000000000e+00
7.080000000000000000e+02
6.200000000000000000e+01
0.000000000000000000e+00
0.000000000000000000e+00
0.000000000000000000e+00
3.600000000000000000e+01
0.000000000000000000e+00
5.900000000000000000e+01
0.000000000000000000e+00
1.901000000000000000e+03
2.000000000000000000e+00
5.300000000000000000e+01
1.000000000000000000e+00
0.000000000000000000e+00
1.520000000000000000e+02
4.550000000000000000e+02
0.000000000000000000e+00
1.400000000000000000e+01
1.200000000000000000e+02
5.000000000000000000e+00
2.800000000000000000e+01
5.020000000000000000e+02
3.440000000000000000e+02
0.000000000000000000e+00
3.700000000000000000e+01
1.476000000000000000e+03
1.500000000000000000e+01
1.000000000000000000e+00
3.000000000000000000e+00
1.300000000000000000e+01
0.000000000000000000e+00
0.000000000000000000e+00
2.700000000000000000e+02
5.000000000000000000e+00
0.000000000000000000e+00
4.770000000000000000e+02
2.000000000000000000e+00
1.000000000000000000e+00
3.700000000000000000e+01
1.800000000000000000e+01
1.000000000000000000e+00
0.000000000000000000e+00
0.000000000000000000e+00
9.000000000000000000e+00
9.000000000000000000e+00
6.000000000000000000e+00
1.300000000000000000e+01
3.000000000000000000e+00
0.000000000000000000e+00
8.000000000000000000e+00
2.000000000000000000e+00
4.457000000000000000e+03
0.000000000000000000e+00
0.000000000000000000e+00
3.000000000000000000e+00
2.000000000000000000e+00
1.220000000000000000e+02
4.700000000000000000e+01
2.000000000000000000e+00
4.977000000000000000e+03
1.860000000000000000e+02
1.050000000000000000e+02
1.600000000000000000e+01
0.000000000000000000e+00
8.100000000000000000e+01
2.000000000000000000e+00
1.790000000000000000e+02
4.370000000000000000e+02
2.140000000000000000e+02
1.000000000000000000e+00
5.810000000000000000e+02
5.000000000000000000e+00
6.800000000000000000e+02
1.400000000000000000e+01
8.610000000000000000e+02
0.000000000000000000e+00
2.100000000000000000e+01
4.000000000000000000e+00
2.000000000000000000e+01
1.000000000000000000e+00
0.000000000000000000e+00
1.200000000000000000e+02
0.000000000000000000e+00
6.700000000000000000e+01
1.599000000000000000e+03
9.000000000000000000e+00
1.000000000000000000e+01
6.400000000000000000e+01
9.000000000000000000e+00
1.600000000000000000e+01
2.590000000000000000e+02
1.000000000000000000e+00
2.000000000000000000e+00
0.000000000000000000e+00
4.200000000000000000e+01
6.900000000000000000e+01
0.000000000000000000e+00
9.090000000000000000e+02
1.770000000000000000e+02
0.000000000000000000e+00
4.300000000000000000e+01
0.000000000000000000e+00
1.500000000000000000e+01
2.300000000000000000e+01
6.570000000000000000e+02
0.000000000000000000e+00
7.000000000000000000e+00
1.240000000000000000e+02
1.100000000000000000e+01
0.000000000000000000e+00
0.000000000000000000e+00
0.000000000000000000e+00
3.000000000000000000e+00
0.000000000000000000e+00
5.800000000000000000e+01
1.100000000000000000e+01
1.300000000000000000e+01
5.000000000000000000e+00
2.030000000000000000e+02
7.030000000000000000e+02
0.000000000000000000e+00
2.870000000000000000e+02
1.600000000000000000e+01
0.000000000000000000e+00
2.100000000000000000e+01
1.000000000000000000e+00
0.000000000000000000e+00
0.000000000000000000e+00
0.000000000000000000e+00
5.490000000000000000e+02
1.240000000000000000e+02
2.000000000000000000e+00
0.000000000000000000e+00
4.810000000000000000e+02
0.000000000000000000e+00
2.000000000000000000e+00
2.500000000000000000e+01
0.000000000000000000e+00
7.700000000000000000e+01
0.000000000000000000e+00
2.600000000000000000e+01
0.000000000000000000e+00
0.000000000000000000e+00
0.000000000000000000e+00
0.000000000000000000e+00
0.000000000000000000e+00
1.020000000000000000e+02
6.000000000000000000e+00
3.600000000000000000e+01
7.600000000000000000e+01
0.000000000000000000e+00
1.300000000000000000e+01
5.000000000000000000e+00
4.000000000000000000e+00
1.900000000000000000e+01
1.600000000000000000e+01
1.470000000000000000e+03
1.000000000000000000e+00
0.000000000000000000e+00
2.000000000000000000e+00
8.000000000000000000e+00
7.000000000000000000e+00
3.000000000000000000e+01
0.000000000000000000e+00
0.000000000000000000e+00
1.800000000000000000e+01
5.800000000000000000e+01
0.000000000000000000e+00
3.000000000000000000e+00
5.000000000000000000e+00
0.000000000000000000e+00
1.200000000000000000e+01
4.000000000000000000e+00
1.090000000000000000e+02
1.000000000000000000e+00
0.000000000000000000e+00
5.000000000000000000e+00
0.000000000000000000e+00
1.000000000000000000e+00
0.000000000000000000e+00
0.000000000000000000e+00
6.840000000000000000e+02
0.000000000000000000e+00
2.000000000000000000e+01
1.000000000000000000e+00
0.000000000000000000e+00
2.000000000000000000e+01
7.000000000000000000e+00
1.000000000000000000e+00
1.799000000000000000e+03
8.000000000000000000e+00
1.000000000000000000e+00
0.000000000000000000e+00
1.000000000000000000e+00
2.530000000000000000e+02
0.000000000000000000e+00
0.000000000000000000e+00
3.000000000000000000e+00
3.000000000000000000e+00
6.000000000000000000e+00
7.000000000000000000e+00
2.240000000000000000e+02
2.000000000000000000e+00
2.000000000000000000e+00
6.840000000000000000e+02
0.000000000000000000e+00
2.000000000000000000e+00
8.760000000000000000e+02
2.000000000000000000e+01
8.560000000000000000e+02
8.800000000000000000e+01
5.000000000000000000e+00
0.000000000000000000e+00
0.000000000000000000e+00
3.000000000000000000e+00
1.000000000000000000e+01
0.000000000000000000e+00
5.000000000000000000e+00
2.000000000000000000e+01
1.300000000000000000e+01
5.520000000000000000e+02
1.400000000000000000e+01
0.000000000000000000e+00
5.000000000000000000e+00
0.000000000000000000e+00
7.062000000000000000e+03
1.000000000000000000e+00
0.000000000000000000e+00
1.920000000000000000e+03
5.000000000000000000e+00
1.000000000000000000e+00
1.000000000000000000e+00
1.700000000000000000e+01
0.000000000000000000e+00
2.000000000000000000e+00
1.200000000000000000e+01
0.000000000000000000e+00
9.000000000000000000e+00
6.000000000000000000e+00
0.000000000000000000e+00
1.500000000000000000e+01
4.000000000000000000e+00
7.300000000000000000e+01
4.100000000000000000e+01
0.000000000000000000e+00
8.100000000000000000e+01
1.200000000000000000e+01
3.900000000000000000e+01
3.460000000000000000e+02
3.000000000000000000e+00
5.100000000000000000e+01
7.320000000000000000e+02
1.100000000000000000e+01
2.380000000000000000e+02
2.000000000000000000e+00
7.600000000000000000e+01
1.000000000000000000e+00
7.600000000000000000e+01
6.000000000000000000e+00
1.554000000000000000e+03
4.530000000000000000e+02
0.000000000000000000e+00
1.380000000000000000e+02
0.000000000000000000e+00
7.084000000000000000e+03
2.000000000000000000e+00
0.000000000000000000e+00
0.000000000000000000e+00
8.000000000000000000e+00
0.000000000000000000e+00
2.010000000000000000e+02
2.800000000000000000e+01
2.000000000000000000e+00
0.000000000000000000e+00
1.600000000000000000e+01
0.000000000000000000e+00
2.660000000000000000e+02
1.100000000000000000e+01
1.000000000000000000e+00
5.000000000000000000e+00
2.000000000000000000e+01
1.400000000000000000e+01
1.000000000000000000e+00
2.760000000000000000e+02
0.000000000000000000e+00
3.000000000000000000e+00
1.600000000000000000e+01
0.000000000000000000e+00
2.000000000000000000e+00
6.000000000000000000e+00
0.000000000000000000e+00
0.000000000000000000e+00
0.000000000000000000e+00
1.000000000000000000e+00
7.100000000000000000e+02
5.000000000000000000e+00
1.000000000000000000e+00
1.000000000000000000e+00
1.610000000000000000e+02
8.000000000000000000e+00
0.000000000000000000e+00
2.000000000000000000e+00
2.920000000000000000e+02
2.000000000000000000e+00
1.100000000000000000e+01
3.500000000000000000e+01
9.000000000000000000e+00
6.240000000000000000e+02
3.000000000000000000e+00
2.000000000000000000e+00
0.000000000000000000e+00
0.000000000000000000e+00
0.000000000000000000e+00
0.000000000000000000e+00
8.700000000000000000e+01
0.000000000000000000e+00
6.700000000000000000e+01
1.000000000000000000e+00
4.000000000000000000e+00
0.000000000000000000e+00
3.260000000000000000e+02
1.630000000000000000e+02
7.000000000000000000e+00
2.000000000000000000e+00
0.000000000000000000e+00
7.000000000000000000e+00
0.000000000000000000e+00
1.000000000000000000e+00
1.000000000000000000e+00
0.000000000000000000e+00
1.000000000000000000e+00
7.600000000000000000e+01
2.749000000000000000e+03
2.000000000000000000e+00
1.270000000000000000e+02
3.700000000000000000e+01
1.000000000000000000e+00
4.600000000000000000e+01
4.000000000000000000e+00
5.700000000000000000e+01
3.490000000000000000e+02
1.000000000000000000e+01
1.600000000000000000e+01
0.000000000000000000e+00
4.180000000000000000e+02
2.190000000000000000e+02
2.000000000000000000e+00
7.140000000000000000e+02
0.000000000000000000e+00
0.000000000000000000e+00
8.710000000000000000e+02
0.000000000000000000e+00
1.500000000000000000e+01
0.000000000000000000e+00
4.000000000000000000e+00
3.000000000000000000e+00
1.000000000000000000e+00
1.000000000000000000e+00
1.000000000000000000e+00
4.100000000000000000e+01
7.300000000000000000e+01
0.000000000000000000e+00
0.000000000000000000e+00
3.000000000000000000e+00
1.480000000000000000e+02
4.000000000000000000e+00
0.000000000000000000e+00
3.000000000000000000e+00
5.990000000000000000e+02
1.480000000000000000e+02
5.200000000000000000e+01
0.000000000000000000e+00
0.000000000000000000e+00
9.000000000000000000e+00
0.000000000000000000e+00
1.000000000000000000e+01
0.000000000000000000e+00
4.860000000000000000e+02
3.134000000000000000e+03
6.500000000000000000e+01
1.380000000000000000e+02
0.000000000000000000e+00
1.000000000000000000e+00
1.313000000000000000e+03
0.000000000000000000e+00
5.000000000000000000e+00
0.000000000000000000e+00
7.100000000000000000e+01
5.000000000000000000e+00
1.600000000000000000e+01
0.000000000000000000e+00
4.450000000000000000e+02
1.400000000000000000e+01
0.000000000000000000e+00
7.090000000000000000e+02
6.000000000000000000e+00
8.900000000000000000e+01
0.000000000000000000e+00
0.000000000000000000e+00
3.930000000000000000e+02
0.000000000000000000e+00
5.000000000000000000e+00
4.000000000000000000e+00
0.000000000000000000e+00
0.000000000000000000e+00
0.000000000000000000e+00
0.000000000000000000e+00
0.000000000000000000e+00
3.000000000000000000e+00
0.000000000000000000e+00
2.300000000000000000e+01
1.970000000000000000e+02
0.000000000000000000e+00
8.200000000000000000e+01
2.970000000000000000e+02
0.000000000000000000e+00
0.000000000000000000e+00
1.500000000000000000e+01
0.000000000000000000e+00
2.100000000000000000e+01
1.000000000000000000e+00
3.800000000000000000e+01
0.000000000000000000e+00
0.000000000000000000e+00
0.000000000000000000e+00
1.060000000000000000e+02
0.000000000000000000e+00
2.200000000000000000e+01
0.000000000000000000e+00
0.000000000000000000e+00
0.000000000000000000e+00
1.260000000000000000e+02
1.000000000000000000e+00
4.900000000000000000e+01
3.000000000000000000e+00
0.000000000000000000e+00
1.900000000000000000e+01
6.070000000000000000e+02
1.000000000000000000e+00
0.000000000000000000e+00
7.000000000000000000e+00
0.000000000000000000e+00
3.700000000000000000e+01
8.662000000000000000e+03
0.000000000000000000e+00
0.000000000000000000e+00
7.100000000000000000e+01
4.000000000000000000e+00
0.000000000000000000e+00
5.400000000000000000e+01
1.000000000000000000e+00
5.000000000000000000e+01
9.000000000000000000e+00
3.330000000000000000e+02
0.000000000000000000e+00
1.000000000000000000e+00
0.000000000000000000e+00
2.970000000000000000e+02
2.000000000000000000e+00
6.000000000000000000e+00
1.400000000000000000e+01
0.000000000000000000e+00
6.000000000000000000e+00
4.700000000000000000e+01
9.000000000000000000e+00
5.000000000000000000e+00
4.360000000000000000e+02
0.000000000000000000e+00
3.600000000000000000e+01
7.000000000000000000e+00
1.280000000000000000e+02
0.000000000000000000e+00
1.000000000000000000e+00
2.000000000000000000e+00
2.400000000000000000e+01
2.610000000000000000e+02
5.493000000000000000e+03
0.000000000000000000e+00
3.000000000000000000e+00
3.320000000000000000e+02
3.000000000000000000e+00
1.100000000000000000e+01
0.000000000000000000e+00
3.000000000000000000e+00
0.000000000000000000e+00
3.000000000000000000e+00
0.000000000000000000e+00
2.040000000000000000e+02
0.000000000000000000e+00
0.000000000000000000e+00
1.000000000000000000e+00
7.700000000000000000e+01
4.000000000000000000e+00
1.230000000000000000e+02
6.300000000000000000e+01
0.000000000000000000e+00
3.700000000000000000e+01
5.950000000000000000e+02
5.400000000000000000e+01
1.900000000000000000e+01
9.000000000000000000e+00
0.000000000000000000e+00
0.000000000000000000e+00
0.000000000000000000e+00
0.000000000000000000e+00
0.000000000000000000e+00
1.000000000000000000e+01
0.000000000000000000e+00
2.000000000000000000e+00
4.000000000000000000e+00
2.338000000000000000e+03
4.000000000000000000e+01
1.360000000000000000e+02
7.100000000000000000e+01
1.290000000000000000e+02
0.000000000000000000e+00
3.000000000000000000e+00
9.130000000000000000e+02
0.000000000000000000e+00
1.050000000000000000e+02
3.000000000000000000e+00
6.000000000000000000e+00
0.000000000000000000e+00
9.000000000000000000e+00
0.000000000000000000e+00
1.210000000000000000e+02
1.600000000000000000e+01
3.000000000000000000e+00
1.250000000000000000e+02
2.000000000000000000e+00
7.700000000000000000e+02
3.500000000000000000e+01
0.000000000000000000e+00
0.000000000000000000e+00
0.000000000000000000e+00
5.000000000000000000e+00
1.000000000000000000e+01
8.470000000000000000e+02
3.900000000000000000e+01
2.000000000000000000e+00
3.960000000000000000e+02
2.000000000000000000e+00
1.000000000000000000e+00
2.000000000000000000e+00
6.000000000000000000e+00
1.000000000000000000e+00
0.000000000000000000e+00
1.000000000000000000e+00
5.600000000000000000e+02
1.100000000000000000e+01
1.080000000000000000e+02
4.000000000000000000e+00
1.370000000000000000e+02
1.150000000000000000e+02
6.000000000000000000e+00
1.549000000000000000e+03
1.047000000000000000e+03
8.000000000000000000e+00
0.000000000000000000e+00
0.000000000000000000e+00
2.000000000000000000e+00
0.000000000000000000e+00
2.431000000000000000e+03
5.300000000000000000e+01
2.190000000000000000e+02
1.400000000000000000e+01
0.000000000000000000e+00
4.400000000000000000e+01
2.000000000000000000e+00
0.000000000000000000e+00
3.500000000000000000e+01
2.900000000000000000e+01
0.000000000000000000e+00
1.000000000000000000e+00
4.000000000000000000e+00
0.000000000000000000e+00
0.000000000000000000e+00
8.000000000000000000e+00
1.000000000000000000e+00
3.000000000000000000e+00
0.000000000000000000e+00
6.000000000000000000e+00
2.290000000000000000e+02
5.100000000000000000e+01
2.000000000000000000e+00
1.400000000000000000e+01
6.950000000000000000e+02
0.000000000000000000e+00
1.000000000000000000e+00
0.000000000000000000e+00
0.000000000000000000e+00
2.230000000000000000e+02
1.100000000000000000e+01
1.600000000000000000e+01
0.000000000000000000e+00
1.000000000000000000e+00
1.600000000000000000e+01
3.350000000000000000e+02
9.900000000000000000e+01
0.000000000000000000e+00
1.220000000000000000e+02
4.500000000000000000e+01
3.000000000000000000e+00
9.600000000000000000e+01
5.501000000000000000e+03
0.000000000000000000e+00
2.770000000000000000e+02
2.211000000000000000e+03
1.000000000000000000e+01
0.000000000000000000e+00
8.160000000000000000e+02
4.400000000000000000e+01
0.000000000000000000e+00
5.971000000000000000e+03
8.000000000000000000e+00
5.000000000000000000e+00
7.000000000000000000e+00
2.000000000000000000e+00
0.000000000000000000e+00
0.000000000000000000e+00
9.000000000000000000e+00
8.000000000000000000e+00
2.000000000000000000e+00
4.000000000000000000e+00
1.000000000000000000e+00
4.550000000000000000e+02
5.000000000000000000e+01
2.440000000000000000e+02
3.000000000000000000e+00
1.100000000000000000e+01
0.000000000000000000e+00
3.000000000000000000e+00
1.440000000000000000e+02
2.000000000000000000e+01
0.000000000000000000e+00
2.000000000000000000e+00
3.700000000000000000e+01
1.100000000000000000e+01
1.300000000000000000e+01
0.000000000000000000e+00
2.000000000000000000e+01
1.447000000000000000e+03
0.000000000000000000e+00
2.100000000000000000e+01
1.300000000000000000e+01
5.200000000000000000e+01
0.000000000000000000e+00
0.000000000000000000e+00
6.000000000000000000e+00
5.900000000000000000e+01
2.900000000000000000e+01
4.000000000000000000e+00
0.000000000000000000e+00
8.000000000000000000e+00
1.500000000000000000e+01
0.000000000000000000e+00
3.000000000000000000e+00
1.000000000000000000e+00
0.000000000000000000e+00
2.000000000000000000e+00
3.270000000000000000e+02
1.970000000000000000e+02
3.000000000000000000e+01
3.000000000000000000e+00
6.420000000000000000e+02
5.000000000000000000e+00
1.290000000000000000e+02
2.000000000000000000e+00
4.400000000000000000e+01
1.000000000000000000e+01
5.570000000000000000e+02
0.000000000000000000e+00
0.000000000000000000e+00
7.000000000000000000e+00
2.000000000000000000e+00
2.000000000000000000e+00
1.380000000000000000e+02
0.000000000000000000e+00
5.000000000000000000e+00
6.700000000000000000e+01
1.800000000000000000e+01
0.000000000000000000e+00
6.980000000000000000e+02
8.800000000000000000e+01
5.590000000000000000e+02
3.000000000000000000e+00
4.000000000000000000e+00
1.120000000000000000e+02
1.300000000000000000e+01
0.000000000000000000e+00
1.800000000000000000e+01
6.000000000000000000e+00
7.000000000000000000e+00
0.000000000000000000e+00
1.114000000000000000e+03
0.000000000000000000e+00
1.210000000000000000e+02
3.800000000000000000e+01
6.520000000000000000e+02
3.760000000000000000e+02
3.000000000000000000e+00
3.400000000000000000e+01
5.700000000000000000e+01
2.900000000000000000e+02
7.850000000000000000e+02
0.000000000000000000e+00
2.000000000000000000e+00
2.000000000000000000e+00
0.000000000000000000e+00
2.300000000000000000e+03
1.000000000000000000e+00
0.000000000000000000e+00
3.950000000000000000e+02
3.000000000000000000e+01
0.000000000000000000e+00
0.000000000000000000e+00
0.000000000000000000e+00
1.830000000000000000e+02
3.100000000000000000e+01
4.100000000000000000e+01
4.000000000000000000e+00
1.700000000000000000e+01
2.579000000000000000e+03
2.100000000000000000e+01
1.900000000000000000e+01
6.580000000000000000e+02
0.000000000000000000e+00
2.000000000000000000e+00
0.000000000000000000e+00
4.900000000000000000e+01
5.400000000000000000e+01
0.000000000000000000e+00
1.000000000000000000e+00
0.000000000000000000e+00
4.460000000000000000e+02
0.000000000000000000e+00
0.000000000000000000e+00
1.000000000000000000e+00
3.000000000000000000e+00
2.700000000000000000e+01
0.000000000000000000e+00
4.000000000000000000e+00
9.200000000000000000e+01
2.000000000000000000e+00
0.000000000000000000e+00
1.000000000000000000e+00
2.200000000000000000e+01
3.000000000000000000e+00
0.000000000000000000e+00
1.000000000000000000e+00
0.000000000000000000e+00
1.600000000000000000e+01
0.000000000000000000e+00
0.000000000000000000e+00
2.340000000000000000e+02
0.000000000000000000e+00
9.000000000000000000e+01
7.000000000000000000e+00
3.000000000000000000e+00
0.000000000000000000e+00
0.000000000000000000e+00
0.000000000000000000e+00
2.600000000000000000e+01
2.000000000000000000e+00
0.000000000000000000e+00
2.000000000000000000e+00
1.200000000000000000e+01
0.000000000000000000e+00
0.000000000000000000e+00
1.010000000000000000e+02
0.000000000000000000e+00
8.000000000000000000e+00
0.000000000000000000e+00
1.840000000000000000e+02
1.920000000000000000e+02
0.000000000000000000e+00
5.000000000000000000e+00
0.000000000000000000e+00
2.300000000000000000e+01
8.200000000000000000e+01
1.749000000000000000e+03
3.430000000000000000e+02
7.898000000000000000e+03
3.000000000000000000e+00
2.000000000000000000e+00
0.000000000000000000e+00
1.760000000000000000e+02
1.650000000000000000e+02
0.000000000000000000e+00
0.000000000000000000e+00
1.470000000000000000e+02
0.000000000000000000e+00
1.630000000000000000e+02
0.000000000000000000e+00
0.000000000000000000e+00
1.570000000000000000e+02
0.000000000000000000e+00
5.000000000000000000e+00
2.000000000000000000e+00
2.000000000000000000e+00
2.000000000000000000e+00
0.000000000000000000e+00
9.000000000000000000e+01
2.120000000000000000e+02
3.000000000000000000e+00
4.800000000000000000e+01
1.000000000000000000e+00
0.000000000000000000e+00
3.000000000000000000e+00
0.000000000000000000e+00
3.400000000000000000e+01
5.000000000000000000e+00
1.000000000000000000e+00
0.000000000000000000e+00
1.400000000000000000e+01
0.000000000000000000e+00
7.000000000000000000e+00
0.000000000000000000e+00
0.000000000000000000e+00
8.000000000000000000e+00
0.000000000000000000e+00
0.000000000000000000e+00
0.000000000000000000e+00
9.400000000000000000e+01
2.000000000000000000e+00
1.000000000000000000e+02
4.000000000000000000e+00
1.300000000000000000e+01
3.000000000000000000e+00
1.200000000000000000e+01
6.000000000000000000e+01
9.220000000000000000e+02
3.000000000000000000e+00
8.000000000000000000e+00
0.000000000000000000e+00
2.860000000000000000e+02
0.000000000000000000e+00
1.100000000000000000e+01
2.700000000000000000e+01
1.700000000000000000e+02
1.120000000000000000e+02
5.000000000000000000e+00
4.300000000000000000e+01
6.000000000000000000e+00
0.000000000000000000e+00
0.000000000000000000e+00
1.600000000000000000e+01
1.444000000000000000e+03
0.000000000000000000e+00
4.000000000000000000e+00
8.000000000000000000e+00
3.150000000000000000e+02
1.600000000000000000e+01
6.000000000000000000e+01
2.000000000000000000e+01
3.000000000000000000e+00
8.000000000000000000e+00
6.300000000000000000e+01
0.000000000000000000e+00
1.900000000000000000e+01
0.000000000000000000e+00
3.000000000000000000e+00
9.000000000000000000e+00
1.000000000000000000e+01
0.000000000000000000e+00
1.220000000000000000e+02
0.000000000000000000e+00
0.000000000000000000e+00
1.000000000000000000e+00
2.800000000000000000e+01
1.300000000000000000e+01
3.520000000000000000e+03
3.000000000000000000e+00
2.800000000000000000e+01
0.000000000000000000e+00
4.320000000000000000e+02
3.100000000000000000e+01
0.000000000000000000e+00
0.000000000000000000e+00
0.000000000000000000e+00
7.800000000000000000e+01
0.000000000000000000e+00
2.000000000000000000e+00
0.000000000000000000e+00
2.200000000000000000e+01
0.000000000000000000e+00
9.600000000000000000e+01
3.840000000000000000e+02
1.000000000000000000e+00
4.000000000000000000e+00
0.000000000000000000e+00
1.000000000000000000e+01
1.780000000000000000e+02
0.000000000000000000e+00
1.000000000000000000e+01
0.000000000000000000e+00
5.830000000000000000e+02
5.000000000000000000e+00
4.000000000000000000e+00
5.400000000000000000e+01
0.000000000000000000e+00
3.000000000000000000e+00
1.530000000000000000e+02
2.000000000000000000e+00
2.000000000000000000e+00
6.000000000000000000e+00
1.000000000000000000e+01
2.240000000000000000e+02
5.100000000000000000e+01
3.000000000000000000e+00
0.000000000000000000e+00
6.800000000000000000e+02
0.000000000000000000e+00
5.200000000000000000e+01
1.000000000000000000e+00
2.000000000000000000e+00
6.744000000000000000e+03
2.400000000000000000e+01
1.800000000000000000e+01
1.460000000000000000e+02
0.000000000000000000e+00
7.970000000000000000e+02
1.610000000000000000e+02
1.500000000000000000e+01
9.400000000000000000e+01
1.000000000000000000e+01
0.000000000000000000e+00
2.000000000000000000e+00
1.000000000000000000e+02
2.950000000000000000e+02
7.500000000000000000e+01
4.200000000000000000e+01
5.500000000000000000e+01
5.300000000000000000e+01
0.000000000000000000e+00
4.000000000000000000e+00
0.000000000000000000e+00
5.500000000000000000e+01
4.890000000000000000e+02
5.780000000000000000e+02
5.000000000000000000e+01
6.000000000000000000e+00
8.000000000000000000e+00
1.890000000000000000e+02
2.000000000000000000e+00
1.800000000000000000e+01
3.000000000000000000e+00
8.000000000000000000e+00
0.000000000000000000e+00
1.400000000000000000e+01
7.000000000000000000e+00
3.600000000000000000e+02
1.260000000000000000e+02
0.000000000000000000e+00
1.860000000000000000e+02
1.200000000000000000e+01
2.945000000000000000e+03
2.690000000000000000e+03
0.000000000000000000e+00
1.100000000000000000e+01
1.700000000000000000e+01
5.000000000000000000e+00
3.500000000000000000e+01
0.000000000000000000e+00
0.000000000000000000e+00
3.000000000000000000e+01
0.000000000000000000e+00
4.000000000000000000e+00
3.000000000000000000e+00
4.000000000000000000e+00
3.470000000000000000e+02
3.000000000000000000e+00
1.000000000000000000e+00
2.000000000000000000e+00
9.000000000000000000e+01
1.200000000000000000e+01
1.100000000000000000e+02
5.000000000000000000e+00
3.000000000000000000e+00
3.500000000000000000e+01
3.040000000000000000e+02
4.000000000000000000e+00
6.900000000000000000e+01
1.100000000000000000e+01
1.000000000000000000e+00
8.310000000000000000e+02
1.070000000000000000e+02
0.000000000000000000e+00
0.000000000000000000e+00
0.000000000000000000e+00
8.000000000000000000e+00
0.000000000000000000e+00
0.000000000000000000e+00
7.160000000000000000e+02
3.650000000000000000e+03
1.700000000000000000e+01
3.000000000000000000e+00
3.000000000000000000e+01
2.000000000000000000e+00
1.000000000000000000e+00
2.000000000000000000e+00
1.582000000000000000e+03
1.100000000000000000e+01
0.000000000000000000e+00
0.000000000000000000e+00
0.000000000000000000e+00
3.700000000000000000e+01
2.000000000000000000e+00
1.400000000000000000e+01
4.000000000000000000e+00
1.000000000000000000e+01
0.000000000000000000e+00
8.200000000000000000e+01
2.920000000000000000e+02
0.000000000000000000e+00
0.000000000000000000e+00
2.000000000000000000e+00
0.000000000000000000e+00
9.000000000000000000e+00
2.800000000000000000e+01
0.000000000000000000e+00
4.000000000000000000e+00
1.000000000000000000e+00
1.600000000000000000e+01
9.400000000000000000e+02
1.000000000000000000e+00
0.000000000000000000e+00
0.000000000000000000e+00
0.000000000000000000e+00
6.000000000000000000e+00
1.400000000000000000e+02
5.900000000000000000e+01
1.800000000000000000e+01
2.400000000000000000e+01
2.000000000000000000e+00
4.000000000000000000e+00
0.000000000000000000e+00
0.000000000000000000e+00
1.000000000000000000e+03
1.000000000000000000e+00
0.000000000000000000e+00
1.150000000000000000e+02
0.000000000000000000e+00
0.000000000000000000e+00
4.700000000000000000e+01
0.000000000000000000e+00
0.000000000000000000e+00
0.000000000000000000e+00
0.000000000000000000e+00
0.000000000000000000e+00
3.300000000000000000e+01
4.100000000000000000e+01
1.900000000000000000e+01
4.110000000000000000e+02
0.000000000000000000e+00
4.150000000000000000e+02
0.000000000000000000e+00
2.300000000000000000e+01
1.400000000000000000e+01
1.600000000000000000e+01
2.000000000000000000e+00
0.000000000000000000e+00
1.000000000000000000e+00
1.000000000000000000e+01
5.859000000000000000e+03
8.000000000000000000e+00
0.000000000000000000e+00
7.410000000000000000e+02
2.400000000000000000e+01
1.560000000000000000e+02
2.883000000000000000e+03
8.920000000000000000e+02
1.300000000000000000e+01
1.100000000000000000e+01
6.600000000000000000e+01
2.000000000000000000e+00
2.000000000000000000e+00
6.200000000000000000e+01
1.710000000000000000e+03
1.700000000000000000e+01
1.200000000000000000e+01
6.300000000000000000e+01
3.000000000000000000e+00
3.000000000000000000e+00
1.400000000000000000e+01
0.000000000000000000e+00
1.900000000000000000e+01
7.000000000000000000e+00
3.000000000000000000e+00
1.000000000000000000e+01
3.800000000000000000e+01
3.610000000000000000e+02
1.400000000000000000e+01
0.000000000000000000e+00
4.400000000000000000e+01
0.000000000000000000e+00
0.000000000000000000e+00
0.000000000000000000e+00
3.000000000000000000e+00
0.000000000000000000e+00
0.000000000000000000e+00
7.000000000000000000e+01
0.000000000000000000e+00
1.000000000000000000e+00
1.700000000000000000e+01
5.500000000000000000e+01
2.000000000000000000e+00
1.490000000000000000e+02
2.000000000000000000e+00
2.000000000000000000e+01
1.900000000000000000e+01
1.800000000000000000e+01
8.000000000000000000e+00
7.810000000000000000e+02
1.000000000000000000e+00
4.000000000000000000e+00
2.020000000000000000e+02
1.380000000000000000e+02
2.000000000000000000e+00
2.000000000000000000e+00
8.986000000000000000e+03
1.400000000000000000e+01
2.290000000000000000e+03
6.000000000000000000e+00
0.000000000000000000e+00
0.000000000000000000e+00
2.600000000000000000e+02
0.000000000000000000e+00
3.000000000000000000e+00
0.000000000000000000e+00
1.000000000000000000e+00
5.000000000000000000e+00
0.000000000000000000e+00
6.300000000000000000e+01
0.000000000000000000e+00
2.000000000000000000e+00
0.000000000000000000e+00
0.000000000000000000e+00
7.000000000000000000e+00
4.580000000000000000e+02
3.000000000000000000e+00
0.000000000000000000e+00
2.200000000000000000e+01
6.500000000000000000e+01
1.000000000000000000e+00
2.000000000000000000e+00
0.000000000000000000e+00
1.760000000000000000e+02
3.160000000000000000e+02
0.000000000000000000e+00
3.000000000000000000e+00
0.000000000000000000e+00
6.000000000000000000e+00
8.500000000000000000e+01
0.000000000000000000e+00
5.500000000000000000e+01
5.039000000000000000e+03
1.800000000000000000e+01
1.200000000000000000e+01
2.700000000000000000e+01
0.000000000000000000e+00
1.500000000000000000e+01
0.000000000000000000e+00
9.210000000000000000e+02
1.600000000000000000e+01
2.000000000000000000e+00
5.000000000000000000e+00
2.000000000000000000e+00
1.300000000000000000e+01
9.200000000000000000e+01
2.200000000000000000e+01
1.400000000000000000e+01
2.000000000000000000e+00
9.000000000000000000e+00
4.200000000000000000e+01
5.000000000000000000e+00
8.000000000000000000e+00
1.090000000000000000e+02
0.000000000000000000e+00
0.000000000000000000e+00
3.000000000000000000e+00
0.000000000000000000e+00
2.000000000000000000e+00
0.000000000000000000e+00
0.000000000000000000e+00
0.000000000000000000e+00
6.300000000000000000e+01
0.000000000000000000e+00
0.000000000000000000e+00
2.300000000000000000e+01
0.000000000000000000e+00
1.000000000000000000e+00
0.000000000000000000e+00
3.000000000000000000e+00
0.000000000000000000e+00
2.000000000000000000e+00
0.000000000000000000e+00
3.000000000000000000e+00
1.000000000000000000e+00
0.000000000000000000e+00
6.280000000000000000e+02
0.000000000000000000e+00
0.000000000000000000e+00
5.500000000000000000e+01
1.300000000000000000e+01
0.000000000000000000e+00
4.000000000000000000e+00
0.000000000000000000e+00
1.770000000000000000e+02
4.070000000000000000e+02
0.000000000000000000e+00
0.000000000000000000e+00
0.000000000000000000e+00
0.000000000000000000e+00
1.200000000000000000e+02
0.000000000000000000e+00
3.000000000000000000e+00
1.400000000000000000e+01
2.900000000000000000e+01
2.900000000000000000e+01
2.000000000000000000e+00
5.000000000000000000e+00
2.220000000000000000e+02
2.000000000000000000e+00
3.000000000000000000e+00
1.700000000000000000e+01
1.600000000000000000e+01
2.000000000000000000e+00
2.300000000000000000e+01
2.010000000000000000e+02
4.800000000000000000e+01
6.000000000000000000e+00
3.000000000000000000e+00
2.640000000000000000e+02
0.000000000000000000e+00
4.000000000000000000e+00
4.000000000000000000e+00
0.000000000000000000e+00
4.000000000000000000e+00
0.000000000000000000e+00
1.300000000000000000e+01
1.400000000000000000e+01
2.186000000000000000e+03
7.980000000000000000e+02
0.000000000000000000e+00
3.000000000000000000e+00
0.000000000000000000e+00
7.000000000000000000e+00
2.000000000000000000e+00
2.000000000000000000e+00
6.000000000000000000e+00
3.450000000000000000e+02
1.420000000000000000e+02
0.000000000000000000e+00
0.000000000000000000e+00
3.400000000000000000e+01
0.000000000000000000e+00
3.900000000000000000e+01
2.000000000000000000e+00
3.817000000000000000e+03
2.000000000000000000e+01
1.600000000000000000e+01
1.000000000000000000e+00
1.800000000000000000e+01
1.000000000000000000e+00
5.000000000000000000e+00
2.000000000000000000e+00
1.300000000000000000e+02
2.000000000000000000e+00
3.800000000000000000e+01
0.000000000000000000e+00
2.000000000000000000e+00
0.000000000000000000e+00
0.000000000000000000e+00
1.230000000000000000e+02
0.000000000000000000e+00
1.200000000000000000e+01
3.000000000000000000e+00
8.000000000000000000e+00
4.400000000000000000e+01
0.000000000000000000e+00
0.000000000000000000e+00
4.000000000000000000e+00
0.000000000000000000e+00
0.000000000000000000e+00
0.000000000000000000e+00
1.700000000000000000e+02
2.700000000000000000e+01
0.000000000000000000e+00
0.000000000000000000e+00
5.000000000000000000e+00
1.600000000000000000e+01
0.000000000000000000e+00
2.000000000000000000e+00
1.500000000000000000e+01
2.511000000000000000e+03
1.980000000000000000e+02
0.000000000000000000e+00
2.000000000000000000e+00
0.000000000000000000e+00
0.000000000000000000e+00
7.000000000000000000e+00
0.000000000000000000e+00
1.700000000000000000e+02
1.258000000000000000e+03
7.300000000000000000e+01
0.000000000000000000e+00
0.000000000000000000e+00
4.000000000000000000e+00
1.240000000000000000e+03
3.000000000000000000e+00
1.600000000000000000e+01
3.000000000000000000e+00
2.620000000000000000e+02
0.000000000000000000e+00
6.000000000000000000e+00
0.000000000000000000e+00
0.000000000000000000e+00
0.000000000000000000e+00
0.000000000000000000e+00
2.093000000000000000e+03
1.000000000000000000e+00
7.000000000000000000e+00
2.000000000000000000e+00
0.000000000000000000e+00
5.000000000000000000e+00
3.800000000000000000e+01
2.000000000000000000e+00
6.970000000000000000e+02
0.000000000000000000e+00
4.400000000000000000e+01
0.000000000000000000e+00
5.000000000000000000e+00
2.000000000000000000e+00
1.100000000000000000e+01
4.000000000000000000e+00
1.000000000000000000e+00
3.300000000000000000e+01
0.000000000000000000e+00
2.300000000000000000e+01
0.000000000000000000e+00
0.000000000000000000e+00
0.000000000000000000e+00
6.000000000000000000e+00
5.350000000000000000e+02
4.000000000000000000e+00
2.700000000000000000e+01
2.200000000000000000e+01
2.000000000000000000e+00
0.000000000000000000e+00
5.000000000000000000e+00
6.000000000000000000e+00
2.000000000000000000e+00
7.490000000000000000e+02
1.200000000000000000e+01
1.900000000000000000e+01
1.000000000000000000e+00
6.000000000000000000e+00
1.600000000000000000e+01
4.000000000000000000e+00
6.190000000000000000e+02
0.000000000000000000e+00
2.000000000000000000e+01
2.542000000000000000e+03
0.000000000000000000e+00
2.000000000000000000e+00
0.000000000000000000e+00
0.000000000000000000e+00
1.800000000000000000e+01
6.000000000000000000e+00
0.000000000000000000e+00
1.000000000000000000e+00
5.000000000000000000e+00
0.000000000000000000e+00
0.000000000000000000e+00
1.679000000000000000e+03
7.000000000000000000e+00
2.000000000000000000e+00
7.700000000000000000e+01
6.092000000000000000e+03
5.000000000000000000e+00
0.000000000000000000e+00
3.800000000000000000e+01
1.280000000000000000e+02
1.590000000000000000e+02
1.290000000000000000e+02
3.000000000000000000e+00
1.400000000000000000e+01
0.000000000000000000e+00
0.000000000000000000e+00
2.000000000000000000e+00
0.000000000000000000e+00
1.000000000000000000e+00
3.100000000000000000e+01
1.000000000000000000e+00
1.000000000000000000e+00
4.000000000000000000e+00
5.000000000000000000e+00
0.000000000000000000e+00
3.100000000000000000e+01
2.500000000000000000e+01
0.000000000000000000e+00
0.000000000000000000e+00
2.832000000000000000e+03
0.000000000000000000e+00
3.500000000000000000e+01
2.700000000000000000e+01
3.420000000000000000e+02
4.300000000000000000e+01
2.000000000000000000e+00
6.000000000000000000e+00
0.000000000000000000e+00
3.000000000000000000e+00
1.650000000000000000e+02
3.200000000000000000e+01
0.000000000000000000e+00
2.000000000000000000e+00
2.000000000000000000e+00
1.000000000000000000e+00
5.000000000000000000e+00
5.000000000000000000e+00
0.000000000000000000e+00
4.000000000000000000e+00
3.500000000000000000e+01
9.200000000000000000e+01
0.000000000000000000e+00
3.000000000000000000e+00
2.000000000000000000e+00
0.000000000000000000e+00
2.027000000000000000e+03
4.000000000000000000e+00
3.000000000000000000e+00
1.300000000000000000e+01
8.600000000000000000e+01
2.000000000000000000e+00
0.000000000000000000e+00
0.000000000000000000e+00
0.000000000000000000e+00
1.170000000000000000e+02
2.200000000000000000e+01
4.600000000000000000e+01
0.000000000000000000e+00
8.000000000000000000e+00
1.500000000000000000e+01
1.200000000000000000e+01
2.000000000000000000e+00
0.000000000000000000e+00
1.500000000000000000e+01
1.000000000000000000e+00
0.000000000000000000e+00
4.400000000000000000e+01
0.000000000000000000e+00
0.000000000000000000e+00
2.000000000000000000e+01
3.830000000000000000e+02
1.000000000000000000e+00
1.990000000000000000e+02
2.600000000000000000e+01
5.100000000000000000e+01
0.000000000000000000e+00
1.300000000000000000e+01
0.000000000000000000e+00
3.000000000000000000e+00
3.000000000000000000e+00
0.000000000000000000e+00
0.000000000000000000e+00
3.060000000000000000e+02
0.000000000000000000e+00
5.000000000000000000e+00
0.000000000000000000e+00
5.006000000000000000e+03
2.300000000000000000e+01
2.921000000000000000e+03
0.000000000000000000e+00
0.000000000000000000e+00
1.000000000000000000e+00
5.000000000000000000e+00
1.000000000000000000e+01
1.200000000000000000e+01
3.000000000000000000e+00
1.000000000000000000e+00
0.000000000000000000e+00
0.000000000000000000e+00
2.200000000000000000e+01
2.000000000000000000e+00
3.500000000000000000e+01
4.000000000000000000e+00
0.000000000000000000e+00
0.000000000000000000e+00
1.920000000000000000e+03
6.600000000000000000e+01
2.000000000000000000e+00
1.000000000000000000e+00
7.000000000000000000e+00
4.000000000000000000e+00
0.000000000000000000e+00
3.000000000000000000e+00
0.000000000000000000e+00
1.200000000000000000e+02
4.200000000000000000e+01
1.900000000000000000e+01
8.700000000000000000e+01
0.000000000000000000e+00
0.000000000000000000e+00
8.400000000000000000e+01
0.000000000000000000e+00
1.000000000000000000e+00
6.810000000000000000e+02
0.000000000000000000e+00
0.000000000000000000e+00
1.800000000000000000e+01
1.700000000000000000e+01
3.100000000000000000e+02
1.700000000000000000e+01
4.000000000000000000e+00
8.200000000000000000e+01
1.000000000000000000e+01
2.000000000000000000e+00
6.000000000000000000e+00
2.100000000000000000e+01
2.400000000000000000e+01
0.000000000000000000e+00
0.000000000000000000e+00
1.250000000000000000e+02
5.000000000000000000e+00
0.000000000000000000e+00
1.380000000000000000e+02
2.000000000000000000e+00
0.000000000000000000e+00
0.000000000000000000e+00
7.900000000000000000e+01
1.510000000000000000e+02
0.000000000000000000e+00
3.400000000000000000e+01
0.000000000000000000e+00
7.680000000000000000e+02
5.000000000000000000e+00
2.000000000000000000e+00
6.000000000000000000e+00
0.000000000000000000e+00
1.271000000000000000e+03
5.400000000000000000e+01
1.400000000000000000e+01
1.370000000000000000e+02
1.300000000000000000e+01
9.200000000000000000e+02
2.210000000000000000e+02
1.999000000000000000e+03
8.000000000000000000e+00
1.770000000000000000e+02
0.000000000000000000e+00
0.000000000000000000e+00
2.000000000000000000e+00
3.000000000000000000e+00
8.000000000000000000e+01
4.400000000000000000e+01
0.000000000000000000e+00
0.000000000000000000e+00
1.000000000000000000e+00
0.000000000000000000e+00
5.000000000000000000e+00
0.000000000000000000e+00
0.000000000000000000e+00
6.660000000000000000e+02
1.086300000000000000e+04
0.000000000000000000e+00
7.000000000000000000e+00
6.200000000000000000e+01
1.700000000000000000e+01
4.000000000000000000e+00
0.000000000000000000e+00
0.000000000000000000e+00
3.400000000000000000e+01
4.700000000000000000e+01
0.000000000000000000e+00
7.000000000000000000e+00
1.320000000000000000e+02
0.000000000000000000e+00
4.220000000000000000e+02
7.000000000000000000e+00
8.700000000000000000e+01
4.900000000000000000e+01
3.190000000000000000e+02
0.000000000000000000e+00
2.000000000000000000e+00
0.000000000000000000e+00
2.000000000000000000e+01
0.000000000000000000e+00
4.000000000000000000e+00
0.000000000000000000e+00
3.550000000000000000e+02
0.000000000000000000e+00
0.000000000000000000e+00
3.500000000000000000e+02
8.000000000000000000e+00
1.630000000000000000e+02
1.980000000000000000e+02
1.000000000000000000e+00
5.000000000000000000e+00
1.405000000000000000e+03
2.000000000000000000e+00
0.000000000000000000e+00
1.930000000000000000e+02
0.000000000000000000e+00
0.000000000000000000e+00
1.715000000000000000e+03
1.995000000000000000e+03
0.000000000000000000e+00
1.700000000000000000e+02
1.720000000000000000e+02
9.000000000000000000e+01
0.000000000000000000e+00
0.000000000000000000e+00
1.000000000000000000e+01
3.500000000000000000e+01
3.200000000000000000e+01
3.000000000000000000e+00
2.000000000000000000e+00
5.000000000000000000e+00
2.000000000000000000e+00
7.000000000000000000e+00
1.800000000000000000e+01
5.000000000000000000e+01
7.000000000000000000e+00
9.520000000000000000e+02
0.000000000000000000e+00
0.000000000000000000e+00
7.700000000000000000e+01
0.000000000000000000e+00
2.000000000000000000e+00
7.900000000000000000e+01
0.000000000000000000e+00
3.000000000000000000e+00
1.844000000000000000e+03
0.000000000000000000e+00
7.800000000000000000e+01
6.800000000000000000e+01
3.000000000000000000e+00
1.000000000000000000e+00
6.000000000000000000e+00
0.000000000000000000e+00
0.000000000000000000e+00
2.000000000000000000e+00
0.000000000000000000e+00
0.000000000000000000e+00
4.070000000000000000e+02
9.000000000000000000e+00
0.000000000000000000e+00
0.000000000000000000e+00
8.100000000000000000e+01
2.000000000000000000e+00
0.000000000000000000e+00
2.510000000000000000e+02
1.000000000000000000e+00
6.000000000000000000e+00
0.000000000000000000e+00
2.240000000000000000e+02
6.000000000000000000e+00
1.000000000000000000e+00
6.470000000000000000e+02
4.260000000000000000e+02
5.000000000000000000e+00
0.000000000000000000e+00
1.050000000000000000e+02
5.000000000000000000e+00
0.000000000000000000e+00
7.000000000000000000e+00
1.800000000000000000e+01
2.700000000000000000e+01
1.000000000000000000e+00
1.200000000000000000e+01
0.000000000000000000e+00
1.280000000000000000e+02
6.000000000000000000e+00
1.470000000000000000e+02
0.000000000000000000e+00
3.500000000000000000e+01
5.000000000000000000e+00
1.000000000000000000e+01
0.000000000000000000e+00
1.245000000000000000e+03
0.000000000000000000e+00
6.000000000000000000e+00
5.000000000000000000e+00
7.000000000000000000e+00
2.310000000000000000e+03
7.000000000000000000e+00
1.500000000000000000e+01
1.800000000000000000e+01
0.000000000000000000e+00
9.000000000000000000e+00
2.530000000000000000e+02
5.700000000000000000e+01
6.000000000000000000e+00
0.000000000000000000e+00
2.490000000000000000e+02
1.500000000000000000e+01
1.900000000000000000e+01
3.000000000000000000e+00
3.000000000000000000e+00
0.000000000000000000e+00
1.000000000000000000e+00
5.000000000000000000e+00
2.000000000000000000e+00
0.000000000000000000e+00
4.000000000000000000e+00
1.000000000000000000e+01
0.000000000000000000e+00
2.000000000000000000e+00
1.200000000000000000e+01
0.000000000000000000e+00
5.300000000000000000e+01
0.000000000000000000e+00
1.530000000000000000e+02
4.000000000000000000e+02
6.000000000000000000e+01
0.000000000000000000e+00
3.100000000000000000e+01
0.000000000000000000e+00
0.000000000000000000e+00
2.000000000000000000e+00
1.000000000000000000e+00
1.300000000000000000e+01
1.900000000000000000e+01
1.000000000000000000e+00
1.200000000000000000e+01
4.000000000000000000e+00
3.800000000000000000e+01
0.000000000000000000e+00
1.800000000000000000e+01
7.800000000000000000e+01
0.000000000000000000e+00
4.890000000000000000e+02
2.000000000000000000e+00
0.000000000000000000e+00
2.000000000000000000e+00
3.400000000000000000e+01
0.000000000000000000e+00
8.000000000000000000e+00
7.200000000000000000e+01
2.000000000000000000e+00
2.000000000000000000e+00
2.000000000000000000e+00
0.000000000000000000e+00
4.550000000000000000e+02
4.000000000000000000e+00
0.000000000000000000e+00
2.200000000000000000e+02
1.200000000000000000e+01
0.000000000000000000e+00
8.040000000000000000e+02
4.000000000000000000e+00
2.100000000000000000e+01
1.000000000000000000e+00
5.060000000000000000e+02
1.100000000000000000e+01
4.260000000000000000e+02
5.000000000000000000e+00
0.000000000000000000e+00
0.000000000000000000e+00
1.000000000000000000e+00
3.110000000000000000e+02
2.000000000000000000e+00
9.000000000000000000e+00
3.200000000000000000e+01
6.960000000000000000e+02
0.000000000000000000e+00
3.000000000000000000e+00
3.220000000000000000e+02
0.000000000000000000e+00
2.000000000000000000e+00
2.000000000000000000e+00
0.000000000000000000e+00
3.000000000000000000e+00
2.370000000000000000e+02
1.200000000000000000e+01
3.000000000000000000e+00
0.000000000000000000e+00
1.300000000000000000e+01
1.000000000000000000e+00
6.400000000000000000e+01
1.800000000000000000e+01
2.954000000000000000e+03
1.130000000000000000e+02
2.000000000000000000e+00
8.000000000000000000e+00
0.000000000000000000e+00
0.000000000000000000e+00
3.900000000000000000e+01
0.000000000000000000e+00
0.000000000000000000e+00
3.000000000000000000e+00
4.000000000000000000e+00
4.000000000000000000e+00
0.000000000000000000e+00
5.000000000000000000e+00
2.619000000000000000e+03
4.000000000000000000e+00
3.000000000000000000e+00
0.000000000000000000e+00
3.000000000000000000e+00
3.000000000000000000e+00
1.280000000000000000e+02
1.000000000000000000e+00
2.000000000000000000e+00
2.223000000000000000e+03
1.200000000000000000e+01
3.500000000000000000e+01
8.000000000000000000e+00
0.000000000000000000e+00
3.100000000000000000e+01
0.000000000000000000e+00
3.000000000000000000e+00
0.000000000000000000e+00
2.700000000000000000e+01
3.820000000000000000e+02
1.300000000000000000e+02
3.000000000000000000e+00
0.000000000000000000e+00
5.495000000000000000e+03
0.000000000000000000e+00
2.300000000000000000e+01
7.600000000000000000e+01
3.000000000000000000e+00
0.000000000000000000e+00
2.390000000000000000e+02
2.200000000000000000e+01
2.250000000000000000e+02
1.215000000000000000e+03
2.200000000000000000e+01
1.680000000000000000e+02
3.000000000000000000e+00
0.000000000000000000e+00
2.900000000000000000e+01
2.400000000000000000e+01
0.000000000000000000e+00
1.000000000000000000e+00
0.000000000000000000e+00
2.000000000000000000e+01
8.000000000000000000e+00
4.000000000000000000e+00
3.000000000000000000e+00
8.510000000000000000e+02
7.000000000000000000e+01
1.120000000000000000e+02
2.900000000000000000e+02
1.574000000000000000e+03
2.000000000000000000e+00
1.630000000000000000e+02
1.000000000000000000e+00
9.900000000000000000e+01
4.000000000000000000e+00
7.000000000000000000e+00
3.860000000000000000e+02
2.820000000000000000e+02
1.000000000000000000e+00
1.550000000000000000e+02
1.000000000000000000e+00
3.000000000000000000e+00
1.000000000000000000e+00
2.700000000000000000e+01
1.400000000000000000e+01
2.463000000000000000e+03
0.000000000000000000e+00
2.070000000000000000e+02
1.240000000000000000e+02
0.000000000000000000e+00
8.800000000000000000e+01
2.200000000000000000e+01
3.400000000000000000e+01
0.000000000000000000e+00
6.384000000000000000e+03
1.860000000000000000e+02
0.000000000000000000e+00
0.000000000000000000e+00
5.000000000000000000e+00
2.000000000000000000e+00
2.400000000000000000e+01
1.200000000000000000e+01
0.000000000000000000e+00
0.000000000000000000e+00
4.500000000000000000e+01
1.900000000000000000e+01
8.000000000000000000e+00
1.100000000000000000e+01
1.000000000000000000e+01
2.716000000000000000e+03
1.000000000000000000e+00
1.800000000000000000e+01
2.000000000000000000e+00
3.600000000000000000e+01
2.000000000000000000e+00
0.000000000000000000e+00
0.000000000000000000e+00
0.000000000000000000e+00
3.290000000000000000e+02
5.000000000000000000e+00
0.000000000000000000e+00
4.000000000000000000e+01
0.000000000000000000e+00
3.100000000000000000e+01
8.000000000000000000e+00
3.770000000000000000e+02
0.000000000000000000e+00
2.000000000000000000e+00
1.000000000000000000e+00
3.000000000000000000e+00
2.000000000000000000e+00
1.080000000000000000e+02
1.300000000000000000e+01
0.000000000000000000e+00
0.000000000000000000e+00
0.000000000000000000e+00
1.000000000000000000e+00
0.000000000000000000e+00
8.000000000000000000e+00
0.000000000000000000e+00
0.000000000000000000e+00
6.000000000000000000e+00
0.000000000000000000e+00
1.000000000000000000e+00
4.220000000000000000e+02
3.139000000000000000e+03
6.350000000000000000e+02
0.000000000000000000e+00
1.000000000000000000e+00
0.000000000000000000e+00
0.000000000000000000e+00
9.210000000000000000e+02
1.460000000000000000e+02
0.000000000000000000e+00
5.000000000000000000e+00
0.000000000000000000e+00
0.000000000000000000e+00
1.370000000000000000e+02
1.160000000000000000e+02
0.000000000000000000e+00
2.800000000000000000e+01
6.000000000000000000e+00
0.000000000000000000e+00
4.000000000000000000e+00
0.000000000000000000e+00
5.000000000000000000e+00
9.000000000000000000e+00
1.000000000000000000e+00
1.000000000000000000e+00
8.200000000000000000e+01
2.000000000000000000e+00
2.360000000000000000e+02
7.839000000000000000e+03
2.000000000000000000e+00
0.000000000000000000e+00
1.200000000000000000e+01
2.980000000000000000e+02
2.000000000000000000e+00
0.000000000000000000e+00
0.000000000000000000e+00
1.000000000000000000e+00
3.000000000000000000e+00
0.000000000000000000e+00
0.000000000000000000e+00
0.000000000000000000e+00
8.700000000000000000e+01
6.000000000000000000e+00
1.000000000000000000e+00
4.447000000000000000e+03
1.000000000000000000e+00
4.020000000000000000e+02
0.000000000000000000e+00
1.700000000000000000e+01
0.000000000000000000e+00
0.000000000000000000e+00
2.200000000000000000e+01
0.000000000000000000e+00
2.000000000000000000e+00
1.410000000000000000e+02
2.000000000000000000e+00
5.000000000000000000e+00
2.000000000000000000e+00
1.000000000000000000e+00
0.000000000000000000e+00
1.000000000000000000e+00
2.000000000000000000e+00
0.000000000000000000e+00
7.400000000000000000e+01
0.000000000000000000e+00
0.000000000000000000e+00
7.000000000000000000e+01
8.000000000000000000e+00
0.000000000000000000e+00
0.000000000000000000e+00
1.100000000000000000e+01
1.081000000000000000e+03
4.500000000000000000e+01
1.900000000000000000e+01
0.000000000000000000e+00
2.200000000000000000e+01
1.090000000000000000e+02
2.040000000000000000e+02
4.900000000000000000e+01
2.000000000000000000e+00
2.300000000000000000e+01
2.708000000000000000e+03
2.000000000000000000e+00
3.000000000000000000e+00
0.000000000000000000e+00
2.531000000000000000e+03
0.000000000000000000e+00
1.100000000000000000e+01
0.000000000000000000e+00
8.800000000000000000e+02
0.000000000000000000e+00
1.000000000000000000e+01
0.000000000000000000e+00
0.000000000000000000e+00
0.000000000000000000e+00
0.000000000000000000e+00
0.000000000000000000e+00
5.000000000000000000e+00
4.000000000000000000e+01
0.000000000000000000e+00
0.000000000000000000e+00
1.500000000000000000e+01
9.240000000000000000e+02
6.000000000000000000e+00
3.600000000000000000e+01
0.000000000000000000e+00
0.000000000000000000e+00
5.000000000000000000e+00
0.000000000000000000e+00
8.900000000000000000e+01
0.000000000000000000e+00
1.500000000000000000e+01
1.500000000000000000e+01
2.120000000000000000e+02
0.000000000000000000e+00
1.000000000000000000e+00
4.813000000000000000e+03
0.000000000000000000e+00
0.000000000000000000e+00
4.400000000000000000e+01
2.000000000000000000e+00
6.000000000000000000e+00
7.100000000000000000e+01
0.000000000000000000e+00
4.100000000000000000e+01
0.000000000000000000e+00
2.000000000000000000e+00
3.400000000000000000e+01
2.900000000000000000e+01
0.000000000000000000e+00
0.000000000000000000e+00
0.000000000000000000e+00
9.000000000000000000e+00
0.000000000000000000e+00
3.000000000000000000e+00
3.100000000000000000e+01
4.000000000000000000e+00
1.060000000000000000e+02
1.000000000000000000e+00
1.800000000000000000e+01
2.600000000000000000e+01
0.000000000000000000e+00
1.100000000000000000e+01
5.000000000000000000e+00
3.490000000000000000e+02
3.500000000000000000e+01
7.000000000000000000e+00
0.000000000000000000e+00
7.000000000000000000e+00
1.461000000000000000e+03
3.000000000000000000e+00
8.000000000000000000e+00
3.280000000000000000e+02
2.000000000000000000e+00
0.000000000000000000e+00
2.211000000000000000e+03
2.000000000000000000e+00
0.000000000000000000e+00
2.000000000000000000e+00
1.500000000000000000e+01
0.000000000000000000e+00
1.200000000000000000e+01
8.600000000000000000e+01
0.000000000000000000e+00
0.000000000000000000e+00
1.500000000000000000e+01
1.700000000000000000e+01
5.000000000000000000e+01
8.000000000000000000e+00
0.000000000000000000e+00
0.000000000000000000e+00
6.500000000000000000e+01
8.100000000000000000e+01
2.600000000000000000e+01
6.000000000000000000e+00
5.000000000000000000e+00
0.000000000000000000e+00
8.000000000000000000e+00
2.000000000000000000e+00
0.000000000000000000e+00
2.000000000000000000e+00
1.300000000000000000e+01
3.600000000000000000e+01
0.000000000000000000e+00
2.900000000000000000e+01
0.000000000000000000e+00
1.466000000000000000e+03
2.000000000000000000e+00
5.000000000000000000e+00
4.900000000000000000e+01
1.000000000000000000e+00
2.860000000000000000e+02
2.000000000000000000e+00
0.000000000000000000e+00
0.000000000000000000e+00
2.800000000000000000e+01
1.600000000000000000e+01
0.000000000000000000e+00
0.000000000000000000e+00
0.000000000000000000e+00
9.000000000000000000e+00
2.600000000000000000e+01
0.000000000000000000e+00
5.700000000000000000e+01
1.500000000000000000e+01
0.000000000000000000e+00
6.000000000000000000e+00
1.680000000000000000e+02
0.000000000000000000e+00
2.500000000000000000e+01
0.000000000000000000e+00
3.000000000000000000e+00
7.700000000000000000e+01
0.000000000000000000e+00
2.934000000000000000e+03
2.000000000000000000e+00
3.080000000000000000e+02
0.000000000000000000e+00
3.000000000000000000e+00
0.000000000000000000e+00
4.700000000000000000e+01
2.600000000000000000e+01
2.198000000000000000e+03
0.000000000000000000e+00
0.000000000000000000e+00
9.000000000000000000e+00
1.000000000000000000e+00
2.000000000000000000e+00
2.000000000000000000e+00
1.189300000000000000e+04
2.000000000000000000e+01
0.000000000000000000e+00
2.000000000000000000e+00
0.000000000000000000e+00
1.000000000000000000e+00
0.000000000000000000e+00
1.990000000000000000e+02
1.000000000000000000e+00
0.000000000000000000e+00
1.580000000000000000e+02
1.800000000000000000e+01
0.000000000000000000e+00
2.000000000000000000e+00
1.840000000000000000e+02
2.000000000000000000e+00
2.980000000000000000e+02
9.000000000000000000e+00
1.410000000000000000e+02
0.000000000000000000e+00
1.000000000000000000e+00
1.000000000000000000e+01
1.820000000000000000e+02
0.000000000000000000e+00
0.000000000000000000e+00
0.000000000000000000e+00
8.000000000000000000e+01
0.000000000000000000e+00
0.000000000000000000e+00
1.102000000000000000e+03
0.000000000000000000e+00
0.000000000000000000e+00
1.000000000000000000e+00
0.000000000000000000e+00
1.700000000000000000e+01
3.400000000000000000e+01
9.200000000000000000e+01
1.880000000000000000e+02
2.000000000000000000e+00
3.700000000000000000e+01
0.000000000000000000e+00
3.600000000000000000e+01
1.300000000000000000e+01
0.000000000000000000e+00
0.000000000000000000e+00
1.900000000000000000e+01
2.300000000000000000e+01
2.000000000000000000e+00
2.300000000000000000e+01
5.310000000000000000e+02
0.000000000000000000e+00
3.000000000000000000e+00
0.000000000000000000e+00
1.000000000000000000e+00
4.000000000000000000e+00
3.200000000000000000e+01
0.000000000000000000e+00
7.000000000000000000e+00
1.200000000000000000e+02
2.100000000000000000e+01
0.000000000000000000e+00
3.860000000000000000e+02
0.000000000000000000e+00
0.000000000000000000e+00
0.000000000000000000e+00
2.200000000000000000e+01
0.000000000000000000e+00
7.100000000000000000e+01
0.000000000000000000e+00
1.400000000000000000e+01
1.000000000000000000e+00
4.600000000000000000e+01
1.130000000000000000e+02
6.000000000000000000e+00
1.340000000000000000e+02
0.000000000000000000e+00
2.000000000000000000e+00
0.000000000000000000e+00
3.395000000000000000e+03
3.500000000000000000e+01
1.798000000000000000e+03
0.000000000000000000e+00
2.500000000000000000e+01
4.450000000000000000e+02
6.000000000000000000e+00
1.185000000000000000e+03
0.000000000000000000e+00
6.934000000000000000e+03
2.510000000000000000e+02
0.000000000000000000e+00
2.800000000000000000e+01
2.300000000000000000e+01
6.000000000000000000e+00
2.000000000000000000e+00
0.000000000000000000e+00
3.500000000000000000e+01
3.000000000000000000e+00
0.000000000000000000e+00
1.400000000000000000e+01
2.000000000000000000e+00
5.000000000000000000e+00
6.000000000000000000e+00
1.000000000000000000e+00
2.000000000000000000e+00
1.200000000000000000e+01
2.600000000000000000e+01
8.100000000000000000e+01
4.000000000000000000e+01
2.910000000000000000e+02
0.000000000000000000e+00
0.000000000000000000e+00
0.000000000000000000e+00
2.000000000000000000e+00
1.300000000000000000e+01
6.100000000000000000e+01
0.000000000000000000e+00
2.000000000000000000e+00
0.000000000000000000e+00
0.000000000000000000e+00
8.000000000000000000e+00
0.000000000000000000e+00
1.300000000000000000e+01
0.000000000000000000e+00
4.000000000000000000e+00
1.000000000000000000e+00
8.000000000000000000e+00
1.000000000000000000e+01
0.000000000000000000e+00
1.000000000000000000e+00
0.000000000000000000e+00
2.000000000000000000e+00
2.000000000000000000e+00
7.000000000000000000e+00
0.000000000000000000e+00
0.000000000000000000e+00
1.000000000000000000e+00
0.000000000000000000e+00
7.089000000000000000e+03
3.000000000000000000e+00
4.000000000000000000e+00
1.000000000000000000e+00
3.000000000000000000e+00
2.000000000000000000e+01
2.000000000000000000e+00
0.000000000000000000e+00
0.000000000000000000e+00
9.280000000000000000e+02
6.000000000000000000e+00
6.200000000000000000e+01
9.910000000000000000e+02
1.000000000000000000e+00
4.100000000000000000e+01
4.900000000000000000e+02
0.000000000000000000e+00
1.080000000000000000e+02
2.000000000000000000e+00
1.641000000000000000e+03
0.000000000000000000e+00
0.000000000000000000e+00
3.000000000000000000e+00
0.000000000000000000e+00
0.000000000000000000e+00
2.338000000000000000e+03
2.000000000000000000e+00
1.000000000000000000e+00
6.000000000000000000e+00
3.800000000000000000e+01
1.000000000000000000e+00
2.100000000000000000e+01
0.000000000000000000e+00
1.500000000000000000e+01
1.000000000000000000e+01
2.000000000000000000e+00
0.000000000000000000e+00
0.000000000000000000e+00
6.200000000000000000e+01
0.000000000000000000e+00
0.000000000000000000e+00
0.000000000000000000e+00
5.100000000000000000e+01
1.900000000000000000e+01
3.000000000000000000e+01
1.480000000000000000e+02
1.434000000000000000e+03
7.400000000000000000e+01
0.000000000000000000e+00
8.300000000000000000e+01
2.000000000000000000e+00
1.017000000000000000e+03
9.000000000000000000e+00
2.200000000000000000e+01
0.000000000000000000e+00
8.660000000000000000e+02
0.000000000000000000e+00
0.000000000000000000e+00
2.000000000000000000e+00
0.000000000000000000e+00
0.000000000000000000e+00
0.000000000000000000e+00
1.400000000000000000e+01
0.000000000000000000e+00
1.000000000000000000e+00
3.290000000000000000e+02
0.000000000000000000e+00
0.000000000000000000e+00
0.000000000000000000e+00
0.000000000000000000e+00
0.000000000000000000e+00
3.000000000000000000e+00
0.000000000000000000e+00
1.370000000000000000e+02
3.144000000000000000e+03
3.500000000000000000e+01
9.000000000000000000e+00
1.800000000000000000e+01
0.000000000000000000e+00
1.010000000000000000e+02
1.300000000000000000e+01
0.000000000000000000e+00
1.800000000000000000e+01
0.000000000000000000e+00
0.000000000000000000e+00
3.130000000000000000e+02
0.000000000000000000e+00
7.900000000000000000e+01
6.000000000000000000e+00
3.200000000000000000e+01
0.000000000000000000e+00
1.900000000000000000e+01
0.000000000000000000e+00
3.500000000000000000e+01
0.000000000000000000e+00
1.130000000000000000e+02
3.300000000000000000e+01
7.850000000000000000e+02
5.874000000000000000e+03
1.000000000000000000e+00
1.160000000000000000e+02
0.000000000000000000e+00
2.300000000000000000e+01
4.400000000000000000e+01
3.000000000000000000e+00
0.000000000000000000e+00
3.600000000000000000e+01
0.000000000000000000e+00
8.400000000000000000e+02
3.300000000000000000e+01
2.600000000000000000e+01
3.900000000000000000e+01
9.000000000000000000e+01
0.000000000000000000e+00
1.000000000000000000e+00
6.000000000000000000e+00
0.000000000000000000e+00
0.000000000000000000e+00
7.800000000000000000e+01
8.000000000000000000e+00
0.000000000000000000e+00
0.000000000000000000e+00
0.000000000000000000e+00
0.000000000000000000e+00
1.390000000000000000e+02
0.000000000000000000e+00
7.573000000000000000e+03
1.000000000000000000e+00
2.000000000000000000e+01
0.000000000000000000e+00
6.900000000000000000e+01
0.000000000000000000e+00
7.600000000000000000e+01
0.000000000000000000e+00
1.600000000000000000e+01
2.000000000000000000e+00
0.000000000000000000e+00
3.100000000000000000e+01
1.400000000000000000e+01
0.000000000000000000e+00
0.000000000000000000e+00
0.000000000000000000e+00
6.900000000000000000e+02
2.690000000000000000e+02
1.512000000000000000e+03
3.200000000000000000e+01
3.600000000000000000e+01
8.000000000000000000e+00
2.000000000000000000e+00
4.000000000000000000e+00
1.000000000000000000e+00
5.000000000000000000e+00
1.000000000000000000e+00
1.200000000000000000e+01
2.340000000000000000e+02
0.000000000000000000e+00
5.000000000000000000e+00
0.000000000000000000e+00
3.800000000000000000e+01
1.040000000000000000e+02
4.000000000000000000e+00
2.560000000000000000e+02
1.820000000000000000e+02
1.012000000000000000e+03
0.000000000000000000e+00
1.700000000000000000e+01
0.000000000000000000e+00
1.100000000000000000e+02
7.000000000000000000e+00
2.400000000000000000e+01
1.100000000000000000e+01
0.000000000000000000e+00
3.000000000000000000e+00
0.000000000000000000e+00
1.000000000000000000e+00
1.184000000000000000e+03
4.600000000000000000e+01
2.000000000000000000e+00
1.860000000000000000e+02
0.000000000000000000e+00
0.000000000000000000e+00
2.070000000000000000e+02
8.000000000000000000e+00
1.700000000000000000e+01
0.000000000000000000e+00
8.000000000000000000e+00
4.000000000000000000e+00
2.000000000000000000e+00
0.000000000000000000e+00
7.000000000000000000e+00
5.000000000000000000e+00
1.000000000000000000e+01
5.500000000000000000e+01
0.000000000000000000e+00
7.000000000000000000e+00
4.000000000000000000e+01
1.000000000000000000e+00
1.600000000000000000e+01
0.000000000000000000e+00
3.000000000000000000e+00
4.900000000000000000e+01
0.000000000000000000e+00
2.900000000000000000e+01
1.200000000000000000e+01
1.000000000000000000e+00
0.000000000000000000e+00
0.000000000000000000e+00
4.000000000000000000e+00
0.000000000000000000e+00
2.940000000000000000e+02
0.000000000000000000e+00
2.000000000000000000e+00
8.800000000000000000e+01
0.000000000000000000e+00
9.000000000000000000e+00
2.587000000000000000e+03
1.600000000000000000e+01
2.000000000000000000e+00
0.000000000000000000e+00
1.000000000000000000e+00
0.000000000000000000e+00
8.100000000000000000e+01
4.170000000000000000e+02
0.000000000000000000e+00
0.000000000000000000e+00
1.120000000000000000e+02
0.000000000000000000e+00
3.060000000000000000e+02
2.000000000000000000e+00
3.190000000000000000e+02
1.863000000000000000e+03
8.000000000000000000e+00
2.350000000000000000e+02
1.000000000000000000e+00
0.000000000000000000e+00
0.000000000000000000e+00
1.000000000000000000e+01
7.000000000000000000e+00
9.200000000000000000e+01
6.000000000000000000e+00
0.000000000000000000e+00
0.000000000000000000e+00
0.000000000000000000e+00
4.000000000000000000e+00
0.000000000000000000e+00
2.380000000000000000e+02
1.058000000000000000e+03
0.000000000000000000e+00
1.290000000000000000e+02
1.821000000000000000e+03
0.000000000000000000e+00
2.000000000000000000e+00
2.000000000000000000e+00
1.400000000000000000e+01
5.000000000000000000e+00
1.900000000000000000e+01
6.790000000000000000e+02
0.000000000000000000e+00
7.670000000000000000e+02
0.000000000000000000e+00
0.000000000000000000e+00
0.000000000000000000e+00
0.000000000000000000e+00
2.600000000000000000e+01
6.000000000000000000e+00
2.260000000000000000e+02
4.000000000000000000e+00
6.657000000000000000e+03
6.000000000000000000e+01
0.000000000000000000e+00
0.000000000000000000e+00
4.700000000000000000e+01
0.000000000000000000e+00
0.000000000000000000e+00
5.200000000000000000e+01
4.000000000000000000e+01
0.000000000000000000e+00
0.000000000000000000e+00
1.800000000000000000e+01
6.000000000000000000e+00
0.000000000000000000e+00
2.150000000000000000e+02
3.000000000000000000e+00
7.000000000000000000e+00
3.600000000000000000e+01
8.900000000000000000e+01
2.188000000000000000e+03
1.340000000000000000e+02
0.000000000000000000e+00
1.000000000000000000e+00
2.000000000000000000e+00
0.000000000000000000e+00
0.000000000000000000e+00
2.295000000000000000e+03
3.960000000000000000e+02
5.000000000000000000e+00
1.251000000000000000e+03
2.000000000000000000e+00
4.000000000000000000e+00
2.000000000000000000e+00
1.800000000000000000e+01
1.600000000000000000e+01
0.000000000000000000e+00
0.000000000000000000e+00
2.000000000000000000e+00
0.000000000000000000e+00
1.100000000000000000e+01
3.000000000000000000e+00
3.860000000000000000e+02
0.000000000000000000e+00
1.510000000000000000e+02
1.180000000000000000e+02
0.000000000000000000e+00
1.660000000000000000e+02
1.000000000000000000e+00
1.000000000000000000e+00
1.000000000000000000e+00
1.947000000000000000e+03
1.682000000000000000e+03
0.000000000000000000e+00
1.000000000000000000e+01
2.000000000000000000e+00
0.000000000000000000e+00
4.000000000000000000e+00
4.000000000000000000e+00
8.000000000000000000e+00
0.000000000000000000e+00
3.000000000000000000e+00
0.000000000000000000e+00
4.430000000000000000e+02
1.740000000000000000e+02
2.980000000000000000e+02
8.300000000000000000e+01
2.000000000000000000e+00
1.000000000000000000e+00
5.000000000000000000e+00
1.000000000000000000e+00
0.000000000000000000e+00
1.000000000000000000e+00
2.000000000000000000e+00
5.590000000000000000e+02
5.000000000000000000e+00
1.000000000000000000e+00
0.000000000000000000e+00
0.000000000000000000e+00
3.300000000000000000e+01
3.000000000000000000e+00
0.000000000000000000e+00
1.980000000000000000e+02
1.514000000000000000e+03
4.200000000000000000e+01
8.000000000000000000e+00
0.000000000000000000e+00
1.000000000000000000e+00
1.000000000000000000e+00
4.000000000000000000e+00
4.900000000000000000e+01
0.000000000000000000e+00
1.000000000000000000e+00
0.000000000000000000e+00
1.700000000000000000e+01
0.000000000000000000e+00
4.186000000000000000e+03
1.700000000000000000e+01
8.200000000000000000e+01
4.000000000000000000e+00
2.760000000000000000e+02
1.000000000000000000e+00
4.840000000000000000e+02
1.400000000000000000e+01
3.400000000000000000e+01
6.000000000000000000e+01
1.510000000000000000e+02
2.500000000000000000e+01
0.000000000000000000e+00
2.900000000000000000e+02
1.700000000000000000e+01
9.000000000000000000e+00
0.000000000000000000e+00
0.000000000000000000e+00
3.400000000000000000e+01
2.000000000000000000e+00
0.000000000000000000e+00
9.100000000000000000e+01
0.000000000000000000e+00
5.540000000000000000e+02
2.000000000000000000e+00
3.000000000000000000e+00
4.000000000000000000e+00
0.000000000000000000e+00
2.000000000000000000e+00
2.000000000000000000e+00
6.160000000000000000e+02
0.000000000000000000e+00
1.600000000000000000e+01
4.000000000000000000e+00
2.000000000000000000e+00
0.000000000000000000e+00
5.000000000000000000e+00
5.100000000000000000e+01
2.000000000000000000e+00
3.300000000000000000e+02
0.000000000000000000e+00
0.000000000000000000e+00
1.700000000000000000e+01
1.140000000000000000e+02
6.740000000000000000e+02
1.200000000000000000e+01
7.000000000000000000e+00
1.530000000000000000e+03
3.000000000000000000e+00
1.330000000000000000e+03
0.000000000000000000e+00
1.000000000000000000e+00
1.000000000000000000e+00
2.000000000000000000e+00
6.480000000000000000e+02
2.200000000000000000e+01
2.500000000000000000e+01
8.000000000000000000e+00
1.230000000000000000e+02
2.000000000000000000e+00
1.580000000000000000e+02
5.197000000000000000e+03
1.050000000000000000e+02
2.000000000000000000e+00
0.000000000000000000e+00
5.200000000000000000e+01
0.000000000000000000e+00
8.000000000000000000e+00
3.000000000000000000e+00
1.000000000000000000e+00
3.000000000000000000e+00
2.400000000000000000e+01
2.900000000000000000e+01
1.700000000000000000e+02
4.500000000000000000e+01
5.600000000000000000e+01
2.500000000000000000e+01
2.000000000000000000e+00
2.300000000000000000e+01
1.000000000000000000e+00
0.000000000000000000e+00
0.000000000000000000e+00
1.090000000000000000e+02
1.745000000000000000e+03
0.000000000000000000e+00
4.100000000000000000e+01
3.000000000000000000e+00
0.000000000000000000e+00
0.000000000000000000e+00
3.600000000000000000e+02
0.000000000000000000e+00
0.000000000000000000e+00
5.000000000000000000e+00
4.594000000000000000e+03
1.460000000000000000e+02
2.200000000000000000e+01
0.000000000000000000e+00
0.000000000000000000e+00
9.000000000000000000e+00
7.000000000000000000e+00
2.200000000000000000e+01
0.000000000000000000e+00
1.000000000000000000e+00
1.000000000000000000e+01
4.100000000000000000e+01
0.000000000000000000e+00
4.400000000000000000e+01
0.000000000000000000e+00
8.190000000000000000e+02
0.000000000000000000e+00
0.000000000000000000e+00
1.600000000000000000e+01
4.000000000000000000e+00
2.000000000000000000e+00
3.000000000000000000e+00
2.000000000000000000e+00
1.300000000000000000e+01
0.000000000000000000e+00
3.310000000000000000e+02
0.000000000000000000e+00
0.000000000000000000e+00
3.590000000000000000e+02
2.000000000000000000e+00
2.500000000000000000e+01
0.000000000000000000e+00
0.000000000000000000e+00
0.000000000000000000e+00
1.200000000000000000e+01
7.100000000000000000e+01
0.000000000000000000e+00
1.000000000000000000e+02
0.000000000000000000e+00
5.650000000000000000e+02
1.000000000000000000e+00
0.000000000000000000e+00
1.500000000000000000e+01
0.000000000000000000e+00
1.300000000000000000e+01
4.740000000000000000e+03
0.000000000000000000e+00
2.000000000000000000e+00
8.830000000000000000e+02
0.000000000000000000e+00
1.000000000000000000e+00
0.000000000000000000e+00
1.870000000000000000e+02
2.430000000000000000e+02
1.490000000000000000e+02
0.000000000000000000e+00
0.000000000000000000e+00
4.500000000000000000e+01
0.000000000000000000e+00
5.000000000000000000e+00
0.000000000000000000e+00
0.000000000000000000e+00
0.000000000000000000e+00
0.000000000000000000e+00
0.000000000000000000e+00
0.000000000000000000e+00
1.500000000000000000e+01
1.000000000000000000e+00
1.000000000000000000e+00
9.850000000000000000e+02
3.000000000000000000e+00
2.000000000000000000e+00
6.400000000000000000e+01
2.779000000000000000e+03
2.320000000000000000e+02
2.000000000000000000e+00
2.300000000000000000e+01
7.400000000000000000e+01
5.420000000000000000e+02
0.000000000000000000e+00
0.000000000000000000e+00
1.200000000000000000e+01
0.000000000000000000e+00
7.000000000000000000e+01
1.100000000000000000e+01
7.000000000000000000e+00
1.900000000000000000e+01
9.160000000000000000e+02
2.000000000000000000e+00
6.000000000000000000e+00
6.000000000000000000e+00
4.000000000000000000e+00
0.000000000000000000e+00
0.000000000000000000e+00
4.000000000000000000e+00
2.000000000000000000e+00
1.350000000000000000e+02
0.000000000000000000e+00
2.800000000000000000e+02
0.000000000000000000e+00
1.000000000000000000e+00
8.600000000000000000e+02
4.000000000000000000e+00
0.000000000000000000e+00
0.000000000000000000e+00
5.400000000000000000e+01
0.000000000000000000e+00
3.760000000000000000e+02
2.100000000000000000e+01
9.000000000000000000e+00
2.000000000000000000e+00
4.000000000000000000e+00
3.000000000000000000e+00
2.280000000000000000e+02
0.000000000000000000e+00
0.000000000000000000e+00
1.000000000000000000e+00
1.400000000000000000e+01
1.000000000000000000e+00
3.000000000000000000e+01
0.000000000000000000e+00
3.000000000000000000e+00
0.000000000000000000e+00
1.450000000000000000e+02
4.600000000000000000e+01
1.200000000000000000e+01
6.000000000000000000e+00
0.000000000000000000e+00
2.200000000000000000e+01
2.600000000000000000e+01
2.000000000000000000e+00
1.157000000000000000e+03
5.000000000000000000e+00
2.000000000000000000e+00
1.548000000000000000e+03
2.558000000000000000e+03
6.000000000000000000e+00
7.100000000000000000e+01
0.000000000000000000e+00
9.400000000000000000e+01
0.000000000000000000e+00
0.000000000000000000e+00
8.100000000000000000e+01
2.580000000000000000e+02
0.000000000000000000e+00
0.000000000000000000e+00
1.800000000000000000e+01
1.300000000000000000e+01
0.000000000000000000e+00
7.030000000000000000e+02
5.100000000000000000e+01
0.000000000000000000e+00
1.000000000000000000e+00
7.000000000000000000e+00
4.000000000000000000e+00
8.260000000000000000e+02
2.500000000000000000e+01
2.000000000000000000e+00
1.500000000000000000e+01
1.200000000000000000e+01
1.000000000000000000e+00
1.660000000000000000e+02
6.000000000000000000e+00
5.600000000000000000e+01
1.100000000000000000e+01
1.000000000000000000e+00
0.000000000000000000e+00
2.020000000000000000e+02
3.000000000000000000e+00
4.000000000000000000e+00
3.000000000000000000e+00
1.000000000000000000e+01
0.000000000000000000e+00
1.700000000000000000e+01
9.030000000000000000e+02
0.000000000000000000e+00
3.000000000000000000e+00
3.700000000000000000e+01
6.000000000000000000e+00
7.744000000000000000e+03
2.550000000000000000e+02
1.000000000000000000e+00
6.000000000000000000e+00
5.400000000000000000e+01
0.000000000000000000e+00
2.220000000000000000e+02
1.200000000000000000e+01
2.000000000000000000e+00
9.400000000000000000e+01
0.000000000000000000e+00
6.000000000000000000e+00
2.000000000000000000e+00
0.000000000000000000e+00
1.100000000000000000e+02
0.000000000000000000e+00
7.000000000000000000e+00
0.000000000000000000e+00
0.000000000000000000e+00
0.000000000000000000e+00
2.300000000000000000e+01
1.000000000000000000e+00
6.190000000000000000e+02
5.100000000000000000e+01
2.200000000000000000e+02
5.000000000000000000e+00
2.000000000000000000e+01
1.000000000000000000e+00
3.000000000000000000e+00
1.000000000000000000e+00
8.100000000000000000e+01
0.000000000000000000e+00
5.000000000000000000e+00
2.000000000000000000e+00
1.000000000000000000e+00
0.000000000000000000e+00
3.370000000000000000e+02
7.000000000000000000e+00
4.000000000000000000e+00
8.000000000000000000e+00
1.050000000000000000e+02
0.000000000000000000e+00
0.000000000000000000e+00
2.000000000000000000e+00
1.100000000000000000e+01
1.100000000000000000e+02
0.000000000000000000e+00
4.000000000000000000e+00
0.000000000000000000e+00
0.000000000000000000e+00
3.000000000000000000e+00
1.600000000000000000e+01
3.250000000000000000e+02
1.100000000000000000e+01
1.000000000000000000e+00
3.000000000000000000e+00
4.000000000000000000e+00
9.847000000000000000e+03
4.080000000000000000e+02
7.000000000000000000e+00
3.100000000000000000e+01
1.000000000000000000e+00
1.700000000000000000e+01
0.000000000000000000e+00
2.000000000000000000e+00
4.480000000000000000e+02
0.000000000000000000e+00
1.500000000000000000e+01
0.000000000000000000e+00
2.000000000000000000e+00
2.000000000000000000e+01
6.400000000000000000e+01
0.000000000000000000e+00
4.800000000000000000e+01
1.070000000000000000e+02
1.512000000000000000e+03
6.250000000000000000e+02
3.610000000000000000e+02
0.000000000000000000e+00
4.000000000000000000e+00
2.000000000000000000e+00
2.000000000000000000e+00
2.540000000000000000e+02
6.000000000000000000e+00
0.000000000000000000e+00
0.000000000000000000e+00
1.300000000000000000e+01
7.000000000000000000e+00
4.000000000000000000e+00
3.700000000000000000e+01
8.000000000000000000e+00
7.800000000000000000e+01
4.630000000000000000e+02
5.000000000000000000e+00
1.220000000000000000e+02
0.000000000000000000e+00
0.000000000000000000e+00
1.700000000000000000e+01
1.300000000000000000e+01
2.500000000000000000e+01
3.500000000000000000e+01
0.000000000000000000e+00
7.500000000000000000e+01
1.581000000000000000e+03
6.100000000000000000e+01
0.000000000000000000e+00
7.000000000000000000e+00
2.600000000000000000e+01
0.000000000000000000e+00
2.540000000000000000e+02
0.000000000000000000e+00
4.000000000000000000e+00
2.300000000000000000e+01
2.900000000000000000e+01
0.000000000000000000e+00
5.000000000000000000e+00
8.000000000000000000e+00
0.000000000000000000e+00
3.000000000000000000e+00
0.000000000000000000e+00
0.000000000000000000e+00
5.900000000000000000e+01
0.000000000000000000e+00
1.500000000000000000e+01
0.000000000000000000e+00
1.668000000000000000e+03
3.100000000000000000e+01
0.000000000000000000e+00
2.500000000000000000e+01
2.000000000000000000e+00
2.173000000000000000e+03
2.990000000000000000e+02
1.830000000000000000e+02
0.000000000000000000e+00
1.028000000000000000e+03
0.000000000000000000e+00
0.000000000000000000e+00
0.000000000000000000e+00
0.000000000000000000e+00
2.000000000000000000e+00
1.000000000000000000e+00
1.970000000000000000e+02
0.000000000000000000e+00
2.600000000000000000e+01
1.170000000000000000e+02
5.000000000000000000e+00
0.000000000000000000e+00
3.000000000000000000e+00
0.000000000000000000e+00
6.130000000000000000e+02
0.000000000000000000e+00
2.980000000000000000e+02
1.000000000000000000e+00
1.650000000000000000e+02
2.728000000000000000e+03
5.000000000000000000e+00
7.000000000000000000e+00
0.000000000000000000e+00
4.000000000000000000e+00
0.000000000000000000e+00
9.200000000000000000e+01
3.100000000000000000e+01
0.000000000000000000e+00
0.000000000000000000e+00
0.000000000000000000e+00
2.000000000000000000e+00
1.000000000000000000e+00
6.000000000000000000e+00
0.000000000000000000e+00
7.030000000000000000e+02
7.000000000000000000e+00
6.200000000000000000e+01
0.000000000000000000e+00
2.700000000000000000e+01
6.300000000000000000e+01
2.000000000000000000e+00
1.000000000000000000e+01
0.000000000000000000e+00
4.880000000000000000e+02
0.000000000000000000e+00
2.000000000000000000e+00
2.400000000000000000e+01
0.000000000000000000e+00
0.000000000000000000e+00
3.580000000000000000e+02
0.000000000000000000e+00
0.000000000000000000e+00
2.630000000000000000e+02
2.580000000000000000e+02
3.600000000000000000e+01
1.900000000000000000e+01
8.000000000000000000e+00
8.000000000000000000e+00
7.000000000000000000e+01
1.000000000000000000e+00
2.850000000000000000e+03
1.970000000000000000e+02
2.000000000000000000e+00
0.000000000000000000e+00
0.000000000000000000e+00
1.800000000000000000e+01
1.000000000000000000e+00
2.000000000000000000e+01
1.000000000000000000e+00
0.000000000000000000e+00
2.480000000000000000e+02
0.000000000000000000e+00
6.700000000000000000e+01
0.000000000000000000e+00
0.000000000000000000e+00
0.000000000000000000e+00
2.000000000000000000e+00
4.700000000000000000e+01
1.000000000000000000e+00
3.740000000000000000e+02
0.000000000000000000e+00
3.700000000000000000e+01
1.600000000000000000e+01
6.000000000000000000e+00
0.000000000000000000e+00
2.500000000000000000e+01
0.000000000000000000e+00
0.000000000000000000e+00
1.040000000000000000e+02
0.000000000000000000e+00
3.900000000000000000e+02
5.000000000000000000e+00
2.600000000000000000e+01
2.000000000000000000e+00
0.000000000000000000e+00
1.200000000000000000e+01
1.100000000000000000e+01
3.000000000000000000e+00
1.000000000000000000e+00
1.500000000000000000e+01
0.000000000000000000e+00
6.000000000000000000e+00
9.000000000000000000e+00
7.000000000000000000e+00
6.000000000000000000e+00
0.000000000000000000e+00
0.000000000000000000e+00
0.000000000000000000e+00
0.000000000000000000e+00
9.450000000000000000e+02
4.940000000000000000e+02
5.000000000000000000e+01
5.000000000000000000e+00
7.000000000000000000e+00
2.000000000000000000e+00
2.200000000000000000e+01
5.000000000000000000e+00
0.000000000000000000e+00
4.000000000000000000e+00
6.000000000000000000e+00
0.000000000000000000e+00
6.000000000000000000e+00
1.100000000000000000e+01
0.000000000000000000e+00
1.960000000000000000e+02
0.000000000000000000e+00
7.644000000000000000e+03
2.000000000000000000e+00
0.000000000000000000e+00
6.000000000000000000e+00
9.000000000000000000e+00
5.110000000000000000e+02
0.000000000000000000e+00
0.000000000000000000e+00
1.130000000000000000e+02
1.200000000000000000e+01
5.600000000000000000e+01
2.000000000000000000e+00
1.478000000000000000e+03
2.100000000000000000e+01
2.500000000000000000e+01
0.000000000000000000e+00
1.000000000000000000e+00
0.000000000000000000e+00
2.000000000000000000e+00
8.400000000000000000e+01
7.300000000000000000e+01
4.000000000000000000e+00
1.070000000000000000e+02
2.750000000000000000e+02
9.000000000000000000e+00
2.200000000000000000e+01
2.100000000000000000e+02
2.160000000000000000e+02
0.000000000000000000e+00
1.230000000000000000e+02
6.400000000000000000e+01
0.000000000000000000e+00
0.000000000000000000e+00
1.269000000000000000e+03
7.200000000000000000e+01
0.000000000000000000e+00
1.400000000000000000e+01
2.000000000000000000e+00
1.000000000000000000e+00
2.200000000000000000e+01
8.300000000000000000e+01
0.000000000000000000e+00
0.000000000000000000e+00
0.000000000000000000e+00
0.000000000000000000e+00
3.000000000000000000e+00
1.500000000000000000e+01
0.000000000000000000e+00
2.504000000000000000e+03
2.000000000000000000e+00
3.550000000000000000e+02
0.000000000000000000e+00
0.000000000000000000e+00
2.100000000000000000e+01
2.620000000000000000e+02
2.000000000000000000e+00
4.000000000000000000e+00
3.030000000000000000e+02
0.000000000000000000e+00
1.400000000000000000e+01
0.000000000000000000e+00
0.000000000000000000e+00
1.600000000000000000e+01
0.000000000000000000e+00
3.500000000000000000e+01
4.130000000000000000e+02
5.000000000000000000e+00
0.000000000000000000e+00
2.560000000000000000e+02
0.000000000000000000e+00
0.000000000000000000e+00
8.000000000000000000e+00
0.000000000000000000e+00
1.100000000000000000e+01
1.300000000000000000e+01
3.000000000000000000e+00
1.000000000000000000e+00
7.859000000000000000e+03
9.000000000000000000e+00
0.000000000000000000e+00
2.000000000000000000e+02
1.900000000000000000e+01
1.700000000000000000e+01
0.000000000000000000e+00
0.000000000000000000e+00
9.000000000000000000e+00
0.000000000000000000e+00
1.000000000000000000e+00
0.000000000000000000e+00
1.200000000000000000e+01
0.000000000000000000e+00
1.800000000000000000e+01
1.620000000000000000e+02
0.000000000000000000e+00
6.000000000000000000e+00
0.000000000000000000e+00
3.700000000000000000e+01
9.700000000000000000e+01
3.700000000000000000e+01
0.000000000000000000e+00
2.000000000000000000e+00
0.000000000000000000e+00
1.190000000000000000e+02
6.200000000000000000e+01
0.000000000000000000e+00
2.000000000000000000e+00
0.000000000000000000e+00
1.520000000000000000e+02
0.000000000000000000e+00
1.000000000000000000e+00
2.000000000000000000e+00
1.000000000000000000e+00
5.000000000000000000e+01
2.000000000000000000e+00
8.530000000000000000e+02
4.500000000000000000e+01
3.700000000000000000e+01
0.000000000000000000e+00
5.300000000000000000e+01
1.100000000000000000e+01
1.020000000000000000e+03
0.000000000000000000e+00
1.200000000000000000e+01
0.000000000000000000e+00
0.000000000000000000e+00
0.000000000000000000e+00
0.000000000000000000e+00
0.000000000000000000e+00
0.000000000000000000e+00
1.000000000000000000e+00
4.000000000000000000e+00
6.000000000000000000e+01
4.900000000000000000e+01
0.000000000000000000e+00
4.000000000000000000e+00
0.000000000000000000e+00
1.600000000000000000e+01
4.000000000000000000e+00
1.500000000000000000e+01
0.000000000000000000e+00
1.500000000000000000e+01
2.400000000000000000e+01
2.000000000000000000e+00
2.000000000000000000e+00
2.000000000000000000e+00
8.000000000000000000e+00
5.800000000000000000e+01
1.000000000000000000e+01
8.050000000000000000e+02
0.000000000000000000e+00
0.000000000000000000e+00
1.600000000000000000e+01
5.000000000000000000e+00
7.800000000000000000e+01
1.000000000000000000e+02
2.000000000000000000e+00
3.900000000000000000e+01
2.000000000000000000e+01
0.000000000000000000e+00
8.950000000000000000e+02
4.600000000000000000e+01
0.000000000000000000e+00
1.140000000000000000e+02
2.141000000000000000e+03
0.000000000000000000e+00
4.000000000000000000e+00
8.874000000000000000e+03
1.170000000000000000e+02
1.500000000000000000e+01
9.020000000000000000e+02
7.600000000000000000e+01
1.360000000000000000e+02
0.000000000000000000e+00
7.200000000000000000e+01
1.100000000000000000e+01
4.000000000000000000e+00
0.000000000000000000e+00
1.600000000000000000e+01
0.000000000000000000e+00
1.200000000000000000e+01
1.000000000000000000e+00
5.500000000000000000e+01
2.000000000000000000e+00
3.000000000000000000e+00
0.000000000000000000e+00
6.200000000000000000e+01
0.000000000000000000e+00
0.000000000000000000e+00
0.000000000000000000e+00
2.000000000000000000e+00
0.000000000000000000e+00
1.000000000000000000e+01
0.000000000000000000e+00
0.000000000000000000e+00
1.800000000000000000e+01
2.000000000000000000e+00
1.410000000000000000e+02
3.700000000000000000e+01
4.413000000000000000e+03
0.000000000000000000e+00
1.969000000000000000e+03
6.760000000000000000e+02
4.900000000000000000e+01
1.000000000000000000e+00
0.000000000000000000e+00
7.300000000000000000e+01
7.000000000000000000e+00
0.000000000000000000e+00
2.000000000000000000e+00
4.000000000000000000e+00
0.000000000000000000e+00
0.000000000000000000e+00
2.000000000000000000e+00
7.100000000000000000e+01
7.200000000000000000e+01
1.100000000000000000e+01
1.000000000000000000e+00
1.500000000000000000e+01
0.000000000000000000e+00
1.000000000000000000e+00
5.000000000000000000e+00
3.000000000000000000e+00
4.500000000000000000e+01
0.000000000000000000e+00
2.590000000000000000e+02
1.000000000000000000e+00
0.000000000000000000e+00
3.000000000000000000e+00
6.920000000000000000e+02
1.970000000000000000e+02
5.500000000000000000e+01
3.000000000000000000e+00
4.000000000000000000e+00
1.300000000000000000e+01
7.000000000000000000e+00
4.800000000000000000e+01
0.000000000000000000e+00
2.000000000000000000e+00
1.380000000000000000e+03
3.000000000000000000e+00
0.000000000000000000e+00
4.400000000000000000e+01
5.000000000000000000e+01
3.000000000000000000e+00
2.300000000000000000e+01
6.000000000000000000e+00
3.000000000000000000e+00
6.600000000000000000e+01
2.700000000000000000e+01
2.000000000000000000e+00
1.200000000000000000e+01
1.300000000000000000e+01
0.000000000000000000e+00
0.000000000000000000e+00
2.450000000000000000e+02
5.180000000000000000e+02
1.000000000000000000e+00
0.000000000000000000e+00
1.000000000000000000e+00
1.100000000000000000e+01
0.000000000000000000e+00
3.000000000000000000e+00
7.000000000000000000e+01
0.000000000000000000e+00
6.500000000000000000e+01
0.000000000000000000e+00
4.000000000000000000e+00
4.000000000000000000e+00
6.000000000000000000e+00
4.000000000000000000e+00
0.000000000000000000e+00
1.934000000000000000e+03
1.400000000000000000e+01
5.000000000000000000e+00
5.800000000000000000e+01
1.000000000000000000e+03
3.000000000000000000e+00
4.000000000000000000e+00
5.000000000000000000e+00
0.000000000000000000e+00
4.260000000000000000e+03
0.000000000000000000e+00
0.000000000000000000e+00
0.000000000000000000e+00
1.300000000000000000e+02
2.900000000000000000e+01
6.000000000000000000e+00
9.000000000000000000e+00
0.000000000000000000e+00
0.000000000000000000e+00
0.000000000000000000e+00
1.000000000000000000e+00
1.000000000000000000e+00
9.000000000000000000e+00
6.430000000000000000e+02
1.100000000000000000e+03
2.530000000000000000e+02
7.600000000000000000e+01
1.200000000000000000e+01
2.550000000000000000e+02
0.000000000000000000e+00
4.000000000000000000e+00
4.900000000000000000e+01
2.600000000000000000e+01
8.850000000000000000e+02
5.000000000000000000e+00
0.000000000000000000e+00
3.000000000000000000e+00
2.216000000000000000e+03
4.300000000000000000e+01
0.000000000000000000e+00
3.500000000000000000e+01
5.590000000000000000e+02
0.000000000000000000e+00
0.000000000000000000e+00
1.420000000000000000e+02
2.700000000000000000e+01
1.000000000000000000e+00
0.000000000000000000e+00
0.000000000000000000e+00
4.000000000000000000e+00
3.000000000000000000e+00
0.000000000000000000e+00
3.000000000000000000e+00
0.000000000000000000e+00
0.000000000000000000e+00
3.030000000000000000e+02
0.000000000000000000e+00
1.790000000000000000e+02
6.000000000000000000e+00
1.540000000000000000e+02
4.310000000000000000e+02
5.170000000000000000e+02
6.000000000000000000e+00
0.000000000000000000e+00
4.000000000000000000e+00
0.000000000000000000e+00
1.830000000000000000e+02
6.100000000000000000e+01
0.000000000000000000e+00
2.200000000000000000e+01
0.000000000000000000e+00
0.000000000000000000e+00
7.000000000000000000e+00
2.200000000000000000e+01
1.000000000000000000e+00
0.000000000000000000e+00
1.000000000000000000e+01
1.000000000000000000e+00
1.000000000000000000e+00
0.000000000000000000e+00
2.644000000000000000e+03
0.000000000000000000e+00
5.000000000000000000e+00
1.530000000000000000e+02
5.610000000000000000e+02
0.000000000000000000e+00
2.000000000000000000e+00
2.000000000000000000e+00
4.448000000000000000e+03
6.700000000000000000e+01
4.100000000000000000e+01
1.000000000000000000e+00
3.600000000000000000e+01
2.000000000000000000e+00
1.000000000000000000e+01
4.390000000000000000e+02
0.000000000000000000e+00
8.000000000000000000e+00
1.000000000000000000e+00
1.100000000000000000e+01
0.000000000000000000e+00
0.000000000000000000e+00
0.000000000000000000e+00
2.000000000000000000e+00
0.000000000000000000e+00
0.000000000000000000e+00
4.600000000000000000e+01
6.900000000000000000e+01
5.080000000000000000e+02
0.000000000000000000e+00
2.040000000000000000e+02
2.900000000000000000e+01
1.200000000000000000e+01
5.300000000000000000e+01
1.200000000000000000e+01
1.230000000000000000e+02
1.600000000000000000e+01
0.000000000000000000e+00
4.600000000000000000e+01
4.000000000000000000e+00
9.000000000000000000e+00
1.100000000000000000e+01
0.000000000000000000e+00
6.000000000000000000e+00
0.000000000000000000e+00
7.000000000000000000e+00
1.225000000000000000e+03
0.000000000000000000e+00
0.000000000000000000e+00
6.800000000000000000e+01
2.000000000000000000e+00
2.697000000000000000e+03
2.700000000000000000e+01
1.600000000000000000e+01
3.000000000000000000e+00
9.100000000000000000e+01
0.000000000000000000e+00
1.100000000000000000e+01
0.000000000000000000e+00
0.000000000000000000e+00
0.000000000000000000e+00
2.300000000000000000e+01
2.000000000000000000e+00
0.000000000000000000e+00
0.000000000000000000e+00
1.000000000000000000e+00
3.600000000000000000e+01
3.000000000000000000e+00
3.390000000000000000e+02
0.000000000000000000e+00
1.710000000000000000e+02
1.300000000000000000e+01
2.494000000000000000e+03
0.000000000000000000e+00
0.000000000000000000e+00
1.700000000000000000e+01
7.000000000000000000e+00
2.800000000000000000e+01
2.772000000000000000e+03
6.000000000000000000e+00
3.000000000000000000e+00
0.000000000000000000e+00
1.016000000000000000e+03
2.800000000000000000e+01
1.075000000000000000e+03
1.780000000000000000e+02
9.600000000000000000e+01
0.000000000000000000e+00
8.320000000000000000e+02
0.000000000000000000e+00
0.000000000000000000e+00
7.480000000000000000e+02
3.090000000000000000e+02
0.000000000000000000e+00
0.000000000000000000e+00
3.000000000000000000e+00
2.000000000000000000e+00
0.000000000000000000e+00
1.000000000000000000e+00
3.000000000000000000e+01
0.000000000000000000e+00
1.330000000000000000e+02
0.000000000000000000e+00
0.000000000000000000e+00
3.000000000000000000e+00
1.350000000000000000e+02
2.000000000000000000e+00
1.621000000000000000e+03
7.000000000000000000e+00
1.700000000000000000e+01
3.500000000000000000e+01
8.000000000000000000e+00
1.030000000000000000e+03
2.700000000000000000e+01
2.000000000000000000e+00
3.000000000000000000e+00
4.000000000000000000e+00
7.400000000000000000e+01
0.000000000000000000e+00
8.500000000000000000e+01
0.000000000000000000e+00
2.000000000000000000e+00
0.000000000000000000e+00
1.000000000000000000e+01
0.000000000000000000e+00
3.700000000000000000e+01
7.000000000000000000e+00
1.000000000000000000e+00
0.000000000000000000e+00
4.020000000000000000e+02
5.600000000000000000e+02
2.216000000000000000e+03
0.000000000000000000e+00
0.000000000000000000e+00
0.000000000000000000e+00
2.000000000000000000e+00
4.960000000000000000e+02
0.000000000000000000e+00
3.600000000000000000e+01
4.100000000000000000e+01
1.940000000000000000e+02
0.000000000000000000e+00
0.000000000000000000e+00
2.200000000000000000e+01
3.050000000000000000e+02
1.400000000000000000e+01
7.000000000000000000e+00
3.400000000000000000e+01
1.700000000000000000e+01
1.700000000000000000e+01
1.000000000000000000e+00
0.000000000000000000e+00
1.730000000000000000e+02
5.100000000000000000e+01
5.000000000000000000e+00
0.000000000000000000e+00
5.000000000000000000e+00
1.800000000000000000e+01
1.100000000000000000e+01
0.000000000000000000e+00
1.000000000000000000e+01
2.300000000000000000e+01
0.000000000000000000e+00
2.000000000000000000e+00
0.000000000000000000e+00
0.000000000000000000e+00
1.000000000000000000e+00
4.000000000000000000e+00
2.500000000000000000e+01
0.000000000000000000e+00
3.000000000000000000e+00
0.000000000000000000e+00
1.500000000000000000e+01
2.000000000000000000e+01
0.000000000000000000e+00
1.580000000000000000e+02
1.000000000000000000e+00
1.500000000000000000e+01
2.800000000000000000e+01
0.000000000000000000e+00
9.420000000000000000e+02
2.000000000000000000e+00
3.000000000000000000e+00
0.000000000000000000e+00
0.000000000000000000e+00
9.600000000000000000e+01
2.760000000000000000e+02
1.600000000000000000e+02
0.000000000000000000e+00
3.860000000000000000e+02
4.000000000000000000e+01
2.300000000000000000e+01
2.800000000000000000e+01
1.700000000000000000e+01
1.500000000000000000e+01
2.000000000000000000e+00
5.000000000000000000e+00
2.000000000000000000e+00
1.700000000000000000e+01
1.300000000000000000e+01
0.000000000000000000e+00
0.000000000000000000e+00
0.000000000000000000e+00
6.497000000000000000e+03
4.800000000000000000e+01
0.000000000000000000e+00
2.000000000000000000e+00
4.000000000000000000e+00
0.000000000000000000e+00
1.200000000000000000e+01
7.000000000000000000e+00
0.000000000000000000e+00
0.000000000000000000e+00
9.200000000000000000e+01
4.000000000000000000e+00
6.600000000000000000e+01
2.000000000000000000e+00
8.000000000000000000e+00
1.000000000000000000e+00
1.010000000000000000e+02
1.300000000000000000e+02
0.000000000000000000e+00
1.190000000000000000e+02
1.867000000000000000e+03
1.180000000000000000e+02
5.000000000000000000e+00
1.800000000000000000e+01
0.000000000000000000e+00
0.000000000000000000e+00
3.300000000000000000e+01
3.300000000000000000e+01
1.050000000000000000e+02
0.000000000000000000e+00
1.000000000000000000e+00
2.000000000000000000e+01
0.000000000000000000e+00
0.000000000000000000e+00
3.598000000000000000e+03
6.000000000000000000e+00
5.000000000000000000e+00
1.400000000000000000e+01
1.190000000000000000e+02
1.120000000000000000e+02
8.000000000000000000e+00
5.000000000000000000e+01
0.000000000000000000e+00
1.700000000000000000e+01
1.000000000000000000e+00
1.000000000000000000e+00
0.000000000000000000e+00
0.000000000000000000e+00
7.000000000000000000e+00
2.000000000000000000e+00
8.000000000000000000e+00
2.650000000000000000e+02
1.900000000000000000e+01
1.500000000000000000e+01
8.410000000000000000e+02
1.780000000000000000e+02
0.000000000000000000e+00
5.870000000000000000e+02
2.301000000000000000e+03
0.000000000000000000e+00
0.000000000000000000e+00
8.800000000000000000e+01
0.000000000000000000e+00
0.000000000000000000e+00
7.000000000000000000e+00
0.000000000000000000e+00
2.000000000000000000e+00
1.000000000000000000e+00
0.000000000000000000e+00
2.000000000000000000e+00
8.200000000000000000e+01
2.700000000000000000e+01
0.000000000000000000e+00
5.200000000000000000e+01
5.000000000000000000e+01
6.000000000000000000e+00
0.000000000000000000e+00
0.000000000000000000e+00
1.300000000000000000e+01
3.340000000000000000e+02
0.000000000000000000e+00
0.000000000000000000e+00
1.141000000000000000e+03
1.000000000000000000e+00
3.700000000000000000e+01
0.000000000000000000e+00
8.900000000000000000e+01
0.000000000000000000e+00
3.762000000000000000e+03
2.000000000000000000e+00
0.000000000000000000e+00
2.000000000000000000e+00
0.000000000000000000e+00
3.700000000000000000e+01
8.000000000000000000e+00
2.000000000000000000e+00
2.407000000000000000e+03
1.000000000000000000e+00
2.522000000000000000e+03
0.000000000000000000e+00
5.000000000000000000e+00
5.900000000000000000e+01
6.000000000000000000e+00
4.456000000000000000e+03
0.000000000000000000e+00
6.170000000000000000e+02
1.000000000000000000e+01
4.000000000000000000e+00
2.000000000000000000e+00
4.600000000000000000e+01
8.000000000000000000e+00
8.600000000000000000e+01
0.000000000000000000e+00
2.000000000000000000e+00
8.000000000000000000e+00
2.600000000000000000e+01
0.000000000000000000e+00
1.880000000000000000e+02
2.200000000000000000e+01
1.000000000000000000e+00
0.000000000000000000e+00
2.000000000000000000e+00
3.300000000000000000e+01
4.600000000000000000e+01
3.400000000000000000e+01
0.000000000000000000e+00
2.500000000000000000e+02
3.000000000000000000e+00
0.000000000000000000e+00
0.000000000000000000e+00
1.000000000000000000e+00
7.000000000000000000e+01
4.700000000000000000e+01
1.000000000000000000e+00
2.000000000000000000e+00
5.900000000000000000e+01
2.100000000000000000e+01
0.000000000000000000e+00
2.100000000000000000e+01
0.000000000000000000e+00
0.000000000000000000e+00
7.000000000000000000e+00
1.000000000000000000e+00
5.800000000000000000e+01
6.000000000000000000e+00
4.000000000000000000e+00
0.000000000000000000e+00
5.400000000000000000e+01
1.000000000000000000e+01
0.000000000000000000e+00
0.000000000000000000e+00
2.000000000000000000e+00
0.000000000000000000e+00
0.000000000000000000e+00
1.300000000000000000e+01
1.120000000000000000e+02
2.100000000000000000e+01
0.000000000000000000e+00
2.200000000000000000e+01
1.000000000000000000e+01
0.000000000000000000e+00
1.517000000000000000e+03
4.300000000000000000e+01
3.045000000000000000e+03
1.000000000000000000e+00
0.000000000000000000e+00
3.000000000000000000e+00
0.000000000000000000e+00
3.000000000000000000e+00
3.410000000000000000e+02
6.000000000000000000e+00
0.000000000000000000e+00
3.000000000000000000e+00
2.000000000000000000e+00
2.000000000000000000e+00
0.000000000000000000e+00
2.440000000000000000e+02
0.000000000000000000e+00
2.000000000000000000e+00
7.800000000000000000e+01
3.200000000000000000e+01
5.000000000000000000e+00
2.000000000000000000e+00
0.000000000000000000e+00
1.200000000000000000e+01
0.000000000000000000e+00
2.900000000000000000e+01
8.000000000000000000e+00
0.000000000000000000e+00
5.700000000000000000e+01
0.000000000000000000e+00
4.000000000000000000e+00
2.000000000000000000e+01
1.330000000000000000e+02
2.010000000000000000e+02
2.000000000000000000e+00
2.700000000000000000e+01
1.000000000000000000e+00
1.350000000000000000e+02
3.660000000000000000e+02
3.162000000000000000e+03
4.000000000000000000e+00
6.100000000000000000e+01
2.045000000000000000e+03
1.000000000000000000e+00
1.400000000000000000e+01
0.000000000000000000e+00
3.450000000000000000e+03
9.000000000000000000e+00
2.300000000000000000e+02
4.000000000000000000e+00
5.100000000000000000e+01
1.400000000000000000e+01
1.000000000000000000e+01
0.000000000000000000e+00
0.000000000000000000e+00
0.000000000000000000e+00
7.920000000000000000e+02
1.200000000000000000e+01
1.400000000000000000e+01
0.000000000000000000e+00
0.000000000000000000e+00
2.000000000000000000e+00
1.800000000000000000e+01
4.000000000000000000e+00
0.000000000000000000e+00
4.000000000000000000e+01
0.000000000000000000e+00
2.000000000000000000e+00
1.100000000000000000e+01
5.300000000000000000e+01
5.500000000000000000e+01
6.000000000000000000e+00
1.830000000000000000e+02
9.260000000000000000e+02
1.000000000000000000e+00
6.280000000000000000e+02
0.000000000000000000e+00
0.000000000000000000e+00
1.000000000000000000e+00
0.000000000000000000e+00
0.000000000000000000e+00
2.570000000000000000e+02
0.000000000000000000e+00
2.000000000000000000e+00
8.000000000000000000e+00
3.000000000000000000e+00
1.400000000000000000e+01
2.000000000000000000e+00
0.000000000000000000e+00
6.000000000000000000e+00
0.000000000000000000e+00
1.000000000000000000e+01
2.700000000000000000e+01
1.482000000000000000e+03
4.000000000000000000e+01
1.000000000000000000e+01
8.000000000000000000e+00
2.000000000000000000e+00
5.000000000000000000e+00
2.530000000000000000e+02
5.000000000000000000e+00
3.000000000000000000e+00
1.000000000000000000e+00
6.000000000000000000e+00
0.000000000000000000e+00
3.793000000000000000e+03
1.000000000000000000e+00
1.270000000000000000e+02
1.670000000000000000e+02
0.000000000000000000e+00
0.000000000000000000e+00
4.000000000000000000e+00
0.000000000000000000e+00
3.000000000000000000e+00
2.148000000000000000e+03
9.000000000000000000e+00
0.000000000000000000e+00
0.000000000000000000e+00
1.000000000000000000e+00
0.000000000000000000e+00
0.000000000000000000e+00
2.430000000000000000e+02
2.000000000000000000e+00
1.600000000000000000e+02
2.000000000000000000e+00
1.800000000000000000e+01
0.000000000000000000e+00
5.000000000000000000e+00
5.000000000000000000e+01
2.140000000000000000e+02
7.400000000000000000e+01
0.000000000000000000e+00
1.040000000000000000e+02
1.100000000000000000e+01
1.110000000000000000e+02
0.000000000000000000e+00
5.780000000000000000e+02
2.180000000000000000e+02
0.000000000000000000e+00
0.000000000000000000e+00
3.000000000000000000e+00
3.930000000000000000e+02
0.000000000000000000e+00
0.000000000000000000e+00
2.910000000000000000e+02
0.000000000000000000e+00
1.000000000000000000e+00
7.120000000000000000e+02
2.700000000000000000e+01
2.100000000000000000e+01
2.000000000000000000e+01
0.000000000000000000e+00
9.000000000000000000e+00
0.000000000000000000e+00
1.100000000000000000e+01
1.000000000000000000e+00
2.000000000000000000e+00
6.000000000000000000e+00
9.960000000000000000e+02
0.000000000000000000e+00
8.000000000000000000e+00
2.000000000000000000e+00
6.670000000000000000e+02
1.900000000000000000e+01
2.000000000000000000e+00
0.000000000000000000e+00
9.670000000000000000e+02
7.000000000000000000e+00
4.000000000000000000e+00
1.100000000000000000e+01
1.400000000000000000e+01
0.000000000000000000e+00
1.000000000000000000e+00
1.000000000000000000e+00
4.140000000000000000e+02
4.000000000000000000e+00
0.000000000000000000e+00
0.000000000000000000e+00
1.600000000000000000e+01
1.300000000000000000e+01
0.000000000000000000e+00
0.000000000000000000e+00
0.000000000000000000e+00
0.000000000000000000e+00
0.000000000000000000e+00
0.000000000000000000e+00
0.000000000000000000e+00
0.000000000000000000e+00
4.000000000000000000e+00
5.800000000000000000e+01
0.000000000000000000e+00
4.940000000000000000e+02
1.600000000000000000e+01
5.000000000000000000e+00
7.200000000000000000e+01
7.899000000000000000e+03
1.000000000000000000e+01
4.000000000000000000e+00
2.000000000000000000e+01
0.000000000000000000e+00
3.000000000000000000e+00
2.800000000000000000e+01
0.000000000000000000e+00
8.000000000000000000e+00
0.000000000000000000e+00
6.000000000000000000e+00
0.000000000000000000e+00
1.400000000000000000e+01
4.000000000000000000e+00
0.000000000000000000e+00
1.000000000000000000e+00
0.000000000000000000e+00
0.000000000000000000e+00
0.000000000000000000e+00
6.000000000000000000e+00
6.900000000000000000e+01
0.000000000000000000e+00
1.400000000000000000e+01
0.000000000000000000e+00
1.600000000000000000e+01
1.600000000000000000e+01
2.220000000000000000e+02
2.800000000000000000e+01
2.000000000000000000e+02
1.300000000000000000e+01
1.100000000000000000e+01
1.000000000000000000e+01
0.000000000000000000e+00
0.000000000000000000e+00
1.000000000000000000e+00
0.000000000000000000e+00
0.000000000000000000e+00
3.000000000000000000e+00
0.000000000000000000e+00
2.200000000000000000e+01
1.503000000000000000e+03
3.500000000000000000e+01
6.600000000000000000e+01
4.000000000000000000e+00
2.970000000000000000e+02
5.900000000000000000e+01
5.000000000000000000e+00
0.000000000000000000e+00
5.800000000000000000e+01
0.000000000000000000e+00
7.410000000000000000e+02
2.000000000000000000e+00
0.000000000000000000e+00
2.000000000000000000e+00
0.000000000000000000e+00
2.000000000000000000e+00
1.880000000000000000e+02
5.800000000000000000e+01
2.000000000000000000e+00
7.000000000000000000e+00
2.000000000000000000e+00
5.000000000000000000e+00
0.000000000000000000e+00
6.385000000000000000e+03
1.790000000000000000e+02
0.000000000000000000e+00
5.200000000000000000e+01
1.000000000000000000e+00
1.231000000000000000e+03
4.260000000000000000e+02
0.000000000000000000e+00
0.000000000000000000e+00
9.000000000000000000e+00
0.000000000000000000e+00
2.300000000000000000e+01
2.970000000000000000e+02
1.490000000000000000e+02
1.100000000000000000e+02
0.000000000000000000e+00
7.000000000000000000e+00
0.000000000000000000e+00
2.000000000000000000e+00
5.482000000000000000e+03
1.300000000000000000e+01
1.700000000000000000e+01
2.990000000000000000e+02
3.400000000000000000e+01
0.000000000000000000e+00
1.000000000000000000e+00
2.000000000000000000e+00
0.000000000000000000e+00
3.000000000000000000e+00
0.000000000000000000e+00
0.000000000000000000e+00
0.000000000000000000e+00
2.160000000000000000e+02
2.600000000000000000e+01
0.000000000000000000e+00
0.000000000000000000e+00
8.100000000000000000e+01
6.600000000000000000e+01
1.000000000000000000e+00
1.630000000000000000e+02
2.800000000000000000e+01
6.000000000000000000e+00
1.200000000000000000e+01
5.000000000000000000e+00
2.000000000000000000e+00
1.668000000000000000e+03
0.000000000000000000e+00
2.200000000000000000e+01
1.000000000000000000e+00
6.790000000000000000e+02
7.000000000000000000e+00
0.000000000000000000e+00
7.710000000000000000e+02
1.110000000000000000e+02
1.300000000000000000e+01
0.000000000000000000e+00
2.610000000000000000e+02
0.000000000000000000e+00
0.000000000000000000e+00
2.000000000000000000e+00
1.000000000000000000e+00
2.000000000000000000e+00
5.800000000000000000e+01
3.000000000000000000e+00
3.000000000000000000e+00
0.000000000000000000e+00
0.000000000000000000e+00
1.000000000000000000e+00
3.000000000000000000e+00
0.000000000000000000e+00
0.000000000000000000e+00
2.900000000000000000e+01
2.000000000000000000e+00
4.800000000000000000e+01
1.780000000000000000e+02
5.700000000000000000e+01
0.000000000000000000e+00
1.200000000000000000e+01
0.000000000000000000e+00
4.500000000000000000e+01
1.100000000000000000e+01
1.481000000000000000e+03
4.500000000000000000e+01
0.000000000000000000e+00
6.000000000000000000e+00
3.100000000000000000e+01
0.000000000000000000e+00
8.750000000000000000e+02
2.000000000000000000e+00
3.100000000000000000e+01
5.650000000000000000e+02
6.000000000000000000e+00
0.000000000000000000e+00
0.000000000000000000e+00
1.000000000000000000e+01
8.000000000000000000e+00
0.000000000000000000e+00
4.490000000000000000e+02
1.800000000000000000e+02
7.000000000000000000e+00
3.800000000000000000e+01
5.000000000000000000e+00
0.000000000000000000e+00
0.000000000000000000e+00
1.100000000000000000e+01
2.000000000000000000e+00
6.700000000000000000e+01
5.000000000000000000e+00
0.000000000000000000e+00
1.000000000000000000e+00
2.000000000000000000e+00
9.800000000000000000e+01
0.000000000000000000e+00
0.000000000000000000e+00
0.000000000000000000e+00
0.000000000000000000e+00
1.000000000000000000e+00
8.000000000000000000e+01
0.000000000000000000e+00
5.190000000000000000e+02
5.900000000000000000e+01
1.000000000000000000e+00
1.200000000000000000e+01
0.000000000000000000e+00
4.200000000000000000e+01
4.000000000000000000e+00
0.000000000000000000e+00
0.000000000000000000e+00
2.000000000000000000e+00
6.237000000000000000e+03
0.000000000000000000e+00
0.000000000000000000e+00
9.900000000000000000e+01
1.000000000000000000e+01
4.000000000000000000e+00
2.700000000000000000e+02
6.100000000000000000e+01
3.000000000000000000e+00
2.000000000000000000e+00
2.400000000000000000e+01
2.400000000000000000e+01
0.000000000000000000e+00
0.000000000000000000e+00
6.000000000000000000e+00
1.300000000000000000e+01
6.270000000000000000e+02
0.000000000000000000e+00
5.000000000000000000e+01
1.320000000000000000e+02
1.100000000000000000e+01
2.000000000000000000e+00
0.000000000000000000e+00
2.000000000000000000e+00
0.000000000000000000e+00
0.000000000000000000e+00
2.000000000000000000e+01
3.000000000000000000e+00
4.000000000000000000e+00
0.000000000000000000e+00
0.000000000000000000e+00
5.167000000000000000e+03
0.000000000000000000e+00
0.000000000000000000e+00
6.000000000000000000e+00
1.089000000000000000e+03
3.600000000000000000e+01
4.000000000000000000e+00
1.070000000000000000e+02
2.000000000000000000e+00
0.000000000000000000e+00
4.170000000000000000e+02
2.410000000000000000e+02
1.500000000000000000e+01
2.241000000000000000e+03
4.100000000000000000e+01
5.390000000000000000e+02
1.800000000000000000e+01
0.000000000000000000e+00
8.400000000000000000e+01
1.520000000000000000e+02
1.188000000000000000e+03
5.980000000000000000e+02
3.000000000000000000e+00
0.000000000000000000e+00
0.000000000000000000e+00
3.120000000000000000e+02
0.000000000000000000e+00
2.050000000000000000e+02
7.000000000000000000e+00
0.000000000000000000e+00
1.000000000000000000e+00
4.000000000000000000e+00
0.000000000000000000e+00
0.000000000000000000e+00
9.000000000000000000e+00
2.600000000000000000e+01
1.400000000000000000e+02
9.000000000000000000e+00
0.000000000000000000e+00
0.000000000000000000e+00
6.000000000000000000e+00
0.000000000000000000e+00
2.797000000000000000e+03
1.247000000000000000e+03
0.000000000000000000e+00
1.000000000000000000e+00
3.200000000000000000e+01
0.000000000000000000e+00
0.000000000000000000e+00
0.000000000000000000e+00
7.000000000000000000e+00
1.000000000000000000e+00
2.200000000000000000e+01
1.110000000000000000e+02
0.000000000000000000e+00
0.000000000000000000e+00
4.000000000000000000e+00
2.990000000000000000e+02
0.000000000000000000e+00
1.460000000000000000e+02
8.000000000000000000e+00
9.000000000000000000e+00
3.390000000000000000e+02
1.500000000000000000e+01
0.000000000000000000e+00
7.000000000000000000e+00
6.000000000000000000e+00
4.000000000000000000e+01
8.900000000000000000e+01
2.103000000000000000e+03
2.000000000000000000e+00
1.000000000000000000e+00
2.000000000000000000e+00
0.000000000000000000e+00
5.300000000000000000e+01
4.790000000000000000e+02
4.000000000000000000e+00
1.520000000000000000e+02
1.000000000000000000e+00
2.000000000000000000e+00
5.000000000000000000e+00
0.000000000000000000e+00
3.000000000000000000e+00
0.000000000000000000e+00
4.400000000000000000e+01
5.830000000000000000e+02
9.900000000000000000e+01
0.000000000000000000e+00
1.492000000000000000e+03
9.300000000000000000e+01
0.000000000000000000e+00
5.000000000000000000e+00
3.480000000000000000e+02
0.000000000000000000e+00
1.400000000000000000e+01
2.730000000000000000e+02
2.900000000000000000e+01
1.670000000000000000e+02
4.000000000000000000e+00
1.000000000000000000e+00
1.800000000000000000e+01
5.500000000000000000e+01
4.400000000000000000e+01
5.400000000000000000e+01
1.000000000000000000e+00
2.000000000000000000e+00
0.000000000000000000e+00
0.000000000000000000e+00
5.000000000000000000e+00
3.000000000000000000e+00
7.100000000000000000e+01
0.000000000000000000e+00
6.000000000000000000e+00
1.079000000000000000e+03
1.640000000000000000e+02
0.000000000000000000e+00
2.800000000000000000e+01
1.000000000000000000e+01
2.000000000000000000e+00
6.000000000000000000e+00
2.000000000000000000e+00
7.540000000000000000e+02
2.920000000000000000e+02
7.000000000000000000e+00
8.000000000000000000e+00
1.000000000000000000e+01
2.000000000000000000e+00
1.130000000000000000e+02
6.380000000000000000e+02
3.700000000000000000e+01
0.000000000000000000e+00
0.000000000000000000e+00
0.000000000000000000e+00
5.000000000000000000e+00
5.280000000000000000e+02
1.000000000000000000e+02
1.900000000000000000e+01
1.570000000000000000e+02
0.000000000000000000e+00
1.427000000000000000e+03
0.000000000000000000e+00
1.008000000000000000e+03
2.000000000000000000e+00
1.000000000000000000e+01
1.000000000000000000e+00
0.000000000000000000e+00
7.000000000000000000e+00
1.300000000000000000e+01
5.400000000000000000e+01
1.310000000000000000e+02
4.000000000000000000e+00
3.000000000000000000e+00
1.000000000000000000e+00
0.000000000000000000e+00
0.000000000000000000e+00
1.000000000000000000e+00
1.000000000000000000e+00
2.000000000000000000e+00
1.800000000000000000e+01
7.890000000000000000e+02
0.000000000000000000e+00
1.000000000000000000e+00
0.000000000000000000e+00
1.000000000000000000e+00
3.300000000000000000e+02
2.329000000000000000e+03
1.000000000000000000e+00
1.100000000000000000e+02
5.800000000000000000e+01
2.100000000000000000e+01
1.700000000000000000e+01
2.200000000000000000e+01
0.000000000000000000e+00
0.000000000000000000e+00
1.000000000000000000e+00
0.000000000000000000e+00
1.080000000000000000e+02
0.000000000000000000e+00
4.800000000000000000e+01
1.000000000000000000e+00
2.000000000000000000e+00
0.000000000000000000e+00
0.000000000000000000e+00
4.364000000000000000e+03
0.000000000000000000e+00
5.000000000000000000e+00
3.340000000000000000e+02
6.000000000000000000e+00
1.600000000000000000e+01
1.740000000000000000e+02
0.000000000000000000e+00
8.600000000000000000e+01
0.000000000000000000e+00
3.200000000000000000e+01
1.000000000000000000e+00
1.000000000000000000e+00
0.000000000000000000e+00
6.000000000000000000e+01
9.300000000000000000e+01
1.000000000000000000e+00
3.000000000000000000e+00
0.000000000000000000e+00
1.700000000000000000e+01
0.000000000000000000e+00
6.000000000000000000e+00
0.000000000000000000e+00
1.000000000000000000e+00
0.000000000000000000e+00
1.500000000000000000e+01
2.000000000000000000e+00
1.490000000000000000e+02
5.000000000000000000e+00
0.000000000000000000e+00
2.000000000000000000e+01
1.000000000000000000e+00
2.733000000000000000e+03
0.000000000000000000e+00
2.740000000000000000e+02
0.000000000000000000e+00
0.000000000000000000e+00
1.950000000000000000e+02
0.000000000000000000e+00
0.000000000000000000e+00
4.000000000000000000e+00
2.300000000000000000e+01
0.000000000000000000e+00
4.000000000000000000e+00
7.700000000000000000e+01
0.000000000000000000e+00
2.000000000000000000e+00
5.120000000000000000e+02
1.430000000000000000e+02
0.000000000000000000e+00
4.430000000000000000e+02
0.000000000000000000e+00
0.000000000000000000e+00
0.000000000000000000e+00
0.000000000000000000e+00
2.000000000000000000e+00
3.000000000000000000e+00
0.000000000000000000e+00
4.670000000000000000e+02
0.000000000000000000e+00
0.000000000000000000e+00
3.000000000000000000e+00
2.000000000000000000e+00
3.861000000000000000e+03
0.000000000000000000e+00
0.000000000000000000e+00
5.100000000000000000e+01
4.830000000000000000e+02
6.400000000000000000e+01
0.000000000000000000e+00
4.000000000000000000e+00
1.200000000000000000e+01
2.300000000000000000e+01
1.100000000000000000e+01
0.000000000000000000e+00
3.000000000000000000e+00
1.500000000000000000e+01
4.000000000000000000e+00
0.000000000000000000e+00
0.000000000000000000e+00
2.000000000000000000e+00
6.000000000000000000e+00
0.000000000000000000e+00
0.000000000000000000e+00
0.000000000000000000e+00
4.000000000000000000e+00
1.945000000000000000e+03
0.000000000000000000e+00
0.000000000000000000e+00
3.000000000000000000e+00
3.000000000000000000e+00
7.000000000000000000e+00
0.000000000000000000e+00
0.000000000000000000e+00
1.550000000000000000e+02
3.000000000000000000e+00
0.000000000000000000e+00
3.000000000000000000e+00
3.700000000000000000e+01
0.000000000000000000e+00
4.300000000000000000e+01
1.400000000000000000e+01
1.971000000000000000e+03
2.000000000000000000e+00
0.000000000000000000e+00
2.000000000000000000e+00
6.000000000000000000e+00
2.100000000000000000e+01
1.700000000000000000e+01
3.000000000000000000e+00
2.129000000000000000e+03
0.000000000000000000e+00
0.000000000000000000e+00
1.400000000000000000e+01
0.000000000000000000e+00
0.000000000000000000e+00
1.000000000000000000e+01
0.000000000000000000e+00
2.600000000000000000e+01
3.000000000000000000e+00
8.000000000000000000e+00
1.880000000000000000e+02
0.000000000000000000e+00
0.000000000000000000e+00
3.300000000000000000e+01
2.000000000000000000e+00
1.600000000000000000e+01
2.830000000000000000e+02
1.900000000000000000e+01
2.640000000000000000e+02
7.500000000000000000e+01
1.741000000000000000e+03
4.325000000000000000e+03
0.000000000000000000e+00
7.400000000000000000e+01
1.820000000000000000e+02
2.800000000000000000e+01
0.000000000000000000e+00
2.800000000000000000e+01
2.000000000000000000e+00
1.400000000000000000e+01
0.000000000000000000e+00
0.000000000000000000e+00
4.390000000000000000e+02
0.000000000000000000e+00
5.000000000000000000e+00
0.000000000000000000e+00
2.200000000000000000e+01
1.210000000000000000e+02
1.130000000000000000e+02
0.000000000000000000e+00
0.000000000000000000e+00
0.000000000000000000e+00
2.000000000000000000e+00
1.600000000000000000e+01
7.800000000000000000e+01
0.000000000000000000e+00
2.000000000000000000e+00
1.000000000000000000e+01
2.000000000000000000e+00
0.000000000000000000e+00
3.000000000000000000e+00
0.000000000000000000e+00
1.000000000000000000e+01
9.000000000000000000e+00
3.000000000000000000e+00
0.000000000000000000e+00
0.000000000000000000e+00
2.100000000000000000e+01
0.000000000000000000e+00
2.400000000000000000e+01
1.160000000000000000e+02
1.600000000000000000e+01
4.190000000000000000e+02
2.990000000000000000e+02
4.575000000000000000e+03
0.000000000000000000e+00
3.700000000000000000e+01
0.000000000000000000e+00
2.070000000000000000e+02
5.770000000000000000e+02
6.000000000000000000e+01
1.800000000000000000e+02
7.000000000000000000e+00
2.400000000000000000e+02
3.750000000000000000e+02
6.400000000000000000e+01
9.100000000000000000e+01
4.900000000000000000e+01
6.000000000000000000e+01
0.000000000000000000e+00
9.000000000000000000e+00
1.100000000000000000e+01
0.000000000000000000e+00
1.000000000000000000e+00
0.000000000000000000e+00
4.000000000000000000e+00
6.000000000000000000e+00
6.770000000000000000e+02
1.800000000000000000e+01
0.000000000000000000e+00
2.520000000000000000e+02
2.500000000000000000e+01
3.530000000000000000e+02
3.000000000000000000e+00
2.211000000000000000e+03
2.000000000000000000e+00
4.500000000000000000e+01
7.400000000000000000e+01
6.000000000000000000e+00
0.000000000000000000e+00
1.000000000000000000e+00
2.000000000000000000e+00
0.000000000000000000e+00
1.700000000000000000e+01
5.000000000000000000e+00
2.000000000000000000e+00
1.700000000000000000e+01
6.000000000000000000e+00
1.100000000000000000e+01
0.000000000000000000e+00
0.000000000000000000e+00
2.000000000000000000e+00
1.400000000000000000e+01
4.700000000000000000e+01
6.200000000000000000e+01
2.000000000000000000e+01
0.000000000000000000e+00
1.317000000000000000e+03
0.000000000000000000e+00
7.090000000000000000e+02
1.000000000000000000e+00
6.150000000000000000e+02
0.000000000000000000e+00
0.000000000000000000e+00
7.480000000000000000e+02
0.000000000000000000e+00
0.000000000000000000e+00
2.304000000000000000e+03
6.100000000000000000e+01
4.000000000000000000e+00
1.000000000000000000e+00
1.550000000000000000e+02
2.740000000000000000e+02
1.395000000000000000e+03
5.830000000000000000e+02
1.000000000000000000e+01
0.000000000000000000e+00
0.000000000000000000e+00
0.000000000000000000e+00
0.000000000000000000e+00
0.000000000000000000e+00
2.400000000000000000e+01
3.210000000000000000e+02
1.000000000000000000e+00
0.000000000000000000e+00
2.500000000000000000e+01
4.200000000000000000e+01
0.000000000000000000e+00
2.898000000000000000e+03
3.000000000000000000e+00
2.000000000000000000e+00
5.120000000000000000e+02
0.000000000000000000e+00
1.000000000000000000e+00
1.000000000000000000e+00
9.700000000000000000e+01
2.000000000000000000e+00
3.100000000000000000e+01
4.000000000000000000e+00
0.000000000000000000e+00
1.200000000000000000e+01
1.531000000000000000e+03
4.900000000000000000e+01
0.000000000000000000e+00
2.000000000000000000e+00
0.000000000000000000e+00
1.000000000000000000e+00
0.000000000000000000e+00
0.000000000000000000e+00
2.000000000000000000e+00
0.000000000000000000e+00
9.000000000000000000e+00
1.130000000000000000e+02
3.000000000000000000e+00
8.080000000000000000e+02
8.800000000000000000e+01
0.000000000000000000e+00
1.600000000000000000e+01
4.000000000000000000e+01
0.000000000000000000e+00
4.500000000000000000e+01
0.000000000000000000e+00
0.000000000000000000e+00
1.580000000000000000e+02
0.000000000000000000e+00
1.000000000000000000e+00
0.000000000000000000e+00
0.000000000000000000e+00
0.000000000000000000e+00
0.000000000000000000e+00
0.000000000000000000e+00
6.000000000000000000e+00
6.800000000000000000e+01
3.000000000000000000e+00
7.200000000000000000e+01
2.000000000000000000e+00
2.900000000000000000e+01
6.000000000000000000e+00
8.330000000000000000e+02
2.000000000000000000e+01
3.000000000000000000e+00
9.000000000000000000e+00
1.000000000000000000e+00
0.000000000000000000e+00
0.000000000000000000e+00
0.000000000000000000e+00
5.952000000000000000e+03
0.000000000000000000e+00
0.000000000000000000e+00
2.200000000000000000e+01
1.100000000000000000e+01
4.390000000000000000e+02
3.030000000000000000e+02
0.000000000000000000e+00
3.000000000000000000e+00
5.000000000000000000e+00
4.000000000000000000e+00
2.000000000000000000e+00
9.000000000000000000e+00
5.200000000000000000e+01
5.000000000000000000e+01
2.000000000000000000e+00
0.000000000000000000e+00
0.000000000000000000e+00
2.600000000000000000e+01
5.300000000000000000e+01
0.000000000000000000e+00
2.000000000000000000e+00
1.300000000000000000e+01
1.000000000000000000e+01
2.000000000000000000e+00
2.040000000000000000e+02
1.260000000000000000e+02
6.000000000000000000e+00
5.700000000000000000e+01
0.000000000000000000e+00
7.000000000000000000e+00
2.400000000000000000e+01
9.480000000000000000e+02
0.000000000000000000e+00
1.219000000000000000e+03
3.000000000000000000e+00
0.000000000000000000e+00
4.000000000000000000e+00
0.000000000000000000e+00
1.700000000000000000e+01
2.200000000000000000e+01
2.140000000000000000e+02
0.000000000000000000e+00
2.200000000000000000e+01
1.240000000000000000e+02
4.500000000000000000e+01
2.000000000000000000e+00
0.000000000000000000e+00
4.000000000000000000e+00
0.000000000000000000e+00
2.000000000000000000e+00
6.000000000000000000e+00
0.000000000000000000e+00
0.000000000000000000e+00
1.200000000000000000e+01
0.000000000000000000e+00
3.271000000000000000e+03
2.000000000000000000e+00
0.000000000000000000e+00
1.900000000000000000e+01
7.200000000000000000e+01
1.000000000000000000e+00
2.000000000000000000e+00
1.890000000000000000e+02
1.100000000000000000e+01
1.500000000000000000e+01
6.350000000000000000e+03
5.000000000000000000e+00
0.000000000000000000e+00
1.000000000000000000e+00
0.000000000000000000e+00
0.000000000000000000e+00
0.000000000000000000e+00
2.000000000000000000e+00
2.300000000000000000e+01
0.000000000000000000e+00
1.000000000000000000e+00
1.430000000000000000e+02
6.780000000000000000e+02
1.300000000000000000e+01
0.000000000000000000e+00
1.700000000000000000e+01
3.938000000000000000e+03
7.300000000000000000e+02
2.000000000000000000e+00
0.000000000000000000e+00
0.000000000000000000e+00
0.000000000000000000e+00
0.000000000000000000e+00
1.000000000000000000e+01
1.100000000000000000e+01
1.000000000000000000e+01
0.000000000000000000e+00
0.000000000000000000e+00
9.300000000000000000e+01
3.115000000000000000e+03
8.020000000000000000e+02
1.100000000000000000e+01
4.000000000000000000e+00
4.300000000000000000e+01
1.220000000000000000e+02
3.000000000000000000e+00
3.040000000000000000e+02
1.000000000000000000e+00
3.490000000000000000e+02
1.600000000000000000e+01
4.438000000000000000e+03
0.000000000000000000e+00
4.000000000000000000e+00
7.000000000000000000e+00
0.000000000000000000e+00
3.200000000000000000e+01
0.000000000000000000e+00
5.400000000000000000e+01
2.000000000000000000e+00
0.000000000000000000e+00
0.000000000000000000e+00
1.000000000000000000e+00
2.180000000000000000e+02
0.000000000000000000e+00
2.500000000000000000e+01
1.100000000000000000e+01
0.000000000000000000e+00
1.000000000000000000e+00
3.000000000000000000e+00
0.000000000000000000e+00
3.320000000000000000e+02
1.180000000000000000e+02
1.800000000000000000e+01
0.000000000000000000e+00
1.000000000000000000e+00
0.000000000000000000e+00
6.200000000000000000e+01
0.000000000000000000e+00
6.300000000000000000e+01
0.000000000000000000e+00
1.000000000000000000e+00
0.000000000000000000e+00
1.200000000000000000e+01
0.000000000000000000e+00
7.500000000000000000e+01
0.000000000000000000e+00
4.000000000000000000e+00
0.000000000000000000e+00
1.121000000000000000e+03
3.000000000000000000e+00
9.000000000000000000e+00
0.000000000000000000e+00
3.050000000000000000e+02
0.000000000000000000e+00
3.100000000000000000e+01
1.950000000000000000e+02
4.100000000000000000e+01
9.000000000000000000e+00
0.000000000000000000e+00
0.000000000000000000e+00
3.000000000000000000e+00
9.840000000000000000e+02
0.000000000000000000e+00
9.600000000000000000e+01
2.000000000000000000e+00
0.000000000000000000e+00
2.000000000000000000e+00
7.000000000000000000e+00
4.000000000000000000e+00
0.000000000000000000e+00
2.200000000000000000e+01
2.000000000000000000e+01
2.000000000000000000e+00
3.000000000000000000e+00
0.000000000000000000e+00
0.000000000000000000e+00
2.400000000000000000e+01
0.000000000000000000e+00
2.000000000000000000e+00
6.000000000000000000e+00
1.267000000000000000e+03
4.000000000000000000e+00
1.150000000000000000e+02
0.000000000000000000e+00
1.024000000000000000e+03
3.500000000000000000e+01
1.000000000000000000e+00
4.600000000000000000e+01
3.689000000000000000e+03
2.880000000000000000e+02
3.000000000000000000e+01
0.000000000000000000e+00
1.000000000000000000e+00
0.000000000000000000e+00
0.000000000000000000e+00
1.100000000000000000e+01
1.230000000000000000e+02
0.000000000000000000e+00
1.000000000000000000e+00
2.000000000000000000e+00
1.000000000000000000e+01
0.000000000000000000e+00
3.000000000000000000e+00
1.160000000000000000e+02
3.100000000000000000e+01
2.120000000000000000e+02
7.000000000000000000e+00
0.000000000000000000e+00
7.900000000000000000e+01
0.000000000000000000e+00
1.990000000000000000e+02
0.000000000000000000e+00
6.000000000000000000e+00
2.700000000000000000e+01
0.000000000000000000e+00
3.197000000000000000e+03
0.000000000000000000e+00
3.000000000000000000e+01
0.000000000000000000e+00
1.102000000000000000e+03
2.000000000000000000e+01
6.000000000000000000e+00
1.840000000000000000e+02
0.000000000000000000e+00
2.600000000000000000e+01
0.000000000000000000e+00
4.900000000000000000e+01
0.000000000000000000e+00
2.000000000000000000e+00
0.000000000000000000e+00
2.300000000000000000e+02
7.000000000000000000e+00
1.953000000000000000e+03
1.000000000000000000e+00
1.100000000000000000e+01
3.900000000000000000e+01
1.410000000000000000e+02
4.100000000000000000e+01
1.000000000000000000e+01
1.500000000000000000e+01
0.000000000000000000e+00
1.200000000000000000e+01
0.000000000000000000e+00
3.290000000000000000e+02
0.000000000000000000e+00
0.000000000000000000e+00
2.000000000000000000e+00
8.000000000000000000e+00
2.400000000000000000e+02
3.000000000000000000e+00
0.000000000000000000e+00
3.000000000000000000e+00
6.200000000000000000e+01
5.833000000000000000e+03
0.000000000000000000e+00
1.622000000000000000e+03
2.000000000000000000e+00
1.000000000000000000e+00
2.800000000000000000e+01
1.570000000000000000e+02
8.000000000000000000e+00
3.000000000000000000e+00
5.140000000000000000e+02
0.000000000000000000e+00
3.200000000000000000e+01
0.000000000000000000e+00
0.000000000000000000e+00
1.300000000000000000e+01
3.300000000000000000e+01
0.000000000000000000e+00
7.000000000000000000e+00
2.000000000000000000e+00
2.000000000000000000e+00
1.000000000000000000e+01
2.900000000000000000e+01
1.300000000000000000e+01
0.000000000000000000e+00
2.490000000000000000e+03
3.070000000000000000e+02
1.000000000000000000e+00
4.000000000000000000e+00
6.000000000000000000e+00
0.000000000000000000e+00
2.000000000000000000e+00
5.000000000000000000e+00
1.200000000000000000e+01
2.000000000000000000e+00
0.000000000000000000e+00
1.000000000000000000e+00
0.000000000000000000e+00
2.000000000000000000e+01
0.000000000000000000e+00
4.000000000000000000e+00
4.000000000000000000e+00
2.000000000000000000e+00
0.000000000000000000e+00
6.800000000000000000e+01
8.000000000000000000e+00
1.358000000000000000e+03
2.800000000000000000e+01
5.000000000000000000e+00
0.000000000000000000e+00
8.600000000000000000e+01
0.000000000000000000e+00
2.473000000000000000e+03
1.790000000000000000e+02
3.000000000000000000e+00
1.890000000000000000e+02
0.000000000000000000e+00
1.990000000000000000e+02
2.100000000000000000e+02
0.000000000000000000e+00
2.900000000000000000e+01
0.000000000000000000e+00
0.000000000000000000e+00
1.900000000000000000e+01
1.220000000000000000e+02
0.000000000000000000e+00
6.640000000000000000e+02
0.000000000000000000e+00
4.000000000000000000e+00
2.600000000000000000e+01
4.900000000000000000e+01
0.000000000000000000e+00
0.000000000000000000e+00
1.000000000000000000e+00
1.400000000000000000e+01
2.000000000000000000e+00
0.000000000000000000e+00
1.500000000000000000e+01
0.000000000000000000e+00
6.000000000000000000e+00
1.400000000000000000e+01
3.000000000000000000e+00
5.000000000000000000e+00
2.000000000000000000e+00
1.600000000000000000e+01
4.000000000000000000e+00
1.700000000000000000e+01
1.000000000000000000e+00
3.000000000000000000e+00
6.400000000000000000e+01
0.000000000000000000e+00
9.000000000000000000e+02
2.300000000000000000e+01
0.000000000000000000e+00
3.000000000000000000e+00
0.000000000000000000e+00
1.000000000000000000e+00
0.000000000000000000e+00
2.610000000000000000e+02
0.000000000000000000e+00
0.000000000000000000e+00
3.200000000000000000e+01
1.600000000000000000e+01
2.100000000000000000e+01
4.000000000000000000e+00
1.000000000000000000e+00
0.000000000000000000e+00
5.000000000000000000e+00
2.700000000000000000e+01
1.500000000000000000e+01
0.000000000000000000e+00
5.000000000000000000e+01
1.100000000000000000e+01
0.000000000000000000e+00
1.700000000000000000e+01
1.400000000000000000e+01
3.000000000000000000e+00
4.063000000000000000e+03
3.882000000000000000e+03
4.000000000000000000e+00
4.300000000000000000e+01
0.000000000000000000e+00
2.000000000000000000e+00
0.000000000000000000e+00
0.000000000000000000e+00
1.500000000000000000e+01
1.600000000000000000e+01
0.000000000000000000e+00
6.000000000000000000e+00
8.000000000000000000e+01
2.000000000000000000e+02
8.000000000000000000e+00
1.150000000000000000e+02
3.000000000000000000e+00
1.300000000000000000e+01
0.000000000000000000e+00
2.020000000000000000e+02
5.000000000000000000e+00
2.900000000000000000e+01
0.000000000000000000e+00
0.000000000000000000e+00
2.000000000000000000e+00
1.900000000000000000e+01
2.880000000000000000e+02
6.000000000000000000e+00
2.700000000000000000e+01
1.810000000000000000e+02
1.500000000000000000e+01
1.000000000000000000e+00
6.200000000000000000e+01
2.000000000000000000e+00
3.800000000000000000e+01
0.000000000000000000e+00
5.995000000000000000e+03
1.400000000000000000e+01
0.000000000000000000e+00
0.000000000000000000e+00
1.900000000000000000e+01
2.112000000000000000e+03
1.090000000000000000e+02
4.500000000000000000e+01
0.000000000000000000e+00
9.000000000000000000e+01
2.000000000000000000e+01
2.000000000000000000e+00
0.000000000000000000e+00
2.000000000000000000e+00
1.790000000000000000e+02
0.000000000000000000e+00
2.000000000000000000e+00
5.200000000000000000e+01
8.000000000000000000e+00
0.000000000000000000e+00
7.000000000000000000e+00
0.000000000000000000e+00
6.420000000000000000e+02
1.460000000000000000e+02
2.100000000000000000e+01
1.000000000000000000e+00
1.900000000000000000e+01
2.000000000000000000e+00
1.000000000000000000e+00
0.000000000000000000e+00
0.000000000000000000e+00
0.000000000000000000e+00
8.400000000000000000e+01
4.600000000000000000e+01
0.000000000000000000e+00
1.000000000000000000e+00
1.000000000000000000e+01
2.200000000000000000e+01
3.300000000000000000e+01
8.800000000000000000e+01
5.000000000000000000e+00
6.000000000000000000e+00
2.700000000000000000e+01
1.400000000000000000e+01
1.900000000000000000e+01
2.000000000000000000e+01
3.000000000000000000e+00
6.900000000000000000e+01
0.000000000000000000e+00
2.160000000000000000e+02
0.000000000000000000e+00
0.000000000000000000e+00
3.700000000000000000e+01
0.000000000000000000e+00
0.000000000000000000e+00
6.000000000000000000e+00
0.000000000000000000e+00
6.800000000000000000e+01
3.960000000000000000e+02
0.000000000000000000e+00
4.140000000000000000e+02
0.000000000000000000e+00
3.000000000000000000e+02
0.000000000000000000e+00
7.000000000000000000e+00
0.000000000000000000e+00
5.971000000000000000e+03
6.300000000000000000e+01
3.300000000000000000e+01
1.000000000000000000e+00
6.720000000000000000e+02
2.500000000000000000e+01
0.000000000000000000e+00
0.000000000000000000e+00
4.000000000000000000e+00
1.030000000000000000e+02
0.000000000000000000e+00
0.000000000000000000e+00
0.000000000000000000e+00
8.000000000000000000e+00
0.000000000000000000e+00
2.324000000000000000e+03
2.000000000000000000e+00
1.289000000000000000e+03
3.900000000000000000e+01
3.000000000000000000e+00
0.000000000000000000e+00
6.300000000000000000e+01
1.500000000000000000e+01
2.000000000000000000e+00
0.000000000000000000e+00
1.000000000000000000e+01
2.700000000000000000e+01
2.820000000000000000e+02
0.000000000000000000e+00
0.000000000000000000e+00
6.200000000000000000e+01
8.000000000000000000e+00
0.000000000000000000e+00
5.900000000000000000e+01
0.000000000000000000e+00
0.000000000000000000e+00
6.050000000000000000e+02
8.700000000000000000e+01
5.200000000000000000e+01
4.750000000000000000e+02
2.400000000000000000e+01
9.000000000000000000e+00
2.000000000000000000e+00
1.840000000000000000e+02
3.000000000000000000e+00
2.700000000000000000e+01
5.300000000000000000e+01
0.000000000000000000e+00
2.000000000000000000e+00
4.500000000000000000e+01
0.000000000000000000e+00
5.000000000000000000e+00
1.400000000000000000e+01
7.400000000000000000e+01
0.000000000000000000e+00
2.000000000000000000e+00
2.230000000000000000e+02
8.210000000000000000e+02
2.300000000000000000e+01
0.000000000000000000e+00
3.344000000000000000e+03
3.930000000000000000e+02
1.200000000000000000e+01
0.000000000000000000e+00
3.600000000000000000e+01
5.000000000000000000e+00
0.000000000000000000e+00
1.000000000000000000e+00
1.104000000000000000e+03
0.000000000000000000e+00
1.406000000000000000e+03
0.000000000000000000e+00
3.000000000000000000e+00
1.288000000000000000e+03
2.300000000000000000e+02
2.400000000000000000e+01
0.000000000000000000e+00
1.000000000000000000e+00
1.020000000000000000e+02
5.000000000000000000e+01
3.200000000000000000e+01
1.100000000000000000e+01
2.420000000000000000e+02
1.320000000000000000e+02
1.000000000000000000e+00
1.440000000000000000e+03
1.156000000000000000e+03
3.700000000000000000e+01
1.000000000000000000e+01
6.000000000000000000e+00
8.000000000000000000e+00
2.000000000000000000e+00
0.000000000000000000e+00
0.000000000000000000e+00
8.000000000000000000e+00
1.400000000000000000e+01
3.000000000000000000e+00
8.000000000000000000e+01
4.650000000000000000e+02
1.000000000000000000e+00
1.000000000000000000e+00
0.000000000000000000e+00
4.000000000000000000e+00
0.000000000000000000e+00
0.000000000000000000e+00
1.000000000000000000e+00
2.590000000000000000e+02
4.000000000000000000e+00
3.300000000000000000e+02
1.000000000000000000e+00
1.000000000000000000e+00
1.050000000000000000e+02
2.000000000000000000e+00
0.000000000000000000e+00
5.930000000000000000e+02
0.000000000000000000e+00
2.000000000000000000e+00
6.000000000000000000e+01
4.000000000000000000e+00
0.000000000000000000e+00
2.000000000000000000e+00
1.190000000000000000e+02
0.000000000000000000e+00
1.000000000000000000e+00
1.250000000000000000e+02
0.000000000000000000e+00
8.190000000000000000e+03
4.100000000000000000e+02
0.000000000000000000e+00
0.000000000000000000e+00
1.470000000000000000e+02
1.000000000000000000e+01
1.500000000000000000e+01
4.000000000000000000e+00
0.000000000000000000e+00
1.880000000000000000e+02
3.100000000000000000e+01
2.000000000000000000e+00
4.000000000000000000e+00
0.000000000000000000e+00
7.000000000000000000e+00
3.000000000000000000e+00
1.420000000000000000e+02
5.300000000000000000e+01
6.000000000000000000e+01
2.000000000000000000e+00
1.030000000000000000e+02
1.000000000000000000e+00
2.210000000000000000e+02
2.000000000000000000e+00
1.000000000000000000e+00
4.431000000000000000e+03
5.000000000000000000e+00
0.000000000000000000e+00
0.000000000000000000e+00
1.850000000000000000e+03
4.000000000000000000e+00
0.000000000000000000e+00
0.000000000000000000e+00
1.000000000000000000e+01
0.000000000000000000e+00
2.720000000000000000e+02
1.840000000000000000e+02
7.000000000000000000e+01
0.000000000000000000e+00
6.000000000000000000e+00
7.390000000000000000e+02
3.190000000000000000e+02
1.100000000000000000e+01
2.000000000000000000e+00
4.100000000000000000e+01
8.000000000000000000e+00
6.000000000000000000e+00
0.000000000000000000e+00
0.000000000000000000e+00
0.000000000000000000e+00
1.343000000000000000e+03
0.000000000000000000e+00
1.800000000000000000e+01
1.700000000000000000e+01
0.000000000000000000e+00
2.640000000000000000e+02
0.000000000000000000e+00
1.000000000000000000e+00
7.000000000000000000e+00
0.000000000000000000e+00
2.000000000000000000e+00
1.000000000000000000e+00
7.500000000000000000e+01
8.700000000000000000e+01
0.000000000000000000e+00
1.100000000000000000e+01
2.300000000000000000e+02
9.000000000000000000e+00
1.340000000000000000e+02
1.700000000000000000e+01
0.000000000000000000e+00
7.400000000000000000e+01
2.570000000000000000e+02
1.100000000000000000e+01
2.000000000000000000e+00
0.000000000000000000e+00
1.000000000000000000e+00
4.000000000000000000e+00
9.000000000000000000e+00
0.000000000000000000e+00
6.000000000000000000e+00
1.249000000000000000e+03
0.000000000000000000e+00
0.000000000000000000e+00
0.000000000000000000e+00
0.000000000000000000e+00
6.000000000000000000e+00
4.000000000000000000e+00
9.000000000000000000e+00
2.100000000000000000e+01
0.000000000000000000e+00
2.300000000000000000e+02
2.200000000000000000e+01
5.000000000000000000e+00
1.700000000000000000e+02
3.900000000000000000e+01
0.000000000000000000e+00
0.000000000000000000e+00
4.000000000000000000e+00
1.000000000000000000e+00
2.000000000000000000e+00
1.450000000000000000e+02
3.500000000000000000e+01
0.000000000000000000e+00
2.000000000000000000e+00
1.000000000000000000e+00
0.000000000000000000e+00
2.100000000000000000e+01
5.000000000000000000e+00
4.400000000000000000e+01
5.000000000000000000e+00
4.000000000000000000e+00
1.000000000000000000e+00
1.700000000000000000e+01
1.000000000000000000e+00
4.000000000000000000e+00
0.000000000000000000e+00
6.000000000000000000e+00
1.000000000000000000e+01
4.400000000000000000e+01
0.000000000000000000e+00
4.398000000000000000e+03
2.900000000000000000e+01
5.000000000000000000e+00
0.000000000000000000e+00
0.000000000000000000e+00
1.660000000000000000e+02
1.000000000000000000e+00
2.300000000000000000e+01
8.850000000000000000e+02
2.000000000000000000e+00
3.000000000000000000e+00
1.000000000000000000e+01
9.000000000000000000e+00
1.000000000000000000e+00
0.000000000000000000e+00
3.000000000000000000e+00
0.000000000000000000e+00
1.000000000000000000e+01
4.000000000000000000e+00
0.000000000000000000e+00
6.500000000000000000e+01
2.200000000000000000e+01
2.000000000000000000e+00
3.480000000000000000e+02
6.370000000000000000e+02
7.960000000000000000e+02
1.320000000000000000e+02
0.000000000000000000e+00
0.000000000000000000e+00
0.000000000000000000e+00
6.000000000000000000e+00
5.000000000000000000e+00
0.000000000000000000e+00
7.000000000000000000e+00
0.000000000000000000e+00
1.066000000000000000e+03
6.000000000000000000e+00
0.000000000000000000e+00
4.841000000000000000e+03
0.000000000000000000e+00
8.590000000000000000e+02
5.450000000000000000e+02
2.000000000000000000e+00
4.000000000000000000e+00
3.200000000000000000e+01
0.000000000000000000e+00
0.000000000000000000e+00
9.470000000000000000e+02
2.889000000000000000e+03
0.000000000000000000e+00
1.163000000000000000e+03
1.000000000000000000e+00
1.000000000000000000e+00
0.000000000000000000e+00
8.300000000000000000e+01
9.000000000000000000e+00
0.000000000000000000e+00
3.300000000000000000e+01
3.000000000000000000e+00
0.000000000000000000e+00
0.000000000000000000e+00
9.800000000000000000e+01
2.090000000000000000e+02
1.070000000000000000e+02
1.300000000000000000e+01
3.000000000000000000e+00
1.454000000000000000e+03
0.000000000000000000e+00
0.000000000000000000e+00
2.600000000000000000e+01
1.040000000000000000e+02
0.000000000000000000e+00
2.200000000000000000e+01
4.000000000000000000e+00
0.000000000000000000e+00
3.500000000000000000e+01
3.100000000000000000e+01
5.000000000000000000e+00
0.000000000000000000e+00
0.000000000000000000e+00
5.000000000000000000e+00
2.850000000000000000e+02
0.000000000000000000e+00
1.300000000000000000e+01
2.900000000000000000e+01
8.100000000000000000e+01
4.100000000000000000e+01
1.000000000000000000e+00
2.000000000000000000e+00
0.000000000000000000e+00
3.520000000000000000e+02
0.000000000000000000e+00
1.970000000000000000e+02
2.000000000000000000e+00
0.000000000000000000e+00
1.000000000000000000e+00
1.500000000000000000e+02
2.400000000000000000e+01
0.000000000000000000e+00
2.000000000000000000e+00
0.000000000000000000e+00
6.000000000000000000e+00
3.090000000000000000e+02
1.200000000000000000e+01
1.175000000000000000e+03
2.000000000000000000e+01
1.100000000000000000e+01
2.000000000000000000e+00
6.000000000000000000e+00
2.410000000000000000e+02
1.980000000000000000e+02
6.100000000000000000e+02
2.000000000000000000e+00
1.000000000000000000e+00
1.000000000000000000e+01
1.000000000000000000e+01
0.000000000000000000e+00
0.000000000000000000e+00
1.121000000000000000e+03
5.900000000000000000e+01
3.100000000000000000e+01
9.400000000000000000e+01
1.500000000000000000e+02
2.000000000000000000e+00
4.761000000000000000e+03
0.000000000000000000e+00
3.140000000000000000e+02
0.000000000000000000e+00
2.980000000000000000e+02
2.000000000000000000e+00
0.000000000000000000e+00
0.000000000000000000e+00
2.000000000000000000e+00
0.000000000000000000e+00
4.990000000000000000e+02
0.000000000000000000e+00
2.700000000000000000e+01
5.000000000000000000e+00
2.000000000000000000e+00
8.940000000000000000e+02
4.000000000000000000e+00
2.110000000000000000e+02
1.000000000000000000e+00
0.000000000000000000e+00
1.000000000000000000e+00
1.593000000000000000e+03
2.420000000000000000e+02
6.050000000000000000e+02
5.100000000000000000e+01
0.000000000000000000e+00
3.900000000000000000e+01
4.600000000000000000e+01
1.000000000000000000e+00
1.725000000000000000e+03
0.000000000000000000e+00
1.710000000000000000e+02
0.000000000000000000e+00
5.500000000000000000e+01
0.000000000000000000e+00
1.100000000000000000e+01
3.500000000000000000e+01
2.620000000000000000e+02
1.000000000000000000e+00
4.570000000000000000e+02
0.000000000000000000e+00
1.730000000000000000e+02
9.560000000000000000e+02
9.000000000000000000e+00
0.000000000000000000e+00
1.600000000000000000e+01
2.000000000000000000e+00
1.900000000000000000e+02
9.000000000000000000e+00
1.000000000000000000e+01
2.000000000000000000e+00
7.000000000000000000e+00
0.000000000000000000e+00
2.000000000000000000e+00
7.250000000000000000e+02
3.000000000000000000e+01
2.500000000000000000e+01
1.035000000000000000e+03
2.100000000000000000e+01
0.000000000000000000e+00
1.500000000000000000e+01
1.700000000000000000e+01
0.000000000000000000e+00
1.000000000000000000e+00
0.000000000000000000e+00
0.000000000000000000e+00
1.924000000000000000e+03
8.600000000000000000e+01
0.000000000000000000e+00
1.620000000000000000e+02
0.000000000000000000e+00
4.200000000000000000e+01
1.000000000000000000e+00
1.200000000000000000e+01
5.000000000000000000e+00
9.100000000000000000e+01
2.500000000000000000e+01
8.230000000000000000e+02
5.000000000000000000e+00
0.000000000000000000e+00
0.000000000000000000e+00
6.000000000000000000e+00
9.320000000000000000e+02
3.540000000000000000e+02
0.000000000000000000e+00
2.000000000000000000e+00
5.100000000000000000e+01
0.000000000000000000e+00
3.000000000000000000e+00
3.000000000000000000e+00
0.000000000000000000e+00
5.000000000000000000e+01
9.000000000000000000e+00
4.000000000000000000e+00
5.000000000000000000e+01
0.000000000000000000e+00
2.000000000000000000e+00
0.000000000000000000e+00
2.000000000000000000e+00
1.000000000000000000e+00
0.000000000000000000e+00
3.000000000000000000e+00
0.000000000000000000e+00
6.900000000000000000e+01
3.100000000000000000e+01
0.000000000000000000e+00
1.820000000000000000e+02
0.000000000000000000e+00
0.000000000000000000e+00
0.000000000000000000e+00
0.000000000000000000e+00
0.000000000000000000e+00
1.000000000000000000e+00
2.500000000000000000e+02
2.000000000000000000e+00
8.000000000000000000e+00
0.000000000000000000e+00
0.000000000000000000e+00
0.000000000000000000e+00
2.000000000000000000e+00
1.600000000000000000e+01
5.000000000000000000e+00
5.000000000000000000e+00
0.000000000000000000e+00
1.200000000000000000e+01
0.000000000000000000e+00
4.000000000000000000e+00
0.000000000000000000e+00
0.000000000000000000e+00
0.000000000000000000e+00
9.500000000000000000e+01
0.000000000000000000e+00
2.600000000000000000e+01
1.300000000000000000e+01
1.200000000000000000e+01
4.100000000000000000e+01
0.000000000000000000e+00
0.000000000000000000e+00
1.000000000000000000e+00
1.000000000000000000e+00
3.000000000000000000e+01
0.000000000000000000e+00
7.000000000000000000e+00
2.228000000000000000e+03
0.000000000000000000e+00
0.000000000000000000e+00
4.290000000000000000e+02
0.000000000000000000e+00
3.000000000000000000e+00
9.000000000000000000e+00
0.000000000000000000e+00
0.000000000000000000e+00
0.000000000000000000e+00
2.400000000000000000e+01
1.000000000000000000e+01
0.000000000000000000e+00
2.925000000000000000e+03
6.000000000000000000e+00
2.800000000000000000e+01
1.380000000000000000e+02
9.300000000000000000e+01
2.000000000000000000e+00
3.300000000000000000e+01
0.000000000000000000e+00
4.952000000000000000e+03
7.300000000000000000e+01
8.430000000000000000e+02
0.000000000000000000e+00
4.000000000000000000e+00
0.000000000000000000e+00
0.000000000000000000e+00
0.000000000000000000e+00
0.000000000000000000e+00
1.420000000000000000e+02
0.000000000000000000e+00
1.500000000000000000e+01
2.630000000000000000e+02
8.000000000000000000e+00
1.300000000000000000e+01
2.000000000000000000e+01
1.346000000000000000e+03
1.900000000000000000e+01
2.100000000000000000e+01
3.000000000000000000e+00
0.000000000000000000e+00
1.500000000000000000e+01
0.000000000000000000e+00
4.100000000000000000e+01
0.000000000000000000e+00
1.000000000000000000e+00
0.000000000000000000e+00
2.400000000000000000e+01
0.000000000000000000e+00
3.600000000000000000e+01
4.420000000000000000e+02
3.200000000000000000e+01
2.000000000000000000e+00
6.120000000000000000e+02
1.500000000000000000e+01
3.300000000000000000e+01
0.000000000000000000e+00
1.100000000000000000e+01
1.500000000000000000e+01
0.000000000000000000e+00
1.200000000000000000e+01
0.000000000000000000e+00
0.000000000000000000e+00
0.000000000000000000e+00
3.087000000000000000e+03
2.000000000000000000e+00
0.000000000000000000e+00
3.000000000000000000e+00
1.138000000000000000e+03
3.100000000000000000e+01
0.000000000000000000e+00
1.173000000000000000e+03
7.000000000000000000e+00
3.200000000000000000e+01
0.000000000000000000e+00
2.000000000000000000e+00
0.000000000000000000e+00
1.340000000000000000e+02
0.000000000000000000e+00
0.000000000000000000e+00
9.000000000000000000e+00
3.000000000000000000e+00
5.000000000000000000e+01
1.777000000000000000e+03
2.000000000000000000e+00
1.000000000000000000e+00
6.000000000000000000e+00
0.000000000000000000e+00
2.000000000000000000e+00
2.800000000000000000e+02
0.000000000000000000e+00
0.000000000000000000e+00
7.000000000000000000e+00
2.600000000000000000e+01
0.000000000000000000e+00
4.000000000000000000e+00
0.000000000000000000e+00
0.000000000000000000e+00
6.000000000000000000e+00
5.000000000000000000e+00
2.560000000000000000e+02
4.000000000000000000e+00
1.000000000000000000e+00
8.000000000000000000e+01
2.000000000000000000e+00
1.300000000000000000e+01
1.312000000000000000e+03
1.000000000000000000e+01
0.000000000000000000e+00
6.240000000000000000e+02
2.700000000000000000e+01
4.800000000000000000e+01
2.900000000000000000e+01
0.000000000000000000e+00
0.000000000000000000e+00
2.400000000000000000e+01
1.830000000000000000e+03
2.000000000000000000e+00
1.000000000000000000e+00
2.000000000000000000e+00
1.350000000000000000e+03
2.300000000000000000e+01
9.330000000000000000e+02
1.810000000000000000e+02
0.000000000000000000e+00
1.200000000000000000e+01
0.000000000000000000e+00
3.192000000000000000e+03
1.000000000000000000e+00
7.000000000000000000e+00
0.000000000000000000e+00
0.000000000000000000e+00
5.600000000000000000e+01
1.000000000000000000e+00
0.000000000000000000e+00
1.648000000000000000e+03
0.000000000000000000e+00
4.000000000000000000e+01
8.000000000000000000e+00
1.530000000000000000e+02
0.000000000000000000e+00
1.000000000000000000e+00
1.500000000000000000e+02
0.000000000000000000e+00
0.000000000000000000e+00
2.000000000000000000e+01
0.000000000000000000e+00
4.000000000000000000e+00
0.000000000000000000e+00
1.000000000000000000e+01
3.660000000000000000e+02
2.580000000000000000e+02
2.100000000000000000e+01
8.600000000000000000e+01
8.800000000000000000e+01
1.350000000000000000e+02
0.000000000000000000e+00
2.100000000000000000e+01
4.000000000000000000e+00
1.581000000000000000e+03
0.000000000000000000e+00
1.000000000000000000e+00
0.000000000000000000e+00
2.000000000000000000e+00
8.800000000000000000e+01
7.400000000000000000e+01
1.300000000000000000e+01
0.000000000000000000e+00
2.300000000000000000e+01
0.000000000000000000e+00
0.000000000000000000e+00
5.600000000000000000e+01
0.000000000000000000e+00
2.000000000000000000e+00
0.000000000000000000e+00
0.000000000000000000e+00
1.200000000000000000e+01
8.000000000000000000e+00
1.000000000000000000e+00
2.000000000000000000e+00
0.000000000000000000e+00
1.560000000000000000e+02
4.600000000000000000e+01
1.600000000000000000e+01
0.000000000000000000e+00
4.000000000000000000e+00
1.242000000000000000e+03
5.000000000000000000e+00
6.160000000000000000e+02
2.843000000000000000e+03
2.090000000000000000e+02
7.000000000000000000e+00
2.060000000000000000e+03
8.700000000000000000e+01
0.000000000000000000e+00
2.200000000000000000e+01
0.000000000000000000e+00
8.000000000000000000e+00
0.000000000000000000e+00
1.000000000000000000e+00
0.000000000000000000e+00
2.000000000000000000e+00
0.000000000000000000e+00
7.900000000000000000e+01
4.000000000000000000e+00
2.100000000000000000e+01
2.000000000000000000e+00
0.000000000000000000e+00
9.000000000000000000e+00
2.260000000000000000e+02
2.900000000000000000e+01
1.767000000000000000e+03
1.120000000000000000e+02
5.000000000000000000e+00
0.000000000000000000e+00
4.600000000000000000e+01
9.500000000000000000e+01
0.000000000000000000e+00
0.000000000000000000e+00
5.500000000000000000e+01
0.000000000000000000e+00
3.420000000000000000e+02
5.700000000000000000e+01
1.300000000000000000e+01
9.000000000000000000e+00
1.600000000000000000e+01
1.100000000000000000e+01
5.000000000000000000e+00
3.000000000000000000e+00
0.000000000000000000e+00
1.200000000000000000e+01
3.000000000000000000e+00
3.000000000000000000e+00
1.700000000000000000e+01
8.000000000000000000e+00
1.220000000000000000e+02
0.000000000000000000e+00
3.000000000000000000e+00
8.000000000000000000e+00
0.000000000000000000e+00
1.572000000000000000e+03
7.468000000000000000e+03
7.000000000000000000e+00
3.000000000000000000e+00
0.000000000000000000e+00
6.000000000000000000e+00
0.000000000000000000e+00
4.500000000000000000e+01
0.000000000000000000e+00
6.000000000000000000e+00
1.000000000000000000e+00
0.000000000000000000e+00
4.100000000000000000e+01
8.900000000000000000e+01
2.830000000000000000e+02
5.500000000000000000e+01
0.000000000000000000e+00
7.000000000000000000e+00
7.000000000000000000e+00
2.400000000000000000e+01
1.770000000000000000e+02
8.000000000000000000e+01
1.000000000000000000e+00
1.600000000000000000e+01
8.000000000000000000e+00
2.500000000000000000e+01
8.000000000000000000e+00
0.000000000000000000e+00
0.000000000000000000e+00
1.800000000000000000e+01
4.200000000000000000e+01
0.000000000000000000e+00
1.900000000000000000e+01
1.000000000000000000e+01
2.000000000000000000e+00
1.300000000000000000e+01
2.100000000000000000e+01
2.490000000000000000e+02
3.020000000000000000e+02
1.000000000000000000e+00
2.000000000000000000e+00
5.600000000000000000e+01
7.100000000000000000e+01
1.000000000000000000e+00
0.000000000000000000e+00
2.500000000000000000e+01
1.800000000000000000e+02
0.000000000000000000e+00
0.000000000000000000e+00
6.000000000000000000e+00
3.570000000000000000e+02
8.000000000000000000e+00
4.000000000000000000e+00
4.800000000000000000e+01
0.000000000000000000e+00
0.000000000000000000e+00
1.800000000000000000e+01
0.000000000000000000e+00
0.000000000000000000e+00
0.000000000000000000e+00
0.000000000000000000e+00
3.600000000000000000e+01
6.000000000000000000e+00
0.000000000000000000e+00
0.000000000000000000e+00
0.000000000000000000e+00
1.000000000000000000e+00
4.800000000000000000e+01
0.000000000000000000e+00
8.030000000000000000e+02
1.100000000000000000e+02
4.000000000000000000e+00
3.000000000000000000e+01
0.000000000000000000e+00
6.520000000000000000e+02
2.100000000000000000e+01
1.540000000000000000e+02
1.100000000000000000e+01
2.000000000000000000e+00
2.310000000000000000e+02
0.000000000000000000e+00
1.810000000000000000e+02
1.500000000000000000e+01
3.700000000000000000e+01
2.100000000000000000e+01
0.000000000000000000e+00
1.190000000000000000e+02
3.000000000000000000e+00
3.450000000000000000e+02
1.000000000000000000e+00
5.000000000000000000e+00
2.500000000000000000e+01
9.000000000000000000e+00
1.800000000000000000e+01
4.300000000000000000e+01
0.000000000000000000e+00
1.500000000000000000e+01
3.860000000000000000e+02
5.000000000000000000e+00
5.800000000000000000e+01
4.232000000000000000e+03
4.000000000000000000e+00
6.060000000000000000e+02
4.500000000000000000e+01
6.000000000000000000e+00
5.000000000000000000e+00
1.000000000000000000e+01
2.620000000000000000e+02
1.300000000000000000e+01
0.000000000000000000e+00
0.000000000000000000e+00
2.200000000000000000e+01
3.820000000000000000e+02
2.000000000000000000e+00
1.000000000000000000e+00
0.000000000000000000e+00
3.000000000000000000e+00
0.000000000000000000e+00
7.800000000000000000e+01
1.000000000000000000e+01
1.000000000000000000e+00
4.000000000000000000e+00
1.000000000000000000e+00
4.000000000000000000e+00
9.000000000000000000e+00
8.338000000000000000e+03
1.700000000000000000e+01
7.000000000000000000e+00
0.000000000000000000e+00
4.060000000000000000e+02
0.000000000000000000e+00
8.900000000000000000e+02
5.320000000000000000e+02
0.000000000000000000e+00
0.000000000000000000e+00
5.000000000000000000e+00
0.000000000000000000e+00
4.600000000000000000e+01
1.525000000000000000e+03
0.000000000000000000e+00
1.000000000000000000e+00
0.000000000000000000e+00
6.000000000000000000e+00
0.000000000000000000e+00
4.460000000000000000e+02
0.000000000000000000e+00
0.000000000000000000e+00
0.000000000000000000e+00
1.100000000000000000e+01
0.000000000000000000e+00
1.200000000000000000e+01
0.000000000000000000e+00
1.200000000000000000e+01
2.000000000000000000e+01
2.800000000000000000e+01
6.190000000000000000e+02
5.600000000000000000e+01
0.000000000000000000e+00
0.000000000000000000e+00
3.000000000000000000e+00
1.000000000000000000e+00
0.000000000000000000e+00
1.000000000000000000e+00
0.000000000000000000e+00
5.000000000000000000e+01
4.000000000000000000e+01
8.600000000000000000e+01
6.000000000000000000e+00
4.000000000000000000e+00
0.000000000000000000e+00
9.300000000000000000e+01
7.000000000000000000e+00
5.400000000000000000e+01
2.000000000000000000e+01
1.900000000000000000e+01
4.000000000000000000e+00
1.200000000000000000e+01
6.000000000000000000e+00
1.000000000000000000e+00
4.000000000000000000e+00
4.360000000000000000e+02
3.139000000000000000e+03
0.000000000000000000e+00
2.600000000000000000e+01
7.000000000000000000e+00
9.000000000000000000e+00
7.000000000000000000e+00
0.000000000000000000e+00
3.200000000000000000e+01
1.690000000000000000e+02
1.610000000000000000e+02
0.000000000000000000e+00
2.000000000000000000e+00
6.000000000000000000e+00
1.710000000000000000e+02
4.000000000000000000e+00
2.670000000000000000e+02
5.000000000000000000e+00
3.600000000000000000e+01
2.890000000000000000e+02
2.500000000000000000e+01
2.000000000000000000e+00
1.960000000000000000e+02
7.000000000000000000e+00
2.000000000000000000e+00
1.000200000000000000e+04
6.000000000000000000e+00
2.000000000000000000e+00
2.300000000000000000e+01
0.000000000000000000e+00
1.440000000000000000e+02
0.000000000000000000e+00
1.525000000000000000e+03
0.000000000000000000e+00
0.000000000000000000e+00
0.000000000000000000e+00
5.000000000000000000e+00
1.740000000000000000e+02
5.000000000000000000e+00
2.000000000000000000e+00
0.000000000000000000e+00
0.000000000000000000e+00
0.000000000000000000e+00
2.500000000000000000e+01
2.000000000000000000e+00
0.000000000000000000e+00
1.600000000000000000e+01
4.000000000000000000e+00
0.000000000000000000e+00
0.000000000000000000e+00
1.690000000000000000e+02
9.510000000000000000e+02
8.600000000000000000e+01
0.000000000000000000e+00
4.920000000000000000e+02
0.000000000000000000e+00
2.000000000000000000e+00
0.000000000000000000e+00
8.100000000000000000e+01
0.000000000000000000e+00
0.000000000000000000e+00
2.300000000000000000e+01
0.000000000000000000e+00
3.500000000000000000e+01
5.000000000000000000e+00
2.500000000000000000e+01
0.000000000000000000e+00
1.179000000000000000e+03
0.000000000000000000e+00
0.000000000000000000e+00
6.000000000000000000e+00
3.900000000000000000e+01
1.000000000000000000e+00
1.000000000000000000e+00
0.000000000000000000e+00
1.000000000000000000e+00
0.000000000000000000e+00
9.640000000000000000e+02
3.600000000000000000e+01
1.800000000000000000e+02
7.500000000000000000e+01
0.000000000000000000e+00
2.000000000000000000e+00
5.000000000000000000e+00
1.400000000000000000e+01
1.000000000000000000e+00
7.000000000000000000e+00
4.160000000000000000e+02
5.090000000000000000e+02
1.000000000000000000e+00
1.000000000000000000e+00
1.000000000000000000e+00
5.400000000000000000e+01
1.000000000000000000e+01
0.000000000000000000e+00
0.000000000000000000e+00
2.000000000000000000e+00
2.200000000000000000e+01
2.850000000000000000e+02
0.000000000000000000e+00
5.600000000000000000e+01
0.000000000000000000e+00
8.000000000000000000e+01
5.300000000000000000e+01
1.371000000000000000e+03
0.000000000000000000e+00
8.000000000000000000e+00
1.100000000000000000e+01
1.373000000000000000e+03
1.580000000000000000e+02
1.400000000000000000e+02
1.000000000000000000e+01
6.000000000000000000e+00
1.400000000000000000e+01
0.000000000000000000e+00
2.440000000000000000e+03
9.300000000000000000e+01
4.500000000000000000e+01
0.000000000000000000e+00
6.100000000000000000e+01
1.000000000000000000e+00
7.600000000000000000e+01
8.000000000000000000e+00
9.000000000000000000e+00
3.000000000000000000e+00
0.000000000000000000e+00
5.000000000000000000e+00
1.200000000000000000e+01
0.000000000000000000e+00
0.000000000000000000e+00
0.000000000000000000e+00
1.100000000000000000e+01
0.000000000000000000e+00
2.000000000000000000e+00
2.000000000000000000e+00
0.000000000000000000e+00
2.800000000000000000e+01
1.390000000000000000e+02
0.000000000000000000e+00
0.000000000000000000e+00
1.300000000000000000e+02
2.260000000000000000e+02
0.000000000000000000e+00
0.000000000000000000e+00
2.400000000000000000e+01
4.000000000000000000e+00
1.000000000000000000e+00
0.000000000000000000e+00
1.600000000000000000e+01
4.224000000000000000e+03
1.010000000000000000e+02
2.572000000000000000e+03
0.000000000000000000e+00
0.000000000000000000e+00
3.500000000000000000e+01
0.000000000000000000e+00
0.000000000000000000e+00
0.000000000000000000e+00
5.000000000000000000e+00
0.000000000000000000e+00
7.000000000000000000e+00
0.000000000000000000e+00
0.000000000000000000e+00
1.200000000000000000e+01
2.000000000000000000e+00
3.100000000000000000e+01
0.000000000000000000e+00
3.000000000000000000e+00
4.000000000000000000e+00
1.910000000000000000e+02
1.100000000000000000e+01
4.000000000000000000e+00
1.500000000000000000e+01
0.000000000000000000e+00
0.000000000000000000e+00
3.341000000000000000e+03
4.400000000000000000e+01
2.000000000000000000e+00
1.000000000000000000e+00
0.000000000000000000e+00
1.000000000000000000e+00
5.000000000000000000e+00
0.000000000000000000e+00
3.000000000000000000e+00
0.000000000000000000e+00
2.300000000000000000e+01
1.056000000000000000e+03
9.000000000000000000e+00
0.000000000000000000e+00
0.000000000000000000e+00
0.000000000000000000e+00
0.000000000000000000e+00
0.000000000000000000e+00
6.580000000000000000e+02
2.400000000000000000e+01
1.100000000000000000e+01
1.800000000000000000e+01
8.200000000000000000e+01
0.000000000000000000e+00
1.097000000000000000e+03
1.000000000000000000e+01
4.780000000000000000e+02
0.000000000000000000e+00
5.600000000000000000e+01
6.900000000000000000e+01
1.500000000000000000e+01
1.000000000000000000e+00
1.330000000000000000e+02
0.000000000000000000e+00
0.000000000000000000e+00
0.000000000000000000e+00
8.830000000000000000e+02
6.300000000000000000e+01
1.470000000000000000e+02
1.600000000000000000e+01
2.000000000000000000e+00
0.000000000000000000e+00
0.000000000000000000e+00
0.000000000000000000e+00
0.000000000000000000e+00
2.708000000000000000e+03
0.000000000000000000e+00
5.000000000000000000e+00
0.000000000000000000e+00
0.000000000000000000e+00
1.300000000000000000e+01
0.000000000000000000e+00
2.800000000000000000e+01
0.000000000000000000e+00
5.000000000000000000e+00
0.000000000000000000e+00
5.000000000000000000e+00
9.000000000000000000e+00
1.852000000000000000e+03
0.000000000000000000e+00
1.800000000000000000e+01
4.000000000000000000e+00
3.435000000000000000e+03
0.000000000000000000e+00
2.600000000000000000e+01
1.010000000000000000e+02
3.000000000000000000e+00
7.000000000000000000e+00
2.000000000000000000e+00
5.700000000000000000e+01
3.400000000000000000e+01
1.000000000000000000e+01
0.000000000000000000e+00
3.000000000000000000e+00
0.000000000000000000e+00
7.000000000000000000e+00
2.349000000000000000e+03
0.000000000000000000e+00
0.000000000000000000e+00
0.000000000000000000e+00
1.000000000000000000e+00
1.450000000000000000e+02
0.000000000000000000e+00
0.000000000000000000e+00
0.000000000000000000e+00
2.600000000000000000e+01
2.400000000000000000e+01
0.000000000000000000e+00
6.000000000000000000e+00
1.100000000000000000e+01
9.000000000000000000e+00
9.000000000000000000e+00
2.120000000000000000e+02
1.686000000000000000e+03
0.000000000000000000e+00
0.000000000000000000e+00
1.870000000000000000e+02
2.000000000000000000e+00
0.000000000000000000e+00
0.000000000000000000e+00
3.320000000000000000e+02
5.860000000000000000e+02
1.100000000000000000e+01
3.000000000000000000e+01
1.880000000000000000e+02
7.000000000000000000e+00
0.000000000000000000e+00
0.000000000000000000e+00
0.000000000000000000e+00
0.000000000000000000e+00
2.000000000000000000e+00
0.000000000000000000e+00
2.064000000000000000e+03
4.000000000000000000e+00
3.200000000000000000e+01
0.000000000000000000e+00
2.000000000000000000e+00
5.980000000000000000e+02
2.000000000000000000e+00
1.000000000000000000e+01
7.920000000000000000e+02
2.000000000000000000e+00
0.000000000000000000e+00
0.000000000000000000e+00
1.300000000000000000e+01
0.000000000000000000e+00
5.000000000000000000e+00
3.800000000000000000e+02
1.600000000000000000e+01
8.200000000000000000e+01
0.000000000000000000e+00
0.000000000000000000e+00
8.940000000000000000e+02
4.430000000000000000e+02
1.800000000000000000e+01
7.000000000000000000e+00
7.300000000000000000e+01
1.300000000000000000e+01
0.000000000000000000e+00
0.000000000000000000e+00
8.000000000000000000e+00
0.000000000000000000e+00
1.870000000000000000e+02
2.700000000000000000e+01
0.000000000000000000e+00
9.640000000000000000e+02
3.000000000000000000e+00
1.770000000000000000e+03
4.000000000000000000e+00
0.000000000000000000e+00
0.000000000000000000e+00
0.000000000000000000e+00
2.000000000000000000e+00
5.000000000000000000e+00
8.000000000000000000e+00
0.000000000000000000e+00
1.300000000000000000e+01
8.300000000000000000e+01
2.100000000000000000e+01
4.050000000000000000e+02
1.000000000000000000e+00
0.000000000000000000e+00
0.000000000000000000e+00
3.000000000000000000e+00
3.280000000000000000e+02
8.000000000000000000e+00
0.000000000000000000e+00
3.000000000000000000e+00
2.000000000000000000e+00
6.000000000000000000e+00
3.700000000000000000e+01
2.500000000000000000e+01
0.000000000000000000e+00
2.000000000000000000e+00
1.330000000000000000e+02
1.886000000000000000e+03
0.000000000000000000e+00
0.000000000000000000e+00
1.500000000000000000e+01
3.000000000000000000e+00
1.200000000000000000e+01
5.600000000000000000e+01
1.000000000000000000e+00
0.000000000000000000e+00
1.000000000000000000e+00
0.000000000000000000e+00
3.570000000000000000e+02
4.000000000000000000e+00
7.600000000000000000e+01
6.000000000000000000e+00
1.361000000000000000e+03
3.100000000000000000e+01
6.000000000000000000e+00
4.500000000000000000e+01
2.800000000000000000e+01
0.000000000000000000e+00
6.100000000000000000e+01
0.000000000000000000e+00
6.000000000000000000e+00
4.000000000000000000e+00
7.000000000000000000e+00
1.100000000000000000e+01
0.000000000000000000e+00
2.000000000000000000e+00
1.000000000000000000e+01
2.742000000000000000e+03
1.300000000000000000e+01
0.000000000000000000e+00
0.000000000000000000e+00
3.040000000000000000e+02
2.000000000000000000e+01
6.000000000000000000e+00
3.540000000000000000e+02
6.000000000000000000e+00
0.000000000000000000e+00
1.220000000000000000e+02
0.000000000000000000e+00
2.900000000000000000e+01
0.000000000000000000e+00
3.055000000000000000e+03
0.000000000000000000e+00
2.000000000000000000e+00
2.580000000000000000e+02
0.000000000000000000e+00
7.600000000000000000e+01
0.000000000000000000e+00
2.260000000000000000e+02
2.470000000000000000e+02
1.310000000000000000e+02
0.000000000000000000e+00
0.000000000000000000e+00
1.543000000000000000e+03
6.000000000000000000e+00
5.000000000000000000e+00
0.000000000000000000e+00
1.060000000000000000e+02
9.400000000000000000e+01
0.000000000000000000e+00
0.000000000000000000e+00
1.400000000000000000e+01
8.000000000000000000e+00
3.660000000000000000e+02
2.000000000000000000e+00
1.000000000000000000e+00
4.000000000000000000e+00
3.000000000000000000e+00
0.000000000000000000e+00
6.000000000000000000e+00
6.000000000000000000e+00
2.929000000000000000e+03
0.000000000000000000e+00
6.800000000000000000e+01
0.000000000000000000e+00
1.000000000000000000e+00
3.900000000000000000e+01
1.600000000000000000e+01
2.000000000000000000e+00
4.100000000000000000e+01
1.300000000000000000e+01
0.000000000000000000e+00
2.000000000000000000e+00
6.900000000000000000e+01
2.193000000000000000e+03
7.000000000000000000e+00
6.700000000000000000e+02
2.700000000000000000e+01
1.440000000000000000e+02
1.470000000000000000e+02
2.700000000000000000e+01
1.900000000000000000e+01
1.900000000000000000e+01
2.000000000000000000e+00
4.000000000000000000e+01
0.000000000000000000e+00
1.000000000000000000e+00
3.600000000000000000e+01
2.000000000000000000e+00
1.359000000000000000e+03
4.000000000000000000e+00
0.000000000000000000e+00
8.000000000000000000e+00
8.300000000000000000e+01
0.000000000000000000e+00
1.300000000000000000e+01
0.000000000000000000e+00
5.000000000000000000e+00
2.000000000000000000e+00
6.380000000000000000e+02
0.000000000000000000e+00
1.000000000000000000e+00
0.000000000000000000e+00
0.000000000000000000e+00
1.000000000000000000e+00
1.000000000000000000e+00
1.500000000000000000e+02
2.310000000000000000e+02
3.000000000000000000e+00
5.313000000000000000e+03
3.000000000000000000e+00
0.000000000000000000e+00
4.670000000000000000e+02
0.000000000000000000e+00
1.000000000000000000e+00
3.900000000000000000e+01
3.780000000000000000e+02
3.900000000000000000e+01
2.000000000000000000e+00
4.800000000000000000e+01
2.000000000000000000e+00
0.000000000000000000e+00
0.000000000000000000e+00
4.000000000000000000e+00
2.200000000000000000e+01
6.900000000000000000e+01
7.000000000000000000e+00
0.000000000000000000e+00
1.000000000000000000e+01
1.000000000000000000e+00
0.000000000000000000e+00
0.000000000000000000e+00
2.000000000000000000e+00
1.000000000000000000e+00
7.730000000000000000e+02
7.900000000000000000e+01
9.000000000000000000e+00
0.000000000000000000e+00
0.000000000000000000e+00
5.000000000000000000e+00
0.000000000000000000e+00
0.000000000000000000e+00
8.000000000000000000e+00
0.000000000000000000e+00
0.000000000000000000e+00
1.000000000000000000e+00
3.000000000000000000e+00
3.000000000000000000e+00
0.000000000000000000e+00
0.000000000000000000e+00
8.140000000000000000e+02
0.000000000000000000e+00
2.000000000000000000e+00
1.580000000000000000e+02
4.000000000000000000e+01
0.000000000000000000e+00
1.800000000000000000e+01
4.000000000000000000e+00
3.700000000000000000e+01
0.000000000000000000e+00
1.000000000000000000e+00
0.000000000000000000e+00
8.000000000000000000e+00
3.000000000000000000e+00
8.200000000000000000e+01
0.000000000000000000e+00
3.000000000000000000e+00
0.000000000000000000e+00
5.500000000000000000e+01
4.603000000000000000e+03
3.620000000000000000e+02
0.000000000000000000e+00
5.000000000000000000e+01
1.000000000000000000e+00
4.400000000000000000e+01
0.000000000000000000e+00
1.000000000000000000e+00
0.000000000000000000e+00
0.000000000000000000e+00
1.600000000000000000e+01
1.900000000000000000e+01
4.000000000000000000e+00
0.000000000000000000e+00
2.000000000000000000e+00
1.430000000000000000e+02
2.500000000000000000e+01
2.000000000000000000e+00
0.000000000000000000e+00
0.000000000000000000e+00
1.150000000000000000e+02
0.000000000000000000e+00
0.000000000000000000e+00
0.000000000000000000e+00
2.500000000000000000e+01
3.500000000000000000e+01
6.900000000000000000e+01
9.000000000000000000e+00
0.000000000000000000e+00
3.000000000000000000e+00
0.000000000000000000e+00
1.200000000000000000e+01
4.000000000000000000e+00
1.138000000000000000e+03
3.204000000000000000e+03
4.600000000000000000e+01
1.400000000000000000e+01
0.000000000000000000e+00
0.000000000000000000e+00
1.000000000000000000e+00
5.000000000000000000e+00
1.615000000000000000e+03
1.070000000000000000e+02
4.690000000000000000e+02
0.000000000000000000e+00
8.000000000000000000e+00
5.000000000000000000e+01
2.090000000000000000e+02
8.400000000000000000e+01
0.000000000000000000e+00
1.000000000000000000e+01
4.000000000000000000e+00
0.000000000000000000e+00
0.000000000000000000e+00
2.200000000000000000e+01
1.700000000000000000e+01
4.000000000000000000e+00
2.600000000000000000e+01
0.000000000000000000e+00
1.420000000000000000e+02
0.000000000000000000e+00
1.800000000000000000e+01
4.000000000000000000e+00
2.370000000000000000e+02
2.000000000000000000e+00
3.000000000000000000e+00
2.900000000000000000e+01
5.336000000000000000e+03
2.060000000000000000e+02
1.000000000000000000e+00
0.000000000000000000e+00
6.210000000000000000e+02
0.000000000000000000e+00
2.110000000000000000e+02
4.000000000000000000e+00
7.270000000000000000e+02
2.470000000000000000e+02
6.000000000000000000e+00
0.000000000000000000e+00
0.000000000000000000e+00
0.000000000000000000e+00
6.300000000000000000e+01
8.000000000000000000e+00
1.340000000000000000e+02
0.000000000000000000e+00
1.900000000000000000e+01
6.200000000000000000e+01
3.000000000000000000e+00
2.000000000000000000e+00
3.000000000000000000e+00
1.000000000000000000e+00
3.000000000000000000e+00
9.500000000000000000e+01
1.000000000000000000e+01
1.500000000000000000e+01
0.000000000000000000e+00
2.000000000000000000e+00
2.200000000000000000e+01
2.800000000000000000e+01
1.000000000000000000e+00
5.000000000000000000e+00
4.000000000000000000e+00
0.000000000000000000e+00
2.359000000000000000e+03
1.119000000000000000e+03
8.000000000000000000e+00
5.400000000000000000e+01
2.600000000000000000e+01
0.000000000000000000e+00
1.000000000000000000e+00
3.400000000000000000e+01
2.070000000000000000e+02
1.217000000000000000e+03
1.000000000000000000e+00
5.000000000000000000e+00
5.000000000000000000e+00
0.000000000000000000e+00
2.800000000000000000e+01
2.800000000000000000e+01
1.790000000000000000e+02
2.570000000000000000e+02
5.000000000000000000e+00
1.000000000000000000e+00
4.000000000000000000e+00
1.000000000000000000e+00
1.440000000000000000e+02
3.090000000000000000e+03
1.560000000000000000e+02
2.000000000000000000e+00
0.000000000000000000e+00
3.310000000000000000e+02
3.000000000000000000e+00
0.000000000000000000e+00
2.200000000000000000e+01
1.000000000000000000e+00
0.000000000000000000e+00
0.000000000000000000e+00
1.000000000000000000e+00
0.000000000000000000e+00
5.600000000000000000e+01
4.101000000000000000e+03
1.000000000000000000e+00
5.000000000000000000e+00
2.700000000000000000e+01
0.000000000000000000e+00
4.100000000000000000e+01
2.160000000000000000e+02
4.100000000000000000e+01
6.400000000000000000e+01
1.100000000000000000e+02
2.000000000000000000e+00
1.630000000000000000e+02
0.000000000000000000e+00
2.800000000000000000e+01
1.752000000000000000e+03
4.000000000000000000e+00
1.100000000000000000e+01
1.200000000000000000e+01
3.800000000000000000e+01
0.000000000000000000e+00
2.000000000000000000e+00
0.000000000000000000e+00
0.000000000000000000e+00
1.000000000000000000e+01
0.000000000000000000e+00
0.000000000000000000e+00
1.000000000000000000e+00
6.850000000000000000e+02
1.000000000000000000e+00
3.000000000000000000e+00
1.500000000000000000e+02
1.840000000000000000e+02
7.160000000000000000e+02
0.000000000000000000e+00
1.200000000000000000e+01
0.000000000000000000e+00
3.200000000000000000e+01
5.070000000000000000e+02
0.000000000000000000e+00
0.000000000000000000e+00
1.480000000000000000e+02
4.000000000000000000e+00
1.600000000000000000e+02
2.000000000000000000e+00
1.030000000000000000e+02
3.500000000000000000e+01
2.500000000000000000e+01
1.000000000000000000e+01
0.000000000000000000e+00
5.000000000000000000e+00
0.000000000000000000e+00
2.000000000000000000e+00
6.000000000000000000e+00
1.910000000000000000e+02
7.900000000000000000e+01
3.700000000000000000e+01
2.300000000000000000e+01
3.000000000000000000e+00
0.000000000000000000e+00
1.700000000000000000e+01
0.000000000000000000e+00
1.100000000000000000e+01
7.400000000000000000e+01
0.000000000000000000e+00
0.000000000000000000e+00
4.000000000000000000e+00
1.000000000000000000e+00
0.000000000000000000e+00
8.000000000000000000e+00
2.700000000000000000e+01
1.120000000000000000e+02
0.000000000000000000e+00
7.000000000000000000e+00
0.000000000000000000e+00
1.270000000000000000e+02
0.000000000000000000e+00
1.290000000000000000e+02
0.000000000000000000e+00
0.000000000000000000e+00
1.900000000000000000e+02
6.000000000000000000e+01
1.320000000000000000e+02
0.000000000000000000e+00
0.000000000000000000e+00
3.000000000000000000e+00
4.100000000000000000e+01
3.000000000000000000e+00
2.000000000000000000e+00
0.000000000000000000e+00
3.200000000000000000e+01
0.000000000000000000e+00
1.200000000000000000e+01
5.479000000000000000e+03
4.690000000000000000e+02
1.600000000000000000e+01
4.000000000000000000e+00
5.800000000000000000e+01
0.000000000000000000e+00
4.000000000000000000e+00
9.580000000000000000e+02
1.081000000000000000e+03
2.000000000000000000e+00
0.000000000000000000e+00
0.000000000000000000e+00
5.970000000000000000e+02
4.049000000000000000e+03
3.000000000000000000e+00
0.000000000000000000e+00
1.400000000000000000e+01
1.000000000000000000e+00
2.000000000000000000e+01
0.000000000000000000e+00
0.000000000000000000e+00
6.600000000000000000e+01
2.000000000000000000e+00
9.850000000000000000e+02
2.000000000000000000e+00
3.000000000000000000e+00
0.000000000000000000e+00
1.300000000000000000e+01
2.000000000000000000e+00
1.000000000000000000e+00
1.000000000000000000e+00
0.000000000000000000e+00
1.150000000000000000e+02
1.000000000000000000e+00
1.226000000000000000e+03
4.000000000000000000e+00
0.000000000000000000e+00
7.427000000000000000e+03
0.000000000000000000e+00
0.000000000000000000e+00
0.000000000000000000e+00
4.350000000000000000e+02
2.370000000000000000e+02
1.900000000000000000e+02
3.000000000000000000e+00
7.300000000000000000e+01
0.000000000000000000e+00
1.330000000000000000e+02
1.000000000000000000e+00
2.860000000000000000e+02
1.200000000000000000e+01
4.300000000000000000e+01
2.900000000000000000e+01
2.000000000000000000e+00
3.560000000000000000e+02
2.200000000000000000e+01
2.166000000000000000e+03
0.000000000000000000e+00
3.500000000000000000e+01
1.000000000000000000e+00
9.500000000000000000e+01
1.010000000000000000e+02
4.800000000000000000e+01
7.830000000000000000e+02
4.010000000000000000e+02
0.000000000000000000e+00
7.650000000000000000e+02
1.009000000000000000e+03
3.600000000000000000e+01
0.000000000000000000e+00
0.000000000000000000e+00
0.000000000000000000e+00
1.000000000000000000e+02
1.500000000000000000e+01
3.000000000000000000e+00
0.000000000000000000e+00
0.000000000000000000e+00
4.000000000000000000e+00
2.000000000000000000e+00
2.500000000000000000e+01
4.700000000000000000e+01
1.430000000000000000e+02
0.000000000000000000e+00
2.400000000000000000e+01
0.000000000000000000e+00
7.600000000000000000e+01
2.000000000000000000e+00
1.000000000000000000e+00
2.000000000000000000e+00
1.000000000000000000e+00
1.470000000000000000e+02
1.949000000000000000e+03
0.000000000000000000e+00
3.000000000000000000e+00
2.900000000000000000e+01
1.000000000000000000e+01
6.000000000000000000e+01
0.000000000000000000e+00
0.000000000000000000e+00
0.000000000000000000e+00
7.000000000000000000e+00
0.000000000000000000e+00
1.500000000000000000e+01
3.000000000000000000e+00
2.000000000000000000e+00
0.000000000000000000e+00
0.000000000000000000e+00
2.000000000000000000e+00
3.600000000000000000e+01
5.800000000000000000e+01
0.000000000000000000e+00
0.000000000000000000e+00
0.000000000000000000e+00
0.000000000000000000e+00
0.000000000000000000e+00
0.000000000000000000e+00
3.300000000000000000e+01
1.960000000000000000e+02
9.000000000000000000e+00
0.000000000000000000e+00
2.100000000000000000e+01
0.000000000000000000e+00
1.000000000000000000e+00
0.000000000000000000e+00
7.000000000000000000e+00
0.000000000000000000e+00
0.000000000000000000e+00
0.000000000000000000e+00
0.000000000000000000e+00
4.880000000000000000e+02
3.000000000000000000e+00
2.000000000000000000e+00
4.000000000000000000e+00
3.000000000000000000e+00
3.000000000000000000e+00
0.000000000000000000e+00
0.000000000000000000e+00
1.670000000000000000e+02
6.000000000000000000e+00
8.390000000000000000e+02
6.000000000000000000e+00
0.000000000000000000e+00
5.590000000000000000e+02
0.000000000000000000e+00
2.000000000000000000e+00
0.000000000000000000e+00
5.000000000000000000e+00
3.000000000000000000e+00
3.000000000000000000e+00
3.400000000000000000e+01
3.000000000000000000e+00
5.300000000000000000e+01
0.000000000000000000e+00
2.000000000000000000e+00
1.000000000000000000e+00
2.900000000000000000e+01
3.000000000000000000e+00
1.300000000000000000e+01
5.000000000000000000e+00
0.000000000000000000e+00
1.800000000000000000e+01
6.000000000000000000e+00
0.000000000000000000e+00
2.082000000000000000e+03
0.000000000000000000e+00
0.000000000000000000e+00
0.000000000000000000e+00
1.730000000000000000e+02
1.000000000000000000e+00
0.000000000000000000e+00
0.000000000000000000e+00
1.007000000000000000e+03
0.000000000000000000e+00
1.000000000000000000e+00
2.377000000000000000e+03
8.000000000000000000e+00
4.000000000000000000e+00
0.000000000000000000e+00
0.000000000000000000e+00
0.000000000000000000e+00
2.000000000000000000e+00
0.000000000000000000e+00
1.900000000000000000e+01
0.000000000000000000e+00
0.000000000000000000e+00
2.200000000000000000e+01
3.160000000000000000e+02
0.000000000000000000e+00
2.000000000000000000e+00
5.979000000000000000e+03
2.400000000000000000e+01
2.700000000000000000e+01
9.400000000000000000e+01
1.500000000000000000e+01
0.000000000000000000e+00
7.000000000000000000e+00
0.000000000000000000e+00
0.000000000000000000e+00
0.000000000000000000e+00
8.060000000000000000e+02
0.000000000000000000e+00
2.000000000000000000e+00
3.400000000000000000e+01
3.850000000000000000e+02
2.870000000000000000e+02
1.300000000000000000e+01
3.600000000000000000e+01
1.000000000000000000e+00
4.400000000000000000e+01
1.000000000000000000e+01
9.000000000000000000e+00
1.000000000000000000e+00
2.700000000000000000e+01
5.800000000000000000e+01
0.000000000000000000e+00
1.760000000000000000e+02
0.000000000000000000e+00
0.000000000000000000e+00
0.000000000000000000e+00
7.000000000000000000e+00
6.000000000000000000e+00
8.590000000000000000e+02
0.000000000000000000e+00
1.500000000000000000e+01
0.000000000000000000e+00
2.589000000000000000e+03
0.000000000000000000e+00
3.000000000000000000e+00
0.000000000000000000e+00
2.350000000000000000e+02
0.000000000000000000e+00
4.000000000000000000e+00
2.000000000000000000e+00
2.000000000000000000e+00
2.010000000000000000e+02
0.000000000000000000e+00
0.000000000000000000e+00
2.000000000000000000e+00
5.000000000000000000e+00
3.414000000000000000e+03
1.436000000000000000e+03
0.000000000000000000e+00
0.000000000000000000e+00
3.000000000000000000e+00
4.000000000000000000e+00
1.530000000000000000e+02
0.000000000000000000e+00
4.200000000000000000e+01
1.000000000000000000e+00
8.560000000000000000e+02
0.000000000000000000e+00
1.800000000000000000e+01
0.000000000000000000e+00
1.200000000000000000e+01
0.000000000000000000e+00
9.000000000000000000e+00
2.200000000000000000e+02
2.500000000000000000e+01
2.000000000000000000e+00
2.000000000000000000e+00
8.000000000000000000e+00
7.000000000000000000e+00
0.000000000000000000e+00
2.340000000000000000e+02
4.320000000000000000e+02
7.308000000000000000e+03
3.900000000000000000e+01
4.000000000000000000e+00
5.000000000000000000e+00
0.000000000000000000e+00
1.000000000000000000e+00
3.100000000000000000e+01
0.000000000000000000e+00
3.500000000000000000e+01
2.400000000000000000e+01
0.000000000000000000e+00
3.100000000000000000e+01
0.000000000000000000e+00
4.000000000000000000e+00
1.527000000000000000e+03
1.280000000000000000e+02
4.000000000000000000e+00
7.000000000000000000e+00
8.400000000000000000e+01
2.400000000000000000e+01
0.000000000000000000e+00
2.320000000000000000e+02
0.000000000000000000e+00
3.200000000000000000e+01
1.000000000000000000e+00
2.560000000000000000e+02
3.400000000000000000e+01
5.000000000000000000e+00
3.000000000000000000e+00
0.000000000000000000e+00
1.300000000000000000e+02
1.580000000000000000e+03
2.500000000000000000e+01
1.400000000000000000e+01
2.000000000000000000e+00
9.000000000000000000e+00
0.000000000000000000e+00
2.120000000000000000e+02
0.000000000000000000e+00
4.400000000000000000e+01
1.200000000000000000e+01
4.180000000000000000e+02
2.100000000000000000e+01
3.000000000000000000e+00
0.000000000000000000e+00
3.000000000000000000e+00
1.000000000000000000e+00
4.000000000000000000e+00
0.000000000000000000e+00
9.000000000000000000e+00
0.000000000000000000e+00
8.000000000000000000e+00
3.550000000000000000e+02
0.000000000000000000e+00
0.000000000000000000e+00
1.010000000000000000e+02
5.020000000000000000e+02
4.000000000000000000e+00
0.000000000000000000e+00
5.000000000000000000e+00
0.000000000000000000e+00
3.000000000000000000e+01
6.700000000000000000e+01
2.000000000000000000e+00
0.000000000000000000e+00
6.000000000000000000e+00
6.210000000000000000e+02
1.000000000000000000e+01
3.000000000000000000e+00
1.300000000000000000e+01
1.510000000000000000e+02
2.480000000000000000e+02
1.100000000000000000e+01
3.300000000000000000e+01
2.460000000000000000e+02
5.000000000000000000e+00
9.000000000000000000e+00
1.000000000000000000e+00
0.000000000000000000e+00
7.000000000000000000e+00
9.200000000000000000e+01
0.000000000000000000e+00
5.700000000000000000e+01
2.000000000000000000e+00
2.800000000000000000e+02
0.000000000000000000e+00
3.000000000000000000e+00
3.000000000000000000e+00
3.000000000000000000e+00
3.000000000000000000e+00
2.000000000000000000e+01
2.400000000000000000e+01
0.000000000000000000e+00
0.000000000000000000e+00
0.000000000000000000e+00
7.600000000000000000e+01
3.300000000000000000e+01
0.000000000000000000e+00
3.200000000000000000e+01
0.000000000000000000e+00
5.100000000000000000e+02
0.000000000000000000e+00
0.000000000000000000e+00
1.130000000000000000e+02
4.000000000000000000e+00
2.000000000000000000e+00
1.820000000000000000e+02
1.540000000000000000e+02
2.000000000000000000e+00
0.000000000000000000e+00
4.000000000000000000e+00
1.000000000000000000e+00
0.000000000000000000e+00
0.000000000000000000e+00
9.100000000000000000e+01
0.000000000000000000e+00
1.500000000000000000e+01
0.000000000000000000e+00
5.200000000000000000e+01
0.000000000000000000e+00
1.400000000000000000e+01
5.000000000000000000e+00
1.700000000000000000e+01
6.000000000000000000e+00
4.000000000000000000e+00
9.156000000000000000e+03
0.000000000000000000e+00
4.000000000000000000e+00
0.000000000000000000e+00
1.930000000000000000e+02
2.000000000000000000e+00
2.440000000000000000e+02
2.000000000000000000e+00
1.190000000000000000e+02
4.000000000000000000e+00
3.480000000000000000e+02
5.200000000000000000e+01
0.000000000000000000e+00
5.500000000000000000e+01
2.000000000000000000e+00
3.000000000000000000e+00
1.070000000000000000e+02
8.000000000000000000e+00
4.000000000000000000e+00
0.000000000000000000e+00
8.500000000000000000e+01
2.000000000000000000e+00
4.000000000000000000e+00
0.000000000000000000e+00
2.200000000000000000e+01
2.700000000000000000e+01
0.000000000000000000e+00
6.020000000000000000e+02
2.000000000000000000e+00
1.000000000000000000e+01
3.700000000000000000e+01
0.000000000000000000e+00
0.000000000000000000e+00
3.100000000000000000e+01
5.850000000000000000e+02
0.000000000000000000e+00
7.100000000000000000e+01
2.000000000000000000e+00
0.000000000000000000e+00
9.000000000000000000e+00
0.000000000000000000e+00
0.000000000000000000e+00
5.000000000000000000e+00
4.000000000000000000e+00
0.000000000000000000e+00
3.830000000000000000e+02
0.000000000000000000e+00
2.310000000000000000e+02
5.300000000000000000e+01
2.000000000000000000e+00
2.758000000000000000e+03
0.000000000000000000e+00
2.100000000000000000e+01
0.000000000000000000e+00
3.000000000000000000e+00
0.000000000000000000e+00
2.000000000000000000e+00
0.000000000000000000e+00
0.000000000000000000e+00
1.000000000000000000e+00
1.200000000000000000e+01
0.000000000000000000e+00
7.000000000000000000e+01
6.050000000000000000e+02
1.000000000000000000e+02
3.400000000000000000e+01
3.000000000000000000e+00
6.000000000000000000e+00
1.800000000000000000e+01
0.000000000000000000e+00
3.000000000000000000e+00
4.000000000000000000e+00
4.000000000000000000e+00
1.100000000000000000e+01
3.000000000000000000e+00
0.000000000000000000e+00
0.000000000000000000e+00
6.000000000000000000e+00
1.450000000000000000e+02
4.500000000000000000e+01
1.890000000000000000e+02
0.000000000000000000e+00
6.200000000000000000e+01
0.000000000000000000e+00
3.070000000000000000e+02
2.100000000000000000e+01
0.000000000000000000e+00
3.320000000000000000e+02
0.000000000000000000e+00
4.060000000000000000e+02
1.200000000000000000e+01
5.432000000000000000e+03
1.300000000000000000e+01
2.000000000000000000e+00
0.000000000000000000e+00
2.720000000000000000e+02
1.160000000000000000e+02
1.340000000000000000e+02
0.000000000000000000e+00
8.000000000000000000e+00
1.100000000000000000e+01
1.966000000000000000e+03
0.000000000000000000e+00
4.500000000000000000e+01
6.390000000000000000e+02
3.050000000000000000e+03
1.100000000000000000e+01
0.000000000000000000e+00
1.000000000000000000e+01
0.000000000000000000e+00
4.100000000000000000e+01
2.000000000000000000e+00
3.000000000000000000e+00
0.000000000000000000e+00
8.000000000000000000e+01
2.000000000000000000e+00
0.000000000000000000e+00
3.105000000000000000e+03
8.530000000000000000e+02
0.000000000000000000e+00
1.000000000000000000e+00
0.000000000000000000e+00
1.900000000000000000e+01
7.300000000000000000e+01
4.000000000000000000e+00
3.000000000000000000e+01
9.400000000000000000e+01
0.000000000000000000e+00
0.000000000000000000e+00
6.000000000000000000e+00
1.500000000000000000e+01
3.000000000000000000e+00
0.000000000000000000e+00
2.000000000000000000e+00
4.600000000000000000e+02
4.000000000000000000e+00
0.000000000000000000e+00
2.200000000000000000e+01
0.000000000000000000e+00
0.000000000000000000e+00
2.000000000000000000e+01
4.100000000000000000e+01
0.000000000000000000e+00
1.050000000000000000e+02
5.000000000000000000e+00
8.800000000000000000e+01
3.490000000000000000e+02
4.500000000000000000e+01
2.800000000000000000e+01
0.000000000000000000e+00
1.500000000000000000e+01
9.000000000000000000e+00
4.000000000000000000e+00
4.000000000000000000e+00
2.000000000000000000e+00
0.000000000000000000e+00
6.520000000000000000e+02
2.000000000000000000e+00
0.000000000000000000e+00
1.430000000000000000e+02
1.600000000000000000e+01
2.000000000000000000e+00
2.300000000000000000e+01
1.100000000000000000e+01
7.100000000000000000e+01
0.000000000000000000e+00
9.300000000000000000e+01
3.200000000000000000e+01
0.000000000000000000e+00
2.160000000000000000e+02
6.350000000000000000e+02
2.000000000000000000e+00
0.000000000000000000e+00
0.000000000000000000e+00
0.000000000000000000e+00
3.000000000000000000e+00
5.000000000000000000e+00
0.000000000000000000e+00
7.000000000000000000e+00
0.000000000000000000e+00
3.000000000000000000e+00
1.800000000000000000e+02
1.000000000000000000e+01
1.059000000000000000e+03
1.900000000000000000e+01
7.500000000000000000e+02
2.500000000000000000e+01
2.500000000000000000e+01
2.000000000000000000e+00
0.000000000000000000e+00
4.000000000000000000e+00
0.000000000000000000e+00
1.285000000000000000e+03
4.900000000000000000e+01
2.570000000000000000e+02
6.000000000000000000e+00
1.000000000000000000e+00
1.000000000000000000e+00
5.000000000000000000e+00
1.486000000000000000e+03
4.350000000000000000e+02
2.000000000000000000e+00
4.000000000000000000e+00
0.000000000000000000e+00
0.000000000000000000e+00
3.910000000000000000e+02
2.610000000000000000e+02
1.300000000000000000e+01
1.400000000000000000e+01
0.000000000000000000e+00
1.430000000000000000e+02
0.000000000000000000e+00
2.610000000000000000e+02
2.870000000000000000e+02
2.380000000000000000e+02
7.100000000000000000e+01
0.000000000000000000e+00
2.900000000000000000e+01
3.000000000000000000e+00
7.130000000000000000e+02
3.200000000000000000e+01
6.000000000000000000e+00
6.000000000000000000e+00
0.000000000000000000e+00
3.000000000000000000e+00
8.000000000000000000e+00
4.000000000000000000e+00
0.000000000000000000e+00
0.000000000000000000e+00
2.148000000000000000e+03
0.000000000000000000e+00
1.000000000000000000e+01
1.000000000000000000e+00
3.000000000000000000e+00
1.000000000000000000e+00
2.100000000000000000e+01
2.000000000000000000e+00
8.000000000000000000e+00
0.000000000000000000e+00
7.200000000000000000e+01
2.800000000000000000e+01
1.100000000000000000e+01
1.000000000000000000e+00
1.400000000000000000e+02
0.000000000000000000e+00
6.700000000000000000e+01
5.670000000000000000e+02
5.300000000000000000e+01
3.700000000000000000e+01
1.780000000000000000e+02
4.000000000000000000e+00
1.200000000000000000e+01
3.964000000000000000e+03
1.463000000000000000e+03
1.300000000000000000e+01
0.000000000000000000e+00
8.000000000000000000e+00
0.000000000000000000e+00
5.000000000000000000e+00
3.970000000000000000e+02
0.000000000000000000e+00
0.000000000000000000e+00
2.000000000000000000e+00
1.000000000000000000e+00
1.400000000000000000e+01
1.040000000000000000e+02
0.000000000000000000e+00
1.023000000000000000e+03
8.970000000000000000e+02
5.400000000000000000e+01
2.700000000000000000e+01
3.040000000000000000e+02
6.000000000000000000e+00
6.000000000000000000e+00
2.300000000000000000e+01
8.600000000000000000e+01
2.000000000000000000e+00
2.200000000000000000e+01
2.300000000000000000e+01
0.000000000000000000e+00
1.000000000000000000e+01
1.200000000000000000e+01
0.000000000000000000e+00
2.000000000000000000e+00
2.000000000000000000e+00
7.200000000000000000e+01
0.000000000000000000e+00
0.000000000000000000e+00
0.000000000000000000e+00
3.000000000000000000e+00
0.000000000000000000e+00
0.000000000000000000e+00
6.000000000000000000e+00
1.800000000000000000e+01
0.000000000000000000e+00
4.000000000000000000e+00
1.370000000000000000e+02
4.700000000000000000e+01
5.000000000000000000e+00
3.400000000000000000e+01
0.000000000000000000e+00
6.800000000000000000e+01
1.000000000000000000e+00
2.722000000000000000e+03
2.400000000000000000e+01
0.000000000000000000e+00
0.000000000000000000e+00
0.000000000000000000e+00
7.600000000000000000e+01
9.000000000000000000e+00
0.000000000000000000e+00
4.000000000000000000e+00
5.200000000000000000e+01
5.000000000000000000e+00
1.270000000000000000e+02
1.700000000000000000e+01
0.000000000000000000e+00
1.000000000000000000e+00
0.000000000000000000e+00
8.000000000000000000e+00
3.600000000000000000e+01
0.000000000000000000e+00
1.000000000000000000e+00
3.000000000000000000e+00
2.000000000000000000e+00
5.900000000000000000e+01
0.000000000000000000e+00
0.000000000000000000e+00
3.000000000000000000e+00
0.000000000000000000e+00
1.210000000000000000e+02
0.000000000000000000e+00
1.000000000000000000e+00
0.000000000000000000e+00
4.000000000000000000e+00
3.000000000000000000e+00
2.000000000000000000e+00
7.510000000000000000e+02
0.000000000000000000e+00
1.300000000000000000e+01
2.000000000000000000e+00
2.000000000000000000e+00
2.766000000000000000e+03
0.000000000000000000e+00
2.800000000000000000e+01
4.200000000000000000e+01
0.000000000000000000e+00
6.000000000000000000e+00
3.922000000000000000e+03
0.000000000000000000e+00
4.570000000000000000e+02
1.000000000000000000e+00
9.000000000000000000e+00
2.000000000000000000e+00
0.000000000000000000e+00
0.000000000000000000e+00
0.000000000000000000e+00
2.000000000000000000e+01
0.000000000000000000e+00
0.000000000000000000e+00
0.000000000000000000e+00
3.820000000000000000e+03
5.000000000000000000e+01
1.000000000000000000e+00
2.900000000000000000e+01
0.000000000000000000e+00
1.200000000000000000e+01
2.532000000000000000e+03
9.000000000000000000e+00
1.000000000000000000e+00
7.000000000000000000e+00
9.000000000000000000e+00
3.900000000000000000e+02
2.000000000000000000e+01
2.910000000000000000e+02
2.000000000000000000e+00
6.000000000000000000e+00
0.000000000000000000e+00
1.290000000000000000e+02
1.000000000000000000e+01
1.700000000000000000e+01
0.000000000000000000e+00
0.000000000000000000e+00
0.000000000000000000e+00
1.800000000000000000e+01
1.659000000000000000e+03
2.000000000000000000e+00
3.823000000000000000e+03
6.000000000000000000e+00
2.000000000000000000e+00
0.000000000000000000e+00
3.800000000000000000e+01
1.770000000000000000e+02
4.250000000000000000e+02
0.000000000000000000e+00
2.500000000000000000e+01
1.083000000000000000e+03
1.121000000000000000e+03
0.000000000000000000e+00
0.000000000000000000e+00
6.000000000000000000e+00
1.130000000000000000e+02
0.000000000000000000e+00
3.900000000000000000e+01
4.100000000000000000e+01
1.300000000000000000e+01
2.000000000000000000e+00
9.000000000000000000e+00
2.600000000000000000e+01
0.000000000000000000e+00
6.000000000000000000e+00
1.160000000000000000e+02
0.000000000000000000e+00
1.000000000000000000e+00
0.000000000000000000e+00
0.000000000000000000e+00
1.300000000000000000e+01
0.000000000000000000e+00
0.000000000000000000e+00
0.000000000000000000e+00
0.000000000000000000e+00
1.000000000000000000e+01
2.000000000000000000e+00
0.000000000000000000e+00
1.100000000000000000e+01
2.300000000000000000e+01
7.000000000000000000e+00
1.090000000000000000e+02
9.500000000000000000e+01
0.000000000000000000e+00
0.000000000000000000e+00
0.000000000000000000e+00
2.100000000000000000e+01
2.000000000000000000e+00
1.787000000000000000e+03
3.200000000000000000e+01
4.800000000000000000e+01
9.000000000000000000e+00
0.000000000000000000e+00
0.000000000000000000e+00
0.000000000000000000e+00
0.000000000000000000e+00
1.110000000000000000e+02
2.690000000000000000e+02
4.700000000000000000e+01
1.510000000000000000e+02
2.000000000000000000e+00
0.000000000000000000e+00
1.670000000000000000e+02
1.600000000000000000e+01
2.000000000000000000e+00
0.000000000000000000e+00
5.400000000000000000e+01
0.000000000000000000e+00
2.600000000000000000e+01
3.000000000000000000e+00
3.420000000000000000e+02
0.000000000000000000e+00
0.000000000000000000e+00
0.000000000000000000e+00
7.000000000000000000e+00
6.460000000000000000e+02
7.000000000000000000e+00
4.000000000000000000e+00
1.000000000000000000e+01
2.900000000000000000e+02
0.000000000000000000e+00
1.033000000000000000e+03
1.640000000000000000e+02
5.000000000000000000e+00
0.000000000000000000e+00
5.000000000000000000e+00
0.000000000000000000e+00
2.200000000000000000e+01
1.200000000000000000e+01
0.000000000000000000e+00
5.200000000000000000e+01
2.000000000000000000e+00
3.000000000000000000e+00
0.000000000000000000e+00
3.000000000000000000e+01
0.000000000000000000e+00
0.000000000000000000e+00
1.110000000000000000e+02
6.000000000000000000e+00
8.800000000000000000e+01
4.410000000000000000e+02
4.200000000000000000e+01
1.400000000000000000e+01
0.000000000000000000e+00
1.410000000000000000e+02
1.900000000000000000e+01
5.100000000000000000e+01
1.530000000000000000e+02
0.000000000000000000e+00
4.135000000000000000e+03
5.900000000000000000e+01
8.000000000000000000e+00
2.000000000000000000e+00
0.000000000000000000e+00
0.000000000000000000e+00
2.700000000000000000e+01
0.000000000000000000e+00
7.000000000000000000e+00
0.000000000000000000e+00
0.000000000000000000e+00
1.600000000000000000e+01
1.120000000000000000e+02
6.000000000000000000e+00
1.000000000000000000e+00
7.000000000000000000e+00
1.000000000000000000e+00
3.000000000000000000e+00
0.000000000000000000e+00
3.021000000000000000e+03
2.940000000000000000e+03
4.000000000000000000e+00
1.900000000000000000e+02
1.000000000000000000e+00
1.620000000000000000e+02
2.300000000000000000e+01
5.600000000000000000e+01
1.673000000000000000e+03
1.700000000000000000e+01
0.000000000000000000e+00
9.000000000000000000e+00
3.000000000000000000e+00
4.000000000000000000e+00
0.000000000000000000e+00
7.810000000000000000e+02
1.000000000000000000e+00
5.200000000000000000e+01
1.700000000000000000e+01
1.600000000000000000e+01
0.000000000000000000e+00
2.000000000000000000e+01
0.000000000000000000e+00
4.200000000000000000e+01
1.800000000000000000e+01
9.900000000000000000e+01
5.700000000000000000e+01
1.230000000000000000e+02
1.900000000000000000e+01
8.900000000000000000e+01
0.000000000000000000e+00
1.530000000000000000e+02
1.900000000000000000e+01
1.000000000000000000e+01
4.000000000000000000e+00
3.000000000000000000e+00
6.000000000000000000e+00
1.000000000000000000e+01
6.400000000000000000e+01
1.818000000000000000e+03
4.900000000000000000e+01
1.500000000000000000e+01
3.200000000000000000e+01
0.000000000000000000e+00
9.300000000000000000e+01
1.220000000000000000e+02
1.625000000000000000e+03
8.800000000000000000e+01
2.132000000000000000e+03
1.000000000000000000e+00
0.000000000000000000e+00
0.000000000000000000e+00
4.380000000000000000e+02
1.800000000000000000e+01
2.000000000000000000e+00
1.700000000000000000e+01
5.800000000000000000e+01
0.000000000000000000e+00
0.000000000000000000e+00
1.800000000000000000e+01
1.840000000000000000e+02
6.000000000000000000e+00
0.000000000000000000e+00
3.060000000000000000e+02
6.000000000000000000e+00
1.900000000000000000e+02
1.278000000000000000e+03
0.000000000000000000e+00
2.030000000000000000e+02
0.000000000000000000e+00
3.000000000000000000e+00
1.200000000000000000e+01
1.690000000000000000e+02
0.000000000000000000e+00
3.470000000000000000e+02
3.000000000000000000e+00
4.000000000000000000e+00
2.000000000000000000e+00
1.810000000000000000e+02
0.000000000000000000e+00
3.000000000000000000e+01
8.000000000000000000e+00
5.000000000000000000e+00
6.000000000000000000e+00
0.000000000000000000e+00
3.800000000000000000e+01
0.000000000000000000e+00
2.600000000000000000e+01
6.000000000000000000e+00
1.118000000000000000e+03
2.000000000000000000e+00
0.000000000000000000e+00
8.158000000000000000e+03
0.000000000000000000e+00
1.000000000000000000e+00
1.400000000000000000e+01
1.780000000000000000e+02
5.000000000000000000e+00
1.000000000000000000e+00
0.000000000000000000e+00
3.500000000000000000e+01
0.000000000000000000e+00
3.000000000000000000e+00
1.190000000000000000e+02
1.000000000000000000e+00
3.000000000000000000e+00
0.000000000000000000e+00
0.000000000000000000e+00
2.900000000000000000e+01
0.000000000000000000e+00
1.000000000000000000e+00
8.000000000000000000e+00
1.201000000000000000e+03
4.800000000000000000e+01
0.000000000000000000e+00
1.600000000000000000e+01
5.700000000000000000e+01
1.000000000000000000e+00
1.200000000000000000e+01
5.300000000000000000e+01
1.910000000000000000e+02
0.000000000000000000e+00
6.500000000000000000e+01
2.900000000000000000e+01
1.910000000000000000e+02
6.400000000000000000e+01
1.580000000000000000e+02
4.000000000000000000e+00
0.000000000000000000e+00
9.700000000000000000e+01
8.860000000000000000e+02
5.000000000000000000e+00
0.000000000000000000e+00
8.080000000000000000e+02
6.700000000000000000e+01
0.000000000000000000e+00
0.000000000000000000e+00
1.000000000000000000e+01
2.500000000000000000e+01
4.000000000000000000e+00
4.000000000000000000e+00
0.000000000000000000e+00
1.109000000000000000e+03
0.000000000000000000e+00
0.000000000000000000e+00
2.890000000000000000e+02
1.500000000000000000e+01
2.268000000000000000e+03
4.990000000000000000e+02
0.000000000000000000e+00
0.000000000000000000e+00
0.000000000000000000e+00
1.000000000000000000e+00
4.268000000000000000e+03
0.000000000000000000e+00
0.000000000000000000e+00
1.700000000000000000e+01
1.500000000000000000e+01
4.000000000000000000e+00
1.000000000000000000e+00
0.000000000000000000e+00
4.460000000000000000e+02
1.240000000000000000e+02
0.000000000000000000e+00
2.000000000000000000e+00
2.870000000000000000e+02
1.000000000000000000e+00
0.000000000000000000e+00
8.600000000000000000e+01
0.000000000000000000e+00
1.000000000000000000e+00
0.000000000000000000e+00
3.000000000000000000e+00
2.400000000000000000e+01
1.100000000000000000e+01
0.000000000000000000e+00
5.700000000000000000e+01
6.000000000000000000e+00
1.600000000000000000e+02
2.000000000000000000e+00
2.000000000000000000e+00
4.100000000000000000e+01
2.000000000000000000e+00
5.800000000000000000e+01
0.000000000000000000e+00
1.000000000000000000e+00
1.006000000000000000e+03
5.000000000000000000e+00
2.400000000000000000e+01
2.100000000000000000e+01
2.000000000000000000e+00
4.000000000000000000e+00
8.900000000000000000e+01
9.000000000000000000e+00
0.000000000000000000e+00
2.300000000000000000e+01
2.000000000000000000e+00
1.000000000000000000e+00
2.329000000000000000e+03
1.000000000000000000e+00
4.000000000000000000e+00
0.000000000000000000e+00
1.300000000000000000e+01
4.620000000000000000e+02
0.000000000000000000e+00
2.280000000000000000e+02
2.543000000000000000e+03
7.000000000000000000e+00
0.000000000000000000e+00
2.000000000000000000e+00
3.550000000000000000e+02
2.000000000000000000e+00
6.600000000000000000e+01
4.000000000000000000e+00
2.100000000000000000e+01
3.700000000000000000e+01
0.000000000000000000e+00
3.330000000000000000e+02
2.410000000000000000e+02
0.000000000000000000e+00
1.000000000000000000e+00
0.000000000000000000e+00
0.000000000000000000e+00
1.000000000000000000e+00
1.000000000000000000e+00
1.000000000000000000e+01
0.000000000000000000e+00
8.000000000000000000e+00
0.000000000000000000e+00
1.460000000000000000e+02
0.000000000000000000e+00
1.000000000000000000e+00
0.000000000000000000e+00
6.000000000000000000e+00
6.000000000000000000e+00
0.000000000000000000e+00
1.981000000000000000e+03
0.000000000000000000e+00
1.280000000000000000e+02
9.000000000000000000e+00
4.700000000000000000e+01
0.000000000000000000e+00
1.000000000000000000e+00
6.000000000000000000e+00
2.000000000000000000e+00
1.663000000000000000e+03
0.000000000000000000e+00
1.732000000000000000e+03
0.000000000000000000e+00
3.000000000000000000e+00
1.000000000000000000e+00
1.000000000000000000e+00
1.200000000000000000e+01
2.000000000000000000e+00
1.790000000000000000e+02
2.900000000000000000e+01
6.100000000000000000e+01
0.000000000000000000e+00
6.800000000000000000e+01
2.070000000000000000e+02
1.700000000000000000e+01
1.000000000000000000e+01
1.187000000000000000e+03
6.280000000000000000e+02
0.000000000000000000e+00
1.450000000000000000e+02
9.000000000000000000e+00
1.680000000000000000e+02
5.000000000000000000e+00
4.000000000000000000e+00
0.000000000000000000e+00
8.100000000000000000e+01
1.000000000000000000e+00
0.000000000000000000e+00
3.200000000000000000e+01
0.000000000000000000e+00
1.130000000000000000e+02
3.000000000000000000e+00
0.000000000000000000e+00
5.000000000000000000e+00
1.160000000000000000e+02
0.000000000000000000e+00
1.000000000000000000e+00
1.500000000000000000e+01
1.000000000000000000e+00
3.000000000000000000e+00
1.100000000000000000e+01
2.000000000000000000e+01
0.000000000000000000e+00
1.000000000000000000e+00
3.000000000000000000e+01
1.070000000000000000e+02
3.000000000000000000e+00
4.600000000000000000e+01
0.000000000000000000e+00
2.000000000000000000e+00
1.200000000000000000e+01
9.300000000000000000e+01
0.000000000000000000e+00
4.000000000000000000e+00
2.000000000000000000e+00
0.000000000000000000e+00
2.520000000000000000e+02
1.390000000000000000e+02
0.000000000000000000e+00
4.660000000000000000e+02
0.000000000000000000e+00
6.000000000000000000e+00
7.000000000000000000e+01
8.000000000000000000e+00
8.000000000000000000e+00
2.412000000000000000e+03
0.000000000000000000e+00
2.800000000000000000e+01
3.000000000000000000e+00
0.000000000000000000e+00
0.000000000000000000e+00
2.000000000000000000e+00
0.000000000000000000e+00
0.000000000000000000e+00
3.479000000000000000e+03
2.000000000000000000e+00
1.000000000000000000e+00
1.000000000000000000e+01
8.000000000000000000e+00
7.000000000000000000e+00
1.000000000000000000e+00
0.000000000000000000e+00
2.000000000000000000e+00
6.000000000000000000e+00
3.200000000000000000e+01
0.000000000000000000e+00
0.000000000000000000e+00
2.400000000000000000e+01
1.003000000000000000e+03
0.000000000000000000e+00
9.600000000000000000e+01
0.000000000000000000e+00
5.000000000000000000e+00
4.550000000000000000e+02
3.800000000000000000e+01
0.000000000000000000e+00
1.000000000000000000e+00
3.000000000000000000e+00
0.000000000000000000e+00
1.000000000000000000e+00
8.000000000000000000e+00
0.000000000000000000e+00
0.000000000000000000e+00
0.000000000000000000e+00
3.300000000000000000e+01
3.160000000000000000e+02
0.000000000000000000e+00
4.000000000000000000e+00
1.030000000000000000e+02
9.700000000000000000e+01
1.780000000000000000e+03
9.000000000000000000e+00
0.000000000000000000e+00
8.870000000000000000e+02
5.200000000000000000e+01
4.000000000000000000e+00
1.000000000000000000e+00
1.090000000000000000e+02
8.000000000000000000e+00
2.000000000000000000e+00
0.000000000000000000e+00
0.000000000000000000e+00
0.000000000000000000e+00
5.800000000000000000e+01
6.000000000000000000e+00
0.000000000000000000e+00
0.000000000000000000e+00
1.200000000000000000e+01
0.000000000000000000e+00
0.000000000000000000e+00
0.000000000000000000e+00
4.000000000000000000e+00
5.000000000000000000e+00
3.000000000000000000e+00
0.000000000000000000e+00
2.200000000000000000e+01
1.000000000000000000e+00
8.000000000000000000e+00
3.000000000000000000e+00
2.125000000000000000e+03
0.000000000000000000e+00
7.010000000000000000e+02
0.000000000000000000e+00
1.850000000000000000e+02
1.000000000000000000e+00
0.000000000000000000e+00
2.500000000000000000e+01
2.800000000000000000e+01
1.100000000000000000e+01
8.000000000000000000e+00
1.310000000000000000e+02
0.000000000000000000e+00
1.360000000000000000e+02
0.000000000000000000e+00
6.230000000000000000e+02
0.000000000000000000e+00
2.000000000000000000e+01
3.000000000000000000e+00
2.000000000000000000e+01
0.000000000000000000e+00
5.000000000000000000e+00
2.000000000000000000e+00
2.000000000000000000e+00
0.000000000000000000e+00
8.000000000000000000e+00
2.000000000000000000e+00
3.000000000000000000e+00
0.000000000000000000e+00
2.530000000000000000e+02
1.200000000000000000e+02
1.930000000000000000e+02
8.000000000000000000e+01
1.000000000000000000e+01
4.000000000000000000e+00
5.300000000000000000e+01
6.000000000000000000e+00
8.000000000000000000e+00
0.000000000000000000e+00
0.000000000000000000e+00
0.000000000000000000e+00
4.050000000000000000e+02
2.319000000000000000e+03
0.000000000000000000e+00
1.127000000000000000e+03
0.000000000000000000e+00
0.000000000000000000e+00
0.000000000000000000e+00
5.000000000000000000e+01
6.100000000000000000e+01
0.000000000000000000e+00
9.700000000000000000e+01
8.900000000000000000e+01
0.000000000000000000e+00
3.000000000000000000e+00
1.000000000000000000e+00
2.300000000000000000e+01
3.000000000000000000e+00
2.250000000000000000e+02
1.600000000000000000e+01
0.000000000000000000e+00
1.300000000000000000e+01
7.600000000000000000e+01
0.000000000000000000e+00
6.552000000000000000e+03
5.000000000000000000e+00
3.000000000000000000e+00
2.000000000000000000e+00
4.900000000000000000e+01
0.000000000000000000e+00
3.200000000000000000e+01
2.000000000000000000e+00
0.000000000000000000e+00
0.000000000000000000e+00
6.500000000000000000e+01
7.000000000000000000e+00
4.000000000000000000e+00
0.000000000000000000e+00
5.130000000000000000e+02
1.200000000000000000e+01
0.000000000000000000e+00
1.200000000000000000e+01
9.000000000000000000e+00
1.090000000000000000e+02
1.000000000000000000e+00
3.060000000000000000e+02
0.000000000000000000e+00
6.000000000000000000e+00
2.600000000000000000e+01
4.000000000000000000e+00
9.900000000000000000e+01
4.000000000000000000e+00
0.000000000000000000e+00
2.870000000000000000e+02
0.000000000000000000e+00
1.761000000000000000e+03
0.000000000000000000e+00
1.200000000000000000e+01
2.300000000000000000e+01
4.700000000000000000e+01
5.100000000000000000e+01
1.200000000000000000e+01
0.000000000000000000e+00
0.000000000000000000e+00
2.760000000000000000e+02
2.000000000000000000e+00
0.000000000000000000e+00
2.583000000000000000e+03
7.200000000000000000e+01
3.300000000000000000e+01
0.000000000000000000e+00
8.000000000000000000e+00
0.000000000000000000e+00
3.000000000000000000e+00
1.300000000000000000e+01
9.800000000000000000e+01
1.000000000000000000e+01
1.000000000000000000e+00
4.000000000000000000e+00
0.000000000000000000e+00
0.000000000000000000e+00
3.000000000000000000e+00
0.000000000000000000e+00
1.890000000000000000e+03
0.000000000000000000e+00
4.100000000000000000e+01
6.000000000000000000e+00
7.000000000000000000e+00
4.800000000000000000e+01
2.800000000000000000e+02
5.000000000000000000e+00
9.000000000000000000e+00
1.420000000000000000e+02
1.600000000000000000e+01
1.270000000000000000e+02
2.300000000000000000e+02
4.010000000000000000e+02
2.000000000000000000e+00
4.000000000000000000e+00
4.150000000000000000e+02
2.000000000000000000e+00
1.100000000000000000e+01
0.000000000000000000e+00
5.750000000000000000e+02
1.441000000000000000e+03
1.000000000000000000e+00
7.000000000000000000e+00
3.000000000000000000e+00
4.600000000000000000e+01
1.000000000000000000e+00
0.000000000000000000e+00
0.000000000000000000e+00
0.000000000000000000e+00
0.000000000000000000e+00
0.000000000000000000e+00
0.000000000000000000e+00
1.000000000000000000e+00
0.000000000000000000e+00
1.844000000000000000e+03
1.400000000000000000e+01
1.229000000000000000e+03
2.300000000000000000e+01
2.000000000000000000e+00
1.440000000000000000e+02
0.000000000000000000e+00
1.080000000000000000e+02
0.000000000000000000e+00
1.000000000000000000e+00
3.790000000000000000e+02
1.300000000000000000e+01
2.000000000000000000e+00
7.000000000000000000e+00
2.600000000000000000e+01
9.220000000000000000e+02
3.000000000000000000e+00
0.000000000000000000e+00
0.000000000000000000e+00
8.000000000000000000e+00
7.000000000000000000e+00
5.900000000000000000e+01
9.012000000000000000e+03
0.000000000000000000e+00
0.000000000000000000e+00
2.000000000000000000e+00
1.700000000000000000e+01
0.000000000000000000e+00
1.100000000000000000e+01
4.000000000000000000e+00
0.000000000000000000e+00
1.600000000000000000e+01
2.400000000000000000e+01
1.500000000000000000e+01
2.800000000000000000e+01
2.000000000000000000e+00
1.000000000000000000e+00
5.000000000000000000e+01
2.000000000000000000e+00
2.091000000000000000e+03
5.690000000000000000e+02
0.000000000000000000e+00
1.000000000000000000e+00
3.700000000000000000e+01
0.000000000000000000e+00
7.000000000000000000e+00
3.100000000000000000e+01
3.190000000000000000e+02
0.000000000000000000e+00
0.000000000000000000e+00
1.110000000000000000e+02
1.661000000000000000e+03
4.080000000000000000e+02
7.300000000000000000e+01
0.000000000000000000e+00
2.000000000000000000e+00
4.430000000000000000e+02
3.000000000000000000e+00
0.000000000000000000e+00
0.000000000000000000e+00
0.000000000000000000e+00
1.890000000000000000e+02
3.000000000000000000e+02
0.000000000000000000e+00
7.800000000000000000e+01
7.700000000000000000e+01
8.000000000000000000e+00
7.260000000000000000e+02
1.800000000000000000e+01
0.000000000000000000e+00
0.000000000000000000e+00
0.000000000000000000e+00
0.000000000000000000e+00
1.600000000000000000e+01
3.200000000000000000e+01
3.000000000000000000e+00
0.000000000000000000e+00
2.000000000000000000e+00
1.190000000000000000e+02
3.309000000000000000e+03
1.000000000000000000e+00
3.800000000000000000e+01
0.000000000000000000e+00
4.000000000000000000e+00
1.700000000000000000e+01
5.000000000000000000e+01
5.000000000000000000e+00
1.000000000000000000e+00
1.700000000000000000e+01
2.680000000000000000e+02
8.000000000000000000e+00
0.000000000000000000e+00
4.000000000000000000e+00
0.000000000000000000e+00
1.000000000000000000e+00
5.000000000000000000e+00
2.760000000000000000e+02
9.000000000000000000e+01
0.000000000000000000e+00
0.000000000000000000e+00
3.400000000000000000e+01
2.090000000000000000e+02
0.000000000000000000e+00
0.000000000000000000e+00
5.700000000000000000e+01
0.000000000000000000e+00
5.000000000000000000e+00
1.290000000000000000e+02
4.400000000000000000e+01
3.100000000000000000e+01
1.469000000000000000e+03
1.596000000000000000e+03
3.880000000000000000e+02
2.000000000000000000e+00
0.000000000000000000e+00
4.400000000000000000e+01
2.000000000000000000e+01
2.710000000000000000e+02
2.000000000000000000e+00
4.000000000000000000e+00
0.000000000000000000e+00
5.000000000000000000e+00
0.000000000000000000e+00
0.000000000000000000e+00
7.500000000000000000e+01
0.000000000000000000e+00
3.900000000000000000e+01
3.904000000000000000e+03
2.222000000000000000e+03
4.710000000000000000e+02
8.000000000000000000e+00
8.000000000000000000e+00
0.000000000000000000e+00
0.000000000000000000e+00
2.000000000000000000e+00
8.000000000000000000e+00
6.000000000000000000e+00
0.000000000000000000e+00
0.000000000000000000e+00
0.000000000000000000e+00
1.000000000000000000e+00
7.000000000000000000e+00
7.510000000000000000e+02
0.000000000000000000e+00
0.000000000000000000e+00
0.000000000000000000e+00
2.200000000000000000e+02
0.000000000000000000e+00
1.800000000000000000e+01
8.000000000000000000e+00
0.000000000000000000e+00
4.500000000000000000e+01
2.000000000000000000e+00
5.500000000000000000e+01
2.000000000000000000e+00
6.000000000000000000e+00
2.400000000000000000e+01
9.000000000000000000e+00
2.000000000000000000e+00
9.000000000000000000e+00
1.210000000000000000e+03
8.800000000000000000e+01
4.000000000000000000e+01
2.000000000000000000e+00
4.100000000000000000e+02
6.600000000000000000e+01
0.000000000000000000e+00
4.000000000000000000e+00
1.000000000000000000e+00
3.000000000000000000e+00
0.000000000000000000e+00
1.000000000000000000e+01
0.000000000000000000e+00
0.000000000000000000e+00
1.500000000000000000e+01
1.645000000000000000e+03
0.000000000000000000e+00
2.850000000000000000e+02
1.000000000000000000e+01
0.000000000000000000e+00
6.000000000000000000e+00
0.000000000000000000e+00
0.000000000000000000e+00
0.000000000000000000e+00
5.000000000000000000e+00
4.020000000000000000e+02
0.000000000000000000e+00
2.000000000000000000e+00
1.400000000000000000e+01
5.200000000000000000e+01
2.100000000000000000e+01
5.100000000000000000e+01
5.800000000000000000e+01
4.000000000000000000e+00
0.000000000000000000e+00
2.000000000000000000e+00
1.200000000000000000e+01
0.000000000000000000e+00
1.800000000000000000e+01
1.750000000000000000e+02
4.000000000000000000e+00
6.390000000000000000e+02
5.000000000000000000e+00
5.000000000000000000e+00
4.900000000000000000e+01
7.000000000000000000e+00
7.000000000000000000e+00
1.239000000000000000e+03
1.280000000000000000e+02
4.400000000000000000e+01
2.000000000000000000e+00
0.000000000000000000e+00
2.100000000000000000e+01
0.000000000000000000e+00
2.000000000000000000e+00
2.660000000000000000e+03
7.000000000000000000e+00
2.000000000000000000e+00
0.000000000000000000e+00
5.100000000000000000e+01
0.000000000000000000e+00
0.000000000000000000e+00
1.140000000000000000e+02
0.000000000000000000e+00
1.230000000000000000e+02
0.000000000000000000e+00
2.000000000000000000e+01
0.000000000000000000e+00
7.000000000000000000e+01
7.000000000000000000e+00
1.800000000000000000e+01
0.000000000000000000e+00
3.800000000000000000e+01
1.600000000000000000e+01
0.000000000000000000e+00
2.474000000000000000e+03
5.700000000000000000e+01
0.000000000000000000e+00
4.000000000000000000e+00
5.000000000000000000e+00
6.000000000000000000e+00
0.000000000000000000e+00
0.000000000000000000e+00
5.000000000000000000e+00
8.000000000000000000e+00
1.630000000000000000e+03
2.000000000000000000e+00
2.000000000000000000e+00
0.000000000000000000e+00
1.100000000000000000e+01
1.162000000000000000e+03
5.708000000000000000e+03
2.810000000000000000e+02
0.000000000000000000e+00
2.800000000000000000e+01
1.140000000000000000e+02
5.000000000000000000e+00
2.010000000000000000e+02
3.800000000000000000e+01
3.000000000000000000e+00
0.000000000000000000e+00
1.330000000000000000e+03
3.000000000000000000e+00
1.180000000000000000e+02
8.000000000000000000e+00
0.000000000000000000e+00
7.800000000000000000e+01
1.520000000000000000e+02
2.100000000000000000e+02
1.400000000000000000e+01
2.000000000000000000e+00
1.430000000000000000e+02
2.200000000000000000e+01
3.780000000000000000e+02
2.000000000000000000e+00
0.000000000000000000e+00
1.900000000000000000e+01
0.000000000000000000e+00
4.000000000000000000e+00
1.700000000000000000e+01
2.000000000000000000e+01
6.280000000000000000e+02
4.800000000000000000e+01
1.000000000000000000e+00
6.400000000000000000e+01
1.400000000000000000e+02
6.000000000000000000e+00
0.000000000000000000e+00
0.000000000000000000e+00
3.085000000000000000e+03
1.800000000000000000e+01
6.000000000000000000e+00
1.369000000000000000e+03
0.000000000000000000e+00
1.200000000000000000e+01
1.500000000000000000e+01
1.000000000000000000e+00
6.300000000000000000e+01
0.000000000000000000e+00
2.000000000000000000e+00
6.000000000000000000e+00
3.910000000000000000e+02
4.000000000000000000e+00
1.390000000000000000e+02
9.840000000000000000e+02
1.100000000000000000e+01
0.000000000000000000e+00
3.000000000000000000e+00
0.000000000000000000e+00
0.000000000000000000e+00
0.000000000000000000e+00
3.000000000000000000e+00
5.000000000000000000e+00
1.000000000000000000e+00
0.000000000000000000e+00
4.000000000000000000e+00
1.710000000000000000e+02
0.000000000000000000e+00
3.000000000000000000e+00
0.000000000000000000e+00
3.400000000000000000e+01
8.000000000000000000e+00
0.000000000000000000e+00
2.000000000000000000e+01
5.000000000000000000e+00
1.000000000000000000e+00
1.000000000000000000e+00
1.400000000000000000e+01
7.000000000000000000e+00
5.000000000000000000e+00
1.000000000000000000e+00
2.600000000000000000e+01
0.000000000000000000e+00
6.000000000000000000e+00
4.000000000000000000e+00
0.000000000000000000e+00
2.896000000000000000e+03
3.600000000000000000e+01
0.000000000000000000e+00
4.000000000000000000e+00
0.000000000000000000e+00
2.000000000000000000e+00
1.750000000000000000e+02
1.365000000000000000e+03
1.140000000000000000e+02
8.000000000000000000e+00
0.000000000000000000e+00
0.000000000000000000e+00
4.000000000000000000e+00
1.500000000000000000e+01
3.000000000000000000e+01
4.000000000000000000e+00
0.000000000000000000e+00
1.000000000000000000e+00
2.000000000000000000e+00
0.000000000000000000e+00
2.030000000000000000e+02
1.300000000000000000e+01
8.000000000000000000e+00
4.880000000000000000e+02
0.000000000000000000e+00
3.100000000000000000e+01
1.510000000000000000e+02
5.000000000000000000e+00
2.000000000000000000e+00
2.040000000000000000e+02
0.000000000000000000e+00
0.000000000000000000e+00
0.000000000000000000e+00
8.100000000000000000e+01
1.400000000000000000e+02
3.900000000000000000e+01
1.400000000000000000e+01
0.000000000000000000e+00
1.790000000000000000e+02
0.000000000000000000e+00
0.000000000000000000e+00
0.000000000000000000e+00
1.217000000000000000e+03
0.000000000000000000e+00
0.000000000000000000e+00
2.400000000000000000e+01
4.070000000000000000e+02
3.000000000000000000e+00
0.000000000000000000e+00
0.000000000000000000e+00
1.668000000000000000e+03
0.000000000000000000e+00
3.000000000000000000e+00
2.300000000000000000e+01
2.000000000000000000e+00
9.000000000000000000e+00
1.160000000000000000e+02
4.500000000000000000e+01
1.459000000000000000e+03
3.650000000000000000e+02
5.200000000000000000e+01
2.000000000000000000e+00
0.000000000000000000e+00
2.800000000000000000e+01
2.000000000000000000e+01
4.000000000000000000e+00
1.000000000000000000e+00
8.000000000000000000e+00
0.000000000000000000e+00
0.000000000000000000e+00
0.000000000000000000e+00
0.000000000000000000e+00
0.000000000000000000e+00
1.400000000000000000e+01
1.000000000000000000e+00
0.000000000000000000e+00
9.000000000000000000e+00
0.000000000000000000e+00
6.354000000000000000e+03
0.000000000000000000e+00
3.570000000000000000e+02
1.410000000000000000e+02
2.700000000000000000e+01
1.200000000000000000e+01
0.000000000000000000e+00
1.100000000000000000e+01
3.700000000000000000e+01
1.300000000000000000e+02
0.000000000000000000e+00
2.200000000000000000e+01
5.010000000000000000e+02
0.000000000000000000e+00
0.000000000000000000e+00
7.190000000000000000e+02
2.200000000000000000e+01
0.000000000000000000e+00
1.000000000000000000e+00
0.000000000000000000e+00
1.700000000000000000e+01
0.000000000000000000e+00
0.000000000000000000e+00
0.000000000000000000e+00
0.000000000000000000e+00
3.000000000000000000e+00
1.060000000000000000e+02
1.000000000000000000e+00
7.000000000000000000e+00
0.000000000000000000e+00
2.000000000000000000e+00
0.000000000000000000e+00
1.100000000000000000e+01
0.000000000000000000e+00
0.000000000000000000e+00
0.000000000000000000e+00
3.000000000000000000e+00
5.600000000000000000e+01
0.000000000000000000e+00
0.000000000000000000e+00
0.000000000000000000e+00
2.580000000000000000e+02
1.000000000000000000e+00
2.000000000000000000e+00
3.000000000000000000e+01
1.280000000000000000e+03
3.900000000000000000e+01
6.000000000000000000e+00
1.700000000000000000e+01
2.250000000000000000e+02
0.000000000000000000e+00
6.100000000000000000e+01
3.000000000000000000e+00
4.200000000000000000e+01
4.200000000000000000e+01
9.000000000000000000e+00
0.000000000000000000e+00
2.000000000000000000e+00
0.000000000000000000e+00
0.000000000000000000e+00
4.000000000000000000e+00
2.570000000000000000e+02
1.700000000000000000e+01
0.000000000000000000e+00
1.400000000000000000e+01
3.000000000000000000e+02
0.000000000000000000e+00
1.250000000000000000e+02
5.000000000000000000e+00
1.000000000000000000e+01
0.000000000000000000e+00
6.300000000000000000e+01
6.000000000000000000e+00
0.000000000000000000e+00
0.000000000000000000e+00
8.800000000000000000e+01
0.000000000000000000e+00
4.810000000000000000e+02
1.300000000000000000e+01
0.000000000000000000e+00
1.954000000000000000e+03
3.000000000000000000e+00
5.100000000000000000e+01
1.000000000000000000e+00
5.000000000000000000e+00
0.000000000000000000e+00
4.000000000000000000e+00
2.000000000000000000e+00
1.300000000000000000e+01
0.000000000000000000e+00
4.400000000000000000e+01
0.000000000000000000e+00
1.250000000000000000e+02
1.270000000000000000e+02
1.000000000000000000e+01
2.000000000000000000e+00
1.100000000000000000e+01
0.000000000000000000e+00
1.700000000000000000e+01
0.000000000000000000e+00
3.800000000000000000e+01
3.000000000000000000e+01
1.670000000000000000e+02
0.000000000000000000e+00
2.100000000000000000e+01
1.020000000000000000e+02
2.000000000000000000e+00
0.000000000000000000e+00
7.060000000000000000e+02
1.300000000000000000e+01
3.000000000000000000e+00
8.386000000000000000e+03
6.889000000000000000e+03
6.000000000000000000e+00
0.000000000000000000e+00
9.500000000000000000e+01
4.800000000000000000e+01
0.000000000000000000e+00
0.000000000000000000e+00
0.000000000000000000e+00
2.000000000000000000e+00
0.000000000000000000e+00
4.000000000000000000e+00
1.200000000000000000e+01
0.000000000000000000e+00
5.700000000000000000e+01
8.960000000000000000e+02
1.701000000000000000e+03
2.990000000000000000e+02
6.000000000000000000e+00
1.618000000000000000e+03
1.000000000000000000e+00
0.000000000000000000e+00
4.600000000000000000e+01
2.000000000000000000e+00
0.000000000000000000e+00
0.000000000000000000e+00
1.300000000000000000e+01
1.500000000000000000e+01
9.000000000000000000e+00
2.100000000000000000e+01
8.000000000000000000e+00
0.000000000000000000e+00
4.260000000000000000e+02
4.800000000000000000e+01
4.000000000000000000e+00
1.900000000000000000e+01
4.250000000000000000e+02
0.000000000000000000e+00
9.700000000000000000e+01
0.000000000000000000e+00
1.950000000000000000e+02
9.000000000000000000e+00
4.000000000000000000e+00
1.130000000000000000e+02
2.200000000000000000e+01
8.000000000000000000e+00
3.600000000000000000e+01
2.700000000000000000e+02
2.100000000000000000e+01
0.000000000000000000e+00
8.000000000000000000e+00
2.000000000000000000e+00
0.000000000000000000e+00
1.300000000000000000e+01
0.000000000000000000e+00
2.169000000000000000e+03
2.000000000000000000e+01
1.000000000000000000e+01
1.000000000000000000e+00
1.190000000000000000e+02
3.880000000000000000e+02
1.800000000000000000e+01
6.000000000000000000e+00
1.000000000000000000e+00
1.806000000000000000e+03
0.000000000000000000e+00
4.550000000000000000e+02
0.000000000000000000e+00
0.000000000000000000e+00
0.000000000000000000e+00
2.800000000000000000e+01
1.080000000000000000e+02
9.100000000000000000e+01
1.122000000000000000e+03
0.000000000000000000e+00
7.020000000000000000e+02
0.000000000000000000e+00
5.000000000000000000e+00
0.000000000000000000e+00
7.200000000000000000e+01
2.800000000000000000e+01
4.000000000000000000e+00
1.900000000000000000e+01
0.000000000000000000e+00
5.000000000000000000e+00
0.000000000000000000e+00
0.000000000000000000e+00
3.000000000000000000e+00
3.740000000000000000e+02
0.000000000000000000e+00
0.000000000000000000e+00
2.300000000000000000e+01
2.000000000000000000e+00
2.400000000000000000e+01
2.100000000000000000e+01
0.000000000000000000e+00
4.300000000000000000e+01
1.600000000000000000e+01
8.000000000000000000e+00
0.000000000000000000e+00
1.000000000000000000e+00
0.000000000000000000e+00
8.000000000000000000e+01
1.950000000000000000e+02
8.200000000000000000e+01
7.800000000000000000e+01
2.200000000000000000e+01
0.000000000000000000e+00
0.000000000000000000e+00
2.320000000000000000e+02
1.150000000000000000e+02
7.700000000000000000e+01
1.600000000000000000e+01
1.850000000000000000e+02
1.300000000000000000e+01
0.000000000000000000e+00
1.441000000000000000e+03
2.745000000000000000e+03
2.733000000000000000e+03
1.000000000000000000e+00
0.000000000000000000e+00
1.500000000000000000e+01
3.000000000000000000e+00
1.000000000000000000e+01
0.000000000000000000e+00
1.480000000000000000e+02
5.000000000000000000e+00
2.000000000000000000e+00
1.000000000000000000e+00
1.600000000000000000e+01
9.000000000000000000e+00
1.900000000000000000e+01
1.100000000000000000e+01
0.000000000000000000e+00
0.000000000000000000e+00
2.000000000000000000e+01
0.000000000000000000e+00
0.000000000000000000e+00
0.000000000000000000e+00
0.000000000000000000e+00
1.000000000000000000e+00
1.000000000000000000e+00
1.000000000000000000e+01
2.400000000000000000e+01
3.970000000000000000e+02
0.000000000000000000e+00
1.450000000000000000e+02
2.500000000000000000e+01
1.000000000000000000e+00
4.000000000000000000e+00
0.000000000000000000e+00
7.000000000000000000e+00
8.800000000000000000e+01
0.000000000000000000e+00
0.000000000000000000e+00
1.830000000000000000e+03
0.000000000000000000e+00
8.800000000000000000e+01
0.000000000000000000e+00
2.600000000000000000e+01
0.000000000000000000e+00
0.000000000000000000e+00
6.000000000000000000e+00
0.000000000000000000e+00
9.420000000000000000e+02
0.000000000000000000e+00
5.500000000000000000e+01
0.000000000000000000e+00
6.500000000000000000e+02
3.030000000000000000e+02
0.000000000000000000e+00
1.200000000000000000e+01
2.000000000000000000e+00
4.000000000000000000e+00
3.300000000000000000e+01
0.000000000000000000e+00
4.000000000000000000e+00
0.000000000000000000e+00
0.000000000000000000e+00
1.400000000000000000e+01
3.000000000000000000e+01
9.000000000000000000e+00
1.120000000000000000e+03
5.000000000000000000e+00
2.900000000000000000e+01
1.100000000000000000e+01
1.000000000000000000e+00
2.600000000000000000e+01
2.600000000000000000e+01
1.200000000000000000e+01
1.700000000000000000e+01
0.000000000000000000e+00
1.600000000000000000e+01
0.000000000000000000e+00
3.000000000000000000e+00
4.000000000000000000e+00
0.000000000000000000e+00
2.000000000000000000e+00
0.000000000000000000e+00
7.000000000000000000e+01
3.000000000000000000e+00
1.000000000000000000e+00
2.737000000000000000e+03
4.220000000000000000e+02
3.000000000000000000e+00
2.700000000000000000e+01
1.900000000000000000e+01
0.000000000000000000e+00
0.000000000000000000e+00
1.800000000000000000e+01
3.000000000000000000e+00
0.000000000000000000e+00
2.280000000000000000e+02
4.300000000000000000e+01
3.000000000000000000e+01
0.000000000000000000e+00
0.000000000000000000e+00
9.200000000000000000e+01
2.700000000000000000e+01
5.500000000000000000e+01
2.080000000000000000e+02
1.000000000000000000e+01
1.600000000000000000e+01
1.157000000000000000e+03
1.120000000000000000e+02
0.000000000000000000e+00
2.000000000000000000e+00
2.000000000000000000e+00
1.650000000000000000e+02
0.000000000000000000e+00
5.000000000000000000e+00
6.000000000000000000e+00
0.000000000000000000e+00
2.000000000000000000e+00
6.000000000000000000e+00
4.400000000000000000e+01
1.000000000000000000e+00
3.000000000000000000e+01
0.000000000000000000e+00
5.070000000000000000e+02
4.000000000000000000e+00
0.000000000000000000e+00
1.000000000000000000e+00
4.000000000000000000e+00
0.000000000000000000e+00
1.100000000000000000e+01
3.100000000000000000e+01
3.340000000000000000e+02
2.000000000000000000e+00
3.000000000000000000e+00
0.000000000000000000e+00
9.460000000000000000e+02
2.460000000000000000e+02
1.100000000000000000e+01
0.000000000000000000e+00
0.000000000000000000e+00
9.200000000000000000e+01
4.400000000000000000e+01
6.000000000000000000e+00
1.000000000000000000e+00
0.000000000000000000e+00
2.000000000000000000e+00
0.000000000000000000e+00
5.000000000000000000e+00
6.070000000000000000e+02
0.000000000000000000e+00
3.100000000000000000e+02
0.000000000000000000e+00
5.000000000000000000e+00
5.000000000000000000e+00
1.530000000000000000e+02
0.000000000000000000e+00
1.576000000000000000e+03
1.570000000000000000e+02
4.000000000000000000e+00
3.630000000000000000e+02
0.000000000000000000e+00
7.878000000000000000e+03
0.000000000000000000e+00
3.100000000000000000e+02
0.000000000000000000e+00
3.000000000000000000e+00
2.000000000000000000e+00
0.000000000000000000e+00
0.000000000000000000e+00
0.000000000000000000e+00
0.000000000000000000e+00
5.700000000000000000e+01
8.000000000000000000e+00
1.000000000000000000e+01
2.100000000000000000e+01
1.400000000000000000e+01
1.536000000000000000e+03
3.600000000000000000e+01
0.000000000000000000e+00
2.000000000000000000e+00
2.300000000000000000e+01
0.000000000000000000e+00
7.000000000000000000e+00
0.000000000000000000e+00
0.000000000000000000e+00
0.000000000000000000e+00
7.000000000000000000e+00
6.700000000000000000e+01
0.000000000000000000e+00
3.340000000000000000e+02
2.610000000000000000e+02
7.000000000000000000e+01
0.000000000000000000e+00
1.000000000000000000e+00
6.100000000000000000e+01
0.000000000000000000e+00
0.000000000000000000e+00
6.000000000000000000e+00
1.900000000000000000e+01
1.000000000000000000e+00
1.000000000000000000e+00
0.000000000000000000e+00
1.500000000000000000e+01
4.000000000000000000e+00
0.000000000000000000e+00
8.000000000000000000e+00
7.800000000000000000e+01
6.000000000000000000e+00
2.600000000000000000e+01
1.000000000000000000e+00
1.000000000000000000e+00
9.630000000000000000e+02
1.996000000000000000e+03
0.000000000000000000e+00
0.000000000000000000e+00
3.070000000000000000e+03
0.000000000000000000e+00
0.000000000000000000e+00
0.000000000000000000e+00
0.000000000000000000e+00
1.300000000000000000e+01
6.600000000000000000e+01
3.810000000000000000e+02
0.000000000000000000e+00
9.000000000000000000e+00
1.000000000000000000e+00
0.000000000000000000e+00
6.000000000000000000e+00
8.400000000000000000e+02
1.000000000000000000e+00
1.662000000000000000e+03
5.000000000000000000e+00
9.000000000000000000e+00
1.200000000000000000e+01
0.000000000000000000e+00
6.300000000000000000e+01
0.000000000000000000e+00
0.000000000000000000e+00
0.000000000000000000e+00
1.900000000000000000e+02
1.700000000000000000e+01
0.000000000000000000e+00
6.000000000000000000e+00
1.000000000000000000e+00
3.000000000000000000e+00
1.490000000000000000e+02
0.000000000000000000e+00
4.000000000000000000e+00
1.000000000000000000e+00
0.000000000000000000e+00
0.000000000000000000e+00
2.000000000000000000e+00
2.000000000000000000e+00
1.050000000000000000e+02
0.000000000000000000e+00
0.000000000000000000e+00
9.000000000000000000e+00
1.000000000000000000e+00
1.120000000000000000e+02
1.000000000000000000e+00
1.000000000000000000e+00
2.100000000000000000e+01
8.100000000000000000e+01
8.000000000000000000e+00
0.000000000000000000e+00
2.000000000000000000e+00
4.000000000000000000e+00
0.000000000000000000e+00
1.600000000000000000e+01
0.000000000000000000e+00
5.310000000000000000e+02
0.000000000000000000e+00
1.860000000000000000e+02
6.000000000000000000e+00
0.000000000000000000e+00
3.100000000000000000e+01
6.000000000000000000e+00
2.752000000000000000e+03
1.000000000000000000e+01
3.100000000000000000e+01
0.000000000000000000e+00
1.100000000000000000e+01
6.350000000000000000e+02
4.800000000000000000e+01
3.100000000000000000e+01
1.000000000000000000e+01
4.000000000000000000e+00
0.000000000000000000e+00
4.000000000000000000e+00
1.870000000000000000e+02
0.000000000000000000e+00
0.000000000000000000e+00
0.000000000000000000e+00
5.171000000000000000e+03
5.844000000000000000e+03
8.000000000000000000e+00
5.900000000000000000e+01
0.000000000000000000e+00
0.000000000000000000e+00
0.000000000000000000e+00
1.620000000000000000e+03
1.320000000000000000e+02
6.000000000000000000e+00
0.000000000000000000e+00
0.000000000000000000e+00
7.900000000000000000e+01
1.160000000000000000e+02
1.560000000000000000e+02
0.000000000000000000e+00
2.540000000000000000e+02
8.400000000000000000e+01
0.000000000000000000e+00
0.000000000000000000e+00
7.000000000000000000e+00
2.000000000000000000e+00
2.580000000000000000e+02
2.500000000000000000e+01
0.000000000000000000e+00
2.000000000000000000e+01
1.740000000000000000e+02
1.100000000000000000e+01
2.100000000000000000e+01
1.000000000000000000e+01
0.000000000000000000e+00
6.900000000000000000e+02
1.000000000000000000e+00
0.000000000000000000e+00
1.000000000000000000e+00
8.570000000000000000e+02
