# sizes
2.000000000000000000e+00
2.000000000000000000e+00
7.000000000000000000e+00
1.800000000000000000e+01
1.000000000000000000e+00
0.000000000000000000e+00
0.000000000000000000e+00
0.000000000000000000e+00
1.500000000000000000e+01
2.000000000000000000e+00
0.000000000000000000e+00
0.000000000000000000e+00
2.000000000000000000e+00
0.000000000000000000e+00
0.000000000000000000e+00
0.000000000000000000e+00
0.000000000000000000e+00
0.000000000000000000e+00
5.400000000000000000e+01
0.000000000000000000e+00
1.000000000000000000e+00
0.000000000000000000e+00
0.000000000000000000e+00
1.000000000000000000e+00
0.000000000000000000e+00
0.000000000000000000e+00
1.000000000000000000e+00
0.000000000000000000e+00
1.000000000000000000e+00
0.000000000000000000e+00
7.000000000000000000e+00
1.000000000000000000e+00
0.000000000000000000e+00
7.000000000000000000e+00
0.000000000000000000e+00
0.000000000000000000e+00
4.000000000000000000e+00
5.000000000000000000e+00
0.000000000000000000e+00
0.000000000000000000e+00
1.000000000000000000e+00
2.000000000000000000e+00
0.000000000000000000e+00
3.000000000000000000e+00
0.000000000000000000e+00
1.000000000000000000e+00
1.000000000000000000e+00
7.000000000000000000e+00
3.000000000000000000e+00
0.000000000000000000e+00
2.000000000000000000e+00
0.000000000000000000e+00
0.000000000000000000e+00
0.000000000000000000e+00
2.000000000000000000e+00
0.000000000000000000e+00
0.000000000000000000e+00
0.000000000000000000e+00
1.000000000000000000e+00
3.000000000000000000e+00
8.000000000000000000e+00
0.000000000000000000e+00
0.000000000000000000e+00
0.000000000000000000e+00
0.000000000000000000e+00
0.000000000000000000e+00
0.000000000000000000e+00
1.000000000000000000e+00
5.000000000000000000e+00
3.000000000000000000e+00
0.000000000000000000e+00
0.000000000000000000e+00
0.000000000000000000e+00
0.000000000000000000e+00
1.000000000000000000e+00
0.000000000000000000e+00
0.000000000000000000e+00
2.000000000000000000e+00
2.000000000000000000e+00
2.000000000000000000e+00
3.000000000000000000e+00
0.000000000000000000e+00
0.000000000000000000e+00
0.000000000000000000e+00
0.000000000000000000e+00
1.600000000000000000e+01
4.000000000000000000e+00
1.000000000000000000e+00
0.000000000000000000e+00
0.000000000000000000e+00
0.000000000000000000e+00
0.000000000000000000e+00
3.100000000000000000e+01
3.000000000000000000e+00
1.000000000000000000e+01
0.000000000000000000e+00
1.000000000000000000e+00
2.000000000000000000e+00
0.000000000000000000e+00
9.000000000000000000e+00
8.000000000000000000e+00
2.000000000000000000e+01
2.000000000000000000e+00
0.000000000000000000e+00
2.000000000000000000e+00
1.000000000000000000e+00
1.000000000000000000e+00
1.400000000000000000e+01
0.000000000000000000e+00
2.000000000000000000e+00
6.000000000000000000e+00
2.000000000000000000e+00
0.000000000000000000e+00
0.000000000000000000e+00
0.000000000000000000e+00
2.000000000000000000e+00
0.000000000000000000e+00
1.000000000000000000e+00
0.000000000000000000e+00
0.000000000000000000e+00
4.000000000000000000e+00
1.000000000000000000e+00
0.000000000000000000e+00
0.000000000000000000e+00
2.000000000000000000e+00
8.000000000000000000e+00
0.000000000000000000e+00
6.000000000000000000e+00
0.000000000000000000e+00
1.900000000000000000e+01
0.000000000000000000e+00
1.000000000000000000e+00
0.000000000000000000e+00
1.000000000000000000e+00
1.500000000000000000e+01
3.300000000000000000e+01
3.000000000000000000e+00
0.000000000000000000e+00
0.000000000000000000e+00
3.000000000000000000e+00
0.000000000000000000e+00
3.000000000000000000e+00
0.000000000000000000e+00
3.000000000000000000e+00
0.000000000000000000e+00
1.700000000000000000e+01
7.000000000000000000e+00
0.000000000000000000e+00
9.000000000000000000e+00
5.000000000000000000e+00
0.000000000000000000e+00
2.000000000000000000e+00
0.000000000000000000e+00
0.000000000000000000e+00
0.000000000000000000e+00
5.000000000000000000e+00
1.200000000000000000e+01
0.000000000000000000e+00
0.000000000000000000e+00
0.000000000000000000e+00
0.000000000000000000e+00
2.200000000000000000e+01
3.000000000000000000e+00
0.000000000000000000e+00
0.000000000000000000e+00
4.000000000000000000e+00
0.000000000000000000e+00
1.000000000000000000e+00
4.000000000000000000e+00
0.000000000000000000e+00
9.000000000000000000e+00
0.000000000000000000e+00
0.000000000000000000e+00
0.000000000000000000e+00
0.000000000000000000e+00
0.000000000000000000e+00
0.000000000000000000e+00
1.000000000000000000e+00
0.000000000000000000e+00
0.000000000000000000e+00
0.000000000000000000e+00
1.000000000000000000e+00
2.000000000000000000e+00
0.000000000000000000e+00
1.000000000000000000e+00
0.000000000000000000e+00
2.000000000000000000e+00
8.000000000000000000e+00
2.000000000000000000e+00
0.000000000000000000e+00
0.000000000000000000e+00
0.000000000000000000e+00
1.000000000000000000e+00
6.000000000000000000e+00
4.000000000000000000e+00
1.400000000000000000e+01
0.000000000000000000e+00
0.000000000000000000e+00
0.000000000000000000e+00
0.000000000000000000e+00
5.000000000000000000e+00
0.000000000000000000e+00
0.000000000000000000e+00
1.000000000000000000e+00
0.000000000000000000e+00
0.000000000000000000e+00
0.000000000000000000e+00
0.000000000000000000e+00
4.000000000000000000e+00
9.000000000000000000e+00
0.000000000000000000e+00
0.000000000000000000e+00
0.000000000000000000e+00
0.000000000000000000e+00
1.400000000000000000e+01
1.000000000000000000e+00
0.000000000000000000e+00
1.100000000000000000e+01
2.000000000000000000e+00
0.000000000000000000e+00
4.000000000000000000e+00
0.000000000000000000e+00
2.000000000000000000e+00
0.000000000000000000e+00
1.000000000000000000e+00
0.000000000000000000e+00
0.000000000000000000e+00
2.000000000000000000e+00
2.000000000000000000e+00
5.000000000000000000e+00
5.000000000000000000e+00
0.000000000000000000e+00
0.000000000000000000e+00
0.000000000000000000e+00
1.000000000000000000e+00
0.000000000000000000e+00
2.000000000000000000e+00
2.000000000000000000e+00
4.000000000000000000e+00
0.000000000000000000e+00
0.000000000000000000e+00
0.000000000000000000e+00
3.000000000000000000e+00
1.000000000000000000e+00
0.000000000000000000e+00
0.000000000000000000e+00
0.000000000000000000e+00
6.000000000000000000e+00
1.000000000000000000e+00
0.000000000000000000e+00
0.000000000000000000e+00
0.000000000000000000e+00
2.300000000000000000e+01
0.000000000000000000e+00
0.000000000000000000e+00
0.000000000000000000e+00
0.000000000000000000e+00
3.000000000000000000e+01
4.000000000000000000e+00
1.000000000000000000e+00
0.000000000000000000e+00
0.000000000000000000e+00
0.000000000000000000e+00
0.000000000000000000e+00
0.000000000000000000e+00
0.000000000000000000e+00
1.000000000000000000e+00
0.000000000000000000e+00
0.000000000000000000e+00
1.300000000000000000e+01
2.000000000000000000e+00
1.100000000000000000e+01
0.000000000000000000e+00
2.900000000000000000e+01
0.000000000000000000e+00
0.000000000000000000e+00
3.000000000000000000e+00
0.000000000000000000e+00
0.000000000000000000e+00
0.000000000000000000e+00
0.000000000000000000e+00
1.900000000000000000e+01
1.000000000000000000e+00
0.000000000000000000e+00
2.000000000000000000e+00
0.000000000000000000e+00
0.000000000000000000e+00
0.000000000000000000e+00
1.000000000000000000e+00
5.300000000000000000e+01
0.000000000000000000e+00
0.000000000000000000e+00
2.000000000000000000e+00
2.000000000000000000e+00
9.000000000000000000e+00
0.000000000000000000e+00
0.000000000000000000e+00
0.000000000000000000e+00
0.000000000000000000e+00
0.000000000000000000e+00
1.000000000000000000e+01
0.000000000000000000e+00
2.100000000000000000e+01
4.000000000000000000e+00
0.000000000000000000e+00
2.000000000000000000e+00
1.000000000000000000e+00
0.000000000000000000e+00
0.000000000000000000e+00
5.000000000000000000e+00
1.000000000000000000e+00
0.000000000000000000e+00
0.000000000000000000e+00
0.000000000000000000e+00
0.000000000000000000e+00
0.000000000000000000e+00
0.000000000000000000e+00
2.800000000000000000e+01
9.000000000000000000e+00
0.000000000000000000e+00
0.000000000000000000e+00
0.000000000000000000e+00
0.000000000000000000e+00
4.000000000000000000e+00
0.000000000000000000e+00
1.400000000000000000e+01
0.000000000000000000e+00
0.000000000000000000e+00
0.000000000000000000e+00
0.000000000000000000e+00
1.000000000000000000e+00
2.500000000000000000e+01
5.000000000000000000e+00
4.200000000000000000e+01
0.000000000000000000e+00
3.000000000000000000e+00
0.000000000000000000e+00
1.000000000000000000e+00
3.600000000000000000e+01
2.000000000000000000e+00
1.200000000000000000e+01
0.000000000000000000e+00
2.000000000000000000e+00
3.000000000000000000e+00
1.000000000000000000e+00
1.000000000000000000e+01
0.000000000000000000e+00
0.000000000000000000e+00
0.000000000000000000e+00
0.000000000000000000e+00
8.000000000000000000e+00
0.000000000000000000e+00
0.000000000000000000e+00
0.000000000000000000e+00
9.000000000000000000e+00
1.000000000000000000e+00
6.000000000000000000e+00
0.000000000000000000e+00
0.000000000000000000e+00
6.000000000000000000e+00
0.000000000000000000e+00
1.000000000000000000e+00
2.600000000000000000e+01
0.000000000000000000e+00
0.000000000000000000e+00
0.000000000000000000e+00
3.000000000000000000e+00
2.000000000000000000e+00
2.000000000000000000e+00
1.000000000000000000e+00
2.000000000000000000e+00
2.000000000000000000e+00
4.500000000000000000e+01
0.000000000000000000e+00
0.000000000000000000e+00
2.200000000000000000e+01
2.000000000000000000e+00
0.000000000000000000e+00
0.000000000000000000e+00
6.000000000000000000e+00
5.000000000000000000e+00
1.200000000000000000e+01
0.000000000000000000e+00
0.000000000000000000e+00
0.000000000000000000e+00
3.000000000000000000e+00
0.000000000000000000e+00
0.000000000000000000e+00
3.000000000000000000e+00
2.000000000000000000e+00
0.000000000000000000e+00
0.000000000000000000e+00
7.000000000000000000e+00
0.000000000000000000e+00
0.000000000000000000e+00
1.000000000000000000e+00
0.000000000000000000e+00
0.000000000000000000e+00
1.400000000000000000e+01
8.000000000000000000e+00
2.000000000000000000e+00
0.000000000000000000e+00
0.000000000000000000e+00
0.000000000000000000e+00
8.000000000000000000e+00
1.000000000000000000e+00
1.800000000000000000e+01
0.000000000000000000e+00
1.000000000000000000e+00
0.000000000000000000e+00
0.000000000000000000e+00
0.000000000000000000e+00
0.000000000000000000e+00
1.000000000000000000e+00
0.000000000000000000e+00
1.000000000000000000e+00
3.100000000000000000e+01
4.000000000000000000e+00
1.100000000000000000e+01
0.000000000000000000e+00
9.000000000000000000e+00
0.000000000000000000e+00
0.000000000000000000e+00
0.000000000000000000e+00
2.100000000000000000e+01
1.200000000000000000e+01
2.900000000000000000e+01
7.000000000000000000e+00
2.000000000000000000e+00
4.000000000000000000e+00
0.000000000000000000e+00
1.500000000000000000e+01
2.000000000000000000e+00
3.000000000000000000e+00
9.000000000000000000e+00
2.000000000000000000e+00
8.000000000000000000e+00
1.000000000000000000e+00
1.000000000000000000e+01
5.000000000000000000e+00
3.500000000000000000e+01
1.000000000000000000e+00
0.000000000000000000e+00
0.000000000000000000e+00
0.000000000000000000e+00
0.000000000000000000e+00
0.000000000000000000e+00
1.000000000000000000e+00
0.000000000000000000e+00
2.000000000000000000e+00
4.000000000000000000e+00
0.000000000000000000e+00
0.000000000000000000e+00
4.000000000000000000e+00
0.000000000000000000e+00
0.000000000000000000e+00
0.000000000000000000e+00
2.000000000000000000e+00
9.000000000000000000e+00
1.000000000000000000e+00
3.000000000000000000e+00
3.000000000000000000e+00
0.000000000000000000e+00
1.000000000000000000e+00
2.000000000000000000e+00
0.000000000000000000e+00
0.000000000000000000e+00
7.000000000000000000e+00
6.000000000000000000e+00
2.800000000000000000e+01
1.000000000000000000e+00
0.000000000000000000e+00
0.000000000000000000e+00
0.000000000000000000e+00
0.000000000000000000e+00
1.500000000000000000e+01
0.000000000000000000e+00
0.000000000000000000e+00
0.000000000000000000e+00
2.000000000000000000e+00
2.000000000000000000e+00
1.000000000000000000e+00
0.000000000000000000e+00
6.000000000000000000e+00
4.000000000000000000e+00
0.000000000000000000e+00
0.000000000000000000e+00
0.000000000000000000e+00
1.000000000000000000e+00
7.000000000000000000e+00
9.000000000000000000e+00
9.000000000000000000e+00
0.000000000000000000e+00
0.000000000000000000e+00
9.000000000000000000e+00
0.000000000000000000e+00
9.000000000000000000e+00
2.000000000000000000e+00
0.000000000000000000e+00
0.000000000000000000e+00
1.500000000000000000e+01
2.000000000000000000e+00
0.000000000000000000e+00
1.300000000000000000e+01
0.000000000000000000e+00
0.000000000000000000e+00
0.000000000000000000e+00
0.000000000000000000e+00
5.200000000000000000e+01
0.000000000000000000e+00
1.000000000000000000e+00
2.000000000000000000e+00
2.000000000000000000e+00
0.000000000000000000e+00
0.000000000000000000e+00
2.000000000000000000e+00
0.000000000000000000e+00
9.000000000000000000e+00
1.600000000000000000e+01
0.000000000000000000e+00
5.000000000000000000e+00
4.000000000000000000e+00
4.000000000000000000e+00
3.000000000000000000e+00
0.000000000000000000e+00
2.000000000000000000e+00
1.000000000000000000e+00
0.000000000000000000e+00
0.000000000000000000e+00
0.000000000000000000e+00
3.000000000000000000e+00
1.000000000000000000e+00
0.000000000000000000e+00
0.000000000000000000e+00
2.000000000000000000e+00
0.000000000000000000e+00
3.000000000000000000e+00
0.000000000000000000e+00
0.000000000000000000e+00
0.000000000000000000e+00
0.000000000000000000e+00
2.000000000000000000e+00
7.000000000000000000e+00
1.000000000000000000e+00
0.000000000000000000e+00
4.000000000000000000e+00
1.100000000000000000e+01
6.000000000000000000e+00
0.000000000000000000e+00
8.000000000000000000e+00
0.000000000000000000e+00
1.500000000000000000e+01
2.000000000000000000e+00
3.300000000000000000e+01
0.000000000000000000e+00
5.000000000000000000e+00
1.600000000000000000e+01
4.000000000000000000e+00
0.000000000000000000e+00
0.000000000000000000e+00
8.000000000000000000e+00
1.000000000000000000e+01
0.000000000000000000e+00
0.000000000000000000e+00
0.000000000000000000e+00
0.000000000000000000e+00
1.200000000000000000e+01
2.700000000000000000e+01
1.100000000000000000e+01
1.400000000000000000e+01
7.000000000000000000e+00
0.000000000000000000e+00
2.600000000000000000e+01
0.000000000000000000e+00
6.000000000000000000e+00
2.000000000000000000e+00
0.000000000000000000e+00
5.000000000000000000e+00
0.000000000000000000e+00
6.000000000000000000e+00
0.000000000000000000e+00
6.000000000000000000e+00
5.000000000000000000e+00
3.000000000000000000e+00
7.000000000000000000e+00
1.000000000000000000e+00
0.000000000000000000e+00
0.000000000000000000e+00
0.000000000000000000e+00
6.000000000000000000e+00
6.000000000000000000e+00
8.000000000000000000e+00
0.000000000000000000e+00
0.000000000000000000e+00
0.000000000000000000e+00
0.000000000000000000e+00
3.000000000000000000e+00
0.000000000000000000e+00
1.000000000000000000e+00
0.000000000000000000e+00
0.000000000000000000e+00
4.000000000000000000e+00
1.400000000000000000e+01
1.000000000000000000e+00
3.000000000000000000e+00
0.000000000000000000e+00
7.000000000000000000e+00
2.100000000000000000e+01
1.000000000000000000e+00
7.000000000000000000e+00
1.400000000000000000e+01
1.000000000000000000e+00
5.000000000000000000e+00
4.000000000000000000e+00
0.000000000000000000e+00
2.000000000000000000e+00
2.400000000000000000e+01
3.000000000000000000e+00
0.000000000000000000e+00
0.000000000000000000e+00
1.000000000000000000e+00
5.000000000000000000e+00
0.000000000000000000e+00
0.000000000000000000e+00
0.000000000000000000e+00
3.000000000000000000e+00
0.000000000000000000e+00
8.000000000000000000e+00
0.000000000000000000e+00
5.000000000000000000e+00
0.000000000000000000e+00
0.000000000000000000e+00
5.000000000000000000e+00
1.800000000000000000e+01
0.000000000000000000e+00
0.000000000000000000e+00
0.000000000000000000e+00
2.000000000000000000e+00
0.000000000000000000e+00
0.000000000000000000e+00
0.000000000000000000e+00
3.100000000000000000e+01
3.000000000000000000e+00
0.000000000000000000e+00
0.000000000000000000e+00
3.000000000000000000e+00
0.000000000000000000e+00
0.000000000000000000e+00
9.000000000000000000e+00
8.000000000000000000e+00
0.000000000000000000e+00
0.000000000000000000e+00
5.000000000000000000e+00
3.900000000000000000e+01
7.000000000000000000e+00
0.000000000000000000e+00
0.000000000000000000e+00
7.000000000000000000e+00
1.000000000000000000e+00
2.000000000000000000e+00
5.100000000000000000e+01
0.000000000000000000e+00
1.900000000000000000e+01
2.000000000000000000e+00
1.000000000000000000e+00
1.100000000000000000e+01
2.000000000000000000e+00
0.000000000000000000e+00
0.000000000000000000e+00
5.000000000000000000e+00
0.000000000000000000e+00
9.000000000000000000e+00
1.300000000000000000e+01
2.900000000000000000e+01
4.700000000000000000e+01
4.000000000000000000e+00
5.000000000000000000e+00
0.000000000000000000e+00
1.100000000000000000e+01
0.000000000000000000e+00
8.100000000000000000e+01
0.000000000000000000e+00
6.000000000000000000e+00
0.000000000000000000e+00
1.000000000000000000e+01
0.000000000000000000e+00
0.000000000000000000e+00
0.000000000000000000e+00
2.000000000000000000e+00
4.100000000000000000e+01
2.000000000000000000e+00
0.000000000000000000e+00
0.000000000000000000e+00
2.000000000000000000e+00
0.000000000000000000e+00
4.000000000000000000e+00
0.000000000000000000e+00
0.000000000000000000e+00
2.100000000000000000e+01
3.000000000000000000e+00
0.000000000000000000e+00
2.700000000000000000e+01
3.100000000000000000e+01
0.000000000000000000e+00
4.000000000000000000e+00
0.000000000000000000e+00
8.000000000000000000e+00
5.000000000000000000e+00
0.000000000000000000e+00
0.000000000000000000e+00
3.000000000000000000e+00
1.200000000000000000e+01
4.000000000000000000e+00
1.300000000000000000e+01
0.000000000000000000e+00
0.000000000000000000e+00
1.000000000000000000e+00
0.000000000000000000e+00
5.000000000000000000e+00
0.000000000000000000e+00
0.000000000000000000e+00
6.000000000000000000e+00
0.000000000000000000e+00
4.000000000000000000e+00
0.000000000000000000e+00
0.000000000000000000e+00
0.000000000000000000e+00
1.500000000000000000e+01
1.000000000000000000e+00
0.000000000000000000e+00
1.000000000000000000e+00
1.100000000000000000e+01
0.000000000000000000e+00
0.000000000000000000e+00
0.000000000000000000e+00
9.000000000000000000e+00
4.000000000000000000e+00
1.200000000000000000e+01
9.000000000000000000e+00
0.000000000000000000e+00
0.000000000000000000e+00
0.000000000000000000e+00
2.000000000000000000e+00
6.000000000000000000e+00
0.000000000000000000e+00
0.000000000000000000e+00
1.000000000000000000e+00
0.000000000000000000e+00
1.000000000000000000e+00
0.000000000000000000e+00
1.900000000000000000e+01
0.000000000000000000e+00
0.000000000000000000e+00
1.000000000000000000e+00
2.600000000000000000e+01
6.000000000000000000e+00
2.000000000000000000e+00
0.000000000000000000e+00
1.000000000000000000e+00
0.000000000000000000e+00
0.000000000000000000e+00
0.000000000000000000e+00
0.000000000000000000e+00
1.600000000000000000e+01
0.000000000000000000e+00
0.000000000000000000e+00
0.000000000000000000e+00
0.000000000000000000e+00
2.000000000000000000e+00
2.000000000000000000e+00
3.000000000000000000e+00
0.000000000000000000e+00
0.000000000000000000e+00
5.000000000000000000e+00
2.000000000000000000e+00
2.000000000000000000e+00
1.000000000000000000e+00
0.000000000000000000e+00
0.000000000000000000e+00
5.000000000000000000e+00
0.000000000000000000e+00
0.000000000000000000e+00
5.600000000000000000e+01
2.000000000000000000e+00
1.000000000000000000e+00
0.000000000000000000e+00
1.200000000000000000e+01
1.000000000000000000e+00
0.000000000000000000e+00
1.000000000000000000e+01
2.000000000000000000e+00
5.000000000000000000e+00
0.000000000000000000e+00
0.000000000000000000e+00
0.000000000000000000e+00
5.000000000000000000e+00
1.000000000000000000e+00
0.000000000000000000e+00
0.000000000000000000e+00
1.000000000000000000e+00
1.000000000000000000e+00
2.000000000000000000e+00
2.000000000000000000e+00
1.000000000000000000e+00
2.000000000000000000e+00
1.000000000000000000e+00
1.000000000000000000e+00
0.000000000000000000e+00
0.000000000000000000e+00
1.200000000000000000e+01
0.000000000000000000e+00
0.000000000000000000e+00
0.000000000000000000e+00
0.000000000000000000e+00
2.000000000000000000e+00
0.000000000000000000e+00
4.000000000000000000e+00
1.000000000000000000e+00
0.000000000000000000e+00
0.000000000000000000e+00
0.000000000000000000e+00
1.100000000000000000e+01
2.000000000000000000e+00
0.000000000000000000e+00
1.100000000000000000e+01
0.000000000000000000e+00
1.000000000000000000e+00
1.400000000000000000e+01
2.000000000000000000e+00
1.000000000000000000e+01
2.600000000000000000e+01
1.000000000000000000e+00
0.000000000000000000e+00
0.000000000000000000e+00
6.000000000000000000e+00
0.000000000000000000e+00
0.000000000000000000e+00
0.000000000000000000e+00
2.000000000000000000e+00
1.000000000000000000e+00
2.000000000000000000e+00
0.000000000000000000e+00
1.000000000000000000e+00
0.000000000000000000e+00
0.000000000000000000e+00
0.000000000000000000e+00
0.000000000000000000e+00
1.400000000000000000e+01
0.000000000000000000e+00
0.000000000000000000e+00
2.000000000000000000e+00
2.200000000000000000e+01
2.000000000000000000e+01
8.000000000000000000e+00
1.400000000000000000e+01
7.000000000000000000e+00
5.400000000000000000e+01
3.000000000000000000e+00
2.000000000000000000e+00
3.600000000000000000e+01
7.000000000000000000e+00
2.000000000000000000e+00
2.000000000000000000e+01
8.000000000000000000e+00
3.000000000000000000e+00
2.000000000000000000e+00
0.000000000000000000e+00
0.000000000000000000e+00
5.000000000000000000e+00
0.000000000000000000e+00
0.000000000000000000e+00
5.000000000000000000e+00
0.000000000000000000e+00
1.300000000000000000e+01
1.000000000000000000e+00
7.000000000000000000e+00
0.000000000000000000e+00
0.000000000000000000e+00
5.000000000000000000e+00
0.000000000000000000e+00
0.000000000000000000e+00
1.000000000000000000e+01
1.000000000000000000e+00
1.600000000000000000e+01
1.000000000000000000e+00
0.000000000000000000e+00
3.000000000000000000e+00
2.000000000000000000e+00
0.000000000000000000e+00
0.000000000000000000e+00
5.000000000000000000e+00
0.000000000000000000e+00
2.000000000000000000e+00
4.000000000000000000e+00
0.000000000000000000e+00
0.000000000000000000e+00
0.000000000000000000e+00
0.000000000000000000e+00
1.000000000000000000e+00
0.000000000000000000e+00
0.000000000000000000e+00
0.000000000000000000e+00
0.000000000000000000e+00
2.000000000000000000e+00
7.000000000000000000e+00
0.000000000000000000e+00
1.000000000000000000e+00
0.000000000000000000e+00
4.000000000000000000e+00
0.000000000000000000e+00
1.000000000000000000e+00
0.000000000000000000e+00
6.200000000000000000e+01
4.000000000000000000e+00
2.000000000000000000e+00
0.000000000000000000e+00
1.000000000000000000e+00
1.000000000000000000e+00
4.000000000000000000e+00
0.000000000000000000e+00
0.000000000000000000e+00
1.000000000000000000e+01
6.000000000000000000e+00
2.000000000000000000e+00
5.000000000000000000e+00
0.000000000000000000e+00
3.000000000000000000e+00
0.000000000000000000e+00
3.000000000000000000e+00
0.000000000000000000e+00
1.000000000000000000e+00
0.000000000000000000e+00
0.000000000000000000e+00
0.000000000000000000e+00
0.000000000000000000e+00
0.000000000000000000e+00
0.000000000000000000e+00
0.000000000000000000e+00
3.200000000000000000e+01
0.000000000000000000e+00
8.000000000000000000e+00
2.000000000000000000e+00
0.000000000000000000e+00
1.500000000000000000e+01
1.200000000000000000e+01
1.000000000000000000e+00
3.500000000000000000e+01
0.000000000000000000e+00
0.000000000000000000e+00
0.000000000000000000e+00
1.000000000000000000e+00
0.000000000000000000e+00
1.000000000000000000e+00
1.000000000000000000e+00
0.000000000000000000e+00
3.000000000000000000e+00
1.300000000000000000e+01
0.000000000000000000e+00
1.000000000000000000e+00
8.000000000000000000e+00
0.000000000000000000e+00
2.000000000000000000e+00
3.000000000000000000e+00
5.000000000000000000e+00
0.000000000000000000e+00
1.000000000000000000e+00
0.000000000000000000e+00
4.000000000000000000e+00
0.000000000000000000e+00
9.000000000000000000e+00
0.000000000000000000e+00
3.000000000000000000e+00
1.000000000000000000e+01
0.000000000000000000e+00
0.000000000000000000e+00
2.100000000000000000e+01
6.000000000000000000e+01
2.000000000000000000e+00
2.200000000000000000e+01
1.000000000000000000e+00
1.000000000000000000e+00
0.000000000000000000e+00
1.000000000000000000e+00
0.000000000000000000e+00
1.200000000000000000e+01
3.000000000000000000e+00
0.000000000000000000e+00
1.000000000000000000e+00
0.000000000000000000e+00
1.300000000000000000e+01
1.200000000000000000e+01
0.000000000000000000e+00
0.000000000000000000e+00
3.000000000000000000e+00
0.000000000000000000e+00
0.000000000000000000e+00
3.000000000000000000e+01
0.000000000000000000e+00
1.300000000000000000e+01
3.000000000000000000e+00
4.000000000000000000e+00
0.000000000000000000e+00
0.000000000000000000e+00
0.000000000000000000e+00
1.600000000000000000e+01
5.000000000000000000e+00
0.000000000000000000e+00
8.000000000000000000e+00
0.000000000000000000e+00
4.000000000000000000e+00
2.000000000000000000e+00
2.000000000000000000e+00
2.000000000000000000e+00
5.000000000000000000e+00
6.000000000000000000e+00
0.000000000000000000e+00
0.000000000000000000e+00
1.400000000000000000e+01
1.000000000000000000e+00
1.000000000000000000e+00
0.000000000000000000e+00
2.000000000000000000e+00
0.000000000000000000e+00
3.000000000000000000e+00
0.000000000000000000e+00
0.000000000000000000e+00
0.000000000000000000e+00
3.000000000000000000e+00
0.000000000000000000e+00
2.100000000000000000e+01
1.000000000000000000e+00
1.000000000000000000e+00
2.100000000000000000e+01
0.000000000000000000e+00
6.000000000000000000e+00
2.000000000000000000e+00
2.000000000000000000e+00
2.000000000000000000e+00
0.000000000000000000e+00
3.000000000000000000e+00
0.000000000000000000e+00
6.000000000000000000e+00
0.000000000000000000e+00
0.000000000000000000e+00
0.000000000000000000e+00
4.000000000000000000e+00
1.500000000000000000e+01
2.400000000000000000e+01
9.000000000000000000e+00
5.000000000000000000e+00
0.000000000000000000e+00
0.000000000000000000e+00
0.000000000000000000e+00
0.000000000000000000e+00
2.000000000000000000e+00
0.000000000000000000e+00
0.000000000000000000e+00
9.000000000000000000e+00
4.000000000000000000e+00
7.000000000000000000e+00
0.000000000000000000e+00
1.000000000000000000e+00
0.000000000000000000e+00
1.700000000000000000e+01
0.000000000000000000e+00
2.000000000000000000e+00
0.000000000000000000e+00
0.000000000000000000e+00
0.000000000000000000e+00
0.000000000000000000e+00
1.000000000000000000e+00
0.000000000000000000e+00
6.000000000000000000e+00
3.000000000000000000e+00
1.000000000000000000e+00
4.200000000000000000e+01
0.000000000000000000e+00
0.000000000000000000e+00
3.000000000000000000e+00
0.000000000000000000e+00
1.000000000000000000e+01
0.000000000000000000e+00
2.000000000000000000e+00
0.000000000000000000e+00
0.000000000000000000e+00
1.000000000000000000e+00
3.000000000000000000e+00
1.000000000000000000e+00
0.000000000000000000e+00
0.000000000000000000e+00
1.000000000000000000e+00
0.000000000000000000e+00
0.000000000000000000e+00
0.000000000000000000e+00
2.000000000000000000e+00
0.000000000000000000e+00
0.000000000000000000e+00
0.000000000000000000e+00
1.200000000000000000e+01
0.000000000000000000e+00
4.000000000000000000e+00
0.000000000000000000e+00
3.000000000000000000e+00
0.000000000000000000e+00
0.000000000000000000e+00
2.000000000000000000e+00
0.000000000000000000e+00
0.000000000000000000e+00
0.000000000000000000e+00
2.000000000000000000e+00
2.000000000000000000e+00
9.000000000000000000e+00
0.000000000000000000e+00
0.000000000000000000e+00
4.000000000000000000e+00
0.000000000000000000e+00
6.000000000000000000e+00
0.000000000000000000e+00
2.000000000000000000e+00
2.000000000000000000e+00
4.000000000000000000e+00
1.000000000000000000e+01
0.000000000000000000e+00
4.000000000000000000e+00
1.000000000000000000e+01
0.000000000000000000e+00
0.000000000000000000e+00
0.000000000000000000e+00
0.000000000000000000e+00
7.000000000000000000e+00
0.000000000000000000e+00
1.000000000000000000e+00
1.000000000000000000e+00
0.000000000000000000e+00
4.000000000000000000e+00
3.000000000000000000e+00
2.000000000000000000e+00
6.000000000000000000e+00
4.000000000000000000e+00
0.000000000000000000e+00
6.000000000000000000e+00
8.000000000000000000e+00
2.000000000000000000e+00
0.000000000000000000e+00
9.000000000000000000e+00
0.000000000000000000e+00
0.000000000000000000e+00
0.000000000000000000e+00
3.000000000000000000e+00
6.000000000000000000e+00
0.000000000000000000e+00
1.200000000000000000e+01
1.000000000000000000e+00
0.000000000000000000e+00
9.000000000000000000e+00
0.000000000000000000e+00
2.000000000000000000e+01
4.700000000000000000e+01
2.000000000000000000e+00
0.000000000000000000e+00
0.000000000000000000e+00
0.000000000000000000e+00
0.000000000000000000e+00
0.000000000000000000e+00
0.000000000000000000e+00
0.000000000000000000e+00
0.000000000000000000e+00
0.000000000000000000e+00
0.000000000000000000e+00
3.000000000000000000e+00
1.100000000000000000e+01
1.000000000000000000e+00
0.000000000000000000e+00
4.000000000000000000e+00
3.700000000000000000e+01
0.000000000000000000e+00
1.000000000000000000e+00
0.000000000000000000e+00
2.000000000000000000e+00
0.000000000000000000e+00
0.000000000000000000e+00
0.000000000000000000e+00
0.000000000000000000e+00
1.000000000000000000e+00
7.000000000000000000e+00
0.000000000000000000e+00
0.000000000000000000e+00
0.000000000000000000e+00
0.000000000000000000e+00
1.200000000000000000e+01
1.100000000000000000e+01
4.000000000000000000e+00
0.000000000000000000e+00
1.000000000000000000e+00
1.200000000000000000e+01
4.000000000000000000e+01
0.000000000000000000e+00
0.000000000000000000e+00
1.000000000000000000e+00
0.000000000000000000e+00
4.000000000000000000e+00
1.300000000000000000e+01
0.000000000000000000e+00
0.000000000000000000e+00
1.000000000000000000e+00
0.000000000000000000e+00
8.000000000000000000e+00
1.300000000000000000e+01
2.000000000000000000e+01
2.000000000000000000e+00
1.200000000000000000e+01
0.000000000000000000e+00
4.000000000000000000e+00
0.000000000000000000e+00
0.000000000000000000e+00
0.000000000000000000e+00
0.000000000000000000e+00
7.000000000000000000e+00
0.000000000000000000e+00
0.000000000000000000e+00
0.000000000000000000e+00
0.000000000000000000e+00
0.000000000000000000e+00
0.000000000000000000e+00
0.000000000000000000e+00
3.000000000000000000e+00
0.000000000000000000e+00
0.000000000000000000e+00
1.100000000000000000e+01
1.500000000000000000e+01
2.000000000000000000e+01
0.000000000000000000e+00
1.400000000000000000e+01
6.000000000000000000e+00
0.000000000000000000e+00
0.000000000000000000e+00
0.000000000000000000e+00
0.000000000000000000e+00
0.000000000000000000e+00
0.000000000000000000e+00
0.000000000000000000e+00
6.000000000000000000e+00
4.000000000000000000e+00
1.000000000000000000e+00
0.000000000000000000e+00
0.000000000000000000e+00
5.000000000000000000e+00
0.000000000000000000e+00
5.000000000000000000e+00
1.000000000000000000e+00
9.000000000000000000e+00
2.000000000000000000e+00
1.000000000000000000e+00
0.000000000000000000e+00
0.000000000000000000e+00
4.300000000000000000e+01
2.000000000000000000e+01
1.000000000000000000e+01
0.000000000000000000e+00
4.000000000000000000e+00
0.000000000000000000e+00
0.000000000000000000e+00
2.000000000000000000e+00
0.000000000000000000e+00
0.000000000000000000e+00
0.000000000000000000e+00
0.000000000000000000e+00
0.000000000000000000e+00
6.000000000000000000e+00
1.100000000000000000e+01
5.000000000000000000e+00
1.000000000000000000e+00
0.000000000000000000e+00
0.000000000000000000e+00
0.000000000000000000e+00
0.000000000000000000e+00
7.000000000000000000e+00
1.000000000000000000e+00
6.000000000000000000e+01
2.000000000000000000e+00
0.000000000000000000e+00
6.000000000000000000e+00
3.000000000000000000e+00
0.000000000000000000e+00
0.000000000000000000e+00
0.000000000000000000e+00
0.000000000000000000e+00
8.000000000000000000e+00
0.000000000000000000e+00
0.000000000000000000e+00
2.200000000000000000e+01
0.000000000000000000e+00
2.300000000000000000e+01
0.000000000000000000e+00
0.000000000000000000e+00
3.000000000000000000e+00
3.000000000000000000e+00
0.000000000000000000e+00
0.000000000000000000e+00
0.000000000000000000e+00
0.000000000000000000e+00
0.000000000000000000e+00
0.000000000000000000e+00
0.000000000000000000e+00
3.000000000000000000e+00
0.000000000000000000e+00
4.000000000000000000e+00
1.000000000000000000e+00
0.000000000000000000e+00
0.000000000000000000e+00
7.800000000000000000e+01
9.000000000000000000e+00
2.300000000000000000e+01
1.000000000000000000e+01
0.000000000000000000e+00
3.000000000000000000e+00
0.000000000000000000e+00
0.000000000000000000e+00
8.000000000000000000e+00
4.000000000000000000e+00
0.000000000000000000e+00
0.000000000000000000e+00
5.000000000000000000e+00
2.000000000000000000e+00
2.000000000000000000e+00
0.000000000000000000e+00
3.000000000000000000e+00
1.200000000000000000e+01
0.000000000000000000e+00
4.000000000000000000e+00
0.000000000000000000e+00
0.000000000000000000e+00
4.000000000000000000e+00
2.000000000000000000e+00
0.000000000000000000e+00
0.000000000000000000e+00
4.000000000000000000e+00
7.000000000000000000e+00
0.000000000000000000e+00
0.000000000000000000e+00
0.000000000000000000e+00
3.000000000000000000e+00
2.800000000000000000e+01
0.000000000000000000e+00
2.000000000000000000e+00
0.000000000000000000e+00
0.000000000000000000e+00
0.000000000000000000e+00
0.000000000000000000e+00
0.000000000000000000e+00
1.400000000000000000e+01
1.400000000000000000e+01
0.000000000000000000e+00
0.000000000000000000e+00
0.000000000000000000e+00
2.100000000000000000e+01
1.700000000000000000e+01
2.200000000000000000e+01
0.000000000000000000e+00
7.000000000000000000e+00
0.000000000000000000e+00
4.900000000000000000e+01
0.000000000000000000e+00
2.000000000000000000e+00
0.000000000000000000e+00
1.000000000000000000e+00
0.000000000000000000e+00
0.000000000000000000e+00
0.000000000000000000e+00
1.000000000000000000e+00
9.000000000000000000e+00
2.000000000000000000e+00
0.000000000000000000e+00
0.000000000000000000e+00
3.000000000000000000e+01
2.500000000000000000e+01
0.000000000000000000e+00
8.000000000000000000e+00
3.000000000000000000e+00
1.000000000000000000e+00
0.000000000000000000e+00
0.000000000000000000e+00
0.000000000000000000e+00
2.000000000000000000e+00
5.000000000000000000e+00
2.000000000000000000e+00
0.000000000000000000e+00
0.000000000000000000e+00
3.000000000000000000e+01
0.000000000000000000e+00
1.000000000000000000e+00
2.000000000000000000e+00
1.000000000000000000e+01
7.000000000000000000e+00
0.000000000000000000e+00
0.000000000000000000e+00
2.000000000000000000e+00
3.900000000000000000e+01
7.400000000000000000e+01
1.000000000000000000e+00
1.000000000000000000e+00
3.000000000000000000e+00
0.000000000000000000e+00
0.000000000000000000e+00
0.000000000000000000e+00
0.000000000000000000e+00
1.000000000000000000e+00
0.000000000000000000e+00
1.000000000000000000e+00
1.000000000000000000e+00
0.000000000000000000e+00
3.000000000000000000e+00
4.000000000000000000e+00
2.000000000000000000e+01
1.000000000000000000e+00
6.000000000000000000e+00
0.000000000000000000e+00
1.200000000000000000e+01
3.000000000000000000e+00
4.000000000000000000e+00
4.900000000000000000e+01
4.000000000000000000e+00
0.000000000000000000e+00
2.100000000000000000e+01
1.800000000000000000e+01
2.000000000000000000e+01
1.000000000000000000e+00
1.000000000000000000e+00
0.000000000000000000e+00
1.100000000000000000e+01
0.000000000000000000e+00
2.000000000000000000e+00
0.000000000000000000e+00
1.000000000000000000e+00
5.000000000000000000e+00
0.000000000000000000e+00
0.000000000000000000e+00
0.000000000000000000e+00
0.000000000000000000e+00
0.000000000000000000e+00
0.000000000000000000e+00
0.000000000000000000e+00
2.000000000000000000e+00
5.000000000000000000e+00
1.000000000000000000e+00
2.000000000000000000e+00
0.000000000000000000e+00
0.000000000000000000e+00
0.000000000000000000e+00
0.000000000000000000e+00
2.000000000000000000e+00
0.000000000000000000e+00
5.000000000000000000e+00
1.100000000000000000e+01
0.000000000000000000e+00
9.000000000000000000e+00
0.000000000000000000e+00
9.000000000000000000e+00
0.000000000000000000e+00
4.000000000000000000e+00
0.000000000000000000e+00
1.000000000000000000e+00
2.000000000000000000e+01
0.000000000000000000e+00
1.580000000000000000e+02
0.000000000000000000e+00
2.200000000000000000e+01
0.000000000000000000e+00
1.000000000000000000e+00
0.000000000000000000e+00
0.000000000000000000e+00
1.000000000000000000e+00
2.000000000000000000e+01
0.000000000000000000e+00
7.000000000000000000e+00
2.000000000000000000e+00
0.000000000000000000e+00
7.000000000000000000e+00
0.000000000000000000e+00
3.000000000000000000e+00
1.300000000000000000e+01
4.000000000000000000e+00
6.800000000000000000e+01
0.000000000000000000e+00
7.300000000000000000e+01
1.000000000000000000e+01
0.000000000000000000e+00
1.000000000000000000e+00
1.500000000000000000e+01
1.000000000000000000e+01
2.400000000000000000e+01
0.000000000000000000e+00
0.000000000000000000e+00
0.000000000000000000e+00
0.000000000000000000e+00
0.000000000000000000e+00
0.000000000000000000e+00
0.000000000000000000e+00
0.000000000000000000e+00
3.000000000000000000e+00
0.000000000000000000e+00
4.000000000000000000e+00
1.900000000000000000e+01
6.000000000000000000e+00
0.000000000000000000e+00
0.000000000000000000e+00
0.000000000000000000e+00
5.000000000000000000e+00
0.000000000000000000e+00
1.000000000000000000e+00
0.000000000000000000e+00
5.000000000000000000e+00
9.000000000000000000e+00
0.000000000000000000e+00
7.000000000000000000e+00
6.000000000000000000e+00
0.000000000000000000e+00
2.000000000000000000e+00
0.000000000000000000e+00
0.000000000000000000e+00
0.000000000000000000e+00
0.000000000000000000e+00
3.000000000000000000e+00
0.000000000000000000e+00
1.000000000000000000e+00
8.000000000000000000e+01
2.000000000000000000e+01
0.000000000000000000e+00
0.000000000000000000e+00
5.000000000000000000e+00
0.000000000000000000e+00
1.000000000000000000e+00
0.000000000000000000e+00
2.000000000000000000e+00
0.000000000000000000e+00
5.000000000000000000e+00
1.400000000000000000e+01
0.000000000000000000e+00
0.000000000000000000e+00
0.000000000000000000e+00
0.000000000000000000e+00
2.000000000000000000e+00
4.800000000000000000e+01
0.000000000000000000e+00
0.000000000000000000e+00
1.000000000000000000e+00
0.000000000000000000e+00
2.100000000000000000e+01
1.000000000000000000e+01
0.000000000000000000e+00
2.000000000000000000e+00
1.000000000000000000e+01
7.000000000000000000e+00
0.000000000000000000e+00
1.600000000000000000e+01
4.000000000000000000e+00
1.100000000000000000e+01
1.000000000000000000e+00
0.000000000000000000e+00
0.000000000000000000e+00
2.000000000000000000e+00
7.000000000000000000e+00
1.000000000000000000e+00
0.000000000000000000e+00
0.000000000000000000e+00
0.000000000000000000e+00
7.900000000000000000e+01
0.000000000000000000e+00
0.000000000000000000e+00
5.000000000000000000e+00
0.000000000000000000e+00
7.000000000000000000e+00
0.000000000000000000e+00
2.000000000000000000e+00
2.000000000000000000e+00
0.000000000000000000e+00
2.000000000000000000e+00
0.000000000000000000e+00
9.000000000000000000e+00
1.000000000000000000e+00
5.000000000000000000e+00
1.000000000000000000e+00
8.000000000000000000e+00
3.800000000000000000e+01
5.000000000000000000e+00
7.000000000000000000e+00
5.000000000000000000e+01
1.400000000000000000e+01
0.000000000000000000e+00
1.000000000000000000e+00
1.000000000000000000e+00
8.000000000000000000e+00
1.200000000000000000e+01
0.000000000000000000e+00
0.000000000000000000e+00
0.000000000000000000e+00
0.000000000000000000e+00
6.000000000000000000e+00
1.000000000000000000e+01
7.000000000000000000e+00
0.000000000000000000e+00
2.900000000000000000e+01
1.000000000000000000e+00
1.700000000000000000e+01
0.000000000000000000e+00
2.000000000000000000e+00
0.000000000000000000e+00
0.000000000000000000e+00
0.000000000000000000e+00
2.000000000000000000e+00
0.000000000000000000e+00
0.000000000000000000e+00
0.000000000000000000e+00
1.500000000000000000e+01
1.000000000000000000e+00
0.000000000000000000e+00
2.200000000000000000e+01
4.000000000000000000e+00
2.000000000000000000e+00
2.000000000000000000e+00
2.000000000000000000e+00
1.800000000000000000e+01
1.000000000000000000e+00
0.000000000000000000e+00
0.000000000000000000e+00
2.000000000000000000e+00
3.100000000000000000e+01
0.000000000000000000e+00
0.000000000000000000e+00
0.000000000000000000e+00
1.000000000000000000e+00
3.000000000000000000e+00
9.000000000000000000e+00
0.000000000000000000e+00
0.000000000000000000e+00
6.000000000000000000e+00
0.000000000000000000e+00
0.000000000000000000e+00
2.500000000000000000e+01
2.000000000000000000e+00
2.000000000000000000e+00
1.000000000000000000e+00
0.000000000000000000e+00
0.000000000000000000e+00
2.000000000000000000e+00
6.000000000000000000e+00
0.000000000000000000e+00
2.000000000000000000e+00
0.000000000000000000e+00
3.000000000000000000e+00
1.000000000000000000e+00
5.000000000000000000e+00
4.000000000000000000e+00
0.000000000000000000e+00
5.000000000000000000e+00
2.000000000000000000e+01
0.000000000000000000e+00
7.000000000000000000e+00
2.000000000000000000e+00
6.000000000000000000e+00
9.000000000000000000e+00
1.800000000000000000e+01
0.000000000000000000e+00
2.000000000000000000e+00
0.000000000000000000e+00
0.000000000000000000e+00
0.000000000000000000e+00
4.500000000000000000e+01
2.000000000000000000e+00
0.000000000000000000e+00
1.000000000000000000e+00
4.000000000000000000e+00
0.000000000000000000e+00
3.000000000000000000e+00
8.000000000000000000e+00
0.000000000000000000e+00
0.000000000000000000e+00
2.800000000000000000e+01
2.000000000000000000e+00
0.000000000000000000e+00
8.000000000000000000e+00
2.700000000000000000e+01
1.300000000000000000e+01
6.000000000000000000e+00
9.000000000000000000e+00
1.080000000000000000e+02
0.000000000000000000e+00
0.000000000000000000e+00
6.000000000000000000e+00
2.000000000000000000e+00
4.000000000000000000e+00
7.000000000000000000e+00
0.000000000000000000e+00
0.000000000000000000e+00
0.000000000000000000e+00
0.000000000000000000e+00
0.000000000000000000e+00
0.000000000000000000e+00
6.000000000000000000e+00
1.000000000000000000e+00
1.200000000000000000e+01
3.200000000000000000e+01
7.000000000000000000e+00
0.000000000000000000e+00
0.000000000000000000e+00
0.000000000000000000e+00
0.000000000000000000e+00
2.000000000000000000e+00
0.000000000000000000e+00
3.100000000000000000e+01
0.000000000000000000e+00
0.000000000000000000e+00
4.700000000000000000e+01
0.000000000000000000e+00
0.000000000000000000e+00
9.000000000000000000e+00
0.000000000000000000e+00
0.000000000000000000e+00
1.900000000000000000e+01
0.000000000000000000e+00
0.000000000000000000e+00
2.400000000000000000e+01
0.000000000000000000e+00
1.400000000000000000e+01
0.000000000000000000e+00
1.000000000000000000e+00
5.000000000000000000e+00
2.200000000000000000e+01
0.000000000000000000e+00
3.400000000000000000e+01
6.000000000000000000e+00
2.000000000000000000e+01
0.000000000000000000e+00
2.000000000000000000e+00
4.100000000000000000e+01
3.300000000000000000e+01
1.600000000000000000e+01
0.000000000000000000e+00
1.600000000000000000e+01
7.000000000000000000e+00
0.000000000000000000e+00
0.000000000000000000e+00
1.000000000000000000e+00
0.000000000000000000e+00
0.000000000000000000e+00
0.000000000000000000e+00
0.000000000000000000e+00
1.600000000000000000e+01
1.000000000000000000e+00
1.000000000000000000e+00
0.000000000000000000e+00
6.000000000000000000e+00
5.000000000000000000e+00
0.000000000000000000e+00
1.000000000000000000e+01
2.000000000000000000e+00
2.000000000000000000e+00
1.400000000000000000e+01
2.100000000000000000e+01
0.000000000000000000e+00
8.000000000000000000e+00
0.000000000000000000e+00
6.000000000000000000e+00
2.000000000000000000e+00
0.000000000000000000e+00
0.000000000000000000e+00
1.300000000000000000e+01
0.000000000000000000e+00
0.000000000000000000e+00
0.000000000000000000e+00
5.000000000000000000e+00
0.000000000000000000e+00
0.000000000000000000e+00
4.000000000000000000e+00
0.000000000000000000e+00
3.800000000000000000e+01
0.000000000000000000e+00
8.000000000000000000e+00
0.000000000000000000e+00
0.000000000000000000e+00
1.300000000000000000e+01
2.000000000000000000e+00
3.000000000000000000e+00
0.000000000000000000e+00
2.000000000000000000e+00
0.000000000000000000e+00
0.000000000000000000e+00
2.000000000000000000e+00
6.000000000000000000e+00
0.000000000000000000e+00
7.000000000000000000e+00
0.000000000000000000e+00
0.000000000000000000e+00
1.000000000000000000e+00
0.000000000000000000e+00
0.000000000000000000e+00
2.000000000000000000e+00
3.000000000000000000e+00
2.500000000000000000e+01
5.000000000000000000e+00
2.000000000000000000e+00
8.000000000000000000e+00
0.000000000000000000e+00
0.000000000000000000e+00
1.000000000000000000e+01
0.000000000000000000e+00
7.200000000000000000e+01
0.000000000000000000e+00
0.000000000000000000e+00
8.000000000000000000e+00
5.000000000000000000e+00
2.000000000000000000e+00
0.000000000000000000e+00
0.000000000000000000e+00
1.300000000000000000e+01
0.000000000000000000e+00
2.000000000000000000e+00
0.000000000000000000e+00
0.000000000000000000e+00
0.000000000000000000e+00
0.000000000000000000e+00
0.000000000000000000e+00
9.000000000000000000e+00
0.000000000000000000e+00
6.000000000000000000e+00
6.000000000000000000e+00
8.000000000000000000e+00
2.600000000000000000e+01
1.000000000000000000e+00
5.000000000000000000e+00
4.000000000000000000e+00
0.000000000000000000e+00
1.000000000000000000e+00
0.000000000000000000e+00
0.000000000000000000e+00
3.000000000000000000e+00
0.000000000000000000e+00
2.000000000000000000e+00
7.000000000000000000e+00
6.000000000000000000e+00
0.000000000000000000e+00
6.000000000000000000e+00
0.000000000000000000e+00
2.000000000000000000e+00
0.000000000000000000e+00
0.000000000000000000e+00
1.000000000000000000e+00
8.000000000000000000e+00
1.800000000000000000e+01
8.000000000000000000e+00
4.000000000000000000e+00
1.000000000000000000e+00
3.900000000000000000e+01
3.000000000000000000e+00
0.000000000000000000e+00
0.000000000000000000e+00
0.000000000000000000e+00
0.000000000000000000e+00
1.200000000000000000e+01
9.000000000000000000e+00
0.000000000000000000e+00
2.000000000000000000e+00
0.000000000000000000e+00
0.000000000000000000e+00
0.000000000000000000e+00
0.000000000000000000e+00
0.000000000000000000e+00
1.000000000000000000e+00
0.000000000000000000e+00
1.600000000000000000e+01
0.000000000000000000e+00
0.000000000000000000e+00
3.100000000000000000e+01
0.000000000000000000e+00
4.000000000000000000e+00
7.000000000000000000e+00
0.000000000000000000e+00
1.000000000000000000e+00
0.000000000000000000e+00
0.000000000000000000e+00
0.000000000000000000e+00
0.000000000000000000e+00
5.000000000000000000e+00
8.000000000000000000e+00
0.000000000000000000e+00
0.000000000000000000e+00
0.000000000000000000e+00
1.000000000000000000e+00
9.000000000000000000e+00
0.000000000000000000e+00
2.300000000000000000e+01
0.000000000000000000e+00
7.000000000000000000e+00
1.000000000000000000e+00
4.700000000000000000e+01
0.000000000000000000e+00
0.000000000000000000e+00
1.000000000000000000e+00
0.000000000000000000e+00
0.000000000000000000e+00
0.000000000000000000e+00
0.000000000000000000e+00
3.000000000000000000e+00
2.000000000000000000e+00
0.000000000000000000e+00
4.000000000000000000e+00
0.000000000000000000e+00
0.000000000000000000e+00
6.000000000000000000e+00
0.000000000000000000e+00
0.000000000000000000e+00
0.000000000000000000e+00
6.100000000000000000e+01
3.000000000000000000e+00
1.000000000000000000e+00
0.000000000000000000e+00
3.000000000000000000e+00
7.000000000000000000e+01
0.000000000000000000e+00
0.000000000000000000e+00
3.800000000000000000e+01
0.000000000000000000e+00
0.000000000000000000e+00
1.250000000000000000e+02
3.000000000000000000e+00
0.000000000000000000e+00
0.000000000000000000e+00
9.000000000000000000e+00
1.000000000000000000e+00
3.000000000000000000e+00
0.000000000000000000e+00
0.000000000000000000e+00
0.000000000000000000e+00
1.700000000000000000e+01
0.000000000000000000e+00
4.000000000000000000e+00
0.000000000000000000e+00
0.000000000000000000e+00
0.000000000000000000e+00
2.300000000000000000e+01
0.000000000000000000e+00
5.000000000000000000e+00
0.000000000000000000e+00
0.000000000000000000e+00
4.600000000000000000e+01
0.000000000000000000e+00
1.490000000000000000e+02
1.000000000000000000e+01
0.000000000000000000e+00
2.000000000000000000e+00
2.400000000000000000e+01
0.000000000000000000e+00
0.000000000000000000e+00
2.000000000000000000e+00
0.000000000000000000e+00
0.000000000000000000e+00
1.000000000000000000e+00
0.000000000000000000e+00
4.000000000000000000e+00
2.900000000000000000e+01
1.000000000000000000e+00
0.000000000000000000e+00
0.000000000000000000e+00
4.000000000000000000e+00
1.000000000000000000e+01
2.000000000000000000e+00
0.000000000000000000e+00
2.000000000000000000e+00
2.000000000000000000e+00
0.000000000000000000e+00
0.000000000000000000e+00
1.000000000000000000e+00
1.000000000000000000e+00
3.000000000000000000e+00
0.000000000000000000e+00
4.000000000000000000e+00
2.000000000000000000e+00
3.000000000000000000e+00
9.000000000000000000e+00
0.000000000000000000e+00
0.000000000000000000e+00
0.000000000000000000e+00
2.000000000000000000e+00
0.000000000000000000e+00
5.000000000000000000e+00
0.000000000000000000e+00
3.200000000000000000e+01
3.000000000000000000e+00
0.000000000000000000e+00
0.000000000000000000e+00
2.000000000000000000e+00
0.000000000000000000e+00
3.000000000000000000e+00
0.000000000000000000e+00
0.000000000000000000e+00
3.600000000000000000e+01
7.000000000000000000e+00
1.000000000000000000e+00
0.000000000000000000e+00
0.000000000000000000e+00
0.000000000000000000e+00
1.000000000000000000e+00
1.000000000000000000e+00
0.000000000000000000e+00
0.000000000000000000e+00
1.300000000000000000e+01
0.000000000000000000e+00
0.000000000000000000e+00
2.000000000000000000e+00
1.000000000000000000e+00
8.000000000000000000e+00
3.000000000000000000e+00
0.000000000000000000e+00
0.000000000000000000e+00
0.000000000000000000e+00
0.000000000000000000e+00
0.000000000000000000e+00
0.000000000000000000e+00
0.000000000000000000e+00
1.000000000000000000e+00
8.300000000000000000e+01
9.000000000000000000e+00
1.300000000000000000e+01
0.000000000000000000e+00
2.700000000000000000e+01
6.000000000000000000e+00
1.000000000000000000e+00
0.000000000000000000e+00
0.000000000000000000e+00
2.600000000000000000e+01
0.000000000000000000e+00
6.000000000000000000e+00
1.100000000000000000e+01
9.000000000000000000e+00
1.000000000000000000e+00
1.000000000000000000e+00
0.000000000000000000e+00
8.000000000000000000e+00
0.000000000000000000e+00
3.000000000000000000e+00
5.000000000000000000e+00
2.000000000000000000e+00
0.000000000000000000e+00
3.000000000000000000e+00
3.000000000000000000e+00
0.000000000000000000e+00
0.000000000000000000e+00
6.000000000000000000e+00
0.000000000000000000e+00
1.100000000000000000e+01
4.000000000000000000e+01
1.000000000000000000e+00
0.000000000000000000e+00
6.000000000000000000e+00
0.000000000000000000e+00
3.400000000000000000e+01
6.000000000000000000e+00
0.000000000000000000e+00
0.000000000000000000e+00
8.000000000000000000e+00
5.000000000000000000e+00
2.100000000000000000e+01
0.000000000000000000e+00
0.000000000000000000e+00
4.000000000000000000e+00
1.400000000000000000e+01
3.000000000000000000e+00
3.000000000000000000e+00
0.000000000000000000e+00
3.000000000000000000e+00
7.000000000000000000e+00
2.000000000000000000e+01
6.300000000000000000e+01
2.000000000000000000e+00
0.000000000000000000e+00
0.000000000000000000e+00
4.000000000000000000e+00
0.000000000000000000e+00
0.000000000000000000e+00
1.000000000000000000e+00
0.000000000000000000e+00
7.000000000000000000e+00
8.000000000000000000e+00
1.100000000000000000e+01
0.000000000000000000e+00
0.000000000000000000e+00
0.000000000000000000e+00
2.000000000000000000e+00
4.000000000000000000e+00
1.000000000000000000e+00
8.500000000000000000e+01
0.000000000000000000e+00
0.000000000000000000e+00
0.000000000000000000e+00
1.000000000000000000e+00
3.000000000000000000e+00
8.000000000000000000e+00
0.000000000000000000e+00
0.000000000000000000e+00
1.000000000000000000e+00
0.000000000000000000e+00
0.000000000000000000e+00
6.000000000000000000e+00
2.200000000000000000e+01
2.000000000000000000e+00
0.000000000000000000e+00
7.000000000000000000e+00
1.000000000000000000e+00
0.000000000000000000e+00
0.000000000000000000e+00
0.000000000000000000e+00
2.000000000000000000e+00
0.000000000000000000e+00
0.000000000000000000e+00
3.000000000000000000e+01
6.000000000000000000e+00
3.100000000000000000e+01
9.200000000000000000e+01
4.000000000000000000e+00
1.200000000000000000e+01
2.200000000000000000e+01
0.000000000000000000e+00
3.800000000000000000e+01
2.000000000000000000e+00
2.000000000000000000e+00
1.000000000000000000e+00
5.000000000000000000e+01
3.000000000000000000e+00
2.800000000000000000e+01
3.000000000000000000e+00
0.000000000000000000e+00
0.000000000000000000e+00
9.000000000000000000e+00
2.300000000000000000e+01
0.000000000000000000e+00
0.000000000000000000e+00
3.100000000000000000e+01
0.000000000000000000e+00
0.000000000000000000e+00
0.000000000000000000e+00
0.000000000000000000e+00
0.000000000000000000e+00
0.000000000000000000e+00
6.000000000000000000e+00
0.000000000000000000e+00
0.000000000000000000e+00
5.000000000000000000e+00
1.100000000000000000e+01
0.000000000000000000e+00
5.300000000000000000e+01
1.800000000000000000e+01
0.000000000000000000e+00
0.000000000000000000e+00
3.000000000000000000e+00
0.000000000000000000e+00
0.000000000000000000e+00
0.000000000000000000e+00
1.000000000000000000e+00
0.000000000000000000e+00
0.000000000000000000e+00
1.500000000000000000e+01
0.000000000000000000e+00
3.000000000000000000e+00
0.000000000000000000e+00
0.000000000000000000e+00
3.000000000000000000e+00
0.000000000000000000e+00
0.000000000000000000e+00
0.000000000000000000e+00
3.100000000000000000e+01
8.000000000000000000e+00
4.000000000000000000e+00
1.000000000000000000e+00
1.000000000000000000e+00
0.000000000000000000e+00
1.000000000000000000e+00
1.000000000000000000e+00
2.000000000000000000e+00
0.000000000000000000e+00
3.800000000000000000e+01
3.000000000000000000e+00
1.200000000000000000e+01
0.000000000000000000e+00
4.000000000000000000e+00
0.000000000000000000e+00
0.000000000000000000e+00
5.000000000000000000e+00
2.000000000000000000e+00
0.000000000000000000e+00
2.000000000000000000e+00
4.000000000000000000e+00
2.000000000000000000e+00
1.000000000000000000e+01
4.800000000000000000e+01
0.000000000000000000e+00
1.000000000000000000e+00
0.000000000000000000e+00
1.000000000000000000e+00
0.000000000000000000e+00
3.000000000000000000e+00
0.000000000000000000e+00
0.000000000000000000e+00
1.000000000000000000e+00
0.000000000000000000e+00
0.000000000000000000e+00
0.000000000000000000e+00
0.000000000000000000e+00
0.000000000000000000e+00
0.000000000000000000e+00
0.000000000000000000e+00
2.700000000000000000e+01
1.100000000000000000e+01
5.000000000000000000e+00
0.000000000000000000e+00
1.000000000000000000e+00
0.000000000000000000e+00
1.000000000000000000e+00
0.000000000000000000e+00
0.000000000000000000e+00
8.200000000000000000e+01
0.000000000000000000e+00
5.000000000000000000e+00
1.500000000000000000e+01
0.000000000000000000e+00
2.500000000000000000e+01
2.000000000000000000e+00
0.000000000000000000e+00
0.000000000000000000e+00
0.000000000000000000e+00
0.000000000000000000e+00
3.500000000000000000e+01
0.000000000000000000e+00
0.000000000000000000e+00
2.000000000000000000e+00
0.000000000000000000e+00
2.000000000000000000e+00
2.100000000000000000e+01
4.350000000000000000e+02
0.000000000000000000e+00
2.200000000000000000e+01
2.100000000000000000e+01
0.000000000000000000e+00
5.700000000000000000e+01
7.000000000000000000e+00
2.000000000000000000e+00
3.000000000000000000e+00
8.000000000000000000e+00
1.200000000000000000e+01
1.000000000000000000e+00
9.000000000000000000e+00
0.000000000000000000e+00
0.000000000000000000e+00
1.800000000000000000e+01
7.000000000000000000e+00
2.600000000000000000e+01
0.000000000000000000e+00
0.000000000000000000e+00
0.000000000000000000e+00
1.000000000000000000e+00
6.000000000000000000e+00
9.000000000000000000e+00
1.000000000000000000e+00
0.000000000000000000e+00
0.000000000000000000e+00
0.000000000000000000e+00
0.000000000000000000e+00
1.000000000000000000e+00
3.200000000000000000e+01
5.500000000000000000e+01
1.000000000000000000e+00
0.000000000000000000e+00
0.000000000000000000e+00
1.000000000000000000e+00
6.000000000000000000e+00
2.000000000000000000e+00
1.000000000000000000e+00
0.000000000000000000e+00
1.200000000000000000e+01
4.000000000000000000e+01
2.000000000000000000e+00
0.000000000000000000e+00
0.000000000000000000e+00
0.000000000000000000e+00
7.000000000000000000e+00
3.700000000000000000e+01
0.000000000000000000e+00
4.000000000000000000e+00
1.000000000000000000e+00
0.000000000000000000e+00
0.000000000000000000e+00
0.000000000000000000e+00
8.000000000000000000e+00
0.000000000000000000e+00
0.000000000000000000e+00
0.000000000000000000e+00
0.000000000000000000e+00
3.700000000000000000e+01
0.000000000000000000e+00
0.000000000000000000e+00
3.000000000000000000e+00
2.600000000000000000e+01
0.000000000000000000e+00
1.100000000000000000e+01
3.000000000000000000e+00
0.000000000000000000e+00
1.000000000000000000e+01
2.000000000000000000e+00
0.000000000000000000e+00
0.000000000000000000e+00
1.800000000000000000e+01
1.200000000000000000e+01
2.000000000000000000e+00
0.000000000000000000e+00
2.000000000000000000e+00
8.000000000000000000e+00
0.000000000000000000e+00
0.000000000000000000e+00
1.600000000000000000e+01
8.000000000000000000e+00
0.000000000000000000e+00
9.000000000000000000e+00
7.000000000000000000e+00
2.000000000000000000e+00
2.000000000000000000e+00
4.000000000000000000e+00
0.000000000000000000e+00
0.000000000000000000e+00
0.000000000000000000e+00
0.000000000000000000e+00
2.200000000000000000e+01
0.000000000000000000e+00
0.000000000000000000e+00
2.300000000000000000e+01
1.700000000000000000e+01
0.000000000000000000e+00
0.000000000000000000e+00
1.000000000000000000e+00
1.000000000000000000e+00
7.000000000000000000e+00
0.000000000000000000e+00
0.000000000000000000e+00
0.000000000000000000e+00
7.000000000000000000e+00
2.900000000000000000e+01
0.000000000000000000e+00
0.000000000000000000e+00
4.000000000000000000e+00
1.000000000000000000e+00
0.000000000000000000e+00
0.000000000000000000e+00
1.400000000000000000e+01
0.000000000000000000e+00
0.000000000000000000e+00
0.000000000000000000e+00
0.000000000000000000e+00
0.000000000000000000e+00
0.000000000000000000e+00
0.000000000000000000e+00
1.000000000000000000e+00
0.000000000000000000e+00
5.000000000000000000e+00
2.000000000000000000e+00
5.900000000000000000e+01
1.000000000000000000e+00
1.200000000000000000e+01
6.000000000000000000e+00
4.000000000000000000e+00
1.000000000000000000e+00
1.000000000000000000e+00
6.000000000000000000e+00
5.000000000000000000e+00
2.000000000000000000e+00
0.000000000000000000e+00
0.000000000000000000e+00
0.000000000000000000e+00
1.200000000000000000e+01
1.000000000000000000e+01
0.000000000000000000e+00
2.000000000000000000e+00
2.000000000000000000e+00
3.500000000000000000e+01
2.000000000000000000e+00
3.000000000000000000e+00
2.000000000000000000e+00
2.000000000000000000e+00
2.000000000000000000e+00
3.000000000000000000e+00
1.100000000000000000e+01
0.000000000000000000e+00
0.000000000000000000e+00
0.000000000000000000e+00
1.000000000000000000e+00
0.000000000000000000e+00
0.000000000000000000e+00
2.000000000000000000e+00
0.000000000000000000e+00
0.000000000000000000e+00
3.000000000000000000e+00
1.000000000000000000e+00
0.000000000000000000e+00
2.000000000000000000e+00
0.000000000000000000e+00
1.300000000000000000e+01
0.000000000000000000e+00
4.000000000000000000e+00
0.000000000000000000e+00
0.000000000000000000e+00
0.000000000000000000e+00
0.000000000000000000e+00
2.200000000000000000e+01
0.000000000000000000e+00
1.700000000000000000e+01
3.000000000000000000e+00
2.100000000000000000e+01
3.200000000000000000e+01
0.000000000000000000e+00
1.000000000000000000e+00
0.000000000000000000e+00
0.000000000000000000e+00
8.000000000000000000e+00
2.000000000000000000e+01
0.000000000000000000e+00
4.000000000000000000e+00
0.000000000000000000e+00
0.000000000000000000e+00
6.000000000000000000e+00
3.000000000000000000e+00
0.000000000000000000e+00
2.000000000000000000e+00
8.000000000000000000e+00
8.500000000000000000e+01
2.000000000000000000e+00
1.000000000000000000e+00
2.100000000000000000e+01
6.000000000000000000e+00
0.000000000000000000e+00
0.000000000000000000e+00
0.000000000000000000e+00
1.000000000000000000e+00
2.000000000000000000e+00
5.000000000000000000e+00
1.600000000000000000e+01
2.000000000000000000e+00
0.000000000000000000e+00
2.000000000000000000e+00
1.000000000000000000e+00
1.000000000000000000e+00
2.000000000000000000e+00
0.000000000000000000e+00
2.000000000000000000e+00
9.000000000000000000e+00
0.000000000000000000e+00
0.000000000000000000e+00
0.000000000000000000e+00
0.000000000000000000e+00
1.000000000000000000e+01
0.000000000000000000e+00
0.000000000000000000e+00
0.000000000000000000e+00
1.000000000000000000e+00
1.000000000000000000e+00
0.000000000000000000e+00
6.000000000000000000e+00
0.000000000000000000e+00
6.000000000000000000e+00
2.000000000000000000e+00
0.000000000000000000e+00
1.600000000000000000e+01
2.300000000000000000e+01
1.000000000000000000e+01
0.000000000000000000e+00
1.000000000000000000e+01
2.000000000000000000e+00
1.100000000000000000e+01
0.000000000000000000e+00
4.500000000000000000e+01
3.000000000000000000e+00
0.000000000000000000e+00
2.000000000000000000e+00
1.700000000000000000e+01
0.000000000000000000e+00
0.000000000000000000e+00
5.000000000000000000e+00
0.000000000000000000e+00
3.000000000000000000e+00
2.700000000000000000e+01
1.000000000000000000e+00
0.000000000000000000e+00
4.000000000000000000e+00
4.000000000000000000e+01
2.500000000000000000e+01
0.000000000000000000e+00
2.000000000000000000e+00
5.000000000000000000e+00
0.000000000000000000e+00
1.000000000000000000e+00
0.000000000000000000e+00
0.000000000000000000e+00
0.000000000000000000e+00
1.000000000000000000e+00
4.300000000000000000e+01
5.300000000000000000e+01
2.000000000000000000e+00
0.000000000000000000e+00
2.000000000000000000e+00
7.300000000000000000e+01
9.000000000000000000e+00
3.600000000000000000e+01
1.000000000000000000e+00
1.000000000000000000e+00
0.000000000000000000e+00
0.000000000000000000e+00
1.000000000000000000e+01
0.000000000000000000e+00
1.400000000000000000e+01
0.000000000000000000e+00
1.600000000000000000e+01
2.000000000000000000e+00
5.000000000000000000e+00
4.000000000000000000e+00
0.000000000000000000e+00
1.100000000000000000e+01
1.000000000000000000e+00
8.800000000000000000e+01
0.000000000000000000e+00
2.000000000000000000e+00
0.000000000000000000e+00
0.000000000000000000e+00
0.000000000000000000e+00
4.700000000000000000e+01
0.000000000000000000e+00
0.000000000000000000e+00
2.000000000000000000e+00
0.000000000000000000e+00
0.000000000000000000e+00
2.000000000000000000e+00
2.000000000000000000e+01
0.000000000000000000e+00
0.000000000000000000e+00
0.000000000000000000e+00
0.000000000000000000e+00
3.000000000000000000e+00
0.000000000000000000e+00
0.000000000000000000e+00
0.000000000000000000e+00
0.000000000000000000e+00
5.900000000000000000e+01
0.000000000000000000e+00
2.700000000000000000e+01
1.100000000000000000e+01
3.000000000000000000e+01
1.000000000000000000e+00
1.200000000000000000e+01
1.200000000000000000e+01
0.000000000000000000e+00
1.000000000000000000e+00
3.000000000000000000e+00
0.000000000000000000e+00
0.000000000000000000e+00
0.000000000000000000e+00
0.000000000000000000e+00
0.000000000000000000e+00
0.000000000000000000e+00
7.000000000000000000e+00
0.000000000000000000e+00
0.000000000000000000e+00
0.000000000000000000e+00
0.000000000000000000e+00
0.000000000000000000e+00
0.000000000000000000e+00
1.200000000000000000e+01
9.000000000000000000e+00
1.000000000000000000e+00
0.000000000000000000e+00
0.000000000000000000e+00
3.000000000000000000e+00
3.000000000000000000e+01
2.000000000000000000e+00
1.000000000000000000e+00
5.000000000000000000e+00
0.000000000000000000e+00
2.000000000000000000e+01
1.100000000000000000e+01
1.200000000000000000e+01
8.000000000000000000e+00
1.000000000000000000e+00
2.000000000000000000e+00
4.000000000000000000e+00
1.800000000000000000e+01
0.000000000000000000e+00
5.000000000000000000e+00
0.000000000000000000e+00
2.000000000000000000e+00
0.000000000000000000e+00
0.000000000000000000e+00
0.000000000000000000e+00
4.000000000000000000e+00
2.000000000000000000e+00
0.000000000000000000e+00
1.160000000000000000e+02
4.000000000000000000e+00
4.000000000000000000e+00
0.000000000000000000e+00
2.000000000000000000e+00
0.000000000000000000e+00
0.000000000000000000e+00
0.000000000000000000e+00
1.400000000000000000e+01
0.000000000000000000e+00
0.000000000000000000e+00
2.000000000000000000e+00
5.200000000000000000e+01
0.000000000000000000e+00
2.000000000000000000e+00
3.000000000000000000e+00
2.000000000000000000e+00
6.000000000000000000e+00
1.400000000000000000e+01
7.000000000000000000e+00
0.000000000000000000e+00
9.000000000000000000e+00
1.000000000000000000e+01
0.000000000000000000e+00
0.000000000000000000e+00
0.000000000000000000e+00
0.000000000000000000e+00
0.000000000000000000e+00
8.000000000000000000e+00
0.000000000000000000e+00
0.000000000000000000e+00
0.000000000000000000e+00
0.000000000000000000e+00
0.000000000000000000e+00
2.000000000000000000e+00
1.000000000000000000e+00
4.500000000000000000e+01
0.000000000000000000e+00
0.000000000000000000e+00
1.100000000000000000e+01
0.000000000000000000e+00
0.000000000000000000e+00
0.000000000000000000e+00
1.900000000000000000e+01
7.000000000000000000e+00
6.000000000000000000e+00
0.000000000000000000e+00
2.000000000000000000e+00
2.000000000000000000e+00
2.200000000000000000e+01
0.000000000000000000e+00
0.000000000000000000e+00
1.400000000000000000e+01
0.000000000000000000e+00
0.000000000000000000e+00
2.000000000000000000e+00
1.300000000000000000e+01
2.000000000000000000e+00
2.000000000000000000e+00
6.000000000000000000e+01
8.000000000000000000e+00
0.000000000000000000e+00
2.000000000000000000e+00
0.000000000000000000e+00
1.400000000000000000e+01
2.000000000000000000e+00
0.000000000000000000e+00
0.000000000000000000e+00
0.000000000000000000e+00
2.200000000000000000e+01
3.000000000000000000e+00
6.200000000000000000e+01
1.710000000000000000e+02
4.000000000000000000e+00
2.000000000000000000e+00
1.000000000000000000e+00
0.000000000000000000e+00
2.000000000000000000e+00
5.000000000000000000e+00
5.000000000000000000e+00
5.000000000000000000e+01
2.000000000000000000e+00
0.000000000000000000e+00
0.000000000000000000e+00
1.000000000000000000e+00
0.000000000000000000e+00
0.000000000000000000e+00
2.000000000000000000e+00
1.100000000000000000e+01
1.700000000000000000e+01
0.000000000000000000e+00
3.000000000000000000e+00
0.000000000000000000e+00
1.000000000000000000e+01
3.000000000000000000e+00
0.000000000000000000e+00
0.000000000000000000e+00
1.000000000000000000e+00
0.000000000000000000e+00
3.000000000000000000e+00
0.000000000000000000e+00
0.000000000000000000e+00
0.000000000000000000e+00
0.000000000000000000e+00
0.000000000000000000e+00
1.900000000000000000e+01
8.000000000000000000e+00
7.000000000000000000e+00
7.000000000000000000e+00
2.000000000000000000e+00
1.500000000000000000e+01
5.000000000000000000e+00
0.000000000000000000e+00
7.000000000000000000e+00
2.800000000000000000e+01
4.100000000000000000e+01
1.000000000000000000e+00
0.000000000000000000e+00
3.000000000000000000e+00
0.000000000000000000e+00
0.000000000000000000e+00
0.000000000000000000e+00
3.000000000000000000e+00
8.300000000000000000e+01
1.000000000000000000e+00
1.000000000000000000e+00
4.000000000000000000e+00
1.000000000000000000e+00
0.000000000000000000e+00
0.000000000000000000e+00
1.200000000000000000e+02
0.000000000000000000e+00
0.000000000000000000e+00
1.000000000000000000e+00
0.000000000000000000e+00
0.000000000000000000e+00
0.000000000000000000e+00
0.000000000000000000e+00
0.000000000000000000e+00
1.000000000000000000e+00
3.400000000000000000e+01
3.000000000000000000e+00
0.000000000000000000e+00
0.000000000000000000e+00
0.000000000000000000e+00
2.000000000000000000e+00
0.000000000000000000e+00
4.800000000000000000e+01
0.000000000000000000e+00
2.000000000000000000e+00
0.000000000000000000e+00
3.300000000000000000e+01
0.000000000000000000e+00
7.000000000000000000e+00
3.000000000000000000e+00
1.000000000000000000e+00
1.000000000000000000e+00
5.000000000000000000e+00
2.000000000000000000e+00
2.350000000000000000e+02
8.000000000000000000e+00
1.000000000000000000e+01
7.000000000000000000e+01
4.200000000000000000e+01
3.000000000000000000e+00
7.000000000000000000e+00
9.000000000000000000e+00
2.000000000000000000e+00
4.000000000000000000e+00
1.600000000000000000e+01
4.000000000000000000e+00
6.000000000000000000e+00
1.000000000000000000e+00
0.000000000000000000e+00
0.000000000000000000e+00
4.400000000000000000e+01
1.000000000000000000e+00
1.600000000000000000e+01
2.000000000000000000e+00
4.200000000000000000e+01
0.000000000000000000e+00
1.130000000000000000e+02
4.000000000000000000e+00
1.000000000000000000e+00
5.000000000000000000e+00
5.200000000000000000e+01
0.000000000000000000e+00
0.000000000000000000e+00
0.000000000000000000e+00
2.000000000000000000e+00
0.000000000000000000e+00
0.000000000000000000e+00
0.000000000000000000e+00
1.600000000000000000e+01
0.000000000000000000e+00
6.900000000000000000e+01
3.700000000000000000e+01
0.000000000000000000e+00
2.000000000000000000e+00
0.000000000000000000e+00
7.000000000000000000e+00
2.000000000000000000e+00
0.000000000000000000e+00
3.000000000000000000e+00
0.000000000000000000e+00
0.000000000000000000e+00
0.000000000000000000e+00
1.800000000000000000e+01
0.000000000000000000e+00
1.300000000000000000e+01
3.000000000000000000e+00
0.000000000000000000e+00
4.000000000000000000e+00
4.000000000000000000e+00
7.400000000000000000e+01
0.000000000000000000e+00
0.000000000000000000e+00
8.000000000000000000e+00
1.100000000000000000e+01
1.500000000000000000e+01
2.000000000000000000e+00
0.000000000000000000e+00
0.000000000000000000e+00
1.000000000000000000e+00
1.300000000000000000e+01
0.000000000000000000e+00
0.000000000000000000e+00
3.500000000000000000e+01
0.000000000000000000e+00
4.000000000000000000e+00
0.000000000000000000e+00
0.000000000000000000e+00
0.000000000000000000e+00
1.300000000000000000e+01
0.000000000000000000e+00
0.000000000000000000e+00
0.000000000000000000e+00
0.000000000000000000e+00
2.000000000000000000e+00
1.100000000000000000e+02
0.000000000000000000e+00
6.000000000000000000e+00
0.000000000000000000e+00
9.000000000000000000e+00
1.000000000000000000e+00
5.000000000000000000e+00
0.000000000000000000e+00
2.000000000000000000e+00
4.000000000000000000e+00
0.000000000000000000e+00
7.000000000000000000e+00
3.900000000000000000e+01
0.000000000000000000e+00
0.000000000000000000e+00
1.000000000000000000e+00
0.000000000000000000e+00
0.000000000000000000e+00
0.000000000000000000e+00
0.000000000000000000e+00
0.000000000000000000e+00
0.000000000000000000e+00
0.000000000000000000e+00
0.000000000000000000e+00
1.000000000000000000e+00
0.000000000000000000e+00
0.000000000000000000e+00
7.000000000000000000e+00
0.000000000000000000e+00
1.000000000000000000e+00
4.000000000000000000e+00
0.000000000000000000e+00
2.500000000000000000e+01
1.900000000000000000e+01
3.800000000000000000e+01
0.000000000000000000e+00
6.000000000000000000e+00
2.600000000000000000e+01
1.800000000000000000e+01
2.000000000000000000e+00
5.000000000000000000e+00
0.000000000000000000e+00
2.000000000000000000e+00
1.200000000000000000e+01
0.000000000000000000e+00
0.000000000000000000e+00
0.000000000000000000e+00
1.000000000000000000e+00
0.000000000000000000e+00
3.000000000000000000e+00
2.900000000000000000e+01
3.000000000000000000e+00
1.000000000000000000e+00
4.000000000000000000e+00
6.000000000000000000e+00
1.500000000000000000e+01
0.000000000000000000e+00
1.700000000000000000e+01
3.000000000000000000e+00
3.000000000000000000e+00
2.000000000000000000e+00
0.000000000000000000e+00
0.000000000000000000e+00
1.800000000000000000e+01
0.000000000000000000e+00
0.000000000000000000e+00
1.000000000000000000e+01
1.500000000000000000e+01
1.100000000000000000e+01
2.000000000000000000e+00
1.000000000000000000e+00
2.000000000000000000e+00
0.000000000000000000e+00
4.000000000000000000e+00
3.000000000000000000e+01
0.000000000000000000e+00
0.000000000000000000e+00
5.000000000000000000e+00
2.900000000000000000e+01
0.000000000000000000e+00
0.000000000000000000e+00
0.000000000000000000e+00
0.000000000000000000e+00
0.000000000000000000e+00
4.000000000000000000e+00
0.000000000000000000e+00
0.000000000000000000e+00
0.000000000000000000e+00
0.000000000000000000e+00
0.000000000000000000e+00
0.000000000000000000e+00
3.000000000000000000e+00
2.000000000000000000e+00
8.000000000000000000e+00
7.000000000000000000e+00
0.000000000000000000e+00
1.400000000000000000e+01
0.000000000000000000e+00
3.000000000000000000e+00
6.000000000000000000e+00
0.000000000000000000e+00
0.000000000000000000e+00
6.300000000000000000e+01
0.000000000000000000e+00
3.000000000000000000e+00
0.000000000000000000e+00
0.000000000000000000e+00
2.000000000000000000e+00
6.000000000000000000e+00
1.000000000000000000e+01
2.000000000000000000e+00
0.000000000000000000e+00
6.000000000000000000e+00
0.000000000000000000e+00
3.000000000000000000e+00
6.000000000000000000e+00
2.000000000000000000e+00
1.000000000000000000e+00
5.000000000000000000e+00
1.000000000000000000e+00
0.000000000000000000e+00
5.000000000000000000e+00
1.600000000000000000e+01
1.400000000000000000e+01
1.470000000000000000e+02
3.400000000000000000e+01
0.000000000000000000e+00
2.600000000000000000e+01
0.000000000000000000e+00
0.000000000000000000e+00
1.000000000000000000e+00
0.000000000000000000e+00
0.000000000000000000e+00
0.000000000000000000e+00
0.000000000000000000e+00
1.000000000000000000e+00
2.000000000000000000e+00
0.000000000000000000e+00
4.000000000000000000e+00
5.000000000000000000e+00
3.800000000000000000e+01
0.000000000000000000e+00
0.000000000000000000e+00
1.200000000000000000e+01
0.000000000000000000e+00
0.000000000000000000e+00
0.000000000000000000e+00
0.000000000000000000e+00
2.000000000000000000e+00
1.200000000000000000e+01
1.000000000000000000e+00
0.000000000000000000e+00
0.000000000000000000e+00
1.000000000000000000e+00
0.000000000000000000e+00
0.000000000000000000e+00
3.000000000000000000e+00
0.000000000000000000e+00
5.100000000000000000e+01
4.000000000000000000e+00
0.000000000000000000e+00
1.000000000000000000e+00
1.000000000000000000e+00
0.000000000000000000e+00
1.000000000000000000e+00
0.000000000000000000e+00
0.000000000000000000e+00
0.000000000000000000e+00
4.000000000000000000e+00
0.000000000000000000e+00
0.000000000000000000e+00
0.000000000000000000e+00
0.000000000000000000e+00
1.000000000000000000e+00
0.000000000000000000e+00
0.000000000000000000e+00
0.000000000000000000e+00
0.000000000000000000e+00
6.000000000000000000e+00
3.000000000000000000e+00
0.000000000000000000e+00
0.000000000000000000e+00
2.600000000000000000e+01
2.000000000000000000e+00
2.000000000000000000e+00
0.000000000000000000e+00
0.000000000000000000e+00
2.000000000000000000e+01
5.500000000000000000e+01
0.000000000000000000e+00
2.000000000000000000e+00
0.000000000000000000e+00
1.500000000000000000e+01
0.000000000000000000e+00
3.000000000000000000e+00
2.000000000000000000e+00
0.000000000000000000e+00
0.000000000000000000e+00
0.000000000000000000e+00
2.600000000000000000e+01
0.000000000000000000e+00
6.000000000000000000e+00
1.700000000000000000e+01
0.000000000000000000e+00
7.000000000000000000e+00
5.300000000000000000e+01
5.500000000000000000e+01
0.000000000000000000e+00
8.000000000000000000e+00
1.300000000000000000e+01
0.000000000000000000e+00
8.000000000000000000e+00
0.000000000000000000e+00
2.000000000000000000e+00
3.000000000000000000e+00
2.000000000000000000e+00
9.000000000000000000e+00
0.000000000000000000e+00
0.000000000000000000e+00
0.000000000000000000e+00
0.000000000000000000e+00
0.000000000000000000e+00
8.000000000000000000e+00
6.000000000000000000e+00
0.000000000000000000e+00
1.000000000000000000e+00
0.000000000000000000e+00
5.000000000000000000e+00
0.000000000000000000e+00
2.100000000000000000e+01
1.000000000000000000e+00
0.000000000000000000e+00
7.000000000000000000e+00
1.000000000000000000e+00
2.000000000000000000e+00
4.900000000000000000e+01
0.000000000000000000e+00
0.000000000000000000e+00
7.300000000000000000e+01
0.000000000000000000e+00
0.000000000000000000e+00
0.000000000000000000e+00
0.000000000000000000e+00
1.000000000000000000e+00
0.000000000000000000e+00
9.000000000000000000e+00
1.000000000000000000e+00
1.000000000000000000e+00
0.000000000000000000e+00
2.000000000000000000e+00
1.100000000000000000e+01
3.000000000000000000e+00
7.000000000000000000e+00
1.000000000000000000e+01
2.200000000000000000e+01
6.000000000000000000e+00
0.000000000000000000e+00
0.000000000000000000e+00
7.100000000000000000e+01
4.000000000000000000e+00
1.400000000000000000e+01
0.000000000000000000e+00
0.000000000000000000e+00
5.400000000000000000e+01
2.000000000000000000e+00
0.000000000000000000e+00
0.000000000000000000e+00
0.000000000000000000e+00
4.800000000000000000e+01
0.000000000000000000e+00
0.000000000000000000e+00
1.400000000000000000e+01
0.000000000000000000e+00
0.000000000000000000e+00
1.600000000000000000e+01
0.000000000000000000e+00
0.000000000000000000e+00
1.100000000000000000e+01
5.000000000000000000e+00
2.000000000000000000e+00
1.500000000000000000e+02
3.000000000000000000e+00
0.000000000000000000e+00
5.000000000000000000e+00
2.000000000000000000e+00
7.000000000000000000e+00
0.000000000000000000e+00
0.000000000000000000e+00
1.100000000000000000e+01
0.000000000000000000e+00
0.000000000000000000e+00
0.000000000000000000e+00
0.000000000000000000e+00
0.000000000000000000e+00
1.000000000000000000e+01
0.000000000000000000e+00
1.000000000000000000e+01
2.800000000000000000e+01
0.000000000000000000e+00
0.000000000000000000e+00
2.000000000000000000e+00
1.000000000000000000e+00
6.000000000000000000e+00
3.000000000000000000e+00
6.000000000000000000e+00
0.000000000000000000e+00
2.000000000000000000e+00
0.000000000000000000e+00
7.000000000000000000e+00
6.000000000000000000e+00
0.000000000000000000e+00
4.000000000000000000e+00
1.000000000000000000e+00
1.400000000000000000e+01
4.500000000000000000e+01
2.000000000000000000e+01
1.000000000000000000e+00
0.000000000000000000e+00
0.000000000000000000e+00
1.000000000000000000e+00
0.000000000000000000e+00
9.000000000000000000e+00
0.000000000000000000e+00
0.000000000000000000e+00
2.000000000000000000e+00
1.200000000000000000e+01
1.100000000000000000e+01
1.130000000000000000e+02
1.600000000000000000e+01
0.000000000000000000e+00
4.000000000000000000e+00
0.000000000000000000e+00
0.000000000000000000e+00
6.000000000000000000e+01
3.000000000000000000e+00
0.000000000000000000e+00
0.000000000000000000e+00
6.000000000000000000e+00
0.000000000000000000e+00
2.000000000000000000e+00
1.000000000000000000e+00
1.000000000000000000e+00
0.000000000000000000e+00
6.000000000000000000e+00
1.000000000000000000e+00
0.000000000000000000e+00
0.000000000000000000e+00
1.000000000000000000e+00
0.000000000000000000e+00
5.400000000000000000e+01
0.000000000000000000e+00
0.000000000000000000e+00
0.000000000000000000e+00
0.000000000000000000e+00
6.000000000000000000e+00
0.000000000000000000e+00
0.000000000000000000e+00
0.000000000000000000e+00
0.000000000000000000e+00
0.000000000000000000e+00
0.000000000000000000e+00
4.000000000000000000e+00
1.000000000000000000e+01
0.000000000000000000e+00
2.000000000000000000e+00
6.000000000000000000e+00
0.000000000000000000e+00
3.000000000000000000e+00
0.000000000000000000e+00
0.000000000000000000e+00
0.000000000000000000e+00
2.000000000000000000e+00
0.000000000000000000e+00
2.000000000000000000e+00
0.000000000000000000e+00
0.000000000000000000e+00
3.000000000000000000e+00
1.000000000000000000e+00
0.000000000000000000e+00
4.000000000000000000e+00
0.000000000000000000e+00
5.000000000000000000e+00
3.000000000000000000e+00
6.000000000000000000e+00
3.300000000000000000e+01
0.000000000000000000e+00
1.000000000000000000e+00
9.200000000000000000e+01
0.000000000000000000e+00
1.000000000000000000e+00
3.700000000000000000e+01
0.000000000000000000e+00
4.000000000000000000e+00
3.000000000000000000e+00
4.000000000000000000e+00
0.000000000000000000e+00
1.000000000000000000e+00
0.000000000000000000e+00
1.000000000000000000e+00
1.400000000000000000e+01
0.000000000000000000e+00
1.500000000000000000e+01
0.000000000000000000e+00
1.000000000000000000e+00
5.000000000000000000e+00
0.000000000000000000e+00
1.800000000000000000e+01
5.000000000000000000e+00
1.060000000000000000e+02
0.000000000000000000e+00
0.000000000000000000e+00
1.100000000000000000e+01
3.000000000000000000e+00
2.000000000000000000e+00
2.100000000000000000e+01
3.000000000000000000e+00
0.000000000000000000e+00
0.000000000000000000e+00
0.000000000000000000e+00
0.000000000000000000e+00
0.000000000000000000e+00
5.000000000000000000e+00
2.000000000000000000e+00
7.000000000000000000e+00
3.700000000000000000e+01
0.000000000000000000e+00
0.000000000000000000e+00
0.000000000000000000e+00
3.000000000000000000e+00
0.000000000000000000e+00
0.000000000000000000e+00
5.000000000000000000e+00
1.000000000000000000e+00
1.100000000000000000e+01
0.000000000000000000e+00
0.000000000000000000e+00
0.000000000000000000e+00
0.000000000000000000e+00
2.000000000000000000e+00
3.000000000000000000e+00
2.000000000000000000e+00
6.000000000000000000e+00
2.000000000000000000e+00
8.000000000000000000e+00
0.000000000000000000e+00
4.000000000000000000e+00
0.000000000000000000e+00
7.500000000000000000e+01
0.000000000000000000e+00
9.000000000000000000e+00
1.200000000000000000e+01
0.000000000000000000e+00
3.000000000000000000e+01
0.000000000000000000e+00
0.000000000000000000e+00
0.000000000000000000e+00
3.000000000000000000e+00
2.000000000000000000e+00
0.000000000000000000e+00
0.000000000000000000e+00
0.000000000000000000e+00
7.000000000000000000e+00
0.000000000000000000e+00
0.000000000000000000e+00
0.000000000000000000e+00
0.000000000000000000e+00
7.000000000000000000e+00
0.000000000000000000e+00
1.000000000000000000e+00
2.800000000000000000e+01
0.000000000000000000e+00
2.300000000000000000e+01
0.000000000000000000e+00
1.000000000000000000e+01
0.000000000000000000e+00
6.000000000000000000e+00
4.300000000000000000e+01
0.000000000000000000e+00
1.000000000000000000e+00
0.000000000000000000e+00
5.000000000000000000e+00
2.100000000000000000e+01
4.300000000000000000e+01
2.000000000000000000e+00
0.000000000000000000e+00
0.000000000000000000e+00
4.600000000000000000e+01
2.500000000000000000e+01
0.000000000000000000e+00
2.000000000000000000e+00
0.000000000000000000e+00
2.000000000000000000e+01
0.000000000000000000e+00
1.000000000000000000e+00
3.200000000000000000e+01
1.600000000000000000e+01
3.000000000000000000e+00
0.000000000000000000e+00
0.000000000000000000e+00
9.000000000000000000e+00
4.000000000000000000e+00
0.000000000000000000e+00
0.000000000000000000e+00
0.000000000000000000e+00
0.000000000000000000e+00
2.000000000000000000e+00
0.000000000000000000e+00
3.000000000000000000e+00
4.000000000000000000e+00
1.100000000000000000e+01
1.300000000000000000e+01
4.000000000000000000e+00
0.000000000000000000e+00
0.000000000000000000e+00
6.000000000000000000e+00
4.000000000000000000e+00
0.000000000000000000e+00
2.000000000000000000e+00
4.100000000000000000e+01
0.000000000000000000e+00
0.000000000000000000e+00
8.000000000000000000e+00
1.000000000000000000e+00
0.000000000000000000e+00
0.000000000000000000e+00
0.000000000000000000e+00
0.000000000000000000e+00
1.500000000000000000e+01
0.000000000000000000e+00
0.000000000000000000e+00
0.000000000000000000e+00
7.000000000000000000e+00
2.400000000000000000e+01
3.000000000000000000e+01
0.000000000000000000e+00
5.400000000000000000e+01
0.000000000000000000e+00
0.000000000000000000e+00
0.000000000000000000e+00
1.000000000000000000e+00
2.000000000000000000e+00
1.000000000000000000e+00
0.000000000000000000e+00
0.000000000000000000e+00
8.000000000000000000e+00
1.000000000000000000e+00
0.000000000000000000e+00
2.000000000000000000e+00
0.000000000000000000e+00
0.000000000000000000e+00
9.200000000000000000e+01
1.000000000000000000e+00
3.500000000000000000e+01
7.000000000000000000e+00
0.000000000000000000e+00
1.000000000000000000e+00
0.000000000000000000e+00
8.000000000000000000e+00
0.000000000000000000e+00
0.000000000000000000e+00
4.500000000000000000e+01
1.000000000000000000e+01
0.000000000000000000e+00
2.000000000000000000e+00
0.000000000000000000e+00
0.000000000000000000e+00
0.000000000000000000e+00
5.000000000000000000e+00
0.000000000000000000e+00
2.500000000000000000e+01
1.000000000000000000e+00
7.400000000000000000e+01
0.000000000000000000e+00
1.900000000000000000e+01
7.000000000000000000e+00
0.000000000000000000e+00
1.000000000000000000e+00
2.200000000000000000e+01
0.000000000000000000e+00
1.600000000000000000e+01
0.000000000000000000e+00
0.000000000000000000e+00
0.000000000000000000e+00
3.200000000000000000e+01
2.800000000000000000e+01
1.000000000000000000e+00
0.000000000000000000e+00
7.000000000000000000e+00
0.000000000000000000e+00
4.000000000000000000e+00
1.000000000000000000e+00
9.700000000000000000e+01
0.000000000000000000e+00
0.000000000000000000e+00
3.000000000000000000e+00
4.000000000000000000e+00
1.000000000000000000e+01
3.000000000000000000e+00
0.000000000000000000e+00
3.000000000000000000e+00
3.000000000000000000e+01
1.500000000000000000e+01
0.000000000000000000e+00
3.000000000000000000e+00
0.000000000000000000e+00
4.000000000000000000e+00
1.300000000000000000e+01
0.000000000000000000e+00
0.000000000000000000e+00
3.000000000000000000e+00
6.000000000000000000e+00
0.000000000000000000e+00
1.400000000000000000e+01
1.000000000000000000e+01
0.000000000000000000e+00
2.000000000000000000e+00
0.000000000000000000e+00
0.000000000000000000e+00
4.000000000000000000e+00
2.000000000000000000e+00
0.000000000000000000e+00
0.000000000000000000e+00
5.000000000000000000e+00
1.000000000000000000e+00
4.000000000000000000e+00
1.000000000000000000e+00
0.000000000000000000e+00
2.000000000000000000e+01
0.000000000000000000e+00
9.000000000000000000e+00
1.000000000000000000e+00
0.000000000000000000e+00
0.000000000000000000e+00
2.000000000000000000e+00
0.000000000000000000e+00
2.000000000000000000e+00
2.000000000000000000e+00
0.000000000000000000e+00
9.000000000000000000e+00
5.000000000000000000e+01
0.000000000000000000e+00
1.000000000000000000e+01
2.100000000000000000e+01
1.000000000000000000e+00
2.000000000000000000e+00
2.000000000000000000e+00
3.500000000000000000e+01
0.000000000000000000e+00
1.000000000000000000e+00
3.000000000000000000e+00
0.000000000000000000e+00
3.000000000000000000e+00
4.000000000000000000e+00
4.000000000000000000e+00
0.000000000000000000e+00
3.000000000000000000e+00
3.000000000000000000e+00
0.000000000000000000e+00
0.000000000000000000e+00
2.000000000000000000e+00
4.000000000000000000e+00
0.000000000000000000e+00
0.000000000000000000e+00
2.300000000000000000e+01
2.000000000000000000e+00
1.000000000000000000e+00
0.000000000000000000e+00
4.000000000000000000e+00
0.000000000000000000e+00
0.000000000000000000e+00
5.000000000000000000e+00
0.000000000000000000e+00
4.100000000000000000e+01
0.000000000000000000e+00
0.000000000000000000e+00
1.400000000000000000e+01
0.000000000000000000e+00
0.000000000000000000e+00
3.000000000000000000e+00
0.000000000000000000e+00
3.000000000000000000e+00
1.000000000000000000e+00
0.000000000000000000e+00
0.000000000000000000e+00
1.000000000000000000e+00
2.000000000000000000e+00
2.200000000000000000e+01
0.000000000000000000e+00
1.000000000000000000e+00
3.000000000000000000e+00
0.000000000000000000e+00
4.900000000000000000e+01
1.000000000000000000e+00
2.000000000000000000e+00
0.000000000000000000e+00
6.760000000000000000e+02
5.000000000000000000e+00
0.000000000000000000e+00
4.000000000000000000e+00
4.000000000000000000e+00
6.700000000000000000e+01
0.000000000000000000e+00
0.000000000000000000e+00
9.000000000000000000e+00
0.000000000000000000e+00
1.000000000000000000e+00
0.000000000000000000e+00
3.000000000000000000e+00
0.000000000000000000e+00
1.400000000000000000e+01
8.000000000000000000e+00
0.000000000000000000e+00
1.500000000000000000e+01
6.000000000000000000e+00
1.000000000000000000e+00
0.000000000000000000e+00
2.000000000000000000e+00
1.000000000000000000e+01
1.100000000000000000e+01
1.000000000000000000e+01
0.000000000000000000e+00
0.000000000000000000e+00
0.000000000000000000e+00
0.000000000000000000e+00
2.400000000000000000e+01
1.200000000000000000e+01
1.000000000000000000e+00
0.000000000000000000e+00
0.000000000000000000e+00
8.600000000000000000e+01
0.000000000000000000e+00
1.000000000000000000e+01
1.000000000000000000e+00
0.000000000000000000e+00
0.000000000000000000e+00
1.700000000000000000e+01
2.000000000000000000e+00
0.000000000000000000e+00
4.900000000000000000e+01
0.000000000000000000e+00
3.000000000000000000e+00
6.000000000000000000e+00
2.000000000000000000e+00
0.000000000000000000e+00
1.000000000000000000e+00
6.300000000000000000e+01
0.000000000000000000e+00
6.100000000000000000e+01
0.000000000000000000e+00
2.000000000000000000e+00
2.000000000000000000e+00
8.000000000000000000e+00
4.000000000000000000e+00
0.000000000000000000e+00
5.000000000000000000e+00
0.000000000000000000e+00
2.900000000000000000e+01
8.000000000000000000e+00
2.200000000000000000e+01
1.000000000000000000e+00
0.000000000000000000e+00
0.000000000000000000e+00
0.000000000000000000e+00
0.000000000000000000e+00
0.000000000000000000e+00
5.000000000000000000e+00
2.200000000000000000e+01
9.000000000000000000e+00
0.000000000000000000e+00
0.000000000000000000e+00
0.000000000000000000e+00
0.000000000000000000e+00
0.000000000000000000e+00
0.000000000000000000e+00
0.000000000000000000e+00
0.000000000000000000e+00
1.600000000000000000e+01
0.000000000000000000e+00
1.000000000000000000e+02
7.000000000000000000e+00
0.000000000000000000e+00
0.000000000000000000e+00
3.800000000000000000e+01
4.000000000000000000e+00
1.300000000000000000e+01
1.000000000000000000e+00
0.000000000000000000e+00
0.000000000000000000e+00
0.000000000000000000e+00
0.000000000000000000e+00
1.100000000000000000e+01
2.000000000000000000e+00
2.000000000000000000e+00
7.000000000000000000e+00
0.000000000000000000e+00
6.000000000000000000e+00
0.000000000000000000e+00
1.000000000000000000e+00
3.000000000000000000e+01
0.000000000000000000e+00
0.000000000000000000e+00
5.000000000000000000e+00
1.000000000000000000e+00
0.000000000000000000e+00
6.300000000000000000e+01
0.000000000000000000e+00
7.000000000000000000e+00
0.000000000000000000e+00
6.000000000000000000e+00
0.000000000000000000e+00
0.000000000000000000e+00
2.700000000000000000e+01
2.000000000000000000e+01
5.000000000000000000e+00
0.000000000000000000e+00
0.000000000000000000e+00
0.000000000000000000e+00
2.000000000000000000e+00
0.000000000000000000e+00
1.800000000000000000e+01
0.000000000000000000e+00
0.000000000000000000e+00
2.000000000000000000e+00
0.000000000000000000e+00
6.000000000000000000e+00
1.000000000000000000e+00
1.000000000000000000e+00
3.000000000000000000e+00
0.000000000000000000e+00
2.000000000000000000e+00
2.000000000000000000e+00
0.000000000000000000e+00
4.000000000000000000e+00
0.000000000000000000e+00
6.000000000000000000e+00
1.000000000000000000e+00
0.000000000000000000e+00
1.500000000000000000e+01
0.000000000000000000e+00
0.000000000000000000e+00
1.600000000000000000e+01
2.000000000000000000e+00
0.000000000000000000e+00
2.000000000000000000e+00
7.100000000000000000e+01
1.000000000000000000e+00
0.000000000000000000e+00
7.000000000000000000e+00
2.000000000000000000e+00
7.200000000000000000e+01
0.000000000000000000e+00
0.000000000000000000e+00
1.000000000000000000e+00
1.400000000000000000e+01
0.000000000000000000e+00
7.000000000000000000e+00
5.000000000000000000e+00
0.000000000000000000e+00
0.000000000000000000e+00
0.000000000000000000e+00
0.000000000000000000e+00
1.000000000000000000e+00
6.000000000000000000e+00
3.400000000000000000e+01
1.000000000000000000e+00
6.000000000000000000e+00
0.000000000000000000e+00
0.000000000000000000e+00
0.000000000000000000e+00
0.000000000000000000e+00
0.000000000000000000e+00
3.000000000000000000e+00
0.000000000000000000e+00
3.100000000000000000e+01
6.000000000000000000e+00
0.000000000000000000e+00
1.000000000000000000e+00
0.000000000000000000e+00
0.000000000000000000e+00
0.000000000000000000e+00
0.000000000000000000e+00
0.000000000000000000e+00
0.000000000000000000e+00
3.300000000000000000e+01
3.400000000000000000e+01
2.000000000000000000e+00
4.000000000000000000e+00
8.400000000000000000e+01
1.000000000000000000e+00
1.000000000000000000e+00
3.000000000000000000e+00
0.000000000000000000e+00
1.300000000000000000e+01
1.100000000000000000e+01
2.000000000000000000e+00
0.000000000000000000e+00
0.000000000000000000e+00
0.000000000000000000e+00
1.000000000000000000e+00
0.000000000000000000e+00
3.000000000000000000e+00
0.000000000000000000e+00
0.000000000000000000e+00
0.000000000000000000e+00
3.500000000000000000e+01
1.000000000000000000e+00
6.000000000000000000e+00
1.500000000000000000e+01
0.000000000000000000e+00
4.000000000000000000e+00
1.000000000000000000e+01
1.000000000000000000e+00
0.000000000000000000e+00
2.000000000000000000e+00
0.000000000000000000e+00
1.000000000000000000e+00
2.000000000000000000e+00
1.900000000000000000e+01
6.000000000000000000e+00
3.700000000000000000e+01
0.000000000000000000e+00
6.000000000000000000e+00
0.000000000000000000e+00
0.000000000000000000e+00
1.020000000000000000e+02
0.000000000000000000e+00
9.000000000000000000e+00
5.000000000000000000e+00
2.700000000000000000e+01
3.000000000000000000e+00
3.000000000000000000e+00
7.000000000000000000e+00
1.500000000000000000e+01
2.400000000000000000e+01
2.000000000000000000e+00
3.000000000000000000e+00
0.000000000000000000e+00
0.000000000000000000e+00
0.000000000000000000e+00
0.000000000000000000e+00
2.000000000000000000e+00
9.200000000000000000e+01
4.400000000000000000e+01
1.500000000000000000e+01
0.000000000000000000e+00
1.000000000000000000e+01
0.000000000000000000e+00
0.000000000000000000e+00
9.000000000000000000e+00
0.000000000000000000e+00
3.000000000000000000e+00
2.200000000000000000e+01
0.000000000000000000e+00
2.000000000000000000e+00
4.000000000000000000e+00
0.000000000000000000e+00
0.000000000000000000e+00
0.000000000000000000e+00
0.000000000000000000e+00
3.900000000000000000e+01
5.000000000000000000e+00
2.000000000000000000e+00
0.000000000000000000e+00
0.000000000000000000e+00
4.000000000000000000e+00
1.100000000000000000e+01
1.000000000000000000e+00
2.200000000000000000e+01
2.000000000000000000e+00
0.000000000000000000e+00
8.000000000000000000e+00
2.900000000000000000e+01
0.000000000000000000e+00
7.400000000000000000e+01
0.000000000000000000e+00
8.000000000000000000e+00
9.300000000000000000e+01
1.200000000000000000e+01
0.000000000000000000e+00
3.000000000000000000e+00
0.000000000000000000e+00
0.000000000000000000e+00
0.000000000000000000e+00
3.000000000000000000e+00
0.000000000000000000e+00
2.000000000000000000e+00
5.000000000000000000e+00
7.900000000000000000e+01
0.000000000000000000e+00
2.000000000000000000e+00
9.000000000000000000e+00
1.000000000000000000e+00
9.000000000000000000e+00
1.800000000000000000e+01
5.000000000000000000e+00
1.000000000000000000e+00
2.000000000000000000e+01
1.400000000000000000e+01
3.000000000000000000e+00
0.000000000000000000e+00
4.000000000000000000e+00
1.000000000000000000e+00
0.000000000000000000e+00
4.200000000000000000e+01
5.300000000000000000e+01
1.500000000000000000e+01
1.000000000000000000e+00
2.690000000000000000e+02
3.000000000000000000e+00
2.200000000000000000e+01
2.000000000000000000e+00
8.900000000000000000e+01
1.000000000000000000e+00
7.200000000000000000e+01
2.000000000000000000e+00
0.000000000000000000e+00
0.000000000000000000e+00
7.000000000000000000e+00
0.000000000000000000e+00
0.000000000000000000e+00
4.000000000000000000e+00
0.000000000000000000e+00
4.000000000000000000e+00
1.360000000000000000e+02
1.600000000000000000e+01
1.600000000000000000e+01
2.000000000000000000e+01
7.500000000000000000e+01
0.000000000000000000e+00
0.000000000000000000e+00
3.200000000000000000e+01
0.000000000000000000e+00
7.100000000000000000e+01
0.000000000000000000e+00
1.000000000000000000e+00
3.000000000000000000e+00
0.000000000000000000e+00
0.000000000000000000e+00
1.300000000000000000e+01
0.000000000000000000e+00
1.000000000000000000e+00
1.000000000000000000e+00
1.000000000000000000e+01
0.000000000000000000e+00
6.300000000000000000e+01
0.000000000000000000e+00
1.450000000000000000e+02
1.600000000000000000e+01
2.200000000000000000e+01
8.000000000000000000e+00
1.900000000000000000e+01
4.000000000000000000e+00
6.100000000000000000e+01
1.900000000000000000e+01
5.000000000000000000e+00
0.000000000000000000e+00
0.000000000000000000e+00
2.900000000000000000e+01
2.000000000000000000e+00
0.000000000000000000e+00
2.000000000000000000e+01
0.000000000000000000e+00
0.000000000000000000e+00
0.000000000000000000e+00
2.000000000000000000e+00
4.000000000000000000e+00
0.000000000000000000e+00
0.000000000000000000e+00
6.000000000000000000e+00
5.000000000000000000e+00
0.000000000000000000e+00
6.000000000000000000e+00
0.000000000000000000e+00
2.600000000000000000e+01
5.000000000000000000e+00
0.000000000000000000e+00
0.000000000000000000e+00
4.200000000000000000e+01
1.000000000000000000e+01
1.900000000000000000e+01
0.000000000000000000e+00
0.000000000000000000e+00
0.000000000000000000e+00
0.000000000000000000e+00
0.000000000000000000e+00
3.000000000000000000e+00
0.000000000000000000e+00
1.850000000000000000e+02
1.000000000000000000e+00
7.000000000000000000e+00
8.000000000000000000e+00
1.000000000000000000e+01
3.000000000000000000e+00
8.000000000000000000e+00
3.000000000000000000e+00
7.000000000000000000e+00
7.000000000000000000e+00
0.000000000000000000e+00
0.000000000000000000e+00
0.000000000000000000e+00
2.000000000000000000e+00
2.000000000000000000e+01
0.000000000000000000e+00
2.000000000000000000e+00
1.000000000000000000e+01
2.000000000000000000e+01
3.000000000000000000e+00
0.000000000000000000e+00
2.000000000000000000e+00
1.000000000000000000e+00
1.730000000000000000e+02
9.500000000000000000e+01
2.600000000000000000e+01
0.000000000000000000e+00
2.000000000000000000e+00
1.600000000000000000e+01
0.000000000000000000e+00
0.000000000000000000e+00
0.000000000000000000e+00
0.000000000000000000e+00
0.000000000000000000e+00
0.000000000000000000e+00
0.000000000000000000e+00
8.000000000000000000e+00
0.000000000000000000e+00
1.000000000000000000e+00
0.000000000000000000e+00
0.000000000000000000e+00
0.000000000000000000e+00
0.000000000000000000e+00
1.420000000000000000e+02
4.000000000000000000e+00
5.400000000000000000e+01
2.000000000000000000e+00
0.000000000000000000e+00
0.000000000000000000e+00
2.950000000000000000e+02
2.000000000000000000e+00
3.900000000000000000e+01
0.000000000000000000e+00
4.000000000000000000e+00
0.000000000000000000e+00
7.000000000000000000e+00
0.000000000000000000e+00
5.500000000000000000e+01
4.000000000000000000e+00
1.160000000000000000e+02
2.000000000000000000e+00
3.000000000000000000e+00
8.000000000000000000e+00
1.000000000000000000e+00
0.000000000000000000e+00
4.000000000000000000e+00
0.000000000000000000e+00
1.000000000000000000e+00
0.000000000000000000e+00
1.000000000000000000e+00
0.000000000000000000e+00
0.000000000000000000e+00
3.700000000000000000e+01
0.000000000000000000e+00
2.000000000000000000e+00
0.000000000000000000e+00
4.000000000000000000e+00
0.000000000000000000e+00
2.000000000000000000e+00
1.100000000000000000e+01
4.000000000000000000e+00
2.000000000000000000e+00
3.000000000000000000e+00
8.000000000000000000e+00
5.800000000000000000e+01
0.000000000000000000e+00
3.300000000000000000e+01
0.000000000000000000e+00
7.000000000000000000e+00
0.000000000000000000e+00
4.000000000000000000e+00
2.600000000000000000e+01
0.000000000000000000e+00
4.000000000000000000e+00
4.100000000000000000e+01
2.400000000000000000e+01
9.000000000000000000e+00
0.000000000000000000e+00
3.000000000000000000e+00
0.000000000000000000e+00
2.000000000000000000e+00
1.700000000000000000e+01
0.000000000000000000e+00
4.800000000000000000e+01
0.000000000000000000e+00
0.000000000000000000e+00
4.000000000000000000e+00
8.000000000000000000e+00
5.200000000000000000e+01
0.000000000000000000e+00
3.000000000000000000e+00
5.000000000000000000e+00
0.000000000000000000e+00
2.000000000000000000e+00
9.000000000000000000e+00
0.000000000000000000e+00
0.000000000000000000e+00
0.000000000000000000e+00
0.000000000000000000e+00
0.000000000000000000e+00
0.000000000000000000e+00
0.000000000000000000e+00
0.000000000000000000e+00
4.200000000000000000e+01
2.400000000000000000e+01
1.500000000000000000e+01
1.800000000000000000e+01
4.000000000000000000e+00
0.000000000000000000e+00
5.100000000000000000e+01
5.000000000000000000e+00
0.000000000000000000e+00
5.600000000000000000e+01
7.660000000000000000e+02
1.410000000000000000e+02
2.000000000000000000e+00
0.000000000000000000e+00
1.000000000000000000e+01
0.000000000000000000e+00
1.000000000000000000e+00
0.000000000000000000e+00
4.000000000000000000e+00
6.000000000000000000e+00
1.000000000000000000e+00
0.000000000000000000e+00
0.000000000000000000e+00
8.000000000000000000e+00
0.000000000000000000e+00
0.000000000000000000e+00
0.000000000000000000e+00
3.000000000000000000e+00
7.000000000000000000e+00
3.000000000000000000e+00
1.200000000000000000e+01
0.000000000000000000e+00
0.000000000000000000e+00
0.000000000000000000e+00
0.000000000000000000e+00
1.000000000000000000e+00
0.000000000000000000e+00
0.000000000000000000e+00
0.000000000000000000e+00
1.400000000000000000e+01
1.000000000000000000e+00
3.000000000000000000e+00
8.000000000000000000e+00
1.500000000000000000e+01
1.000000000000000000e+00
0.000000000000000000e+00
0.000000000000000000e+00
1.590000000000000000e+02
2.770000000000000000e+02
0.000000000000000000e+00
1.900000000000000000e+01
8.000000000000000000e+00
4.000000000000000000e+00
2.200000000000000000e+01
1.900000000000000000e+01
0.000000000000000000e+00
0.000000000000000000e+00
0.000000000000000000e+00
0.000000000000000000e+00
3.000000000000000000e+00
3.000000000000000000e+01
1.000000000000000000e+00
0.000000000000000000e+00
7.000000000000000000e+00
0.000000000000000000e+00
0.000000000000000000e+00
2.000000000000000000e+00
1.000000000000000000e+00
0.000000000000000000e+00
0.000000000000000000e+00
2.000000000000000000e+00
2.100000000000000000e+01
3.000000000000000000e+01
0.000000000000000000e+00
2.000000000000000000e+00
4.000000000000000000e+00
2.180000000000000000e+02
2.000000000000000000e+01
0.000000000000000000e+00
0.000000000000000000e+00
1.200000000000000000e+01
3.000000000000000000e+00
1.000000000000000000e+00
0.000000000000000000e+00
8.000000000000000000e+00
0.000000000000000000e+00
0.000000000000000000e+00
1.000000000000000000e+00
0.000000000000000000e+00
0.000000000000000000e+00
1.200000000000000000e+01
1.200000000000000000e+01
0.000000000000000000e+00
0.000000000000000000e+00
0.000000000000000000e+00
0.000000000000000000e+00
0.000000000000000000e+00
2.800000000000000000e+01
0.000000000000000000e+00
4.000000000000000000e+00
5.200000000000000000e+01
1.000000000000000000e+00
2.070000000000000000e+02
0.000000000000000000e+00
1.300000000000000000e+01
1.000000000000000000e+00
0.000000000000000000e+00
1.000000000000000000e+00
1.000000000000000000e+00
2.000000000000000000e+00
8.000000000000000000e+00
0.000000000000000000e+00
0.000000000000000000e+00
0.000000000000000000e+00
0.000000000000000000e+00
1.120000000000000000e+02
0.000000000000000000e+00
0.000000000000000000e+00
1.000000000000000000e+00
0.000000000000000000e+00
2.500000000000000000e+01
1.000000000000000000e+00
3.000000000000000000e+00
1.600000000000000000e+01
0.000000000000000000e+00
0.000000000000000000e+00
3.000000000000000000e+00
1.400000000000000000e+01
3.000000000000000000e+00
1.000000000000000000e+00
2.000000000000000000e+00
2.000000000000000000e+00
0.000000000000000000e+00
7.000000000000000000e+00
1.600000000000000000e+01
0.000000000000000000e+00
4.000000000000000000e+00
0.000000000000000000e+00
0.000000000000000000e+00
5.000000000000000000e+00
2.600000000000000000e+01
0.000000000000000000e+00
2.000000000000000000e+00
1.000000000000000000e+00
0.000000000000000000e+00
0.000000000000000000e+00
1.000000000000000000e+00
5.000000000000000000e+00
2.000000000000000000e+00
4.000000000000000000e+00
0.000000000000000000e+00
2.000000000000000000e+00
0.000000000000000000e+00
0.000000000000000000e+00
0.000000000000000000e+00
4.000000000000000000e+00
2.350000000000000000e+02
0.000000000000000000e+00
0.000000000000000000e+00
1.000000000000000000e+00
3.000000000000000000e+00
2.000000000000000000e+00
0.000000000000000000e+00
0.000000000000000000e+00
4.700000000000000000e+01
7.000000000000000000e+00
6.700000000000000000e+01
1.000000000000000000e+00
0.000000000000000000e+00
4.000000000000000000e+00
0.000000000000000000e+00
1.000000000000000000e+01
6.000000000000000000e+00
0.000000000000000000e+00
0.000000000000000000e+00
0.000000000000000000e+00
0.000000000000000000e+00
0.000000000000000000e+00
1.300000000000000000e+01
3.600000000000000000e+01
0.000000000000000000e+00
5.000000000000000000e+00
2.470000000000000000e+02
1.000000000000000000e+00
3.200000000000000000e+01
6.000000000000000000e+00
1.800000000000000000e+01
0.000000000000000000e+00
9.000000000000000000e+00
1.000000000000000000e+00
0.000000000000000000e+00
4.000000000000000000e+00
1.200000000000000000e+01
0.000000000000000000e+00
3.000000000000000000e+00
0.000000000000000000e+00
0.000000000000000000e+00
4.000000000000000000e+00
3.000000000000000000e+00
0.000000000000000000e+00
3.000000000000000000e+00
3.400000000000000000e+01
0.000000000000000000e+00
4.000000000000000000e+00
0.000000000000000000e+00
0.000000000000000000e+00
0.000000000000000000e+00
1.000000000000000000e+00
5.000000000000000000e+00
5.000000000000000000e+00
9.000000000000000000e+00
0.000000000000000000e+00
5.000000000000000000e+00
4.700000000000000000e+01
2.000000000000000000e+00
2.000000000000000000e+00
0.000000000000000000e+00
1.000000000000000000e+00
0.000000000000000000e+00
0.000000000000000000e+00
0.000000000000000000e+00
0.000000000000000000e+00
1.500000000000000000e+01
2.600000000000000000e+01
0.000000000000000000e+00
1.600000000000000000e+01
1.000000000000000000e+00
7.000000000000000000e+00
1.000000000000000000e+00
3.300000000000000000e+01
2.000000000000000000e+00
0.000000000000000000e+00
1.000000000000000000e+00
2.100000000000000000e+01
1.000000000000000000e+00
4.000000000000000000e+00
1.200000000000000000e+01
2.400000000000000000e+01
0.000000000000000000e+00
1.000000000000000000e+00
1.300000000000000000e+01
0.000000000000000000e+00
0.000000000000000000e+00
0.000000000000000000e+00
0.000000000000000000e+00
3.000000000000000000e+00
1.930000000000000000e+02
2.700000000000000000e+01
0.000000000000000000e+00
1.000000000000000000e+00
0.000000000000000000e+00
0.000000000000000000e+00
0.000000000000000000e+00
1.000000000000000000e+00
1.000000000000000000e+00
3.000000000000000000e+00
8.500000000000000000e+01
2.000000000000000000e+00
1.200000000000000000e+01
2.000000000000000000e+00
0.000000000000000000e+00
2.000000000000000000e+00
0.000000000000000000e+00
3.000000000000000000e+01
1.000000000000000000e+00
0.000000000000000000e+00
3.900000000000000000e+01
0.000000000000000000e+00
1.000000000000000000e+00
2.250000000000000000e+02
0.000000000000000000e+00
2.000000000000000000e+00
1.300000000000000000e+01
2.300000000000000000e+01
2.000000000000000000e+00
2.100000000000000000e+01
6.300000000000000000e+01
2.000000000000000000e+00
0.000000000000000000e+00
2.000000000000000000e+01
1.300000000000000000e+01
4.000000000000000000e+00
2.000000000000000000e+00
2.000000000000000000e+00
6.000000000000000000e+00
6.200000000000000000e+01
0.000000000000000000e+00
2.800000000000000000e+01
6.500000000000000000e+01
7.000000000000000000e+00
1.000000000000000000e+00
2.000000000000000000e+00
0.000000000000000000e+00
3.200000000000000000e+01
0.000000000000000000e+00
0.000000000000000000e+00
1.000000000000000000e+00
0.000000000000000000e+00
0.000000000000000000e+00
4.000000000000000000e+00
0.000000000000000000e+00
2.000000000000000000e+00
2.600000000000000000e+01
4.000000000000000000e+00
7.500000000000000000e+01
9.000000000000000000e+00
0.000000000000000000e+00
0.000000000000000000e+00
0.000000000000000000e+00
0.000000000000000000e+00
0.000000000000000000e+00
2.400000000000000000e+01
0.000000000000000000e+00
2.900000000000000000e+01
5.000000000000000000e+00
2.000000000000000000e+00
2.190000000000000000e+02
2.000000000000000000e+00
0.000000000000000000e+00
1.000000000000000000e+00
0.000000000000000000e+00
1.020000000000000000e+02
4.000000000000000000e+00
0.000000000000000000e+00
0.000000000000000000e+00
0.000000000000000000e+00
0.000000000000000000e+00
6.000000000000000000e+00
3.000000000000000000e+00
0.000000000000000000e+00
9.000000000000000000e+00
0.000000000000000000e+00
7.000000000000000000e+00
1.000000000000000000e+00
4.100000000000000000e+01
5.000000000000000000e+00
3.000000000000000000e+00
2.000000000000000000e+00
0.000000000000000000e+00
6.000000000000000000e+00
2.010000000000000000e+02
0.000000000000000000e+00
3.000000000000000000e+00
1.000000000000000000e+00
1.400000000000000000e+01
1.300000000000000000e+01
0.000000000000000000e+00
7.700000000000000000e+01
0.000000000000000000e+00
0.000000000000000000e+00
1.200000000000000000e+01
2.000000000000000000e+00
0.000000000000000000e+00
3.000000000000000000e+00
0.000000000000000000e+00
0.000000000000000000e+00
0.000000000000000000e+00
0.000000000000000000e+00
0.000000000000000000e+00
2.300000000000000000e+01
0.000000000000000000e+00
3.000000000000000000e+00
3.000000000000000000e+00
0.000000000000000000e+00
0.000000000000000000e+00
9.500000000000000000e+01
1.700000000000000000e+01
0.000000000000000000e+00
6.700000000000000000e+01
8.000000000000000000e+00
0.000000000000000000e+00
2.000000000000000000e+00
0.000000000000000000e+00
1.500000000000000000e+01
0.000000000000000000e+00
3.000000000000000000e+00
4.800000000000000000e+01
0.000000000000000000e+00
3.200000000000000000e+01
2.000000000000000000e+00
8.600000000000000000e+01
3.800000000000000000e+01
3.000000000000000000e+00
0.000000000000000000e+00
0.000000000000000000e+00
0.000000000000000000e+00
2.700000000000000000e+01
7.000000000000000000e+00
0.000000000000000000e+00
5.800000000000000000e+01
0.000000000000000000e+00
6.000000000000000000e+00
4.000000000000000000e+00
2.000000000000000000e+00
1.800000000000000000e+01
2.000000000000000000e+00
0.000000000000000000e+00
0.000000000000000000e+00
1.000000000000000000e+00
0.000000000000000000e+00
2.600000000000000000e+01
1.100000000000000000e+01
1.200000000000000000e+01
3.000000000000000000e+00
6.000000000000000000e+01
3.000000000000000000e+00
8.000000000000000000e+00
1.000000000000000000e+00
0.000000000000000000e+00
1.000000000000000000e+00
0.000000000000000000e+00
2.700000000000000000e+01
2.900000000000000000e+01
4.000000000000000000e+00
7.000000000000000000e+00
0.000000000000000000e+00
2.000000000000000000e+00
0.000000000000000000e+00
2.000000000000000000e+00
0.000000000000000000e+00
2.520000000000000000e+02
2.000000000000000000e+00
3.000000000000000000e+00
0.000000000000000000e+00
2.000000000000000000e+00
8.000000000000000000e+00
0.000000000000000000e+00
0.000000000000000000e+00
9.000000000000000000e+00
1.600000000000000000e+01
0.000000000000000000e+00
4.000000000000000000e+00
0.000000000000000000e+00
4.000000000000000000e+00
8.000000000000000000e+01
8.000000000000000000e+00
2.000000000000000000e+00
2.000000000000000000e+00
2.000000000000000000e+00
1.800000000000000000e+01
1.500000000000000000e+01
0.000000000000000000e+00
0.000000000000000000e+00
3.000000000000000000e+01
0.000000000000000000e+00
0.000000000000000000e+00
0.000000000000000000e+00
5.000000000000000000e+00
0.000000000000000000e+00
1.300000000000000000e+01
2.000000000000000000e+00
0.000000000000000000e+00
3.000000000000000000e+00
0.000000000000000000e+00
5.600000000000000000e+01
0.000000000000000000e+00
0.000000000000000000e+00
1.500000000000000000e+01
0.000000000000000000e+00
8.000000000000000000e+00
8.000000000000000000e+00
0.000000000000000000e+00
1.000000000000000000e+00
1.000000000000000000e+00
1.700000000000000000e+01
2.700000000000000000e+01
1.230000000000000000e+02
4.000000000000000000e+00
4.000000000000000000e+00
0.000000000000000000e+00
3.000000000000000000e+00
3.000000000000000000e+00
0.000000000000000000e+00
0.000000000000000000e+00
0.000000000000000000e+00
1.000000000000000000e+01
7.000000000000000000e+00
3.300000000000000000e+01
0.000000000000000000e+00
1.000000000000000000e+00
6.000000000000000000e+00
0.000000000000000000e+00
1.300000000000000000e+01
0.000000000000000000e+00
2.000000000000000000e+01
1.000000000000000000e+00
0.000000000000000000e+00
7.000000000000000000e+00
1.000000000000000000e+00
2.000000000000000000e+00
4.700000000000000000e+01
4.000000000000000000e+00
1.300000000000000000e+01
7.000000000000000000e+00
0.000000000000000000e+00
7.000000000000000000e+00
3.000000000000000000e+01
0.000000000000000000e+00
0.000000000000000000e+00
5.700000000000000000e+01
5.000000000000000000e+00
9.500000000000000000e+01
0.000000000000000000e+00
0.000000000000000000e+00
4.300000000000000000e+01
7.000000000000000000e+01
1.300000000000000000e+01
2.200000000000000000e+01
1.600000000000000000e+01
2.150000000000000000e+02
5.000000000000000000e+00
0.000000000000000000e+00
4.600000000000000000e+01
0.000000000000000000e+00
0.000000000000000000e+00
5.000000000000000000e+00
1.000000000000000000e+01
5.600000000000000000e+01
8.000000000000000000e+00
0.000000000000000000e+00
2.000000000000000000e+00
0.000000000000000000e+00
0.000000000000000000e+00
0.000000000000000000e+00
5.000000000000000000e+00
2.000000000000000000e+00
1.120000000000000000e+02
8.000000000000000000e+00
0.000000000000000000e+00
0.000000000000000000e+00
0.000000000000000000e+00
1.500000000000000000e+01
1.170000000000000000e+02
2.000000000000000000e+00
6.000000000000000000e+00
4.000000000000000000e+00
0.000000000000000000e+00
0.000000000000000000e+00
0.000000000000000000e+00
0.000000000000000000e+00
0.000000000000000000e+00
1.300000000000000000e+01
4.000000000000000000e+00
6.600000000000000000e+01
0.000000000000000000e+00
0.000000000000000000e+00
0.000000000000000000e+00
1.000000000000000000e+00
0.000000000000000000e+00
4.000000000000000000e+00
0.000000000000000000e+00
0.000000000000000000e+00
0.000000000000000000e+00
0.000000000000000000e+00
1.600000000000000000e+01
0.000000000000000000e+00
0.000000000000000000e+00
6.800000000000000000e+01
1.000000000000000000e+00
0.000000000000000000e+00
0.000000000000000000e+00
2.000000000000000000e+00
0.000000000000000000e+00
2.000000000000000000e+00
1.000000000000000000e+00
0.000000000000000000e+00
0.000000000000000000e+00
3.000000000000000000e+00
1.000000000000000000e+00
0.000000000000000000e+00
1.200000000000000000e+01
2.800000000000000000e+01
0.000000000000000000e+00
1.300000000000000000e+01
6.000000000000000000e+00
2.000000000000000000e+00
5.000000000000000000e+00
5.000000000000000000e+00
2.200000000000000000e+01
0.000000000000000000e+00
0.000000000000000000e+00
0.000000000000000000e+00
6.000000000000000000e+00
5.000000000000000000e+00
2.500000000000000000e+01
0.000000000000000000e+00
0.000000000000000000e+00
0.000000000000000000e+00
6.900000000000000000e+01
2.000000000000000000e+00
6.000000000000000000e+00
0.000000000000000000e+00
1.000000000000000000e+01
0.000000000000000000e+00
1.600000000000000000e+01
0.000000000000000000e+00
2.060000000000000000e+02
0.000000000000000000e+00
7.000000000000000000e+00
3.500000000000000000e+01
6.000000000000000000e+00
3.200000000000000000e+01
0.000000000000000000e+00
0.000000000000000000e+00
2.000000000000000000e+00
4.700000000000000000e+01
1.400000000000000000e+01
1.000000000000000000e+00
0.000000000000000000e+00
2.700000000000000000e+01
4.000000000000000000e+00
0.000000000000000000e+00
0.000000000000000000e+00
2.000000000000000000e+00
1.100000000000000000e+01
0.000000000000000000e+00
0.000000000000000000e+00
2.200000000000000000e+01
2.000000000000000000e+01
2.000000000000000000e+00
0.000000000000000000e+00
0.000000000000000000e+00
0.000000000000000000e+00
0.000000000000000000e+00
0.000000000000000000e+00
2.000000000000000000e+00
0.000000000000000000e+00
3.000000000000000000e+01
1.000000000000000000e+00
6.000000000000000000e+00
0.000000000000000000e+00
1.600000000000000000e+01
1.200000000000000000e+01
0.000000000000000000e+00
0.000000000000000000e+00
5.200000000000000000e+01
0.000000000000000000e+00
3.000000000000000000e+00
7.000000000000000000e+00
2.000000000000000000e+00
4.000000000000000000e+00
2.000000000000000000e+00
0.000000000000000000e+00
3.000000000000000000e+00
3.000000000000000000e+01
5.000000000000000000e+00
0.000000000000000000e+00
0.000000000000000000e+00
0.000000000000000000e+00
4.000000000000000000e+00
0.000000000000000000e+00
1.500000000000000000e+01
0.000000000000000000e+00
1.000000000000000000e+00
3.100000000000000000e+01
1.000000000000000000e+00
8.000000000000000000e+00
4.000000000000000000e+00
0.000000000000000000e+00
0.000000000000000000e+00
0.000000000000000000e+00
1.000000000000000000e+00
0.000000000000000000e+00
2.800000000000000000e+01
0.000000000000000000e+00
4.000000000000000000e+01
4.000000000000000000e+00
3.000000000000000000e+00
2.000000000000000000e+00
1.000000000000000000e+00
3.000000000000000000e+00
1.000000000000000000e+00
1.100000000000000000e+01
0.000000000000000000e+00
1.820000000000000000e+02
0.000000000000000000e+00
6.000000000000000000e+00
1.000000000000000000e+00
0.000000000000000000e+00
4.400000000000000000e+01
4.000000000000000000e+01
0.000000000000000000e+00
4.000000000000000000e+00
3.000000000000000000e+00
0.000000000000000000e+00
0.000000000000000000e+00
1.500000000000000000e+01
0.000000000000000000e+00
1.550000000000000000e+02
0.000000000000000000e+00
1.200000000000000000e+01
0.000000000000000000e+00
3.000000000000000000e+01
0.000000000000000000e+00
2.000000000000000000e+00
5.000000000000000000e+00
2.600000000000000000e+01
2.000000000000000000e+00
3.000000000000000000e+00
3.700000000000000000e+01
8.000000000000000000e+00
0.000000000000000000e+00
1.260000000000000000e+02
0.000000000000000000e+00
1.200000000000000000e+01
2.700000000000000000e+01
3.600000000000000000e+01
2.000000000000000000e+00
3.000000000000000000e+00
3.300000000000000000e+01
0.000000000000000000e+00
1.000000000000000000e+00
4.000000000000000000e+00
9.300000000000000000e+01
1.000000000000000000e+00
0.000000000000000000e+00
1.600000000000000000e+01
4.000000000000000000e+00
0.000000000000000000e+00
0.000000000000000000e+00
4.000000000000000000e+00
1.400000000000000000e+01
1.060000000000000000e+02
1.000000000000000000e+02
2.000000000000000000e+00
1.500000000000000000e+01
0.000000000000000000e+00
7.000000000000000000e+00
1.500000000000000000e+01
2.500000000000000000e+01
7.700000000000000000e+01
2.000000000000000000e+00
1.800000000000000000e+01
4.000000000000000000e+00
0.000000000000000000e+00
5.000000000000000000e+00
0.000000000000000000e+00
2.100000000000000000e+01
3.000000000000000000e+00
0.000000000000000000e+00
3.100000000000000000e+01
0.000000000000000000e+00
3.000000000000000000e+00
3.000000000000000000e+00
1.260000000000000000e+02
1.500000000000000000e+01
8.000000000000000000e+00
6.100000000000000000e+01
4.100000000000000000e+01
0.000000000000000000e+00
8.000000000000000000e+01
4.900000000000000000e+01
4.800000000000000000e+01
2.710000000000000000e+02
4.600000000000000000e+01
0.000000000000000000e+00
1.070000000000000000e+02
0.000000000000000000e+00
0.000000000000000000e+00
0.000000000000000000e+00
1.200000000000000000e+01
2.000000000000000000e+00
0.000000000000000000e+00
0.000000000000000000e+00
1.000000000000000000e+00
2.000000000000000000e+01
0.000000000000000000e+00
0.000000000000000000e+00
8.000000000000000000e+00
0.000000000000000000e+00
4.000000000000000000e+00
1.760000000000000000e+02
5.000000000000000000e+00
1.100000000000000000e+01
3.000000000000000000e+00
4.100000000000000000e+01
0.000000000000000000e+00
1.340000000000000000e+02
0.000000000000000000e+00
5.000000000000000000e+00
3.000000000000000000e+00
1.230000000000000000e+02
0.000000000000000000e+00
0.000000000000000000e+00
5.000000000000000000e+00
6.700000000000000000e+01
1.000000000000000000e+01
3.700000000000000000e+01
0.000000000000000000e+00
0.000000000000000000e+00
3.000000000000000000e+01
1.300000000000000000e+01
1.800000000000000000e+01
2.900000000000000000e+01
0.000000000000000000e+00
3.300000000000000000e+01
8.500000000000000000e+01
0.000000000000000000e+00
0.000000000000000000e+00
7.000000000000000000e+00
1.300000000000000000e+01
0.000000000000000000e+00
4.000000000000000000e+01
1.000000000000000000e+00
1.000000000000000000e+00
0.000000000000000000e+00
0.000000000000000000e+00
8.000000000000000000e+00
3.900000000000000000e+01
0.000000000000000000e+00
0.000000000000000000e+00
4.500000000000000000e+01
8.000000000000000000e+00
0.000000000000000000e+00
2.400000000000000000e+01
0.000000000000000000e+00
0.000000000000000000e+00
6.000000000000000000e+00
0.000000000000000000e+00
5.100000000000000000e+01
0.000000000000000000e+00
4.000000000000000000e+00
7.700000000000000000e+01
9.000000000000000000e+00
2.040000000000000000e+02
1.000000000000000000e+00
0.000000000000000000e+00
1.000000000000000000e+00
8.000000000000000000e+00
0.000000000000000000e+00
1.000000000000000000e+01
0.000000000000000000e+00
1.000000000000000000e+00
0.000000000000000000e+00
5.000000000000000000e+00
7.200000000000000000e+01
2.000000000000000000e+00
9.000000000000000000e+00
0.000000000000000000e+00
5.000000000000000000e+00
1.000000000000000000e+00
3.700000000000000000e+01
1.500000000000000000e+02
2.000000000000000000e+00
1.000000000000000000e+00
2.000000000000000000e+00
0.000000000000000000e+00
2.000000000000000000e+00
0.000000000000000000e+00
3.000000000000000000e+00
1.840000000000000000e+02
4.560000000000000000e+02
0.000000000000000000e+00
3.400000000000000000e+01
7.600000000000000000e+01
0.000000000000000000e+00
2.000000000000000000e+00
1.000000000000000000e+00
0.000000000000000000e+00
1.400000000000000000e+01
0.000000000000000000e+00
0.000000000000000000e+00
2.000000000000000000e+00
0.000000000000000000e+00
0.000000000000000000e+00
1.000000000000000000e+00
2.000000000000000000e+00
2.000000000000000000e+00
0.000000000000000000e+00
0.000000000000000000e+00
1.500000000000000000e+01
0.000000000000000000e+00
0.000000000000000000e+00
0.000000000000000000e+00
8.000000000000000000e+00
0.000000000000000000e+00
3.500000000000000000e+01
0.000000000000000000e+00
0.000000000000000000e+00
3.000000000000000000e+00
1.000000000000000000e+01
0.000000000000000000e+00
3.000000000000000000e+00
3.000000000000000000e+01
2.000000000000000000e+00
0.000000000000000000e+00
0.000000000000000000e+00
2.500000000000000000e+01
0.000000000000000000e+00
0.000000000000000000e+00
6.000000000000000000e+00
2.000000000000000000e+00
5.900000000000000000e+01
3.000000000000000000e+00
1.400000000000000000e+01
0.000000000000000000e+00
1.000000000000000000e+01
0.000000000000000000e+00
2.800000000000000000e+01
4.000000000000000000e+00
3.400000000000000000e+01
0.000000000000000000e+00
0.000000000000000000e+00
0.000000000000000000e+00
8.000000000000000000e+00
2.000000000000000000e+00
9.000000000000000000e+00
1.000000000000000000e+00
3.500000000000000000e+01
0.000000000000000000e+00
1.000000000000000000e+00
1.900000000000000000e+01
0.000000000000000000e+00
0.000000000000000000e+00
4.000000000000000000e+01
0.000000000000000000e+00
0.000000000000000000e+00
9.000000000000000000e+00
9.000000000000000000e+00
0.000000000000000000e+00
2.000000000000000000e+01
7.000000000000000000e+01
6.400000000000000000e+01
0.000000000000000000e+00
4.000000000000000000e+00
4.000000000000000000e+01
1.800000000000000000e+02
8.000000000000000000e+00
0.000000000000000000e+00
4.300000000000000000e+01
0.000000000000000000e+00
0.000000000000000000e+00
0.000000000000000000e+00
1.000000000000000000e+00
1.700000000000000000e+01
1.520000000000000000e+02
0.000000000000000000e+00
0.000000000000000000e+00
1.000000000000000000e+00
0.000000000000000000e+00
0.000000000000000000e+00
0.000000000000000000e+00
4.400000000000000000e+01
0.000000000000000000e+00
1.500000000000000000e+01
2.000000000000000000e+00
0.000000000000000000e+00
3.800000000000000000e+01
2.000000000000000000e+01
1.810000000000000000e+02
0.000000000000000000e+00
0.000000000000000000e+00
0.000000000000000000e+00
0.000000000000000000e+00
6.700000000000000000e+01
0.000000000000000000e+00
2.000000000000000000e+00
0.000000000000000000e+00
1.000000000000000000e+00
6.400000000000000000e+01
0.000000000000000000e+00
4.900000000000000000e+01
0.000000000000000000e+00
0.000000000000000000e+00
3.300000000000000000e+01
0.000000000000000000e+00
2.000000000000000000e+00
6.000000000000000000e+00
1.000000000000000000e+00
5.000000000000000000e+00
1.500000000000000000e+01
1.500000000000000000e+01
0.000000000000000000e+00
0.000000000000000000e+00
1.000000000000000000e+00
0.000000000000000000e+00
6.000000000000000000e+00
2.000000000000000000e+00
6.000000000000000000e+00
1.000000000000000000e+00
1.300000000000000000e+01
4.000000000000000000e+00
0.000000000000000000e+00
0.000000000000000000e+00
7.000000000000000000e+01
0.000000000000000000e+00
4.000000000000000000e+00
7.000000000000000000e+00
2.000000000000000000e+00
0.000000000000000000e+00
4.000000000000000000e+00
2.000000000000000000e+00
3.000000000000000000e+01
2.000000000000000000e+00
2.000000000000000000e+00
8.000000000000000000e+00
1.000000000000000000e+00
0.000000000000000000e+00
2.700000000000000000e+01
3.300000000000000000e+01
7.000000000000000000e+00
2.200000000000000000e+01
5.000000000000000000e+00
0.000000000000000000e+00
5.000000000000000000e+00
0.000000000000000000e+00
6.000000000000000000e+00
1.000000000000000000e+00
0.000000000000000000e+00
6.000000000000000000e+00
1.000000000000000000e+01
4.000000000000000000e+00
0.000000000000000000e+00
0.000000000000000000e+00
0.000000000000000000e+00
2.500000000000000000e+01
1.000000000000000000e+00
0.000000000000000000e+00
8.200000000000000000e+01
0.000000000000000000e+00
2.000000000000000000e+01
4.500000000000000000e+01
1.000000000000000000e+00
0.000000000000000000e+00
0.000000000000000000e+00
0.000000000000000000e+00
2.300000000000000000e+01
1.600000000000000000e+01
0.000000000000000000e+00
2.000000000000000000e+00
6.200000000000000000e+01
0.000000000000000000e+00
1.000000000000000000e+00
0.000000000000000000e+00
2.000000000000000000e+00
0.000000000000000000e+00
4.000000000000000000e+00
0.000000000000000000e+00
0.000000000000000000e+00
0.000000000000000000e+00
0.000000000000000000e+00
0.000000000000000000e+00
1.900000000000000000e+01
0.000000000000000000e+00
1.900000000000000000e+01
9.000000000000000000e+00
0.000000000000000000e+00
3.000000000000000000e+00
0.000000000000000000e+00
0.000000000000000000e+00
0.000000000000000000e+00
4.000000000000000000e+00
0.000000000000000000e+00
0.000000000000000000e+00
0.000000000000000000e+00
0.000000000000000000e+00
0.000000000000000000e+00
7.000000000000000000e+00
0.000000000000000000e+00
0.000000000000000000e+00
6.300000000000000000e+01
6.000000000000000000e+00
1.000000000000000000e+00
0.000000000000000000e+00
3.710000000000000000e+02
1.000000000000000000e+00
1.400000000000000000e+01
0.000000000000000000e+00
0.000000000000000000e+00
1.000000000000000000e+01
8.000000000000000000e+00
2.700000000000000000e+01
0.000000000000000000e+00
2.800000000000000000e+01
3.000000000000000000e+00
1.310000000000000000e+02
3.000000000000000000e+00
4.000000000000000000e+00
4.000000000000000000e+00
4.000000000000000000e+00
0.000000000000000000e+00
5.000000000000000000e+00
5.000000000000000000e+00
0.000000000000000000e+00
1.100000000000000000e+01
0.000000000000000000e+00
5.000000000000000000e+00
2.200000000000000000e+01
0.000000000000000000e+00
0.000000000000000000e+00
7.900000000000000000e+01
0.000000000000000000e+00
2.800000000000000000e+01
0.000000000000000000e+00
0.000000000000000000e+00
0.000000000000000000e+00
5.000000000000000000e+00
6.000000000000000000e+00
1.300000000000000000e+01
5.000000000000000000e+00
0.000000000000000000e+00
8.000000000000000000e+00
3.200000000000000000e+01
0.000000000000000000e+00
3.100000000000000000e+01
5.000000000000000000e+00
0.000000000000000000e+00
1.400000000000000000e+01
2.400000000000000000e+01
0.000000000000000000e+00
0.000000000000000000e+00
2.000000000000000000e+00
5.000000000000000000e+00
7.000000000000000000e+00
0.000000000000000000e+00
3.500000000000000000e+01
0.000000000000000000e+00
0.000000000000000000e+00
0.000000000000000000e+00
4.000000000000000000e+00
0.000000000000000000e+00
9.000000000000000000e+00
1.040000000000000000e+02
0.000000000000000000e+00
0.000000000000000000e+00
9.500000000000000000e+01
6.000000000000000000e+00
8.300000000000000000e+01
0.000000000000000000e+00
9.000000000000000000e+00
1.000000000000000000e+00
0.000000000000000000e+00
2.000000000000000000e+00
2.100000000000000000e+01
0.000000000000000000e+00
1.400000000000000000e+01
1.000000000000000000e+00
6.000000000000000000e+00
5.000000000000000000e+00
1.000000000000000000e+00
0.000000000000000000e+00
0.000000000000000000e+00
0.000000000000000000e+00
1.700000000000000000e+01
6.000000000000000000e+00
1.400000000000000000e+01
1.200000000000000000e+01
0.000000000000000000e+00
1.430000000000000000e+02
3.400000000000000000e+01
8.300000000000000000e+01
0.000000000000000000e+00
0.000000000000000000e+00
0.000000000000000000e+00
0.000000000000000000e+00
1.000000000000000000e+01
1.100000000000000000e+01
1.200000000000000000e+01
1.800000000000000000e+01
0.000000000000000000e+00
2.600000000000000000e+01
0.000000000000000000e+00
0.000000000000000000e+00
1.600000000000000000e+01
3.200000000000000000e+01
0.000000000000000000e+00
0.000000000000000000e+00
5.000000000000000000e+00
0.000000000000000000e+00
1.810000000000000000e+02
7.000000000000000000e+01
0.000000000000000000e+00
2.200000000000000000e+01
0.000000000000000000e+00
1.600000000000000000e+01
8.000000000000000000e+00
4.000000000000000000e+00
3.000000000000000000e+00
4.000000000000000000e+00
3.900000000000000000e+01
1.900000000000000000e+01
0.000000000000000000e+00
2.000000000000000000e+00
8.000000000000000000e+00
4.900000000000000000e+01
0.000000000000000000e+00
0.000000000000000000e+00
1.200000000000000000e+01
0.000000000000000000e+00
1.000000000000000000e+00
0.000000000000000000e+00
3.300000000000000000e+01
0.000000000000000000e+00
2.000000000000000000e+00
9.700000000000000000e+01
0.000000000000000000e+00
0.000000000000000000e+00
2.070000000000000000e+02
6.000000000000000000e+00
1.310000000000000000e+02
1.100000000000000000e+01
0.000000000000000000e+00
0.000000000000000000e+00
0.000000000000000000e+00
9.000000000000000000e+00
8.000000000000000000e+00
0.000000000000000000e+00
1.400000000000000000e+01
5.000000000000000000e+00
0.000000000000000000e+00
1.000000000000000000e+00
0.000000000000000000e+00
2.400000000000000000e+01
2.700000000000000000e+01
0.000000000000000000e+00
0.000000000000000000e+00
7.000000000000000000e+00
2.000000000000000000e+00
1.700000000000000000e+01
2.900000000000000000e+01
2.900000000000000000e+01
0.000000000000000000e+00
1.000000000000000000e+01
2.000000000000000000e+00
1.600000000000000000e+01
1.130000000000000000e+02
6.000000000000000000e+00
0.000000000000000000e+00
4.000000000000000000e+00
4.000000000000000000e+01
4.000000000000000000e+00
1.010000000000000000e+02
1.000000000000000000e+00
5.000000000000000000e+00
0.000000000000000000e+00
1.000000000000000000e+00
0.000000000000000000e+00
0.000000000000000000e+00
6.000000000000000000e+00
4.000000000000000000e+00
9.000000000000000000e+00
9.000000000000000000e+00
0.000000000000000000e+00
2.000000000000000000e+01
0.000000000000000000e+00
1.360000000000000000e+02
1.900000000000000000e+01
0.000000000000000000e+00
0.000000000000000000e+00
0.000000000000000000e+00
1.000000000000000000e+00
8.000000000000000000e+00
1.000000000000000000e+00
6.000000000000000000e+00
4.000000000000000000e+00
2.000000000000000000e+00
0.000000000000000000e+00
2.000000000000000000e+00
0.000000000000000000e+00
0.000000000000000000e+00
4.000000000000000000e+00
6.000000000000000000e+00
4.000000000000000000e+00
7.000000000000000000e+00
0.000000000000000000e+00
2.000000000000000000e+00
0.000000000000000000e+00
0.000000000000000000e+00
0.000000000000000000e+00
0.000000000000000000e+00
1.200000000000000000e+01
0.000000000000000000e+00
2.000000000000000000e+00
5.900000000000000000e+01
0.000000000000000000e+00
4.000000000000000000e+00
0.000000000000000000e+00
8.000000000000000000e+00
2.500000000000000000e+01
1.420000000000000000e+02
0.000000000000000000e+00
2.000000000000000000e+00
1.100000000000000000e+01
1.100000000000000000e+01
3.700000000000000000e+01
1.000000000000000000e+01
4.000000000000000000e+00
0.000000000000000000e+00
7.000000000000000000e+00
6.000000000000000000e+00
1.000000000000000000e+00
7.100000000000000000e+01
0.000000000000000000e+00
0.000000000000000000e+00
0.000000000000000000e+00
7.700000000000000000e+01
1.500000000000000000e+01
6.000000000000000000e+00
0.000000000000000000e+00
1.000000000000000000e+00
0.000000000000000000e+00
0.000000000000000000e+00
1.300000000000000000e+01
1.700000000000000000e+01
0.000000000000000000e+00
0.000000000000000000e+00
1.700000000000000000e+01
1.100000000000000000e+01
0.000000000000000000e+00
5.400000000000000000e+01
7.700000000000000000e+01
4.000000000000000000e+00
1.000000000000000000e+01
1.000000000000000000e+00
1.000000000000000000e+00
0.000000000000000000e+00
0.000000000000000000e+00
3.500000000000000000e+01
0.000000000000000000e+00
5.400000000000000000e+01
1.200000000000000000e+01
1.500000000000000000e+01
4.100000000000000000e+01
2.000000000000000000e+00
6.200000000000000000e+01
5.000000000000000000e+00
2.000000000000000000e+00
0.000000000000000000e+00
1.370000000000000000e+02
4.000000000000000000e+00
7.000000000000000000e+00
1.280000000000000000e+02
0.000000000000000000e+00
5.000000000000000000e+00
1.600000000000000000e+01
0.000000000000000000e+00
2.210000000000000000e+02
5.000000000000000000e+00
1.000000000000000000e+00
1.100000000000000000e+01
3.100000000000000000e+01
0.000000000000000000e+00
2.500000000000000000e+01
8.000000000000000000e+00
1.800000000000000000e+01
6.200000000000000000e+01
7.000000000000000000e+00
0.000000000000000000e+00
0.000000000000000000e+00
6.000000000000000000e+00
2.000000000000000000e+00
0.000000000000000000e+00
2.200000000000000000e+01
1.000000000000000000e+00
2.900000000000000000e+01
6.000000000000000000e+00
0.000000000000000000e+00
0.000000000000000000e+00
0.000000000000000000e+00
0.000000000000000000e+00
2.000000000000000000e+00
0.000000000000000000e+00
3.000000000000000000e+00
1.000000000000000000e+00
5.000000000000000000e+00
0.000000000000000000e+00
0.000000000000000000e+00
1.900000000000000000e+01
1.300000000000000000e+01
1.000000000000000000e+00
1.800000000000000000e+01
0.000000000000000000e+00
2.200000000000000000e+01
0.000000000000000000e+00
1.000000000000000000e+00
0.000000000000000000e+00
1.000000000000000000e+00
1.800000000000000000e+01
2.000000000000000000e+00
5.000000000000000000e+00
1.090000000000000000e+02
5.000000000000000000e+00
7.000000000000000000e+00
0.000000000000000000e+00
6.000000000000000000e+00
2.300000000000000000e+01
1.900000000000000000e+01
0.000000000000000000e+00
0.000000000000000000e+00
1.700000000000000000e+01
1.400000000000000000e+01
2.700000000000000000e+01
3.000000000000000000e+00
3.000000000000000000e+00
6.000000000000000000e+00
0.000000000000000000e+00
1.600000000000000000e+01
4.400000000000000000e+01
3.900000000000000000e+01
1.800000000000000000e+01
1.900000000000000000e+01
0.000000000000000000e+00
0.000000000000000000e+00
1.000000000000000000e+00
8.000000000000000000e+00
0.000000000000000000e+00
0.000000000000000000e+00
2.260000000000000000e+02
6.000000000000000000e+00
0.000000000000000000e+00
0.000000000000000000e+00
0.000000000000000000e+00
4.000000000000000000e+00
4.000000000000000000e+01
3.000000000000000000e+00
0.000000000000000000e+00
2.900000000000000000e+01
7.000000000000000000e+00
0.000000000000000000e+00
3.400000000000000000e+01
1.300000000000000000e+01
3.000000000000000000e+01
8.700000000000000000e+01
0.000000000000000000e+00
0.000000000000000000e+00
0.000000000000000000e+00
3.000000000000000000e+00
3.000000000000000000e+00
1.300000000000000000e+01
2.000000000000000000e+00
0.000000000000000000e+00
0.000000000000000000e+00
0.000000000000000000e+00
2.300000000000000000e+01
0.000000000000000000e+00
7.000000000000000000e+00
0.000000000000000000e+00
0.000000000000000000e+00
1.800000000000000000e+01
0.000000000000000000e+00
1.200000000000000000e+01
2.000000000000000000e+00
2.400000000000000000e+01
1.000000000000000000e+00
0.000000000000000000e+00
7.000000000000000000e+00
1.580000000000000000e+02
0.000000000000000000e+00
2.000000000000000000e+00
0.000000000000000000e+00
6.000000000000000000e+00
2.000000000000000000e+00
1.700000000000000000e+01
8.000000000000000000e+00
0.000000000000000000e+00
0.000000000000000000e+00
1.000000000000000000e+01
6.000000000000000000e+01
7.100000000000000000e+01
1.230000000000000000e+02
1.100000000000000000e+01
6.000000000000000000e+00
5.000000000000000000e+00
0.000000000000000000e+00
1.000000000000000000e+00
1.400000000000000000e+01
2.400000000000000000e+01
1.070000000000000000e+02
1.700000000000000000e+01
1.000000000000000000e+00
0.000000000000000000e+00
0.000000000000000000e+00
0.000000000000000000e+00
2.000000000000000000e+00
3.200000000000000000e+01
5.000000000000000000e+00
2.400000000000000000e+01
3.000000000000000000e+00
5.200000000000000000e+01
4.000000000000000000e+00
1.850000000000000000e+02
1.000000000000000000e+00
1.000000000000000000e+00
0.000000000000000000e+00
0.000000000000000000e+00
0.000000000000000000e+00
1.000000000000000000e+00
9.000000000000000000e+00
0.000000000000000000e+00
2.000000000000000000e+00
9.000000000000000000e+00
0.000000000000000000e+00
1.400000000000000000e+01
0.000000000000000000e+00
0.000000000000000000e+00
6.600000000000000000e+01
0.000000000000000000e+00
1.500000000000000000e+01
1.370000000000000000e+02
0.000000000000000000e+00
0.000000000000000000e+00
0.000000000000000000e+00
1.800000000000000000e+02
0.000000000000000000e+00
0.000000000000000000e+00
6.700000000000000000e+01
0.000000000000000000e+00
0.000000000000000000e+00
1.060000000000000000e+02
0.000000000000000000e+00
2.600000000000000000e+01
6.000000000000000000e+00
1.200000000000000000e+01
6.000000000000000000e+00
3.000000000000000000e+00
2.600000000000000000e+01
0.000000000000000000e+00
0.000000000000000000e+00
2.700000000000000000e+01
5.000000000000000000e+00
8.000000000000000000e+01
0.000000000000000000e+00
1.830000000000000000e+02
4.000000000000000000e+00
3.300000000000000000e+01
3.400000000000000000e+01
0.000000000000000000e+00
0.000000000000000000e+00
1.000000000000000000e+00
7.000000000000000000e+00
0.000000000000000000e+00
7.000000000000000000e+00
6.000000000000000000e+00
6.000000000000000000e+01
4.000000000000000000e+00
1.500000000000000000e+01
1.000000000000000000e+00
0.000000000000000000e+00
0.000000000000000000e+00
9.400000000000000000e+01
1.600000000000000000e+01
5.000000000000000000e+00
6.700000000000000000e+01
9.000000000000000000e+00
0.000000000000000000e+00
2.400000000000000000e+01
3.050000000000000000e+02
2.800000000000000000e+01
1.000000000000000000e+00
9.000000000000000000e+00
2.700000000000000000e+01
5.000000000000000000e+00
8.000000000000000000e+00
0.000000000000000000e+00
0.000000000000000000e+00
1.000000000000000000e+00
2.000000000000000000e+00
8.600000000000000000e+01
1.100000000000000000e+01
1.300000000000000000e+01
1.000000000000000000e+00
1.300000000000000000e+01
0.000000000000000000e+00
3.780000000000000000e+02
8.000000000000000000e+00
3.000000000000000000e+01
0.000000000000000000e+00
0.000000000000000000e+00
6.000000000000000000e+00
1.000000000000000000e+00
0.000000000000000000e+00
2.000000000000000000e+00
0.000000000000000000e+00
0.000000000000000000e+00
4.000000000000000000e+00
4.450000000000000000e+02
3.800000000000000000e+01
5.000000000000000000e+00
1.340000000000000000e+02
0.000000000000000000e+00
1.200000000000000000e+01
2.900000000000000000e+02
2.500000000000000000e+01
0.000000000000000000e+00
0.000000000000000000e+00
0.000000000000000000e+00
1.300000000000000000e+01
1.900000000000000000e+01
1.000000000000000000e+01
2.000000000000000000e+00
0.000000000000000000e+00
0.000000000000000000e+00
0.000000000000000000e+00
2.000000000000000000e+00
0.000000000000000000e+00
1.000000000000000000e+01
0.000000000000000000e+00
2.600000000000000000e+01
1.000000000000000000e+00
5.000000000000000000e+00
1.000000000000000000e+01
2.000000000000000000e+00
2.200000000000000000e+01
0.000000000000000000e+00
0.000000000000000000e+00
2.000000000000000000e+00
0.000000000000000000e+00
2.800000000000000000e+01
2.580000000000000000e+02
3.000000000000000000e+00
0.000000000000000000e+00
0.000000000000000000e+00
0.000000000000000000e+00
0.000000000000000000e+00
0.000000000000000000e+00
2.800000000000000000e+01
4.780000000000000000e+02
3.800000000000000000e+01
7.000000000000000000e+00
2.000000000000000000e+00
0.000000000000000000e+00
8.000000000000000000e+00
1.200000000000000000e+01
2.400000000000000000e+01
0.000000000000000000e+00
3.200000000000000000e+01
0.000000000000000000e+00
3.400000000000000000e+01
6.000000000000000000e+00
0.000000000000000000e+00
0.000000000000000000e+00
0.000000000000000000e+00
0.000000000000000000e+00
5.000000000000000000e+00
4.900000000000000000e+01
1.200000000000000000e+01
2.000000000000000000e+00
8.000000000000000000e+00
3.000000000000000000e+00
0.000000000000000000e+00
6.000000000000000000e+00
4.160000000000000000e+02
4.000000000000000000e+00
0.000000000000000000e+00
5.000000000000000000e+00
8.000000000000000000e+00
5.850000000000000000e+02
1.000000000000000000e+00
4.000000000000000000e+00
6.000000000000000000e+00
5.000000000000000000e+00
6.000000000000000000e+00
3.490000000000000000e+02
5.000000000000000000e+00
0.000000000000000000e+00
1.900000000000000000e+01
0.000000000000000000e+00
1.000000000000000000e+00
0.000000000000000000e+00
6.000000000000000000e+00
2.900000000000000000e+01
0.000000000000000000e+00
0.000000000000000000e+00
3.900000000000000000e+01
7.800000000000000000e+01
6.400000000000000000e+01
4.400000000000000000e+01
0.000000000000000000e+00
1.130000000000000000e+02
6.200000000000000000e+01
1.500000000000000000e+01
4.000000000000000000e+00
3.300000000000000000e+01
2.300000000000000000e+01
2.000000000000000000e+00
0.000000000000000000e+00
2.200000000000000000e+01
0.000000000000000000e+00
1.000000000000000000e+00
0.000000000000000000e+00
0.000000000000000000e+00
1.000000000000000000e+00
9.000000000000000000e+00
0.000000000000000000e+00
0.000000000000000000e+00
2.200000000000000000e+01
3.200000000000000000e+01
2.000000000000000000e+00
1.000000000000000000e+00
2.000000000000000000e+00
6.000000000000000000e+00
2.000000000000000000e+00
2.500000000000000000e+01
0.000000000000000000e+00
3.600000000000000000e+01
0.000000000000000000e+00
2.000000000000000000e+00
5.500000000000000000e+01
0.000000000000000000e+00
0.000000000000000000e+00
3.300000000000000000e+01
1.000000000000000000e+00
0.000000000000000000e+00
0.000000000000000000e+00
3.050000000000000000e+02
1.000000000000000000e+00
9.000000000000000000e+00
0.000000000000000000e+00
6.000000000000000000e+00
3.000000000000000000e+00
0.000000000000000000e+00
0.000000000000000000e+00
3.300000000000000000e+01
0.000000000000000000e+00
0.000000000000000000e+00
0.000000000000000000e+00
3.300000000000000000e+01
1.000000000000000000e+00
0.000000000000000000e+00
0.000000000000000000e+00
1.300000000000000000e+01
0.000000000000000000e+00
3.000000000000000000e+00
3.000000000000000000e+00
1.600000000000000000e+01
2.000000000000000000e+00
3.000000000000000000e+00
0.000000000000000000e+00
1.000000000000000000e+00
0.000000000000000000e+00
4.000000000000000000e+00
0.000000000000000000e+00
6.000000000000000000e+00
0.000000000000000000e+00
5.000000000000000000e+00
0.000000000000000000e+00
2.000000000000000000e+00
1.900000000000000000e+01
1.070000000000000000e+02
2.100000000000000000e+01
1.000000000000000000e+00
2.000000000000000000e+00
0.000000000000000000e+00
0.000000000000000000e+00
0.000000000000000000e+00
1.000000000000000000e+01
2.000000000000000000e+00
5.900000000000000000e+01
2.000000000000000000e+00
4.000000000000000000e+01
0.000000000000000000e+00
2.900000000000000000e+01
0.000000000000000000e+00
1.400000000000000000e+01
3.000000000000000000e+00
0.000000000000000000e+00
0.000000000000000000e+00
9.000000000000000000e+00
0.000000000000000000e+00
2.000000000000000000e+00
0.000000000000000000e+00
0.000000000000000000e+00
8.100000000000000000e+01
0.000000000000000000e+00
2.000000000000000000e+00
7.000000000000000000e+00
6.500000000000000000e+01
0.000000000000000000e+00
0.000000000000000000e+00
2.200000000000000000e+01
1.800000000000000000e+01
0.000000000000000000e+00
0.000000000000000000e+00
0.000000000000000000e+00
9.000000000000000000e+00
7.000000000000000000e+00
6.400000000000000000e+01
0.000000000000000000e+00
6.000000000000000000e+00
5.200000000000000000e+01
0.000000000000000000e+00
4.000000000000000000e+00
2.500000000000000000e+02
0.000000000000000000e+00
2.100000000000000000e+01
0.000000000000000000e+00
0.000000000000000000e+00
1.000000000000000000e+00
3.000000000000000000e+00
6.200000000000000000e+01
2.000000000000000000e+01
8.000000000000000000e+00
0.000000000000000000e+00
8.000000000000000000e+00
4.000000000000000000e+00
5.000000000000000000e+00
2.500000000000000000e+01
0.000000000000000000e+00
8.000000000000000000e+00
1.200000000000000000e+01
2.000000000000000000e+00
6.000000000000000000e+00
0.000000000000000000e+00
8.000000000000000000e+00
3.000000000000000000e+00
3.000000000000000000e+00
1.000000000000000000e+00
2.280000000000000000e+02
4.900000000000000000e+01
0.000000000000000000e+00
0.000000000000000000e+00
1.000000000000000000e+01
7.000000000000000000e+00
4.000000000000000000e+00
2.000000000000000000e+00
1.250000000000000000e+02
0.000000000000000000e+00
2.800000000000000000e+01
1.640000000000000000e+02
0.000000000000000000e+00
0.000000000000000000e+00
5.800000000000000000e+01
9.000000000000000000e+00
2.000000000000000000e+01
0.000000000000000000e+00
1.100000000000000000e+01
2.310000000000000000e+02
1.200000000000000000e+01
1.000000000000000000e+00
6.000000000000000000e+00
0.000000000000000000e+00
3.000000000000000000e+01
1.600000000000000000e+01
0.000000000000000000e+00
7.000000000000000000e+00
0.000000000000000000e+00
3.000000000000000000e+00
1.800000000000000000e+01
2.000000000000000000e+00
0.000000000000000000e+00
4.000000000000000000e+00
0.000000000000000000e+00
0.000000000000000000e+00
0.000000000000000000e+00
5.000000000000000000e+00
2.000000000000000000e+01
0.000000000000000000e+00
2.000000000000000000e+00
0.000000000000000000e+00
2.000000000000000000e+00
0.000000000000000000e+00
3.200000000000000000e+01
2.000000000000000000e+00
3.000000000000000000e+00
4.500000000000000000e+01
0.000000000000000000e+00
0.000000000000000000e+00
0.000000000000000000e+00
2.000000000000000000e+00
2.280000000000000000e+02
0.000000000000000000e+00
1.170000000000000000e+02
4.200000000000000000e+01
0.000000000000000000e+00
1.000000000000000000e+00
4.000000000000000000e+00
0.000000000000000000e+00
3.000000000000000000e+00
4.000000000000000000e+00
0.000000000000000000e+00
1.000000000000000000e+00
0.000000000000000000e+00
2.000000000000000000e+00
5.000000000000000000e+00
7.300000000000000000e+01
7.000000000000000000e+00
0.000000000000000000e+00
0.000000000000000000e+00
4.000000000000000000e+00
1.000000000000000000e+00
1.000000000000000000e+01
6.200000000000000000e+01
7.000000000000000000e+00
9.210000000000000000e+02
2.360000000000000000e+02
2.400000000000000000e+01
5.000000000000000000e+00
3.510000000000000000e+02
1.400000000000000000e+01
2.000000000000000000e+02
2.000000000000000000e+00
0.000000000000000000e+00
0.000000000000000000e+00
6.000000000000000000e+00
4.000000000000000000e+00
2.100000000000000000e+01
0.000000000000000000e+00
1.000000000000000000e+02
0.000000000000000000e+00
1.270000000000000000e+02
2.710000000000000000e+02
0.000000000000000000e+00
1.100000000000000000e+01
2.410000000000000000e+02
0.000000000000000000e+00
0.000000000000000000e+00
8.100000000000000000e+01
2.000000000000000000e+00
1.000000000000000000e+00
0.000000000000000000e+00
1.000000000000000000e+00
2.080000000000000000e+02
9.000000000000000000e+00
0.000000000000000000e+00
4.000000000000000000e+00
4.000000000000000000e+00
6.000000000000000000e+00
4.000000000000000000e+00
3.000000000000000000e+00
0.000000000000000000e+00
1.200000000000000000e+01
4.000000000000000000e+00
0.000000000000000000e+00
8.500000000000000000e+01
0.000000000000000000e+00
1.700000000000000000e+01
1.000000000000000000e+00
7.000000000000000000e+00
2.000000000000000000e+00
1.300000000000000000e+01
1.000000000000000000e+00
0.000000000000000000e+00
0.000000000000000000e+00
1.000000000000000000e+00
4.770000000000000000e+02
1.040000000000000000e+02
0.000000000000000000e+00
4.200000000000000000e+01
1.000000000000000000e+00
0.000000000000000000e+00
0.000000000000000000e+00
1.000000000000000000e+01
2.000000000000000000e+00
0.000000000000000000e+00
4.000000000000000000e+00
0.000000000000000000e+00
2.500000000000000000e+01
1.670000000000000000e+02
0.000000000000000000e+00
0.000000000000000000e+00
1.000000000000000000e+00
4.000000000000000000e+00
0.000000000000000000e+00
2.470000000000000000e+02
2.000000000000000000e+01
2.700000000000000000e+01
1.100000000000000000e+01
1.900000000000000000e+01
5.000000000000000000e+00
0.000000000000000000e+00
4.900000000000000000e+01
0.000000000000000000e+00
0.000000000000000000e+00
7.100000000000000000e+01
6.800000000000000000e+01
0.000000000000000000e+00
5.100000000000000000e+01
5.000000000000000000e+00
0.000000000000000000e+00
2.100000000000000000e+01
0.000000000000000000e+00
2.000000000000000000e+00
2.000000000000000000e+00
0.000000000000000000e+00
5.000000000000000000e+01
0.000000000000000000e+00
0.000000000000000000e+00
0.000000000000000000e+00
4.000000000000000000e+00
1.000000000000000000e+01
2.180000000000000000e+02
0.000000000000000000e+00
2.610000000000000000e+02
0.000000000000000000e+00
0.000000000000000000e+00
1.020000000000000000e+02
1.000000000000000000e+00
2.340000000000000000e+02
0.000000000000000000e+00
0.000000000000000000e+00
2.200000000000000000e+01
3.700000000000000000e+01
1.090000000000000000e+02
0.000000000000000000e+00
0.000000000000000000e+00
5.000000000000000000e+00
4.000000000000000000e+00
0.000000000000000000e+00
4.400000000000000000e+01
5.000000000000000000e+00
7.410000000000000000e+02
0.000000000000000000e+00
6.000000000000000000e+00
2.110000000000000000e+02
5.000000000000000000e+00
0.000000000000000000e+00
5.000000000000000000e+00
2.150000000000000000e+02
0.000000000000000000e+00
0.000000000000000000e+00
3.000000000000000000e+00
1.690000000000000000e+02
1.000000000000000000e+00
1.280000000000000000e+02
3.100000000000000000e+01
9.000000000000000000e+00
7.000000000000000000e+00
5.000000000000000000e+00
1.000000000000000000e+00
3.100000000000000000e+01
0.000000000000000000e+00
9.000000000000000000e+00
3.000000000000000000e+00
4.000000000000000000e+01
2.000000000000000000e+00
1.000000000000000000e+01
2.000000000000000000e+00
3.000000000000000000e+01
7.000000000000000000e+00
0.000000000000000000e+00
9.000000000000000000e+01
4.600000000000000000e+01
1.000000000000000000e+00
1.600000000000000000e+01
5.000000000000000000e+01
2.200000000000000000e+01
4.000000000000000000e+00
9.000000000000000000e+00
2.900000000000000000e+01
0.000000000000000000e+00
6.900000000000000000e+01
0.000000000000000000e+00
2.730000000000000000e+02
2.000000000000000000e+00
0.000000000000000000e+00
3.000000000000000000e+00
0.000000000000000000e+00
0.000000000000000000e+00
3.300000000000000000e+01
1.800000000000000000e+01
8.700000000000000000e+01
4.000000000000000000e+00
0.000000000000000000e+00
2.000000000000000000e+00
0.000000000000000000e+00
0.000000000000000000e+00
3.000000000000000000e+00
1.000000000000000000e+00
0.000000000000000000e+00
1.900000000000000000e+01
0.000000000000000000e+00
0.000000000000000000e+00
1.330000000000000000e+02
2.000000000000000000e+00
2.200000000000000000e+01
0.000000000000000000e+00
1.020000000000000000e+02
1.000000000000000000e+00
1.000000000000000000e+00
1.000000000000000000e+00
1.320000000000000000e+02
7.600000000000000000e+01
1.800000000000000000e+01
0.000000000000000000e+00
3.000000000000000000e+00
2.000000000000000000e+01
1.100000000000000000e+01
2.000000000000000000e+00
0.000000000000000000e+00
6.000000000000000000e+00
0.000000000000000000e+00
0.000000000000000000e+00
5.500000000000000000e+01
0.000000000000000000e+00
4.000000000000000000e+00
0.000000000000000000e+00
1.000000000000000000e+00
2.655000000000000000e+03
4.200000000000000000e+01
0.000000000000000000e+00
0.000000000000000000e+00
1.800000000000000000e+01
2.300000000000000000e+01
0.000000000000000000e+00
2.000000000000000000e+00
3.000000000000000000e+00
7.800000000000000000e+01
5.300000000000000000e+01
7.000000000000000000e+00
0.000000000000000000e+00
7.000000000000000000e+01
2.000000000000000000e+00
1.600000000000000000e+01
0.000000000000000000e+00
1.900000000000000000e+01
2.000000000000000000e+00
0.000000000000000000e+00
0.000000000000000000e+00
1.700000000000000000e+01
1.000000000000000000e+00
1.000000000000000000e+00
9.100000000000000000e+01
2.000000000000000000e+00
0.000000000000000000e+00
4.000000000000000000e+00
0.000000000000000000e+00
3.900000000000000000e+01
0.000000000000000000e+00
0.000000000000000000e+00
0.000000000000000000e+00
3.000000000000000000e+00
1.000000000000000000e+00
1.320000000000000000e+02
1.400000000000000000e+01
3.800000000000000000e+01
6.000000000000000000e+00
6.400000000000000000e+01
8.000000000000000000e+00
0.000000000000000000e+00
0.000000000000000000e+00
0.000000000000000000e+00
4.400000000000000000e+01
1.470000000000000000e+02
1.000000000000000000e+00
0.000000000000000000e+00
0.000000000000000000e+00
0.000000000000000000e+00
0.000000000000000000e+00
0.000000000000000000e+00
1.100000000000000000e+01
4.500000000000000000e+01
0.000000000000000000e+00
1.138000000000000000e+03
6.000000000000000000e+00
3.000000000000000000e+00
1.150000000000000000e+02
2.000000000000000000e+00
4.500000000000000000e+01
0.000000000000000000e+00
1.000000000000000000e+00
0.000000000000000000e+00
7.000000000000000000e+00
2.000000000000000000e+01
1.000000000000000000e+00
1.240000000000000000e+02
2.000000000000000000e+00
1.200000000000000000e+01
0.000000000000000000e+00
7.700000000000000000e+01
9.000000000000000000e+00
2.800000000000000000e+02
0.000000000000000000e+00
5.000000000000000000e+00
0.000000000000000000e+00
4.000000000000000000e+00
6.000000000000000000e+00
0.000000000000000000e+00
6.000000000000000000e+00
5.800000000000000000e+01
3.200000000000000000e+01
6.800000000000000000e+01
0.000000000000000000e+00
0.000000000000000000e+00
3.900000000000000000e+01
3.000000000000000000e+01
0.000000000000000000e+00
4.000000000000000000e+00
1.900000000000000000e+01
5.200000000000000000e+01
0.000000000000000000e+00
0.000000000000000000e+00
7.700000000000000000e+01
1.000000000000000000e+00
0.000000000000000000e+00
0.000000000000000000e+00
5.000000000000000000e+00
7.400000000000000000e+01
2.000000000000000000e+00
2.800000000000000000e+01
5.600000000000000000e+01
1.000000000000000000e+00
8.000000000000000000e+01
0.000000000000000000e+00
3.000000000000000000e+00
4.000000000000000000e+00
4.000000000000000000e+00
0.000000000000000000e+00
3.000000000000000000e+01
8.000000000000000000e+00
0.000000000000000000e+00
1.000000000000000000e+00
0.000000000000000000e+00
2.000000000000000000e+00
0.000000000000000000e+00
1.000000000000000000e+00
2.000000000000000000e+00
0.000000000000000000e+00
0.000000000000000000e+00
1.080000000000000000e+02
0.000000000000000000e+00
5.700000000000000000e+01
4.780000000000000000e+02
0.000000000000000000e+00
1.400000000000000000e+01
8.080000000000000000e+02
8.000000000000000000e+01
2.000000000000000000e+00
2.800000000000000000e+01
4.900000000000000000e+01
2.000000000000000000e+00
2.000000000000000000e+01
3.000000000000000000e+00
2.000000000000000000e+01
0.000000000000000000e+00
0.000000000000000000e+00
1.200000000000000000e+01
5.000000000000000000e+00
3.000000000000000000e+01
0.000000000000000000e+00
1.000000000000000000e+01
0.000000000000000000e+00
0.000000000000000000e+00
2.200000000000000000e+01
2.000000000000000000e+00
5.900000000000000000e+01
4.000000000000000000e+00
1.000000000000000000e+00
1.000000000000000000e+00
3.000000000000000000e+00
0.000000000000000000e+00
2.000000000000000000e+01
0.000000000000000000e+00
6.000000000000000000e+00
7.700000000000000000e+01
0.000000000000000000e+00
1.700000000000000000e+01
0.000000000000000000e+00
3.100000000000000000e+01
7.000000000000000000e+00
3.000000000000000000e+01
1.300000000000000000e+01
1.000000000000000000e+00
0.000000000000000000e+00
0.000000000000000000e+00
2.000000000000000000e+00
3.000000000000000000e+00
5.500000000000000000e+01
2.000000000000000000e+00
0.000000000000000000e+00
0.000000000000000000e+00
0.000000000000000000e+00
0.000000000000000000e+00
4.000000000000000000e+01
0.000000000000000000e+00
4.000000000000000000e+00
2.000000000000000000e+00
7.000000000000000000e+00
0.000000000000000000e+00
2.000000000000000000e+00
0.000000000000000000e+00
1.000000000000000000e+00
1.800000000000000000e+01
0.000000000000000000e+00
0.000000000000000000e+00
3.000000000000000000e+00
2.000000000000000000e+00
4.800000000000000000e+01
5.000000000000000000e+00
0.000000000000000000e+00
2.400000000000000000e+01
1.310000000000000000e+02
1.000000000000000000e+00
2.900000000000000000e+01
4.000000000000000000e+00
7.400000000000000000e+01
1.400000000000000000e+01
1.600000000000000000e+01
6.000000000000000000e+00
0.000000000000000000e+00
9.000000000000000000e+00
0.000000000000000000e+00
0.000000000000000000e+00
1.000000000000000000e+00
0.000000000000000000e+00
4.000000000000000000e+00
0.000000000000000000e+00
0.000000000000000000e+00
0.000000000000000000e+00
0.000000000000000000e+00
0.000000000000000000e+00
0.000000000000000000e+00
1.000000000000000000e+00
9.400000000000000000e+01
7.000000000000000000e+00
3.000000000000000000e+00
3.450000000000000000e+02
0.000000000000000000e+00
0.000000000000000000e+00
2.700000000000000000e+01
0.000000000000000000e+00
0.000000000000000000e+00
3.200000000000000000e+02
4.500000000000000000e+01
2.700000000000000000e+01
0.000000000000000000e+00
0.000000000000000000e+00
1.000000000000000000e+01
6.000000000000000000e+00
1.800000000000000000e+02
0.000000000000000000e+00
0.000000000000000000e+00
5.500000000000000000e+01
1.500000000000000000e+01
2.400000000000000000e+01
1.300000000000000000e+01
0.000000000000000000e+00
0.000000000000000000e+00
1.000000000000000000e+00
0.000000000000000000e+00
0.000000000000000000e+00
0.000000000000000000e+00
0.000000000000000000e+00
5.400000000000000000e+01
0.000000000000000000e+00
4.000000000000000000e+00
0.000000000000000000e+00
2.000000000000000000e+00
9.170000000000000000e+02
3.000000000000000000e+00
7.100000000000000000e+01
7.000000000000000000e+00
0.000000000000000000e+00
0.000000000000000000e+00
0.000000000000000000e+00
0.000000000000000000e+00
0.000000000000000000e+00
2.500000000000000000e+01
0.000000000000000000e+00
0.000000000000000000e+00
1.000000000000000000e+00
2.700000000000000000e+01
1.970000000000000000e+02
1.000000000000000000e+01
0.000000000000000000e+00
0.000000000000000000e+00
7.000000000000000000e+00
1.700000000000000000e+01
5.000000000000000000e+00
6.100000000000000000e+01
0.000000000000000000e+00
1.000000000000000000e+00
6.000000000000000000e+00
0.000000000000000000e+00
1.000000000000000000e+00
0.000000000000000000e+00
9.000000000000000000e+00
2.000000000000000000e+00
0.000000000000000000e+00
3.200000000000000000e+01
0.000000000000000000e+00
2.300000000000000000e+01
0.000000000000000000e+00
0.000000000000000000e+00
0.000000000000000000e+00
3.000000000000000000e+00
3.600000000000000000e+01
5.000000000000000000e+00
9.000000000000000000e+00
1.430000000000000000e+02
6.000000000000000000e+00
3.570000000000000000e+02
1.430000000000000000e+02
0.000000000000000000e+00
1.000000000000000000e+02
0.000000000000000000e+00
4.000000000000000000e+00
2.000000000000000000e+00
8.400000000000000000e+01
1.000000000000000000e+02
0.000000000000000000e+00
2.200000000000000000e+01
1.350000000000000000e+03
0.000000000000000000e+00
8.000000000000000000e+00
3.800000000000000000e+01
0.000000000000000000e+00
9.400000000000000000e+01
8.000000000000000000e+00
7.000000000000000000e+00
0.000000000000000000e+00
4.000000000000000000e+00
3.600000000000000000e+01
1.378000000000000000e+03
0.000000000000000000e+00
1.000000000000000000e+00
6.000000000000000000e+00
6.000000000000000000e+00
2.000000000000000000e+00
0.000000000000000000e+00
0.000000000000000000e+00
2.000000000000000000e+00
2.000000000000000000e+00
0.000000000000000000e+00
0.000000000000000000e+00
0.000000000000000000e+00
3.000000000000000000e+01
6.800000000000000000e+01
2.000000000000000000e+01
0.000000000000000000e+00
3.000000000000000000e+00
3.000000000000000000e+00
6.000000000000000000e+01
0.000000000000000000e+00
0.000000000000000000e+00
5.800000000000000000e+01
5.400000000000000000e+01
2.000000000000000000e+00
7.000000000000000000e+00
4.000000000000000000e+00
1.400000000000000000e+01
0.000000000000000000e+00
1.400000000000000000e+01
0.000000000000000000e+00
1.600000000000000000e+01
0.000000000000000000e+00
0.000000000000000000e+00
0.000000000000000000e+00
5.000000000000000000e+00
0.000000000000000000e+00
1.000000000000000000e+01
0.000000000000000000e+00
3.600000000000000000e+01
0.000000000000000000e+00
1.000000000000000000e+00
9.000000000000000000e+00
0.000000000000000000e+00
6.300000000000000000e+01
8.200000000000000000e+01
0.000000000000000000e+00
4.000000000000000000e+01
3.000000000000000000e+00
9.100000000000000000e+01
0.000000000000000000e+00
7.000000000000000000e+00
0.000000000000000000e+00
0.000000000000000000e+00
0.000000000000000000e+00
0.000000000000000000e+00
0.000000000000000000e+00
0.000000000000000000e+00
0.000000000000000000e+00
4.600000000000000000e+01
3.000000000000000000e+00
2.000000000000000000e+00
0.000000000000000000e+00
5.000000000000000000e+00
0.000000000000000000e+00
5.300000000000000000e+01
0.000000000000000000e+00
4.160000000000000000e+02
0.000000000000000000e+00
2.000000000000000000e+01
0.000000000000000000e+00
2.300000000000000000e+01
0.000000000000000000e+00
1.000000000000000000e+00
1.400000000000000000e+01
2.100000000000000000e+01
2.000000000000000000e+00
6.300000000000000000e+01
0.000000000000000000e+00
3.000000000000000000e+00
6.900000000000000000e+01
3.000000000000000000e+00
1.200000000000000000e+01
5.000000000000000000e+00
2.000000000000000000e+00
4.000000000000000000e+00
2.100000000000000000e+01
0.000000000000000000e+00
2.600000000000000000e+01
0.000000000000000000e+00
0.000000000000000000e+00
1.570000000000000000e+02
1.100000000000000000e+01
4.000000000000000000e+00
2.600000000000000000e+01
0.000000000000000000e+00
5.080000000000000000e+02
0.000000000000000000e+00
8.500000000000000000e+01
0.000000000000000000e+00
0.000000000000000000e+00
0.000000000000000000e+00
8.000000000000000000e+00
4.200000000000000000e+01
0.000000000000000000e+00
4.100000000000000000e+01
0.000000000000000000e+00
1.200000000000000000e+01
0.000000000000000000e+00
6.000000000000000000e+00
3.000000000000000000e+00
0.000000000000000000e+00
1.290000000000000000e+02
0.000000000000000000e+00
0.000000000000000000e+00
1.100000000000000000e+01
4.600000000000000000e+01
2.800000000000000000e+01
1.200000000000000000e+01
1.000000000000000000e+00
1.020000000000000000e+02
3.000000000000000000e+00
8.800000000000000000e+01
5.100000000000000000e+01
2.500000000000000000e+01
2.000000000000000000e+00
3.000000000000000000e+00
2.100000000000000000e+01
4.280000000000000000e+02
2.000000000000000000e+00
0.000000000000000000e+00
0.000000000000000000e+00
2.000000000000000000e+00
1.000000000000000000e+00
6.000000000000000000e+00
0.000000000000000000e+00
2.000000000000000000e+00
2.000000000000000000e+00
0.000000000000000000e+00
7.000000000000000000e+00
0.000000000000000000e+00
4.000000000000000000e+00
0.000000000000000000e+00
2.000000000000000000e+01
0.000000000000000000e+00
1.500000000000000000e+01
3.000000000000000000e+01
1.260000000000000000e+02
0.000000000000000000e+00
0.000000000000000000e+00
0.000000000000000000e+00
7.000000000000000000e+00
4.600000000000000000e+01
1.900000000000000000e+01
0.000000000000000000e+00
0.000000000000000000e+00
0.000000000000000000e+00
0.000000000000000000e+00
2.900000000000000000e+01
4.400000000000000000e+01
1.080000000000000000e+02
5.000000000000000000e+00
4.000000000000000000e+00
8.000000000000000000e+00
0.000000000000000000e+00
0.000000000000000000e+00
4.000000000000000000e+00
2.000000000000000000e+01
1.000000000000000000e+00
0.000000000000000000e+00
1.400000000000000000e+01
1.670000000000000000e+02
8.000000000000000000e+00
1.400000000000000000e+01
8.800000000000000000e+01
0.000000000000000000e+00
9.000000000000000000e+00
2.000000000000000000e+00
0.000000000000000000e+00
3.100000000000000000e+01
0.000000000000000000e+00
5.700000000000000000e+01
2.400000000000000000e+01
0.000000000000000000e+00
1.800000000000000000e+01
3.000000000000000000e+00
4.000000000000000000e+00
0.000000000000000000e+00
5.000000000000000000e+00
4.000000000000000000e+00
0.000000000000000000e+00
1.000000000000000000e+00
3.100000000000000000e+01
0.000000000000000000e+00
5.000000000000000000e+00
0.000000000000000000e+00
1.200000000000000000e+01
5.200000000000000000e+01
1.100000000000000000e+01
1.000000000000000000e+00
6.000000000000000000e+00
0.000000000000000000e+00
0.000000000000000000e+00
2.540000000000000000e+02
2.000000000000000000e+00
0.000000000000000000e+00
8.000000000000000000e+00
3.000000000000000000e+00
3.300000000000000000e+01
0.000000000000000000e+00
9.000000000000000000e+00
2.300000000000000000e+01
2.000000000000000000e+00
0.000000000000000000e+00
5.000000000000000000e+00
3.000000000000000000e+00
6.000000000000000000e+00
5.000000000000000000e+00
0.000000000000000000e+00
4.500000000000000000e+01
7.000000000000000000e+00
0.000000000000000000e+00
2.000000000000000000e+00
0.000000000000000000e+00
1.700000000000000000e+01
2.710000000000000000e+02
0.000000000000000000e+00
8.000000000000000000e+00
0.000000000000000000e+00
3.000000000000000000e+00
0.000000000000000000e+00
0.000000000000000000e+00
7.200000000000000000e+01
0.000000000000000000e+00
7.000000000000000000e+00
1.000000000000000000e+00
0.000000000000000000e+00
0.000000000000000000e+00
4.510000000000000000e+02
4.000000000000000000e+00
0.000000000000000000e+00
1.400000000000000000e+01
4.700000000000000000e+01
0.000000000000000000e+00
6.600000000000000000e+01
0.000000000000000000e+00
2.000000000000000000e+00
0.000000000000000000e+00
0.000000000000000000e+00
2.000000000000000000e+00
0.000000000000000000e+00
3.000000000000000000e+00
0.000000000000000000e+00
0.000000000000000000e+00
0.000000000000000000e+00
0.000000000000000000e+00
1.400000000000000000e+01
0.000000000000000000e+00
4.000000000000000000e+00
4.000000000000000000e+00
1.000000000000000000e+00
2.300000000000000000e+01
3.000000000000000000e+00
1.000000000000000000e+00
0.000000000000000000e+00
0.000000000000000000e+00
0.000000000000000000e+00
1.000000000000000000e+00
4.500000000000000000e+01
1.710000000000000000e+02
2.000000000000000000e+00
0.000000000000000000e+00
0.000000000000000000e+00
5.000000000000000000e+00
2.000000000000000000e+00
1.000000000000000000e+00
0.000000000000000000e+00
1.030000000000000000e+02
1.594000000000000000e+03
0.000000000000000000e+00
2.000000000000000000e+00
3.300000000000000000e+01
1.600000000000000000e+01
3.300000000000000000e+01
4.000000000000000000e+00
2.100000000000000000e+01
6.300000000000000000e+01
0.000000000000000000e+00
9.000000000000000000e+00
1.670000000000000000e+02
1.400000000000000000e+01
5.000000000000000000e+00
8.000000000000000000e+00
0.000000000000000000e+00
0.000000000000000000e+00
0.000000000000000000e+00
0.000000000000000000e+00
2.000000000000000000e+00
0.000000000000000000e+00
1.200000000000000000e+01
5.730000000000000000e+02
9.000000000000000000e+00
2.100000000000000000e+01
1.600000000000000000e+01
0.000000000000000000e+00
0.000000000000000000e+00
5.440000000000000000e+02
2.340000000000000000e+02
2.000000000000000000e+00
0.000000000000000000e+00
1.200000000000000000e+01
7.360000000000000000e+02
0.000000000000000000e+00
0.000000000000000000e+00
0.000000000000000000e+00
0.000000000000000000e+00
5.000000000000000000e+00
8.800000000000000000e+01
5.200000000000000000e+01
0.000000000000000000e+00
0.000000000000000000e+00
1.390000000000000000e+02
4.000000000000000000e+00
6.200000000000000000e+01
2.000000000000000000e+00
1.000000000000000000e+00
0.000000000000000000e+00
5.000000000000000000e+01
2.600000000000000000e+01
0.000000000000000000e+00
0.000000000000000000e+00
2.000000000000000000e+00
0.000000000000000000e+00
2.005000000000000000e+03
5.000000000000000000e+01
5.000000000000000000e+00
0.000000000000000000e+00
9.000000000000000000e+00
5.900000000000000000e+01
1.000000000000000000e+00
0.000000000000000000e+00
1.000000000000000000e+00
0.000000000000000000e+00
1.000000000000000000e+01
0.000000000000000000e+00
0.000000000000000000e+00
3.000000000000000000e+01
0.000000000000000000e+00
0.000000000000000000e+00
0.000000000000000000e+00
5.500000000000000000e+01
8.000000000000000000e+01
3.400000000000000000e+01
0.000000000000000000e+00
3.580000000000000000e+02
1.200000000000000000e+01
0.000000000000000000e+00
0.000000000000000000e+00
0.000000000000000000e+00
1.000000000000000000e+00
0.000000000000000000e+00
0.000000000000000000e+00
0.000000000000000000e+00
1.500000000000000000e+01
0.000000000000000000e+00
0.000000000000000000e+00
6.200000000000000000e+01
1.900000000000000000e+01
2.000000000000000000e+01
1.000000000000000000e+01
0.000000000000000000e+00
0.000000000000000000e+00
0.000000000000000000e+00
0.000000000000000000e+00
0.000000000000000000e+00
3.400000000000000000e+01
8.500000000000000000e+01
0.000000000000000000e+00
1.100000000000000000e+01
2.000000000000000000e+00
4.000000000000000000e+00
0.000000000000000000e+00
7.400000000000000000e+01
0.000000000000000000e+00
2.100000000000000000e+01
0.000000000000000000e+00
2.240000000000000000e+02
1.400000000000000000e+02
0.000000000000000000e+00
1.000000000000000000e+00
1.820000000000000000e+02
7.900000000000000000e+01
1.500000000000000000e+01
4.000000000000000000e+00
3.000000000000000000e+00
1.000000000000000000e+00
8.000000000000000000e+00
5.700000000000000000e+01
0.000000000000000000e+00
3.000000000000000000e+01
3.370000000000000000e+02
0.000000000000000000e+00
0.000000000000000000e+00
0.000000000000000000e+00
3.200000000000000000e+01
4.000000000000000000e+00
0.000000000000000000e+00
1.980000000000000000e+02
2.878000000000000000e+03
2.000000000000000000e+00
0.000000000000000000e+00
4.000000000000000000e+00
8.000000000000000000e+00
3.300000000000000000e+01
0.000000000000000000e+00
0.000000000000000000e+00
0.000000000000000000e+00
2.000000000000000000e+00
4.000000000000000000e+00
0.000000000000000000e+00
2.000000000000000000e+01
4.500000000000000000e+01
1.900000000000000000e+01
0.000000000000000000e+00
0.000000000000000000e+00
1.000000000000000000e+01
9.200000000000000000e+01
4.300000000000000000e+02
8.000000000000000000e+00
1.000000000000000000e+00
2.000000000000000000e+00
2.200000000000000000e+01
0.000000000000000000e+00
9.700000000000000000e+01
2.570000000000000000e+02
2.000000000000000000e+01
3.590000000000000000e+02
1.000000000000000000e+00
0.000000000000000000e+00
0.000000000000000000e+00
2.000000000000000000e+00
4.000000000000000000e+00
5.600000000000000000e+01
4.000000000000000000e+00
1.030000000000000000e+02
3.500000000000000000e+01
5.000000000000000000e+00
1.700000000000000000e+01
1.000000000000000000e+01
1.400000000000000000e+01
3.000000000000000000e+00
5.000000000000000000e+00
0.000000000000000000e+00
4.000000000000000000e+00
2.600000000000000000e+01
2.200000000000000000e+01
7.000000000000000000e+00
0.000000000000000000e+00
8.000000000000000000e+00
0.000000000000000000e+00
5.000000000000000000e+00
2.400000000000000000e+01
1.100000000000000000e+01
9.960000000000000000e+02
0.000000000000000000e+00
0.000000000000000000e+00
8.000000000000000000e+00
0.000000000000000000e+00
6.670000000000000000e+02
0.000000000000000000e+00
0.000000000000000000e+00
0.000000000000000000e+00
0.000000000000000000e+00
0.000000000000000000e+00
5.200000000000000000e+01
0.000000000000000000e+00
1.990000000000000000e+02
0.000000000000000000e+00
0.000000000000000000e+00
0.000000000000000000e+00
6.600000000000000000e+01
0.000000000000000000e+00
0.000000000000000000e+00
5.000000000000000000e+00
1.800000000000000000e+01
0.000000000000000000e+00
2.800000000000000000e+01
3.000000000000000000e+00
0.000000000000000000e+00
4.600000000000000000e+01
0.000000000000000000e+00
0.000000000000000000e+00
3.000000000000000000e+00
8.000000000000000000e+00
1.000000000000000000e+00
1.000000000000000000e+00
7.200000000000000000e+01
5.600000000000000000e+01
0.000000000000000000e+00
0.000000000000000000e+00
0.000000000000000000e+00
0.000000000000000000e+00
2.100000000000000000e+02
1.000000000000000000e+00
0.000000000000000000e+00
3.630000000000000000e+02
0.000000000000000000e+00
7.310000000000000000e+02
0.000000000000000000e+00
2.800000000000000000e+01
2.000000000000000000e+00
1.000000000000000000e+00
4.100000000000000000e+01
0.000000000000000000e+00
2.400000000000000000e+01
0.000000000000000000e+00
4.540000000000000000e+02
6.000000000000000000e+00
0.000000000000000000e+00
4.000000000000000000e+00
1.400000000000000000e+01
1.000000000000000000e+00
0.000000000000000000e+00
4.960000000000000000e+02
1.000000000000000000e+00
1.700000000000000000e+01
0.000000000000000000e+00
8.000000000000000000e+00
0.000000000000000000e+00
8.000000000000000000e+00
3.660000000000000000e+02
5.000000000000000000e+00
0.000000000000000000e+00
0.000000000000000000e+00
1.300000000000000000e+01
2.360000000000000000e+02
0.000000000000000000e+00
2.700000000000000000e+01
5.000000000000000000e+00
7.000000000000000000e+00
0.000000000000000000e+00
0.000000000000000000e+00
1.200000000000000000e+01
0.000000000000000000e+00
5.400000000000000000e+01
2.000000000000000000e+00
3.810000000000000000e+02
1.170000000000000000e+02
2.000000000000000000e+00
1.000000000000000000e+00
0.000000000000000000e+00
4.000000000000000000e+00
1.530000000000000000e+02
0.000000000000000000e+00
7.000000000000000000e+00
6.000000000000000000e+00
0.000000000000000000e+00
7.030000000000000000e+02
1.100000000000000000e+01
7.900000000000000000e+01
1.100000000000000000e+01
1.000000000000000000e+00
2.000000000000000000e+00
0.000000000000000000e+00
1.530000000000000000e+02
9.000000000000000000e+00
6.000000000000000000e+00
6.800000000000000000e+01
2.150000000000000000e+02
8.000000000000000000e+00
1.000000000000000000e+00
1.500000000000000000e+01
1.330000000000000000e+02
1.000000000000000000e+01
1.000000000000000000e+00
0.000000000000000000e+00
3.000000000000000000e+00
0.000000000000000000e+00
8.000000000000000000e+00
0.000000000000000000e+00
2.000000000000000000e+00
6.290000000000000000e+02
0.000000000000000000e+00
0.000000000000000000e+00
0.000000000000000000e+00
0.000000000000000000e+00
1.000000000000000000e+00
1.100000000000000000e+01
0.000000000000000000e+00
0.000000000000000000e+00
7.000000000000000000e+00
1.000000000000000000e+00
4.000000000000000000e+00
3.000000000000000000e+00
2.000000000000000000e+00
6.900000000000000000e+01
0.000000000000000000e+00
2.000000000000000000e+00
1.000000000000000000e+00
0.000000000000000000e+00
0.000000000000000000e+00
2.000000000000000000e+00
0.000000000000000000e+00
7.900000000000000000e+01
2.000000000000000000e+00
0.000000000000000000e+00
7.420000000000000000e+02
1.040000000000000000e+02
0.000000000000000000e+00
0.000000000000000000e+00
2.000000000000000000e+00
2.000000000000000000e+00
0.000000000000000000e+00
2.000000000000000000e+00
0.000000000000000000e+00
6.100000000000000000e+01
0.000000000000000000e+00
0.000000000000000000e+00
0.000000000000000000e+00
0.000000000000000000e+00
0.000000000000000000e+00
1.600000000000000000e+01
1.100000000000000000e+01
3.850000000000000000e+02
1.200000000000000000e+01
0.000000000000000000e+00
7.700000000000000000e+01
0.000000000000000000e+00
0.000000000000000000e+00
0.000000000000000000e+00
4.000000000000000000e+00
6.400000000000000000e+01
2.000000000000000000e+00
0.000000000000000000e+00
1.062000000000000000e+03
1.000000000000000000e+01
1.040000000000000000e+02
0.000000000000000000e+00
2.270000000000000000e+02
1.440000000000000000e+02
0.000000000000000000e+00
4.970000000000000000e+02
1.000000000000000000e+00
3.530000000000000000e+02
1.700000000000000000e+01
0.000000000000000000e+00
4.000000000000000000e+00
0.000000000000000000e+00
2.000000000000000000e+00
9.000000000000000000e+01
2.000000000000000000e+00
0.000000000000000000e+00
1.400000000000000000e+01
4.400000000000000000e+01
0.000000000000000000e+00
3.000000000000000000e+01
1.000000000000000000e+00
4.000000000000000000e+00
4.000000000000000000e+01
2.000000000000000000e+00
0.000000000000000000e+00
8.900000000000000000e+01
0.000000000000000000e+00
8.000000000000000000e+00
1.000000000000000000e+00
4.800000000000000000e+01
0.000000000000000000e+00
0.000000000000000000e+00
0.000000000000000000e+00
2.200000000000000000e+01
1.000000000000000000e+00
0.000000000000000000e+00
0.000000000000000000e+00
0.000000000000000000e+00
0.000000000000000000e+00
3.200000000000000000e+01
5.000000000000000000e+00
2.900000000000000000e+01
0.000000000000000000e+00
2.700000000000000000e+01
4.000000000000000000e+01
5.000000000000000000e+00
1.960000000000000000e+02
7.000000000000000000e+00
6.600000000000000000e+01
0.000000000000000000e+00
1.400000000000000000e+01
5.200000000000000000e+01
6.000000000000000000e+00
0.000000000000000000e+00
1.000000000000000000e+00
2.000000000000000000e+00
0.000000000000000000e+00
1.000000000000000000e+00
0.000000000000000000e+00
0.000000000000000000e+00
0.000000000000000000e+00
2.300000000000000000e+01
9.000000000000000000e+00
0.000000000000000000e+00
2.000000000000000000e+00
3.000000000000000000e+00
0.000000000000000000e+00
6.560000000000000000e+02
3.000000000000000000e+00
0.000000000000000000e+00
3.300000000000000000e+01
7.500000000000000000e+01
0.000000000000000000e+00
1.600000000000000000e+01
5.000000000000000000e+00
3.000000000000000000e+00
3.100000000000000000e+01
3.000000000000000000e+00
8.000000000000000000e+00
8.400000000000000000e+01
0.000000000000000000e+00
0.000000000000000000e+00
5.000000000000000000e+00
0.000000000000000000e+00
1.104000000000000000e+03
7.800000000000000000e+01
1.300000000000000000e+01
2.000000000000000000e+00
2.000000000000000000e+00
1.330000000000000000e+02
0.000000000000000000e+00
0.000000000000000000e+00
1.400000000000000000e+01
9.000000000000000000e+00
0.000000000000000000e+00
1.940000000000000000e+02
1.460000000000000000e+02
1.030000000000000000e+02
0.000000000000000000e+00
0.000000000000000000e+00
1.000000000000000000e+00
0.000000000000000000e+00
1.050000000000000000e+02
2.310000000000000000e+02
1.000000000000000000e+00
1.900000000000000000e+01
5.350000000000000000e+02
4.000000000000000000e+00
7.700000000000000000e+01
2.000000000000000000e+00
4.000000000000000000e+00
2.000000000000000000e+00
1.000000000000000000e+00
1.397000000000000000e+03
1.000000000000000000e+00
0.000000000000000000e+00
2.000000000000000000e+00
1.400000000000000000e+02
4.000000000000000000e+00
0.000000000000000000e+00
3.000000000000000000e+00
6.300000000000000000e+01
3.100000000000000000e+01
1.400000000000000000e+01
0.000000000000000000e+00
2.360000000000000000e+02
3.660000000000000000e+02
0.000000000000000000e+00
5.500000000000000000e+01
4.430000000000000000e+02
2.300000000000000000e+01
0.000000000000000000e+00
6.000000000000000000e+00
2.000000000000000000e+00
0.000000000000000000e+00
4.000000000000000000e+00
2.000000000000000000e+00
0.000000000000000000e+00
1.400000000000000000e+01
2.200000000000000000e+01
2.000000000000000000e+00
0.000000000000000000e+00
0.000000000000000000e+00
3.100000000000000000e+01
1.300000000000000000e+01
0.000000000000000000e+00
1.303000000000000000e+03
1.000000000000000000e+00
2.000000000000000000e+00
1.070000000000000000e+02
7.000000000000000000e+00
1.300000000000000000e+01
0.000000000000000000e+00
2.000000000000000000e+01
5.300000000000000000e+01
0.000000000000000000e+00
0.000000000000000000e+00
3.000000000000000000e+00
5.300000000000000000e+01
2.000000000000000000e+00
2.900000000000000000e+01
4.200000000000000000e+01
2.800000000000000000e+01
1.000000000000000000e+00
5.800000000000000000e+01
1.000000000000000000e+00
1.160000000000000000e+02
6.900000000000000000e+01
1.000000000000000000e+00
0.000000000000000000e+00
1.500000000000000000e+01
1.395000000000000000e+03
0.000000000000000000e+00
0.000000000000000000e+00
3.300000000000000000e+01
1.200000000000000000e+01
0.000000000000000000e+00
2.100000000000000000e+01
0.000000000000000000e+00
0.000000000000000000e+00
0.000000000000000000e+00
6.000000000000000000e+01
3.000000000000000000e+00
7.620000000000000000e+02
4.000000000000000000e+00
1.200000000000000000e+01
2.800000000000000000e+01
4.000000000000000000e+00
3.000000000000000000e+00
1.000000000000000000e+00
2.210000000000000000e+02
2.310000000000000000e+02
1.477000000000000000e+03
0.000000000000000000e+00
0.000000000000000000e+00
0.000000000000000000e+00
1.000000000000000000e+00
0.000000000000000000e+00
0.000000000000000000e+00
3.000000000000000000e+00
3.100000000000000000e+01
4.900000000000000000e+01
3.000000000000000000e+01
0.000000000000000000e+00
2.000000000000000000e+00
8.000000000000000000e+00
2.000000000000000000e+00
5.900000000000000000e+01
0.000000000000000000e+00
2.700000000000000000e+01
9.060000000000000000e+02
5.000000000000000000e+00
1.190000000000000000e+02
5.800000000000000000e+01
2.000000000000000000e+00
1.000000000000000000e+01
3.640000000000000000e+02
0.000000000000000000e+00
9.600000000000000000e+01
0.000000000000000000e+00
0.000000000000000000e+00
0.000000000000000000e+00
0.000000000000000000e+00
0.000000000000000000e+00
6.960000000000000000e+02
1.000000000000000000e+00
0.000000000000000000e+00
5.300000000000000000e+01
4.000000000000000000e+00
7.800000000000000000e+01
0.000000000000000000e+00
1.300000000000000000e+01
0.000000000000000000e+00
3.000000000000000000e+00
0.000000000000000000e+00
0.000000000000000000e+00
0.000000000000000000e+00
2.190000000000000000e+02
0.000000000000000000e+00
4.040000000000000000e+02
7.000000000000000000e+00
0.000000000000000000e+00
0.000000000000000000e+00
2.400000000000000000e+01
2.300000000000000000e+01
9.000000000000000000e+00
1.900000000000000000e+01
6.000000000000000000e+00
6.160000000000000000e+02
3.500000000000000000e+01
2.000000000000000000e+00
4.300000000000000000e+01
1.200000000000000000e+01
6.000000000000000000e+00
8.510000000000000000e+02
3.980000000000000000e+02
0.000000000000000000e+00
1.600000000000000000e+01
1.000000000000000000e+01
0.000000000000000000e+00
2.000000000000000000e+00
2.000000000000000000e+00
0.000000000000000000e+00
1.000000000000000000e+00
0.000000000000000000e+00
0.000000000000000000e+00
0.000000000000000000e+00
0.000000000000000000e+00
2.000000000000000000e+00
3.000000000000000000e+00
0.000000000000000000e+00
5.800000000000000000e+01
6.700000000000000000e+01
1.500000000000000000e+02
5.750000000000000000e+02
0.000000000000000000e+00
0.000000000000000000e+00
1.000000000000000000e+00
0.000000000000000000e+00
2.000000000000000000e+00
6.000000000000000000e+00
1.000000000000000000e+00
0.000000000000000000e+00
0.000000000000000000e+00
0.000000000000000000e+00
2.500000000000000000e+01
0.000000000000000000e+00
0.000000000000000000e+00
5.040000000000000000e+02
0.000000000000000000e+00
4.000000000000000000e+00
0.000000000000000000e+00
4.000000000000000000e+00
6.000000000000000000e+00
7.260000000000000000e+02
4.000000000000000000e+00
1.000000000000000000e+00
4.000000000000000000e+00
0.000000000000000000e+00
0.000000000000000000e+00
0.000000000000000000e+00
5.100000000000000000e+01
4.700000000000000000e+01
2.300000000000000000e+01
0.000000000000000000e+00
3.000000000000000000e+00
1.000000000000000000e+01
4.000000000000000000e+01
5.000000000000000000e+00
2.000000000000000000e+00
0.000000000000000000e+00
0.000000000000000000e+00
0.000000000000000000e+00
2.360000000000000000e+02
3.000000000000000000e+00
1.400000000000000000e+01
1.770000000000000000e+03
4.050000000000000000e+02
4.300000000000000000e+01
1.400000000000000000e+01
2.000000000000000000e+00
8.000000000000000000e+00
3.000000000000000000e+01
4.000000000000000000e+00
1.800000000000000000e+01
4.300000000000000000e+01
0.000000000000000000e+00
0.000000000000000000e+00
7.000000000000000000e+00
7.400000000000000000e+01
0.000000000000000000e+00
0.000000000000000000e+00
4.900000000000000000e+01
1.465000000000000000e+03
9.000000000000000000e+00
1.000000000000000000e+00
0.000000000000000000e+00
5.000000000000000000e+00
6.200000000000000000e+01
1.100000000000000000e+01
9.000000000000000000e+00
3.100000000000000000e+02
2.000000000000000000e+00
0.000000000000000000e+00
0.000000000000000000e+00
3.000000000000000000e+00
0.000000000000000000e+00
2.000000000000000000e+00
0.000000000000000000e+00
0.000000000000000000e+00
1.260000000000000000e+02
0.000000000000000000e+00
7.000000000000000000e+00
7.900000000000000000e+01
4.000000000000000000e+00
3.740000000000000000e+02
4.400000000000000000e+01
1.260000000000000000e+02
0.000000000000000000e+00
0.000000000000000000e+00
0.000000000000000000e+00
1.000000000000000000e+00
1.180000000000000000e+02
0.000000000000000000e+00
2.350000000000000000e+02
6.140000000000000000e+02
1.000000000000000000e+00
0.000000000000000000e+00
1.921000000000000000e+03
7.000000000000000000e+00
2.960000000000000000e+02
3.600000000000000000e+01
1.000000000000000000e+00
1.800000000000000000e+01
2.100000000000000000e+01
0.000000000000000000e+00
3.800000000000000000e+01
0.000000000000000000e+00
1.000000000000000000e+01
0.000000000000000000e+00
2.000000000000000000e+00
4.600000000000000000e+01
2.000000000000000000e+00
0.000000000000000000e+00
3.900000000000000000e+01
0.000000000000000000e+00
3.000000000000000000e+00
2.200000000000000000e+01
0.000000000000000000e+00
1.000000000000000000e+00
0.000000000000000000e+00
6.000000000000000000e+00
0.000000000000000000e+00
2.670000000000000000e+02
4.630000000000000000e+02
3.000000000000000000e+00
0.000000000000000000e+00
1.400000000000000000e+01
3.000000000000000000e+01
0.000000000000000000e+00
1.900000000000000000e+01
2.000000000000000000e+00
0.000000000000000000e+00
6.000000000000000000e+00
2.500000000000000000e+01
4.000000000000000000e+01
8.000000000000000000e+00
0.000000000000000000e+00
8.200000000000000000e+01
8.050000000000000000e+02
3.300000000000000000e+01
1.580000000000000000e+02
0.000000000000000000e+00
4.600000000000000000e+01
0.000000000000000000e+00
2.500000000000000000e+01
7.000000000000000000e+00
7.000000000000000000e+00
1.000000000000000000e+00
5.000000000000000000e+00
6.000000000000000000e+00
0.000000000000000000e+00
1.660000000000000000e+02
5.000000000000000000e+00
0.000000000000000000e+00
0.000000000000000000e+00
2.120000000000000000e+02
0.000000000000000000e+00
8.500000000000000000e+01
7.000000000000000000e+00
9.000000000000000000e+00
2.100000000000000000e+02
3.614000000000000000e+03
7.000000000000000000e+00
0.000000000000000000e+00
1.290000000000000000e+02
1.190000000000000000e+02
5.000000000000000000e+00
7.000000000000000000e+00
1.532000000000000000e+03
0.000000000000000000e+00
1.000000000000000000e+00
8.000000000000000000e+00
7.000000000000000000e+00
0.000000000000000000e+00
9.600000000000000000e+01
3.070000000000000000e+02
2.000000000000000000e+00
0.000000000000000000e+00
4.000000000000000000e+00
0.000000000000000000e+00
6.500000000000000000e+01
9.800000000000000000e+01
1.000000000000000000e+00
0.000000000000000000e+00
9.000000000000000000e+00
2.000000000000000000e+00
1.212000000000000000e+03
0.000000000000000000e+00
0.000000000000000000e+00
0.000000000000000000e+00
9.000000000000000000e+00
2.000000000000000000e+00
1.000000000000000000e+00
5.000000000000000000e+00
2.200000000000000000e+01
1.000000000000000000e+00
3.000000000000000000e+00
0.000000000000000000e+00
0.000000000000000000e+00
1.020000000000000000e+02
0.000000000000000000e+00
0.000000000000000000e+00
1.000000000000000000e+01
1.000000000000000000e+00
2.000000000000000000e+00
0.000000000000000000e+00
7.000000000000000000e+00
0.000000000000000000e+00
0.000000000000000000e+00
9.000000000000000000e+00
0.000000000000000000e+00
4.000000000000000000e+00
4.400000000000000000e+01
9.000000000000000000e+00
8.000000000000000000e+00
1.500000000000000000e+01
1.400000000000000000e+01
1.400000000000000000e+01
2.000000000000000000e+00
1.400000000000000000e+01
0.000000000000000000e+00
0.000000000000000000e+00
0.000000000000000000e+00
5.820000000000000000e+02
3.550000000000000000e+02
1.000000000000000000e+00
9.000000000000000000e+00
1.900000000000000000e+01
1.000000000000000000e+00
0.000000000000000000e+00
0.000000000000000000e+00
0.000000000000000000e+00
2.000000000000000000e+00
0.000000000000000000e+00
3.320000000000000000e+02
3.130000000000000000e+02
0.000000000000000000e+00
1.050000000000000000e+02
0.000000000000000000e+00
6.000000000000000000e+00
3.500000000000000000e+01
0.000000000000000000e+00
0.000000000000000000e+00
5.000000000000000000e+00
3.000000000000000000e+01
1.700000000000000000e+01
0.000000000000000000e+00
0.000000000000000000e+00
9.000000000000000000e+00
2.070000000000000000e+02
6.000000000000000000e+00
0.000000000000000000e+00
2.316000000000000000e+03
7.000000000000000000e+00
0.000000000000000000e+00
0.000000000000000000e+00
2.190000000000000000e+02
1.000000000000000000e+00
3.000000000000000000e+00
0.000000000000000000e+00
9.000000000000000000e+00
2.000000000000000000e+00
0.000000000000000000e+00
0.000000000000000000e+00
6.000000000000000000e+00
0.000000000000000000e+00
2.210000000000000000e+02
5.900000000000000000e+01
3.300000000000000000e+01
0.000000000000000000e+00
3.300000000000000000e+01
3.100000000000000000e+01
1.570000000000000000e+02
0.000000000000000000e+00
1.500000000000000000e+01
0.000000000000000000e+00
2.000000000000000000e+00
0.000000000000000000e+00
1.000000000000000000e+01
1.700000000000000000e+01
7.000000000000000000e+00
0.000000000000000000e+00
4.000000000000000000e+00
4.180000000000000000e+02
3.000000000000000000e+00
2.890000000000000000e+02
9.600000000000000000e+01
0.000000000000000000e+00
1.700000000000000000e+01
1.970000000000000000e+02
1.100000000000000000e+01
0.000000000000000000e+00
1.000000000000000000e+00
1.400000000000000000e+01
2.000000000000000000e+00
0.000000000000000000e+00
0.000000000000000000e+00
9.000000000000000000e+00
5.000000000000000000e+01
8.000000000000000000e+00
2.390000000000000000e+02
0.000000000000000000e+00
0.000000000000000000e+00
0.000000000000000000e+00
0.000000000000000000e+00
9.000000000000000000e+00
1.300000000000000000e+01
6.000000000000000000e+00
1.700000000000000000e+01
1.900000000000000000e+01
0.000000000000000000e+00
1.000000000000000000e+00
6.340000000000000000e+02
0.000000000000000000e+00
0.000000000000000000e+00
0.000000000000000000e+00
5.000000000000000000e+00
3.000000000000000000e+00
7.900000000000000000e+01
0.000000000000000000e+00
0.000000000000000000e+00
1.200000000000000000e+01
0.000000000000000000e+00
0.000000000000000000e+00
2.000000000000000000e+00
5.000000000000000000e+00
2.600000000000000000e+01
3.000000000000000000e+00
2.900000000000000000e+01
3.000000000000000000e+01
8.300000000000000000e+01
0.000000000000000000e+00
5.000000000000000000e+00
1.000000000000000000e+00
0.000000000000000000e+00
3.000000000000000000e+00
1.600000000000000000e+01
1.300000000000000000e+01
5.000000000000000000e+01
4.000000000000000000e+00
2.000000000000000000e+00
0.000000000000000000e+00
1.000000000000000000e+00
0.000000000000000000e+00
0.000000000000000000e+00
0.000000000000000000e+00
1.000000000000000000e+01
0.000000000000000000e+00
0.000000000000000000e+00
0.000000000000000000e+00
8.000000000000000000e+00
8.000000000000000000e+00
2.000000000000000000e+00
4.400000000000000000e+01
1.400000000000000000e+01
0.000000000000000000e+00
0.000000000000000000e+00
4.000000000000000000e+00
6.000000000000000000e+00
1.460000000000000000e+02
8.000000000000000000e+00
0.000000000000000000e+00
0.000000000000000000e+00
1.000000000000000000e+01
3.000000000000000000e+01
4.000000000000000000e+00
1.095000000000000000e+03
3.260000000000000000e+02
0.000000000000000000e+00
0.000000000000000000e+00
0.000000000000000000e+00
3.700000000000000000e+01
0.000000000000000000e+00
9.000000000000000000e+00
3.000000000000000000e+00
3.170000000000000000e+02
2.000000000000000000e+00
0.000000000000000000e+00
1.000000000000000000e+01
3.200000000000000000e+01
0.000000000000000000e+00
3.900000000000000000e+01
4.100000000000000000e+01
0.000000000000000000e+00
0.000000000000000000e+00
4.640000000000000000e+02
0.000000000000000000e+00
1.074000000000000000e+03
1.910000000000000000e+02
0.000000000000000000e+00
5.000000000000000000e+00
2.300000000000000000e+02
0.000000000000000000e+00
2.000000000000000000e+00
0.000000000000000000e+00
1.920000000000000000e+02
1.000000000000000000e+01
1.000000000000000000e+00
2.740000000000000000e+02
1.000000000000000000e+00
0.000000000000000000e+00
0.000000000000000000e+00
2.000000000000000000e+00
7.000000000000000000e+00
0.000000000000000000e+00
1.600000000000000000e+01
1.300000000000000000e+01
2.100000000000000000e+01
0.000000000000000000e+00
2.800000000000000000e+01
2.675000000000000000e+03
0.000000000000000000e+00
0.000000000000000000e+00
6.000000000000000000e+01
2.000000000000000000e+02
1.800000000000000000e+01
2.000000000000000000e+00
2.010000000000000000e+02
2.940000000000000000e+02
1.100000000000000000e+01
2.000000000000000000e+00
7.000000000000000000e+00
1.000000000000000000e+02
0.000000000000000000e+00
3.600000000000000000e+01
0.000000000000000000e+00
3.824000000000000000e+03
1.400000000000000000e+01
2.000000000000000000e+00
6.000000000000000000e+01
0.000000000000000000e+00
0.000000000000000000e+00
0.000000000000000000e+00
0.000000000000000000e+00
0.000000000000000000e+00
1.240000000000000000e+02
2.000000000000000000e+00
1.100000000000000000e+01
4.000000000000000000e+00
2.000000000000000000e+00
2.300000000000000000e+01
2.400000000000000000e+02
7.000000000000000000e+00
1.000000000000000000e+00
3.000000000000000000e+01
5.000000000000000000e+00
1.600000000000000000e+01
6.000000000000000000e+00
2.000000000000000000e+00
3.752000000000000000e+03
3.860000000000000000e+02
5.800000000000000000e+01
4.000000000000000000e+00
1.664000000000000000e+03
8.000000000000000000e+00
1.087000000000000000e+03
1.220000000000000000e+02
0.000000000000000000e+00
0.000000000000000000e+00
3.000000000000000000e+00
2.000000000000000000e+00
5.000000000000000000e+00
4.000000000000000000e+00
6.000000000000000000e+00
0.000000000000000000e+00
0.000000000000000000e+00
1.000000000000000000e+00
1.000000000000000000e+00
2.600000000000000000e+01
3.000000000000000000e+00
0.000000000000000000e+00
0.000000000000000000e+00
3.000000000000000000e+00
1.290000000000000000e+02
1.700000000000000000e+02
1.200000000000000000e+01
1.500000000000000000e+01
9.200000000000000000e+01
2.000000000000000000e+01
8.000000000000000000e+00
5.000000000000000000e+00
0.000000000000000000e+00
4.000000000000000000e+00
3.000000000000000000e+00
3.000000000000000000e+00
2.300000000000000000e+01
3.700000000000000000e+01
1.000000000000000000e+01
3.000000000000000000e+00
7.559000000000000000e+03
0.000000000000000000e+00
0.000000000000000000e+00
1.300000000000000000e+01
0.000000000000000000e+00
0.000000000000000000e+00
2.000000000000000000e+00
0.000000000000000000e+00
1.600000000000000000e+01
1.100000000000000000e+01
2.000000000000000000e+00
6.400000000000000000e+01
1.997000000000000000e+03
3.100000000000000000e+01
0.000000000000000000e+00
5.400000000000000000e+01
0.000000000000000000e+00
3.500000000000000000e+02
0.000000000000000000e+00
5.000000000000000000e+00
7.000000000000000000e+00
8.000000000000000000e+00
3.000000000000000000e+01
0.000000000000000000e+00
1.500000000000000000e+01
1.000000000000000000e+00
4.000000000000000000e+00
0.000000000000000000e+00
1.000000000000000000e+00
4.320000000000000000e+02
1.100000000000000000e+01
7.000000000000000000e+00
1.500000000000000000e+01
0.000000000000000000e+00
6.000000000000000000e+00
0.000000000000000000e+00
0.000000000000000000e+00
1.200000000000000000e+01
0.000000000000000000e+00
0.000000000000000000e+00
1.000000000000000000e+00
0.000000000000000000e+00
6.000000000000000000e+00
2.400000000000000000e+01
4.700000000000000000e+01
1.000000000000000000e+00
0.000000000000000000e+00
2.000000000000000000e+00
0.000000000000000000e+00
2.400000000000000000e+01
2.000000000000000000e+00
6.130000000000000000e+02
2.800000000000000000e+01
4.700000000000000000e+01
3.400000000000000000e+01
0.000000000000000000e+00
0.000000000000000000e+00
0.000000000000000000e+00
4.800000000000000000e+01
4.000000000000000000e+00
0.000000000000000000e+00
0.000000000000000000e+00
0.000000000000000000e+00
9.500000000000000000e+01
0.000000000000000000e+00
2.000000000000000000e+00
1.600000000000000000e+01
2.430000000000000000e+02
2.790000000000000000e+02
0.000000000000000000e+00
0.000000000000000000e+00
4.900000000000000000e+01
0.000000000000000000e+00
3.300000000000000000e+01
4.301000000000000000e+03
2.700000000000000000e+01
0.000000000000000000e+00
0.000000000000000000e+00
1.370000000000000000e+03
0.000000000000000000e+00
0.000000000000000000e+00
1.285000000000000000e+03
1.000000000000000000e+00
8.930000000000000000e+02
9.000000000000000000e+00
2.000000000000000000e+00
1.000000000000000000e+00
1.000000000000000000e+00
1.000000000000000000e+00
0.000000000000000000e+00
7.570000000000000000e+02
1.070000000000000000e+02
1.300000000000000000e+01
4.800000000000000000e+01
0.000000000000000000e+00
4.000000000000000000e+00
0.000000000000000000e+00
8.200000000000000000e+01
0.000000000000000000e+00
1.221000000000000000e+03
1.478000000000000000e+03
1.000000000000000000e+00
1.910000000000000000e+02
1.700000000000000000e+01
2.300000000000000000e+01
0.000000000000000000e+00
1.140000000000000000e+02
0.000000000000000000e+00
1.080000000000000000e+02
0.000000000000000000e+00
1.000000000000000000e+00
2.000000000000000000e+00
1.000000000000000000e+00
6.300000000000000000e+01
0.000000000000000000e+00
1.375000000000000000e+03
0.000000000000000000e+00
0.000000000000000000e+00
1.850000000000000000e+02
1.000000000000000000e+01
0.000000000000000000e+00
1.100000000000000000e+02
4.000000000000000000e+00
0.000000000000000000e+00
1.284000000000000000e+03
3.900000000000000000e+01
0.000000000000000000e+00
0.000000000000000000e+00
1.560000000000000000e+02
0.000000000000000000e+00
2.000000000000000000e+00
1.990000000000000000e+02
4.900000000000000000e+01
0.000000000000000000e+00
5.000000000000000000e+01
0.000000000000000000e+00
0.000000000000000000e+00
0.000000000000000000e+00
9.900000000000000000e+01
7.000000000000000000e+00
1.875000000000000000e+03
2.000000000000000000e+00
3.850000000000000000e+02
3.530000000000000000e+02
8.800000000000000000e+01
1.142000000000000000e+03
4.000000000000000000e+00
2.120000000000000000e+02
0.000000000000000000e+00
0.000000000000000000e+00
0.000000000000000000e+00
0.000000000000000000e+00
6.200000000000000000e+01
2.000000000000000000e+00
0.000000000000000000e+00
0.000000000000000000e+00
5.000000000000000000e+00
1.100000000000000000e+01
2.100000000000000000e+01
1.200000000000000000e+01
1.310000000000000000e+02
1.200000000000000000e+01
0.000000000000000000e+00
2.620000000000000000e+02
1.100000000000000000e+01
1.010000000000000000e+02
7.000000000000000000e+00
0.000000000000000000e+00
1.500000000000000000e+01
0.000000000000000000e+00
0.000000000000000000e+00
6.000000000000000000e+00
1.000000000000000000e+01
1.300000000000000000e+01
4.306000000000000000e+03
2.000000000000000000e+00
3.000000000000000000e+00
2.840000000000000000e+02
6.000000000000000000e+00
1.500000000000000000e+01
0.000000000000000000e+00
7.400000000000000000e+01
2.000000000000000000e+01
2.000000000000000000e+00
1.000000000000000000e+00
4.000000000000000000e+00
8.000000000000000000e+00
2.000000000000000000e+00
4.300000000000000000e+01
4.000000000000000000e+00
7.900000000000000000e+01
4.250000000000000000e+02
0.000000000000000000e+00
1.000000000000000000e+01
6.030000000000000000e+02
0.000000000000000000e+00
2.500000000000000000e+01
0.000000000000000000e+00
1.000000000000000000e+01
3.000000000000000000e+00
1.000000000000000000e+01
8.400000000000000000e+01
0.000000000000000000e+00
0.000000000000000000e+00
7.960000000000000000e+02
0.000000000000000000e+00
2.910000000000000000e+02
4.000000000000000000e+00
0.000000000000000000e+00
3.100000000000000000e+01
0.000000000000000000e+00
3.000000000000000000e+00
0.000000000000000000e+00
1.908000000000000000e+03
0.000000000000000000e+00
1.050000000000000000e+02
1.600000000000000000e+01
0.000000000000000000e+00
3.440000000000000000e+02
4.017000000000000000e+03
3.200000000000000000e+01
0.000000000000000000e+00
1.800000000000000000e+01
5.000000000000000000e+00
1.410000000000000000e+02
7.400000000000000000e+01
3.800000000000000000e+01
2.000000000000000000e+00
5.190000000000000000e+02
1.860000000000000000e+02
8.390000000000000000e+02
6.000000000000000000e+00
4.500000000000000000e+01
0.000000000000000000e+00
0.000000000000000000e+00
0.000000000000000000e+00
0.000000000000000000e+00
4.000000000000000000e+00
4.600000000000000000e+01
7.000000000000000000e+00
5.000000000000000000e+00
0.000000000000000000e+00
1.360000000000000000e+02
2.000000000000000000e+00
0.000000000000000000e+00
0.000000000000000000e+00
0.000000000000000000e+00
7.000000000000000000e+00
0.000000000000000000e+00
2.200000000000000000e+01
2.500000000000000000e+01
4.000000000000000000e+00
0.000000000000000000e+00
2.000000000000000000e+00
2.960000000000000000e+02
0.000000000000000000e+00
0.000000000000000000e+00
7.000000000000000000e+00
4.000000000000000000e+00
0.000000000000000000e+00
1.000000000000000000e+00
0.000000000000000000e+00
1.386000000000000000e+03
1.800000000000000000e+01
2.000000000000000000e+01
4.000000000000000000e+01
4.000000000000000000e+00
2.000000000000000000e+01
0.000000000000000000e+00
2.000000000000000000e+00
5.900000000000000000e+01
0.000000000000000000e+00
9.500000000000000000e+01
0.000000000000000000e+00
6.000000000000000000e+00
0.000000000000000000e+00
3.600000000000000000e+01
1.000000000000000000e+00
1.672000000000000000e+03
2.800000000000000000e+01
8.609000000000000000e+03
2.600000000000000000e+01
3.000000000000000000e+00
2.000000000000000000e+00
2.000000000000000000e+00
1.230000000000000000e+02
1.780000000000000000e+02
2.210000000000000000e+02
4.700000000000000000e+01
2.000000000000000000e+00
0.000000000000000000e+00
2.000000000000000000e+00
3.000000000000000000e+00
3.000000000000000000e+00
2.000000000000000000e+00
0.000000000000000000e+00
5.000000000000000000e+00
1.000000000000000000e+00
2.000000000000000000e+00
0.000000000000000000e+00
1.668000000000000000e+03
0.000000000000000000e+00
2.210000000000000000e+02
4.000000000000000000e+00
2.700000000000000000e+01
0.000000000000000000e+00
0.000000000000000000e+00
0.000000000000000000e+00
7.810000000000000000e+02
0.000000000000000000e+00
1.358700000000000000e+04
7.000000000000000000e+00
1.500000000000000000e+01
0.000000000000000000e+00
3.000000000000000000e+00
2.500000000000000000e+01
1.000000000000000000e+01
0.000000000000000000e+00
0.000000000000000000e+00
1.030000000000000000e+02
1.700000000000000000e+01
0.000000000000000000e+00
1.200000000000000000e+01
4.000000000000000000e+00
0.000000000000000000e+00
6.130000000000000000e+02
3.000000000000000000e+00
4.200000000000000000e+01
6.300000000000000000e+01
0.000000000000000000e+00
6.000000000000000000e+00
0.000000000000000000e+00
5.800000000000000000e+01
3.000000000000000000e+00
0.000000000000000000e+00
6.000000000000000000e+00
0.000000000000000000e+00
2.000000000000000000e+00
6.100000000000000000e+01
2.200000000000000000e+01
0.000000000000000000e+00
1.000000000000000000e+00
2.000000000000000000e+00
1.000000000000000000e+00
1.720000000000000000e+02
2.500000000000000000e+02
1.000000000000000000e+00
0.000000000000000000e+00
0.000000000000000000e+00
3.570000000000000000e+02
1.010000000000000000e+02
5.000000000000000000e+00
0.000000000000000000e+00
1.000000000000000000e+00
0.000000000000000000e+00
2.249000000000000000e+03
7.000000000000000000e+00
0.000000000000000000e+00
0.000000000000000000e+00
3.700000000000000000e+01
9.000000000000000000e+00
8.000000000000000000e+00
2.000000000000000000e+00
0.000000000000000000e+00
0.000000000000000000e+00
2.000000000000000000e+00
6.000000000000000000e+00
4.000000000000000000e+00
2.300000000000000000e+01
0.000000000000000000e+00
3.000000000000000000e+00
2.600000000000000000e+01
1.800000000000000000e+01
0.000000000000000000e+00
1.400000000000000000e+01
1.300000000000000000e+01
2.000000000000000000e+01
1.605000000000000000e+03
2.297000000000000000e+03
4.000000000000000000e+00
0.000000000000000000e+00
2.500000000000000000e+01
0.000000000000000000e+00
0.000000000000000000e+00
8.000000000000000000e+00
3.000000000000000000e+00
5.430000000000000000e+02
0.000000000000000000e+00
4.400000000000000000e+01
1.010000000000000000e+02
0.000000000000000000e+00
0.000000000000000000e+00
2.000000000000000000e+01
0.000000000000000000e+00
3.930000000000000000e+03
0.000000000000000000e+00
1.900000000000000000e+01
1.800000000000000000e+01
0.000000000000000000e+00
6.000000000000000000e+00
0.000000000000000000e+00
8.615000000000000000e+03
2.200000000000000000e+01
2.000000000000000000e+00
2.000000000000000000e+00
7.530000000000000000e+02
3.000000000000000000e+00
2.000000000000000000e+00
0.000000000000000000e+00
0.000000000000000000e+00
0.000000000000000000e+00
4.300000000000000000e+01
4.000000000000000000e+00
4.000000000000000000e+00
0.000000000000000000e+00
3.000000000000000000e+00
1.000000000000000000e+00
5.000000000000000000e+00
2.000000000000000000e+00
3.000000000000000000e+00
7.000000000000000000e+00
4.740000000000000000e+02
2.700000000000000000e+01
2.000000000000000000e+00
8.870000000000000000e+02
1.660000000000000000e+02
7.000000000000000000e+00
8.500000000000000000e+01
0.000000000000000000e+00
7.700000000000000000e+01
1.000000000000000000e+00
1.000000000000000000e+00
0.000000000000000000e+00
7.070000000000000000e+02
0.000000000000000000e+00
1.900000000000000000e+01
8.500000000000000000e+01
8.000000000000000000e+00
0.000000000000000000e+00
0.000000000000000000e+00
0.000000000000000000e+00
6.670000000000000000e+02
2.490000000000000000e+02
0.000000000000000000e+00
1.470000000000000000e+02
0.000000000000000000e+00
3.600000000000000000e+01
3.000000000000000000e+00
4.000000000000000000e+00
2.000000000000000000e+00
1.000000000000000000e+00
2.000000000000000000e+00
1.300000000000000000e+01
2.800000000000000000e+01
5.000000000000000000e+00
1.000000000000000000e+00
0.000000000000000000e+00
3.700000000000000000e+01
1.470000000000000000e+02
2.000000000000000000e+00
1.000000000000000000e+00
4.000000000000000000e+00
1.500000000000000000e+01
0.000000000000000000e+00
0.000000000000000000e+00
3.800000000000000000e+01
0.000000000000000000e+00
5.600000000000000000e+01
9.700000000000000000e+01
4.200000000000000000e+01
2.000000000000000000e+00
0.000000000000000000e+00
5.900000000000000000e+01
1.000000000000000000e+00
2.000000000000000000e+00
0.000000000000000000e+00
6.000000000000000000e+00
0.000000000000000000e+00
0.000000000000000000e+00
0.000000000000000000e+00
3.700000000000000000e+01
3.100000000000000000e+01
0.000000000000000000e+00
1.600000000000000000e+01
1.000000000000000000e+00
3.900000000000000000e+01
0.000000000000000000e+00
2.000000000000000000e+00
4.740000000000000000e+02
0.000000000000000000e+00
6.452000000000000000e+03
7.000000000000000000e+00
4.400000000000000000e+01
7.100000000000000000e+01
5.077000000000000000e+03
2.800000000000000000e+01
8.100000000000000000e+01
1.000000000000000000e+00
4.000000000000000000e+00
0.000000000000000000e+00
1.230000000000000000e+02
2.600000000000000000e+01
1.280000000000000000e+02
0.000000000000000000e+00
6.910000000000000000e+02
1.000000000000000000e+00
3.100000000000000000e+01
1.100000000000000000e+01
0.000000000000000000e+00
6.300000000000000000e+01
0.000000000000000000e+00
0.000000000000000000e+00
0.000000000000000000e+00
0.000000000000000000e+00
2.000000000000000000e+00
2.000000000000000000e+01
3.500000000000000000e+01
0.000000000000000000e+00
2.000000000000000000e+00
2.500000000000000000e+02
0.000000000000000000e+00
8.100000000000000000e+01
3.000000000000000000e+00
5.000000000000000000e+00
1.000000000000000000e+00
4.200000000000000000e+01
1.000000000000000000e+00
0.000000000000000000e+00
4.380000000000000000e+02
0.000000000000000000e+00
2.000000000000000000e+00
3.000000000000000000e+00
0.000000000000000000e+00
3.000000000000000000e+01
1.000000000000000000e+01
7.000000000000000000e+00
5.000000000000000000e+00
6.347000000000000000e+03
0.000000000000000000e+00
1.000000000000000000e+00
2.360000000000000000e+02
4.000000000000000000e+00
1.000000000000000000e+01
1.230000000000000000e+02
2.200000000000000000e+01
3.600000000000000000e+01
1.030000000000000000e+02
1.588000000000000000e+03
2.324700000000000000e+04
2.370000000000000000e+02
2.600000000000000000e+02
5.600000000000000000e+01
4.800000000000000000e+01
1.300000000000000000e+01
5.000000000000000000e+00
1.040000000000000000e+02
0.000000000000000000e+00
5.000000000000000000e+00
3.000000000000000000e+00
5.000000000000000000e+00
4.000000000000000000e+00
0.000000000000000000e+00
1.800000000000000000e+02
2.020000000000000000e+02
0.000000000000000000e+00
2.800000000000000000e+01
0.000000000000000000e+00
0.000000000000000000e+00
1.360000000000000000e+02
2.000000000000000000e+00
9.000000000000000000e+01
0.000000000000000000e+00
1.730000000000000000e+02
4.100000000000000000e+01
2.000000000000000000e+00
1.353000000000000000e+03
0.000000000000000000e+00
2.000000000000000000e+00
0.000000000000000000e+00
8.000000000000000000e+00
0.000000000000000000e+00
1.000000000000000000e+00
5.600000000000000000e+01
1.000000000000000000e+00
4.040000000000000000e+02
1.060000000000000000e+02
5.000000000000000000e+00
2.000000000000000000e+00
7.000000000000000000e+00
0.000000000000000000e+00
2.000000000000000000e+00
0.000000000000000000e+00
1.000000000000000000e+00
0.000000000000000000e+00
0.000000000000000000e+00
3.000000000000000000e+00
3.100000000000000000e+01
1.600000000000000000e+01
2.300000000000000000e+01
7.000000000000000000e+00
2.000000000000000000e+00
1.300000000000000000e+01
0.000000000000000000e+00
2.000000000000000000e+00
0.000000000000000000e+00
1.079000000000000000e+03
0.000000000000000000e+00
7.700000000000000000e+01
0.000000000000000000e+00
0.000000000000000000e+00
7.400000000000000000e+01
1.215000000000000000e+03
8.100000000000000000e+01
7.400000000000000000e+01
1.100000000000000000e+02
3.000000000000000000e+01
1.300000000000000000e+01
1.000000000000000000e+01
1.000000000000000000e+00
0.000000000000000000e+00
2.000000000000000000e+00
2.000000000000000000e+00
8.700000000000000000e+01
1.700000000000000000e+01
0.000000000000000000e+00
1.382000000000000000e+03
2.100000000000000000e+01
0.000000000000000000e+00
4.037000000000000000e+03
3.000000000000000000e+00
2.000000000000000000e+00
0.000000000000000000e+00
4.000000000000000000e+00
0.000000000000000000e+00
0.000000000000000000e+00
3.600000000000000000e+01
0.000000000000000000e+00
2.310000000000000000e+02
1.000000000000000000e+00
2.770000000000000000e+02
1.000000000000000000e+00
3.400000000000000000e+01
0.000000000000000000e+00
1.786000000000000000e+03
1.810000000000000000e+02
1.000000000000000000e+00
1.000000000000000000e+00
1.000000000000000000e+00
5.500000000000000000e+01
6.400000000000000000e+01
1.140000000000000000e+02
1.730000000000000000e+02
2.000000000000000000e+00
0.000000000000000000e+00
0.000000000000000000e+00
0.000000000000000000e+00
0.000000000000000000e+00
0.000000000000000000e+00
8.000000000000000000e+00
8.600000000000000000e+01
3.000000000000000000e+00
4.000000000000000000e+00
0.000000000000000000e+00
0.000000000000000000e+00
0.000000000000000000e+00
0.000000000000000000e+00
2.600000000000000000e+01
4.700000000000000000e+01
1.000000000000000000e+00
1.380000000000000000e+02
0.000000000000000000e+00
3.310000000000000000e+02
0.000000000000000000e+00
7.000000000000000000e+00
0.000000000000000000e+00
0.000000000000000000e+00
1.630000000000000000e+02
0.000000000000000000e+00
0.000000000000000000e+00
0.000000000000000000e+00
0.000000000000000000e+00
1.180000000000000000e+02
1.600000000000000000e+01
1.000000000000000000e+00
1.002000000000000000e+03
2.000000000000000000e+00
8.000000000000000000e+00
4.000000000000000000e+00
0.000000000000000000e+00
8.700000000000000000e+01
8.000000000000000000e+00
1.100000000000000000e+01
1.408000000000000000e+03
6.400000000000000000e+01
0.000000000000000000e+00
1.000000000000000000e+00
0.000000000000000000e+00
1.490000000000000000e+02
3.000000000000000000e+00
1.380000000000000000e+02
3.660000000000000000e+02
1.000000000000000000e+01
3.100000000000000000e+02
3.000000000000000000e+01
2.000000000000000000e+00
2.715000000000000000e+03
2.500000000000000000e+01
0.000000000000000000e+00
1.000000000000000000e+00
1.000000000000000000e+00
5.000000000000000000e+01
0.000000000000000000e+00
1.600000000000000000e+01
0.000000000000000000e+00
6.100000000000000000e+01
2.000000000000000000e+00
1.276100000000000000e+04
0.000000000000000000e+00
1.400000000000000000e+01
2.700000000000000000e+01
4.000000000000000000e+00
0.000000000000000000e+00
1.500000000000000000e+01
1.200000000000000000e+01
0.000000000000000000e+00
0.000000000000000000e+00
1.700000000000000000e+01
8.080000000000000000e+02
4.000000000000000000e+00
5.420000000000000000e+02
0.000000000000000000e+00
1.000000000000000000e+00
0.000000000000000000e+00
2.600000000000000000e+01
0.000000000000000000e+00
4.000000000000000000e+00
2.250000000000000000e+02
2.100000000000000000e+01
7.418000000000000000e+03
1.660000000000000000e+02
4.000000000000000000e+00
6.714000000000000000e+03
2.170000000000000000e+02
1.970000000000000000e+02
2.000000000000000000e+00
1.900000000000000000e+01
6.100000000000000000e+01
1.800000000000000000e+01
3.800000000000000000e+01
5.000000000000000000e+00
0.000000000000000000e+00
5.200000000000000000e+01
0.000000000000000000e+00
1.283900000000000000e+04
4.000000000000000000e+00
0.000000000000000000e+00
2.000000000000000000e+00
0.000000000000000000e+00
4.000000000000000000e+00
0.000000000000000000e+00
0.000000000000000000e+00
8.410000000000000000e+02
6.000000000000000000e+00
3.177000000000000000e+03
0.000000000000000000e+00
1.200000000000000000e+01
9.000000000000000000e+00
6.000000000000000000e+00
2.800000000000000000e+01
9.000000000000000000e+00
2.900000000000000000e+01
1.131000000000000000e+03
1.600000000000000000e+01
0.000000000000000000e+00
1.209000000000000000e+04
0.000000000000000000e+00
0.000000000000000000e+00
0.000000000000000000e+00
0.000000000000000000e+00
1.100000000000000000e+02
2.200000000000000000e+01
0.000000000000000000e+00
7.000000000000000000e+00
2.000000000000000000e+01
0.000000000000000000e+00
0.000000000000000000e+00
4.621000000000000000e+03
0.000000000000000000e+00
0.000000000000000000e+00
5.000000000000000000e+00
1.181000000000000000e+03
4.000000000000000000e+00
5.000000000000000000e+00
0.000000000000000000e+00
1.000000000000000000e+01
0.000000000000000000e+00
5.000000000000000000e+00
2.000000000000000000e+00
7.800000000000000000e+01
0.000000000000000000e+00
4.000000000000000000e+00
2.700000000000000000e+01
5.720000000000000000e+02
0.000000000000000000e+00
3.000000000000000000e+00
9.000000000000000000e+00
1.000000000000000000e+00
1.360000000000000000e+02
6.200000000000000000e+01
0.000000000000000000e+00
0.000000000000000000e+00
0.000000000000000000e+00
0.000000000000000000e+00
2.000000000000000000e+00
5.270000000000000000e+02
0.000000000000000000e+00
1.460000000000000000e+02
1.000000000000000000e+01
0.000000000000000000e+00
0.000000000000000000e+00
1.000000000000000000e+00
1.850000000000000000e+02
0.000000000000000000e+00
8.600000000000000000e+01
0.000000000000000000e+00
2.950000000000000000e+02
1.000000000000000000e+00
1.800000000000000000e+01
6.940000000000000000e+02
9.500000000000000000e+01
1.000000000000000000e+00
8.800000000000000000e+01
2.100000000000000000e+01
6.000000000000000000e+00
8.000000000000000000e+00
8.000000000000000000e+00
0.000000000000000000e+00
5.570000000000000000e+02
5.000000000000000000e+00
6.900000000000000000e+01
0.000000000000000000e+00
2.000000000000000000e+00
5.141000000000000000e+03
6.900000000000000000e+01
0.000000000000000000e+00
3.000000000000000000e+00
3.400000000000000000e+01
0.000000000000000000e+00
6.500000000000000000e+01
0.000000000000000000e+00
1.160000000000000000e+03
5.000000000000000000e+00
4.500000000000000000e+01
1.896000000000000000e+03
2.110000000000000000e+02
2.000000000000000000e+00
3.000000000000000000e+00
2.400000000000000000e+01
2.000000000000000000e+00
5.830000000000000000e+02
0.000000000000000000e+00
1.210000000000000000e+02
0.000000000000000000e+00
2.500000000000000000e+01
1.500000000000000000e+01
6.700000000000000000e+01
1.800000000000000000e+01
0.000000000000000000e+00
7.000000000000000000e+00
0.000000000000000000e+00
2.300000000000000000e+01
4.000000000000000000e+00
0.000000000000000000e+00
1.900000000000000000e+01
1.780000000000000000e+02
0.000000000000000000e+00
0.000000000000000000e+00
0.000000000000000000e+00
8.000000000000000000e+00
0.000000000000000000e+00
2.000000000000000000e+00
0.000000000000000000e+00
2.100000000000000000e+01
2.000000000000000000e+00
1.020000000000000000e+02
3.000000000000000000e+00
5.540000000000000000e+02
1.215000000000000000e+03
2.000000000000000000e+00
0.000000000000000000e+00
1.572000000000000000e+03
6.000000000000000000e+00
4.000000000000000000e+00
2.200000000000000000e+01
9.300000000000000000e+01
3.800000000000000000e+01
4.000000000000000000e+00
4.142900000000000000e+04
8.000000000000000000e+00
3.500000000000000000e+01
6.000000000000000000e+00
0.000000000000000000e+00
3.200000000000000000e+01
5.900000000000000000e+01
0.000000000000000000e+00
4.600000000000000000e+01
1.100000000000000000e+01
6.000000000000000000e+00
3.000000000000000000e+00
6.000000000000000000e+00
1.538000000000000000e+03
1.240700000000000000e+04
1.000000000000000000e+00
4.000000000000000000e+00
6.000000000000000000e+00
0.000000000000000000e+00
8.000000000000000000e+00
2.140000000000000000e+02
2.390000000000000000e+02
1.710000000000000000e+02
4.000000000000000000e+00
7.000000000000000000e+00
6.000000000000000000e+00
3.559000000000000000e+03
0.000000000000000000e+00
1.000000000000000000e+00
4.000000000000000000e+00
2.000000000000000000e+00
0.000000000000000000e+00
0.000000000000000000e+00
0.000000000000000000e+00
3.600000000000000000e+01
6.000000000000000000e+00
7.000000000000000000e+00
3.290000000000000000e+02
0.000000000000000000e+00
0.000000000000000000e+00
0.000000000000000000e+00
2.700000000000000000e+01
0.000000000000000000e+00
1.725000000000000000e+03
1.453000000000000000e+03
1.100000000000000000e+01
2.065000000000000000e+03
0.000000000000000000e+00
5.000000000000000000e+00
0.000000000000000000e+00
0.000000000000000000e+00
2.200000000000000000e+01
8.100000000000000000e+01
4.300000000000000000e+01
1.680000000000000000e+03
1.460000000000000000e+02
7.000000000000000000e+00
1.500000000000000000e+01
2.000000000000000000e+00
0.000000000000000000e+00
5.000000000000000000e+00
0.000000000000000000e+00
0.000000000000000000e+00
5.000000000000000000e+00
4.810000000000000000e+02
0.000000000000000000e+00
4.800000000000000000e+01
1.400000000000000000e+01
8.270000000000000000e+03
1.200000000000000000e+01
2.609000000000000000e+03
7.500000000000000000e+01
3.070000000000000000e+02
0.000000000000000000e+00
5.000000000000000000e+00
6.000000000000000000e+00
0.000000000000000000e+00
0.000000000000000000e+00
3.000000000000000000e+00
0.000000000000000000e+00
1.500000000000000000e+01
0.000000000000000000e+00
4.000000000000000000e+00
0.000000000000000000e+00
0.000000000000000000e+00
1.000000000000000000e+00
3.390000000000000000e+02
6.950000000000000000e+02
4.500000000000000000e+01
4.000000000000000000e+00
0.000000000000000000e+00
1.600000000000000000e+01
6.000000000000000000e+00
2.520000000000000000e+02
1.090000000000000000e+02
0.000000000000000000e+00
4.100000000000000000e+01
2.200000000000000000e+01
0.000000000000000000e+00
3.500000000000000000e+01
4.270000000000000000e+02
1.210000000000000000e+02
0.000000000000000000e+00
1.494000000000000000e+03
6.000000000000000000e+00
2.910000000000000000e+02
2.500000000000000000e+01
7.000000000000000000e+00
6.000000000000000000e+00
0.000000000000000000e+00
3.000000000000000000e+00
2.000000000000000000e+00
0.000000000000000000e+00
0.000000000000000000e+00
0.000000000000000000e+00
1.400000000000000000e+01
2.500000000000000000e+01
0.000000000000000000e+00
2.580000000000000000e+02
1.000000000000000000e+00
1.000000000000000000e+00
8.000000000000000000e+00
0.000000000000000000e+00
0.000000000000000000e+00
2.000000000000000000e+00
2.800000000000000000e+01
1.000000000000000000e+00
9.000000000000000000e+00
1.000000000000000000e+00
1.300000000000000000e+01
7.000000000000000000e+00
1.100000000000000000e+01
2.421000000000000000e+03
2.000000000000000000e+01
0.000000000000000000e+00
2.000000000000000000e+00
1.561700000000000000e+04
2.100000000000000000e+01
2.900000000000000000e+01
5.000000000000000000e+00
2.200000000000000000e+01
0.000000000000000000e+00
0.000000000000000000e+00
1.000000000000000000e+00
0.000000000000000000e+00
1.017000000000000000e+03
4.200000000000000000e+01
8.100000000000000000e+01
4.480000000000000000e+02
0.000000000000000000e+00
4.200000000000000000e+01
0.000000000000000000e+00
0.000000000000000000e+00
4.052500000000000000e+04
0.000000000000000000e+00
0.000000000000000000e+00
0.000000000000000000e+00
0.000000000000000000e+00
5.000000000000000000e+00
1.137000000000000000e+03
2.640000000000000000e+02
2.300000000000000000e+01
1.622000000000000000e+03
3.000000000000000000e+00
1.000000000000000000e+00
3.700000000000000000e+02
0.000000000000000000e+00
1.400000000000000000e+01
0.000000000000000000e+00
1.100000000000000000e+01
8.000000000000000000e+00
0.000000000000000000e+00
0.000000000000000000e+00
0.000000000000000000e+00
5.000000000000000000e+00
2.638100000000000000e+04
2.200000000000000000e+01
0.000000000000000000e+00
0.000000000000000000e+00
1.448000000000000000e+03
0.000000000000000000e+00
6.800000000000000000e+01
3.000000000000000000e+00
0.000000000000000000e+00
3.000000000000000000e+00
7.150000000000000000e+02
0.000000000000000000e+00
0.000000000000000000e+00
1.000000000000000000e+00
3.000000000000000000e+00
0.000000000000000000e+00
2.000000000000000000e+00
1.000000000000000000e+00
2.600000000000000000e+01
1.000000000000000000e+00
4.200000000000000000e+01
7.000000000000000000e+00
0.000000000000000000e+00
0.000000000000000000e+00
0.000000000000000000e+00
7.760000000000000000e+02
2.860000000000000000e+02
0.000000000000000000e+00
1.905300000000000000e+04
2.000000000000000000e+00
0.000000000000000000e+00
1.500000000000000000e+01
4.200000000000000000e+02
0.000000000000000000e+00
3.500000000000000000e+01
4.000000000000000000e+00
2.000000000000000000e+00
1.680000000000000000e+02
9.000000000000000000e+00
0.000000000000000000e+00
4.200000000000000000e+01
1.240000000000000000e+02
0.000000000000000000e+00
1.000000000000000000e+00
0.000000000000000000e+00
6.000000000000000000e+00
1.000000000000000000e+00
0.000000000000000000e+00
1.000000000000000000e+00
3.900000000000000000e+01
1.300000000000000000e+01
0.000000000000000000e+00
2.300000000000000000e+01
0.000000000000000000e+00
4.650000000000000000e+02
0.000000000000000000e+00
2.000000000000000000e+00
3.000000000000000000e+00
0.000000000000000000e+00
1.082000000000000000e+03
2.300000000000000000e+01
6.900000000000000000e+01
0.000000000000000000e+00
2.000000000000000000e+00
2.110000000000000000e+02
3.000000000000000000e+00
0.000000000000000000e+00
4.000000000000000000e+00
1.000000000000000000e+00
0.000000000000000000e+00
3.130000000000000000e+02
0.000000000000000000e+00
1.100000000000000000e+01
0.000000000000000000e+00
2.120000000000000000e+02
1.500000000000000000e+01
2.800000000000000000e+01
1.000000000000000000e+00
1.000000000000000000e+00
2.397000000000000000e+03
8.000000000000000000e+00
4.000000000000000000e+00
9.320000000000000000e+02
1.000000000000000000e+00
0.000000000000000000e+00
5.350000000000000000e+02
0.000000000000000000e+00
0.000000000000000000e+00
5.000000000000000000e+00
2.300000000000000000e+01
4.000000000000000000e+00
2.000000000000000000e+00
1.000000000000000000e+01
0.000000000000000000e+00
4.000000000000000000e+00
7.385000000000000000e+03
1.410000000000000000e+02
1.500000000000000000e+01
4.400000000000000000e+01
0.000000000000000000e+00
4.000000000000000000e+00
1.640000000000000000e+02
0.000000000000000000e+00
7.400000000000000000e+01
0.000000000000000000e+00
3.000000000000000000e+00
9.937000000000000000e+03
1.210700000000000000e+04
1.000000000000000000e+00
4.000000000000000000e+00
1.190000000000000000e+02
1.900000000000000000e+01
3.727200000000000000e+04
1.000000000000000000e+00
2.290000000000000000e+02
2.700000000000000000e+01
3.000000000000000000e+00
3.000000000000000000e+00
2.000000000000000000e+00
1.000000000000000000e+00
7.700000000000000000e+01
0.000000000000000000e+00
2.140000000000000000e+02
5.100000000000000000e+01
2.390000000000000000e+02
2.100000000000000000e+01
1.100000000000000000e+01
1.500000000000000000e+01
3.928000000000000000e+03
1.220000000000000000e+02
0.000000000000000000e+00
2.069600000000000000e+04
2.148050000000000000e+05
2.000000000000000000e+00
0.000000000000000000e+00
7.000000000000000000e+00
7.600000000000000000e+01
2.000000000000000000e+00
3.700000000000000000e+01
4.200000000000000000e+01
4.000000000000000000e+00
2.000000000000000000e+00
2.000000000000000000e+00
2.060000000000000000e+02
0.000000000000000000e+00
1.020000000000000000e+02
1.200000000000000000e+01
0.000000000000000000e+00
4.800000000000000000e+01
1.000000000000000000e+00
0.000000000000000000e+00
0.000000000000000000e+00
3.770000000000000000e+02
3.000000000000000000e+00
1.730000000000000000e+02
0.000000000000000000e+00
6.000000000000000000e+00
2.000000000000000000e+00
2.200000000000000000e+01
1.900000000000000000e+01
7.100000000000000000e+01
2.000000000000000000e+00
1.860000000000000000e+02
2.100000000000000000e+01
3.700000000000000000e+01
4.260000000000000000e+02
1.000000000000000000e+01
1.000000000000000000e+00
3.000000000000000000e+00
0.000000000000000000e+00
6.000000000000000000e+00
0.000000000000000000e+00
0.000000000000000000e+00
0.000000000000000000e+00
5.170000000000000000e+02
2.000000000000000000e+00
1.700000000000000000e+01
0.000000000000000000e+00
3.771000000000000000e+03
3.000000000000000000e+01
1.200000000000000000e+01
0.000000000000000000e+00
5.000000000000000000e+00
0.000000000000000000e+00
1.856000000000000000e+03
8.590000000000000000e+02
2.160000000000000000e+02
3.000000000000000000e+00
4.000000000000000000e+00
4.000000000000000000e+00
4.000000000000000000e+00
8.000000000000000000e+00
1.100000000000000000e+01
9.000000000000000000e+00
0.000000000000000000e+00
0.000000000000000000e+00
5.200000000000000000e+01
1.000000000000000000e+01
4.100000000000000000e+01
5.500000000000000000e+01
5.000000000000000000e+00
1.124000000000000000e+03
3.800000000000000000e+01
4.817000000000000000e+03
1.000000000000000000e+00
0.000000000000000000e+00
0.000000000000000000e+00
0.000000000000000000e+00
1.000000000000000000e+00
2.200000000000000000e+01
7.000000000000000000e+00
0.000000000000000000e+00
7.000000000000000000e+00
0.000000000000000000e+00
1.100000000000000000e+01
1.500000000000000000e+01
9.000000000000000000e+00
0.000000000000000000e+00
5.600000000000000000e+01
1.000000000000000000e+00
0.000000000000000000e+00
7.000000000000000000e+00
3.000000000000000000e+00
1.939830000000000000e+05
9.000000000000000000e+00
1.010000000000000000e+02
1.400000000000000000e+01
1.003000000000000000e+03
0.000000000000000000e+00
6.330000000000000000e+02
9.000000000000000000e+01
2.000000000000000000e+00
0.000000000000000000e+00
2.100000000000000000e+01
1.800000000000000000e+01
0.000000000000000000e+00
7.000000000000000000e+01
4.000000000000000000e+00
5.900000000000000000e+01
8.352900000000000000e+04
8.000000000000000000e+00
0.000000000000000000e+00
0.000000000000000000e+00
2.700000000000000000e+01
2.100000000000000000e+01
0.000000000000000000e+00
5.500000000000000000e+01
7.000000000000000000e+00
8.200000000000000000e+01
0.000000000000000000e+00
1.040000000000000000e+02
3.000000000000000000e+00
9.400000000000000000e+01
1.800000000000000000e+01
2.220000000000000000e+02
0.000000000000000000e+00
3.600000000000000000e+01
0.000000000000000000e+00
0.000000000000000000e+00
1.000000000000000000e+00
8.000000000000000000e+00
2.000000000000000000e+00
1.000000000000000000e+00
1.900000000000000000e+01
0.000000000000000000e+00
5.000000000000000000e+00
0.000000000000000000e+00
1.281000000000000000e+03
0.000000000000000000e+00
1.500000000000000000e+01
8.900000000000000000e+01
5.000000000000000000e+00
9.000000000000000000e+00
9.710000000000000000e+02
1.800000000000000000e+01
4.110000000000000000e+02
1.000000000000000000e+00
6.000000000000000000e+00
6.600000000000000000e+01
0.000000000000000000e+00
5.371000000000000000e+03
9.000000000000000000e+00
0.000000000000000000e+00
0.000000000000000000e+00
1.000000000000000000e+00
0.000000000000000000e+00
1.600000000000000000e+01
8.000000000000000000e+00
8.000000000000000000e+00
0.000000000000000000e+00
0.000000000000000000e+00
1.500000000000000000e+01
5.000000000000000000e+01
2.000000000000000000e+00
1.525000000000000000e+03
2.114000000000000000e+03
0.000000000000000000e+00
2.400000000000000000e+01
1.200000000000000000e+01
0.000000000000000000e+00
2.935000000000000000e+03
1.300000000000000000e+01
3.900000000000000000e+01
0.000000000000000000e+00
9.000000000000000000e+00
1.340000000000000000e+02
1.540000000000000000e+02
2.551000000000000000e+03
1.933000000000000000e+03
0.000000000000000000e+00
1.000000000000000000e+00
2.660000000000000000e+02
1.000000000000000000e+00
0.000000000000000000e+00
2.000000000000000000e+00
2.200000000000000000e+01
0.000000000000000000e+00
0.000000000000000000e+00
0.000000000000000000e+00
0.000000000000000000e+00
1.000000000000000000e+00
4.000000000000000000e+00
1.200000000000000000e+01
1.183000000000000000e+03
0.000000000000000000e+00
2.000000000000000000e+00
4.000000000000000000e+00
8.920000000000000000e+02
0.000000000000000000e+00
0.000000000000000000e+00
2.700000000000000000e+01
2.660000000000000000e+02
1.080000000000000000e+02
2.000000000000000000e+00
2.100000000000000000e+01
5.000000000000000000e+00
0.000000000000000000e+00
1.000000000000000000e+00
0.000000000000000000e+00
0.000000000000000000e+00
1.610220000000000000e+05
1.600000000000000000e+01
9.028000000000000000e+03
3.000000000000000000e+01
0.000000000000000000e+00
6.000000000000000000e+00
1.300000000000000000e+01
4.000000000000000000e+00
0.000000000000000000e+00
8.500000000000000000e+01
0.000000000000000000e+00
0.000000000000000000e+00
1.200000000000000000e+01
0.000000000000000000e+00
2.380000000000000000e+02
5.000000000000000000e+00
0.000000000000000000e+00
2.000000000000000000e+01
0.000000000000000000e+00
7.000000000000000000e+00
0.000000000000000000e+00
0.000000000000000000e+00
2.000000000000000000e+00
2.200000000000000000e+01
1.604900000000000000e+04
7.609000000000000000e+03
5.500000000000000000e+01
2.000000000000000000e+00
2.890000000000000000e+02
0.000000000000000000e+00
0.000000000000000000e+00
0.000000000000000000e+00
2.310000000000000000e+02
2.300000000000000000e+01
0.000000000000000000e+00
2.100000000000000000e+01
6.100000000000000000e+01
0.000000000000000000e+00
0.000000000000000000e+00
4.395600000000000000e+04
0.000000000000000000e+00
5.900000000000000000e+01
0.000000000000000000e+00
0.000000000000000000e+00
1.000000000000000000e+00
0.000000000000000000e+00
0.000000000000000000e+00
2.100000000000000000e+01
0.000000000000000000e+00
0.000000000000000000e+00
0.000000000000000000e+00
0.000000000000000000e+00
2.630000000000000000e+02
1.140000000000000000e+02
1.000000000000000000e+01
5.710000000000000000e+02
0.000000000000000000e+00
2.000000000000000000e+00
7.000000000000000000e+00
9.000000000000000000e+00
4.540000000000000000e+02
1.512600000000000000e+04
3.800000000000000000e+01
0.000000000000000000e+00
0.000000000000000000e+00
0.000000000000000000e+00
0.000000000000000000e+00
2.050000000000000000e+02
4.000000000000000000e+01
1.000000000000000000e+00
3.000000000000000000e+00
0.000000000000000000e+00
0.000000000000000000e+00
1.805000000000000000e+03
1.300000000000000000e+01
9.500000000000000000e+01
0.000000000000000000e+00
4.290000000000000000e+02
0.000000000000000000e+00
0.000000000000000000e+00
0.000000000000000000e+00
5.000000000000000000e+00
4.325000000000000000e+03
1.200000000000000000e+01
6.350000000000000000e+02
2.000000000000000000e+00
0.000000000000000000e+00
1.390000000000000000e+02
1.439400000000000000e+04
3.000000000000000000e+00
3.649000000000000000e+03
0.000000000000000000e+00
4.573600000000000000e+04
0.000000000000000000e+00
3.030000000000000000e+02
0.000000000000000000e+00
9.280000000000000000e+02
0.000000000000000000e+00
1.943000000000000000e+03
0.000000000000000000e+00
9.000000000000000000e+00
0.000000000000000000e+00
7.000000000000000000e+00
1.000000000000000000e+00
5.000000000000000000e+00
1.000000000000000000e+00
1.070000000000000000e+02
1.800000000000000000e+01
1.404800000000000000e+04
1.103270000000000000e+05
5.900000000000000000e+01
0.000000000000000000e+00
1.600000000000000000e+01
3.436000000000000000e+03
0.000000000000000000e+00
1.400000000000000000e+01
3.000000000000000000e+00
1.639000000000000000e+03
9.670000000000000000e+02
2.720000000000000000e+02
6.000000000000000000e+00
0.000000000000000000e+00
0.000000000000000000e+00
1.446300000000000000e+04
5.000000000000000000e+00
1.700000000000000000e+01
1.364000000000000000e+03
1.090000000000000000e+02
3.000000000000000000e+00
5.000000000000000000e+00
1.591000000000000000e+03
7.391000000000000000e+03
3.700000000000000000e+02
3.000000000000000000e+00
6.000000000000000000e+00
3.150000000000000000e+02
0.000000000000000000e+00
1.000000000000000000e+00
1.200000000000000000e+01
3.000000000000000000e+00
1.377000000000000000e+03
0.000000000000000000e+00
5.000000000000000000e+00
7.300000000000000000e+01
2.000000000000000000e+00
2.000000000000000000e+00
0.000000000000000000e+00
1.288000000000000000e+03
3.200000000000000000e+01
0.000000000000000000e+00
3.000000000000000000e+00
2.000000000000000000e+00
3.000000000000000000e+01
2.820000000000000000e+02
1.380000000000000000e+02
5.420000000000000000e+02
7.800000000000000000e+01
3.300000000000000000e+01
0.000000000000000000e+00
1.900000000000000000e+01
2.400000000000000000e+01
5.000000000000000000e+00
0.000000000000000000e+00
1.450000000000000000e+03
0.000000000000000000e+00
5.051000000000000000e+03
4.470000000000000000e+02
0.000000000000000000e+00
3.500000000000000000e+01
0.000000000000000000e+00
0.000000000000000000e+00
1.200000000000000000e+01
3.000000000000000000e+00
1.000000000000000000e+00
0.000000000000000000e+00
8.900000000000000000e+01
8.833000000000000000e+03
2.000000000000000000e+00
9.580000000000000000e+02
0.000000000000000000e+00
8.000000000000000000e+00
1.100000000000000000e+01
4.000000000000000000e+00
2.600000000000000000e+01
0.000000000000000000e+00
0.000000000000000000e+00
0.000000000000000000e+00
2.720000000000000000e+02
9.400000000000000000e+01
2.000000000000000000e+00
1.078200000000000000e+04
0.000000000000000000e+00
2.000000000000000000e+00
0.000000000000000000e+00
6.900000000000000000e+01
6.720000000000000000e+02
6.000000000000000000e+00
7.000000000000000000e+00
5.000000000000000000e+00
0.000000000000000000e+00
9.600000000000000000e+01
7.000000000000000000e+00
6.100000000000000000e+01
1.600000000000000000e+01
1.000000000000000000e+00
3.000000000000000000e+00
3.000000000000000000e+00
4.000000000000000000e+00
1.470000000000000000e+02
1.755400000000000000e+04
2.700000000000000000e+01
3.100000000000000000e+01
3.700000000000000000e+01
6.100000000000000000e+01
5.600000000000000000e+01
2.200000000000000000e+01
1.480000000000000000e+02
0.000000000000000000e+00
2.000000000000000000e+00
4.000000000000000000e+00
5.400000000000000000e+01
1.600000000000000000e+01
1.200000000000000000e+01
4.000000000000000000e+00
0.000000000000000000e+00
1.100000000000000000e+01
5.000000000000000000e+00
8.570000000000000000e+02
3.870000000000000000e+02
4.000000000000000000e+01
2.676570000000000000e+05
1.000000000000000000e+00
3.000000000000000000e+00
0.000000000000000000e+00
0.000000000000000000e+00
3.300000000000000000e+01
2.000000000000000000e+00
7.000000000000000000e+00
0.000000000000000000e+00
4.000000000000000000e+00
0.000000000000000000e+00
1.000000000000000000e+00
2.000000000000000000e+00
0.000000000000000000e+00
1.560000000000000000e+02
1.010000000000000000e+02
0.000000000000000000e+00
1.600000000000000000e+01
0.000000000000000000e+00
2.000000000000000000e+00
2.407000000000000000e+04
3.300000000000000000e+01
0.000000000000000000e+00
1.700000000000000000e+01
5.470000000000000000e+02
4.200000000000000000e+01
3.000000000000000000e+00
2.000000000000000000e+00
5.000000000000000000e+00
6.000000000000000000e+00
2.000000000000000000e+01
4.000000000000000000e+00
1.000000000000000000e+00
8.269000000000000000e+03
3.400000000000000000e+01
0.000000000000000000e+00
1.010000000000000000e+02
0.000000000000000000e+00
0.000000000000000000e+00
0.000000000000000000e+00
1.000000000000000000e+00
1.000000000000000000e+00
1.490000000000000000e+02
7.200000000000000000e+01
5.086000000000000000e+03
1.900000000000000000e+01
8.731000000000000000e+03
2.200000000000000000e+01
1.975000000000000000e+03
0.000000000000000000e+00
1.000000000000000000e+00
0.000000000000000000e+00
1.000000000000000000e+00
1.000000000000000000e+00
0.000000000000000000e+00
4.100000000000000000e+01
2.000000000000000000e+00
0.000000000000000000e+00
2.271000000000000000e+03
2.000000000000000000e+00
3.427000000000000000e+03
2.000000000000000000e+01
4.300000000000000000e+01
6.600000000000000000e+01
1.860000000000000000e+02
3.270000000000000000e+02
4.500000000000000000e+01
1.500000000000000000e+01
0.000000000000000000e+00
2.100000000000000000e+01
0.000000000000000000e+00
1.000000000000000000e+00
0.000000000000000000e+00
6.300000000000000000e+01
7.900000000000000000e+01
3.220000000000000000e+02
8.562000000000000000e+03
0.000000000000000000e+00
9.580000000000000000e+02
0.000000000000000000e+00
8.300000000000000000e+01
1.200000000000000000e+01
1.000000000000000000e+00
1.610400000000000000e+04
0.000000000000000000e+00
4.210000000000000000e+02
9.530000000000000000e+03
7.710100000000000000e+04
9.700000000000000000e+01
4.000000000000000000e+00
0.000000000000000000e+00
7.240000000000000000e+03
0.000000000000000000e+00
0.000000000000000000e+00
0.000000000000000000e+00
4.100000000000000000e+01
0.000000000000000000e+00
1.198000000000000000e+04
2.200000000000000000e+01
1.067900000000000000e+04
1.004800000000000000e+04
8.302000000000000000e+03
3.618000000000000000e+03
1.158000000000000000e+03
1.000000000000000000e+01
7.400000000000000000e+01
2.100000000000000000e+01
0.000000000000000000e+00
0.000000000000000000e+00
0.000000000000000000e+00
1.800000000000000000e+01
1.478000000000000000e+03
0.000000000000000000e+00
2.000000000000000000e+00
0.000000000000000000e+00
1.804000000000000000e+03
1.408700000000000000e+04
6.611000000000000000e+03
0.000000000000000000e+00
5.280000000000000000e+02
3.100000000000000000e+01
1.000000000000000000e+00
1.120000000000000000e+02
5.000000000000000000e+00
1.900000000000000000e+01
0.000000000000000000e+00
3.000000000000000000e+00
1.000000000000000000e+01
1.000000000000000000e+00
2.700000000000000000e+01
0.000000000000000000e+00
0.000000000000000000e+00
4.000000000000000000e+00
2.270000000000000000e+02
7.250000000000000000e+02
1.127800000000000000e+04
0.000000000000000000e+00
1.400000000000000000e+02
1.400000000000000000e+01
0.000000000000000000e+00
4.000000000000000000e+00
0.000000000000000000e+00
0.000000000000000000e+00
4.013000000000000000e+03
0.000000000000000000e+00
6.000000000000000000e+00
0.000000000000000000e+00
7.320000000000000000e+02
3.200000000000000000e+01
5.800000000000000000e+01
0.000000000000000000e+00
3.000000000000000000e+00
1.559000000000000000e+03
2.000000000000000000e+00
2.800000000000000000e+01
5.000000000000000000e+00
3.687000000000000000e+03
2.000000000000000000e+00
5.000000000000000000e+00
1.900000000000000000e+01
2.100000000000000000e+01
2.100000000000000000e+01
0.000000000000000000e+00
0.000000000000000000e+00
2.000000000000000000e+00
6.800000000000000000e+01
1.100000000000000000e+01
2.000000000000000000e+00
1.000000000000000000e+00
7.110000000000000000e+02
7.800000000000000000e+01
5.000000000000000000e+00
5.100000000000000000e+01
6.000000000000000000e+00
6.490000000000000000e+02
2.520000000000000000e+02
0.000000000000000000e+00
1.500000000000000000e+01
6.600000000000000000e+01
0.000000000000000000e+00
1.668000000000000000e+03
1.900000000000000000e+01
3.000000000000000000e+00
0.000000000000000000e+00
0.000000000000000000e+00
4.000000000000000000e+00
1.500000000000000000e+01
4.240000000000000000e+02
4.000000000000000000e+00
6.000000000000000000e+00
2.560000000000000000e+02
1.392000000000000000e+04
1.530000000000000000e+02
4.820000000000000000e+02
1.400000000000000000e+01
1.996000000000000000e+03
0.000000000000000000e+00
1.100000000000000000e+01
2.138130000000000000e+05
0.000000000000000000e+00
4.000000000000000000e+00
2.140000000000000000e+02
0.000000000000000000e+00
1.300000000000000000e+01
0.000000000000000000e+00
7.900000000000000000e+01
0.000000000000000000e+00
1.000000000000000000e+00
1.100000000000000000e+03
4.000000000000000000e+00
2.080000000000000000e+02
0.000000000000000000e+00
4.500000000000000000e+01
2.298000000000000000e+03
1.100000000000000000e+01
5.530000000000000000e+02
6.000000000000000000e+00
8.800000000000000000e+01
2.000000000000000000e+00
0.000000000000000000e+00
0.000000000000000000e+00
0.000000000000000000e+00
4.400000000000000000e+01
1.000000000000000000e+00
2.800000000000000000e+01
3.200000000000000000e+01
2.400000000000000000e+01
1.190000000000000000e+02
0.000000000000000000e+00
2.560000000000000000e+02
7.000000000000000000e+00
0.000000000000000000e+00
7.000000000000000000e+00
0.000000000000000000e+00
0.000000000000000000e+00
0.000000000000000000e+00
2.000000000000000000e+00
2.764000000000000000e+03
1.000000000000000000e+01
1.400000000000000000e+01
7.900000000000000000e+01
3.048000000000000000e+03
5.000000000000000000e+00
5.200000000000000000e+01
0.000000000000000000e+00
0.000000000000000000e+00
1.000000000000000000e+00
3.000000000000000000e+00
2.000000000000000000e+00
0.000000000000000000e+00
1.055800000000000000e+04
0.000000000000000000e+00
0.000000000000000000e+00
2.000000000000000000e+00
4.000000000000000000e+00
1.000000000000000000e+00
0.000000000000000000e+00
1.000000000000000000e+01
3.800000000000000000e+02
0.000000000000000000e+00
0.000000000000000000e+00
5.104000000000000000e+03
1.040000000000000000e+02
4.400000000000000000e+01
2.000000000000000000e+00
2.140000000000000000e+02
9.700000000000000000e+01
0.000000000000000000e+00
1.106700000000000000e+04
0.000000000000000000e+00
0.000000000000000000e+00
0.000000000000000000e+00
3.354230000000000000e+05
0.000000000000000000e+00
6.000000000000000000e+00
2.654000000000000000e+03
1.400000000000000000e+01
0.000000000000000000e+00
1.160000000000000000e+02
2.000000000000000000e+00
5.300000000000000000e+01
6.973000000000000000e+03
4.000000000000000000e+00
0.000000000000000000e+00
1.200000000000000000e+01
6.900000000000000000e+01
2.000000000000000000e+00
1.800000000000000000e+01
2.830000000000000000e+02
5.710000000000000000e+02
3.000000000000000000e+00
1.040000000000000000e+02
0.000000000000000000e+00
8.000000000000000000e+00
1.000000000000000000e+02
0.000000000000000000e+00
2.000000000000000000e+00
1.950000000000000000e+02
2.000000000000000000e+01
3.000000000000000000e+00
0.000000000000000000e+00
5.000000000000000000e+00
5.406000000000000000e+04
3.280000000000000000e+02
0.000000000000000000e+00
1.906400000000000000e+04
1.990000000000000000e+02
1.448000000000000000e+03
1.100000000000000000e+01
3.000000000000000000e+01
0.000000000000000000e+00
3.000000000000000000e+00
2.240000000000000000e+02
1.000000000000000000e+01
6.500000000000000000e+01
4.100000000000000000e+01
5.520000000000000000e+02
2.100000000000000000e+01
1.000000000000000000e+00
2.000000000000000000e+00
1.000000000000000000e+00
2.100000000000000000e+02
0.000000000000000000e+00
0.000000000000000000e+00
1.000000000000000000e+00
3.000000000000000000e+00
7.900000000000000000e+01
0.000000000000000000e+00
9.370000000000000000e+02
0.000000000000000000e+00
2.000000000000000000e+00
1.355000000000000000e+03
2.000000000000000000e+00
2.400000000000000000e+01
4.700000000000000000e+01
5.173000000000000000e+03
6.000000000000000000e+00
5.000000000000000000e+00
1.330000000000000000e+02
5.518000000000000000e+03
2.700000000000000000e+01
8.696000000000000000e+03
0.000000000000000000e+00
3.000000000000000000e+00
4.000000000000000000e+00
1.000000000000000000e+00
0.000000000000000000e+00
2.000000000000000000e+00
4.100000000000000000e+01
1.000000000000000000e+00
2.000000000000000000e+00
1.015000000000000000e+03
6.858000000000000000e+03
0.000000000000000000e+00
0.000000000000000000e+00
2.000000000000000000e+00
2.000000000000000000e+00
2.500000000000000000e+01
0.000000000000000000e+00
0.000000000000000000e+00
1.650000000000000000e+02
0.000000000000000000e+00
1.000000000000000000e+00
2.946000000000000000e+03
0.000000000000000000e+00
5.500000000000000000e+01
2.900000000000000000e+01
3.800000000000000000e+01
7.000000000000000000e+00
1.595200000000000000e+04
0.000000000000000000e+00
5.400000000000000000e+01
0.000000000000000000e+00
1.000000000000000000e+00
5.000000000000000000e+00
0.000000000000000000e+00
2.000000000000000000e+00
2.032300000000000000e+04
2.000000000000000000e+01
0.000000000000000000e+00
0.000000000000000000e+00
4.400000000000000000e+01
6.452000000000000000e+03
2.100000000000000000e+01
5.000000000000000000e+00
4.790000000000000000e+02
2.000000000000000000e+00
2.700000000000000000e+01
9.000000000000000000e+00
1.000000000000000000e+00
7.000000000000000000e+00
1.700000000000000000e+01
0.000000000000000000e+00
0.000000000000000000e+00
0.000000000000000000e+00
4.000000000000000000e+00
2.000000000000000000e+00
4.000000000000000000e+00
2.500000000000000000e+01
4.000000000000000000e+00
3.000000000000000000e+00
5.996000000000000000e+03
0.000000000000000000e+00
2.695000000000000000e+03
8.600000000000000000e+01
4.910000000000000000e+02
0.000000000000000000e+00
0.000000000000000000e+00
3.000000000000000000e+00
2.000000000000000000e+00
0.000000000000000000e+00
1.903000000000000000e+03
4.000000000000000000e+00
5.800000000000000000e+01
1.700000000000000000e+01
0.000000000000000000e+00
3.000000000000000000e+00
2.000000000000000000e+00
0.000000000000000000e+00
0.000000000000000000e+00
0.000000000000000000e+00
2.000000000000000000e+00
6.500000000000000000e+01
0.000000000000000000e+00
5.800000000000000000e+01
5.000000000000000000e+00
2.930000000000000000e+02
0.000000000000000000e+00
2.000000000000000000e+00
0.000000000000000000e+00
0.000000000000000000e+00
0.000000000000000000e+00
2.800000000000000000e+01
3.600000000000000000e+01
7.000000000000000000e+00
2.700000000000000000e+01
2.200000000000000000e+01
0.000000000000000000e+00
1.000000000000000000e+00
2.400000000000000000e+01
1.180000000000000000e+02
1.000000000000000000e+00
3.000000000000000000e+00
2.000000000000000000e+00
3.030000000000000000e+02
7.100000000000000000e+02
3.000000000000000000e+00
0.000000000000000000e+00
0.000000000000000000e+00
5.600000000000000000e+02
2.000000000000000000e+00
1.000000000000000000e+00
5.270000000000000000e+02
0.000000000000000000e+00
5.000000000000000000e+00
2.397000000000000000e+03
0.000000000000000000e+00
0.000000000000000000e+00
1.800000000000000000e+01
1.524000000000000000e+03
0.000000000000000000e+00
6.630000000000000000e+02
0.000000000000000000e+00
1.200000000000000000e+01
0.000000000000000000e+00
1.000000000000000000e+00
1.000000000000000000e+00
6.000000000000000000e+00
0.000000000000000000e+00
2.000000000000000000e+00
5.000000000000000000e+00
0.000000000000000000e+00
7.400000000000000000e+01
4.300000000000000000e+01
0.000000000000000000e+00
9.000000000000000000e+00
2.000000000000000000e+00
2.770000000000000000e+02
1.000000000000000000e+00
1.000000000000000000e+01
7.023000000000000000e+03
2.000000000000000000e+01
2.080000000000000000e+02
0.000000000000000000e+00
1.804000000000000000e+03
2.000000000000000000e+00
2.000000000000000000e+00
0.000000000000000000e+00
2.486000000000000000e+03
2.000000000000000000e+00
0.000000000000000000e+00
1.000000000000000000e+01
9.570000000000000000e+02
2.000000000000000000e+00
1.500000000000000000e+01
1.000000000000000000e+00
6.060000000000000000e+02
3.100000000000000000e+01
6.500000000000000000e+01
1.000000000000000000e+00
0.000000000000000000e+00
3.600000000000000000e+01
9.100000000000000000e+01
3.000000000000000000e+00
7.400000000000000000e+01
5.703700000000000000e+04
2.000000000000000000e+00
6.000000000000000000e+00
0.000000000000000000e+00
1.831000000000000000e+03
1.700000000000000000e+01
1.000000000000000000e+00
8.900000000000000000e+01
1.245300000000000000e+04
5.150000000000000000e+02
4.600000000000000000e+01
2.000000000000000000e+00
2.000000000000000000e+00
5.100000000000000000e+01
0.000000000000000000e+00
1.000000000000000000e+00
1.520000000000000000e+02
1.200000000000000000e+01
0.000000000000000000e+00
0.000000000000000000e+00
6.980000000000000000e+02
1.400000000000000000e+02
0.000000000000000000e+00
1.000000000000000000e+00
4.000000000000000000e+00
3.500000000000000000e+01
1.800000000000000000e+01
2.540000000000000000e+02
2.500000000000000000e+01
3.000000000000000000e+00
0.000000000000000000e+00
0.000000000000000000e+00
0.000000000000000000e+00
0.000000000000000000e+00
0.000000000000000000e+00
6.300000000000000000e+01
3.000000000000000000e+00
1.180000000000000000e+03
8.100000000000000000e+02
2.000000000000000000e+00
2.596000000000000000e+03
0.000000000000000000e+00
1.190000000000000000e+02
3.900000000000000000e+01
5.000000000000000000e+00
0.000000000000000000e+00
1.300000000000000000e+01
1.200000000000000000e+01
7.000000000000000000e+00
2.000000000000000000e+00
5.798900000000000000e+04
0.000000000000000000e+00
0.000000000000000000e+00
1.830000000000000000e+02
9.600000000000000000e+01
2.200000000000000000e+01
2.760000000000000000e+02
1.050000000000000000e+02
8.260000000000000000e+02
1.000000000000000000e+00
5.933200000000000000e+04
0.000000000000000000e+00
0.000000000000000000e+00
1.000000000000000000e+00
0.000000000000000000e+00
1.260000000000000000e+02
0.000000000000000000e+00
4.000000000000000000e+00
0.000000000000000000e+00
3.000000000000000000e+00
0.000000000000000000e+00
3.180000000000000000e+02
4.900000000000000000e+02
5.000000000000000000e+00
3.218000000000000000e+03
2.510000000000000000e+02
1.004060000000000000e+05
4.076900000000000000e+04
1.700000000000000000e+02
5.000000000000000000e+01
0.000000000000000000e+00
3.180000000000000000e+02
1.300000000000000000e+01
0.000000000000000000e+00
2.000000000000000000e+00
4.700000000000000000e+01
1.700000000000000000e+01
3.500000000000000000e+01
2.000000000000000000e+00
2.000000000000000000e+00
1.000000000000000000e+01
0.000000000000000000e+00
2.370140000000000000e+05
0.000000000000000000e+00
0.000000000000000000e+00
1.900000000000000000e+01
8.350000000000000000e+02
5.000000000000000000e+00
1.236000000000000000e+03
0.000000000000000000e+00
2.000000000000000000e+00
6.940000000000000000e+02
1.000000000000000000e+00
1.442000000000000000e+03
3.000000000000000000e+00
3.900000000000000000e+01
3.100000000000000000e+01
8.000000000000000000e+00
1.910800000000000000e+04
0.000000000000000000e+00
2.000000000000000000e+00
1.800000000000000000e+01
0.000000000000000000e+00
7.000000000000000000e+00
9.200000000000000000e+01
1.000000000000000000e+00
1.000000000000000000e+00
7.000000000000000000e+00
2.100000000000000000e+01
7.600000000000000000e+01
0.000000000000000000e+00
0.000000000000000000e+00
9.500000000000000000e+01
6.800000000000000000e+01
0.000000000000000000e+00
0.000000000000000000e+00
0.000000000000000000e+00
5.000000000000000000e+00
4.000000000000000000e+00
2.000000000000000000e+00
9.371000000000000000e+03
0.000000000000000000e+00
8.000000000000000000e+00
0.000000000000000000e+00
7.148000000000000000e+04
1.400000000000000000e+01
0.000000000000000000e+00
2.000000000000000000e+00
2.500000000000000000e+01
1.100000000000000000e+01
0.000000000000000000e+00
1.000000000000000000e+00
0.000000000000000000e+00
8.510000000000000000e+02
0.000000000000000000e+00
4.599000000000000000e+03
0.000000000000000000e+00
0.000000000000000000e+00
2.000000000000000000e+00
4.100000000000000000e+01
1.000000000000000000e+00
1.890000000000000000e+02
0.000000000000000000e+00
0.000000000000000000e+00
5.108000000000000000e+03
1.308700000000000000e+04
0.000000000000000000e+00
7.540000000000000000e+02
2.000000000000000000e+00
0.000000000000000000e+00
1.000000000000000000e+00
3.600000000000000000e+01
0.000000000000000000e+00
3.887000000000000000e+03
2.139000000000000000e+03
0.000000000000000000e+00
0.000000000000000000e+00
1.200000000000000000e+01
2.700000000000000000e+01
2.900000000000000000e+01
0.000000000000000000e+00
9.420900000000000000e+04
2.290000000000000000e+02
4.500000000000000000e+01
5.300000000000000000e+01
0.000000000000000000e+00
2.500000000000000000e+01
0.000000000000000000e+00
0.000000000000000000e+00
5.100000000000000000e+01
3.400000000000000000e+01
2.000000000000000000e+00
4.000000000000000000e+00
0.000000000000000000e+00
1.000000000000000000e+00
1.000000000000000000e+01
2.006200000000000000e+04
2.800000000000000000e+01
1.280000000000000000e+02
8.230000000000000000e+02
3.000000000000000000e+00
1.680000000000000000e+02
0.000000000000000000e+00
9.000000000000000000e+00
2.000000000000000000e+00
9.000000000000000000e+00
1.450000000000000000e+02
2.000000000000000000e+00
2.000000000000000000e+00
1.400000000000000000e+01
5.640000000000000000e+02
1.190000000000000000e+02
3.100000000000000000e+01
0.000000000000000000e+00
1.200000000000000000e+01
5.000000000000000000e+00
5.700000000000000000e+01
0.000000000000000000e+00
1.000000000000000000e+00
1.400000000000000000e+01
0.000000000000000000e+00
3.085000000000000000e+03
7.000000000000000000e+00
7.090000000000000000e+02
0.000000000000000000e+00
1.930000000000000000e+02
1.200000000000000000e+01
1.000000000000000000e+00
1.740000000000000000e+02
0.000000000000000000e+00
0.000000000000000000e+00
1.900000000000000000e+02
3.500000000000000000e+01
6.000000000000000000e+00
6.600000000000000000e+01
5.900000000000000000e+01
4.600000000000000000e+01
8.600000000000000000e+03
2.000000000000000000e+00
2.000000000000000000e+00
1.213000000000000000e+04
1.100000000000000000e+01
0.000000000000000000e+00
0.000000000000000000e+00
5.750000000000000000e+02
0.000000000000000000e+00
0.000000000000000000e+00
2.000000000000000000e+00
6.000000000000000000e+00
1.000000000000000000e+00
1.000000000000000000e+00
0.000000000000000000e+00
5.939000000000000000e+03
1.010000000000000000e+02
0.000000000000000000e+00
1.600000000000000000e+01
1.260000000000000000e+02
2.000000000000000000e+00
0.000000000000000000e+00
2.400000000000000000e+01
3.200000000000000000e+01
3.123000000000000000e+03
1.060000000000000000e+03
3.900000000000000000e+01
0.000000000000000000e+00
0.000000000000000000e+00
0.000000000000000000e+00
0.000000000000000000e+00
1.500000000000000000e+01
0.000000000000000000e+00
6.700000000000000000e+01
1.670000000000000000e+02
1.000000000000000000e+00
3.000000000000000000e+00
0.000000000000000000e+00
2.000000000000000000e+00
1.400000000000000000e+01
1.400000000000000000e+01
4.000000000000000000e+00
0.000000000000000000e+00
1.900000000000000000e+02
8.341500000000000000e+04
4.099000000000000000e+03
0.000000000000000000e+00
2.000000000000000000e+00
1.000000000000000000e+02
6.000000000000000000e+00
8.000000000000000000e+00
0.000000000000000000e+00
2.000000000000000000e+00
5.760000000000000000e+02
0.000000000000000000e+00
1.090000000000000000e+02
1.300000000000000000e+01
9.500000000000000000e+01
1.000000000000000000e+01
2.000000000000000000e+00
7.400000000000000000e+01
0.000000000000000000e+00
1.200000000000000000e+01
7.800000000000000000e+01
1.477000000000000000e+03
3.000000000000000000e+00
0.000000000000000000e+00
3.400000000000000000e+02
1.900000000000000000e+01
0.000000000000000000e+00
2.590000000000000000e+02
2.000000000000000000e+00
1.717000000000000000e+03
0.000000000000000000e+00
1.600000000000000000e+01
1.420000000000000000e+02
0.000000000000000000e+00
1.100000000000000000e+01
1.900000000000000000e+01
0.000000000000000000e+00
0.000000000000000000e+00
1.700000000000000000e+01
0.000000000000000000e+00
1.050000000000000000e+02
9.030000000000000000e+02
1.530000000000000000e+02
8.000000000000000000e+00
2.000000000000000000e+00
3.000000000000000000e+00
0.000000000000000000e+00
7.000000000000000000e+00
0.000000000000000000e+00
0.000000000000000000e+00
2.893600000000000000e+04
0.000000000000000000e+00
2.000000000000000000e+00
2.000000000000000000e+00
3.200000000000000000e+01
4.000000000000000000e+00
1.000000000000000000e+01
1.000000000000000000e+00
1.100000000000000000e+01
4.000000000000000000e+00
5.020000000000000000e+02
6.800000000000000000e+01
1.300000000000000000e+01
6.000000000000000000e+00
8.883000000000000000e+03
0.000000000000000000e+00
1.700000000000000000e+01
1.512000000000000000e+03
0.000000000000000000e+00
3.100000000000000000e+01
1.100000000000000000e+01
2.700000000000000000e+01
2.500000000000000000e+01
4.000000000000000000e+00
9.000000000000000000e+00
4.900000000000000000e+01
8.000000000000000000e+00
3.600000000000000000e+01
2.000000000000000000e+00
7.000000000000000000e+01
0.000000000000000000e+00
0.000000000000000000e+00
1.070000000000000000e+02
6.000000000000000000e+00
0.000000000000000000e+00
0.000000000000000000e+00
1.070000000000000000e+02
0.000000000000000000e+00
0.000000000000000000e+00
1.009000000000000000e+03
1.118000000000000000e+03
4.000000000000000000e+00
3.810790000000000000e+05
1.800000000000000000e+01
0.000000000000000000e+00
3.000000000000000000e+00
6.196000000000000000e+03
2.400000000000000000e+01
2.700000000000000000e+01
0.000000000000000000e+00
3.400000000000000000e+01
5.300000000000000000e+01
5.000000000000000000e+00
3.923000000000000000e+04
1.421000000000000000e+03
3.000000000000000000e+00
5.000000000000000000e+00
0.000000000000000000e+00
1.000000000000000000e+01
0.000000000000000000e+00
1.761000000000000000e+03
0.000000000000000000e+00
2.000000000000000000e+00
2.000000000000000000e+00
0.000000000000000000e+00
3.810000000000000000e+02
6.900000000000000000e+01
2.000000000000000000e+00
1.000000000000000000e+02
4.000000000000000000e+00
4.000000000000000000e+00
0.000000000000000000e+00
3.500000000000000000e+01
3.318000000000000000e+03
6.810000000000000000e+02
1.000000000000000000e+01
2.900000000000000000e+01
0.000000000000000000e+00
6.000000000000000000e+00
4.000000000000000000e+00
1.600000000000000000e+02
0.000000000000000000e+00
0.000000000000000000e+00
2.520000000000000000e+02
0.000000000000000000e+00
7.000000000000000000e+00
2.000000000000000000e+00
7.900000000000000000e+01
4.000000000000000000e+00
2.600000000000000000e+01
0.000000000000000000e+00
1.400000000000000000e+01
4.000000000000000000e+00
1.600000000000000000e+01
1.036000000000000000e+03
5.300000000000000000e+01
6.000000000000000000e+00
2.000000000000000000e+00
0.000000000000000000e+00
9.840000000000000000e+03
0.000000000000000000e+00
1.800000000000000000e+01
8.546000000000000000e+03
6.100000000000000000e+01
3.110000000000000000e+02
1.500000000000000000e+02
2.320000000000000000e+02
0.000000000000000000e+00
0.000000000000000000e+00
2.200000000000000000e+01
1.870000000000000000e+02
5.800000000000000000e+01
1.000000000000000000e+01
3.000000000000000000e+00
1.110000000000000000e+02
0.000000000000000000e+00
0.000000000000000000e+00
1.700000000000000000e+01
2.673790000000000000e+05
1.338100000000000000e+04
1.700000000000000000e+01
0.000000000000000000e+00
0.000000000000000000e+00
2.000000000000000000e+00
1.340000000000000000e+02
0.000000000000000000e+00
0.000000000000000000e+00
0.000000000000000000e+00
0.000000000000000000e+00
0.000000000000000000e+00
3.000000000000000000e+00
1.400000000000000000e+01
2.900000000000000000e+01
3.000000000000000000e+00
5.048200000000000000e+04
2.000000000000000000e+00
6.610000000000000000e+02
2.000000000000000000e+00
0.000000000000000000e+00
9.000000000000000000e+00
0.000000000000000000e+00
0.000000000000000000e+00
7.500000000000000000e+01
0.000000000000000000e+00
3.300000000000000000e+01
0.000000000000000000e+00
1.840000000000000000e+02
6.700000000000000000e+01
1.000000000000000000e+01
0.000000000000000000e+00
8.850000000000000000e+02
0.000000000000000000e+00
9.000000000000000000e+00
0.000000000000000000e+00
1.900000000000000000e+01
2.100000000000000000e+01
8.000000000000000000e+00
0.000000000000000000e+00
1.000000000000000000e+00
1.000000000000000000e+00
2.000000000000000000e+00
3.700000000000000000e+01
2.500000000000000000e+01
2.440000000000000000e+02
1.000000000000000000e+00
0.000000000000000000e+00
2.026300000000000000e+04
2.000000000000000000e+00
1.000000000000000000e+00
0.000000000000000000e+00
3.000000000000000000e+00
2.300000000000000000e+01
6.000000000000000000e+00
0.000000000000000000e+00
2.000000000000000000e+00
3.000000000000000000e+00
4.600000000000000000e+01
2.070000000000000000e+02
1.196100000000000000e+04
2.000000000000000000e+00
2.000000000000000000e+00
2.200000000000000000e+01
3.780000000000000000e+02
1.100000000000000000e+01
0.000000000000000000e+00
0.000000000000000000e+00
3.600000000000000000e+01
7.000000000000000000e+00
0.000000000000000000e+00
9.000000000000000000e+00
8.000000000000000000e+00
0.000000000000000000e+00
4.800000000000000000e+01
5.290000000000000000e+02
2.000000000000000000e+00
1.200000000000000000e+02
2.000000000000000000e+01
3.900000000000000000e+01
3.000000000000000000e+00
9.100000000000000000e+01
2.160000000000000000e+02
0.000000000000000000e+00
4.300000000000000000e+01
0.000000000000000000e+00
1.050000000000000000e+02
0.000000000000000000e+00
1.000000000000000000e+00
6.000000000000000000e+00
1.050000000000000000e+02
4.000000000000000000e+00
0.000000000000000000e+00
4.870000000000000000e+02
2.400000000000000000e+01
0.000000000000000000e+00
4.000000000000000000e+00
0.000000000000000000e+00
0.000000000000000000e+00
1.000000000000000000e+00
0.000000000000000000e+00
1.540000000000000000e+02
3.936000000000000000e+03
4.980000000000000000e+02
2.000000000000000000e+00
0.000000000000000000e+00
7.000000000000000000e+01
1.000000000000000000e+00
8.900000000000000000e+01
3.000000000000000000e+00
2.230000000000000000e+02
0.000000000000000000e+00
0.000000000000000000e+00
0.000000000000000000e+00
0.000000000000000000e+00
2.000000000000000000e+00
0.000000000000000000e+00
1.000000000000000000e+00
5.493000000000000000e+03
7.700000000000000000e+01
0.000000000000000000e+00
0.000000000000000000e+00
2.100000000000000000e+01
2.000000000000000000e+00
5.000000000000000000e+00
0.000000000000000000e+00
6.000000000000000000e+00
2.690000000000000000e+03
4.400000000000000000e+02
0.000000000000000000e+00
1.342000000000000000e+04
0.000000000000000000e+00
0.000000000000000000e+00
0.000000000000000000e+00
0.000000000000000000e+00
0.000000000000000000e+00
4.100000000000000000e+01
0.000000000000000000e+00
0.000000000000000000e+00
0.000000000000000000e+00
9.000000000000000000e+01
6.000000000000000000e+00
3.000000000000000000e+00
8.430000000000000000e+02
3.300000000000000000e+01
0.000000000000000000e+00
3.400000000000000000e+01
0.000000000000000000e+00
0.000000000000000000e+00
4.540000000000000000e+02
1.700000000000000000e+01
0.000000000000000000e+00
5.000000000000000000e+00
4.000000000000000000e+00
2.540000000000000000e+02
3.400000000000000000e+02
2.377000000000000000e+03
7.000000000000000000e+00
0.000000000000000000e+00
4.830000000000000000e+02
2.100000000000000000e+01
3.441000000000000000e+03
8.578000000000000000e+03
0.000000000000000000e+00
1.100000000000000000e+01
1.702400000000000000e+04
1.422000000000000000e+03
1.000000000000000000e+01
6.000000000000000000e+00
5.600000000000000000e+01
1.200000000000000000e+02
1.620000000000000000e+02
0.000000000000000000e+00
1.160000000000000000e+02
0.000000000000000000e+00
1.308300000000000000e+05
7.000000000000000000e+01
1.700000000000000000e+01
1.300000000000000000e+01
2.000000000000000000e+02
1.000000000000000000e+00
1.000000000000000000e+00
2.500000000000000000e+01
1.300000000000000000e+01
1.220000000000000000e+02
2.400000000000000000e+01
6.600000000000000000e+01
1.000000000000000000e+00
0.000000000000000000e+00
3.000000000000000000e+00
1.360000000000000000e+02
0.000000000000000000e+00
2.088380000000000000e+05
0.000000000000000000e+00
7.600000000000000000e+01
6.000000000000000000e+00
1.000000000000000000e+00
6.000000000000000000e+00
0.000000000000000000e+00
4.090000000000000000e+02
0.000000000000000000e+00
0.000000000000000000e+00
7.000000000000000000e+00
2.730000000000000000e+02
0.000000000000000000e+00
2.000000000000000000e+00
1.200000000000000000e+01
1.300000000000000000e+01
7.550000000000000000e+02
1.200000000000000000e+02
6.000000000000000000e+00
0.000000000000000000e+00
2.000000000000000000e+00
1.720000000000000000e+02
0.000000000000000000e+00
0.000000000000000000e+00
4.000000000000000000e+00
1.600000000000000000e+01
4.000000000000000000e+00
3.600000000000000000e+01
3.000000000000000000e+00
0.000000000000000000e+00
2.000000000000000000e+00
0.000000000000000000e+00
1.950000000000000000e+02
3.000000000000000000e+00
2.600000000000000000e+01
1.800000000000000000e+01
0.000000000000000000e+00
0.000000000000000000e+00
5.788000000000000000e+03
0.000000000000000000e+00
1.800000000000000000e+01
0.000000000000000000e+00
3.000000000000000000e+00
5.000000000000000000e+00
2.200000000000000000e+01
8.000000000000000000e+00
1.000000000000000000e+00
9.000000000000000000e+00
0.000000000000000000e+00
1.000000000000000000e+00
0.000000000000000000e+00
7.000000000000000000e+00
6.000000000000000000e+00
5.787600000000000000e+04
0.000000000000000000e+00
6.000000000000000000e+00
3.600000000000000000e+02
3.000000000000000000e+00
0.000000000000000000e+00
0.000000000000000000e+00
0.000000000000000000e+00
9.000000000000000000e+00
1.900000000000000000e+01
6.080000000000000000e+02
1.000000000000000000e+00
4.290000000000000000e+02
0.000000000000000000e+00
7.000000000000000000e+00
6.000000000000000000e+01
0.000000000000000000e+00
0.000000000000000000e+00
4.100000000000000000e+01
0.000000000000000000e+00
0.000000000000000000e+00
1.400000000000000000e+01
0.000000000000000000e+00
5.800000000000000000e+01
1.000000000000000000e+00
8.080000000000000000e+02
1.000000000000000000e+00
6.491000000000000000e+03
2.490000000000000000e+02
2.600000000000000000e+01
5.900000000000000000e+01
1.000000000000000000e+00
6.000000000000000000e+00
0.000000000000000000e+00
5.403000000000000000e+03
1.000000000000000000e+01
0.000000000000000000e+00
0.000000000000000000e+00
5.000000000000000000e+00
0.000000000000000000e+00
2.600000000000000000e+01
2.259000000000000000e+03
6.200000000000000000e+01
0.000000000000000000e+00
0.000000000000000000e+00
2.470000000000000000e+02
0.000000000000000000e+00
2.200000000000000000e+01
0.000000000000000000e+00
1.000000000000000000e+00
0.000000000000000000e+00
0.000000000000000000e+00
6.700000000000000000e+01
0.000000000000000000e+00
0.000000000000000000e+00
0.000000000000000000e+00
3.288000000000000000e+03
1.400000000000000000e+01
9.660000000000000000e+02
0.000000000000000000e+00
1.285700000000000000e+04
1.492090000000000000e+05
1.000000000000000000e+00
1.600000000000000000e+01
8.900000000000000000e+01
0.000000000000000000e+00
1.000000000000000000e+00
5.000000000000000000e+00
0.000000000000000000e+00
2.000000000000000000e+00
0.000000000000000000e+00
9.561200000000000000e+04
0.000000000000000000e+00
0.000000000000000000e+00
3.000000000000000000e+00
0.000000000000000000e+00
0.000000000000000000e+00
2.000000000000000000e+00
4.900000000000000000e+01
2.100000000000000000e+01
4.250000000000000000e+02
6.100000000000000000e+01
6.360000000000000000e+03
0.000000000000000000e+00
0.000000000000000000e+00
1.600000000000000000e+01
0.000000000000000000e+00
0.000000000000000000e+00
3.000000000000000000e+00
9.900000000000000000e+01
0.000000000000000000e+00
6.000000000000000000e+00
0.000000000000000000e+00
7.000000000000000000e+00
2.000000000000000000e+00
2.030000000000000000e+02
3.000000000000000000e+00
9.400000000000000000e+01
2.000000000000000000e+00
9.630000000000000000e+02
5.400000000000000000e+01
0.000000000000000000e+00
1.078140000000000000e+05
0.000000000000000000e+00
5.500000000000000000e+01
6.000000000000000000e+00
3.000000000000000000e+01
5.200000000000000000e+01
0.000000000000000000e+00
1.100000000000000000e+01
1.000000000000000000e+00
2.000000000000000000e+00
7.800000000000000000e+01
0.000000000000000000e+00
1.260000000000000000e+02
5.000000000000000000e+00
1.700000000000000000e+01
7.757000000000000000e+03
0.000000000000000000e+00
0.000000000000000000e+00
9.000000000000000000e+00
2.000000000000000000e+01
1.700000000000000000e+01
0.000000000000000000e+00
0.000000000000000000e+00
0.000000000000000000e+00
0.000000000000000000e+00
0.000000000000000000e+00
3.440000000000000000e+02
3.170000000000000000e+02
2.000000000000000000e+00
9.000000000000000000e+00
7.000000000000000000e+00
1.740000000000000000e+02
5.600000000000000000e+01
0.000000000000000000e+00
2.400000000000000000e+01
2.000000000000000000e+00
7.300000000000000000e+01
3.475000000000000000e+03
0.000000000000000000e+00
2.133500000000000000e+04
1.100000000000000000e+01
0.000000000000000000e+00
7.200000000000000000e+01
0.000000000000000000e+00
0.000000000000000000e+00
2.517000000000000000e+03
2.140000000000000000e+02
2.600000000000000000e+02
0.000000000000000000e+00
1.700000000000000000e+01
0.000000000000000000e+00
0.000000000000000000e+00
0.000000000000000000e+00
1.400000000000000000e+01
2.686000000000000000e+03
8.665000000000000000e+03
8.600000000000000000e+01
1.000000000000000000e+00
1.580000000000000000e+02
0.000000000000000000e+00
7.440000000000000000e+02
0.000000000000000000e+00
2.500000000000000000e+01
2.622000000000000000e+03
2.200000000000000000e+01
1.169000000000000000e+03
6.000000000000000000e+00
0.000000000000000000e+00
2.000000000000000000e+00
9.000000000000000000e+00
1.200000000000000000e+01
1.430660000000000000e+05
0.000000000000000000e+00
1.000000000000000000e+00
0.000000000000000000e+00
1.210000000000000000e+02
4.120000000000000000e+02
4.000000000000000000e+00
0.000000000000000000e+00
0.000000000000000000e+00
1.000000000000000000e+00
4.600000000000000000e+01
5.745000000000000000e+03
9.800000000000000000e+01
1.059000000000000000e+03
2.400000000000000000e+01
0.000000000000000000e+00
6.000000000000000000e+00
0.000000000000000000e+00
3.000000000000000000e+00
0.000000000000000000e+00
5.000000000000000000e+00
1.430000000000000000e+02
3.000000000000000000e+00
1.120000000000000000e+02
6.000000000000000000e+00
0.000000000000000000e+00
1.000000000000000000e+00
4.000000000000000000e+00
8.412000000000000000e+03
6.000000000000000000e+00
8.000000000000000000e+00
1.040000000000000000e+02
0.000000000000000000e+00
1.500000000000000000e+01
3.000000000000000000e+00
6.896000000000000000e+03
4.000000000000000000e+00
8.000000000000000000e+00
0.000000000000000000e+00
1.700000000000000000e+01
0.000000000000000000e+00
0.000000000000000000e+00
0.000000000000000000e+00
5.000000000000000000e+00
8.000000000000000000e+00
3.580000000000000000e+02
7.000000000000000000e+00
7.000000000000000000e+00
9.600000000000000000e+01
0.000000000000000000e+00
2.000000000000000000e+00
3.549200000000000000e+04
1.500000000000000000e+01
0.000000000000000000e+00
2.121000000000000000e+03
1.000000000000000000e+01
7.500000000000000000e+01
4.380000000000000000e+02
2.000000000000000000e+00
2.000000000000000000e+00
1.870000000000000000e+02
6.000000000000000000e+00
0.000000000000000000e+00
0.000000000000000000e+00
0.000000000000000000e+00
2.000000000000000000e+00
0.000000000000000000e+00
1.000000000000000000e+00
2.400000000000000000e+01
0.000000000000000000e+00
7.280000000000000000e+02
0.000000000000000000e+00
1.400000000000000000e+01
1.000000000000000000e+02
1.550000000000000000e+02
5.000000000000000000e+00
0.000000000000000000e+00
1.000000000000000000e+00
2.110000000000000000e+03
0.000000000000000000e+00
1.590000000000000000e+02
1.300000000000000000e+01
0.000000000000000000e+00
0.000000000000000000e+00
8.100000000000000000e+01
0.000000000000000000e+00
1.900000000000000000e+01
1.317000000000000000e+03
2.443000000000000000e+03
2.129000000000000000e+03
8.000000000000000000e+00
7.000000000000000000e+00
3.375000000000000000e+03
5.000000000000000000e+00
1.828000000000000000e+03
6.000000000000000000e+00
1.300000000000000000e+01
3.210000000000000000e+02
2.000000000000000000e+00
4.000000000000000000e+02
1.200000000000000000e+01
7.300000000000000000e+01
1.240000000000000000e+02
4.920000000000000000e+02
4.000000000000000000e+01
0.000000000000000000e+00
1.615000000000000000e+03
9.684000000000000000e+03
1.330100000000000000e+04
1.100000000000000000e+01
0.000000000000000000e+00
0.000000000000000000e+00
2.000000000000000000e+00
5.000000000000000000e+00
0.000000000000000000e+00
0.000000000000000000e+00
5.802600000000000000e+04
3.500000000000000000e+01
5.000000000000000000e+00
2.100000000000000000e+01
0.000000000000000000e+00
0.000000000000000000e+00
9.000000000000000000e+00
3.860000000000000000e+02
0.000000000000000000e+00
1.000000000000000000e+00
5.358200000000000000e+04
7.900000000000000000e+01
0.000000000000000000e+00
4.500000000000000000e+01
1.000000000000000000e+00
2.000000000000000000e+00
0.000000000000000000e+00
1.060000000000000000e+02
2.000000000000000000e+00
1.280000000000000000e+02
0.000000000000000000e+00
6.000000000000000000e+01
3.000000000000000000e+01
2.930000000000000000e+02
0.000000000000000000e+00
1.000000000000000000e+00
1.300000000000000000e+01
3.570600000000000000e+04
0.000000000000000000e+00
9.070000000000000000e+02
0.000000000000000000e+00
1.600000000000000000e+01
2.000000000000000000e+00
1.530000000000000000e+02
2.880000000000000000e+02
2.681000000000000000e+03
7.000000000000000000e+00
0.000000000000000000e+00
0.000000000000000000e+00
0.000000000000000000e+00
2.000000000000000000e+00
0.000000000000000000e+00
1.200000000000000000e+01
0.000000000000000000e+00
0.000000000000000000e+00
1.460000000000000000e+02
5.600000000000000000e+01
6.000000000000000000e+00
3.100000000000000000e+01
2.700000000000000000e+01
8.722000000000000000e+03
2.000000000000000000e+00
0.000000000000000000e+00
0.000000000000000000e+00
0.000000000000000000e+00
1.147200000000000000e+04
0.000000000000000000e+00
0.000000000000000000e+00
0.000000000000000000e+00
2.539480000000000000e+05
6.740000000000000000e+02
1.913000000000000000e+03
0.000000000000000000e+00
1.000000000000000000e+00
5.755000000000000000e+03
2.000000000000000000e+00
2.000000000000000000e+01
1.708000000000000000e+03
2.800000000000000000e+01
2.809000000000000000e+03
6.000000000000000000e+00
2.950000000000000000e+02
1.000000000000000000e+00
7.000000000000000000e+00
1.500000000000000000e+01
5.000000000000000000e+00
7.000000000000000000e+00
7.000000000000000000e+00
1.500000000000000000e+01
1.000000000000000000e+00
0.000000000000000000e+00
2.180000000000000000e+02
1.450000000000000000e+02
0.000000000000000000e+00
0.000000000000000000e+00
3.000000000000000000e+00
4.457100000000000000e+04
0.000000000000000000e+00
0.000000000000000000e+00
1.588400000000000000e+04
1.065000000000000000e+03
6.310000000000000000e+02
2.890000000000000000e+02
7.000000000000000000e+00
1.200000000000000000e+01
1.376400000000000000e+04
2.000000000000000000e+00
8.895000000000000000e+03
2.000000000000000000e+00
5.900000000000000000e+01
1.840000000000000000e+02
6.000000000000000000e+00
1.200000000000000000e+01
1.500000000000000000e+02
3.000000000000000000e+00
6.000000000000000000e+00
0.000000000000000000e+00
0.000000000000000000e+00
3.000000000000000000e+00
1.510000000000000000e+02
0.000000000000000000e+00
1.160000000000000000e+02
0.000000000000000000e+00
0.000000000000000000e+00
1.025000000000000000e+03
2.000000000000000000e+00
0.000000000000000000e+00
4.941000000000000000e+03
1.400000000000000000e+01
1.000000000000000000e+00
0.000000000000000000e+00
0.000000000000000000e+00
0.000000000000000000e+00
0.000000000000000000e+00
1.000000000000000000e+00
0.000000000000000000e+00
3.091800000000000000e+04
1.590000000000000000e+02
0.000000000000000000e+00
0.000000000000000000e+00
9.000000000000000000e+00
3.100000000000000000e+01
5.200000000000000000e+01
2.000000000000000000e+00
6.600000000000000000e+01
1.000000000000000000e+01
3.000000000000000000e+00
1.700000000000000000e+01
6.400000000000000000e+01
1.880000000000000000e+02
5.000000000000000000e+00
0.000000000000000000e+00
1.000000000000000000e+00
8.130000000000000000e+02
0.000000000000000000e+00
0.000000000000000000e+00
0.000000000000000000e+00
3.230000000000000000e+02
2.350000000000000000e+02
0.000000000000000000e+00
0.000000000000000000e+00
0.000000000000000000e+00
0.000000000000000000e+00
2.000000000000000000e+00
2.000000000000000000e+00
0.000000000000000000e+00
0.000000000000000000e+00
0.000000000000000000e+00
2.000000000000000000e+00
2.000000000000000000e+00
1.980000000000000000e+02
0.000000000000000000e+00
0.000000000000000000e+00
2.000000000000000000e+00
6.000000000000000000e+00
1.600000000000000000e+01
2.200000000000000000e+01
8.600000000000000000e+01
8.000000000000000000e+00
8.000000000000000000e+00
9.800000000000000000e+01
2.600000000000000000e+01
0.000000000000000000e+00
5.000000000000000000e+00
2.431900000000000000e+04
1.790000000000000000e+02
1.069000000000000000e+04
6.800000000000000000e+01
3.000000000000000000e+00
5.300000000000000000e+01
0.000000000000000000e+00
2.000000000000000000e+00
0.000000000000000000e+00
6.000000000000000000e+00
2.581400000000000000e+04
1.770000000000000000e+02
3.700000000000000000e+01
4.000000000000000000e+00
6.000000000000000000e+00
1.700000000000000000e+01
2.710000000000000000e+02
0.000000000000000000e+00
2.130000000000000000e+02
1.000000000000000000e+00
0.000000000000000000e+00
7.000000000000000000e+00
1.197000000000000000e+03
2.000000000000000000e+00
2.800000000000000000e+01
0.000000000000000000e+00
1.000000000000000000e+00
0.000000000000000000e+00
2.600000000000000000e+01
0.000000000000000000e+00
0.000000000000000000e+00
0.000000000000000000e+00
3.700000000000000000e+01
2.000000000000000000e+00
1.300000000000000000e+01
3.300000000000000000e+01
4.600000000000000000e+01
6.000000000000000000e+00
4.999000000000000000e+03
3.600000000000000000e+01
9.000000000000000000e+00
0.000000000000000000e+00
7.000000000000000000e+00
2.500000000000000000e+01
0.000000000000000000e+00
1.130000000000000000e+02
1.400000000000000000e+01
1.000000000000000000e+00
4.990000000000000000e+02
0.000000000000000000e+00
3.000000000000000000e+00
3.300000000000000000e+01
3.750000000000000000e+02
0.000000000000000000e+00
0.000000000000000000e+00
4.000000000000000000e+00
0.000000000000000000e+00
0.000000000000000000e+00
0.000000000000000000e+00
3.000000000000000000e+00
5.000000000000000000e+01
0.000000000000000000e+00
0.000000000000000000e+00
1.100000000000000000e+02
5.000000000000000000e+00
7.000000000000000000e+00
1.000000000000000000e+00
1.100000000000000000e+02
0.000000000000000000e+00
3.500000000000000000e+02
6.400000000000000000e+01
0.000000000000000000e+00
7.000000000000000000e+00
0.000000000000000000e+00
0.000000000000000000e+00
4.510000000000000000e+02
5.000000000000000000e+00
0.000000000000000000e+00
5.280000000000000000e+02
2.456700000000000000e+04
2.740000000000000000e+02
2.943100000000000000e+04
5.220000000000000000e+02
0.000000000000000000e+00
0.000000000000000000e+00
5.000000000000000000e+00
6.000000000000000000e+01
1.500000000000000000e+01
2.000000000000000000e+00
2.000000000000000000e+00
9.330000000000000000e+02
0.000000000000000000e+00
2.120000000000000000e+02
2.000000000000000000e+00
1.000000000000000000e+01
7.000000000000000000e+00
0.000000000000000000e+00
4.100000000000000000e+01
6.000000000000000000e+00
8.000000000000000000e+00
6.000000000000000000e+00
5.150000000000000000e+02
4.100000000000000000e+01
5.000000000000000000e+01
3.890000000000000000e+02
0.000000000000000000e+00
0.000000000000000000e+00
7.810000000000000000e+02
0.000000000000000000e+00
1.000000000000000000e+00
0.000000000000000000e+00
2.540000000000000000e+02
3.300000000000000000e+01
1.210000000000000000e+02
2.000000000000000000e+00
0.000000000000000000e+00
1.080000000000000000e+02
1.000000000000000000e+00
9.500000000000000000e+01
1.800000000000000000e+01
1.918990000000000000e+05
2.585000000000000000e+03
2.000000000000000000e+00
1.000000000000000000e+00
0.000000000000000000e+00
5.100000000000000000e+01
0.000000000000000000e+00
1.500000000000000000e+01
2.100000000000000000e+01
2.512000000000000000e+03
1.400000000000000000e+01
2.200000000000000000e+01
2.660000000000000000e+02
8.200000000000000000e+01
1.900000000000000000e+01
7.000000000000000000e+00
0.000000000000000000e+00
1.000000000000000000e+01
1.500000000000000000e+01
2.970000000000000000e+02
1.000000000000000000e+01
0.000000000000000000e+00
1.000000000000000000e+01
0.000000000000000000e+00
2.000000000000000000e+00
1.700000000000000000e+01
5.240000000000000000e+02
2.000000000000000000e+00
0.000000000000000000e+00
0.000000000000000000e+00
4.000000000000000000e+00
8.900000000000000000e+01
2.000000000000000000e+00
6.200000000000000000e+01
1.050000000000000000e+02
4.000000000000000000e+02
4.180000000000000000e+02
6.780000000000000000e+02
5.000000000000000000e+01
1.016000000000000000e+03
1.570000000000000000e+02
2.000000000000000000e+00
5.000000000000000000e+00
1.500000000000000000e+01
2.200000000000000000e+01
1.500000000000000000e+01
9.860000000000000000e+02
5.008000000000000000e+03
2.321000000000000000e+03
8.300000000000000000e+01
0.000000000000000000e+00
0.000000000000000000e+00
1.100000000000000000e+01
0.000000000000000000e+00
0.000000000000000000e+00
3.000000000000000000e+00
4.000000000000000000e+00
0.000000000000000000e+00
5.265700000000000000e+04
2.200000000000000000e+01
2.000000000000000000e+00
6.000000000000000000e+00
1.490000000000000000e+02
0.000000000000000000e+00
9.418500000000000000e+04
9.800000000000000000e+01
7.000000000000000000e+00
8.000000000000000000e+00
1.300000000000000000e+01
2.000000000000000000e+00
5.000000000000000000e+00
5.000000000000000000e+00
0.000000000000000000e+00
0.000000000000000000e+00
4.000000000000000000e+00
1.000000000000000000e+00
0.000000000000000000e+00
8.100000000000000000e+01
2.799100000000000000e+04
3.000000000000000000e+00
2.783100000000000000e+04
0.000000000000000000e+00
2.200000000000000000e+01
5.000000000000000000e+00
3.000000000000000000e+00
0.000000000000000000e+00
7.370000000000000000e+02
2.000000000000000000e+00
0.000000000000000000e+00
3.900000000000000000e+02
0.000000000000000000e+00
3.000000000000000000e+00
1.400000000000000000e+01
1.400000000000000000e+01
0.000000000000000000e+00
4.000000000000000000e+00
2.280000000000000000e+02
1.000000000000000000e+00
7.750000000000000000e+02
3.000000000000000000e+00
1.700000000000000000e+01
0.000000000000000000e+00
5.000000000000000000e+01
0.000000000000000000e+00
1.000000000000000000e+00
2.000000000000000000e+00
0.000000000000000000e+00
6.000000000000000000e+00
1.300000000000000000e+01
0.000000000000000000e+00
0.000000000000000000e+00
1.000000000000000000e+01
0.000000000000000000e+00
0.000000000000000000e+00
2.000000000000000000e+00
1.000000000000000000e+00
5.200000000000000000e+02
2.000000000000000000e+00
0.000000000000000000e+00
6.403000000000000000e+03
1.000000000000000000e+00
3.118000000000000000e+03
1.000000000000000000e+01
0.000000000000000000e+00
4.000000000000000000e+00
2.000000000000000000e+00
0.000000000000000000e+00
2.000000000000000000e+00
0.000000000000000000e+00
2.000000000000000000e+00
0.000000000000000000e+00
0.000000000000000000e+00
0.000000000000000000e+00
0.000000000000000000e+00
0.000000000000000000e+00
5.000000000000000000e+00
2.900000000000000000e+01
0.000000000000000000e+00
6.800000000000000000e+01
0.000000000000000000e+00
1.241000000000000000e+03
2.000000000000000000e+00
1.910000000000000000e+02
0.000000000000000000e+00
4.000000000000000000e+00
9.794000000000000000e+03
3.000000000000000000e+00
3.960000000000000000e+02
4.600000000000000000e+01
4.000000000000000000e+00
1.281000000000000000e+03
4.000000000000000000e+00
0.000000000000000000e+00
0.000000000000000000e+00
2.000000000000000000e+00
3.060000000000000000e+02
2.700000000000000000e+01
1.890000000000000000e+03
1.000000000000000000e+00
4.376300000000000000e+04
0.000000000000000000e+00
0.000000000000000000e+00
0.000000000000000000e+00
2.700000000000000000e+01
4.600000000000000000e+01
2.234000000000000000e+03
0.000000000000000000e+00
1.300000000000000000e+01
1.800000000000000000e+02
3.000000000000000000e+01
0.000000000000000000e+00
3.000000000000000000e+00
5.900000000000000000e+01
1.000000000000000000e+00
1.750000000000000000e+02
2.000000000000000000e+00
0.000000000000000000e+00
2.526000000000000000e+03
2.615000000000000000e+03
1.600000000000000000e+01
7.000000000000000000e+00
0.000000000000000000e+00
3.286000000000000000e+03
0.000000000000000000e+00
6.431000000000000000e+03
0.000000000000000000e+00
9.120000000000000000e+02
0.000000000000000000e+00
1.750000000000000000e+02
2.350000000000000000e+02
6.700000000000000000e+01
3.000000000000000000e+00
0.000000000000000000e+00
2.000000000000000000e+00
0.000000000000000000e+00
1.000000000000000000e+00
7.387000000000000000e+03
5.700000000000000000e+02
1.200000000000000000e+01
3.600000000000000000e+01
3.056700000000000000e+04
0.000000000000000000e+00
2.304000000000000000e+03
5.000000000000000000e+01
4.300000000000000000e+01
4.000000000000000000e+00
6.000000000000000000e+00
0.000000000000000000e+00
9.300000000000000000e+01
5.120000000000000000e+02
9.000000000000000000e+01
4.000000000000000000e+00
4.000000000000000000e+00
1.600000000000000000e+01
0.000000000000000000e+00
7.000000000000000000e+00
3.100000000000000000e+01
4.400000000000000000e+02
9.820000000000000000e+02
0.000000000000000000e+00
2.670000000000000000e+02
0.000000000000000000e+00
5.000000000000000000e+00
6.100000000000000000e+01
3.262700000000000000e+04
3.100000000000000000e+01
1.970000000000000000e+02
9.000000000000000000e+00
6.000000000000000000e+00
2.000000000000000000e+00
0.000000000000000000e+00
1.930000000000000000e+02
2.000000000000000000e+00
4.000000000000000000e+00
0.000000000000000000e+00
4.000000000000000000e+00
5.900000000000000000e+01
4.000000000000000000e+00
1.950000000000000000e+02
0.000000000000000000e+00
7.430000000000000000e+02
2.000000000000000000e+00
0.000000000000000000e+00
0.000000000000000000e+00
4.520000000000000000e+02
3.014600000000000000e+04
2.000000000000000000e+00
0.000000000000000000e+00
0.000000000000000000e+00
0.000000000000000000e+00
0.000000000000000000e+00
3.980000000000000000e+02
8.070000000000000000e+02
2.200000000000000000e+01
1.400000000000000000e+01
4.290000000000000000e+02
0.000000000000000000e+00
0.000000000000000000e+00
4.049010000000000000e+05
1.360000000000000000e+02
3.000000000000000000e+00
8.000000000000000000e+00
1.000000000000000000e+00
0.000000000000000000e+00
5.000000000000000000e+00
5.400000000000000000e+01
8.000000000000000000e+00
9.000000000000000000e+00
6.300000000000000000e+01
0.000000000000000000e+00
2.000000000000000000e+00
8.000000000000000000e+00
2.000000000000000000e+00
4.900000000000000000e+01
1.500000000000000000e+01
6.580000000000000000e+02
2.300000000000000000e+01
0.000000000000000000e+00
0.000000000000000000e+00
1.000000000000000000e+01
1.100000000000000000e+01
2.100000000000000000e+01
5.000000000000000000e+00
1.815000000000000000e+03
1.000000000000000000e+00
2.200000000000000000e+01
1.400000000000000000e+02
2.000000000000000000e+00
0.000000000000000000e+00
1.900000000000000000e+01
1.200000000000000000e+01
0.000000000000000000e+00
2.000000000000000000e+00
5.000000000000000000e+00
0.000000000000000000e+00
0.000000000000000000e+00
7.000000000000000000e+00
5.900000000000000000e+01
1.020000000000000000e+02
2.000000000000000000e+00
9.400000000000000000e+01
7.900000000000000000e+01
1.000000000000000000e+00
3.100000000000000000e+01
0.000000000000000000e+00
0.000000000000000000e+00
4.000000000000000000e+00
0.000000000000000000e+00
0.000000000000000000e+00
2.000000000000000000e+01
1.914000000000000000e+03
0.000000000000000000e+00
0.000000000000000000e+00
2.000000000000000000e+01
0.000000000000000000e+00
8.401000000000000000e+03
5.720000000000000000e+02
1.000000000000000000e+00
2.800000000000000000e+01
0.000000000000000000e+00
0.000000000000000000e+00
2.500000000000000000e+01
2.310000000000000000e+03
0.000000000000000000e+00
1.200000000000000000e+01
3.350000000000000000e+02
0.000000000000000000e+00
4.000000000000000000e+00
2.900000000000000000e+01
2.000000000000000000e+00
3.980000000000000000e+02
3.000000000000000000e+00
8.000000000000000000e+00
3.000000000000000000e+00
6.560000000000000000e+02
2.340000000000000000e+02
0.000000000000000000e+00
5.000000000000000000e+00
1.800000000000000000e+01
1.400000000000000000e+01
1.770000000000000000e+02
9.000000000000000000e+00
5.000000000000000000e+00
6.000000000000000000e+00
8.800000000000000000e+01
0.000000000000000000e+00
2.000000000000000000e+00
0.000000000000000000e+00
0.000000000000000000e+00
2.000000000000000000e+00
6.700000000000000000e+01
2.000000000000000000e+01
9.680000000000000000e+02
2.500000000000000000e+01
3.000000000000000000e+00
0.000000000000000000e+00
1.282500000000000000e+04
1.130000000000000000e+02
2.000000000000000000e+00
7.700000000000000000e+01
1.690000000000000000e+03
1.046000000000000000e+03
0.000000000000000000e+00
2.400000000000000000e+01
1.290000000000000000e+02
0.000000000000000000e+00
3.500000000000000000e+01
5.000000000000000000e+01
2.000000000000000000e+00
0.000000000000000000e+00
5.250000000000000000e+02
1.200000000000000000e+01
1.886000000000000000e+04
0.000000000000000000e+00
0.000000000000000000e+00
4.020000000000000000e+02
9.200000000000000000e+01
1.000000000000000000e+00
5.000000000000000000e+00
0.000000000000000000e+00
1.700000000000000000e+01
6.512000000000000000e+03
2.216000000000000000e+03
0.000000000000000000e+00
5.800000000000000000e+01
4.360000000000000000e+02
1.600000000000000000e+01
0.000000000000000000e+00
2.000000000000000000e+00
1.512000000000000000e+03
0.000000000000000000e+00
0.000000000000000000e+00
0.000000000000000000e+00
4.000000000000000000e+00
0.000000000000000000e+00
2.620000000000000000e+02
2.000000000000000000e+00
1.100000000000000000e+01
3.000000000000000000e+00
1.986000000000000000e+03
0.000000000000000000e+00
1.800000000000000000e+01
6.000000000000000000e+00
0.000000000000000000e+00
2.000000000000000000e+00
4.000000000000000000e+00
1.000000000000000000e+01
4.000000000000000000e+00
2.800000000000000000e+01
0.000000000000000000e+00
3.143620000000000000e+05
0.000000000000000000e+00
2.000000000000000000e+00
1.010000000000000000e+02
2.000000000000000000e+00
2.370000000000000000e+02
1.300000000000000000e+01
2.300000000000000000e+01
1.400000000000000000e+01
7.200000000000000000e+01
1.430000000000000000e+02
4.000000000000000000e+00
5.900000000000000000e+01
8.310000000000000000e+02
3.100000000000000000e+01
1.000000000000000000e+00
1.273000000000000000e+03
2.300000000000000000e+01
7.000000000000000000e+00
1.821400000000000000e+04
3.670000000000000000e+02
4.000000000000000000e+00
9.000000000000000000e+00
0.000000000000000000e+00
0.000000000000000000e+00
1.000000000000000000e+00
0.000000000000000000e+00
1.300000000000000000e+01
0.000000000000000000e+00
3.900000000000000000e+01
0.000000000000000000e+00
0.000000000000000000e+00
2.000000000000000000e+00
2.000000000000000000e+00
8.235000000000000000e+03
0.000000000000000000e+00
4.300000000000000000e+01
0.000000000000000000e+00
3.140000000000000000e+03
0.000000000000000000e+00
0.000000000000000000e+00
1.600000000000000000e+01
0.000000000000000000e+00
4.000000000000000000e+00
7.000000000000000000e+00
8.302000000000000000e+03
0.000000000000000000e+00
1.570000000000000000e+02
7.300000000000000000e+01
7.000000000000000000e+00
9.700000000000000000e+01
8.100000000000000000e+01
2.090000000000000000e+02
2.000000000000000000e+00
1.000000000000000000e+00
1.300000000000000000e+01
8.290900000000000000e+04
7.000000000000000000e+00
0.000000000000000000e+00
0.000000000000000000e+00
0.000000000000000000e+00
0.000000000000000000e+00
1.000000000000000000e+00
6.704000000000000000e+03
0.000000000000000000e+00
0.000000000000000000e+00
1.000000000000000000e+00
2.000000000000000000e+00
3.440000000000000000e+02
3.000000000000000000e+00
3.245000000000000000e+03
1.090000000000000000e+02
0.000000000000000000e+00
1.494000000000000000e+03
1.000000000000000000e+00
1.639000000000000000e+03
0.000000000000000000e+00
1.991400000000000000e+04
1.910000000000000000e+02
0.000000000000000000e+00
6.860000000000000000e+02
2.000000000000000000e+00
0.000000000000000000e+00
9.000000000000000000e+00
0.000000000000000000e+00
8.300000000000000000e+01
5.180000000000000000e+02
2.000000000000000000e+00
6.700000000000000000e+01
7.900000000000000000e+01
0.000000000000000000e+00
1.000000000000000000e+01
1.600000000000000000e+01
1.620000000000000000e+02
0.000000000000000000e+00
7.000000000000000000e+00
3.283000000000000000e+03
4.600000000000000000e+01
4.000000000000000000e+00
0.000000000000000000e+00
8.460000000000000000e+02
7.800000000000000000e+02
1.304000000000000000e+03
5.387000000000000000e+03
0.000000000000000000e+00
2.100000000000000000e+01
2.100000000000000000e+01
5.000000000000000000e+00
1.500000000000000000e+02
3.000000000000000000e+01
0.000000000000000000e+00
2.000000000000000000e+00
5.000000000000000000e+00
8.000000000000000000e+01
6.000000000000000000e+00
4.101000000000000000e+03
1.140000000000000000e+02
0.000000000000000000e+00
2.000000000000000000e+00
3.000000000000000000e+00
8.080000000000000000e+02
5.843000000000000000e+03
3.000000000000000000e+00
4.000000000000000000e+00
7.990000000000000000e+02
0.000000000000000000e+00
7.010000000000000000e+02
9.175000000000000000e+03
4.700000000000000000e+01
0.000000000000000000e+00
1.030000000000000000e+02
2.050000000000000000e+02
0.000000000000000000e+00
1.500000000000000000e+01
4.000000000000000000e+00
2.800000000000000000e+01
2.400000000000000000e+01
5.600000000000000000e+01
0.000000000000000000e+00
0.000000000000000000e+00
0.000000000000000000e+00
3.734100000000000000e+04
8.100000000000000000e+01
0.000000000000000000e+00
0.000000000000000000e+00
2.000000000000000000e+00
4.000000000000000000e+00
6.000000000000000000e+00
0.000000000000000000e+00
9.399000000000000000e+03
7.500000000000000000e+01
4.000000000000000000e+00
4.960000000000000000e+02
0.000000000000000000e+00
3.000000000000000000e+00
2.900000000000000000e+01
0.000000000000000000e+00
2.000000000000000000e+00
1.435000000000000000e+04
1.147000000000000000e+03
2.400000000000000000e+02
5.000000000000000000e+00
0.000000000000000000e+00
2.000000000000000000e+01
6.000000000000000000e+00
4.400000000000000000e+01
2.320000000000000000e+02
4.200000000000000000e+01
3.695100000000000000e+04
0.000000000000000000e+00
0.000000000000000000e+00
3.572000000000000000e+03
1.390000000000000000e+02
0.000000000000000000e+00
0.000000000000000000e+00
1.000000000000000000e+00
1.000000000000000000e+00
0.000000000000000000e+00
6.200000000000000000e+01
0.000000000000000000e+00
1.390000000000000000e+02
1.000000000000000000e+00
0.000000000000000000e+00
0.000000000000000000e+00
0.000000000000000000e+00
9.415000000000000000e+03
0.000000000000000000e+00
3.400000000000000000e+01
1.418640000000000000e+05
0.000000000000000000e+00
0.000000000000000000e+00
0.000000000000000000e+00
4.600000000000000000e+01
0.000000000000000000e+00
0.000000000000000000e+00
0.000000000000000000e+00
0.000000000000000000e+00
6.180000000000000000e+02
0.000000000000000000e+00
1.580000000000000000e+02
0.000000000000000000e+00
8.000000000000000000e+00
3.790000000000000000e+02
9.100000000000000000e+01
1.000000000000000000e+00
1.000000000000000000e+00
1.000000000000000000e+01
3.500000000000000000e+01
0.000000000000000000e+00
5.300000000000000000e+01
1.670000000000000000e+02
2.600000000000000000e+01
0.000000000000000000e+00
1.000000000000000000e+00
1.100000000000000000e+01
2.300000000000000000e+01
7.600000000000000000e+02
2.940000000000000000e+02
1.000000000000000000e+00
3.210000000000000000e+02
2.000000000000000000e+00
1.000000000000000000e+01
5.000000000000000000e+00
1.290000000000000000e+02
8.000000000000000000e+00
0.000000000000000000e+00
0.000000000000000000e+00
5.310000000000000000e+02
5.360000000000000000e+02
2.280000000000000000e+02
2.008800000000000000e+04
6.653000000000000000e+03
2.500000000000000000e+01
0.000000000000000000e+00
5.000000000000000000e+01
6.000000000000000000e+00
1.000000000000000000e+00
0.000000000000000000e+00
0.000000000000000000e+00
4.000000000000000000e+00
2.000000000000000000e+00
0.000000000000000000e+00
8.090000000000000000e+02
3.100000000000000000e+01
1.000000000000000000e+00
0.000000000000000000e+00
0.000000000000000000e+00
2.220600000000000000e+04
4.100000000000000000e+01
0.000000000000000000e+00
2.000000000000000000e+00
1.100000000000000000e+01
1.500000000000000000e+01
1.151000000000000000e+03
9.217400000000000000e+04
2.510000000000000000e+02
0.000000000000000000e+00
1.400000000000000000e+01
0.000000000000000000e+00
1.100000000000000000e+02
1.000000000000000000e+00
6.433200000000000000e+04
2.510000000000000000e+02
9.000000000000000000e+00
7.000000000000000000e+00
1.000000000000000000e+00
1.300000000000000000e+01
2.600000000000000000e+01
1.300000000000000000e+01
1.100000000000000000e+01
6.480000000000000000e+02
0.000000000000000000e+00
0.000000000000000000e+00
2.600000000000000000e+01
6.000000000000000000e+00
2.090000000000000000e+02
3.200000000000000000e+01
7.600000000000000000e+01
7.046500000000000000e+04
4.600000000000000000e+01
0.000000000000000000e+00
0.000000000000000000e+00
1.000000000000000000e+00
7.320000000000000000e+02
3.000000000000000000e+00
3.000000000000000000e+00
0.000000000000000000e+00
2.000000000000000000e+00
0.000000000000000000e+00
0.000000000000000000e+00
7.000000000000000000e+00
0.000000000000000000e+00
1.616500000000000000e+04
0.000000000000000000e+00
0.000000000000000000e+00
0.000000000000000000e+00
1.100000000000000000e+01
5.000000000000000000e+01
1.000000000000000000e+00
1.800000000000000000e+01
1.400000000000000000e+01
1.900000000000000000e+01
1.072000000000000000e+03
5.500000000000000000e+01
2.436000000000000000e+03
0.000000000000000000e+00
6.400000000000000000e+02
4.500000000000000000e+01
0.000000000000000000e+00
7.000000000000000000e+00
0.000000000000000000e+00
2.000000000000000000e+00
2.284000000000000000e+03
0.000000000000000000e+00
2.610000000000000000e+02
0.000000000000000000e+00
0.000000000000000000e+00
0.000000000000000000e+00
6.000000000000000000e+00
2.700000000000000000e+01
0.000000000000000000e+00
1.307200000000000000e+04
0.000000000000000000e+00
0.000000000000000000e+00
1.300000000000000000e+01
1.300000000000000000e+01
1.720000000000000000e+02
5.780000000000000000e+02
2.370000000000000000e+02
5.000000000000000000e+00
0.000000000000000000e+00
4.000000000000000000e+00
3.220000000000000000e+02
3.600000000000000000e+01
1.600000000000000000e+01
4.260000000000000000e+02
8.500000000000000000e+01
1.500000000000000000e+02
6.900000000000000000e+01
0.000000000000000000e+00
6.000000000000000000e+00
9.000000000000000000e+00
2.000000000000000000e+00
1.000000000000000000e+00
1.500000000000000000e+01
1.170000000000000000e+02
3.100000000000000000e+01
5.000000000000000000e+01
1.900000000000000000e+01
0.000000000000000000e+00
4.000000000000000000e+00
0.000000000000000000e+00
3.800000000000000000e+01
3.700000000000000000e+01
4.100000000000000000e+01
0.000000000000000000e+00
1.400000000000000000e+01
6.900000000000000000e+01
1.725000000000000000e+03
4.000000000000000000e+01
3.800000000000000000e+01
4.000000000000000000e+00
1.500000000000000000e+01
2.200000000000000000e+02
7.000000000000000000e+00
5.750000000000000000e+02
2.000000000000000000e+00
9.000000000000000000e+00
0.000000000000000000e+00
4.000000000000000000e+00
1.140000000000000000e+02
1.600000000000000000e+02
0.000000000000000000e+00
0.000000000000000000e+00
3.000000000000000000e+00
6.000000000000000000e+00
1.241500000000000000e+04
5.000000000000000000e+00
2.820000000000000000e+02
0.000000000000000000e+00
6.542300000000000000e+04
2.009000000000000000e+03
8.000000000000000000e+00
0.000000000000000000e+00
0.000000000000000000e+00
1.000000000000000000e+00
2.000000000000000000e+00
2.000000000000000000e+00
1.000000000000000000e+00
5.930000000000000000e+02
2.100000000000000000e+01
4.000000000000000000e+00
1.000000000000000000e+00
4.670000000000000000e+02
7.000000000000000000e+00
5.030000000000000000e+02
2.430000000000000000e+02
0.000000000000000000e+00
1.010000000000000000e+02
0.000000000000000000e+00
3.656000000000000000e+03
0.000000000000000000e+00
1.287000000000000000e+03
6.405000000000000000e+03
4.900000000000000000e+01
2.100000000000000000e+01
1.885000000000000000e+03
2.300000000000000000e+01
0.000000000000000000e+00
1.000000000000000000e+00
0.000000000000000000e+00
0.000000000000000000e+00
0.000000000000000000e+00
7.000000000000000000e+00
1.900000000000000000e+01
1.060000000000000000e+02
2.000000000000000000e+00
3.503530000000000000e+05
3.280000000000000000e+02
1.676400000000000000e+04
0.000000000000000000e+00
0.000000000000000000e+00
2.937100000000000000e+04
0.000000000000000000e+00
5.500000000000000000e+01
2.600000000000000000e+03
9.000000000000000000e+00
2.000000000000000000e+00
2.000000000000000000e+00
1.222000000000000000e+03
0.000000000000000000e+00
1.000000000000000000e+00
4.000000000000000000e+00
0.000000000000000000e+00
0.000000000000000000e+00
2.400000000000000000e+01
4.000000000000000000e+00
0.000000000000000000e+00
0.000000000000000000e+00
4.000000000000000000e+00
0.000000000000000000e+00
1.600000000000000000e+01
5.000000000000000000e+00
2.100000000000000000e+01
0.000000000000000000e+00
1.400000000000000000e+01
6.520000000000000000e+02
6.000000000000000000e+00
1.530000000000000000e+02
0.000000000000000000e+00
8.000000000000000000e+00
7.000000000000000000e+00
2.840000000000000000e+02
0.000000000000000000e+00
0.000000000000000000e+00
0.000000000000000000e+00
3.000000000000000000e+00
1.700000000000000000e+02
0.000000000000000000e+00
0.000000000000000000e+00
0.000000000000000000e+00
0.000000000000000000e+00
0.000000000000000000e+00
0.000000000000000000e+00
6.900000000000000000e+01
4.916000000000000000e+03
5.000000000000000000e+00
5.500000000000000000e+01
6.000000000000000000e+00
1.563490000000000000e+05
7.000000000000000000e+00
8.000000000000000000e+00
1.100000000000000000e+01
1.600000000000000000e+02
0.000000000000000000e+00
0.000000000000000000e+00
2.700000000000000000e+01
1.000000000000000000e+00
2.787900000000000000e+04
1.000000000000000000e+00
1.000000000000000000e+00
0.000000000000000000e+00
0.000000000000000000e+00
2.010000000000000000e+02
1.000000000000000000e+00
3.080000000000000000e+02
0.000000000000000000e+00
2.100000000000000000e+01
1.000000000000000000e+01
0.000000000000000000e+00
1.530000000000000000e+02
1.980000000000000000e+02
3.000000000000000000e+00
0.000000000000000000e+00
0.000000000000000000e+00
0.000000000000000000e+00
3.000000000000000000e+00
0.000000000000000000e+00
0.000000000000000000e+00
8.000000000000000000e+00
0.000000000000000000e+00
1.300000000000000000e+01
6.000000000000000000e+01
2.000000000000000000e+00
1.190000000000000000e+02
0.000000000000000000e+00
0.000000000000000000e+00
0.000000000000000000e+00
1.100000000000000000e+01
1.600000000000000000e+01
8.000000000000000000e+00
5.100000000000000000e+01
5.500000000000000000e+01
0.000000000000000000e+00
0.000000000000000000e+00
9.300000000000000000e+01
2.000000000000000000e+00
2.260000000000000000e+02
6.000000000000000000e+00
0.000000000000000000e+00
2.000000000000000000e+01
1.360000000000000000e+02
6.000000000000000000e+00
1.533500000000000000e+04
0.000000000000000000e+00
1.800000000000000000e+01
2.682000000000000000e+03
4.000000000000000000e+00
4.000000000000000000e+00
2.568000000000000000e+03
8.480000000000000000e+02
0.000000000000000000e+00
0.000000000000000000e+00
0.000000000000000000e+00
1.000000000000000000e+00
1.535000000000000000e+03
7.500000000000000000e+01
0.000000000000000000e+00
0.000000000000000000e+00
3.424000000000000000e+03
0.000000000000000000e+00
3.560000000000000000e+02
0.000000000000000000e+00
5.000000000000000000e+00
1.000000000000000000e+00
4.800000000000000000e+02
3.700000000000000000e+01
3.830500000000000000e+04
8.000000000000000000e+00
3.000000000000000000e+00
0.000000000000000000e+00
0.000000000000000000e+00
9.600000000000000000e+01
1.156000000000000000e+03
0.000000000000000000e+00
2.000000000000000000e+00
9.850000000000000000e+02
1.000000000000000000e+00
0.000000000000000000e+00
0.000000000000000000e+00
1.120000000000000000e+02
6.000000000000000000e+00
0.000000000000000000e+00
2.489000000000000000e+03
0.000000000000000000e+00
4.000000000000000000e+00
2.100000000000000000e+01
6.930000000000000000e+02
1.859000000000000000e+03
1.769000000000000000e+03
4.380000000000000000e+02
0.000000000000000000e+00
0.000000000000000000e+00
0.000000000000000000e+00
1.300000000000000000e+01
5.740000000000000000e+02
2.200000000000000000e+01
2.900000000000000000e+01
7.400000000000000000e+02
6.500000000000000000e+01
1.110000000000000000e+02
2.600000000000000000e+01
1.000000000000000000e+00
3.018000000000000000e+03
0.000000000000000000e+00
2.740000000000000000e+02
2.000000000000000000e+00
1.200000000000000000e+01
0.000000000000000000e+00
5.537000000000000000e+03
0.000000000000000000e+00
0.000000000000000000e+00
8.400000000000000000e+01
0.000000000000000000e+00
3.000000000000000000e+00
1.666000000000000000e+03
0.000000000000000000e+00
0.000000000000000000e+00
0.000000000000000000e+00
6.000000000000000000e+00
0.000000000000000000e+00
2.510000000000000000e+02
3.300000000000000000e+01
0.000000000000000000e+00
1.300000000000000000e+01
0.000000000000000000e+00
1.000000000000000000e+01
0.000000000000000000e+00
2.625100000000000000e+04
1.200000000000000000e+01
3.500000000000000000e+01
3.100000000000000000e+01
1.042000000000000000e+05
7.000000000000000000e+00
7.000000000000000000e+00
3.000000000000000000e+00
1.260000000000000000e+02
1.000000000000000000e+01
0.000000000000000000e+00
1.509100000000000000e+05
8.000000000000000000e+00
0.000000000000000000e+00
1.000000000000000000e+00
0.000000000000000000e+00
0.000000000000000000e+00
1.250000000000000000e+02
3.000000000000000000e+00
3.839000000000000000e+03
0.000000000000000000e+00
0.000000000000000000e+00
1.790000000000000000e+02
2.000000000000000000e+00
0.000000000000000000e+00
0.000000000000000000e+00
5.190000000000000000e+02
0.000000000000000000e+00
5.000000000000000000e+00
0.000000000000000000e+00
0.000000000000000000e+00
6.400000000000000000e+01
0.000000000000000000e+00
4.000000000000000000e+00
1.300000000000000000e+01
7.000000000000000000e+00
0.000000000000000000e+00
0.000000000000000000e+00
3.400000000000000000e+01
0.000000000000000000e+00
0.000000000000000000e+00
1.000000000000000000e+01
1.000000000000000000e+00
2.000000000000000000e+00
2.900000000000000000e+01
2.000000000000000000e+00
9.266000000000000000e+03
2.618000000000000000e+03
3.000000000000000000e+00
1.100000000000000000e+01
7.670000000000000000e+02
6.755900000000000000e+04
4.809000000000000000e+03
3.000000000000000000e+00
8.000000000000000000e+00
1.780000000000000000e+02
0.000000000000000000e+00
0.000000000000000000e+00
1.000000000000000000e+00
0.000000000000000000e+00
2.430000000000000000e+02
0.000000000000000000e+00
1.500000000000000000e+01
2.000000000000000000e+00
0.000000000000000000e+00
0.000000000000000000e+00
1.000000000000000000e+00
2.745000000000000000e+03
6.650000000000000000e+02
9.300000000000000000e+01
0.000000000000000000e+00
5.000000000000000000e+00
4.000000000000000000e+00
1.950000000000000000e+02
1.700000000000000000e+01
4.700000000000000000e+01
3.000000000000000000e+01
1.900000000000000000e+02
2.500000000000000000e+01
1.510000000000000000e+02
1.270000000000000000e+02
4.000000000000000000e+00
0.000000000000000000e+00
1.100000000000000000e+01
2.554000000000000000e+03
0.000000000000000000e+00
0.000000000000000000e+00
1.001700000000000000e+04
0.000000000000000000e+00
4.000000000000000000e+00
6.090000000000000000e+02
1.224500000000000000e+04
0.000000000000000000e+00
3.000000000000000000e+00
2.754490000000000000e+05
9.000000000000000000e+00
3.830000000000000000e+02
0.000000000000000000e+00
1.800000000000000000e+02
0.000000000000000000e+00
2.670000000000000000e+02
1.200000000000000000e+01
0.000000000000000000e+00
8.800000000000000000e+01
8.100000000000000000e+01
0.000000000000000000e+00
0.000000000000000000e+00
5.890000000000000000e+02
1.000000000000000000e+01
2.200000000000000000e+01
1.320000000000000000e+02
0.000000000000000000e+00
0.000000000000000000e+00
2.000000000000000000e+00
0.000000000000000000e+00
4.200000000000000000e+01
5.600000000000000000e+01
2.000000000000000000e+00
1.600000000000000000e+01
1.030000000000000000e+03
1.170000000000000000e+02
1.730000000000000000e+02
4.200000000000000000e+01
2.000000000000000000e+00
1.000000000000000000e+02
0.000000000000000000e+00
0.000000000000000000e+00
2.000000000000000000e+00
3.000000000000000000e+00
7.920000000000000000e+03
0.000000000000000000e+00
1.940000000000000000e+02
0.000000000000000000e+00
8.660700000000000000e+04
2.000000000000000000e+00
1.500000000000000000e+01
4.500000000000000000e+01
3.100000000000000000e+01
7.530000000000000000e+02
1.300000000000000000e+01
0.000000000000000000e+00
5.361000000000000000e+03
0.000000000000000000e+00
8.720000000000000000e+02
9.000000000000000000e+00
0.000000000000000000e+00
2.000000000000000000e+00
4.000000000000000000e+00
6.501000000000000000e+03
1.213000000000000000e+03
0.000000000000000000e+00
0.000000000000000000e+00
5.175200000000000000e+04
8.780000000000000000e+02
0.000000000000000000e+00
2.000000000000000000e+00
8.673000000000000000e+03
0.000000000000000000e+00
0.000000000000000000e+00
4.000000000000000000e+01
0.000000000000000000e+00
0.000000000000000000e+00
3.000000000000000000e+00
3.380000000000000000e+02
1.800000000000000000e+01
0.000000000000000000e+00
3.000000000000000000e+00
3.330000000000000000e+02
1.000000000000000000e+00
1.400000000000000000e+01
0.000000000000000000e+00
2.400000000000000000e+01
0.000000000000000000e+00
1.800000000000000000e+01
8.200000000000000000e+01
1.268000000000000000e+03
0.000000000000000000e+00
2.000000000000000000e+00
0.000000000000000000e+00
0.000000000000000000e+00
2.900000000000000000e+01
6.510000000000000000e+02
5.000000000000000000e+00
1.300000000000000000e+01
2.000000000000000000e+00
1.300000000000000000e+01
9.000000000000000000e+00
8.000000000000000000e+00
1.400000000000000000e+01
6.000000000000000000e+00
2.199000000000000000e+03
4.500000000000000000e+01
3.400000000000000000e+01
9.370000000000000000e+02
4.050000000000000000e+02
5.000000000000000000e+00
8.000000000000000000e+00
0.000000000000000000e+00
3.400000000000000000e+01
0.000000000000000000e+00
5.000000000000000000e+00
1.100000000000000000e+01
0.000000000000000000e+00
2.200000000000000000e+01
0.000000000000000000e+00
6.500000000000000000e+01
0.000000000000000000e+00
0.000000000000000000e+00
0.000000000000000000e+00
8.942000000000000000e+03
0.000000000000000000e+00
0.000000000000000000e+00
0.000000000000000000e+00
3.000000000000000000e+01
5.000000000000000000e+00
6.000000000000000000e+00
0.000000000000000000e+00
2.900000000000000000e+02
0.000000000000000000e+00
1.250000000000000000e+02
4.000000000000000000e+00
7.300000000000000000e+01
3.000000000000000000e+00
0.000000000000000000e+00
0.000000000000000000e+00
2.000000000000000000e+00
3.800000000000000000e+01
0.000000000000000000e+00
1.000000000000000000e+00
2.000000000000000000e+00
1.130000000000000000e+02
2.000000000000000000e+00
3.000000000000000000e+00
2.180000000000000000e+02
0.000000000000000000e+00
1.560000000000000000e+02
6.000000000000000000e+00
3.800000000000000000e+01
2.400000000000000000e+01
0.000000000000000000e+00
7.200000000000000000e+02
4.400000000000000000e+01
2.528000000000000000e+03
0.000000000000000000e+00
0.000000000000000000e+00
0.000000000000000000e+00
8.000000000000000000e+00
0.000000000000000000e+00
8.800000000000000000e+01
0.000000000000000000e+00
3.000000000000000000e+00
0.000000000000000000e+00
0.000000000000000000e+00
2.000000000000000000e+01
1.000000000000000000e+01
2.000000000000000000e+00
4.188000000000000000e+03
0.000000000000000000e+00
6.000000000000000000e+00
0.000000000000000000e+00
1.900000000000000000e+01
2.041300000000000000e+04
0.000000000000000000e+00
2.000000000000000000e+00
7.000000000000000000e+00
0.000000000000000000e+00
0.000000000000000000e+00
1.462840000000000000e+05
3.000000000000000000e+00
2.000000000000000000e+00
1.000000000000000000e+00
1.000000000000000000e+00
0.000000000000000000e+00
1.000000000000000000e+00
0.000000000000000000e+00
1.000000000000000000e+00
6.000000000000000000e+00
1.300000000000000000e+01
0.000000000000000000e+00
1.650000000000000000e+02
4.000000000000000000e+00
2.000000000000000000e+00
0.000000000000000000e+00
1.000000000000000000e+00
0.000000000000000000e+00
2.900000000000000000e+01
1.792500000000000000e+04
8.000000000000000000e+00
2.000000000000000000e+00
1.500000000000000000e+01
2.810000000000000000e+02
2.500000000000000000e+01
1.000000000000000000e+00
5.200000000000000000e+01
1.700000000000000000e+01
5.100000000000000000e+01
5.700000000000000000e+01
0.000000000000000000e+00
1.000000000000000000e+00
1.300000000000000000e+01
0.000000000000000000e+00
1.000000000000000000e+00
0.000000000000000000e+00
0.000000000000000000e+00
5.000000000000000000e+00
4.411000000000000000e+03
0.000000000000000000e+00
9.370000000000000000e+02
1.200000000000000000e+01
1.000000000000000000e+00
3.000000000000000000e+00
2.350000000000000000e+02
5.300000000000000000e+02
3.800000000000000000e+01
5.300000000000000000e+01
0.000000000000000000e+00
5.390000000000000000e+02
1.800000000000000000e+01
5.100000000000000000e+01
8.000000000000000000e+00
0.000000000000000000e+00
2.000000000000000000e+00
4.000000000000000000e+00
0.000000000000000000e+00
2.300000000000000000e+01
4.000000000000000000e+00
0.000000000000000000e+00
0.000000000000000000e+00
0.000000000000000000e+00
0.000000000000000000e+00
4.300000000000000000e+01
2.870000000000000000e+02
3.000000000000000000e+00
3.000000000000000000e+00
5.547000000000000000e+03
1.400000000000000000e+02
0.000000000000000000e+00
5.500000000000000000e+01
4.490000000000000000e+02
0.000000000000000000e+00
0.000000000000000000e+00
1.490000000000000000e+02
0.000000000000000000e+00
0.000000000000000000e+00
2.000000000000000000e+00
4.000000000000000000e+00
0.000000000000000000e+00
4.000000000000000000e+00
1.111140000000000000e+05
0.000000000000000000e+00
1.335300000000000000e+04
8.000000000000000000e+00
2.000000000000000000e+00
0.000000000000000000e+00
0.000000000000000000e+00
2.420000000000000000e+02
7.390000000000000000e+02
6.600000000000000000e+01
0.000000000000000000e+00
5.530000000000000000e+02
4.000000000000000000e+00
1.000000000000000000e+00
1.420000000000000000e+02
3.040000000000000000e+02
0.000000000000000000e+00
4.000000000000000000e+00
8.400000000000000000e+01
3.200000000000000000e+01
1.510000000000000000e+02
2.140000000000000000e+02
5.000000000000000000e+00
4.000000000000000000e+00
9.900000000000000000e+01
2.000000000000000000e+00
2.700000000000000000e+01
7.900000000000000000e+01
3.000000000000000000e+00
1.036000000000000000e+03
5.000000000000000000e+00
0.000000000000000000e+00
6.550000000000000000e+02
1.000000000000000000e+00
4.481000000000000000e+03
5.950000000000000000e+02
2.000000000000000000e+00
0.000000000000000000e+00
3.000000000000000000e+00
2.000000000000000000e+00
2.000000000000000000e+00
3.000000000000000000e+01
3.085900000000000000e+04
6.600000000000000000e+01
6.000000000000000000e+01
2.000000000000000000e+00
0.000000000000000000e+00
2.000000000000000000e+00
5.000000000000000000e+00
2.600000000000000000e+01
6.000000000000000000e+00
9.160000000000000000e+02
1.200000000000000000e+01
1.700000000000000000e+01
0.000000000000000000e+00
1.400000000000000000e+01
4.000000000000000000e+00
1.100000000000000000e+01
0.000000000000000000e+00
0.000000000000000000e+00
3.000000000000000000e+00
5.000000000000000000e+00
7.346000000000000000e+03
1.137810000000000000e+05
1.010000000000000000e+02
9.300000000000000000e+01
0.000000000000000000e+00
4.000000000000000000e+00
0.000000000000000000e+00
2.326000000000000000e+03
5.000000000000000000e+01
4.000000000000000000e+00
0.000000000000000000e+00
1.810000000000000000e+02
2.304000000000000000e+03
2.800000000000000000e+01
4.700000000000000000e+01
4.000000000000000000e+00
2.430000000000000000e+02
0.000000000000000000e+00
4.000000000000000000e+00
0.000000000000000000e+00
4.000000000000000000e+00
0.000000000000000000e+00
3.500000000000000000e+01
1.000000000000000000e+01
5.200000000000000000e+01
4.700000000000000000e+01
3.900000000000000000e+01
2.000000000000000000e+00
0.000000000000000000e+00
6.000000000000000000e+00
2.509000000000000000e+03
0.000000000000000000e+00
0.000000000000000000e+00
0.000000000000000000e+00
1.000000000000000000e+01
0.000000000000000000e+00
9.000000000000000000e+00
4.840000000000000000e+02
2.400000000000000000e+01
0.000000000000000000e+00
0.000000000000000000e+00
0.000000000000000000e+00
0.000000000000000000e+00
1.800000000000000000e+01
0.000000000000000000e+00
9.270000000000000000e+02
2.200000000000000000e+01
4.100000000000000000e+01
7.000000000000000000e+00
4.600000000000000000e+01
3.300000000000000000e+01
1.550800000000000000e+04
1.000000000000000000e+00
2.600000000000000000e+01
6.800000000000000000e+01
4.000000000000000000e+01
0.000000000000000000e+00
1.200000000000000000e+01
0.000000000000000000e+00
2.030000000000000000e+02
0.000000000000000000e+00
2.480000000000000000e+02
1.740000000000000000e+02
8.000000000000000000e+00
0.000000000000000000e+00
6.920000000000000000e+02
0.000000000000000000e+00
5.548000000000000000e+03
2.221590000000000000e+05
6.000000000000000000e+00
0.000000000000000000e+00
0.000000000000000000e+00
7.400000000000000000e+01
5.230000000000000000e+02
5.000000000000000000e+00
0.000000000000000000e+00
0.000000000000000000e+00
4.490000000000000000e+02
3.000000000000000000e+00
4.000000000000000000e+00
7.000000000000000000e+00
7.000000000000000000e+00
1.315000000000000000e+03
0.000000000000000000e+00
1.300000000000000000e+01
6.000000000000000000e+00
6.000000000000000000e+00
2.000000000000000000e+00
9.313000000000000000e+04
5.900000000000000000e+01
0.000000000000000000e+00
0.000000000000000000e+00
0.000000000000000000e+00
1.100000000000000000e+01
1.760000000000000000e+02
0.000000000000000000e+00
5.000000000000000000e+00
2.000000000000000000e+00
5.978100000000000000e+04
0.000000000000000000e+00
8.100000000000000000e+01
0.000000000000000000e+00
0.000000000000000000e+00
1.000000000000000000e+00
9.200000000000000000e+01
4.200000000000000000e+02
4.670000000000000000e+02
6.000000000000000000e+00
0.000000000000000000e+00
0.000000000000000000e+00
1.020000000000000000e+02
3.700000000000000000e+01
0.000000000000000000e+00
0.000000000000000000e+00
4.000000000000000000e+00
0.000000000000000000e+00
7.000000000000000000e+00
7.320000000000000000e+02
5.238000000000000000e+03
2.000000000000000000e+00
1.300000000000000000e+01
5.000000000000000000e+00
4.700000000000000000e+01
3.000000000000000000e+00
0.000000000000000000e+00
1.100000000000000000e+01
0.000000000000000000e+00
2.000000000000000000e+00
0.000000000000000000e+00
1.100000000000000000e+01
1.060860000000000000e+05
8.000000000000000000e+00
1.700000000000000000e+01
0.000000000000000000e+00
9.360000000000000000e+02
8.880000000000000000e+02
0.000000000000000000e+00
4.000000000000000000e+00
0.000000000000000000e+00
7.633000000000000000e+03
2.000000000000000000e+00
4.970000000000000000e+02
6.000000000000000000e+00
2.400000000000000000e+01
1.144000000000000000e+03
1.400000000000000000e+01
1.000000000000000000e+00
0.000000000000000000e+00
1.000000000000000000e+01
8.340000000000000000e+02
0.000000000000000000e+00
1.200000000000000000e+01
0.000000000000000000e+00
3.000000000000000000e+00
1.890000000000000000e+02
4.920000000000000000e+02
1.000000000000000000e+00
3.200000000000000000e+01
0.000000000000000000e+00
0.000000000000000000e+00
4.500000000000000000e+01
6.500000000000000000e+01
3.000000000000000000e+00
0.000000000000000000e+00
2.000000000000000000e+00
2.570000000000000000e+02
5.820000000000000000e+02
3.000000000000000000e+01
0.000000000000000000e+00
6.000000000000000000e+01
8.000000000000000000e+00
4.300000000000000000e+01
0.000000000000000000e+00
2.000000000000000000e+00
4.000000000000000000e+00
7.000000000000000000e+00
1.200000000000000000e+01
2.800000000000000000e+01
2.510000000000000000e+02
5.000000000000000000e+00
4.000000000000000000e+00
1.105000000000000000e+03
8.000000000000000000e+00
0.000000000000000000e+00
0.000000000000000000e+00
2.230300000000000000e+04
1.000000000000000000e+00
4.000000000000000000e+01
2.000000000000000000e+00
2.500000000000000000e+01
1.440000000000000000e+02
7.389000000000000000e+03
1.215870000000000000e+05
7.207000000000000000e+03
2.518000000000000000e+03
5.000000000000000000e+00
2.000000000000000000e+00
2.578000000000000000e+03
0.000000000000000000e+00
1.000000000000000000e+00
1.300000000000000000e+03
2.000000000000000000e+00
5.000000000000000000e+01
5.011000000000000000e+03
0.000000000000000000e+00
0.000000000000000000e+00
4.000000000000000000e+01
0.000000000000000000e+00
2.240000000000000000e+02
3.100000000000000000e+01
2.708500000000000000e+04
7.965000000000000000e+03
5.000000000000000000e+00
1.730000000000000000e+02
0.000000000000000000e+00
3.550000000000000000e+02
0.000000000000000000e+00
3.100000000000000000e+01
1.790000000000000000e+02
1.000000000000000000e+00
8.000000000000000000e+01
0.000000000000000000e+00
1.600000000000000000e+02
1.910000000000000000e+02
0.000000000000000000e+00
6.530000000000000000e+02
3.100000000000000000e+02
0.000000000000000000e+00
5.300000000000000000e+02
1.900000000000000000e+02
6.000000000000000000e+00
0.000000000000000000e+00
2.200000000000000000e+01
8.860000000000000000e+02
0.000000000000000000e+00
0.000000000000000000e+00
0.000000000000000000e+00
2.600000000000000000e+01
6.400000000000000000e+02
2.000000000000000000e+00
3.900000000000000000e+01
2.000000000000000000e+00
2.490000000000000000e+02
1.500000000000000000e+01
3.600000000000000000e+01
4.293000000000000000e+03
6.000000000000000000e+00
0.000000000000000000e+00
1.000000000000000000e+00
2.000000000000000000e+00
8.000000000000000000e+00
0.000000000000000000e+00
1.000000000000000000e+01
0.000000000000000000e+00
7.490000000000000000e+02
5.790000000000000000e+02
3.700000000000000000e+01
1.000000000000000000e+01
3.000000000000000000e+00
0.000000000000000000e+00
8.000000000000000000e+00
3.600000000000000000e+01
2.000000000000000000e+00
4.000000000000000000e+00
2.800000000000000000e+01
4.000000000000000000e+00
2.200000000000000000e+01
1.250000000000000000e+02
0.000000000000000000e+00
2.000000000000000000e+00
3.000000000000000000e+00
8.200000000000000000e+01
3.000000000000000000e+00
7.000000000000000000e+00
2.000000000000000000e+00
2.300000000000000000e+01
0.000000000000000000e+00
8.300000000000000000e+01
1.160000000000000000e+02
1.220000000000000000e+02
0.000000000000000000e+00
0.000000000000000000e+00
2.080000000000000000e+02
0.000000000000000000e+00
2.617800000000000000e+04
0.000000000000000000e+00
0.000000000000000000e+00
3.000000000000000000e+00
5.057000000000000000e+03
2.870000000000000000e+02
1.200000000000000000e+01
3.700000000000000000e+01
0.000000000000000000e+00
4.220000000000000000e+02
3.000000000000000000e+00
0.000000000000000000e+00
0.000000000000000000e+00
0.000000000000000000e+00
6.200000000000000000e+01
7.400000000000000000e+01
1.400000000000000000e+01
4.000000000000000000e+00
1.300000000000000000e+01
1.390000000000000000e+02
3.600000000000000000e+01
1.200000000000000000e+01
1.000000000000000000e+00
1.830000000000000000e+02
0.000000000000000000e+00
7.000000000000000000e+00
1.200000000000000000e+01
1.295000000000000000e+03
1.000000000000000000e+00
6.336000000000000000e+03
1.400000000000000000e+01
5.000000000000000000e+00
0.000000000000000000e+00
0.000000000000000000e+00
2.138000000000000000e+03
9.300000000000000000e+01
4.339000000000000000e+03
8.100000000000000000e+01
1.400000000000000000e+01
2.910000000000000000e+02
8.000000000000000000e+00
0.000000000000000000e+00
0.000000000000000000e+00
0.000000000000000000e+00
2.000000000000000000e+00
1.700000000000000000e+01
1.730000000000000000e+02
2.000000000000000000e+00
9.088000000000000000e+03
6.000000000000000000e+00
0.000000000000000000e+00
0.000000000000000000e+00
5.929000000000000000e+03
7.400000000000000000e+01
3.700000000000000000e+01
3.000000000000000000e+00
6.000000000000000000e+00
0.000000000000000000e+00
8.513000000000000000e+03
5.000000000000000000e+00
1.000000000000000000e+01
2.600000000000000000e+01
2.000000000000000000e+00
1.089100000000000000e+04
0.000000000000000000e+00
1.396000000000000000e+03
0.000000000000000000e+00
1.100000000000000000e+01
2.000000000000000000e+00
0.000000000000000000e+00
4.000000000000000000e+00
4.912000000000000000e+03
0.000000000000000000e+00
0.000000000000000000e+00
0.000000000000000000e+00
7.190000000000000000e+02
1.000000000000000000e+00
0.000000000000000000e+00
0.000000000000000000e+00
1.000000000000000000e+00
1.680000000000000000e+02
7.000000000000000000e+00
7.860000000000000000e+02
2.760000000000000000e+02
4.800000000000000000e+01
0.000000000000000000e+00
0.000000000000000000e+00
7.600000000000000000e+01
0.000000000000000000e+00
1.700000000000000000e+01
6.500000000000000000e+01
0.000000000000000000e+00
1.640000000000000000e+02
1.907000000000000000e+03
3.000000000000000000e+00
1.360500000000000000e+04
0.000000000000000000e+00
0.000000000000000000e+00
0.000000000000000000e+00
8.890000000000000000e+02
1.285000000000000000e+03
0.000000000000000000e+00
0.000000000000000000e+00
0.000000000000000000e+00
0.000000000000000000e+00
1.449400000000000000e+04
0.000000000000000000e+00
1.000000000000000000e+00
0.000000000000000000e+00
1.000000000000000000e+00
7.000000000000000000e+00
1.599110000000000000e+05
5.200000000000000000e+01
0.000000000000000000e+00
2.400000000000000000e+01
1.000000000000000000e+00
2.220000000000000000e+02
3.700000000000000000e+01
6.000000000000000000e+00
0.000000000000000000e+00
4.900000000000000000e+01
8.000000000000000000e+00
7.600000000000000000e+01
2.100000000000000000e+01
4.200000000000000000e+01
1.434000000000000000e+03
0.000000000000000000e+00
1.500000000000000000e+01
5.450000000000000000e+02
1.330000000000000000e+02
1.000000000000000000e+00
5.050000000000000000e+02
0.000000000000000000e+00
2.000000000000000000e+00
3.000000000000000000e+00
7.000000000000000000e+00
2.100000000000000000e+01
0.000000000000000000e+00
6.900000000000000000e+01
4.000000000000000000e+00
6.260000000000000000e+02
2.900000000000000000e+01
3.000000000000000000e+00
1.000000000000000000e+00
0.000000000000000000e+00
0.000000000000000000e+00
3.100000000000000000e+01
6.500000000000000000e+01
3.758000000000000000e+03
6.250000000000000000e+02
0.000000000000000000e+00
2.700000000000000000e+01
1.000000000000000000e+00
1.000000000000000000e+00
2.510000000000000000e+02
4.800000000000000000e+01
1.000000000000000000e+00
1.300000000000000000e+01
1.900000000000000000e+01
9.000000000000000000e+00
1.000000000000000000e+00
3.000000000000000000e+00
4.932800000000000000e+04
7.000000000000000000e+00
4.500000000000000000e+01
3.000000000000000000e+00
0.000000000000000000e+00
0.000000000000000000e+00
0.000000000000000000e+00
3.000000000000000000e+00
3.400000000000000000e+01
1.650000000000000000e+02
0.000000000000000000e+00
0.000000000000000000e+00
2.570000000000000000e+02
8.000000000000000000e+00
2.200000000000000000e+01
0.000000000000000000e+00
7.000000000000000000e+00
0.000000000000000000e+00
1.650000000000000000e+02
7.000000000000000000e+00
1.000000000000000000e+00
5.000000000000000000e+00
6.300000000000000000e+01
0.000000000000000000e+00
0.000000000000000000e+00
0.000000000000000000e+00
2.600000000000000000e+01
1.000000000000000000e+00
2.100000000000000000e+01
3.100000000000000000e+01
4.000000000000000000e+00
0.000000000000000000e+00
4.000000000000000000e+00
1.300000000000000000e+01
0.000000000000000000e+00
0.000000000000000000e+00
1.351600000000000000e+04
2.000000000000000000e+00
2.740000000000000000e+02
1.458400000000000000e+04
8.000000000000000000e+00
6.500000000000000000e+01
3.044600000000000000e+04
1.010000000000000000e+02
2.600000000000000000e+01
4.293000000000000000e+04
3.381400000000000000e+04
2.000000000000000000e+00
2.500000000000000000e+01
1.115000000000000000e+03
0.000000000000000000e+00
0.000000000000000000e+00
1.800000000000000000e+01
7.820000000000000000e+02
1.678000000000000000e+03
0.000000000000000000e+00
2.000000000000000000e+00
0.000000000000000000e+00
1.900000000000000000e+01
1.800000000000000000e+01
1.000000000000000000e+00
1.000000000000000000e+01
0.000000000000000000e+00
3.700000000000000000e+01
2.743900000000000000e+04
1.400000000000000000e+01
0.000000000000000000e+00
6.000000000000000000e+00
2.000000000000000000e+00
3.500000000000000000e+01
0.000000000000000000e+00
2.000000000000000000e+00
4.000000000000000000e+00
0.000000000000000000e+00
3.087100000000000000e+04
0.000000000000000000e+00
4.000000000000000000e+00
6.240000000000000000e+02
1.000000000000000000e+01
0.000000000000000000e+00
0.000000000000000000e+00
0.000000000000000000e+00
0.000000000000000000e+00
1.600000000000000000e+01
1.000000000000000000e+00
4.000000000000000000e+00
4.000000000000000000e+00
7.000000000000000000e+00
6.000000000000000000e+00
0.000000000000000000e+00
0.000000000000000000e+00
5.000000000000000000e+00
3.900000000000000000e+01
0.000000000000000000e+00
0.000000000000000000e+00
0.000000000000000000e+00
1.800000000000000000e+02
0.000000000000000000e+00
1.000000000000000000e+00
0.000000000000000000e+00
2.000000000000000000e+00
0.000000000000000000e+00
2.000000000000000000e+00
1.000000000000000000e+00
0.000000000000000000e+00
0.000000000000000000e+00
1.920000000000000000e+02
0.000000000000000000e+00
0.000000000000000000e+00
1.000000000000000000e+00
9.200000000000000000e+01
6.345000000000000000e+03
0.000000000000000000e+00
7.000000000000000000e+00
0.000000000000000000e+00
1.251000000000000000e+04
1.198000000000000000e+03
9.000000000000000000e+00
3.000000000000000000e+01
8.000000000000000000e+00
1.000000000000000000e+00
0.000000000000000000e+00
5.820000000000000000e+02
5.400000000000000000e+02
0.000000000000000000e+00
0.000000000000000000e+00
7.609000000000000000e+03
1.844620000000000000e+05
2.400000000000000000e+01
0.000000000000000000e+00
0.000000000000000000e+00
9.000000000000000000e+00
0.000000000000000000e+00
6.400000000000000000e+01
3.995200000000000000e+04
0.000000000000000000e+00
6.000000000000000000e+00
2.000000000000000000e+00
1.500000000000000000e+02
0.000000000000000000e+00
4.200000000000000000e+01
3.060000000000000000e+02
0.000000000000000000e+00
5.000000000000000000e+00
7.590000000000000000e+02
1.600000000000000000e+01
2.000000000000000000e+00
2.800000000000000000e+01
0.000000000000000000e+00
3.000000000000000000e+00
3.400000000000000000e+01
3.744500000000000000e+04
4.900000000000000000e+01
1.200000000000000000e+01
0.000000000000000000e+00
0.000000000000000000e+00
0.000000000000000000e+00
4.000000000000000000e+00
0.000000000000000000e+00
2.910000000000000000e+02
1.200000000000000000e+01
0.000000000000000000e+00
2.800000000000000000e+01
8.000000000000000000e+00
0.000000000000000000e+00
1.800030000000000000e+05
2.000000000000000000e+00
4.457000000000000000e+03
4.000000000000000000e+00
4.210000000000000000e+02
2.530000000000000000e+02
0.000000000000000000e+00
3.280000000000000000e+02
6.100000000000000000e+01
2.980000000000000000e+02
3.130000000000000000e+02
0.000000000000000000e+00
0.000000000000000000e+00
1.500000000000000000e+01
3.900000000000000000e+01
1.400000000000000000e+01
3.695000000000000000e+03
4.390000000000000000e+02
1.648000000000000000e+03
0.000000000000000000e+00
1.000000000000000000e+00
0.000000000000000000e+00
3.000000000000000000e+00
0.000000000000000000e+00
5.000000000000000000e+00
0.000000000000000000e+00
5.000000000000000000e+00
2.000000000000000000e+00
1.000000000000000000e+00
0.000000000000000000e+00
0.000000000000000000e+00
0.000000000000000000e+00
0.000000000000000000e+00
2.700000000000000000e+01
0.000000000000000000e+00
2.500000000000000000e+01
2.000000000000000000e+01
5.000000000000000000e+00
1.000000000000000000e+01
0.000000000000000000e+00
1.560000000000000000e+02
7.000000000000000000e+00
3.751000000000000000e+03
2.000000000000000000e+00
0.000000000000000000e+00
0.000000000000000000e+00
9.920000000000000000e+02
0.000000000000000000e+00
0.000000000000000000e+00
7.210000000000000000e+02
2.000000000000000000e+00
0.000000000000000000e+00
5.174000000000000000e+03
4.100000000000000000e+01
2.100000000000000000e+01
2.790000000000000000e+02
0.000000000000000000e+00
3.000000000000000000e+00
2.442000000000000000e+03
1.400000000000000000e+01
3.030000000000000000e+02
6.800000000000000000e+01
0.000000000000000000e+00
4.000000000000000000e+00
1.086300000000000000e+04
1.700000000000000000e+01
1.100000000000000000e+01
2.340000000000000000e+02
0.000000000000000000e+00
1.244000000000000000e+03
0.000000000000000000e+00
1.800000000000000000e+01
4.529000000000000000e+03
0.000000000000000000e+00
0.000000000000000000e+00
0.000000000000000000e+00
2.000000000000000000e+00
3.000000000000000000e+00
3.690000000000000000e+02
1.700000000000000000e+01
8.000000000000000000e+00
1.500000000000000000e+01
0.000000000000000000e+00
4.000000000000000000e+00
0.000000000000000000e+00
0.000000000000000000e+00
2.948000000000000000e+03
0.000000000000000000e+00
4.000000000000000000e+00
1.400000000000000000e+01
0.000000000000000000e+00
2.300000000000000000e+01
0.000000000000000000e+00
3.582800000000000000e+04
8.180000000000000000e+02
0.000000000000000000e+00
1.000000000000000000e+00
3.200000000000000000e+01
4.000000000000000000e+00
1.000000000000000000e+01
0.000000000000000000e+00
0.000000000000000000e+00
8.000000000000000000e+01
1.300000000000000000e+01
1.000000000000000000e+00
0.000000000000000000e+00
8.700000000000000000e+01
0.000000000000000000e+00
0.000000000000000000e+00
0.000000000000000000e+00
0.000000000000000000e+00
2.200000000000000000e+01
6.000000000000000000e+00
1.000000000000000000e+00
1.700000000000000000e+01
9.000000000000000000e+00
0.000000000000000000e+00
5.000000000000000000e+00
1.350000000000000000e+02
1.301000000000000000e+03
6.100000000000000000e+01
0.000000000000000000e+00
2.900000000000000000e+01
8.000000000000000000e+00
9.281000000000000000e+03
1.000000000000000000e+00
8.000000000000000000e+00
3.100000000000000000e+01
0.000000000000000000e+00
2.560000000000000000e+02
4.100000000000000000e+01
2.000000000000000000e+00
1.860000000000000000e+02
2.329310000000000000e+05
3.590000000000000000e+03
1.250000000000000000e+02
1.500000000000000000e+01
7.400000000000000000e+01
6.000000000000000000e+00
5.000000000000000000e+01
0.000000000000000000e+00
2.520000000000000000e+03
1.465000000000000000e+03
0.000000000000000000e+00
1.700000000000000000e+01
0.000000000000000000e+00
1.900000000000000000e+01
5.000000000000000000e+00
3.604000000000000000e+03
1.780000000000000000e+02
2.600000000000000000e+01
2.000000000000000000e+00
4.470000000000000000e+02
3.890000000000000000e+02
0.000000000000000000e+00
1.720000000000000000e+02
0.000000000000000000e+00
1.000000000000000000e+00
0.000000000000000000e+00
3.000000000000000000e+00
0.000000000000000000e+00
6.841800000000000000e+04
9.000000000000000000e+00
0.000000000000000000e+00
2.000000000000000000e+00
1.107800000000000000e+04
0.000000000000000000e+00
7.300000000000000000e+01
2.211400000000000000e+04
1.282000000000000000e+03
2.549100000000000000e+04
7.000000000000000000e+00
2.000000000000000000e+00
1.500000000000000000e+01
1.200000000000000000e+01
4.377000000000000000e+03
1.430000000000000000e+02
0.000000000000000000e+00
7.726000000000000000e+03
2.000000000000000000e+00
5.000000000000000000e+00
0.000000000000000000e+00
8.320000000000000000e+02
5.200000000000000000e+01
0.000000000000000000e+00
2.022900000000000000e+04
1.023700000000000000e+04
1.607300000000000000e+04
1.064000000000000000e+03
1.070000000000000000e+02
3.000000000000000000e+00
3.000000000000000000e+00
1.110000000000000000e+02
3.000000000000000000e+00
4.300000000000000000e+01
2.000000000000000000e+00
3.514200000000000000e+04
0.000000000000000000e+00
0.000000000000000000e+00
6.820000000000000000e+02
2.000000000000000000e+00
1.600000000000000000e+01
0.000000000000000000e+00
1.000000000000000000e+00
0.000000000000000000e+00
4.670000000000000000e+02
3.276000000000000000e+03
0.000000000000000000e+00
0.000000000000000000e+00
7.000000000000000000e+00
0.000000000000000000e+00
1.979000000000000000e+03
0.000000000000000000e+00
0.000000000000000000e+00
1.840000000000000000e+02
0.000000000000000000e+00
8.510000000000000000e+03
0.000000000000000000e+00
8.000000000000000000e+00
4.279900000000000000e+04
1.900000000000000000e+02
0.000000000000000000e+00
2.000000000000000000e+00
3.400000000000000000e+01
4.000000000000000000e+00
4.710000000000000000e+02
3.000000000000000000e+00
1.460000000000000000e+02
2.600000000000000000e+01
5.000000000000000000e+00
1.100000000000000000e+01
4.540000000000000000e+02
1.200000000000000000e+01
1.000000000000000000e+01
0.000000000000000000e+00
0.000000000000000000e+00
0.000000000000000000e+00
8.000000000000000000e+00
4.000000000000000000e+00
9.270000000000000000e+02
7.400000000000000000e+01
9.000000000000000000e+00
0.000000000000000000e+00
0.000000000000000000e+00
0.000000000000000000e+00
1.000000000000000000e+00
2.000000000000000000e+00
2.140000000000000000e+02
3.064000000000000000e+03
0.000000000000000000e+00
2.000000000000000000e+00
9.200000000000000000e+02
0.000000000000000000e+00
5.000000000000000000e+00
0.000000000000000000e+00
0.000000000000000000e+00
1.460000000000000000e+02
7.200000000000000000e+01
1.800000000000000000e+01
0.000000000000000000e+00
5.000000000000000000e+00
1.200000000000000000e+01
0.000000000000000000e+00
3.000000000000000000e+00
0.000000000000000000e+00
0.000000000000000000e+00
0.000000000000000000e+00
0.000000000000000000e+00
0.000000000000000000e+00
4.000000000000000000e+00
0.000000000000000000e+00
1.000000000000000000e+00
0.000000000000000000e+00
1.540000000000000000e+03
1.000000000000000000e+00
0.000000000000000000e+00
0.000000000000000000e+00
6.000000000000000000e+00
2.000000000000000000e+01
0.000000000000000000e+00
3.900000000000000000e+01
0.000000000000000000e+00
1.233000000000000000e+03
0.000000000000000000e+00
4.200000000000000000e+01
0.000000000000000000e+00
1.000000000000000000e+01
4.000000000000000000e+00
2.000000000000000000e+00
7.090000000000000000e+02
2.586000000000000000e+03
5.000000000000000000e+00
2.000000000000000000e+00
0.000000000000000000e+00
0.000000000000000000e+00
2.413000000000000000e+03
3.400000000000000000e+01
6.000000000000000000e+00
3.900000000000000000e+02
1.600000000000000000e+01
3.000000000000000000e+00
0.000000000000000000e+00
3.800000000000000000e+01
1.100000000000000000e+01
1.100000000000000000e+01
4.000000000000000000e+00
2.000000000000000000e+00
5.700000000000000000e+01
1.121360000000000000e+05
1.055000000000000000e+03
8.000000000000000000e+00
1.700000000000000000e+01
0.000000000000000000e+00
1.100000000000000000e+01
0.000000000000000000e+00
0.000000000000000000e+00
0.000000000000000000e+00
1.590000000000000000e+02
2.100000000000000000e+02
0.000000000000000000e+00
0.000000000000000000e+00
0.000000000000000000e+00
0.000000000000000000e+00
0.000000000000000000e+00
2.440000000000000000e+02
7.000000000000000000e+00
1.000000000000000000e+00
8.000000000000000000e+00
0.000000000000000000e+00
3.000000000000000000e+00
0.000000000000000000e+00
1.300000000000000000e+01
1.300000000000000000e+01
8.000000000000000000e+00
1.750000000000000000e+02
2.000000000000000000e+00
4.200000000000000000e+01
0.000000000000000000e+00
2.339610000000000000e+05
6.123000000000000000e+03
0.000000000000000000e+00
5.990000000000000000e+02
0.000000000000000000e+00
2.100000000000000000e+01
2.000000000000000000e+00
3.612500000000000000e+04
3.000000000000000000e+01
1.133000000000000000e+03
2.000000000000000000e+02
6.715400000000000000e+04
0.000000000000000000e+00
1.000000000000000000e+00
2.900000000000000000e+01
0.000000000000000000e+00
2.020000000000000000e+02
0.000000000000000000e+00
6.100000000000000000e+01
1.110000000000000000e+02
6.300000000000000000e+01
3.300000000000000000e+01
1.665000000000000000e+03
3.884000000000000000e+03
8.820000000000000000e+02
3.300000000000000000e+02
6.200000000000000000e+01
2.000000000000000000e+00
0.000000000000000000e+00
0.000000000000000000e+00
2.400000000000000000e+01
6.000000000000000000e+00
0.000000000000000000e+00
0.000000000000000000e+00
6.770000000000000000e+02
2.893000000000000000e+03
0.000000000000000000e+00
3.680000000000000000e+02
3.000000000000000000e+00
5.000000000000000000e+00
2.000000000000000000e+00
4.000000000000000000e+00
3.510000000000000000e+02
0.000000000000000000e+00
3.400000000000000000e+01
7.300000000000000000e+02
0.000000000000000000e+00
9.977000000000000000e+03
2.148000000000000000e+03
0.000000000000000000e+00
1.710000000000000000e+02
4.000000000000000000e+00
3.200000000000000000e+01
2.200000000000000000e+01
0.000000000000000000e+00
0.000000000000000000e+00
1.000000000000000000e+00
3.200000000000000000e+01
0.000000000000000000e+00
3.980000000000000000e+02
5.000000000000000000e+00
1.000000000000000000e+00
1.740000000000000000e+02
1.010000000000000000e+02
5.030000000000000000e+02
3.500000000000000000e+01
3.350000000000000000e+02
1.000000000000000000e+00
5.000000000000000000e+00
0.000000000000000000e+00
3.400000000000000000e+01
6.161600000000000000e+04
8.820000000000000000e+02
9.000000000000000000e+00
2.000000000000000000e+00
3.000000000000000000e+00
0.000000000000000000e+00
5.114000000000000000e+03
0.000000000000000000e+00
0.000000000000000000e+00
1.413000000000000000e+03
9.000000000000000000e+00
0.000000000000000000e+00
1.670000000000000000e+02
5.000000000000000000e+00
1.810000000000000000e+02
2.000000000000000000e+00
0.000000000000000000e+00
3.500000000000000000e+01
0.000000000000000000e+00
0.000000000000000000e+00
0.000000000000000000e+00
0.000000000000000000e+00
2.540000000000000000e+02
6.000000000000000000e+00
4.000000000000000000e+00
5.000000000000000000e+00
0.000000000000000000e+00
4.000000000000000000e+01
0.000000000000000000e+00
1.560000000000000000e+02
1.470000000000000000e+02
1.090000000000000000e+02
1.000000000000000000e+00
7.000000000000000000e+00
0.000000000000000000e+00
1.107500000000000000e+04
2.000000000000000000e+00
0.000000000000000000e+00
0.000000000000000000e+00
8.481400000000000000e+04
0.000000000000000000e+00
0.000000000000000000e+00
5.096000000000000000e+03
1.262000000000000000e+03
7.598200000000000000e+04
0.000000000000000000e+00
0.000000000000000000e+00
1.300000000000000000e+01
0.000000000000000000e+00
0.000000000000000000e+00
0.000000000000000000e+00
1.580000000000000000e+02
2.000000000000000000e+00
2.800000000000000000e+01
5.000000000000000000e+00
2.200000000000000000e+01
0.000000000000000000e+00
0.000000000000000000e+00
1.000000000000000000e+00
5.600000000000000000e+01
2.000000000000000000e+00
6.940000000000000000e+02
0.000000000000000000e+00
7.100000000000000000e+01
1.000000000000000000e+00
1.066000000000000000e+03
6.500000000000000000e+01
3.600000000000000000e+01
0.000000000000000000e+00
0.000000000000000000e+00
1.520000000000000000e+03
0.000000000000000000e+00
3.540000000000000000e+02
2.000000000000000000e+00
0.000000000000000000e+00
9.600000000000000000e+01
0.000000000000000000e+00
0.000000000000000000e+00
6.772000000000000000e+03
1.790000000000000000e+02
1.000000000000000000e+00
1.929100000000000000e+04
5.000000000000000000e+00
2.428000000000000000e+03
7.000000000000000000e+00
1.120000000000000000e+02
7.700000000000000000e+01
2.000000000000000000e+00
0.000000000000000000e+00
0.000000000000000000e+00
8.300000000000000000e+01
6.000000000000000000e+00
0.000000000000000000e+00
4.750000000000000000e+02
0.000000000000000000e+00
1.630000000000000000e+02
9.000000000000000000e+00
1.100000000000000000e+01
0.000000000000000000e+00
3.100000000000000000e+01
0.000000000000000000e+00
1.800000000000000000e+01
0.000000000000000000e+00
0.000000000000000000e+00
1.086000000000000000e+03
0.000000000000000000e+00
1.000000000000000000e+00
3.400000000000000000e+01
0.000000000000000000e+00
5.500000000000000000e+01
6.200000000000000000e+01
0.000000000000000000e+00
0.000000000000000000e+00
3.400000000000000000e+01
4.090000000000000000e+02
2.870000000000000000e+02
1.000000000000000000e+00
5.000000000000000000e+01
2.330000000000000000e+02
4.000000000000000000e+00
9.000000000000000000e+00
0.000000000000000000e+00
1.300000000000000000e+01
0.000000000000000000e+00
0.000000000000000000e+00
2.200000000000000000e+01
2.000000000000000000e+00
2.900000000000000000e+01
2.000000000000000000e+00
2.600000000000000000e+01
5.000000000000000000e+00
3.500000000000000000e+01
1.000000000000000000e+01
3.670000000000000000e+02
0.000000000000000000e+00
1.578000000000000000e+03
0.000000000000000000e+00
2.000000000000000000e+00
0.000000000000000000e+00
1.000000000000000000e+00
9.300000000000000000e+01
0.000000000000000000e+00
0.000000000000000000e+00
0.000000000000000000e+00
0.000000000000000000e+00
3.000000000000000000e+00
3.585600000000000000e+04
0.000000000000000000e+00
0.000000000000000000e+00
0.000000000000000000e+00
3.249000000000000000e+03
8.800000000000000000e+02
0.000000000000000000e+00
0.000000000000000000e+00
2.830000000000000000e+02
0.000000000000000000e+00
2.300000000000000000e+02
3.000000000000000000e+00
1.108000000000000000e+04
7.500000000000000000e+01
3.500000000000000000e+01
2.740000000000000000e+02
5.600000000000000000e+01
4.300000000000000000e+01
3.442000000000000000e+03
4.000000000000000000e+00
1.310000000000000000e+02
1.970000000000000000e+02
6.000000000000000000e+00
5.000000000000000000e+00
2.430000000000000000e+03
2.980000000000000000e+02
1.000000000000000000e+01
0.000000000000000000e+00
1.000000000000000000e+01
7.000000000000000000e+00
5.787300000000000000e+04
1.328900000000000000e+04
6.000000000000000000e+00
0.000000000000000000e+00
2.000000000000000000e+00
1.000000000000000000e+02
7.500000000000000000e+01
0.000000000000000000e+00
0.000000000000000000e+00
1.550000000000000000e+02
3.300000000000000000e+01
5.000000000000000000e+00
0.000000000000000000e+00
2.470000000000000000e+02
0.000000000000000000e+00
0.000000000000000000e+00
5.010000000000000000e+02
5.040000000000000000e+02
1.240000000000000000e+02
0.000000000000000000e+00
5.976000000000000000e+03
1.000000000000000000e+00
6.830000000000000000e+02
0.000000000000000000e+00
7.000000000000000000e+00
2.000000000000000000e+00
1.000000000000000000e+00
4.764000000000000000e+03
5.700000000000000000e+01
0.000000000000000000e+00
0.000000000000000000e+00
2.000000000000000000e+00
5.100000000000000000e+02
5.500000000000000000e+01
0.000000000000000000e+00
6.004000000000000000e+03
0.000000000000000000e+00
1.400000000000000000e+01
0.000000000000000000e+00
0.000000000000000000e+00
5.790000000000000000e+02
4.000000000000000000e+00
4.000000000000000000e+00
0.000000000000000000e+00
3.000000000000000000e+00
0.000000000000000000e+00
1.200000000000000000e+01
8.000000000000000000e+00
3.000000000000000000e+00
0.000000000000000000e+00
6.390000000000000000e+02
1.110000000000000000e+02
4.600000000000000000e+01
0.000000000000000000e+00
0.000000000000000000e+00
8.746000000000000000e+03
7.900000000000000000e+01
6.920000000000000000e+02
0.000000000000000000e+00
3.100000000000000000e+01
4.400000000000000000e+01
2.000000000000000000e+00
0.000000000000000000e+00
0.000000000000000000e+00
4.693000000000000000e+03
3.600000000000000000e+01
5.250000000000000000e+02
0.000000000000000000e+00
1.670000000000000000e+03
3.090000000000000000e+02
2.500000000000000000e+01
0.000000000000000000e+00
3.000000000000000000e+00
8.000000000000000000e+00
0.000000000000000000e+00
5.000000000000000000e+01
1.411900000000000000e+04
3.624020000000000000e+05
2.000000000000000000e+00
6.600000000000000000e+01
6.000000000000000000e+00
4.700000000000000000e+01
0.000000000000000000e+00
1.020000000000000000e+02
0.000000000000000000e+00
3.000000000000000000e+00
0.000000000000000000e+00
0.000000000000000000e+00
3.200000000000000000e+01
0.000000000000000000e+00
0.000000000000000000e+00
0.000000000000000000e+00
1.330000000000000000e+02
0.000000000000000000e+00
2.000000000000000000e+00
0.000000000000000000e+00
7.000000000000000000e+00
1.000000000000000000e+00
1.000000000000000000e+00
7.000000000000000000e+00
0.000000000000000000e+00
3.000000000000000000e+01
2.050000000000000000e+02
0.000000000000000000e+00
0.000000000000000000e+00
0.000000000000000000e+00
0.000000000000000000e+00
1.351000000000000000e+03
4.080000000000000000e+02
0.000000000000000000e+00
3.000000000000000000e+00
4.420000000000000000e+02
1.000000000000000000e+00
1.000000000000000000e+01
2.420000000000000000e+02
0.000000000000000000e+00
0.000000000000000000e+00
6.100000000000000000e+01
2.380000000000000000e+02
1.000000000000000000e+00
2.000000000000000000e+00
2.500000000000000000e+02
0.000000000000000000e+00
1.100000000000000000e+01
1.000000000000000000e+00
0.000000000000000000e+00
0.000000000000000000e+00
8.000000000000000000e+00
1.966400000000000000e+04
7.600000000000000000e+01
5.100000000000000000e+01
0.000000000000000000e+00
0.000000000000000000e+00
1.000000000000000000e+00
0.000000000000000000e+00
2.000000000000000000e+00
1.200000000000000000e+01
8.810000000000000000e+02
1.170000000000000000e+02
2.100000000000000000e+01
7.400000000000000000e+01
8.870000000000000000e+02
6.400000000000000000e+02
0.000000000000000000e+00
4.200000000000000000e+01
7.000000000000000000e+00
1.600000000000000000e+01
5.890000000000000000e+02
3.700000000000000000e+01
2.820000000000000000e+02
6.100000000000000000e+01
2.900000000000000000e+02
1.000000000000000000e+00
0.000000000000000000e+00
4.300000000000000000e+01
2.300000000000000000e+01
1.000000000000000000e+01
3.920000000000000000e+02
1.900000000000000000e+01
2.700000000000000000e+01
0.000000000000000000e+00
5.000000000000000000e+00
8.190000000000000000e+02
7.000000000000000000e+00
2.000000000000000000e+00
0.000000000000000000e+00
8.000000000000000000e+00
0.000000000000000000e+00
3.000000000000000000e+00
2.000000000000000000e+00
2.360000000000000000e+02
0.000000000000000000e+00
1.200000000000000000e+01
4.790000000000000000e+02
6.000000000000000000e+00
0.000000000000000000e+00
1.300000000000000000e+01
3.200000000000000000e+01
9.400000000000000000e+01
1.000000000000000000e+00
1.310000000000000000e+02
3.000000000000000000e+00
0.000000000000000000e+00
2.000000000000000000e+00
5.590000000000000000e+02
3.400000000000000000e+01
8.500000000000000000e+01
4.400000000000000000e+01
0.000000000000000000e+00
0.000000000000000000e+00
0.000000000000000000e+00
2.595000000000000000e+03
0.000000000000000000e+00
1.169000000000000000e+03
1.538000000000000000e+03
0.000000000000000000e+00
1.208600000000000000e+04
0.000000000000000000e+00
1.210000000000000000e+02
2.500000000000000000e+01
6.000000000000000000e+00
4.830000000000000000e+02
2.400000000000000000e+01
1.000000000000000000e+01
0.000000000000000000e+00
0.000000000000000000e+00
8.010000000000000000e+02
6.624100000000000000e+04
0.000000000000000000e+00
4.000000000000000000e+00
0.000000000000000000e+00
1.957960000000000000e+05
0.000000000000000000e+00
5.380000000000000000e+02
0.000000000000000000e+00
8.000000000000000000e+00
2.000000000000000000e+00
0.000000000000000000e+00
1.000000000000000000e+00
3.740000000000000000e+02
2.800000000000000000e+01
2.000000000000000000e+00
0.000000000000000000e+00
2.400000000000000000e+01
4.000000000000000000e+00
2.000000000000000000e+00
4.700000000000000000e+01
1.500000000000000000e+01
0.000000000000000000e+00
0.000000000000000000e+00
8.960000000000000000e+02
5.400000000000000000e+01
0.000000000000000000e+00
5.700000000000000000e+01
0.000000000000000000e+00
8.000000000000000000e+01
3.000000000000000000e+00
0.000000000000000000e+00
1.100000000000000000e+01
0.000000000000000000e+00
0.000000000000000000e+00
4.000000000000000000e+01
5.150000000000000000e+02
0.000000000000000000e+00
4.310000000000000000e+02
2.000000000000000000e+00
0.000000000000000000e+00
4.100000000000000000e+01
8.000000000000000000e+00
1.000000000000000000e+00
2.000000000000000000e+00
1.700000000000000000e+01
1.700000000000000000e+01
0.000000000000000000e+00
0.000000000000000000e+00
1.850000000000000000e+02
2.000000000000000000e+00
1.141000000000000000e+03
5.000000000000000000e+00
8.050000000000000000e+02
2.850000000000000000e+02
1.000000000000000000e+01
9.880000000000000000e+02
0.000000000000000000e+00
3.700000000000000000e+01
1.940000000000000000e+03
8.470000000000000000e+02
5.000000000000000000e+00
1.080000000000000000e+02
2.000000000000000000e+00
5.000000000000000000e+00
2.600000000000000000e+01
1.100000000000000000e+01
5.400000000000000000e+01
4.200000000000000000e+02
1.600000000000000000e+01
7.700000000000000000e+01
7.400000000000000000e+01
9.300000000000000000e+01
0.000000000000000000e+00
0.000000000000000000e+00
0.000000000000000000e+00
0.000000000000000000e+00
1.300000000000000000e+01
5.109700000000000000e+04
2.999000000000000000e+03
1.290000000000000000e+02
1.080000000000000000e+02
0.000000000000000000e+00
0.000000000000000000e+00
5.000000000000000000e+00
1.000000000000000000e+00
1.590000000000000000e+02
0.000000000000000000e+00
4.919900000000000000e+04
2.000000000000000000e+00
0.000000000000000000e+00
0.000000000000000000e+00
3.660000000000000000e+03
0.000000000000000000e+00
0.000000000000000000e+00
0.000000000000000000e+00
9.585000000000000000e+03
2.300000000000000000e+01
6.200000000000000000e+01
2.200000000000000000e+01
6.290000000000000000e+02
2.000000000000000000e+00
5.000000000000000000e+00
1.000000000000000000e+00
2.261000000000000000e+03
0.000000000000000000e+00
0.000000000000000000e+00
9.991800000000000000e+04
3.644000000000000000e+03
1.600000000000000000e+01
3.230000000000000000e+02
0.000000000000000000e+00
1.100000000000000000e+01
2.000000000000000000e+00
3.000000000000000000e+00
3.000000000000000000e+00
2.000000000000000000e+00
1.000000000000000000e+00
1.000000000000000000e+00
8.000000000000000000e+00
0.000000000000000000e+00
2.000000000000000000e+01
1.390000000000000000e+02
0.000000000000000000e+00
0.000000000000000000e+00
0.000000000000000000e+00
2.430000000000000000e+02
2.590000000000000000e+02
0.000000000000000000e+00
1.000000000000000000e+00
1.525800000000000000e+04
3.900000000000000000e+01
1.500000000000000000e+01
1.000000000000000000e+01
2.500000000000000000e+01
1.050000000000000000e+02
2.300000000000000000e+01
0.000000000000000000e+00
2.000000000000000000e+00
0.000000000000000000e+00
6.000000000000000000e+00
9.000000000000000000e+00
4.000000000000000000e+00
0.000000000000000000e+00
1.000000000000000000e+00
0.000000000000000000e+00
7.100000000000000000e+01
4.164000000000000000e+03
1.470000000000000000e+03
3.694000000000000000e+03
6.700000000000000000e+01
5.000000000000000000e+00
1.068000000000000000e+03
7.500000000000000000e+01
5.867000000000000000e+03
2.900000000000000000e+01
2.600000000000000000e+01
3.800000000000000000e+01
2.000000000000000000e+00
5.000000000000000000e+00
2.000000000000000000e+00
9.000000000000000000e+00
0.000000000000000000e+00
8.880000000000000000e+02
2.000000000000000000e+00
1.600000000000000000e+01
1.020000000000000000e+02
8.290000000000000000e+02
3.000000000000000000e+01
2.300000000000000000e+01
0.000000000000000000e+00
6.000000000000000000e+00
1.000000000000000000e+00
2.620000000000000000e+02
5.380000000000000000e+02
1.000000000000000000e+00
1.764500000000000000e+04
0.000000000000000000e+00
2.600000000000000000e+01
6.900000000000000000e+01
1.870000000000000000e+02
0.000000000000000000e+00
1.271700000000000000e+04
3.610000000000000000e+02
4.200000000000000000e+01
0.000000000000000000e+00
1.050000000000000000e+02
2.330000000000000000e+02
1.340000000000000000e+02
4.000000000000000000e+00
0.000000000000000000e+00
1.010000000000000000e+02
0.000000000000000000e+00
4.098000000000000000e+03
2.000000000000000000e+00
6.000000000000000000e+00
4.000000000000000000e+00
1.860000000000000000e+02
0.000000000000000000e+00
3.484000000000000000e+03
8.000000000000000000e+00
0.000000000000000000e+00
2.948100000000000000e+04
0.000000000000000000e+00
0.000000000000000000e+00
1.000000000000000000e+00
0.000000000000000000e+00
0.000000000000000000e+00
2.000000000000000000e+00
0.000000000000000000e+00
3.379270000000000000e+05
3.000000000000000000e+00
1.800000000000000000e+01
4.000000000000000000e+00
4.000000000000000000e+00
1.600000000000000000e+01
1.000000000000000000e+00
1.600000000000000000e+01
2.000000000000000000e+00
9.000000000000000000e+00
6.260000000000000000e+02
2.800000000000000000e+01
8.300000000000000000e+01
2.000000000000000000e+00
1.000000000000000000e+00
5.400000000000000000e+01
3.000000000000000000e+00
0.000000000000000000e+00
1.192300000000000000e+04
9.000000000000000000e+00
0.000000000000000000e+00
7.900000000000000000e+01
1.200000000000000000e+01
2.270000000000000000e+02
3.000000000000000000e+00
0.000000000000000000e+00
3.000000000000000000e+00
0.000000000000000000e+00
1.200000000000000000e+01
4.000000000000000000e+00
1.349000000000000000e+03
4.600000000000000000e+02
1.006000000000000000e+03
1.000000000000000000e+00
0.000000000000000000e+00
2.000000000000000000e+00
3.710000000000000000e+03
2.530000000000000000e+02
0.000000000000000000e+00
2.030000000000000000e+02
3.000000000000000000e+00
2.580000000000000000e+03
3.000000000000000000e+00
2.900000000000000000e+01
3.000000000000000000e+00
1.000000000000000000e+00
0.000000000000000000e+00
1.800000000000000000e+01
0.000000000000000000e+00
4.000000000000000000e+00
2.000000000000000000e+00
2.900000000000000000e+01
2.000000000000000000e+00
0.000000000000000000e+00
2.600000000000000000e+02
8.100000000000000000e+01
6.000000000000000000e+00
0.000000000000000000e+00
2.850000000000000000e+02
0.000000000000000000e+00
2.000000000000000000e+00
2.470000000000000000e+02
2.168000000000000000e+03
0.000000000000000000e+00
6.800000000000000000e+01
4.870000000000000000e+02
1.182400000000000000e+04
0.000000000000000000e+00
2.000000000000000000e+00
1.862000000000000000e+03
1.400000000000000000e+01
1.000000000000000000e+00
1.100000000000000000e+02
5.100000000000000000e+01
0.000000000000000000e+00
8.448500000000000000e+04
1.450000000000000000e+02
2.000000000000000000e+00
0.000000000000000000e+00
0.000000000000000000e+00
9.000000000000000000e+00
5.000000000000000000e+01
0.000000000000000000e+00
0.000000000000000000e+00
1.030000000000000000e+02
7.000000000000000000e+00
7.800000000000000000e+01
1.700000000000000000e+01
0.000000000000000000e+00
3.000000000000000000e+00
5.000000000000000000e+00
1.800000000000000000e+01
5.780000000000000000e+02
1.000000000000000000e+01
6.482000000000000000e+03
0.000000000000000000e+00
2.400000000000000000e+01
1.000000000000000000e+00
6.000000000000000000e+00
2.000000000000000000e+00
7.000000000000000000e+01
3.790000000000000000e+02
0.000000000000000000e+00
2.200000000000000000e+01
1.000000000000000000e+01
0.000000000000000000e+00
1.600000000000000000e+01
2.000000000000000000e+00
0.000000000000000000e+00
1.000000000000000000e+00
1.946000000000000000e+03
0.000000000000000000e+00
0.000000000000000000e+00
1.530000000000000000e+02
2.874400000000000000e+04
2.907600000000000000e+04
9.748000000000000000e+03
1.000000000000000000e+01
3.200000000000000000e+01
1.552000000000000000e+03
1.000000000000000000e+01
0.000000000000000000e+00
0.000000000000000000e+00
4.000000000000000000e+01
0.000000000000000000e+00
4.389000000000000000e+03
8.000000000000000000e+00
0.000000000000000000e+00
2.000000000000000000e+00
7.000000000000000000e+00
0.000000000000000000e+00
1.720000000000000000e+02
6.000000000000000000e+00
0.000000000000000000e+00
2.100000000000000000e+01
1.200000000000000000e+01
0.000000000000000000e+00
1.450000000000000000e+02
9.800000000000000000e+01
0.000000000000000000e+00
0.000000000000000000e+00
0.000000000000000000e+00
0.000000000000000000e+00
0.000000000000000000e+00
2.500000000000000000e+01
5.000000000000000000e+00
0.000000000000000000e+00
0.000000000000000000e+00
1.900000000000000000e+01
0.000000000000000000e+00
0.000000000000000000e+00
0.000000000000000000e+00
4.000000000000000000e+00
1.699100000000000000e+04
0.000000000000000000e+00
2.000000000000000000e+00
0.000000000000000000e+00
3.800000000000000000e+01
1.700000000000000000e+01
1.200000000000000000e+02
0.000000000000000000e+00
5.000000000000000000e+01
1.000000000000000000e+01
1.000000000000000000e+00
0.000000000000000000e+00
0.000000000000000000e+00
0.000000000000000000e+00
1.500000000000000000e+01
8.000000000000000000e+00
3.700000000000000000e+01
2.180000000000000000e+02
0.000000000000000000e+00
1.000000000000000000e+00
0.000000000000000000e+00
2.000000000000000000e+00
1.229720000000000000e+05
0.000000000000000000e+00
1.300000000000000000e+01
7.350000000000000000e+02
1.000000000000000000e+00
0.000000000000000000e+00
5.000000000000000000e+00
3.860000000000000000e+02
0.000000000000000000e+00
2.000000000000000000e+00
1.000000000000000000e+00
0.000000000000000000e+00
6.000000000000000000e+00
1.000000000000000000e+00
8.420000000000000000e+02
0.000000000000000000e+00
1.089400000000000000e+04
1.000000000000000000e+00
8.000000000000000000e+00
0.000000000000000000e+00
2.000000000000000000e+00
0.000000000000000000e+00
7.000000000000000000e+00
1.000000000000000000e+00
6.800000000000000000e+01
5.000000000000000000e+00
1.000000000000000000e+00
0.000000000000000000e+00
6.700000000000000000e+04
6.200000000000000000e+01
1.277000000000000000e+03
4.500000000000000000e+01
7.178000000000000000e+03
0.000000000000000000e+00
0.000000000000000000e+00
0.000000000000000000e+00
9.400000000000000000e+01
3.000000000000000000e+00
7.260000000000000000e+02
5.577800000000000000e+04
1.000000000000000000e+00
0.000000000000000000e+00
7.000000000000000000e+00
7.000000000000000000e+00
0.000000000000000000e+00
3.000000000000000000e+00
1.900000000000000000e+01
3.400000000000000000e+01
4.000000000000000000e+00
6.400000000000000000e+01
3.902500000000000000e+04
3.100000000000000000e+01
4.256000000000000000e+03
3.600000000000000000e+01
9.600000000000000000e+01
5.500000000000000000e+01
5.597000000000000000e+03
6.900000000000000000e+01
0.000000000000000000e+00
1.400000000000000000e+01
0.000000000000000000e+00
4.300000000000000000e+01
0.000000000000000000e+00
1.810000000000000000e+02
0.000000000000000000e+00
3.400000000000000000e+01
7.000000000000000000e+00
0.000000000000000000e+00
3.000000000000000000e+01
0.000000000000000000e+00
5.000000000000000000e+00
4.340000000000000000e+02
2.800000000000000000e+01
2.670000000000000000e+02
1.000000000000000000e+00
3.000000000000000000e+00
2.800000000000000000e+01
1.498000000000000000e+03
7.956000000000000000e+04
4.000000000000000000e+01
7.700000000000000000e+01
2.000000000000000000e+00
7.000000000000000000e+00
6.000000000000000000e+00
0.000000000000000000e+00
0.000000000000000000e+00
1.400000000000000000e+01
7.540000000000000000e+02
4.400000000000000000e+01
0.000000000000000000e+00
1.000000000000000000e+00
1.000000000000000000e+00
4.000000000000000000e+00
0.000000000000000000e+00
6.000000000000000000e+00
1.484000000000000000e+03
1.200000000000000000e+01
0.000000000000000000e+00
2.100000000000000000e+01
4.000000000000000000e+00
5.000000000000000000e+01
3.900000000000000000e+01
0.000000000000000000e+00
0.000000000000000000e+00
0.000000000000000000e+00
1.100000000000000000e+01
0.000000000000000000e+00
2.000000000000000000e+00
4.000000000000000000e+00
5.300000000000000000e+01
0.000000000000000000e+00
3.000000000000000000e+00
1.530000000000000000e+02
3.000000000000000000e+00
2.050000000000000000e+02
1.000000000000000000e+02
0.000000000000000000e+00
1.490000000000000000e+02
5.760000000000000000e+02
4.000000000000000000e+00
1.000000000000000000e+00
0.000000000000000000e+00
9.300000000000000000e+01
5.850000000000000000e+02
0.000000000000000000e+00
5.790000000000000000e+02
0.000000000000000000e+00
0.000000000000000000e+00
0.000000000000000000e+00
1.000000000000000000e+00
2.700000000000000000e+01
0.000000000000000000e+00
3.710000000000000000e+02
1.170000000000000000e+02
2.472000000000000000e+03
2.000000000000000000e+00
3.220000000000000000e+03
1.000000000000000000e+00
3.000000000000000000e+00
0.000000000000000000e+00
1.150000000000000000e+02
7.890000000000000000e+02
1.000000000000000000e+01
0.000000000000000000e+00
3.754000000000000000e+03
0.000000000000000000e+00
0.000000000000000000e+00
3.000000000000000000e+00
6.649800000000000000e+04
4.200000000000000000e+01
6.000000000000000000e+00
7.000000000000000000e+00
1.600000000000000000e+01
0.000000000000000000e+00
1.100000000000000000e+01
2.000000000000000000e+00
1.200000000000000000e+01
7.400000000000000000e+01
3.000000000000000000e+00
0.000000000000000000e+00
1.602000000000000000e+03
0.000000000000000000e+00
4.480000000000000000e+02
6.500000000000000000e+01
0.000000000000000000e+00
3.100000000000000000e+01
6.000000000000000000e+00
0.000000000000000000e+00
5.000000000000000000e+00
0.000000000000000000e+00
4.554600000000000000e+04
3.200000000000000000e+01
2.560000000000000000e+02
1.200000000000000000e+01
0.000000000000000000e+00
2.000000000000000000e+00
1.500000000000000000e+01
0.000000000000000000e+00
0.000000000000000000e+00
0.000000000000000000e+00
6.600000000000000000e+01
1.010000000000000000e+02
3.380000000000000000e+02
0.000000000000000000e+00
1.000000000000000000e+00
1.000000000000000000e+01
1.000000000000000000e+00
7.699000000000000000e+03
5.620000000000000000e+02
8.140000000000000000e+02
0.000000000000000000e+00
0.000000000000000000e+00
1.210000000000000000e+02
7.600000000000000000e+01
2.100000000000000000e+01
0.000000000000000000e+00
0.000000000000000000e+00
9.000000000000000000e+00
0.000000000000000000e+00
1.000000000000000000e+00
2.971900000000000000e+04
0.000000000000000000e+00
3.000000000000000000e+00
3.980700000000000000e+04
1.200000000000000000e+01
0.000000000000000000e+00
1.000000000000000000e+00
1.443600000000000000e+04
0.000000000000000000e+00
0.000000000000000000e+00
2.000000000000000000e+00
3.900000000000000000e+01
0.000000000000000000e+00
1.000000000000000000e+00
5.000000000000000000e+00
1.900000000000000000e+01
3.000000000000000000e+00
0.000000000000000000e+00
3.000000000000000000e+00
4.110000000000000000e+02
7.200000000000000000e+01
0.000000000000000000e+00
0.000000000000000000e+00
0.000000000000000000e+00
9.700000000000000000e+01
8.000000000000000000e+00
1.693000000000000000e+03
0.000000000000000000e+00
1.710000000000000000e+02
1.620000000000000000e+02
1.500000000000000000e+01
1.000000000000000000e+01
1.720000000000000000e+02
5.410000000000000000e+02
0.000000000000000000e+00
0.000000000000000000e+00
0.000000000000000000e+00
0.000000000000000000e+00
1.180000000000000000e+02
8.000000000000000000e+00
1.400000000000000000e+01
7.000000000000000000e+00
4.957000000000000000e+03
4.000000000000000000e+00
0.000000000000000000e+00
0.000000000000000000e+00
0.000000000000000000e+00
1.600000000000000000e+02
8.000000000000000000e+00
0.000000000000000000e+00
9.000000000000000000e+00
3.000000000000000000e+00
1.397100000000000000e+04
8.400000000000000000e+01
1.000000000000000000e+00
0.000000000000000000e+00
3.670560000000000000e+05
1.000000000000000000e+00
1.940000000000000000e+02
1.180000000000000000e+02
0.000000000000000000e+00
0.000000000000000000e+00
6.000000000000000000e+01
4.100000000000000000e+01
4.000000000000000000e+00
0.000000000000000000e+00
0.000000000000000000e+00
3.597000000000000000e+03
7.560000000000000000e+02
1.464000000000000000e+03
1.300000000000000000e+01
3.850000000000000000e+02
0.000000000000000000e+00
4.700000000000000000e+01
5.600000000000000000e+01
0.000000000000000000e+00
3.270000000000000000e+02
2.300000000000000000e+01
8.200000000000000000e+01
9.420000000000000000e+02
6.939000000000000000e+03
1.700000000000000000e+01
2.000000000000000000e+00
1.420000000000000000e+02
1.200000000000000000e+01
1.200000000000000000e+01
6.000000000000000000e+00
5.700000000000000000e+01
1.770000000000000000e+02
4.607700000000000000e+04
7.600000000000000000e+01
5.350000000000000000e+02
0.000000000000000000e+00
0.000000000000000000e+00
3.200000000000000000e+01
7.300000000000000000e+01
1.000000000000000000e+00
4.200000000000000000e+01
2.000000000000000000e+00
2.000000000000000000e+00
3.360000000000000000e+02
0.000000000000000000e+00
5.030000000000000000e+02
1.479000000000000000e+03
5.200000000000000000e+01
8.570000000000000000e+02
0.000000000000000000e+00
4.277700000000000000e+04
5.000000000000000000e+00
1.000000000000000000e+00
1.670000000000000000e+02
0.000000000000000000e+00
0.000000000000000000e+00
9.400000000000000000e+01
2.600000000000000000e+01
0.000000000000000000e+00
0.000000000000000000e+00
3.560000000000000000e+02
3.400000000000000000e+01
4.510000000000000000e+02
6.690000000000000000e+02
3.061200000000000000e+04
0.000000000000000000e+00
8.000000000000000000e+00
2.300000000000000000e+01
0.000000000000000000e+00
0.000000000000000000e+00
1.200000000000000000e+01
4.884000000000000000e+03
0.000000000000000000e+00
0.000000000000000000e+00
1.000000000000000000e+00
2.000000000000000000e+00
1.000000000000000000e+00
1.400000000000000000e+01
6.200000000000000000e+01
8.700000000000000000e+01
0.000000000000000000e+00
6.276000000000000000e+03
4.000000000000000000e+01
5.129800000000000000e+04
0.000000000000000000e+00
8.000000000000000000e+00
1.630000000000000000e+02
0.000000000000000000e+00
2.000000000000000000e+00
3.200000000000000000e+01
2.475500000000000000e+04
0.000000000000000000e+00
3.000000000000000000e+00
9.200000000000000000e+01
0.000000000000000000e+00
1.840000000000000000e+02
5.080000000000000000e+02
3.000000000000000000e+00
1.160000000000000000e+02
4.000000000000000000e+00
2.900000000000000000e+01
6.597900000000000000e+04
8.000000000000000000e+00
1.000000000000000000e+00
2.000000000000000000e+00
1.270000000000000000e+02
3.620000000000000000e+02
1.100000000000000000e+01
5.400000000000000000e+01
4.000000000000000000e+00
0.000000000000000000e+00
6.000000000000000000e+00
0.000000000000000000e+00
0.000000000000000000e+00
1.570000000000000000e+02
0.000000000000000000e+00
1.000000000000000000e+01
3.200000000000000000e+01
0.000000000000000000e+00
0.000000000000000000e+00
0.000000000000000000e+00
0.000000000000000000e+00
0.000000000000000000e+00
0.000000000000000000e+00
2.000000000000000000e+00
2.677000000000000000e+03
6.500000000000000000e+01
1.000000000000000000e+00
0.000000000000000000e+00
2.950000000000000000e+02
0.000000000000000000e+00
5.000000000000000000e+00
2.100000000000000000e+01
7.000000000000000000e+00
0.000000000000000000e+00
2.000000000000000000e+00
4.000000000000000000e+00
1.000000000000000000e+00
1.000000000000000000e+00
3.300000000000000000e+01
9.000000000000000000e+01
1.800000000000000000e+01
2.953900000000000000e+04
0.000000000000000000e+00
0.000000000000000000e+00
0.000000000000000000e+00
2.000000000000000000e+00
1.000000000000000000e+00
1.686000000000000000e+03
4.500000000000000000e+02
9.557000000000000000e+03
1.700000000000000000e+02
1.900000000000000000e+01
1.130000000000000000e+02
1.717000000000000000e+03
0.000000000000000000e+00
6.200000000000000000e+01
0.000000000000000000e+00
6.600000000000000000e+01
0.000000000000000000e+00
0.000000000000000000e+00
3.000000000000000000e+00
0.000000000000000000e+00
2.000000000000000000e+01
2.000000000000000000e+00
4.000000000000000000e+00
8.900000000000000000e+01
5.000000000000000000e+00
0.000000000000000000e+00
2.458000000000000000e+03
0.000000000000000000e+00
3.800000000000000000e+01
0.000000000000000000e+00
0.000000000000000000e+00
7.690000000000000000e+02
4.650000000000000000e+02
1.000000000000000000e+00
1.180000000000000000e+02
1.120000000000000000e+02
0.000000000000000000e+00
9.000000000000000000e+00
3.389000000000000000e+03
6.798000000000000000e+03
0.000000000000000000e+00
1.400000000000000000e+01
1.000000000000000000e+00
0.000000000000000000e+00
0.000000000000000000e+00
0.000000000000000000e+00
0.000000000000000000e+00
0.000000000000000000e+00
2.900000000000000000e+01
0.000000000000000000e+00
0.000000000000000000e+00
4.300000000000000000e+01
1.100000000000000000e+01
1.824000000000000000e+03
0.000000000000000000e+00
6.200000000000000000e+01
0.000000000000000000e+00
1.330000000000000000e+02
0.000000000000000000e+00
0.000000000000000000e+00
1.030000000000000000e+02
0.000000000000000000e+00
2.000000000000000000e+00
3.040000000000000000e+03
5.640000000000000000e+02
5.000000000000000000e+00
3.000000000000000000e+00
4.100000000000000000e+01
2.029000000000000000e+03
0.000000000000000000e+00
4.000000000000000000e+00
8.800000000000000000e+01
2.400000000000000000e+01
2.721900000000000000e+04
0.000000000000000000e+00
1.800000000000000000e+01
2.280000000000000000e+02
5.000000000000000000e+00
0.000000000000000000e+00
1.300000000000000000e+01
1.664600000000000000e+04
4.300000000000000000e+01
0.000000000000000000e+00
0.000000000000000000e+00
2.500000000000000000e+01
0.000000000000000000e+00
2.000000000000000000e+00
1.100000000000000000e+01
0.000000000000000000e+00
2.900000000000000000e+01
0.000000000000000000e+00
9.200000000000000000e+01
2.903000000000000000e+03
6.000000000000000000e+00
0.000000000000000000e+00
4.000000000000000000e+00
0.000000000000000000e+00
0.000000000000000000e+00
0.000000000000000000e+00
0.000000000000000000e+00
6.700000000000000000e+01
0.000000000000000000e+00
3.930000000000000000e+02
5.600000000000000000e+01
0.000000000000000000e+00
2.600000000000000000e+01
1.020000000000000000e+02
2.000000000000000000e+00
0.000000000000000000e+00
2.000000000000000000e+00
6.000000000000000000e+00
0.000000000000000000e+00
0.000000000000000000e+00
3.450000000000000000e+02
0.000000000000000000e+00
1.500000000000000000e+01
1.000000000000000000e+00
0.000000000000000000e+00
0.000000000000000000e+00
2.000000000000000000e+00
0.000000000000000000e+00
0.000000000000000000e+00
0.000000000000000000e+00
1.166000000000000000e+03
1.000000000000000000e+00
4.000000000000000000e+00
1.500000000000000000e+01
0.000000000000000000e+00
1.354200000000000000e+04
5.000000000000000000e+00
0.000000000000000000e+00
1.307000000000000000e+04
1.590000000000000000e+02
0.000000000000000000e+00
1.000000000000000000e+00
0.000000000000000000e+00
6.856000000000000000e+03
0.000000000000000000e+00
2.000000000000000000e+00
0.000000000000000000e+00
1.000000000000000000e+00
3.000000000000000000e+00
5.830700000000000000e+04
0.000000000000000000e+00
3.040000000000000000e+02
1.400000000000000000e+01
6.500000000000000000e+01
2.000000000000000000e+00
2.964000000000000000e+04
6.572000000000000000e+03
1.011200000000000000e+04
0.000000000000000000e+00
0.000000000000000000e+00
0.000000000000000000e+00
0.000000000000000000e+00
0.000000000000000000e+00
2.000000000000000000e+00
3.000000000000000000e+00
1.028080000000000000e+05
2.020000000000000000e+02
0.000000000000000000e+00
5.000000000000000000e+00
1.990000000000000000e+03
0.000000000000000000e+00
2.600000000000000000e+01
1.880000000000000000e+02
4.000000000000000000e+00
5.400000000000000000e+01
1.480000000000000000e+03
0.000000000000000000e+00
0.000000000000000000e+00
2.386900000000000000e+04
4.000000000000000000e+00
2.800000000000000000e+01
1.300000000000000000e+01
0.000000000000000000e+00
5.000000000000000000e+01
0.000000000000000000e+00
0.000000000000000000e+00
1.000000000000000000e+00
0.000000000000000000e+00
0.000000000000000000e+00
2.000000000000000000e+00
1.600000000000000000e+01
0.000000000000000000e+00
3.000000000000000000e+00
5.800000000000000000e+01
1.600000000000000000e+01
0.000000000000000000e+00
1.844700000000000000e+04
2.000000000000000000e+00
0.000000000000000000e+00
3.900000000000000000e+01
2.000000000000000000e+00
2.400000000000000000e+01
0.000000000000000000e+00
4.099000000000000000e+03
3.100000000000000000e+01
0.000000000000000000e+00
9.100000000000000000e+01
1.000000000000000000e+00
8.280000000000000000e+02
1.000000000000000000e+01
6.750000000000000000e+02
2.000000000000000000e+00
0.000000000000000000e+00
8.000000000000000000e+00
3.000000000000000000e+00
0.000000000000000000e+00
5.520000000000000000e+02
2.000000000000000000e+00
3.790000000000000000e+02
4.000000000000000000e+00
1.000000000000000000e+01
5.000000000000000000e+00
1.700000000000000000e+01
2.510000000000000000e+02
2.000000000000000000e+00
4.400000000000000000e+01
8.800000000000000000e+01
0.000000000000000000e+00
1.000000000000000000e+00
3.726000000000000000e+03
3.000000000000000000e+00
5.000000000000000000e+00
1.073800000000000000e+04
1.050000000000000000e+03
0.000000000000000000e+00
0.000000000000000000e+00
8.070000000000000000e+02
0.000000000000000000e+00
1.740000000000000000e+02
1.240000000000000000e+02
0.000000000000000000e+00
2.675000000000000000e+03
7.700000000000000000e+01
0.000000000000000000e+00
9.490000000000000000e+02
7.600000000000000000e+01
0.000000000000000000e+00
4.320000000000000000e+02
0.000000000000000000e+00
0.000000000000000000e+00
1.100000000000000000e+01
2.490000000000000000e+02
1.650210000000000000e+05
2.710000000000000000e+02
0.000000000000000000e+00
0.000000000000000000e+00
3.800000000000000000e+01
3.700000000000000000e+01
1.000000000000000000e+00
5.017000000000000000e+03
2.170000000000000000e+02
6.000000000000000000e+00
1.300000000000000000e+01
2.800000000000000000e+01
2.550000000000000000e+02
2.000000000000000000e+00
7.000000000000000000e+00
1.000000000000000000e+01
0.000000000000000000e+00
2.480000000000000000e+02
0.000000000000000000e+00
4.500000000000000000e+01
1.000000000000000000e+00
5.700000000000000000e+01
1.389000000000000000e+03
5.330000000000000000e+02
3.700000000000000000e+01
5.312000000000000000e+03
5.000000000000000000e+01
1.360000000000000000e+02
0.000000000000000000e+00
3.369100000000000000e+04
2.000000000000000000e+00
0.000000000000000000e+00
0.000000000000000000e+00
0.000000000000000000e+00
8.200000000000000000e+02
2.973000000000000000e+03
1.400000000000000000e+01
3.400000000000000000e+01
8.000000000000000000e+00
1.681000000000000000e+03
8.849000000000000000e+03
0.000000000000000000e+00
0.000000000000000000e+00
1.200000000000000000e+01
1.300000000000000000e+01
4.080000000000000000e+02
5.100000000000000000e+01
0.000000000000000000e+00
0.000000000000000000e+00
1.610000000000000000e+03
2.000000000000000000e+00
0.000000000000000000e+00
1.000000000000000000e+00
1.800000000000000000e+01
4.800000000000000000e+01
6.100000000000000000e+01
2.890200000000000000e+04
1.000000000000000000e+01
0.000000000000000000e+00
0.000000000000000000e+00
9.000000000000000000e+00
7.000000000000000000e+01
5.040000000000000000e+02
0.000000000000000000e+00
2.500000000000000000e+01
6.000000000000000000e+00
8.000000000000000000e+00
3.014700000000000000e+04
3.210000000000000000e+02
2.000000000000000000e+00
7.000000000000000000e+00
0.000000000000000000e+00
0.000000000000000000e+00
1.339900000000000000e+04
0.000000000000000000e+00
0.000000000000000000e+00
0.000000000000000000e+00
2.000000000000000000e+00
2.900000000000000000e+01
0.000000000000000000e+00
4.300000000000000000e+01
3.000000000000000000e+00
1.544000000000000000e+03
6.521000000000000000e+03
0.000000000000000000e+00
0.000000000000000000e+00
0.000000000000000000e+00
1.540000000000000000e+02
0.000000000000000000e+00
2.000000000000000000e+01
0.000000000000000000e+00
2.010000000000000000e+02
2.530000000000000000e+02
7.000000000000000000e+00
2.000000000000000000e+00
8.700000000000000000e+01
6.000000000000000000e+00
0.000000000000000000e+00
0.000000000000000000e+00
5.697690000000000000e+05
2.000000000000000000e+01
5.460000000000000000e+02
0.000000000000000000e+00
3.200000000000000000e+01
0.000000000000000000e+00
1.000000000000000000e+00
1.000000000000000000e+00
1.000000000000000000e+01
1.000000000000000000e+00
1.029000000000000000e+03
2.000000000000000000e+00
2.000000000000000000e+00
0.000000000000000000e+00
1.500000000000000000e+01
2.000000000000000000e+00
2.400000000000000000e+01
9.300000000000000000e+01
9.100000000000000000e+01
7.000000000000000000e+00
8.950000000000000000e+02
6.000000000000000000e+00
3.620000000000000000e+03
7.080000000000000000e+02
3.900000000000000000e+01
3.790000000000000000e+02
2.200000000000000000e+01
3.250000000000000000e+02
0.000000000000000000e+00
2.000000000000000000e+01
8.800000000000000000e+01
2.168000000000000000e+03
7.000000000000000000e+00
7.000000000000000000e+01
9.800000000000000000e+01
4.000000000000000000e+00
0.000000000000000000e+00
3.910000000000000000e+02
6.000000000000000000e+00
6.000000000000000000e+00
2.000000000000000000e+00
0.000000000000000000e+00
7.079000000000000000e+03
2.827200000000000000e+04
1.100000000000000000e+01
1.000000000000000000e+00
7.000000000000000000e+00
3.200000000000000000e+01
9.000000000000000000e+01
6.900000000000000000e+01
3.081400000000000000e+04
1.700000000000000000e+01
5.733000000000000000e+03
1.000000000000000000e+00
2.722000000000000000e+03
0.000000000000000000e+00
5.200000000000000000e+01
0.000000000000000000e+00
2.000000000000000000e+00
1.431000000000000000e+03
0.000000000000000000e+00
0.000000000000000000e+00
2.400000000000000000e+01
4.000000000000000000e+01
1.700000000000000000e+01
4.420000000000000000e+02
0.000000000000000000e+00
6.000000000000000000e+00
0.000000000000000000e+00
1.000000000000000000e+01
0.000000000000000000e+00
0.000000000000000000e+00
3.550000000000000000e+02
0.000000000000000000e+00
8.000000000000000000e+00
0.000000000000000000e+00
0.000000000000000000e+00
7.000000000000000000e+00
0.000000000000000000e+00
2.000000000000000000e+00
1.068000000000000000e+03
0.000000000000000000e+00
0.000000000000000000e+00
1.000000000000000000e+00
0.000000000000000000e+00
1.800000000000000000e+01
0.000000000000000000e+00
1.300000000000000000e+01
1.000000000000000000e+00
8.000000000000000000e+00
2.583000000000000000e+04
2.600000000000000000e+01
1.300000000000000000e+01
8.600000000000000000e+01
1.100000000000000000e+01
1.000000000000000000e+00
0.000000000000000000e+00
0.000000000000000000e+00
0.000000000000000000e+00
4.000000000000000000e+00
0.000000000000000000e+00
1.000000000000000000e+01
1.000000000000000000e+00
5.000000000000000000e+01
0.000000000000000000e+00
2.000000000000000000e+00
4.000000000000000000e+00
0.000000000000000000e+00
0.000000000000000000e+00
2.000000000000000000e+01
1.000000000000000000e+00
0.000000000000000000e+00
2.200000000000000000e+01
9.000000000000000000e+00
2.000000000000000000e+00
0.000000000000000000e+00
0.000000000000000000e+00
4.000000000000000000e+00
0.000000000000000000e+00
0.000000000000000000e+00
2.200000000000000000e+01
0.000000000000000000e+00
8.150000000000000000e+02
6.000000000000000000e+00
1.000000000000000000e+00
0.000000000000000000e+00
4.480000000000000000e+02
7.189000000000000000e+03
2.376000000000000000e+03
2.000000000000000000e+00
0.000000000000000000e+00
1.387000000000000000e+03
0.000000000000000000e+00
0.000000000000000000e+00
7.490000000000000000e+02
1.000000000000000000e+00
2.000000000000000000e+00
1.300000000000000000e+01
1.190000000000000000e+02
0.000000000000000000e+00
3.000000000000000000e+00
1.499900000000000000e+04
2.300000000000000000e+01
0.000000000000000000e+00
0.000000000000000000e+00
0.000000000000000000e+00
0.000000000000000000e+00
2.230000000000000000e+02
0.000000000000000000e+00
2.098700000000000000e+04
1.300000000000000000e+01
2.631000000000000000e+03
0.000000000000000000e+00
0.000000000000000000e+00
1.000000000000000000e+00
2.000000000000000000e+00
8.180000000000000000e+02
1.000000000000000000e+00
0.000000000000000000e+00
8.660000000000000000e+02
0.000000000000000000e+00
2.000000000000000000e+00
2.000000000000000000e+00
0.000000000000000000e+00
9.890000000000000000e+02
4.000000000000000000e+00
3.979690000000000000e+05
5.600000000000000000e+01
0.000000000000000000e+00
2.280000000000000000e+02
2.000000000000000000e+00
8.920000000000000000e+02
2.700000000000000000e+01
4.140000000000000000e+02
0.000000000000000000e+00
1.700000000000000000e+01
3.000000000000000000e+00
7.000000000000000000e+00
7.000000000000000000e+00
0.000000000000000000e+00
6.960000000000000000e+03
8.000000000000000000e+00
0.000000000000000000e+00
1.000000000000000000e+00
5.000000000000000000e+00
6.000000000000000000e+00
0.000000000000000000e+00
0.000000000000000000e+00
5.337000000000000000e+03
0.000000000000000000e+00
2.300000000000000000e+01
3.200000000000000000e+01
3.032000000000000000e+03
1.000000000000000000e+00
0.000000000000000000e+00
0.000000000000000000e+00
2.230000000000000000e+02
1.100000000000000000e+01
2.000000000000000000e+00
2.000000000000000000e+00
1.500000000000000000e+01
5.200000000000000000e+01
1.700000000000000000e+01
4.948000000000000000e+03
3.000000000000000000e+00
4.300000000000000000e+01
9.000000000000000000e+01
1.600000000000000000e+01
3.200000000000000000e+01
6.000000000000000000e+00
0.000000000000000000e+00
0.000000000000000000e+00
7.000000000000000000e+00
1.128000000000000000e+03
0.000000000000000000e+00
4.000000000000000000e+00
1.400000000000000000e+01
1.200000000000000000e+01
4.000000000000000000e+00
0.000000000000000000e+00
1.900000000000000000e+01
0.000000000000000000e+00
5.000000000000000000e+00
0.000000000000000000e+00
1.000000000000000000e+00
7.400000000000000000e+01
1.300000000000000000e+01
0.000000000000000000e+00
2.120000000000000000e+02
8.000000000000000000e+00
6.000000000000000000e+00
2.700000000000000000e+01
4.600000000000000000e+01
4.810000000000000000e+02
5.420000000000000000e+02
4.294000000000000000e+03
2.860000000000000000e+02
2.000000000000000000e+00
0.000000000000000000e+00
3.200000000000000000e+01
6.900000000000000000e+01
0.000000000000000000e+00
0.000000000000000000e+00
1.300000000000000000e+01
1.563760000000000000e+05
0.000000000000000000e+00
4.100000000000000000e+01
5.197000000000000000e+03
6.000000000000000000e+00
4.000000000000000000e+00
1.600000000000000000e+01
7.000000000000000000e+01
0.000000000000000000e+00
4.984900000000000000e+04
0.000000000000000000e+00
2.950000000000000000e+02
0.000000000000000000e+00
1.363500000000000000e+04
0.000000000000000000e+00
2.405200000000000000e+04
0.000000000000000000e+00
4.500000000000000000e+01
1.600000000000000000e+01
1.000000000000000000e+01
9.810000000000000000e+02
1.300000000000000000e+02
0.000000000000000000e+00
4.800000000000000000e+01
2.200000000000000000e+01
0.000000000000000000e+00
1.100000000000000000e+01
2.000000000000000000e+00
1.215000000000000000e+03
1.000000000000000000e+00
0.000000000000000000e+00
4.980000000000000000e+02
4.000000000000000000e+00
5.400000000000000000e+01
4.000000000000000000e+00
2.830000000000000000e+02
1.000000000000000000e+01
0.000000000000000000e+00
4.000000000000000000e+00
4.000000000000000000e+01
0.000000000000000000e+00
2.000000000000000000e+00
2.000000000000000000e+00
0.000000000000000000e+00
1.500000000000000000e+01
0.000000000000000000e+00
8.326000000000000000e+03
1.000000000000000000e+01
0.000000000000000000e+00
1.100000000000000000e+01
7.452000000000000000e+03
0.000000000000000000e+00
0.000000000000000000e+00
1.240000000000000000e+02
1.620000000000000000e+02
1.210000000000000000e+02
2.000000000000000000e+00
0.000000000000000000e+00
2.680000000000000000e+02
0.000000000000000000e+00
4.400000000000000000e+01
6.312000000000000000e+03
4.600000000000000000e+01
0.000000000000000000e+00
1.300000000000000000e+01
1.000000000000000000e+00
1.290000000000000000e+02
0.000000000000000000e+00
1.700000000000000000e+01
4.966000000000000000e+03
5.000000000000000000e+00
1.000000000000000000e+00
1.600000000000000000e+02
8.000000000000000000e+00
1.639400000000000000e+04
5.000000000000000000e+00
1.500000000000000000e+01
3.100000000000000000e+01
2.000000000000000000e+00
7.000000000000000000e+00
8.358000000000000000e+03
4.000000000000000000e+00
0.000000000000000000e+00
0.000000000000000000e+00
0.000000000000000000e+00
3.880000000000000000e+02
7.000000000000000000e+00
0.000000000000000000e+00
3.000000000000000000e+00
0.000000000000000000e+00
5.400000000000000000e+01
0.000000000000000000e+00
1.000000000000000000e+00
2.000000000000000000e+00
9.000000000000000000e+00
6.000000000000000000e+00
1.906000000000000000e+03
2.260000000000000000e+02
2.700000000000000000e+01
0.000000000000000000e+00
0.000000000000000000e+00
0.000000000000000000e+00
6.000000000000000000e+00
1.400000000000000000e+01
2.100000000000000000e+01
0.000000000000000000e+00
2.800000000000000000e+01
3.100000000000000000e+01
1.200000000000000000e+01
1.770000000000000000e+02
2.600000000000000000e+01
4.000000000000000000e+00
1.339800000000000000e+04
6.000000000000000000e+00
4.100000000000000000e+01
1.000000000000000000e+00
3.000000000000000000e+00
6.000000000000000000e+00
0.000000000000000000e+00
0.000000000000000000e+00
0.000000000000000000e+00
0.000000000000000000e+00
6.000000000000000000e+00
0.000000000000000000e+00
8.000000000000000000e+00
5.600000000000000000e+01
0.000000000000000000e+00
1.000000000000000000e+00
0.000000000000000000e+00
6.000000000000000000e+00
3.509200000000000000e+04
2.000000000000000000e+00
9.800000000000000000e+01
4.000000000000000000e+00
0.000000000000000000e+00
1.000000000000000000e+00
0.000000000000000000e+00
2.400000000000000000e+01
2.570000000000000000e+02
8.732000000000000000e+03
0.000000000000000000e+00
1.140000000000000000e+02
1.584900000000000000e+04
4.000000000000000000e+00
6.050000000000000000e+02
7.620000000000000000e+02
0.000000000000000000e+00
0.000000000000000000e+00
1.000000000000000000e+01
8.000000000000000000e+00
0.000000000000000000e+00
0.000000000000000000e+00
0.000000000000000000e+00
2.220000000000000000e+02
2.000000000000000000e+00
3.300000000000000000e+01
0.000000000000000000e+00
2.730000000000000000e+02
0.000000000000000000e+00
3.000000000000000000e+00
0.000000000000000000e+00
1.200000000000000000e+01
1.030000000000000000e+02
2.000000000000000000e+00
1.000000000000000000e+01
3.700000000000000000e+01
9.550000000000000000e+02
0.000000000000000000e+00
2.400000000000000000e+01
0.000000000000000000e+00
1.000000000000000000e+00
6.000000000000000000e+00
6.600000000000000000e+01
1.000000000000000000e+00
2.900000000000000000e+01
1.360300000000000000e+04
0.000000000000000000e+00
0.000000000000000000e+00
1.210000000000000000e+02
1.000000000000000000e+01
0.000000000000000000e+00
6.000000000000000000e+00
2.000000000000000000e+00
0.000000000000000000e+00
0.000000000000000000e+00
5.000000000000000000e+00
0.000000000000000000e+00
4.000000000000000000e+00
6.000000000000000000e+00
0.000000000000000000e+00
6.968000000000000000e+03
5.000000000000000000e+00
0.000000000000000000e+00
1.098000000000000000e+03
4.000000000000000000e+00
1.450000000000000000e+02
1.100000000000000000e+01
3.000000000000000000e+00
0.000000000000000000e+00
0.000000000000000000e+00
3.000000000000000000e+00
1.100000000000000000e+01
9.749600000000000000e+04
5.900000000000000000e+01
0.000000000000000000e+00
1.000000000000000000e+00
0.000000000000000000e+00
5.100000000000000000e+01
5.000000000000000000e+00
0.000000000000000000e+00
5.000000000000000000e+00
2.100000000000000000e+01
0.000000000000000000e+00
0.000000000000000000e+00
1.050000000000000000e+02
6.881500000000000000e+04
1.000000000000000000e+01
9.980000000000000000e+02
0.000000000000000000e+00
0.000000000000000000e+00
6.200000000000000000e+01
1.340000000000000000e+02
1.051000000000000000e+03
1.000000000000000000e+00
5.000000000000000000e+00
2.800000000000000000e+01
3.842000000000000000e+03
1.150000000000000000e+02
4.000000000000000000e+00
4.300000000000000000e+01
3.380000000000000000e+02
0.000000000000000000e+00
8.000000000000000000e+00
4.000000000000000000e+00
0.000000000000000000e+00
5.000000000000000000e+00
9.000000000000000000e+00
1.400000000000000000e+01
2.400000000000000000e+01
2.700000000000000000e+01
0.000000000000000000e+00
3.258870000000000000e+05
0.000000000000000000e+00
7.810000000000000000e+02
1.050000000000000000e+02
0.000000000000000000e+00
9.000000000000000000e+00
0.000000000000000000e+00
1.200000000000000000e+01
3.100000000000000000e+01
1.000000000000000000e+01
2.200000000000000000e+01
0.000000000000000000e+00
2.780000000000000000e+02
3.000000000000000000e+00
0.000000000000000000e+00
7.800000000000000000e+01
0.000000000000000000e+00
2.000000000000000000e+00
3.000000000000000000e+00
0.000000000000000000e+00
9.000000000000000000e+00
4.800000000000000000e+01
9.000000000000000000e+01
5.100000000000000000e+01
1.400000000000000000e+01
0.000000000000000000e+00
2.000000000000000000e+00
0.000000000000000000e+00
1.134500000000000000e+04
0.000000000000000000e+00
1.880000000000000000e+02
7.210000000000000000e+02
0.000000000000000000e+00
2.000000000000000000e+00
0.000000000000000000e+00
7.740000000000000000e+02
0.000000000000000000e+00
0.000000000000000000e+00
0.000000000000000000e+00
0.000000000000000000e+00
2.000000000000000000e+00
1.000000000000000000e+01
7.000000000000000000e+00
1.190000000000000000e+02
3.000000000000000000e+00
0.000000000000000000e+00
6.035000000000000000e+03
2.000000000000000000e+00
2.450000000000000000e+02
0.000000000000000000e+00
2.000000000000000000e+00
4.000000000000000000e+00
0.000000000000000000e+00
0.000000000000000000e+00
7.000000000000000000e+00
0.000000000000000000e+00
0.000000000000000000e+00
0.000000000000000000e+00
8.900000000000000000e+01
1.000000000000000000e+00
0.000000000000000000e+00
1.103000000000000000e+04
3.000000000000000000e+00
0.000000000000000000e+00
1.400000000000000000e+01
0.000000000000000000e+00
7.000000000000000000e+00
0.000000000000000000e+00
1.600000000000000000e+01
2.460000000000000000e+02
2.000000000000000000e+00
5.800000000000000000e+01
6.000000000000000000e+00
0.000000000000000000e+00
0.000000000000000000e+00
0.000000000000000000e+00
7.600000000000000000e+01
3.000000000000000000e+00
4.520000000000000000e+02
2.000000000000000000e+00
2.995000000000000000e+03
6.600000000000000000e+01
8.720000000000000000e+02
6.600000000000000000e+01
3.000000000000000000e+00
1.900000000000000000e+01
6.800000000000000000e+01
2.110000000000000000e+02
0.000000000000000000e+00
9.000000000000000000e+00
0.000000000000000000e+00
0.000000000000000000e+00
8.000000000000000000e+00
0.000000000000000000e+00
2.200000000000000000e+01
0.000000000000000000e+00
0.000000000000000000e+00
7.700000000000000000e+01
0.000000000000000000e+00
5.000000000000000000e+00
2.000000000000000000e+00
0.000000000000000000e+00
1.000000000000000000e+00
7.000000000000000000e+00
0.000000000000000000e+00
1.000000000000000000e+00
4.690000000000000000e+02
1.000000000000000000e+00
1.100000000000000000e+01
1.000000000000000000e+00
0.000000000000000000e+00
2.400000000000000000e+01
7.000000000000000000e+00
6.530000000000000000e+02
2.000000000000000000e+00
0.000000000000000000e+00
2.100000000000000000e+01
2.380000000000000000e+02
6.210000000000000000e+02
1.176520000000000000e+05
2.700000000000000000e+02
1.000000000000000000e+00
1.000000000000000000e+00
6.570000000000000000e+02
1.000000000000000000e+00
8.180000000000000000e+02
1.002100000000000000e+04
1.000000000000000000e+00
0.000000000000000000e+00
0.000000000000000000e+00
1.960000000000000000e+02
1.000000000000000000e+00
0.000000000000000000e+00
4.000000000000000000e+00
2.200000000000000000e+01
0.000000000000000000e+00
4.000000000000000000e+00
0.000000000000000000e+00
0.000000000000000000e+00
0.000000000000000000e+00
1.000000000000000000e+01
0.000000000000000000e+00
1.000000000000000000e+00
0.000000000000000000e+00
8.000000000000000000e+00
5.000000000000000000e+00
1.000000000000000000e+00
7.716000000000000000e+03
3.000000000000000000e+00
9.400000000000000000e+01
1.958000000000000000e+03
2.000000000000000000e+00
5.400000000000000000e+01
8.000000000000000000e+00
0.000000000000000000e+00
4.500000000000000000e+01
1.546000000000000000e+03
4.300000000000000000e+02
4.250000000000000000e+02
1.000000000000000000e+01
3.000000000000000000e+00
1.000000000000000000e+00
0.000000000000000000e+00
2.390000000000000000e+02
3.000000000000000000e+00
3.000000000000000000e+00
3.000000000000000000e+00
0.000000000000000000e+00
4.095000000000000000e+03
1.000000000000000000e+01
0.000000000000000000e+00
0.000000000000000000e+00
4.000000000000000000e+00
2.000000000000000000e+01
7.750000000000000000e+02
2.800000000000000000e+01
0.000000000000000000e+00
2.000000000000000000e+00
4.700000000000000000e+01
9.429000000000000000e+03
1.880000000000000000e+02
4.000000000000000000e+00
4.720000000000000000e+02
5.481800000000000000e+04
1.210000000000000000e+02
1.021000000000000000e+03
2.458000000000000000e+03
5.810000000000000000e+02
0.000000000000000000e+00
0.000000000000000000e+00
3.000000000000000000e+00
5.635000000000000000e+03
5.000000000000000000e+00
4.400000000000000000e+01
7.000000000000000000e+00
0.000000000000000000e+00
0.000000000000000000e+00
7.000000000000000000e+00
5.832000000000000000e+03
6.700000000000000000e+01
0.000000000000000000e+00
0.000000000000000000e+00
0.000000000000000000e+00
4.657000000000000000e+03
0.000000000000000000e+00
2.439000000000000000e+03
5.200000000000000000e+01
7.000000000000000000e+00
2.110000000000000000e+02
2.455000000000000000e+03
5.000000000000000000e+00
2.000000000000000000e+00
0.000000000000000000e+00
2.340000000000000000e+02
3.000000000000000000e+00
9.600000000000000000e+01
1.200000000000000000e+01
1.300000000000000000e+01
8.911200000000000000e+04
5.000000000000000000e+00
0.000000000000000000e+00
3.000000000000000000e+00
0.000000000000000000e+00
4.000000000000000000e+00
0.000000000000000000e+00
1.000000000000000000e+00
8.000000000000000000e+00
0.000000000000000000e+00
1.530000000000000000e+02
2.000000000000000000e+00
2.300000000000000000e+01
0.000000000000000000e+00
6.000000000000000000e+00
8.000000000000000000e+00
0.000000000000000000e+00
6.000000000000000000e+00
0.000000000000000000e+00
1.400000000000000000e+01
1.000000000000000000e+01
0.000000000000000000e+00
9.000000000000000000e+00
5.800000000000000000e+01
1.160000000000000000e+02
2.000000000000000000e+02
1.900000000000000000e+01
1.160000000000000000e+02
2.660000000000000000e+02
0.000000000000000000e+00
4.000000000000000000e+00
1.000000000000000000e+00
9.291000000000000000e+03
5.600000000000000000e+01
0.000000000000000000e+00
1.020000000000000000e+02
1.000000000000000000e+00
0.000000000000000000e+00
0.000000000000000000e+00
2.390000000000000000e+02
4.000000000000000000e+00
0.000000000000000000e+00
5.000000000000000000e+00
1.000000000000000000e+00
4.000000000000000000e+00
8.000000000000000000e+00
1.000000000000000000e+00
6.000000000000000000e+00
1.400000000000000000e+01
1.085100000000000000e+04
0.000000000000000000e+00
1.000000000000000000e+01
8.478000000000000000e+03
2.494000000000000000e+03
0.000000000000000000e+00
6.900000000000000000e+01
3.000000000000000000e+01
7.100000000000000000e+01
6.000000000000000000e+00
9.000000000000000000e+00
4.000000000000000000e+00
0.000000000000000000e+00
0.000000000000000000e+00
0.000000000000000000e+00
3.790000000000000000e+02
8.000000000000000000e+00
4.080000000000000000e+02
6.000000000000000000e+00
0.000000000000000000e+00
2.900000000000000000e+01
4.900000000000000000e+01
2.000000000000000000e+00
0.000000000000000000e+00
0.000000000000000000e+00
1.000000000000000000e+00
8.000000000000000000e+00
2.000000000000000000e+00
5.448000000000000000e+03
8.000000000000000000e+00
0.000000000000000000e+00
9.370000000000000000e+02
8.000000000000000000e+00
4.400000000000000000e+01
7.000000000000000000e+00
1.640000000000000000e+02
0.000000000000000000e+00
4.000000000000000000e+00
2.000000000000000000e+00
1.200000000000000000e+01
1.000000000000000000e+00
2.400000000000000000e+01
2.000000000000000000e+00
2.000000000000000000e+00
0.000000000000000000e+00
4.000000000000000000e+00
1.000000000000000000e+00
0.000000000000000000e+00
4.000000000000000000e+00
4.510000000000000000e+02
5.000000000000000000e+00
1.783100000000000000e+04
2.500000000000000000e+01
1.100000000000000000e+01
3.000000000000000000e+00
2.750000000000000000e+02
0.000000000000000000e+00
2.300000000000000000e+01
1.530000000000000000e+02
0.000000000000000000e+00
2.000000000000000000e+00
1.000000000000000000e+00
6.910000000000000000e+02
9.000000000000000000e+00
0.000000000000000000e+00
5.254000000000000000e+04
2.600000000000000000e+01
1.000000000000000000e+00
0.000000000000000000e+00
1.723000000000000000e+03
0.000000000000000000e+00
0.000000000000000000e+00
1.193200000000000000e+04
0.000000000000000000e+00
1.770000000000000000e+02
1.000000000000000000e+01
2.045800000000000000e+04
6.470000000000000000e+02
1.990000000000000000e+02
3.100000000000000000e+01
9.120000000000000000e+02
7.000000000000000000e+00
9.000000000000000000e+00
7.000000000000000000e+00
2.300000000000000000e+01
0.000000000000000000e+00
0.000000000000000000e+00
1.000000000000000000e+00
1.700000000000000000e+01
0.000000000000000000e+00
0.000000000000000000e+00
2.100000000000000000e+01
1.400000000000000000e+01
1.200000000000000000e+01
5.000000000000000000e+00
0.000000000000000000e+00
6.000000000000000000e+00
2.500000000000000000e+01
1.810000000000000000e+02
4.000000000000000000e+00
0.000000000000000000e+00
1.300000000000000000e+01
0.000000000000000000e+00
1.468000000000000000e+03
1.000000000000000000e+00
2.000000000000000000e+01
4.000000000000000000e+01
1.000000000000000000e+00
0.000000000000000000e+00
0.000000000000000000e+00
1.000000000000000000e+01
0.000000000000000000e+00
1.160000000000000000e+02
0.000000000000000000e+00
1.720000000000000000e+02
0.000000000000000000e+00
0.000000000000000000e+00
1.552000000000000000e+03
2.000000000000000000e+00
0.000000000000000000e+00
1.400000000000000000e+01
0.000000000000000000e+00
1.900000000000000000e+01
0.000000000000000000e+00
1.100000000000000000e+01
1.000000000000000000e+00
5.000000000000000000e+00
0.000000000000000000e+00
4.000000000000000000e+00
2.000000000000000000e+00
8.000000000000000000e+00
0.000000000000000000e+00
2.000000000000000000e+00
1.540000000000000000e+02
4.000000000000000000e+00
1.039000000000000000e+03
0.000000000000000000e+00
2.000000000000000000e+00
0.000000000000000000e+00
1.000000000000000000e+00
0.000000000000000000e+00
0.000000000000000000e+00
0.000000000000000000e+00
5.020000000000000000e+02
0.000000000000000000e+00
1.907700000000000000e+04
0.000000000000000000e+00
2.102780000000000000e+05
0.000000000000000000e+00
0.000000000000000000e+00
0.000000000000000000e+00
4.312500000000000000e+04
0.000000000000000000e+00
0.000000000000000000e+00
1.400000000000000000e+01
0.000000000000000000e+00
7.000000000000000000e+00
1.100000000000000000e+01
6.800000000000000000e+01
1.173390000000000000e+05
0.000000000000000000e+00
4.000000000000000000e+00
1.000000000000000000e+00
7.000000000000000000e+01
1.800000000000000000e+01
0.000000000000000000e+00
0.000000000000000000e+00
8.540000000000000000e+02
7.430000000000000000e+02
5.800000000000000000e+01
5.053000000000000000e+03
2.700000000000000000e+01
3.500000000000000000e+01
2.000000000000000000e+00
0.000000000000000000e+00
6.696000000000000000e+03
4.190000000000000000e+02
2.900000000000000000e+01
3.000000000000000000e+00
4.631000000000000000e+03
1.650000000000000000e+02
9.200000000000000000e+01
1.630000000000000000e+02
9.000000000000000000e+00
5.200000000000000000e+01
2.000000000000000000e+00
7.400000000000000000e+01
3.600000000000000000e+01
0.000000000000000000e+00
5.000000000000000000e+00
2.466000000000000000e+03
0.000000000000000000e+00
5.000000000000000000e+00
0.000000000000000000e+00
1.000000000000000000e+00
6.000000000000000000e+00
0.000000000000000000e+00
1.100000000000000000e+01
0.000000000000000000e+00
0.000000000000000000e+00
3.000000000000000000e+00
2.980000000000000000e+02
5.500000000000000000e+01
6.590000000000000000e+02
0.000000000000000000e+00
4.000000000000000000e+00
2.139300000000000000e+04
1.500000000000000000e+01
1.000000000000000000e+00
0.000000000000000000e+00
0.000000000000000000e+00
6.000000000000000000e+00
3.580000000000000000e+02
2.146000000000000000e+03
3.000000000000000000e+00
2.000000000000000000e+00
6.000000000000000000e+00
0.000000000000000000e+00
2.400000000000000000e+01
7.910000000000000000e+02
1.000000000000000000e+00
2.000000000000000000e+00
0.000000000000000000e+00
3.200000000000000000e+01
1.500000000000000000e+01
4.060000000000000000e+02
1.900000000000000000e+01
1.939100000000000000e+04
2.000000000000000000e+00
1.000000000000000000e+00
1.456000000000000000e+03
5.000000000000000000e+00
2.100000000000000000e+01
7.700000000000000000e+01
3.000000000000000000e+00
1.913700000000000000e+04
0.000000000000000000e+00
2.000000000000000000e+00
6.482000000000000000e+03
1.000000000000000000e+00
2.290100000000000000e+04
1.300000000000000000e+01
6.500000000000000000e+01
1.782980000000000000e+05
2.152000000000000000e+03
4.977000000000000000e+03
1.400000000000000000e+01
1.000000000000000000e+00
5.270000000000000000e+03
1.290000000000000000e+02
1.550000000000000000e+03
0.000000000000000000e+00
9.000000000000000000e+00
9.400000000000000000e+01
4.000000000000000000e+00
0.000000000000000000e+00
6.000000000000000000e+00
1.900000000000000000e+01
1.000000000000000000e+00
7.000000000000000000e+00
3.600000000000000000e+01
8.510000000000000000e+02
6.000000000000000000e+00
3.800000000000000000e+01
0.000000000000000000e+00
2.000000000000000000e+00
0.000000000000000000e+00
0.000000000000000000e+00
3.519000000000000000e+03
0.000000000000000000e+00
1.340000000000000000e+02
0.000000000000000000e+00
4.230100000000000000e+04
4.000000000000000000e+00
8.000000000000000000e+00
0.000000000000000000e+00
1.000000000000000000e+00
6.509000000000000000e+03
1.000000000000000000e+00
3.000000000000000000e+00
3.666500000000000000e+04
2.000000000000000000e+00
1.130000000000000000e+02
0.000000000000000000e+00
1.200000000000000000e+01
2.000000000000000000e+00
0.000000000000000000e+00
2.922900000000000000e+04
4.137000000000000000e+03
0.000000000000000000e+00
8.000000000000000000e+00
9.700000000000000000e+01
2.000000000000000000e+00
5.000000000000000000e+00
8.000000000000000000e+01
1.500000000000000000e+01
1.300000000000000000e+01
2.100000000000000000e+01
0.000000000000000000e+00
0.000000000000000000e+00
0.000000000000000000e+00
0.000000000000000000e+00
7.000000000000000000e+00
5.000000000000000000e+00
4.000000000000000000e+00
1.300000000000000000e+01
2.000000000000000000e+00
2.380000000000000000e+02
0.000000000000000000e+00
4.610000000000000000e+02
0.000000000000000000e+00
1.100000000000000000e+01
3.000000000000000000e+00
3.000000000000000000e+00
1.081000000000000000e+03
1.000000000000000000e+00
2.000000000000000000e+00
0.000000000000000000e+00
2.000000000000000000e+00
3.700000000000000000e+01
2.710000000000000000e+02
3.000000000000000000e+00
3.900000000000000000e+01
2.720000000000000000e+02
1.689000000000000000e+03
3.000000000000000000e+00
8.370000000000000000e+02
0.000000000000000000e+00
1.200000000000000000e+01
5.600000000000000000e+01
2.000000000000000000e+00
2.370000000000000000e+02
2.600000000000000000e+01
2.060000000000000000e+02
0.000000000000000000e+00
4.000000000000000000e+00
3.900000000000000000e+01
1.600000000000000000e+01
0.000000000000000000e+00
0.000000000000000000e+00
1.400000000000000000e+01
1.300000000000000000e+02
0.000000000000000000e+00
9.000000000000000000e+00
0.000000000000000000e+00
0.000000000000000000e+00
2.000000000000000000e+00
1.000000000000000000e+01
2.400000000000000000e+01
7.000000000000000000e+00
6.238000000000000000e+03
0.000000000000000000e+00
9.000000000000000000e+00
2.456700000000000000e+04
1.000000000000000000e+01
1.300000000000000000e+01
2.067300000000000000e+04
0.000000000000000000e+00
4.000000000000000000e+00
2.000000000000000000e+00
4.603000000000000000e+03
2.000000000000000000e+00
6.353000000000000000e+03
0.000000000000000000e+00
1.328000000000000000e+03
0.000000000000000000e+00
2.084900000000000000e+04
0.000000000000000000e+00
2.490000000000000000e+02
1.100000000000000000e+01
6.500000000000000000e+01
1.230000000000000000e+02
6.000000000000000000e+00
1.020000000000000000e+02
1.000000000000000000e+01
1.291000000000000000e+03
0.000000000000000000e+00
7.000000000000000000e+00
0.000000000000000000e+00
9.300000000000000000e+02
2.600000000000000000e+01
0.000000000000000000e+00
0.000000000000000000e+00
1.100000000000000000e+01
4.000000000000000000e+01
2.840000000000000000e+02
5.000000000000000000e+00
3.000000000000000000e+00
5.840000000000000000e+02
7.320000000000000000e+02
1.450000000000000000e+02
2.000000000000000000e+00
1.900000000000000000e+01
2.000000000000000000e+00
7.000000000000000000e+00
1.690000000000000000e+02
2.000000000000000000e+00
4.846000000000000000e+03
8.120000000000000000e+02
1.450000000000000000e+02
2.500000000000000000e+01
1.000000000000000000e+00
1.000000000000000000e+00
4.010000000000000000e+02
3.730000000000000000e+02
2.600000000000000000e+03
2.000000000000000000e+00
0.000000000000000000e+00
0.000000000000000000e+00
4.600000000000000000e+02
1.300000000000000000e+01
0.000000000000000000e+00
0.000000000000000000e+00
2.900000000000000000e+01
0.000000000000000000e+00
2.000000000000000000e+00
0.000000000000000000e+00
5.000000000000000000e+00
0.000000000000000000e+00
2.200000000000000000e+01
5.600000000000000000e+01
4.000000000000000000e+00
2.610000000000000000e+02
2.877000000000000000e+03
0.000000000000000000e+00
1.000000000000000000e+00
2.100000000000000000e+01
4.420000000000000000e+02
3.000000000000000000e+00
1.501900000000000000e+04
0.000000000000000000e+00
1.400000000000000000e+01
7.000000000000000000e+00
4.332000000000000000e+03
2.800000000000000000e+01
6.000000000000000000e+00
1.209000000000000000e+03
0.000000000000000000e+00
4.900000000000000000e+01
6.423500000000000000e+04
1.860000000000000000e+02
1.000000000000000000e+00
0.000000000000000000e+00
7.000000000000000000e+00
0.000000000000000000e+00
5.000000000000000000e+00
1.100000000000000000e+01
5.000000000000000000e+00
1.309000000000000000e+03
2.000000000000000000e+00
5.800000000000000000e+01
1.700000000000000000e+01
2.500000000000000000e+02
0.000000000000000000e+00
0.000000000000000000e+00
4.800000000000000000e+01
8.700000000000000000e+02
1.000000000000000000e+00
4.000000000000000000e+00
1.350000000000000000e+02
1.095100000000000000e+04
3.500000000000000000e+01
3.000000000000000000e+00
0.000000000000000000e+00
1.000000000000000000e+01
3.750000000000000000e+02
2.730400000000000000e+04
0.000000000000000000e+00
1.000000000000000000e+00
1.000000000000000000e+00
1.100000000000000000e+01
2.300000000000000000e+01
3.460000000000000000e+02
2.500000000000000000e+01
5.251000000000000000e+03
0.000000000000000000e+00
0.000000000000000000e+00
0.000000000000000000e+00
2.285310000000000000e+05
0.000000000000000000e+00
1.000000000000000000e+00
0.000000000000000000e+00
1.580000000000000000e+02
9.100000000000000000e+01
3.000000000000000000e+01
0.000000000000000000e+00
0.000000000000000000e+00
1.100000000000000000e+01
0.000000000000000000e+00
4.000000000000000000e+00
4.000000000000000000e+00
6.360000000000000000e+03
8.750000000000000000e+02
2.300000000000000000e+01
4.440000000000000000e+02
3.000000000000000000e+00
2.000000000000000000e+00
7.700000000000000000e+01
6.420000000000000000e+02
0.000000000000000000e+00
5.300000000000000000e+01
3.000000000000000000e+00
8.200000000000000000e+01
0.000000000000000000e+00
2.010000000000000000e+02
1.921600000000000000e+04
0.000000000000000000e+00
0.000000000000000000e+00
0.000000000000000000e+00
0.000000000000000000e+00
3.000000000000000000e+00
1.400000000000000000e+01
5.800000000000000000e+01
2.550000000000000000e+02
1.500000000000000000e+01
0.000000000000000000e+00
9.200000000000000000e+01
0.000000000000000000e+00
0.000000000000000000e+00
2.500000000000000000e+01
1.800000000000000000e+01
5.100000000000000000e+01
0.000000000000000000e+00
0.000000000000000000e+00
0.000000000000000000e+00
1.000000000000000000e+00
5.054000000000000000e+03
3.000000000000000000e+00
0.000000000000000000e+00
6.220000000000000000e+02
0.000000000000000000e+00
1.000000000000000000e+00
0.000000000000000000e+00
1.000000000000000000e+00
0.000000000000000000e+00
1.050000000000000000e+02
6.000000000000000000e+00
2.000000000000000000e+00
1.000000000000000000e+00
2.000000000000000000e+00
2.700000000000000000e+01
4.000000000000000000e+00
7.000000000000000000e+00
1.700000000000000000e+01
5.000000000000000000e+00
0.000000000000000000e+00
3.000000000000000000e+00
1.530000000000000000e+02
0.000000000000000000e+00
0.000000000000000000e+00
4.673600000000000000e+04
2.000000000000000000e+00
0.000000000000000000e+00
3.608000000000000000e+03
0.000000000000000000e+00
1.000000000000000000e+00
2.236200000000000000e+05
4.000000000000000000e+00
6.000000000000000000e+00
7.740000000000000000e+02
0.000000000000000000e+00
4.926400000000000000e+04
1.500000000000000000e+01
4.540000000000000000e+02
1.307000000000000000e+03
0.000000000000000000e+00
1.910000000000000000e+02
3.000000000000000000e+00
0.000000000000000000e+00
5.600000000000000000e+01
1.100000000000000000e+01
4.600000000000000000e+01
0.000000000000000000e+00
4.750000000000000000e+02
0.000000000000000000e+00
1.830000000000000000e+02
3.000000000000000000e+00
0.000000000000000000e+00
0.000000000000000000e+00
0.000000000000000000e+00
2.000000000000000000e+00
3.000000000000000000e+00
3.000000000000000000e+00
4.000000000000000000e+00
2.000000000000000000e+00
1.000000000000000000e+03
4.000000000000000000e+00
6.000000000000000000e+01
1.000000000000000000e+00
0.000000000000000000e+00
6.240000000000000000e+02
0.000000000000000000e+00
3.340000000000000000e+02
4.000000000000000000e+00
0.000000000000000000e+00
0.000000000000000000e+00
0.000000000000000000e+00
3.000000000000000000e+00
9.500000000000000000e+01
1.290000000000000000e+02
1.780000000000000000e+03
1.000000000000000000e+01
3.500000000000000000e+01
1.100000000000000000e+01
3.110000000000000000e+02
1.870000000000000000e+02
3.000000000000000000e+01
0.000000000000000000e+00
3.260000000000000000e+02
3.800000000000000000e+01
1.000000000000000000e+00
2.330000000000000000e+02
1.800000000000000000e+01
4.000000000000000000e+00
2.000000000000000000e+00
5.000000000000000000e+00
0.000000000000000000e+00
4.400000000000000000e+01
2.200000000000000000e+01
2.000000000000000000e+00
0.000000000000000000e+00
0.000000000000000000e+00
1.000000000000000000e+00
1.600000000000000000e+01
0.000000000000000000e+00
3.700000000000000000e+01
4.300000000000000000e+01
5.000000000000000000e+00
2.000000000000000000e+00
0.000000000000000000e+00
2.144900000000000000e+04
8.000000000000000000e+00
0.000000000000000000e+00
0.000000000000000000e+00
0.000000000000000000e+00
0.000000000000000000e+00
0.000000000000000000e+00
3.600000000000000000e+01
1.700000000000000000e+01
6.000000000000000000e+01
2.060000000000000000e+02
0.000000000000000000e+00
7.000000000000000000e+00
7.800000000000000000e+01
1.780000000000000000e+02
0.000000000000000000e+00
2.926000000000000000e+03
1.700000000000000000e+01
4.000000000000000000e+00
1.105000000000000000e+03
0.000000000000000000e+00
0.000000000000000000e+00
3.998000000000000000e+03
1.188250000000000000e+05
1.000000000000000000e+01
1.000000000000000000e+00
4.000000000000000000e+00
1.500000000000000000e+01
2.500000000000000000e+01
3.000000000000000000e+00
1.400000000000000000e+01
1.120000000000000000e+02
1.000000000000000000e+00
2.150000000000000000e+02
0.000000000000000000e+00
0.000000000000000000e+00
3.000000000000000000e+00
5.300000000000000000e+01
2.000000000000000000e+00
1.100000000000000000e+01
2.000000000000000000e+01
1.000000000000000000e+02
4.100000000000000000e+01
2.860000000000000000e+02
3.300000000000000000e+01
3.000000000000000000e+00
5.000000000000000000e+00
2.046000000000000000e+03
3.200000000000000000e+01
6.000000000000000000e+00
0.000000000000000000e+00
0.000000000000000000e+00
3.000000000000000000e+00
1.000000000000000000e+00
7.100000000000000000e+01
0.000000000000000000e+00
3.800000000000000000e+01
1.406300000000000000e+05
2.057000000000000000e+03
0.000000000000000000e+00
1.490000000000000000e+02
5.800000000000000000e+01
1.693000000000000000e+03
2.000000000000000000e+00
1.000000000000000000e+00
1.200000000000000000e+01
3.000000000000000000e+00
8.706500000000000000e+04
4.000000000000000000e+00
2.000000000000000000e+00
3.000000000000000000e+00
0.000000000000000000e+00
9.595400000000000000e+04
1.140000000000000000e+02
4.000000000000000000e+00
3.250000000000000000e+03
0.000000000000000000e+00
0.000000000000000000e+00
1.260000000000000000e+02
5.000000000000000000e+00
2.100000000000000000e+01
1.700000000000000000e+01
1.898000000000000000e+03
0.000000000000000000e+00
0.000000000000000000e+00
2.300000000000000000e+01
0.000000000000000000e+00
1.000000000000000000e+00
0.000000000000000000e+00
1.140000000000000000e+02
0.000000000000000000e+00
0.000000000000000000e+00
1.720000000000000000e+02
0.000000000000000000e+00
1.400000000000000000e+01
1.500000000000000000e+01
1.489000000000000000e+03
4.022000000000000000e+03
1.400000000000000000e+01
0.000000000000000000e+00
3.500000000000000000e+01
0.000000000000000000e+00
8.780000000000000000e+02
2.000000000000000000e+00
3.000000000000000000e+00
0.000000000000000000e+00
1.900000000000000000e+01
2.120000000000000000e+03
8.000000000000000000e+00
1.000000000000000000e+00
1.000000000000000000e+00
1.000000000000000000e+00
2.000000000000000000e+02
2.083000000000000000e+03
0.000000000000000000e+00
1.900000000000000000e+01
0.000000000000000000e+00
5.000000000000000000e+00
1.328400000000000000e+04
5.000000000000000000e+00
4.000000000000000000e+00
3.800000000000000000e+01
1.550000000000000000e+02
7.000000000000000000e+00
0.000000000000000000e+00
3.000000000000000000e+00
1.130000000000000000e+02
0.000000000000000000e+00
1.170000000000000000e+02
2.150000000000000000e+02
1.400000000000000000e+02
2.000000000000000000e+00
3.000000000000000000e+00
2.150000000000000000e+03
0.000000000000000000e+00
0.000000000000000000e+00
0.000000000000000000e+00
0.000000000000000000e+00
0.000000000000000000e+00
0.000000000000000000e+00
0.000000000000000000e+00
4.000000000000000000e+00
0.000000000000000000e+00
0.000000000000000000e+00
0.000000000000000000e+00
1.000000000000000000e+00
4.380000000000000000e+02
7.000000000000000000e+00
0.000000000000000000e+00
3.780000000000000000e+02
0.000000000000000000e+00
5.400000000000000000e+01
5.230000000000000000e+02
4.000000000000000000e+00
0.000000000000000000e+00
1.600000000000000000e+01
3.700000000000000000e+01
6.000000000000000000e+00
0.000000000000000000e+00
7.350000000000000000e+02
0.000000000000000000e+00
0.000000000000000000e+00
0.000000000000000000e+00
6.000000000000000000e+00
2.700000000000000000e+01
3.000000000000000000e+00
3.800000000000000000e+01
0.000000000000000000e+00
1.150000000000000000e+02
5.500000000000000000e+01
4.000000000000000000e+00
4.000000000000000000e+00
0.000000000000000000e+00
6.000000000000000000e+00
0.000000000000000000e+00
7.000000000000000000e+00
0.000000000000000000e+00
0.000000000000000000e+00
0.000000000000000000e+00
9.920000000000000000e+02
1.389000000000000000e+03
0.000000000000000000e+00
0.000000000000000000e+00
2.600000000000000000e+01
4.000000000000000000e+00
0.000000000000000000e+00
5.000000000000000000e+00
0.000000000000000000e+00
0.000000000000000000e+00
1.000000000000000000e+00
2.978000000000000000e+03
0.000000000000000000e+00
9.000000000000000000e+00
5.600000000000000000e+01
0.000000000000000000e+00
1.400000000000000000e+01
0.000000000000000000e+00
1.000000000000000000e+00
0.000000000000000000e+00
3.010000000000000000e+02
3.785000000000000000e+03
7.000000000000000000e+00
0.000000000000000000e+00
2.300000000000000000e+01
1.380000000000000000e+02
1.300000000000000000e+01
4.780000000000000000e+02
1.800000000000000000e+01
7.000000000000000000e+00
1.120000000000000000e+02
3.142000000000000000e+03
9.563600000000000000e+04
0.000000000000000000e+00
0.000000000000000000e+00
1.170000000000000000e+02
8.037000000000000000e+04
1.400000000000000000e+01
1.297000000000000000e+03
1.000000000000000000e+00
0.000000000000000000e+00
1.342000000000000000e+03
1.000000000000000000e+00
4.000000000000000000e+00
1.560000000000000000e+02
3.000000000000000000e+00
0.000000000000000000e+00
4.800000000000000000e+01
0.000000000000000000e+00
1.000000000000000000e+00
4.400000000000000000e+01
0.000000000000000000e+00
4.100000000000000000e+02
4.542700000000000000e+04
1.340000000000000000e+02
3.000000000000000000e+00
0.000000000000000000e+00
0.000000000000000000e+00
1.066000000000000000e+04
0.000000000000000000e+00
1.062000000000000000e+03
0.000000000000000000e+00
3.391000000000000000e+03
0.000000000000000000e+00
0.000000000000000000e+00
1.000000000000000000e+00
2.930000000000000000e+02
0.000000000000000000e+00
1.896600000000000000e+04
4.000000000000000000e+00
9.812000000000000000e+03
0.000000000000000000e+00
2.590000000000000000e+02
0.000000000000000000e+00
1.400000000000000000e+01
1.050000000000000000e+02
1.600000000000000000e+01
0.000000000000000000e+00
1.800000000000000000e+01
0.000000000000000000e+00
0.000000000000000000e+00
1.100000000000000000e+01
1.060000000000000000e+02
6.000000000000000000e+00
3.000000000000000000e+00
0.000000000000000000e+00
0.000000000000000000e+00
0.000000000000000000e+00
0.000000000000000000e+00
4.100000000000000000e+01
1.593000000000000000e+03
4.700000000000000000e+01
8.000000000000000000e+00
1.000000000000000000e+00
7.690000000000000000e+02
1.900000000000000000e+01
0.000000000000000000e+00
0.000000000000000000e+00
2.900000000000000000e+01
0.000000000000000000e+00
1.000000000000000000e+00
0.000000000000000000e+00
2.500000000000000000e+01
0.000000000000000000e+00
5.000000000000000000e+00
6.000000000000000000e+00
3.000000000000000000e+00
1.400000000000000000e+01
5.000000000000000000e+00
0.000000000000000000e+00
0.000000000000000000e+00
0.000000000000000000e+00
2.500000000000000000e+01
0.000000000000000000e+00
4.200000000000000000e+01
9.000000000000000000e+01
1.700000000000000000e+01
4.000000000000000000e+00
0.000000000000000000e+00
0.000000000000000000e+00
6.160000000000000000e+02
1.132300000000000000e+04
1.000000000000000000e+00
1.300000000000000000e+01
3.000000000000000000e+00
0.000000000000000000e+00
3.100000000000000000e+01
2.000000000000000000e+00
0.000000000000000000e+00
9.911000000000000000e+03
0.000000000000000000e+00
1.525400000000000000e+04
1.000000000000000000e+01
1.298000000000000000e+03
0.000000000000000000e+00
3.800000000000000000e+01
1.530000000000000000e+02
1.600000000000000000e+01
0.000000000000000000e+00
1.351420000000000000e+05
1.002950000000000000e+05
2.900000000000000000e+01
2.600000000000000000e+01
5.340000000000000000e+02
0.000000000000000000e+00
0.000000000000000000e+00
4.000000000000000000e+01
2.000000000000000000e+00
8.000000000000000000e+00
2.120000000000000000e+02
0.000000000000000000e+00
3.300000000000000000e+01
7.400000000000000000e+01
6.000000000000000000e+00
1.700000000000000000e+01
0.000000000000000000e+00
1.900000000000000000e+01
1.680000000000000000e+02
0.000000000000000000e+00
1.670000000000000000e+02
0.000000000000000000e+00
1.699000000000000000e+03
3.000000000000000000e+00
4.000000000000000000e+00
4.000000000000000000e+00
1.830000000000000000e+02
3.000000000000000000e+00
2.400000000000000000e+01
0.000000000000000000e+00
1.000000000000000000e+00
1.299000000000000000e+03
8.300000000000000000e+01
0.000000000000000000e+00
1.300000000000000000e+01
8.400000000000000000e+01
1.941600000000000000e+04
4.800000000000000000e+01
3.000000000000000000e+00
4.390000000000000000e+03
1.300000000000000000e+01
1.000000000000000000e+00
0.000000000000000000e+00
2.000000000000000000e+00
0.000000000000000000e+00
4.000000000000000000e+00
0.000000000000000000e+00
1.077000000000000000e+03
1.000000000000000000e+00
8.723000000000000000e+03
4.000000000000000000e+00
1.000000000000000000e+00
2.000000000000000000e+00
4.246800000000000000e+04
1.021000000000000000e+03
1.400000000000000000e+01
3.680000000000000000e+02
6.000000000000000000e+00
1.800000000000000000e+01
0.000000000000000000e+00
1.232800000000000000e+04
1.328600000000000000e+04
1.000000000000000000e+01
2.000000000000000000e+00
0.000000000000000000e+00
2.800000000000000000e+01
0.000000000000000000e+00
1.706000000000000000e+03
2.830000000000000000e+02
0.000000000000000000e+00
0.000000000000000000e+00
6.000000000000000000e+00
5.000000000000000000e+00
8.300000000000000000e+01
0.000000000000000000e+00
1.000000000000000000e+00
3.410000000000000000e+02
9.480000000000000000e+02
3.500000000000000000e+01
0.000000000000000000e+00
6.000000000000000000e+00
5.803000000000000000e+03
3.000000000000000000e+00
3.000000000000000000e+00
5.690000000000000000e+02
3.307700000000000000e+04
0.000000000000000000e+00
1.155000000000000000e+03
6.202000000000000000e+03
2.522900000000000000e+04
0.000000000000000000e+00
0.000000000000000000e+00
0.000000000000000000e+00
2.250000000000000000e+02
3.000000000000000000e+00
0.000000000000000000e+00
1.009600000000000000e+04
0.000000000000000000e+00
1.000000000000000000e+00
2.279000000000000000e+03
1.200000000000000000e+01
5.258100000000000000e+04
2.000000000000000000e+00
0.000000000000000000e+00
3.100000000000000000e+01
1.200000000000000000e+01
0.000000000000000000e+00
0.000000000000000000e+00
5.000000000000000000e+00
1.071000000000000000e+03
1.064000000000000000e+03
4.000000000000000000e+00
2.800000000000000000e+01
0.000000000000000000e+00
0.000000000000000000e+00
1.620000000000000000e+02
0.000000000000000000e+00
9.395000000000000000e+03
6.000000000000000000e+00
3.800000000000000000e+01
0.000000000000000000e+00
0.000000000000000000e+00
9.000000000000000000e+00
0.000000000000000000e+00
0.000000000000000000e+00
5.000000000000000000e+00
0.000000000000000000e+00
8.200000000000000000e+01
4.800000000000000000e+01
0.000000000000000000e+00
0.000000000000000000e+00
1.610000000000000000e+02
2.000000000000000000e+00
1.434000000000000000e+03
7.400000000000000000e+01
3.000000000000000000e+00
0.000000000000000000e+00
1.666400000000000000e+04
2.000000000000000000e+01
0.000000000000000000e+00
8.300000000000000000e+01
0.000000000000000000e+00
1.350000000000000000e+02
3.000000000000000000e+00
1.463000000000000000e+03
1.000000000000000000e+00
0.000000000000000000e+00
9.094200000000000000e+04
2.578000000000000000e+03
2.800000000000000000e+01
1.066270000000000000e+05
4.000000000000000000e+00
1.200000000000000000e+01
0.000000000000000000e+00
0.000000000000000000e+00
1.730000000000000000e+02
1.149000000000000000e+03
1.920000000000000000e+02
0.000000000000000000e+00
0.000000000000000000e+00
1.748000000000000000e+03
0.000000000000000000e+00
2.293800000000000000e+04
3.400000000000000000e+01
1.000000000000000000e+00
5.000000000000000000e+00
3.700000000000000000e+02
2.000000000000000000e+00
6.400000000000000000e+01
4.000000000000000000e+00
2.900000000000000000e+01
2.000000000000000000e+00
1.000000000000000000e+00
3.838000000000000000e+03
0.000000000000000000e+00
3.000000000000000000e+00
0.000000000000000000e+00
0.000000000000000000e+00
5.000000000000000000e+00
3.140000000000000000e+02
2.000000000000000000e+00
2.750000000000000000e+02
0.000000000000000000e+00
5.800000000000000000e+01
5.840000000000000000e+02
1.100000000000000000e+01
0.000000000000000000e+00
0.000000000000000000e+00
7.400000000000000000e+01
0.000000000000000000e+00
1.000000000000000000e+00
0.000000000000000000e+00
2.448000000000000000e+03
4.000000000000000000e+00
2.000000000000000000e+00
6.080000000000000000e+02
6.600000000000000000e+01
7.000000000000000000e+00
0.000000000000000000e+00
0.000000000000000000e+00
8.000000000000000000e+00
6.900000000000000000e+01
7.000000000000000000e+00
5.000000000000000000e+00
0.000000000000000000e+00
1.810000000000000000e+02
0.000000000000000000e+00
2.000000000000000000e+00
0.000000000000000000e+00
3.400000000000000000e+01
0.000000000000000000e+00
6.000000000000000000e+00
1.560000000000000000e+02
2.000000000000000000e+00
2.000000000000000000e+00
4.000000000000000000e+00
0.000000000000000000e+00
9.020000000000000000e+02
1.500000000000000000e+01
5.000000000000000000e+00
3.000000000000000000e+00
5.630000000000000000e+02
0.000000000000000000e+00
1.180000000000000000e+02
1.000000000000000000e+00
2.000000000000000000e+00
5.000000000000000000e+00
0.000000000000000000e+00
1.000000000000000000e+01
9.000000000000000000e+00
0.000000000000000000e+00
2.800000000000000000e+02
0.000000000000000000e+00
0.000000000000000000e+00
3.000000000000000000e+00
1.000000000000000000e+00
7.000000000000000000e+00
2.060000000000000000e+02
6.200000000000000000e+01
0.000000000000000000e+00
2.000000000000000000e+00
1.930000000000000000e+02
2.000000000000000000e+00
9.000000000000000000e+00
0.000000000000000000e+00
1.977000000000000000e+03
1.836000000000000000e+03
0.000000000000000000e+00
6.015000000000000000e+03
3.000000000000000000e+00
1.000000000000000000e+00
3.400000000000000000e+01
2.000000000000000000e+00
4.300000000000000000e+01
2.000000000000000000e+00
3.837600000000000000e+04
5.100000000000000000e+01
3.000000000000000000e+00
2.334000000000000000e+03
1.700000000000000000e+01
0.000000000000000000e+00
0.000000000000000000e+00
0.000000000000000000e+00
6.000000000000000000e+00
6.000000000000000000e+00
2.486000000000000000e+03
0.000000000000000000e+00
6.000000000000000000e+00
0.000000000000000000e+00
3.932000000000000000e+03
1.000000000000000000e+00
1.900000000000000000e+01
0.000000000000000000e+00
1.200000000000000000e+01
4.000000000000000000e+01
7.140000000000000000e+02
6.200000000000000000e+01
0.000000000000000000e+00
2.700000000000000000e+02
3.110000000000000000e+02
1.260000000000000000e+02
3.000000000000000000e+00
0.000000000000000000e+00
7.000000000000000000e+00
5.200000000000000000e+01
4.910000000000000000e+02
1.400000000000000000e+01
5.878000000000000000e+03
1.000000000000000000e+00
0.000000000000000000e+00
3.400000000000000000e+01
0.000000000000000000e+00
0.000000000000000000e+00
2.220000000000000000e+02
0.000000000000000000e+00
8.550000000000000000e+02
0.000000000000000000e+00
1.920000000000000000e+02
7.900000000000000000e+01
2.000000000000000000e+00
2.000000000000000000e+00
0.000000000000000000e+00
1.500000000000000000e+01
3.000000000000000000e+00
0.000000000000000000e+00
0.000000000000000000e+00
6.749400000000000000e+04
0.000000000000000000e+00
0.000000000000000000e+00
1.000000000000000000e+00
0.000000000000000000e+00
3.850000000000000000e+02
7.770000000000000000e+02
0.000000000000000000e+00
1.000000000000000000e+00
1.200000000000000000e+01
1.100000000000000000e+01
0.000000000000000000e+00
0.000000000000000000e+00
2.000000000000000000e+00
0.000000000000000000e+00
5.000000000000000000e+00
1.015000000000000000e+03
7.385000000000000000e+03
5.000000000000000000e+01
1.400000000000000000e+01
0.000000000000000000e+00
2.000000000000000000e+00
2.590000000000000000e+02
2.490000000000000000e+02
7.400000000000000000e+01
1.000000000000000000e+00
1.000000000000000000e+00
2.807000000000000000e+03
5.600000000000000000e+01
9.000000000000000000e+00
0.000000000000000000e+00
3.400000000000000000e+01
0.000000000000000000e+00
0.000000000000000000e+00
3.911000000000000000e+03
1.860000000000000000e+02
0.000000000000000000e+00
1.000000000000000000e+00
2.000000000000000000e+00
2.000000000000000000e+00
1.000000000000000000e+00
0.000000000000000000e+00
0.000000000000000000e+00
2.000000000000000000e+00
0.000000000000000000e+00
2.000000000000000000e+00
0.000000000000000000e+00
4.000000000000000000e+00
2.092000000000000000e+03
0.000000000000000000e+00
0.000000000000000000e+00
2.000000000000000000e+00
8.000000000000000000e+00
2.000000000000000000e+01
2.000000000000000000e+00
2.500000000000000000e+01
1.000000000000000000e+01
2.453300000000000000e+04
1.100000000000000000e+01
2.260000000000000000e+02
0.000000000000000000e+00
0.000000000000000000e+00
2.100000000000000000e+01
0.000000000000000000e+00
0.000000000000000000e+00
0.000000000000000000e+00
1.183600000000000000e+04
1.500000000000000000e+01
2.000000000000000000e+00
1.787550000000000000e+05
2.000000000000000000e+00
2.400000000000000000e+01
2.850000000000000000e+02
1.000000000000000000e+01
1.920000000000000000e+02
0.000000000000000000e+00
2.000000000000000000e+00
1.300000000000000000e+02
2.000000000000000000e+00
2.000000000000000000e+00
6.200000000000000000e+01
0.000000000000000000e+00
0.000000000000000000e+00
1.300000000000000000e+01
8.000000000000000000e+01
2.900000000000000000e+01
1.000000000000000000e+00
1.400000000000000000e+01
0.000000000000000000e+00
1.100000000000000000e+01
1.000000000000000000e+00
1.100000000000000000e+01
1.000000000000000000e+00
3.000000000000000000e+00
1.400000000000000000e+01
2.650000000000000000e+02
2.380000000000000000e+02
0.000000000000000000e+00
0.000000000000000000e+00
0.000000000000000000e+00
2.100000000000000000e+01
3.500000000000000000e+01
0.000000000000000000e+00
5.000000000000000000e+00
0.000000000000000000e+00
4.000000000000000000e+00
0.000000000000000000e+00
3.962000000000000000e+03
1.000000000000000000e+00
1.268200000000000000e+04
6.000000000000000000e+00
1.956900000000000000e+04
5.130000000000000000e+02
0.000000000000000000e+00
4.100000000000000000e+01
8.271000000000000000e+03
0.000000000000000000e+00
0.000000000000000000e+00
3.397000000000000000e+03
0.000000000000000000e+00
0.000000000000000000e+00
1.000000000000000000e+00
0.000000000000000000e+00
0.000000000000000000e+00
0.000000000000000000e+00
1.200000000000000000e+01
1.900000000000000000e+01
3.300000000000000000e+01
2.600000000000000000e+01
2.720000000000000000e+02
1.000000000000000000e+01
4.000000000000000000e+00
2.282900000000000000e+04
1.400000000000000000e+01
4.000000000000000000e+00
2.627500000000000000e+04
6.000000000000000000e+00
4.600000000000000000e+01
0.000000000000000000e+00
1.781000000000000000e+03
3.280000000000000000e+02
0.000000000000000000e+00
2.800000000000000000e+01
0.000000000000000000e+00
0.000000000000000000e+00
1.500000000000000000e+01
1.100000000000000000e+01
6.900000000000000000e+01
2.000000000000000000e+00
0.000000000000000000e+00
0.000000000000000000e+00
2.000000000000000000e+00
0.000000000000000000e+00
2.000000000000000000e+00
3.270000000000000000e+02
1.000000000000000000e+00
3.000000000000000000e+00
2.680000000000000000e+02
1.320000000000000000e+02
4.440000000000000000e+02
6.600000000000000000e+01
1.310000000000000000e+02
3.310000000000000000e+02
0.000000000000000000e+00
0.000000000000000000e+00
0.000000000000000000e+00
5.380000000000000000e+02
6.000000000000000000e+00
0.000000000000000000e+00
1.417200000000000000e+04
7.437000000000000000e+03
1.459000000000000000e+04
1.290000000000000000e+02
2.000000000000000000e+00
4.679300000000000000e+04
2.790000000000000000e+02
4.000000000000000000e+00
1.000000000000000000e+00
0.000000000000000000e+00
3.250000000000000000e+02
4.000000000000000000e+00
2.000000000000000000e+00
0.000000000000000000e+00
1.000000000000000000e+01
5.690000000000000000e+02
2.780000000000000000e+03
1.000000000000000000e+00
2.000000000000000000e+00
1.700000000000000000e+01
1.800000000000000000e+01
9.200000000000000000e+01
4.000000000000000000e+00
0.000000000000000000e+00
0.000000000000000000e+00
2.000000000000000000e+00
1.384000000000000000e+03
1.170000000000000000e+02
0.000000000000000000e+00
0.000000000000000000e+00
2.620000000000000000e+02
2.206000000000000000e+03
1.000000000000000000e+00
7.000000000000000000e+00
0.000000000000000000e+00
0.000000000000000000e+00
1.932000000000000000e+03
2.000000000000000000e+00
1.070000000000000000e+02
2.000000000000000000e+00
8.000000000000000000e+00
0.000000000000000000e+00
1.255000000000000000e+03
0.000000000000000000e+00
3.000000000000000000e+00
7.760000000000000000e+03
1.200000000000000000e+01
8.000000000000000000e+00
0.000000000000000000e+00
5.080000000000000000e+02
2.968000000000000000e+03
0.000000000000000000e+00
2.780000000000000000e+02
0.000000000000000000e+00
3.830000000000000000e+02
2.200000000000000000e+01
0.000000000000000000e+00
0.000000000000000000e+00
0.000000000000000000e+00
1.000000000000000000e+00
0.000000000000000000e+00
0.000000000000000000e+00
3.000000000000000000e+00
0.000000000000000000e+00
2.660000000000000000e+02
1.295930000000000000e+05
1.249000000000000000e+03
1.252000000000000000e+03
6.110000000000000000e+02
9.000000000000000000e+00
6.400000000000000000e+01
4.670000000000000000e+02
7.500000000000000000e+01
1.000000000000000000e+01
7.400000000000000000e+01
0.000000000000000000e+00
0.000000000000000000e+00
5.000000000000000000e+00
0.000000000000000000e+00
0.000000000000000000e+00
0.000000000000000000e+00
1.500000000000000000e+01
0.000000000000000000e+00
0.000000000000000000e+00
9.143000000000000000e+03
2.000000000000000000e+00
4.000000000000000000e+00
0.000000000000000000e+00
0.000000000000000000e+00
1.200000000000000000e+03
1.600000000000000000e+01
0.000000000000000000e+00
2.000000000000000000e+00
8.000000000000000000e+00
3.000000000000000000e+00
1.610000000000000000e+02
3.600000000000000000e+01
8.600000000000000000e+01
1.000000000000000000e+01
5.300000000000000000e+01
1.600000000000000000e+01
6.750000000000000000e+02
0.000000000000000000e+00
0.000000000000000000e+00
3.200000000000000000e+01
3.740000000000000000e+02
7.000000000000000000e+00
2.900000000000000000e+01
5.000000000000000000e+00
0.000000000000000000e+00
0.000000000000000000e+00
1.002000000000000000e+03
2.405000000000000000e+03
3.000000000000000000e+00
4.310000000000000000e+02
5.810000000000000000e+02
3.000000000000000000e+00
2.000000000000000000e+00
2.000000000000000000e+00
2.310000000000000000e+02
5.000000000000000000e+00
5.000000000000000000e+00
1.910000000000000000e+02
3.000000000000000000e+00
6.000000000000000000e+00
1.390000000000000000e+02
3.800000000000000000e+02
1.102000000000000000e+03
1.210000000000000000e+02
1.720000000000000000e+02
2.967100000000000000e+04
3.800000000000000000e+01
0.000000000000000000e+00
2.000000000000000000e+00
7.081000000000000000e+03
0.000000000000000000e+00
2.861000000000000000e+03
1.228000000000000000e+03
4.300000000000000000e+01
1.711190000000000000e+05
9.000000000000000000e+00
9.000000000000000000e+00
0.000000000000000000e+00
0.000000000000000000e+00
2.000000000000000000e+00
0.000000000000000000e+00
1.000000000000000000e+00
0.000000000000000000e+00
0.000000000000000000e+00
1.000000000000000000e+01
0.000000000000000000e+00
0.000000000000000000e+00
2.000000000000000000e+00
2.000000000000000000e+01
0.000000000000000000e+00
0.000000000000000000e+00
1.500000000000000000e+01
2.000000000000000000e+00
0.000000000000000000e+00
0.000000000000000000e+00
1.700000000000000000e+01
5.000000000000000000e+00
7.000000000000000000e+00
3.320000000000000000e+02
6.325000000000000000e+03
2.000000000000000000e+00
1.710000000000000000e+02
0.000000000000000000e+00
0.000000000000000000e+00
0.000000000000000000e+00
6.600000000000000000e+01
5.000000000000000000e+00
1.400000000000000000e+01
5.000000000000000000e+00
5.000000000000000000e+00
3.200000000000000000e+01
5.550000000000000000e+02
4.300000000000000000e+01
0.000000000000000000e+00
3.000000000000000000e+00
1.000000000000000000e+00
0.000000000000000000e+00
4.000000000000000000e+00
1.000000000000000000e+01
0.000000000000000000e+00
4.000000000000000000e+00
5.700000000000000000e+01
4.000000000000000000e+00
4.000000000000000000e+00
6.800000000000000000e+01
1.000000000000000000e+00
2.000000000000000000e+00
1.000000000000000000e+00
5.000000000000000000e+00
1.100000000000000000e+01
0.000000000000000000e+00
5.000000000000000000e+00
2.719000000000000000e+03
2.445300000000000000e+04
1.370000000000000000e+02
0.000000000000000000e+00
0.000000000000000000e+00
0.000000000000000000e+00
0.000000000000000000e+00
9.806900000000000000e+04
7.000000000000000000e+00
8.000000000000000000e+00
2.300000000000000000e+01
2.500000000000000000e+02
0.000000000000000000e+00
3.300000000000000000e+01
3.100000000000000000e+01
2.520000000000000000e+02
6.600000000000000000e+02
9.000000000000000000e+00
0.000000000000000000e+00
1.000000000000000000e+00
0.000000000000000000e+00
2.500000000000000000e+01
4.100000000000000000e+01
1.000000000000000000e+00
0.000000000000000000e+00
0.000000000000000000e+00
0.000000000000000000e+00
2.000000000000000000e+00
0.000000000000000000e+00
0.000000000000000000e+00
0.000000000000000000e+00
3.000000000000000000e+00
0.000000000000000000e+00
9.000000000000000000e+00
2.200000000000000000e+01
5.000000000000000000e+00
0.000000000000000000e+00
0.000000000000000000e+00
1.000000000000000000e+00
0.000000000000000000e+00
6.000000000000000000e+00
1.728200000000000000e+04
2.200000000000000000e+01
2.000000000000000000e+00
4.920000000000000000e+02
1.780000000000000000e+02
1.400000000000000000e+01
2.000000000000000000e+01
3.046600000000000000e+04
6.510000000000000000e+02
1.369790000000000000e+05
7.300000000000000000e+01
1.893960000000000000e+05
0.000000000000000000e+00
1.400000000000000000e+01
0.000000000000000000e+00
7.737000000000000000e+03
1.000000000000000000e+00
0.000000000000000000e+00
0.000000000000000000e+00
1.700000000000000000e+01
1.092400000000000000e+04
0.000000000000000000e+00
1.430000000000000000e+02
0.000000000000000000e+00
0.000000000000000000e+00
4.000000000000000000e+00
0.000000000000000000e+00
1.300000000000000000e+02
0.000000000000000000e+00
0.000000000000000000e+00
1.050000000000000000e+02
5.020000000000000000e+02
6.050000000000000000e+02
0.000000000000000000e+00
5.031000000000000000e+03
0.000000000000000000e+00
6.000000000000000000e+00
2.000000000000000000e+00
0.000000000000000000e+00
1.490000000000000000e+02
4.639000000000000000e+03
4.000000000000000000e+00
0.000000000000000000e+00
8.000000000000000000e+00
8.680000000000000000e+02
1.000000000000000000e+00
3.800000000000000000e+01
4.000000000000000000e+00
0.000000000000000000e+00
2.630000000000000000e+02
2.274100000000000000e+04
1.146000000000000000e+03
2.700000000000000000e+01
0.000000000000000000e+00
0.000000000000000000e+00
0.000000000000000000e+00
7.900000000000000000e+02
7.000000000000000000e+02
6.000000000000000000e+00
3.000000000000000000e+00
1.165500000000000000e+04
8.000000000000000000e+00
0.000000000000000000e+00
1.600000000000000000e+01
0.000000000000000000e+00
3.650000000000000000e+02
1.360000000000000000e+02
0.000000000000000000e+00
2.777000000000000000e+03
6.000000000000000000e+00
5.100000000000000000e+01
0.000000000000000000e+00
4.400000000000000000e+01
2.000000000000000000e+00
9.000000000000000000e+00
1.255000000000000000e+03
2.000000000000000000e+00
0.000000000000000000e+00
0.000000000000000000e+00
0.000000000000000000e+00
0.000000000000000000e+00
5.000000000000000000e+00
0.000000000000000000e+00
3.400000000000000000e+01
0.000000000000000000e+00
4.000000000000000000e+00
1.300000000000000000e+01
5.800000000000000000e+01
1.070000000000000000e+02
0.000000000000000000e+00
1.100000000000000000e+01
1.300000000000000000e+01
9.000000000000000000e+00
0.000000000000000000e+00
0.000000000000000000e+00
1.000000000000000000e+01
5.400000000000000000e+01
0.000000000000000000e+00
0.000000000000000000e+00
0.000000000000000000e+00
6.000000000000000000e+00
1.805620000000000000e+05
4.600000000000000000e+01
1.400000000000000000e+01
1.500000000000000000e+01
0.000000000000000000e+00
1.200000000000000000e+01
5.000000000000000000e+00
1.020000000000000000e+02
5.000000000000000000e+00
0.000000000000000000e+00
2.976300000000000000e+04
2.130500000000000000e+04
8.511000000000000000e+03
0.000000000000000000e+00
5.200000000000000000e+01
0.000000000000000000e+00
3.750900000000000000e+04
1.300000000000000000e+01
4.000000000000000000e+00
3.000000000000000000e+00
2.000000000000000000e+00
3.200000000000000000e+01
0.000000000000000000e+00
1.083900000000000000e+05
0.000000000000000000e+00
1.300000000000000000e+02
4.700000000000000000e+01
3.070000000000000000e+02
0.000000000000000000e+00
0.000000000000000000e+00
0.000000000000000000e+00
2.700000000000000000e+01
0.000000000000000000e+00
6.900000000000000000e+01
1.177000000000000000e+03
0.000000000000000000e+00
0.000000000000000000e+00
3.000000000000000000e+00
0.000000000000000000e+00
4.263000000000000000e+03
4.620000000000000000e+03
2.100000000000000000e+01
1.300000000000000000e+01
1.000000000000000000e+00
2.000000000000000000e+00
1.700000000000000000e+01
8.000000000000000000e+00
0.000000000000000000e+00
0.000000000000000000e+00
0.000000000000000000e+00
7.860000000000000000e+02
6.000000000000000000e+00
0.000000000000000000e+00
0.000000000000000000e+00
9.000000000000000000e+00
2.000000000000000000e+00
1.280000000000000000e+02
0.000000000000000000e+00
7.225800000000000000e+04
7.000000000000000000e+00
2.200000000000000000e+01
0.000000000000000000e+00
2.000000000000000000e+00
0.000000000000000000e+00
1.500000000000000000e+01
2.451800000000000000e+04
0.000000000000000000e+00
5.568000000000000000e+03
0.000000000000000000e+00
2.000000000000000000e+00
0.000000000000000000e+00
3.000000000000000000e+00
1.000000000000000000e+00
0.000000000000000000e+00
5.300000000000000000e+01
0.000000000000000000e+00
3.000000000000000000e+00
0.000000000000000000e+00
0.000000000000000000e+00
2.800000000000000000e+01
5.130000000000000000e+02
0.000000000000000000e+00
2.000000000000000000e+00
1.000000000000000000e+01
0.000000000000000000e+00
1.000000000000000000e+00
4.200000000000000000e+01
2.000000000000000000e+00
0.000000000000000000e+00
1.300000000000000000e+01
0.000000000000000000e+00
2.000000000000000000e+00
3.100000000000000000e+01
2.500000000000000000e+01
4.354000000000000000e+03
4.400000000000000000e+01
0.000000000000000000e+00
6.000000000000000000e+00
0.000000000000000000e+00
0.000000000000000000e+00
0.000000000000000000e+00
0.000000000000000000e+00
1.000000000000000000e+00
2.153000000000000000e+03
0.000000000000000000e+00
2.195000000000000000e+03
7.000000000000000000e+00
7.600000000000000000e+02
0.000000000000000000e+00
1.556100000000000000e+04
0.000000000000000000e+00
0.000000000000000000e+00
6.123000000000000000e+03
4.000000000000000000e+00
0.000000000000000000e+00
5.400000000000000000e+01
1.000000000000000000e+01
2.000000000000000000e+00
0.000000000000000000e+00
0.000000000000000000e+00
0.000000000000000000e+00
2.770000000000000000e+02
3.730000000000000000e+02
0.000000000000000000e+00
3.610000000000000000e+02
0.000000000000000000e+00
3.000000000000000000e+01
0.000000000000000000e+00
0.000000000000000000e+00
0.000000000000000000e+00
1.000000000000000000e+00
0.000000000000000000e+00
5.170000000000000000e+02
0.000000000000000000e+00
2.580000000000000000e+02
4.587000000000000000e+03
3.600000000000000000e+01
0.000000000000000000e+00
0.000000000000000000e+00
0.000000000000000000e+00
4.200000000000000000e+01
0.000000000000000000e+00
7.400000000000000000e+01
3.000000000000000000e+00
0.000000000000000000e+00
2.000000000000000000e+00
1.000000000000000000e+00
1.000000000000000000e+00
2.500000000000000000e+01
1.000000000000000000e+01
1.070000000000000000e+02
2.220000000000000000e+02
2.000000000000000000e+00
1.900000000000000000e+01
0.000000000000000000e+00
2.900000000000000000e+01
2.000000000000000000e+01
1.800000000000000000e+01
0.000000000000000000e+00
7.300000000000000000e+01
0.000000000000000000e+00
3.890000000000000000e+03
0.000000000000000000e+00
0.000000000000000000e+00
0.000000000000000000e+00
2.000000000000000000e+00
0.000000000000000000e+00
2.500000000000000000e+01
1.000000000000000000e+00
4.000000000000000000e+00
0.000000000000000000e+00
0.000000000000000000e+00
0.000000000000000000e+00
5.000000000000000000e+00
1.400000000000000000e+01
0.000000000000000000e+00
5.000000000000000000e+00
0.000000000000000000e+00
8.000000000000000000e+00
2.000000000000000000e+00
0.000000000000000000e+00
4.020000000000000000e+02
9.000000000000000000e+00
4.000000000000000000e+00
5.000000000000000000e+00
8.200000000000000000e+01
0.000000000000000000e+00
4.000000000000000000e+00
8.540000000000000000e+02
3.170000000000000000e+02
2.500000000000000000e+01
1.900000000000000000e+01
3.600000000000000000e+01
2.000000000000000000e+00
0.000000000000000000e+00
0.000000000000000000e+00
4.950000000000000000e+02
1.400000000000000000e+01
2.000000000000000000e+00
0.000000000000000000e+00
6.000000000000000000e+00
1.069000000000000000e+03
2.000000000000000000e+00
0.000000000000000000e+00
4.000000000000000000e+00
2.050000000000000000e+02
1.400000000000000000e+01
3.990000000000000000e+02
4.000000000000000000e+00
5.100000000000000000e+01
2.970000000000000000e+02
8.500000000000000000e+01
4.200000000000000000e+01
1.454800000000000000e+04
2.000000000000000000e+00
2.000000000000000000e+00
0.000000000000000000e+00
2.530000000000000000e+02
0.000000000000000000e+00
2.600000000000000000e+01
0.000000000000000000e+00
1.000000000000000000e+00
1.000000000000000000e+00
2.193000000000000000e+03
5.120000000000000000e+02
2.000000000000000000e+00
4.600000000000000000e+01
2.000000000000000000e+00
2.000000000000000000e+00
1.420000000000000000e+02
3.100000000000000000e+01
4.200000000000000000e+01
2.158000000000000000e+03
9.000000000000000000e+01
0.000000000000000000e+00
2.300000000000000000e+01
2.066000000000000000e+03
3.700000000000000000e+01
2.100000000000000000e+01
5.514000000000000000e+03
4.000000000000000000e+00
5.900000000000000000e+01
2.600000000000000000e+01
1.300000000000000000e+01
0.000000000000000000e+00
1.120000000000000000e+02
3.800000000000000000e+01
0.000000000000000000e+00
1.100000000000000000e+01
8.743000000000000000e+03
6.000000000000000000e+00
2.700000000000000000e+01
1.500000000000000000e+01
3.000000000000000000e+00
1.780000000000000000e+02
7.000000000000000000e+00
3.200000000000000000e+01
3.070000000000000000e+02
1.900000000000000000e+01
1.200000000000000000e+02
1.000000000000000000e+00
0.000000000000000000e+00
3.000000000000000000e+00
5.000000000000000000e+00
3.460000000000000000e+02
1.090000000000000000e+02
1.000000000000000000e+00
0.000000000000000000e+00
1.000000000000000000e+00
8.000000000000000000e+00
1.000000000000000000e+01
4.000000000000000000e+00
8.700000000000000000e+01
0.000000000000000000e+00
7.000000000000000000e+00
5.712000000000000000e+03
4.000000000000000000e+01
4.000000000000000000e+00
8.400000000000000000e+01
6.720000000000000000e+02
7.500000000000000000e+01
2.000000000000000000e+00
1.037000000000000000e+03
5.574000000000000000e+03
0.000000000000000000e+00
0.000000000000000000e+00
5.200000000000000000e+01
3.000000000000000000e+01
2.000000000000000000e+00
0.000000000000000000e+00
1.970000000000000000e+02
5.200000000000000000e+01
7.840000000000000000e+02
0.000000000000000000e+00
2.100000000000000000e+01
5.000000000000000000e+00
8.000000000000000000e+00
0.000000000000000000e+00
0.000000000000000000e+00
1.610000000000000000e+02
5.190000000000000000e+02
8.800000000000000000e+01
3.000000000000000000e+00
1.060000000000000000e+02
4.600000000000000000e+01
3.400000000000000000e+01
1.708700000000000000e+04
1.300000000000000000e+01
6.000000000000000000e+00
5.400000000000000000e+01
1.570000000000000000e+02
1.330000000000000000e+03
2.800000000000000000e+01
1.067900000000000000e+04
0.000000000000000000e+00
3.100000000000000000e+01
7.000000000000000000e+00
5.200000000000000000e+01
2.000000000000000000e+00
2.330000000000000000e+02
7.000000000000000000e+00
0.000000000000000000e+00
4.547000000000000000e+03
1.300000000000000000e+01
0.000000000000000000e+00
7.350000000000000000e+02
3.400000000000000000e+01
0.000000000000000000e+00
4.000000000000000000e+00
0.000000000000000000e+00
2.500000000000000000e+01
1.570000000000000000e+02
3.500000000000000000e+01
0.000000000000000000e+00
2.000000000000000000e+00
7.000000000000000000e+00
3.000000000000000000e+00
0.000000000000000000e+00
6.907000000000000000e+03
1.000000000000000000e+01
0.000000000000000000e+00
0.000000000000000000e+00
0.000000000000000000e+00
5.500000000000000000e+01
4.700000000000000000e+01
9.402000000000000000e+03
6.600000000000000000e+01
2.000000000000000000e+00
8.940000000000000000e+02
3.000000000000000000e+00
0.000000000000000000e+00
3.549000000000000000e+03
0.000000000000000000e+00
1.000000000000000000e+00
3.580100000000000000e+04
2.100000000000000000e+01
0.000000000000000000e+00
4.770000000000000000e+02
1.520000000000000000e+02
2.300000000000000000e+01
0.000000000000000000e+00
6.000000000000000000e+00
0.000000000000000000e+00
0.000000000000000000e+00
0.000000000000000000e+00
5.000000000000000000e+00
4.200000000000000000e+01
4.000000000000000000e+00
6.000000000000000000e+01
8.927000000000000000e+03
0.000000000000000000e+00
6.150000000000000000e+02
4.700000000000000000e+01
0.000000000000000000e+00
1.270000000000000000e+02
3.000000000000000000e+00
4.460000000000000000e+02
0.000000000000000000e+00
2.190000000000000000e+02
1.100000000000000000e+01
7.000000000000000000e+00
5.000000000000000000e+00
2.730000000000000000e+02
1.000000000000000000e+00
2.000000000000000000e+00
3.310000000000000000e+02
0.000000000000000000e+00
7.800000000000000000e+01
9.800000000000000000e+01
7.520000000000000000e+02
0.000000000000000000e+00
5.900000000000000000e+01
0.000000000000000000e+00
0.000000000000000000e+00
4.652100000000000000e+04
8.100000000000000000e+01
0.000000000000000000e+00
5.000000000000000000e+00
5.000000000000000000e+00
2.000000000000000000e+00
0.000000000000000000e+00
1.040000000000000000e+02
2.000000000000000000e+00
3.600000000000000000e+01
6.000000000000000000e+00
1.700000000000000000e+01
0.000000000000000000e+00
0.000000000000000000e+00
8.000000000000000000e+00
0.000000000000000000e+00
4.700000000000000000e+01
2.800000000000000000e+01
0.000000000000000000e+00
1.820700000000000000e+04
7.500000000000000000e+01
0.000000000000000000e+00
1.100000000000000000e+01
0.000000000000000000e+00
0.000000000000000000e+00
0.000000000000000000e+00
5.800000000000000000e+02
2.640000000000000000e+02
0.000000000000000000e+00
0.000000000000000000e+00
1.950000000000000000e+02
1.000000000000000000e+00
0.000000000000000000e+00
0.000000000000000000e+00
1.500000000000000000e+01
2.000000000000000000e+00
1.518100000000000000e+04
0.000000000000000000e+00
2.344400000000000000e+04
0.000000000000000000e+00
0.000000000000000000e+00
1.510000000000000000e+02
1.000000000000000000e+00
5.000000000000000000e+00
1.000000000000000000e+00
0.000000000000000000e+00
0.000000000000000000e+00
0.000000000000000000e+00
5.800000000000000000e+01
9.900000000000000000e+01
0.000000000000000000e+00
4.000000000000000000e+00
3.900000000000000000e+01
1.034000000000000000e+03
2.530000000000000000e+02
1.061000000000000000e+03
6.000000000000000000e+00
4.300000000000000000e+01
1.600000000000000000e+01
6.460000000000000000e+02
8.169500000000000000e+04
0.000000000000000000e+00
1.026700000000000000e+04
6.800000000000000000e+01
0.000000000000000000e+00
3.200000000000000000e+01
2.460000000000000000e+02
4.200000000000000000e+01
0.000000000000000000e+00
3.000000000000000000e+00
4.000000000000000000e+00
6.000000000000000000e+00
0.000000000000000000e+00
1.000000000000000000e+00
2.000000000000000000e+00
4.000000000000000000e+00
9.470000000000000000e+02
3.000000000000000000e+00
0.000000000000000000e+00
7.770000000000000000e+03
5.000000000000000000e+00
1.080000000000000000e+02
4.000000000000000000e+00
4.900000000000000000e+01
2.000000000000000000e+00
9.620000000000000000e+02
4.000000000000000000e+00
4.000000000000000000e+00
3.200000000000000000e+01
4.161130000000000000e+05
0.000000000000000000e+00
0.000000000000000000e+00
0.000000000000000000e+00
7.000000000000000000e+00
6.600000000000000000e+01
4.000000000000000000e+00
9.020400000000000000e+04
1.610000000000000000e+02
9.800000000000000000e+01
0.000000000000000000e+00
1.500000000000000000e+01
2.400000000000000000e+01
3.148200000000000000e+04
9.300000000000000000e+01
4.600000000000000000e+01
0.000000000000000000e+00
1.000000000000000000e+00
3.500000000000000000e+01
3.000000000000000000e+01
1.200000000000000000e+01
1.900000000000000000e+01
4.179000000000000000e+04
5.900000000000000000e+01
1.000000000000000000e+00
2.000000000000000000e+00
1.400000000000000000e+01
0.000000000000000000e+00
2.000000000000000000e+00
2.000000000000000000e+00
0.000000000000000000e+00
4.000000000000000000e+00
3.000000000000000000e+00
0.000000000000000000e+00
1.000000000000000000e+00
1.000000000000000000e+01
1.394000000000000000e+03
2.440000000000000000e+02
2.000000000000000000e+00
9.000000000000000000e+01
1.000000000000000000e+00
2.180000000000000000e+02
0.000000000000000000e+00
4.370000000000000000e+02
9.160000000000000000e+02
1.100000000000000000e+01
6.000000000000000000e+00
2.249000000000000000e+03
0.000000000000000000e+00
1.200000000000000000e+01
6.830000000000000000e+02
0.000000000000000000e+00
5.900000000000000000e+01
1.200000000000000000e+01
0.000000000000000000e+00
8.130000000000000000e+02
2.125600000000000000e+04
0.000000000000000000e+00
7.300000000000000000e+01
2.000000000000000000e+00
3.950000000000000000e+02
3.700000000000000000e+01
2.000000000000000000e+00
0.000000000000000000e+00
0.000000000000000000e+00
0.000000000000000000e+00
2.000000000000000000e+00
8.800000000000000000e+01
0.000000000000000000e+00
1.000000000000000000e+01
0.000000000000000000e+00
0.000000000000000000e+00
1.000000000000000000e+00
0.000000000000000000e+00
0.000000000000000000e+00
1.170000000000000000e+02
0.000000000000000000e+00
9.919000000000000000e+03
6.940000000000000000e+02
9.800000000000000000e+01
3.000000000000000000e+00
0.000000000000000000e+00
0.000000000000000000e+00
1.000000000000000000e+01
4.020000000000000000e+02
7.000000000000000000e+00
0.000000000000000000e+00
8.900000000000000000e+02
1.500000000000000000e+01
3.050000000000000000e+02
9.300000000000000000e+01
1.000000000000000000e+00
1.800000000000000000e+01
1.671700000000000000e+04
5.000000000000000000e+00
1.500000000000000000e+01
1.394000000000000000e+03
1.000000000000000000e+00
0.000000000000000000e+00
2.600000000000000000e+01
5.000000000000000000e+00
1.000000000000000000e+00
1.500000000000000000e+01
1.448580000000000000e+05
1.000000000000000000e+00
4.000000000000000000e+00
8.000000000000000000e+00
0.000000000000000000e+00
0.000000000000000000e+00
1.393170000000000000e+05
8.000000000000000000e+00
8.369000000000000000e+03
8.250000000000000000e+02
6.000000000000000000e+00
0.000000000000000000e+00
1.700000000000000000e+02
7.000000000000000000e+00
0.000000000000000000e+00
3.500000000000000000e+01
4.000000000000000000e+00
6.000000000000000000e+00
0.000000000000000000e+00
5.000000000000000000e+00
1.000000000000000000e+00
6.000000000000000000e+00
3.000000000000000000e+00
2.720000000000000000e+02
2.600000000000000000e+01
2.000000000000000000e+01
3.000000000000000000e+00
3.000000000000000000e+00
0.000000000000000000e+00
0.000000000000000000e+00
3.000000000000000000e+00
3.900000000000000000e+01
2.231000000000000000e+03
4.000000000000000000e+00
1.373000000000000000e+03
2.000000000000000000e+00
0.000000000000000000e+00
1.000000000000000000e+00
1.600000000000000000e+01
7.000000000000000000e+00
0.000000000000000000e+00
7.000000000000000000e+01
7.100000000000000000e+01
6.000000000000000000e+00
4.900000000000000000e+01
2.310000000000000000e+02
4.410000000000000000e+02
0.000000000000000000e+00
7.310000000000000000e+02
0.000000000000000000e+00
8.000000000000000000e+00
0.000000000000000000e+00
3.050000000000000000e+02
6.600000000000000000e+01
0.000000000000000000e+00
4.647000000000000000e+03
3.200000000000000000e+01
2.600000000000000000e+01
9.070000000000000000e+02
1.250000000000000000e+02
0.000000000000000000e+00
4.051000000000000000e+03
0.000000000000000000e+00
8.000000000000000000e+00
7.100000000000000000e+01
4.000000000000000000e+00
1.085000000000000000e+03
4.800000000000000000e+01
0.000000000000000000e+00
2.000000000000000000e+00
8.000000000000000000e+00
2.000000000000000000e+01
5.100000000000000000e+01
1.000000000000000000e+00
4.600000000000000000e+01
2.650000000000000000e+02
4.500000000000000000e+01
0.000000000000000000e+00
5.095000000000000000e+03
6.000000000000000000e+00
2.000000000000000000e+00
0.000000000000000000e+00
1.498000000000000000e+03
0.000000000000000000e+00
0.000000000000000000e+00
4.600000000000000000e+01
1.460000000000000000e+02
0.000000000000000000e+00
0.000000000000000000e+00
0.000000000000000000e+00
0.000000000000000000e+00
0.000000000000000000e+00
0.000000000000000000e+00
0.000000000000000000e+00
9.000000000000000000e+00
6.939100000000000000e+04
1.400000000000000000e+01
0.000000000000000000e+00
4.110000000000000000e+03
1.100000000000000000e+01
1.053000000000000000e+03
1.000000000000000000e+00
3.890000000000000000e+02
1.803000000000000000e+03
0.000000000000000000e+00
0.000000000000000000e+00
1.000000000000000000e+01
1.000000000000000000e+00
6.000000000000000000e+00
1.230000000000000000e+02
1.000000000000000000e+01
0.000000000000000000e+00
3.000000000000000000e+00
5.530000000000000000e+02
1.500000000000000000e+01
2.400000000000000000e+01
1.020000000000000000e+02
0.000000000000000000e+00
1.723500000000000000e+04
1.170000000000000000e+02
5.566000000000000000e+03
1.000000000000000000e+00
8.099000000000000000e+03
0.000000000000000000e+00
8.000000000000000000e+00
6.000000000000000000e+00
5.000000000000000000e+00
8.000000000000000000e+00
2.522000000000000000e+03
1.900000000000000000e+01
0.000000000000000000e+00
1.310000000000000000e+02
2.000000000000000000e+00
5.500000000000000000e+01
2.500000000000000000e+01
9.500000000000000000e+01
0.000000000000000000e+00
9.400000000000000000e+01
8.700000000000000000e+01
0.000000000000000000e+00
1.800000000000000000e+01
0.000000000000000000e+00
0.000000000000000000e+00
0.000000000000000000e+00
4.000000000000000000e+00
2.000000000000000000e+00
1.800000000000000000e+01
1.000000000000000000e+00
8.650000000000000000e+02
1.600000000000000000e+02
0.000000000000000000e+00
6.000000000000000000e+00
1.415000000000000000e+03
0.000000000000000000e+00
2.580000000000000000e+02
0.000000000000000000e+00
4.000000000000000000e+00
0.000000000000000000e+00
1.906000000000000000e+03
0.000000000000000000e+00
6.000000000000000000e+00
1.100000000000000000e+01
8.000000000000000000e+00
0.000000000000000000e+00
2.000000000000000000e+00
2.000000000000000000e+00
0.000000000000000000e+00
0.000000000000000000e+00
1.000000000000000000e+00
0.000000000000000000e+00
3.900000000000000000e+01
0.000000000000000000e+00
2.861900000000000000e+04
2.809000000000000000e+03
7.000000000000000000e+00
0.000000000000000000e+00
0.000000000000000000e+00
5.000000000000000000e+00
2.456000000000000000e+03
4.300000000000000000e+01
0.000000000000000000e+00
1.900000000000000000e+01
1.400000000000000000e+01
1.200000000000000000e+01
5.700000000000000000e+01
0.000000000000000000e+00
5.684000000000000000e+03
0.000000000000000000e+00
0.000000000000000000e+00
3.290890000000000000e+05
0.000000000000000000e+00
7.000000000000000000e+00
1.300000000000000000e+01
1.938000000000000000e+03
1.700000000000000000e+01
0.000000000000000000e+00
8.000000000000000000e+00
4.100000000000000000e+01
4.000000000000000000e+00
0.000000000000000000e+00
8.220000000000000000e+02
1.380000000000000000e+03
1.000000000000000000e+00
1.700000000000000000e+01
1.000000000000000000e+00
3.100000000000000000e+02
9.920000000000000000e+02
5.000000000000000000e+00
3.000000000000000000e+00
2.000000000000000000e+00
2.180000000000000000e+02
1.629600000000000000e+04
1.700000000000000000e+01
3.000000000000000000e+00
0.000000000000000000e+00
2.290000000000000000e+02
7.223000000000000000e+03
5.800000000000000000e+02
1.100000000000000000e+01
1.400000000000000000e+01
0.000000000000000000e+00
0.000000000000000000e+00
2.000000000000000000e+00
1.000000000000000000e+01
4.000000000000000000e+00
6.200000000000000000e+01
4.120000000000000000e+02
6.000000000000000000e+00
3.000000000000000000e+00
2.010000000000000000e+02
1.260000000000000000e+02
5.390000000000000000e+02
8.000000000000000000e+00
0.000000000000000000e+00
7.000000000000000000e+00
6.000000000000000000e+00
2.000000000000000000e+01
2.300000000000000000e+02
6.000000000000000000e+00
2.538000000000000000e+03
9.400000000000000000e+01
0.000000000000000000e+00
0.000000000000000000e+00
9.000000000000000000e+00
0.000000000000000000e+00
4.600000000000000000e+01
3.000000000000000000e+01
5.000000000000000000e+00
2.000000000000000000e+00
1.000000000000000000e+01
0.000000000000000000e+00
0.000000000000000000e+00
0.000000000000000000e+00
5.740000000000000000e+02
4.000000000000000000e+01
8.300000000000000000e+01
7.000000000000000000e+00
1.123000000000000000e+03
1.106000000000000000e+03
8.100000000000000000e+01
2.000000000000000000e+01
0.000000000000000000e+00
4.000000000000000000e+00
2.200000000000000000e+01
6.000000000000000000e+00
6.350000000000000000e+02
7.700000000000000000e+01
8.000000000000000000e+00
1.200000000000000000e+01
0.000000000000000000e+00
0.000000000000000000e+00
0.000000000000000000e+00
2.200000000000000000e+01
2.000000000000000000e+00
1.000000000000000000e+00
0.000000000000000000e+00
3.723000000000000000e+04
0.000000000000000000e+00
1.200000000000000000e+02
1.000000000000000000e+00
1.220000000000000000e+02
1.488000000000000000e+03
0.000000000000000000e+00
5.160000000000000000e+02
0.000000000000000000e+00
0.000000000000000000e+00
2.538800000000000000e+04
0.000000000000000000e+00
2.000000000000000000e+01
2.770000000000000000e+02
0.000000000000000000e+00
1.640000000000000000e+03
0.000000000000000000e+00
0.000000000000000000e+00
3.000000000000000000e+00
1.196900000000000000e+04
1.730000000000000000e+02
1.000000000000000000e+00
1.800000000000000000e+01
1.950000000000000000e+02
0.000000000000000000e+00
2.640000000000000000e+02
5.600000000000000000e+01
0.000000000000000000e+00
4.000000000000000000e+00
1.280000000000000000e+02
5.000000000000000000e+00
1.806600000000000000e+04
0.000000000000000000e+00
5.000000000000000000e+00
6.000000000000000000e+00
0.000000000000000000e+00
6.700000000000000000e+01
5.300000000000000000e+01
1.229900000000000000e+04
0.000000000000000000e+00
0.000000000000000000e+00
4.700000000000000000e+01
1.340000000000000000e+02
8.583000000000000000e+03
1.000000000000000000e+01
2.000000000000000000e+00
1.500000000000000000e+01
7.000000000000000000e+00
1.020000000000000000e+02
7.000000000000000000e+00
1.983000000000000000e+03
2.371450000000000000e+05
2.060000000000000000e+02
7.000000000000000000e+00
1.700000000000000000e+01
4.000000000000000000e+00
4.000000000000000000e+00
1.100000000000000000e+01
0.000000000000000000e+00
0.000000000000000000e+00
1.400000000000000000e+01
0.000000000000000000e+00
2.200000000000000000e+01
2.190000000000000000e+02
3.000000000000000000e+00
0.000000000000000000e+00
1.023000000000000000e+03
2.430000000000000000e+02
1.428000000000000000e+03
1.751000000000000000e+03
6.600000000000000000e+01
0.000000000000000000e+00
4.370000000000000000e+02
0.000000000000000000e+00
7.000000000000000000e+00
2.500000000000000000e+01
5.000000000000000000e+01
2.000000000000000000e+00
0.000000000000000000e+00
0.000000000000000000e+00
0.000000000000000000e+00
8.270000000000000000e+02
6.000000000000000000e+00
1.500000000000000000e+01
0.000000000000000000e+00
3.000000000000000000e+00
0.000000000000000000e+00
8.000000000000000000e+01
1.100000000000000000e+01
0.000000000000000000e+00
5.000000000000000000e+00
3.364400000000000000e+04
1.850900000000000000e+04
0.000000000000000000e+00
0.000000000000000000e+00
1.000000000000000000e+00
0.000000000000000000e+00
1.000000000000000000e+00
9.200000000000000000e+01
7.187000000000000000e+03
2.000000000000000000e+00
4.208000000000000000e+03
1.011000000000000000e+03
2.300000000000000000e+01
1.350000000000000000e+02
7.000000000000000000e+00
3.595600000000000000e+04
1.630000000000000000e+02
9.300000000000000000e+01
1.400000000000000000e+01
2.000000000000000000e+00
3.120000000000000000e+02
2.000000000000000000e+00
0.000000000000000000e+00
6.400000000000000000e+01
3.000000000000000000e+00
2.900000000000000000e+01
0.000000000000000000e+00
2.480000000000000000e+02
0.000000000000000000e+00
2.499600000000000000e+04
0.000000000000000000e+00
9.600000000000000000e+02
2.000000000000000000e+00
0.000000000000000000e+00
2.054400000000000000e+04
5.200000000000000000e+01
9.660000000000000000e+02
1.300000000000000000e+01
4.600000000000000000e+02
1.321800000000000000e+04
6.630000000000000000e+02
1.000000000000000000e+00
2.000000000000000000e+00
0.000000000000000000e+00
1.810000000000000000e+02
2.000000000000000000e+00
4.300000000000000000e+02
2.497000000000000000e+03
3.368000000000000000e+03
2.630000000000000000e+02
2.000000000000000000e+00
3.940000000000000000e+02
4.900000000000000000e+01
1.000000000000000000e+00
0.000000000000000000e+00
6.000000000000000000e+00
0.000000000000000000e+00
1.404000000000000000e+03
3.300000000000000000e+01
0.000000000000000000e+00
1.500000000000000000e+01
1.609000000000000000e+03
2.250000000000000000e+02
5.000000000000000000e+00
5.420000000000000000e+02
7.000000000000000000e+00
1.559000000000000000e+03
8.000000000000000000e+00
4.760000000000000000e+02
2.000000000000000000e+00
1.900000000000000000e+01
7.000000000000000000e+00
0.000000000000000000e+00
1.676000000000000000e+03
0.000000000000000000e+00
1.185000000000000000e+03
8.000000000000000000e+00
0.000000000000000000e+00
0.000000000000000000e+00
2.034040000000000000e+05
5.380000000000000000e+03
1.300000000000000000e+01
4.000000000000000000e+00
1.600000000000000000e+01
1.000000000000000000e+00
2.535000000000000000e+03
2.443800000000000000e+04
0.000000000000000000e+00
2.710000000000000000e+02
1.400000000000000000e+01
2.000000000000000000e+00
7.153000000000000000e+03
0.000000000000000000e+00
7.410000000000000000e+02
1.000000000000000000e+01
0.000000000000000000e+00
3.300000000000000000e+01
1.200000000000000000e+01
0.000000000000000000e+00
1.600000000000000000e+01
1.600000000000000000e+02
6.000000000000000000e+01
1.500000000000000000e+01
9.000000000000000000e+00
1.100000000000000000e+01
0.000000000000000000e+00
0.000000000000000000e+00
1.020000000000000000e+02
1.700000000000000000e+01
4.000000000000000000e+00
4.000000000000000000e+00
0.000000000000000000e+00
1.950000000000000000e+02
3.000000000000000000e+02
0.000000000000000000e+00
7.860000000000000000e+02
0.000000000000000000e+00
2.000000000000000000e+00
4.000000000000000000e+00
8.000000000000000000e+00
2.040000000000000000e+02
2.000000000000000000e+00
0.000000000000000000e+00
4.000000000000000000e+00
1.368000000000000000e+03
0.000000000000000000e+00
0.000000000000000000e+00
1.250000000000000000e+02
4.000000000000000000e+00
1.400000000000000000e+01
1.500000000000000000e+01
0.000000000000000000e+00
8.710000000000000000e+02
6.000000000000000000e+00
0.000000000000000000e+00
2.377200000000000000e+04
3.000000000000000000e+00
0.000000000000000000e+00
2.100000000000000000e+01
3.300000000000000000e+01
2.900000000000000000e+01
0.000000000000000000e+00
3.000000000000000000e+00
1.300000000000000000e+01
0.000000000000000000e+00
0.000000000000000000e+00
5.800000000000000000e+01
0.000000000000000000e+00
0.000000000000000000e+00
2.400000000000000000e+01
0.000000000000000000e+00
0.000000000000000000e+00
4.000000000000000000e+00
2.000000000000000000e+00
1.000000000000000000e+00
0.000000000000000000e+00
5.404000000000000000e+03
9.000000000000000000e+00
0.000000000000000000e+00
1.143000000000000000e+03
1.120000000000000000e+02
1.500000000000000000e+01
0.000000000000000000e+00
7.230000000000000000e+02
3.800000000000000000e+01
5.600000000000000000e+01
0.000000000000000000e+00
4.800000000000000000e+01
3.800000000000000000e+01
0.000000000000000000e+00
1.739000000000000000e+03
2.100000000000000000e+01
5.050000000000000000e+03
2.050000000000000000e+02
1.670000000000000000e+02
0.000000000000000000e+00
2.102000000000000000e+03
2.000000000000000000e+00
1.323000000000000000e+03
6.100000000000000000e+02
7.012000000000000000e+03
1.000000000000000000e+00
2.000000000000000000e+00
0.000000000000000000e+00
0.000000000000000000e+00
2.000000000000000000e+00
0.000000000000000000e+00
6.200000000000000000e+01
9.050000000000000000e+02
6.000000000000000000e+00
3.300000000000000000e+01
4.800000000000000000e+01
0.000000000000000000e+00
3.420000000000000000e+02
0.000000000000000000e+00
1.320000000000000000e+02
0.000000000000000000e+00
0.000000000000000000e+00
1.100000000000000000e+01
4.300000000000000000e+01
3.000000000000000000e+00
4.000000000000000000e+00
2.000000000000000000e+00
0.000000000000000000e+00
4.644000000000000000e+03
0.000000000000000000e+00
2.000000000000000000e+00
1.800000000000000000e+01
3.290000000000000000e+02
1.138900000000000000e+05
1.000000000000000000e+00
2.900000000000000000e+01
2.989000000000000000e+03
1.000000000000000000e+01
4.000000000000000000e+00
5.600000000000000000e+01
1.510000000000000000e+02
4.000000000000000000e+00
2.000000000000000000e+00
8.970000000000000000e+02
1.073000000000000000e+03
1.120000000000000000e+02
2.400000000000000000e+01
0.000000000000000000e+00
6.600000000000000000e+01
3.000000000000000000e+00
4.000000000000000000e+00
0.000000000000000000e+00
0.000000000000000000e+00
7.000000000000000000e+00
0.000000000000000000e+00
2.086800000000000000e+04
1.476200000000000000e+04
1.156000000000000000e+03
0.000000000000000000e+00
6.000000000000000000e+00
1.000000000000000000e+00
0.000000000000000000e+00
0.000000000000000000e+00
2.653000000000000000e+03
0.000000000000000000e+00
8.000000000000000000e+00
0.000000000000000000e+00
0.000000000000000000e+00
0.000000000000000000e+00
2.460000000000000000e+02
8.577600000000000000e+04
2.000000000000000000e+00
7.500000000000000000e+01
3.600000000000000000e+01
0.000000000000000000e+00
1.470000000000000000e+02
1.000000000000000000e+00
3.000000000000000000e+00
0.000000000000000000e+00
5.900000000000000000e+01
1.500000000000000000e+01
3.750000000000000000e+02
4.360000000000000000e+02
1.120000000000000000e+02
0.000000000000000000e+00
0.000000000000000000e+00
6.000000000000000000e+00
0.000000000000000000e+00
7.000000000000000000e+00
2.100000000000000000e+02
1.800000000000000000e+02
0.000000000000000000e+00
2.300000000000000000e+02
5.104000000000000000e+03
3.030000000000000000e+02
1.430000000000000000e+02
0.000000000000000000e+00
7.000000000000000000e+00
0.000000000000000000e+00
1.090000000000000000e+02
2.000000000000000000e+00
0.000000000000000000e+00
3.200000000000000000e+01
4.000000000000000000e+00
9.000000000000000000e+00
7.000000000000000000e+00
1.200000000000000000e+01
1.000000000000000000e+00
2.900000000000000000e+01
2.000000000000000000e+00
3.000000000000000000e+00
6.000000000000000000e+00
0.000000000000000000e+00
0.000000000000000000e+00
1.000000000000000000e+00
3.000000000000000000e+00
3.000000000000000000e+00
7.000000000000000000e+00
1.000000000000000000e+00
0.000000000000000000e+00
4.000000000000000000e+00
2.535760000000000000e+05
5.000000000000000000e+00
4.800000000000000000e+01
7.920000000000000000e+02
0.000000000000000000e+00
3.000000000000000000e+00
6.000000000000000000e+00
6.000000000000000000e+00
1.000000000000000000e+00
0.000000000000000000e+00
1.000000000000000000e+00
0.000000000000000000e+00
4.200000000000000000e+02
0.000000000000000000e+00
5.200000000000000000e+01
4.331000000000000000e+03
3.600000000000000000e+01
8.930000000000000000e+02
0.000000000000000000e+00
1.400000000000000000e+02
2.900000000000000000e+01
0.000000000000000000e+00
3.532000000000000000e+03
0.000000000000000000e+00
1.500000000000000000e+01
1.379000000000000000e+03
1.000000000000000000e+01
5.800000000000000000e+01
2.900000000000000000e+01
0.000000000000000000e+00
0.000000000000000000e+00
0.000000000000000000e+00
2.718000000000000000e+03
6.000000000000000000e+00
0.000000000000000000e+00
0.000000000000000000e+00
1.400000000000000000e+02
1.600000000000000000e+01
4.308000000000000000e+03
2.330000000000000000e+02
1.140000000000000000e+03
1.190000000000000000e+02
9.853000000000000000e+03
4.700000000000000000e+01
4.000000000000000000e+00
9.000000000000000000e+00
1.042400000000000000e+04
0.000000000000000000e+00
5.200000000000000000e+01
0.000000000000000000e+00
1.247000000000000000e+03
2.280000000000000000e+02
0.000000000000000000e+00
7.000000000000000000e+00
6.000000000000000000e+01
2.000000000000000000e+00
5.900000000000000000e+01
0.000000000000000000e+00
0.000000000000000000e+00
2.000000000000000000e+00
6.700000000000000000e+01
2.000000000000000000e+00
1.355000000000000000e+03
3.000000000000000000e+00
4.000000000000000000e+00
2.000000000000000000e+00
1.000000000000000000e+00
7.000000000000000000e+00
0.000000000000000000e+00
5.690000000000000000e+02
1.300000000000000000e+01
0.000000000000000000e+00
1.411400000000000000e+04
0.000000000000000000e+00
2.000000000000000000e+00
2.700000000000000000e+01
0.000000000000000000e+00
6.000000000000000000e+00
4.200000000000000000e+01
2.600000000000000000e+01
6.400000000000000000e+01
4.562000000000000000e+03
5.400000000000000000e+01
0.000000000000000000e+00
3.400000000000000000e+01
2.594000000000000000e+03
6.200000000000000000e+01
3.000000000000000000e+00
1.322000000000000000e+03
0.000000000000000000e+00
0.000000000000000000e+00
4.000000000000000000e+00
8.980000000000000000e+02
0.000000000000000000e+00
6.000000000000000000e+00
2.000000000000000000e+00
0.000000000000000000e+00
2.000000000000000000e+00
2.700000000000000000e+01
0.000000000000000000e+00
1.962000000000000000e+03
0.000000000000000000e+00
1.000000000000000000e+00
1.000000000000000000e+00
6.000000000000000000e+00
1.400000000000000000e+01
4.000000000000000000e+00
8.000000000000000000e+00
2.200000000000000000e+01
0.000000000000000000e+00
2.620000000000000000e+02
3.000000000000000000e+00
0.000000000000000000e+00
1.000000000000000000e+00
0.000000000000000000e+00
5.840000000000000000e+02
0.000000000000000000e+00
1.811000000000000000e+03
0.000000000000000000e+00
0.000000000000000000e+00
2.200000000000000000e+01
5.422300000000000000e+04
1.200000000000000000e+01
1.200000000000000000e+01
4.000000000000000000e+00
0.000000000000000000e+00
0.000000000000000000e+00
0.000000000000000000e+00
1.200000000000000000e+01
5.270000000000000000e+02
1.200000000000000000e+01
3.930000000000000000e+02
2.347000000000000000e+03
0.000000000000000000e+00
7.300000000000000000e+01
0.000000000000000000e+00
3.500000000000000000e+01
0.000000000000000000e+00
1.000000000000000000e+01
1.100000000000000000e+01
0.000000000000000000e+00
1.500000000000000000e+01
1.490000000000000000e+02
2.000000000000000000e+00
1.400000000000000000e+01
3.000000000000000000e+00
3.350000000000000000e+02
0.000000000000000000e+00
2.000000000000000000e+00
5.000000000000000000e+00
0.000000000000000000e+00
8.300000000000000000e+02
2.000000000000000000e+00
1.900000000000000000e+01
1.000000000000000000e+00
7.098900000000000000e+04
1.500000000000000000e+01
1.000000000000000000e+00
0.000000000000000000e+00
0.000000000000000000e+00
1.080000000000000000e+02
9.000000000000000000e+00
1.110000000000000000e+02
6.860000000000000000e+02
5.200000000000000000e+01
0.000000000000000000e+00
4.000000000000000000e+00
4.600000000000000000e+01
7.000000000000000000e+00
1.000000000000000000e+00
6.830000000000000000e+02
0.000000000000000000e+00
0.000000000000000000e+00
0.000000000000000000e+00
1.364700000000000000e+04
1.000000000000000000e+00
1.000000000000000000e+01
0.000000000000000000e+00
5.000000000000000000e+00
1.651100000000000000e+04
4.000000000000000000e+00
0.000000000000000000e+00
3.000000000000000000e+00
2.493600000000000000e+04
1.000000000000000000e+01
0.000000000000000000e+00
1.040000000000000000e+02
3.000000000000000000e+00
1.000000000000000000e+00
6.390000000000000000e+02
8.405000000000000000e+03
0.000000000000000000e+00
0.000000000000000000e+00
4.000000000000000000e+00
0.000000000000000000e+00
2.000000000000000000e+00
0.000000000000000000e+00
4.400000000000000000e+01
0.000000000000000000e+00
1.900000000000000000e+01
4.200000000000000000e+01
1.130000000000000000e+02
3.237800000000000000e+04
1.600000000000000000e+01
1.010000000000000000e+02
1.300000000000000000e+01
3.227000000000000000e+03
2.000000000000000000e+00
0.000000000000000000e+00
3.200000000000000000e+01
0.000000000000000000e+00
3.980000000000000000e+02
0.000000000000000000e+00
0.000000000000000000e+00
0.000000000000000000e+00
0.000000000000000000e+00
0.000000000000000000e+00
5.000000000000000000e+00
1.000000000000000000e+00
0.000000000000000000e+00
5.000000000000000000e+00
0.000000000000000000e+00
3.000000000000000000e+00
5.500000000000000000e+01
2.900000000000000000e+01
5.000000000000000000e+00
0.000000000000000000e+00
0.000000000000000000e+00
2.000000000000000000e+00
0.000000000000000000e+00
0.000000000000000000e+00
1.800000000000000000e+01
0.000000000000000000e+00
4.400000000000000000e+01
1.000000000000000000e+00
0.000000000000000000e+00
7.300000000000000000e+01
1.030000000000000000e+02
1.000000000000000000e+00
8.000000000000000000e+00
7.000000000000000000e+00
1.300000000000000000e+01
0.000000000000000000e+00
1.000000000000000000e+00
6.690000000000000000e+03
4.061000000000000000e+04
0.000000000000000000e+00
2.000000000000000000e+00
2.000000000000000000e+00
4.400000000000000000e+01
0.000000000000000000e+00
9.960000000000000000e+02
0.000000000000000000e+00
0.000000000000000000e+00
7.570000000000000000e+02
1.130000000000000000e+02
2.200000000000000000e+01
0.000000000000000000e+00
6.190000000000000000e+02
1.800000000000000000e+01
5.700000000000000000e+02
0.000000000000000000e+00
2.200000000000000000e+01
0.000000000000000000e+00
1.500000000000000000e+01
1.100000000000000000e+01
3.700000000000000000e+01
1.154400000000000000e+04
2.700000000000000000e+01
1.100000000000000000e+01
3.000000000000000000e+00
9.267000000000000000e+03
3.000000000000000000e+01
0.000000000000000000e+00
0.000000000000000000e+00
2.210000000000000000e+02
1.600000000000000000e+01
0.000000000000000000e+00
1.920000000000000000e+03
0.000000000000000000e+00
3.870290000000000000e+05
7.400000000000000000e+01
0.000000000000000000e+00
3.000000000000000000e+00
2.000000000000000000e+00
1.040000000000000000e+02
0.000000000000000000e+00
9.860000000000000000e+02
4.210000000000000000e+03
0.000000000000000000e+00
4.000000000000000000e+01
3.000000000000000000e+00
2.900000000000000000e+01
0.000000000000000000e+00
0.000000000000000000e+00
6.000000000000000000e+00
3.510000000000000000e+02
1.000000000000000000e+00
0.000000000000000000e+00
1.274930000000000000e+05
1.050000000000000000e+02
4.000000000000000000e+00
2.700000000000000000e+01
3.760000000000000000e+02
2.690000000000000000e+02
1.300000000000000000e+01
2.000000000000000000e+00
3.306000000000000000e+03
1.006000000000000000e+03
0.000000000000000000e+00
0.000000000000000000e+00
0.000000000000000000e+00
0.000000000000000000e+00
1.000000000000000000e+00
5.000000000000000000e+00
4.600000000000000000e+01
0.000000000000000000e+00
3.000000000000000000e+00
1.660000000000000000e+02
5.715400000000000000e+04
1.400000000000000000e+01
4.000000000000000000e+00
0.000000000000000000e+00
4.300000000000000000e+01
0.000000000000000000e+00
7.760000000000000000e+02
1.550000000000000000e+02
0.000000000000000000e+00
0.000000000000000000e+00
4.290000000000000000e+02
6.900000000000000000e+01
2.600000000000000000e+01
1.000000000000000000e+00
0.000000000000000000e+00
0.000000000000000000e+00
5.000000000000000000e+00
0.000000000000000000e+00
4.100000000000000000e+01
1.310000000000000000e+02
1.000000000000000000e+00
1.000000000000000000e+00
1.000000000000000000e+00
1.900000000000000000e+01
6.000000000000000000e+00
2.969000000000000000e+03
3.000000000000000000e+00
1.531000000000000000e+03
9.000000000000000000e+00
0.000000000000000000e+00
0.000000000000000000e+00
1.930000000000000000e+02
1.000000000000000000e+00
6.000000000000000000e+00
0.000000000000000000e+00
6.700000000000000000e+01
1.000000000000000000e+00
3.432500000000000000e+04
1.000000000000000000e+00
1.369030000000000000e+05
1.200000000000000000e+01
5.000000000000000000e+00
3.320000000000000000e+02
0.000000000000000000e+00
1.300000000000000000e+01
2.100000000000000000e+01
2.110000000000000000e+02
9.700000000000000000e+01
7.500000000000000000e+01
6.000000000000000000e+00
1.688000000000000000e+03
0.000000000000000000e+00
1.000000000000000000e+00
1.100000000000000000e+01
6.000000000000000000e+00
0.000000000000000000e+00
0.000000000000000000e+00
0.000000000000000000e+00
8.657000000000000000e+03
2.060000000000000000e+02
2.000000000000000000e+01
6.049900000000000000e+04
0.000000000000000000e+00
1.000000000000000000e+00
4.000000000000000000e+00
4.860000000000000000e+02
0.000000000000000000e+00
8.000000000000000000e+00
0.000000000000000000e+00
0.000000000000000000e+00
1.000000000000000000e+00
7.000000000000000000e+00
1.500000000000000000e+01
7.950000000000000000e+02
3.000000000000000000e+00
1.600000000000000000e+01
0.000000000000000000e+00
0.000000000000000000e+00
3.000000000000000000e+01
4.000000000000000000e+00
2.050000000000000000e+02
4.600000000000000000e+01
0.000000000000000000e+00
0.000000000000000000e+00
2.361000000000000000e+03
4.440000000000000000e+02
6.643000000000000000e+03
1.940000000000000000e+02
0.000000000000000000e+00
5.700000000000000000e+01
1.000000000000000000e+00
0.000000000000000000e+00
1.400000000000000000e+02
4.000000000000000000e+02
4.000000000000000000e+00
4.300000000000000000e+01
0.000000000000000000e+00
3.010000000000000000e+02
1.097000000000000000e+03
2.600000000000000000e+01
1.332200000000000000e+04
3.960000000000000000e+02
3.000000000000000000e+00
6.686000000000000000e+03
0.000000000000000000e+00
7.000000000000000000e+00
3.800000000000000000e+01
2.100000000000000000e+01
1.290000000000000000e+02
4.000000000000000000e+00
2.300000000000000000e+01
2.100000000000000000e+01
6.000000000000000000e+00
1.000000000000000000e+00
0.000000000000000000e+00
2.200000000000000000e+01
1.080000000000000000e+02
6.000000000000000000e+00
4.000000000000000000e+00
0.000000000000000000e+00
3.600000000000000000e+01
1.700000000000000000e+02
5.900000000000000000e+01
1.100000000000000000e+01
0.000000000000000000e+00
2.000000000000000000e+00
0.000000000000000000e+00
1.200000000000000000e+01
0.000000000000000000e+00
5.000000000000000000e+00
2.010000000000000000e+02
0.000000000000000000e+00
0.000000000000000000e+00
1.000000000000000000e+01
3.000000000000000000e+00
1.100000000000000000e+01
1.000000000000000000e+00
2.000000000000000000e+00
6.000000000000000000e+00
4.000000000000000000e+01
2.430000000000000000e+02
4.000000000000000000e+00
0.000000000000000000e+00
4.320000000000000000e+02
4.000000000000000000e+00
4.700000000000000000e+01
0.000000000000000000e+00
4.000000000000000000e+00
1.280000000000000000e+02
0.000000000000000000e+00
1.000000000000000000e+01
3.000000000000000000e+00
1.210000000000000000e+02
2.000000000000000000e+00
7.300000000000000000e+01
0.000000000000000000e+00
5.000000000000000000e+00
0.000000000000000000e+00
0.000000000000000000e+00
5.974000000000000000e+03
5.000000000000000000e+00
0.000000000000000000e+00
1.300000000000000000e+01
1.000000000000000000e+00
0.000000000000000000e+00
7.000000000000000000e+00
1.500000000000000000e+02
3.000000000000000000e+01
5.000000000000000000e+00
1.920000000000000000e+02
7.600000000000000000e+01
7.894200000000000000e+04
0.000000000000000000e+00
0.000000000000000000e+00
0.000000000000000000e+00
2.263000000000000000e+03
0.000000000000000000e+00
5.400000000000000000e+01
4.000000000000000000e+00
1.200000000000000000e+01
1.000000000000000000e+00
0.000000000000000000e+00
5.868000000000000000e+03
0.000000000000000000e+00
0.000000000000000000e+00
7.820000000000000000e+02
8.300000000000000000e+01
1.700000000000000000e+01
0.000000000000000000e+00
3.000000000000000000e+00
1.800000000000000000e+01
7.650000000000000000e+02
1.900000000000000000e+01
1.700000000000000000e+01
1.920000000000000000e+02
4.000000000000000000e+00
2.390000000000000000e+02
2.500000000000000000e+02
5.720000000000000000e+02
8.440000000000000000e+02
2.740000000000000000e+02
0.000000000000000000e+00
5.335000000000000000e+03
0.000000000000000000e+00
1.300000000000000000e+01
3.100000000000000000e+01
2.600000000000000000e+01
2.000000000000000000e+00
6.000000000000000000e+00
0.000000000000000000e+00
0.000000000000000000e+00
0.000000000000000000e+00
1.050000000000000000e+02
3.281000000000000000e+03
1.345550000000000000e+05
0.000000000000000000e+00
2.302000000000000000e+03
4.000000000000000000e+00
8.500000000000000000e+01
2.000000000000000000e+00
0.000000000000000000e+00
8.210000000000000000e+02
1.213000000000000000e+03
2.000000000000000000e+00
3.700000000000000000e+01
1.440000000000000000e+02
2.250000000000000000e+02
3.716100000000000000e+04
1.300000000000000000e+01
0.000000000000000000e+00
1.500000000000000000e+01
0.000000000000000000e+00
0.000000000000000000e+00
0.000000000000000000e+00
3.265000000000000000e+03
4.000000000000000000e+00
1.200000000000000000e+01
0.000000000000000000e+00
4.862000000000000000e+03
3.000000000000000000e+00
2.000000000000000000e+00
4.000000000000000000e+01
0.000000000000000000e+00
1.570000000000000000e+02
1.000000000000000000e+01
1.501000000000000000e+03
6.900000000000000000e+01
1.298240000000000000e+05
0.000000000000000000e+00
5.000000000000000000e+00
3.500000000000000000e+01
3.000000000000000000e+00
0.000000000000000000e+00
6.000000000000000000e+00
2.000000000000000000e+00
4.334000000000000000e+03
0.000000000000000000e+00
2.860000000000000000e+02
2.400000000000000000e+01
0.000000000000000000e+00
4.043000000000000000e+03
0.000000000000000000e+00
1.070000000000000000e+02
1.510000000000000000e+02
1.310000000000000000e+02
1.200000000000000000e+01
0.000000000000000000e+00
0.000000000000000000e+00
0.000000000000000000e+00
0.000000000000000000e+00
5.000000000000000000e+00
0.000000000000000000e+00
1.100000000000000000e+01
2.454000000000000000e+03
4.000000000000000000e+00
2.500000000000000000e+01
2.800000000000000000e+01
1.640000000000000000e+02
1.385000000000000000e+04
3.000000000000000000e+01
2.600000000000000000e+01
2.000000000000000000e+00
0.000000000000000000e+00
0.000000000000000000e+00
4.470000000000000000e+02
2.700000000000000000e+01
2.000000000000000000e+00
2.580000000000000000e+02
3.585500000000000000e+04
7.900000000000000000e+01
0.000000000000000000e+00
1.578000000000000000e+03
3.800000000000000000e+01
0.000000000000000000e+00
3.810000000000000000e+02
2.840000000000000000e+02
0.000000000000000000e+00
0.000000000000000000e+00
0.000000000000000000e+00
2.000000000000000000e+00
0.000000000000000000e+00
1.000000000000000000e+00
2.000000000000000000e+00
0.000000000000000000e+00
1.570000000000000000e+02
0.000000000000000000e+00
0.000000000000000000e+00
0.000000000000000000e+00
5.000000000000000000e+00
0.000000000000000000e+00
0.000000000000000000e+00
7.634000000000000000e+03
1.700000000000000000e+01
1.732000000000000000e+03
0.000000000000000000e+00
4.020000000000000000e+02
0.000000000000000000e+00
1.449500000000000000e+04
2.000000000000000000e+00
2.600000000000000000e+01
0.000000000000000000e+00
1.000000000000000000e+01
0.000000000000000000e+00
3.000000000000000000e+00
0.000000000000000000e+00
9.300000000000000000e+01
8.030000000000000000e+03
1.000000000000000000e+00
5.000000000000000000e+00
2.300000000000000000e+01
3.700000000000000000e+02
0.000000000000000000e+00
3.900000000000000000e+01
4.660000000000000000e+02
7.300000000000000000e+02
3.200000000000000000e+01
1.000000000000000000e+00
0.000000000000000000e+00
2.850000000000000000e+02
2.000000000000000000e+00
0.000000000000000000e+00
1.210000000000000000e+02
3.600000000000000000e+01
2.300000000000000000e+01
0.000000000000000000e+00
1.681000000000000000e+03
0.000000000000000000e+00
1.800000000000000000e+01
6.000000000000000000e+00
0.000000000000000000e+00
1.480000000000000000e+02
3.166800000000000000e+04
2.900000000000000000e+03
0.000000000000000000e+00
0.000000000000000000e+00
3.300000000000000000e+01
9.000000000000000000e+00
0.000000000000000000e+00
1.500000000000000000e+01
0.000000000000000000e+00
3.179000000000000000e+03
4.300000000000000000e+01
3.148000000000000000e+03
1.070000000000000000e+02
8.000000000000000000e+00
2.000000000000000000e+00
2.000000000000000000e+00
0.000000000000000000e+00
1.000000000000000000e+00
1.034400000000000000e+05
4.600000000000000000e+01
3.700000000000000000e+01
1.000000000000000000e+00
3.300000000000000000e+01
9.720000000000000000e+02
1.200000000000000000e+01
2.657000000000000000e+03
0.000000000000000000e+00
0.000000000000000000e+00
1.540000000000000000e+02
4.900000000000000000e+01
1.200000000000000000e+01
0.000000000000000000e+00
8.400000000000000000e+02
1.200000000000000000e+01
3.000000000000000000e+00
0.000000000000000000e+00
1.160000000000000000e+02
2.700000000000000000e+01
2.000000000000000000e+00
4.000000000000000000e+00
1.000000000000000000e+01
1.600000000000000000e+01
0.000000000000000000e+00
0.000000000000000000e+00
3.600000000000000000e+01
3.000000000000000000e+00
5.070000000000000000e+02
2.200000000000000000e+01
2.700000000000000000e+01
1.330000000000000000e+02
0.000000000000000000e+00
5.806000000000000000e+03
0.000000000000000000e+00
3.940000000000000000e+02
4.000000000000000000e+00
0.000000000000000000e+00
0.000000000000000000e+00
1.600000000000000000e+01
2.300000000000000000e+01
9.100000000000000000e+01
0.000000000000000000e+00
2.370000000000000000e+02
0.000000000000000000e+00
0.000000000000000000e+00
5.000000000000000000e+00
0.000000000000000000e+00
4.800000000000000000e+01
2.000000000000000000e+00
3.600000000000000000e+01
3.800000000000000000e+01
1.181000000000000000e+03
1.000000000000000000e+00
0.000000000000000000e+00
8.663200000000000000e+04
5.000000000000000000e+00
6.000000000000000000e+00
2.000000000000000000e+00
1.895000000000000000e+03
0.000000000000000000e+00
0.000000000000000000e+00
0.000000000000000000e+00
2.030000000000000000e+02
1.369000000000000000e+03
0.000000000000000000e+00
7.000000000000000000e+00
8.128800000000000000e+04
0.000000000000000000e+00
0.000000000000000000e+00
2.773400000000000000e+04
6.000000000000000000e+00
6.700000000000000000e+01
6.900000000000000000e+01
1.731000000000000000e+03
0.000000000000000000e+00
1.600000000000000000e+01
2.000000000000000000e+00
3.380000000000000000e+02
4.100000000000000000e+01
2.000000000000000000e+00
5.100000000000000000e+01
0.000000000000000000e+00
2.000000000000000000e+02
0.000000000000000000e+00
1.000000000000000000e+00
3.410000000000000000e+02
1.000000000000000000e+00
5.000000000000000000e+00
2.000000000000000000e+00
4.890000000000000000e+02
6.000000000000000000e+00
2.000000000000000000e+00
0.000000000000000000e+00
0.000000000000000000e+00
1.820000000000000000e+02
4.066000000000000000e+03
3.000000000000000000e+00
1.180000000000000000e+03
2.800000000000000000e+01
4.000000000000000000e+00
0.000000000000000000e+00
1.300000000000000000e+01
6.000000000000000000e+00
1.920000000000000000e+02
3.200000000000000000e+01
0.000000000000000000e+00
1.234000000000000000e+03
4.000000000000000000e+00
1.000000000000000000e+00
4.430000000000000000e+02
6.000000000000000000e+00
2.795000000000000000e+03
2.200000000000000000e+01
3.010000000000000000e+02
2.790000000000000000e+02
6.000000000000000000e+00
7.900000000000000000e+01
4.000000000000000000e+00
2.000000000000000000e+00
1.000000000000000000e+00
4.000000000000000000e+00
2.000000000000000000e+00
1.070000000000000000e+02
4.000000000000000000e+00
7.161000000000000000e+03
0.000000000000000000e+00
5.000000000000000000e+00
3.300000000000000000e+01
6.838000000000000000e+03
1.700000000000000000e+01
9.700000000000000000e+01
0.000000000000000000e+00
5.089000000000000000e+03
8.000000000000000000e+00
1.050000000000000000e+02
2.000000000000000000e+00
0.000000000000000000e+00
0.000000000000000000e+00
2.000000000000000000e+00
0.000000000000000000e+00
2.000000000000000000e+00
1.000000000000000000e+00
6.000000000000000000e+00
0.000000000000000000e+00
3.439000000000000000e+03
1.038000000000000000e+03
5.000000000000000000e+00
4.190000000000000000e+02
2.000000000000000000e+01
9.000000000000000000e+00
0.000000000000000000e+00
0.000000000000000000e+00
0.000000000000000000e+00
2.570000000000000000e+02
0.000000000000000000e+00
0.000000000000000000e+00
0.000000000000000000e+00
7.000000000000000000e+00
6.000000000000000000e+00
2.700000000000000000e+01
6.700000000000000000e+01
2.000000000000000000e+00
0.000000000000000000e+00
0.000000000000000000e+00
1.804700000000000000e+04
4.000000000000000000e+00
1.955000000000000000e+03
0.000000000000000000e+00
1.815000000000000000e+03
1.330000000000000000e+02
0.000000000000000000e+00
1.000000000000000000e+01
2.587000000000000000e+03
0.000000000000000000e+00
1.300000000000000000e+01
5.000000000000000000e+01
1.700000000000000000e+01
7.000000000000000000e+00
8.000000000000000000e+00
0.000000000000000000e+00
2.000000000000000000e+00
5.930000000000000000e+02
1.900000000000000000e+01
0.000000000000000000e+00
0.000000000000000000e+00
4.000000000000000000e+00
1.000000000000000000e+00
3.200000000000000000e+01
1.000000000000000000e+01
2.670000000000000000e+02
7.800000000000000000e+01
0.000000000000000000e+00
0.000000000000000000e+00
7.000000000000000000e+00
7.000000000000000000e+00
1.000000000000000000e+00
9.200000000000000000e+02
0.000000000000000000e+00
6.000000000000000000e+00
0.000000000000000000e+00
0.000000000000000000e+00
1.000000000000000000e+00
5.000000000000000000e+00
1.200000000000000000e+01
0.000000000000000000e+00
0.000000000000000000e+00
1.170000000000000000e+02
1.910000000000000000e+02
1.380000000000000000e+02
1.938000000000000000e+03
4.800000000000000000e+01
2.430000000000000000e+02
1.000000000000000000e+00
1.010000000000000000e+02
0.000000000000000000e+00
0.000000000000000000e+00
7.000000000000000000e+00
8.000000000000000000e+00
1.040000000000000000e+02
2.000000000000000000e+00
8.000000000000000000e+00
5.200000000000000000e+01
2.000000000000000000e+00
6.000000000000000000e+00
0.000000000000000000e+00
5.100000000000000000e+01
1.000000000000000000e+00
9.000000000000000000e+00
2.000000000000000000e+00
1.508000000000000000e+03
1.300000000000000000e+01
0.000000000000000000e+00
1.000000000000000000e+00
4.000000000000000000e+00
0.000000000000000000e+00
5.226000000000000000e+03
0.000000000000000000e+00
1.600000000000000000e+01
1.200000000000000000e+01
0.000000000000000000e+00
0.000000000000000000e+00
2.580000000000000000e+02
4.000000000000000000e+00
3.417800000000000000e+04
0.000000000000000000e+00
1.436000000000000000e+03
3.880000000000000000e+02
3.352000000000000000e+03
4.000000000000000000e+00
2.000000000000000000e+00
2.300000000000000000e+01
1.990000000000000000e+02
0.000000000000000000e+00
7.972600000000000000e+04
4.000000000000000000e+00
1.800000000000000000e+01
3.000000000000000000e+00
0.000000000000000000e+00
0.000000000000000000e+00
1.000000000000000000e+01
2.000000000000000000e+01
5.600000000000000000e+01
5.750000000000000000e+02
0.000000000000000000e+00
0.000000000000000000e+00
0.000000000000000000e+00
2.702000000000000000e+03
0.000000000000000000e+00
1.020000000000000000e+02
6.170000000000000000e+02
1.400000000000000000e+01
4.000000000000000000e+00
2.000000000000000000e+00
1.000000000000000000e+00
2.000000000000000000e+00
3.240000000000000000e+03
4.223450000000000000e+05
0.000000000000000000e+00
1.000000000000000000e+00
0.000000000000000000e+00
1.300000000000000000e+01
0.000000000000000000e+00
1.180000000000000000e+02
5.000000000000000000e+00
0.000000000000000000e+00
9.320000000000000000e+02
2.370000000000000000e+02
3.800000000000000000e+01
0.000000000000000000e+00
2.000000000000000000e+00
3.266000000000000000e+03
2.000000000000000000e+00
7.800000000000000000e+01
3.000000000000000000e+00
3.211600000000000000e+04
1.230000000000000000e+02
4.700000000000000000e+01
1.000000000000000000e+00
0.000000000000000000e+00
1.240000000000000000e+02
1.700000000000000000e+01
4.700000000000000000e+01
0.000000000000000000e+00
2.300000000000000000e+01
7.500000000000000000e+01
4.000000000000000000e+00
2.000000000000000000e+00
9.000000000000000000e+00
2.000000000000000000e+01
3.010000000000000000e+02
1.260000000000000000e+02
0.000000000000000000e+00
0.000000000000000000e+00
0.000000000000000000e+00
7.374000000000000000e+03
2.466000000000000000e+03
0.000000000000000000e+00
0.000000000000000000e+00
5.000000000000000000e+00
7.000000000000000000e+00
1.000000000000000000e+00
2.630000000000000000e+02
0.000000000000000000e+00
3.100000000000000000e+01
0.000000000000000000e+00
0.000000000000000000e+00
5.100000000000000000e+01
2.900000000000000000e+01
0.000000000000000000e+00
