4.000000000000000000e+00
1.700000000000000000e+01
0.000000000000000000e+00
0.000000000000000000e+00
0.000000000000000000e+00
1.000000000000000000e+00
0.000000000000000000e+00
1.000000000000000000e+00
4.000000000000000000e+00
0.000000000000000000e+00
6.000000000000000000e+00
7.000000000000000000e+00
0.000000000000000000e+00
2.000000000000000000e+00
2.000000000000000000e+00
0.000000000000000000e+00
0.000000000000000000e+00
0.000000000000000000e+00
1.000000000000000000e+00
0.000000000000000000e+00
1.000000000000000000e+00
0.000000000000000000e+00
2.000000000000000000e+00
0.000000000000000000e+00
0.000000000000000000e+00
0.000000000000000000e+00
0.000000000000000000e+00
5.000000000000000000e+00
2.000000000000000000e+00
2.000000000000000000e+00
0.000000000000000000e+00
3.000000000000000000e+00
0.000000000000000000e+00
1.000000000000000000e+00
0.000000000000000000e+00
1.000000000000000000e+00
2.000000000000000000e+00
0.000000000000000000e+00
1.000000000000000000e+00
0.000000000000000000e+00
2.000000000000000000e+00
0.000000000000000000e+00
0.000000000000000000e+00
2.000000000000000000e+00
0.000000000000000000e+00
0.000000000000000000e+00
3.000000000000000000e+00
0.000000000000000000e+00
0.000000000000000000e+00
0.000000000000000000e+00
0.000000000000000000e+00
3.000000000000000000e+00
0.000000000000000000e+00
2.100000000000000000e+01
0.000000000000000000e+00
5.000000000000000000e+00
0.000000000000000000e+00
1.600000000000000000e+01
0.000000000000000000e+00
0.000000000000000000e+00
0.000000000000000000e+00
9.000000000000000000e+00
0.000000000000000000e+00
5.000000000000000000e+00
0.000000000000000000e+00
3.000000000000000000e+00
0.000000000000000000e+00
0.000000000000000000e+00
0.000000000000000000e+00
4.000000000000000000e+00
1.200000000000000000e+01
0.000000000000000000e+00
2.000000000000000000e+00
7.000000000000000000e+00
6.000000000000000000e+00
6.000000000000000000e+00
4.000000000000000000e+00
2.000000000000000000e+01
1.000000000000000000e+00
2.000000000000000000e+00
0.000000000000000000e+00
0.000000000000000000e+00
0.000000000000000000e+00
0.000000000000000000e+00
4.000000000000000000e+00
8.000000000000000000e+00
1.000000000000000000e+00
9.000000000000000000e+00
1.000000000000000000e+00
2.000000000000000000e+00
0.000000000000000000e+00
2.500000000000000000e+01
0.000000000000000000e+00
2.000000000000000000e+00
3.000000000000000000e+00
8.000000000000000000e+00
0.000000000000000000e+00
2.000000000000000000e+00
0.000000000000000000e+00
1.000000000000000000e+01
0.000000000000000000e+00
2.000000000000000000e+00
4.000000000000000000e+00
1.000000000000000000e+00
0.000000000000000000e+00
1.000000000000000000e+00
0.000000000000000000e+00
0.000000000000000000e+00
3.000000000000000000e+00
0.000000000000000000e+00
1.000000000000000000e+00
1.000000000000000000e+00
6.000000000000000000e+00
1.000000000000000000e+00
1.400000000000000000e+01
0.000000000000000000e+00
0.000000000000000000e+00
0.000000000000000000e+00
0.000000000000000000e+00
0.000000000000000000e+00
0.000000000000000000e+00
3.000000000000000000e+00
0.000000000000000000e+00
0.000000000000000000e+00
3.000000000000000000e+00
0.000000000000000000e+00
7.000000000000000000e+00
2.200000000000000000e+01
0.000000000000000000e+00
0.000000000000000000e+00
4.000000000000000000e+00
0.000000000000000000e+00
0.000000000000000000e+00
8.000000000000000000e+00
0.000000000000000000e+00
0.000000000000000000e+00
0.000000000000000000e+00
3.000000000000000000e+00
0.000000000000000000e+00
1.000000000000000000e+01
0.000000000000000000e+00
0.000000000000000000e+00
7.000000000000000000e+00
0.000000000000000000e+00
0.000000000000000000e+00
3.000000000000000000e+00
6.000000000000000000e+00
1.000000000000000000e+00
6.000000000000000000e+00
0.000000000000000000e+00
1.330000000000000000e+02
3.000000000000000000e+00
7.000000000000000000e+00
0.000000000000000000e+00
0.000000000000000000e+00
0.000000000000000000e+00
0.000000000000000000e+00
2.300000000000000000e+01
7.000000000000000000e+00
1.000000000000000000e+00
0.000000000000000000e+00
4.000000000000000000e+00
0.000000000000000000e+00
0.000000000000000000e+00
2.000000000000000000e+00
1.000000000000000000e+00
0.000000000000000000e+00
0.000000000000000000e+00
0.000000000000000000e+00
0.000000000000000000e+00
0.000000000000000000e+00
0.000000000000000000e+00
0.000000000000000000e+00
2.000000000000000000e+00
0.000000000000000000e+00
0.000000000000000000e+00
0.000000000000000000e+00
0.000000000000000000e+00
2.200000000000000000e+01
0.000000000000000000e+00
0.000000000000000000e+00
0.000000000000000000e+00
0.000000000000000000e+00
0.000000000000000000e+00
0.000000000000000000e+00
7.000000000000000000e+00
4.000000000000000000e+00
0.000000000000000000e+00
0.000000000000000000e+00
0.000000000000000000e+00
0.000000000000000000e+00
0.000000000000000000e+00
1.000000000000000000e+00
1.100000000000000000e+01
2.000000000000000000e+00
3.000000000000000000e+01
0.000000000000000000e+00
1.000000000000000000e+00
0.000000000000000000e+00
2.000000000000000000e+00
0.000000000000000000e+00
2.600000000000000000e+01
6.000000000000000000e+00
0.000000000000000000e+00
1.000000000000000000e+00
4.000000000000000000e+00
2.000000000000000000e+00
0.000000000000000000e+00
1.100000000000000000e+01
3.000000000000000000e+00
2.000000000000000000e+00
0.000000000000000000e+00
2.000000000000000000e+00
0.000000000000000000e+00
0.000000000000000000e+00
2.000000000000000000e+00
1.400000000000000000e+01
7.000000000000000000e+00
2.000000000000000000e+00
1.900000000000000000e+01
1.000000000000000000e+00
3.000000000000000000e+00
0.000000000000000000e+00
0.000000000000000000e+00
9.000000000000000000e+00
5.000000000000000000e+00
1.000000000000000000e+00
3.000000000000000000e+00
0.000000000000000000e+00
4.000000000000000000e+00
4.000000000000000000e+00
1.000000000000000000e+00
3.000000000000000000e+00
6.000000000000000000e+00
1.100000000000000000e+01
1.000000000000000000e+01
4.000000000000000000e+00
1.100000000000000000e+01
4.000000000000000000e+00
0.000000000000000000e+00
8.000000000000000000e+00
0.000000000000000000e+00
0.000000000000000000e+00
1.000000000000000000e+01
0.000000000000000000e+00
0.000000000000000000e+00
2.000000000000000000e+00
0.000000000000000000e+00
0.000000000000000000e+00
2.000000000000000000e+00
0.000000000000000000e+00
0.000000000000000000e+00
0.000000000000000000e+00
0.000000000000000000e+00
2.000000000000000000e+00
2.000000000000000000e+00
0.000000000000000000e+00
5.000000000000000000e+00
2.000000000000000000e+00
0.000000000000000000e+00
0.000000000000000000e+00
0.000000000000000000e+00
1.000000000000000000e+00
0.000000000000000000e+00
0.000000000000000000e+00
0.000000000000000000e+00
0.000000000000000000e+00
4.000000000000000000e+00
0.000000000000000000e+00
0.000000000000000000e+00
0.000000000000000000e+00
1.000000000000000000e+00
0.000000000000000000e+00
0.000000000000000000e+00
1.000000000000000000e+00
6.600000000000000000e+01
0.000000000000000000e+00
0.000000000000000000e+00
0.000000000000000000e+00
0.000000000000000000e+00
1.300000000000000000e+01
1.000000000000000000e+00
0.000000000000000000e+00
3.000000000000000000e+00
4.000000000000000000e+00
0.000000000000000000e+00
0.000000000000000000e+00
2.900000000000000000e+01
3.000000000000000000e+00
1.000000000000000000e+01
1.000000000000000000e+00
2.600000000000000000e+01
6.000000000000000000e+00
0.000000000000000000e+00
0.000000000000000000e+00
1.100000000000000000e+01
8.000000000000000000e+00
0.000000000000000000e+00
2.500000000000000000e+01
2.200000000000000000e+01
0.000000000000000000e+00
0.000000000000000000e+00
1.100000000000000000e+01
4.000000000000000000e+00
1.000000000000000000e+00
0.000000000000000000e+00
0.000000000000000000e+00
0.000000000000000000e+00
5.000000000000000000e+00
0.000000000000000000e+00
4.000000000000000000e+00
2.000000000000000000e+00
1.000000000000000000e+00
4.000000000000000000e+00
0.000000000000000000e+00
0.000000000000000000e+00
0.000000000000000000e+00
0.000000000000000000e+00
0.000000000000000000e+00
0.000000000000000000e+00
3.000000000000000000e+00
7.000000000000000000e+00
4.000000000000000000e+00
2.000000000000000000e+00
0.000000000000000000e+00
6.000000000000000000e+00
0.000000000000000000e+00
0.000000000000000000e+00
3.000000000000000000e+00
1.000000000000000000e+01
0.000000000000000000e+00
0.000000000000000000e+00
6.000000000000000000e+01
1.500000000000000000e+01
1.000000000000000000e+00
6.400000000000000000e+01
0.000000000000000000e+00
3.900000000000000000e+01
3.000000000000000000e+00
1.600000000000000000e+01
3.000000000000000000e+00
1.000000000000000000e+00
2.000000000000000000e+00
5.000000000000000000e+00
3.000000000000000000e+01
8.000000000000000000e+00
0.000000000000000000e+00
0.000000000000000000e+00
0.000000000000000000e+00
1.500000000000000000e+01
1.100000000000000000e+01
0.000000000000000000e+00
0.000000000000000000e+00
0.000000000000000000e+00
0.000000000000000000e+00
0.000000000000000000e+00
7.000000000000000000e+00
0.000000000000000000e+00
5.000000000000000000e+00
2.000000000000000000e+00
0.000000000000000000e+00
2.000000000000000000e+00
0.000000000000000000e+00
3.000000000000000000e+00
0.000000000000000000e+00
1.200000000000000000e+01
0.000000000000000000e+00
0.000000000000000000e+00
1.000000000000000000e+00
0.000000000000000000e+00
3.000000000000000000e+00
0.000000000000000000e+00
0.000000000000000000e+00
0.000000000000000000e+00
0.000000000000000000e+00
2.000000000000000000e+00
0.000000000000000000e+00
0.000000000000000000e+00
1.000000000000000000e+00
0.000000000000000000e+00
2.000000000000000000e+00
0.000000000000000000e+00
1.000000000000000000e+00
0.000000000000000000e+00
0.000000000000000000e+00
3.000000000000000000e+00
3.000000000000000000e+00
5.000000000000000000e+00
2.000000000000000000e+00
0.000000000000000000e+00
1.000000000000000000e+00
9.400000000000000000e+01
0.000000000000000000e+00
1.000000000000000000e+00
2.000000000000000000e+00
1.000000000000000000e+00
1.000000000000000000e+00
2.000000000000000000e+00
0.000000000000000000e+00
4.000000000000000000e+00
2.000000000000000000e+00
0.000000000000000000e+00
0.000000000000000000e+00
0.000000000000000000e+00
0.000000000000000000e+00
0.000000000000000000e+00
0.000000000000000000e+00
0.000000000000000000e+00
1.400000000000000000e+01
9.000000000000000000e+00
4.000000000000000000e+00
1.500000000000000000e+01
1.100000000000000000e+01
0.000000000000000000e+00
0.000000000000000000e+00
7.000000000000000000e+00
0.000000000000000000e+00
1.100000000000000000e+01
0.000000000000000000e+00
9.800000000000000000e+01
0.000000000000000000e+00
6.000000000000000000e+00
2.500000000000000000e+01
0.000000000000000000e+00
2.000000000000000000e+00
0.000000000000000000e+00
0.000000000000000000e+00
1.000000000000000000e+00
0.000000000000000000e+00
0.000000000000000000e+00
1.300000000000000000e+01
0.000000000000000000e+00
0.000000000000000000e+00
0.000000000000000000e+00
0.000000000000000000e+00
0.000000000000000000e+00
0.000000000000000000e+00
2.000000000000000000e+00
0.000000000000000000e+00
1.000000000000000000e+00
2.000000000000000000e+00
0.000000000000000000e+00
0.000000000000000000e+00
0.000000000000000000e+00
1.000000000000000000e+00
5.500000000000000000e+01
0.000000000000000000e+00
1.100000000000000000e+01
0.000000000000000000e+00
0.000000000000000000e+00
9.000000000000000000e+00
0.000000000000000000e+00
0.000000000000000000e+00
2.000000000000000000e+00
3.800000000000000000e+01
0.000000000000000000e+00
3.000000000000000000e+00
2.000000000000000000e+00
7.000000000000000000e+00
0.000000000000000000e+00
0.000000000000000000e+00
0.000000000000000000e+00
1.400000000000000000e+01
1.600000000000000000e+01
0.000000000000000000e+00
1.000000000000000000e+00
4.000000000000000000e+00
0.000000000000000000e+00
3.000000000000000000e+00
1.400000000000000000e+01
3.000000000000000000e+00
1.000000000000000000e+00
1.000000000000000000e+00
0.000000000000000000e+00
0.000000000000000000e+00
0.000000000000000000e+00
1.200000000000000000e+01
0.000000000000000000e+00
4.000000000000000000e+00
0.000000000000000000e+00
0.000000000000000000e+00
8.000000000000000000e+00
2.200000000000000000e+01
0.000000000000000000e+00
1.700000000000000000e+01
0.000000000000000000e+00
0.000000000000000000e+00
1.000000000000000000e+00
5.000000000000000000e+00
3.000000000000000000e+00
0.000000000000000000e+00
1.000000000000000000e+00
0.000000000000000000e+00
2.000000000000000000e+00
0.000000000000000000e+00
0.000000000000000000e+00
0.000000000000000000e+00
1.700000000000000000e+01
0.000000000000000000e+00
8.100000000000000000e+01
3.000000000000000000e+01
0.000000000000000000e+00
2.000000000000000000e+00
0.000000000000000000e+00
0.000000000000000000e+00
0.000000000000000000e+00
2.000000000000000000e+00
0.000000000000000000e+00
1.000000000000000000e+00
0.000000000000000000e+00
0.000000000000000000e+00
2.200000000000000000e+01
2.000000000000000000e+00
4.000000000000000000e+00
0.000000000000000000e+00
1.040000000000000000e+02
0.000000000000000000e+00
0.000000000000000000e+00
1.000000000000000000e+00
2.000000000000000000e+00
1.000000000000000000e+00
1.600000000000000000e+01
0.000000000000000000e+00
1.700000000000000000e+01
0.000000000000000000e+00
5.000000000000000000e+00
4.000000000000000000e+00
7.000000000000000000e+00
0.000000000000000000e+00
1.000000000000000000e+00
2.000000000000000000e+00
3.000000000000000000e+00
0.000000000000000000e+00
5.000000000000000000e+00
0.000000000000000000e+00
1.100000000000000000e+01
0.000000000000000000e+00
0.000000000000000000e+00
1.700000000000000000e+01
3.300000000000000000e+01
0.000000000000000000e+00
0.000000000000000000e+00
4.000000000000000000e+00
3.000000000000000000e+00
1.000000000000000000e+00
3.000000000000000000e+00
0.000000000000000000e+00
0.000000000000000000e+00
7.000000000000000000e+00
1.200000000000000000e+01
0.000000000000000000e+00
0.000000000000000000e+00
0.000000000000000000e+00
3.000000000000000000e+00
0.000000000000000000e+00
0.000000000000000000e+00
6.000000000000000000e+00
1.000000000000000000e+01
0.000000000000000000e+00
1.000000000000000000e+00
6.000000000000000000e+00
0.000000000000000000e+00
5.000000000000000000e+00
1.200000000000000000e+01
2.000000000000000000e+00
0.000000000000000000e+00
1.900000000000000000e+01
7.000000000000000000e+00
0.000000000000000000e+00
9.000000000000000000e+00
0.000000000000000000e+00
1.000000000000000000e+00
4.000000000000000000e+01
4.000000000000000000e+00
0.000000000000000000e+00
0.000000000000000000e+00
2.000000000000000000e+00
3.700000000000000000e+01
7.000000000000000000e+00
5.000000000000000000e+00
0.000000000000000000e+00
0.000000000000000000e+00
9.000000000000000000e+00
0.000000000000000000e+00
0.000000000000000000e+00
1.000000000000000000e+00
3.000000000000000000e+00
3.500000000000000000e+01
0.000000000000000000e+00
6.000000000000000000e+00
0.000000000000000000e+00
8.000000000000000000e+00
0.000000000000000000e+00
3.000000000000000000e+00
5.000000000000000000e+00
1.000000000000000000e+00
0.000000000000000000e+00
0.000000000000000000e+00
1.000000000000000000e+00
0.000000000000000000e+00
1.000000000000000000e+00
0.000000000000000000e+00
7.700000000000000000e+01
3.100000000000000000e+01
1.000000000000000000e+00
0.000000000000000000e+00
1.800000000000000000e+01
0.000000000000000000e+00
1.100000000000000000e+01
1.100000000000000000e+01
4.000000000000000000e+01
5.000000000000000000e+00
4.000000000000000000e+00
1.000000000000000000e+00
4.000000000000000000e+00
5.000000000000000000e+00
0.000000000000000000e+00
7.000000000000000000e+00
1.000000000000000000e+00
4.000000000000000000e+00
6.000000000000000000e+01
1.700000000000000000e+01
0.000000000000000000e+00
0.000000000000000000e+00
0.000000000000000000e+00
0.000000000000000000e+00
1.770000000000000000e+02
2.500000000000000000e+01
0.000000000000000000e+00
4.000000000000000000e+00
0.000000000000000000e+00
0.000000000000000000e+00
2.000000000000000000e+01
0.000000000000000000e+00
3.000000000000000000e+00
0.000000000000000000e+00
9.000000000000000000e+00
6.000000000000000000e+00
1.000000000000000000e+01
0.000000000000000000e+00
1.000000000000000000e+00
0.000000000000000000e+00
1.100000000000000000e+01
6.000000000000000000e+00
5.000000000000000000e+00
2.000000000000000000e+00
0.000000000000000000e+00
3.000000000000000000e+00
1.000000000000000000e+00
1.500000000000000000e+01
3.000000000000000000e+00
0.000000000000000000e+00
6.900000000000000000e+01
7.000000000000000000e+00
0.000000000000000000e+00
1.400000000000000000e+01
0.000000000000000000e+00
7.000000000000000000e+00
0.000000000000000000e+00
4.000000000000000000e+00
0.000000000000000000e+00
2.700000000000000000e+01
5.000000000000000000e+01
2.000000000000000000e+00
2.800000000000000000e+01
1.050000000000000000e+02
0.000000000000000000e+00
0.000000000000000000e+00
0.000000000000000000e+00
5.000000000000000000e+00
0.000000000000000000e+00
2.600000000000000000e+01
0.000000000000000000e+00
0.000000000000000000e+00
0.000000000000000000e+00
4.000000000000000000e+01
1.200000000000000000e+01
6.000000000000000000e+00
0.000000000000000000e+00
8.000000000000000000e+00
0.000000000000000000e+00
0.000000000000000000e+00
0.000000000000000000e+00
0.000000000000000000e+00
0.000000000000000000e+00
0.000000000000000000e+00
6.600000000000000000e+01
0.000000000000000000e+00
1.000000000000000000e+00
1.000000000000000000e+01
1.000000000000000000e+00
2.000000000000000000e+00
4.000000000000000000e+00
2.400000000000000000e+01
2.000000000000000000e+00
0.000000000000000000e+00
0.000000000000000000e+00
2.000000000000000000e+00
1.270000000000000000e+02
2.000000000000000000e+00
0.000000000000000000e+00
8.000000000000000000e+00
2.000000000000000000e+00
2.000000000000000000e+00
3.000000000000000000e+00
2.500000000000000000e+01
1.000000000000000000e+00
2.600000000000000000e+01
0.000000000000000000e+00
0.000000000000000000e+00
0.000000000000000000e+00
0.000000000000000000e+00
1.000000000000000000e+00
6.500000000000000000e+01
0.000000000000000000e+00
8.000000000000000000e+00
5.700000000000000000e+01
0.000000000000000000e+00
1.000000000000000000e+00
9.000000000000000000e+00
9.000000000000000000e+00
0.000000000000000000e+00
6.000000000000000000e+00
2.000000000000000000e+00
3.000000000000000000e+00
3.000000000000000000e+00
3.000000000000000000e+00
2.200000000000000000e+01
0.000000000000000000e+00
0.000000000000000000e+00
0.000000000000000000e+00
0.000000000000000000e+00
0.000000000000000000e+00
6.000000000000000000e+00
2.200000000000000000e+01
0.000000000000000000e+00
0.000000000000000000e+00
4.000000000000000000e+01
0.000000000000000000e+00
1.200000000000000000e+01
1.400000000000000000e+01
1.000000000000000000e+01
0.000000000000000000e+00
1.000000000000000000e+01
0.000000000000000000e+00
1.700000000000000000e+01
1.200000000000000000e+01
0.000000000000000000e+00
0.000000000000000000e+00
2.000000000000000000e+01
0.000000000000000000e+00
3.000000000000000000e+00
1.220000000000000000e+02
0.000000000000000000e+00
2.000000000000000000e+00
0.000000000000000000e+00
0.000000000000000000e+00
0.000000000000000000e+00
0.000000000000000000e+00
0.000000000000000000e+00
1.300000000000000000e+01
0.000000000000000000e+00
1.400000000000000000e+01
8.000000000000000000e+00
3.000000000000000000e+00
7.000000000000000000e+00
1.000000000000000000e+01
0.000000000000000000e+00
8.000000000000000000e+00
0.000000000000000000e+00
0.000000000000000000e+00
1.200000000000000000e+01
8.000000000000000000e+00
5.000000000000000000e+00
1.300000000000000000e+01
0.000000000000000000e+00
2.200000000000000000e+01
9.000000000000000000e+00
5.000000000000000000e+00
3.000000000000000000e+00
0.000000000000000000e+00
2.000000000000000000e+01
5.000000000000000000e+00
0.000000000000000000e+00
0.000000000000000000e+00
4.000000000000000000e+00
1.000000000000000000e+00
2.000000000000000000e+00
1.000000000000000000e+00
0.000000000000000000e+00
0.000000000000000000e+00
1.250000000000000000e+02
3.000000000000000000e+00
0.000000000000000000e+00
5.000000000000000000e+00
0.000000000000000000e+00
4.000000000000000000e+00
0.000000000000000000e+00
0.000000000000000000e+00
0.000000000000000000e+00
1.000000000000000000e+00
2.500000000000000000e+01
2.000000000000000000e+00
3.000000000000000000e+00
0.000000000000000000e+00
0.000000000000000000e+00
9.900000000000000000e+01
1.000000000000000000e+00
4.000000000000000000e+00
0.000000000000000000e+00
5.000000000000000000e+00
1.000000000000000000e+01
0.000000000000000000e+00
5.000000000000000000e+00
9.900000000000000000e+01
0.000000000000000000e+00
1.800000000000000000e+01
0.000000000000000000e+00
0.000000000000000000e+00
7.000000000000000000e+00
0.000000000000000000e+00
0.000000000000000000e+00
0.000000000000000000e+00
8.000000000000000000e+00
1.000000000000000000e+00
0.000000000000000000e+00
3.000000000000000000e+00
0.000000000000000000e+00
4.000000000000000000e+00
2.000000000000000000e+01
5.000000000000000000e+00
1.200000000000000000e+01
3.000000000000000000e+00
7.000000000000000000e+00
0.000000000000000000e+00
0.000000000000000000e+00
8.000000000000000000e+00
4.000000000000000000e+00
0.000000000000000000e+00
3.000000000000000000e+00
0.000000000000000000e+00
1.000000000000000000e+00
1.100000000000000000e+01
0.000000000000000000e+00
0.000000000000000000e+00
0.000000000000000000e+00
6.000000000000000000e+00
3.000000000000000000e+00
1.300000000000000000e+01
4.500000000000000000e+01
1.000000000000000000e+00
0.000000000000000000e+00
2.000000000000000000e+00
3.000000000000000000e+00
0.000000000000000000e+00
0.000000000000000000e+00
0.000000000000000000e+00
0.000000000000000000e+00
0.000000000000000000e+00
3.000000000000000000e+01
0.000000000000000000e+00
3.000000000000000000e+00
0.000000000000000000e+00
1.000000000000000000e+00
0.000000000000000000e+00
0.000000000000000000e+00
0.000000000000000000e+00
0.000000000000000000e+00
8.200000000000000000e+01
0.000000000000000000e+00
1.810000000000000000e+02
0.000000000000000000e+00
4.000000000000000000e+00
2.000000000000000000e+00
0.000000000000000000e+00
1.000000000000000000e+00
1.100000000000000000e+01
0.000000000000000000e+00
2.900000000000000000e+01
2.100000000000000000e+01
0.000000000000000000e+00
0.000000000000000000e+00
0.000000000000000000e+00
0.000000000000000000e+00
4.000000000000000000e+00
5.000000000000000000e+00
2.000000000000000000e+01
1.000000000000000000e+00
7.000000000000000000e+00
0.000000000000000000e+00
2.000000000000000000e+00
1.200000000000000000e+01
0.000000000000000000e+00
2.400000000000000000e+01
0.000000000000000000e+00
1.000000000000000000e+01
0.000000000000000000e+00
0.000000000000000000e+00
0.000000000000000000e+00
1.000000000000000000e+00
1.000000000000000000e+00
1.280000000000000000e+02
4.000000000000000000e+00
1.000000000000000000e+00
0.000000000000000000e+00
3.000000000000000000e+00
0.000000000000000000e+00
8.000000000000000000e+00
0.000000000000000000e+00
0.000000000000000000e+00
3.000000000000000000e+00
0.000000000000000000e+00
1.000000000000000000e+00
0.000000000000000000e+00
0.000000000000000000e+00
7.000000000000000000e+00
0.000000000000000000e+00
1.300000000000000000e+01
2.200000000000000000e+01
7.000000000000000000e+00
6.000000000000000000e+00
2.100000000000000000e+01
2.900000000000000000e+01
0.000000000000000000e+00
1.200000000000000000e+01
1.000000000000000000e+00
3.100000000000000000e+01
3.000000000000000000e+00
0.000000000000000000e+00
9.000000000000000000e+00
0.000000000000000000e+00
1.200000000000000000e+01
1.000000000000000000e+00
2.300000000000000000e+01
5.000000000000000000e+00
3.400000000000000000e+02
0.000000000000000000e+00
3.000000000000000000e+00
3.000000000000000000e+01
2.000000000000000000e+00
4.100000000000000000e+01
1.000000000000000000e+00
1.000000000000000000e+00
0.000000000000000000e+00
0.000000000000000000e+00
1.600000000000000000e+01
3.000000000000000000e+00
0.000000000000000000e+00
0.000000000000000000e+00
0.000000000000000000e+00
1.000000000000000000e+00
4.200000000000000000e+01
0.000000000000000000e+00
1.400000000000000000e+01
4.000000000000000000e+00
0.000000000000000000e+00
2.600000000000000000e+01
6.300000000000000000e+01
0.000000000000000000e+00
0.000000000000000000e+00
0.000000000000000000e+00
5.000000000000000000e+00
4.000000000000000000e+00
9.000000000000000000e+00
4.000000000000000000e+00
1.000000000000000000e+01
0.000000000000000000e+00
0.000000000000000000e+00
0.000000000000000000e+00
4.000000000000000000e+00
1.400000000000000000e+01
5.000000000000000000e+00
1.000000000000000000e+00
4.300000000000000000e+01
3.500000000000000000e+01
2.000000000000000000e+00
1.000000000000000000e+00
0.000000000000000000e+00
1.000000000000000000e+00
1.000000000000000000e+00
2.000000000000000000e+00
0.000000000000000000e+00
2.000000000000000000e+00
0.000000000000000000e+00
0.000000000000000000e+00
4.000000000000000000e+00
1.100000000000000000e+01
4.000000000000000000e+00
0.000000000000000000e+00
8.000000000000000000e+00
0.000000000000000000e+00
0.000000000000000000e+00
0.000000000000000000e+00
1.000000000000000000e+00
7.000000000000000000e+00
3.400000000000000000e+01
1.000000000000000000e+00
0.000000000000000000e+00
9.000000000000000000e+00
0.000000000000000000e+00
3.000000000000000000e+00
1.000000000000000000e+00
2.000000000000000000e+01
3.000000000000000000e+00
6.000000000000000000e+00
0.000000000000000000e+00
5.200000000000000000e+01
1.100000000000000000e+01
2.000000000000000000e+00
1.700000000000000000e+01
0.000000000000000000e+00
0.000000000000000000e+00
0.000000000000000000e+00
0.000000000000000000e+00
2.620000000000000000e+02
0.000000000000000000e+00
6.000000000000000000e+00
0.000000000000000000e+00
0.000000000000000000e+00
0.000000000000000000e+00
4.000000000000000000e+00
0.000000000000000000e+00
0.000000000000000000e+00
0.000000000000000000e+00
8.000000000000000000e+00
0.000000000000000000e+00
1.700000000000000000e+01
1.000000000000000000e+01
1.800000000000000000e+01
0.000000000000000000e+00
0.000000000000000000e+00
0.000000000000000000e+00
0.000000000000000000e+00
6.600000000000000000e+01
0.000000000000000000e+00
2.100000000000000000e+01
2.200000000000000000e+01
3.000000000000000000e+00
6.000000000000000000e+00
6.000000000000000000e+00
0.000000000000000000e+00
5.100000000000000000e+01
4.000000000000000000e+00
0.000000000000000000e+00
0.000000000000000000e+00
0.000000000000000000e+00
2.890000000000000000e+02
1.500000000000000000e+01
1.150000000000000000e+02
8.000000000000000000e+00
0.000000000000000000e+00
0.000000000000000000e+00
0.000000000000000000e+00
4.730000000000000000e+02
4.000000000000000000e+00
3.000000000000000000e+00
6.000000000000000000e+00
6.000000000000000000e+00
2.000000000000000000e+00
2.000000000000000000e+00
1.000000000000000000e+01
1.000000000000000000e+00
2.000000000000000000e+00
0.000000000000000000e+00
0.000000000000000000e+00
0.000000000000000000e+00
2.000000000000000000e+00
1.000000000000000000e+01
0.000000000000000000e+00
3.000000000000000000e+00
1.700000000000000000e+01
2.000000000000000000e+00
0.000000000000000000e+00
9.000000000000000000e+00
0.000000000000000000e+00
1.770000000000000000e+02
4.900000000000000000e+01
1.000000000000000000e+00
1.000000000000000000e+00
4.400000000000000000e+01
2.000000000000000000e+00
2.600000000000000000e+01
7.600000000000000000e+01
3.000000000000000000e+00
0.000000000000000000e+00
1.180000000000000000e+02
1.300000000000000000e+01
0.000000000000000000e+00
1.000000000000000000e+00
2.000000000000000000e+00
0.000000000000000000e+00
8.000000000000000000e+00
0.000000000000000000e+00
0.000000000000000000e+00
0.000000000000000000e+00
0.000000000000000000e+00
0.000000000000000000e+00
3.800000000000000000e+01
0.000000000000000000e+00
8.200000000000000000e+01
0.000000000000000000e+00
5.000000000000000000e+00
0.000000000000000000e+00
3.600000000000000000e+01
0.000000000000000000e+00
6.000000000000000000e+00
1.000000000000000000e+00
1.000000000000000000e+00
0.000000000000000000e+00
0.000000000000000000e+00
3.000000000000000000e+00
0.000000000000000000e+00
0.000000000000000000e+00
2.000000000000000000e+00
2.770000000000000000e+02
0.000000000000000000e+00
0.000000000000000000e+00
1.300000000000000000e+01
1.900000000000000000e+01
3.000000000000000000e+00
1.000000000000000000e+00
0.000000000000000000e+00
0.000000000000000000e+00
0.000000000000000000e+00
2.000000000000000000e+00
5.000000000000000000e+00
1.460000000000000000e+02
2.000000000000000000e+00
0.000000000000000000e+00
2.500000000000000000e+01
0.000000000000000000e+00
3.900000000000000000e+01
0.000000000000000000e+00
2.400000000000000000e+01
4.000000000000000000e+00
1.550000000000000000e+02
1.900000000000000000e+01
0.000000000000000000e+00
2.410000000000000000e+02
2.000000000000000000e+00
0.000000000000000000e+00
0.000000000000000000e+00
0.000000000000000000e+00
0.000000000000000000e+00
2.000000000000000000e+00
1.000000000000000000e+00
1.000000000000000000e+00
2.000000000000000000e+00
0.000000000000000000e+00
1.000000000000000000e+00
0.000000000000000000e+00
2.000000000000000000e+00
0.000000000000000000e+00
1.000000000000000000e+00
3.000000000000000000e+00
0.000000000000000000e+00
0.000000000000000000e+00
0.000000000000000000e+00
0.000000000000000000e+00
0.000000000000000000e+00
0.000000000000000000e+00
0.000000000000000000e+00
1.800000000000000000e+01
1.260000000000000000e+02
1.600000000000000000e+01
1.000000000000000000e+00
1.000000000000000000e+00
0.000000000000000000e+00
0.000000000000000000e+00
0.000000000000000000e+00
0.000000000000000000e+00
2.000000000000000000e+00
0.000000000000000000e+00
1.310000000000000000e+02
1.000000000000000000e+01
0.000000000000000000e+00
2.000000000000000000e+00
6.170000000000000000e+02
0.000000000000000000e+00
3.000000000000000000e+00
2.000000000000000000e+00
2.400000000000000000e+01
0.000000000000000000e+00
0.000000000000000000e+00
0.000000000000000000e+00
1.000000000000000000e+00
8.600000000000000000e+01
0.000000000000000000e+00
5.000000000000000000e+00
9.000000000000000000e+00
3.000000000000000000e+00
1.000000000000000000e+00
4.000000000000000000e+00
0.000000000000000000e+00
1.700000000000000000e+01
2.000000000000000000e+00
3.000000000000000000e+00
0.000000000000000000e+00
4.200000000000000000e+01
2.000000000000000000e+00
0.000000000000000000e+00
0.000000000000000000e+00
4.800000000000000000e+01
0.000000000000000000e+00
4.000000000000000000e+00
5.000000000000000000e+01
1.000000000000000000e+01
0.000000000000000000e+00
1.000000000000000000e+00
0.000000000000000000e+00
3.000000000000000000e+00
3.200000000000000000e+01
8.000000000000000000e+00
1.800000000000000000e+01
1.100000000000000000e+01
7.000000000000000000e+00
0.000000000000000000e+00
1.190000000000000000e+02
0.000000000000000000e+00
5.000000000000000000e+00
0.000000000000000000e+00
0.000000000000000000e+00
0.000000000000000000e+00
0.000000000000000000e+00
2.000000000000000000e+00
0.000000000000000000e+00
0.000000000000000000e+00
0.000000000000000000e+00
3.700000000000000000e+01
0.000000000000000000e+00
5.000000000000000000e+00
6.000000000000000000e+00
1.000000000000000000e+00
0.000000000000000000e+00
4.000000000000000000e+00
5.000000000000000000e+00
3.400000000000000000e+01
0.000000000000000000e+00
2.000000000000000000e+00
0.000000000000000000e+00
0.000000000000000000e+00
0.000000000000000000e+00
2.000000000000000000e+00
3.000000000000000000e+00
2.400000000000000000e+01
0.000000000000000000e+00
0.000000000000000000e+00
3.000000000000000000e+00
0.000000000000000000e+00
0.000000000000000000e+00
2.000000000000000000e+00
5.000000000000000000e+00
0.000000000000000000e+00
0.000000000000000000e+00
1.360000000000000000e+02
0.000000000000000000e+00
3.000000000000000000e+00
2.000000000000000000e+00
4.900000000000000000e+01
0.000000000000000000e+00
2.000000000000000000e+00
4.000000000000000000e+00
0.000000000000000000e+00
4.100000000000000000e+01
2.200000000000000000e+01
2.390000000000000000e+02
0.000000000000000000e+00
2.000000000000000000e+00
0.000000000000000000e+00
2.000000000000000000e+00
1.000000000000000000e+00
3.400000000000000000e+01
1.860000000000000000e+02
6.000000000000000000e+00
1.000000000000000000e+00
1.000000000000000000e+00
7.000000000000000000e+00
3.000000000000000000e+01
7.700000000000000000e+01
0.000000000000000000e+00
1.420000000000000000e+02
0.000000000000000000e+00
0.000000000000000000e+00
0.000000000000000000e+00
2.010000000000000000e+02
0.000000000000000000e+00
6.000000000000000000e+00
0.000000000000000000e+00
1.600000000000000000e+01
0.000000000000000000e+00
1.000000000000000000e+00
2.000000000000000000e+00
1.300000000000000000e+01
2.500000000000000000e+01
0.000000000000000000e+00
0.000000000000000000e+00
1.300000000000000000e+01
0.000000000000000000e+00
2.600000000000000000e+01
1.100000000000000000e+01
1.500000000000000000e+01
0.000000000000000000e+00
3.300000000000000000e+01
6.000000000000000000e+00
0.000000000000000000e+00
0.000000000000000000e+00
0.000000000000000000e+00
5.500000000000000000e+01
6.700000000000000000e+01
1.000000000000000000e+00
0.000000000000000000e+00
0.000000000000000000e+00
1.070000000000000000e+02
2.300000000000000000e+01
2.000000000000000000e+00
1.590000000000000000e+02
1.860000000000000000e+02
2.200000000000000000e+01
2.000000000000000000e+00
9.000000000000000000e+00
0.000000000000000000e+00
0.000000000000000000e+00
2.000000000000000000e+00
4.100000000000000000e+01
0.000000000000000000e+00
0.000000000000000000e+00
1.000000000000000000e+01
2.470000000000000000e+02
0.000000000000000000e+00
0.000000000000000000e+00
1.400000000000000000e+01
7.000000000000000000e+00
0.000000000000000000e+00
6.900000000000000000e+01
0.000000000000000000e+00
1.400000000000000000e+01
0.000000000000000000e+00
0.000000000000000000e+00
6.000000000000000000e+00
8.300000000000000000e+01
0.000000000000000000e+00
3.000000000000000000e+00
3.000000000000000000e+00
4.000000000000000000e+00
0.000000000000000000e+00
1.000000000000000000e+00
0.000000000000000000e+00
0.000000000000000000e+00
1.000000000000000000e+00
0.000000000000000000e+00
1.300000000000000000e+01
2.000000000000000000e+00
1.730000000000000000e+02
0.000000000000000000e+00
2.030000000000000000e+02
6.000000000000000000e+00
1.300000000000000000e+01
0.000000000000000000e+00
0.000000000000000000e+00
2.000000000000000000e+00
5.000000000000000000e+00
0.000000000000000000e+00
0.000000000000000000e+00
1.000000000000000000e+00
0.000000000000000000e+00
1.500000000000000000e+01
3.500000000000000000e+01
8.000000000000000000e+00
0.000000000000000000e+00
0.000000000000000000e+00
1.000000000000000000e+00
0.000000000000000000e+00
0.000000000000000000e+00
2.000000000000000000e+00
0.000000000000000000e+00
1.430000000000000000e+02
4.000000000000000000e+00
1.040000000000000000e+02
3.000000000000000000e+00
0.000000000000000000e+00
2.000000000000000000e+00
0.000000000000000000e+00
3.000000000000000000e+00
2.000000000000000000e+00
2.700000000000000000e+01
1.000000000000000000e+00
8.000000000000000000e+00
1.000000000000000000e+00
1.200000000000000000e+01
4.000000000000000000e+00
0.000000000000000000e+00
1.000000000000000000e+00
3.000000000000000000e+00
2.000000000000000000e+00
0.000000000000000000e+00
3.000000000000000000e+00
0.000000000000000000e+00
5.000000000000000000e+00
1.500000000000000000e+01
0.000000000000000000e+00
1.900000000000000000e+01
4.000000000000000000e+00
6.000000000000000000e+00
1.220000000000000000e+02
5.000000000000000000e+00
0.000000000000000000e+00
2.000000000000000000e+00
0.000000000000000000e+00
9.000000000000000000e+00
7.800000000000000000e+01
0.000000000000000000e+00
4.000000000000000000e+00
4.000000000000000000e+00
2.000000000000000000e+00
2.000000000000000000e+00
5.000000000000000000e+00
2.000000000000000000e+00
6.000000000000000000e+00
2.000000000000000000e+00
1.000000000000000000e+01
0.000000000000000000e+00
1.400000000000000000e+01
0.000000000000000000e+00
0.000000000000000000e+00
8.000000000000000000e+00
0.000000000000000000e+00
2.000000000000000000e+01
6.000000000000000000e+00
1.000000000000000000e+00
0.000000000000000000e+00
2.000000000000000000e+00
1.030000000000000000e+02
6.200000000000000000e+01
2.000000000000000000e+00
2.800000000000000000e+01
6.000000000000000000e+00
4.600000000000000000e+01
0.000000000000000000e+00
1.600000000000000000e+01
5.000000000000000000e+00
0.000000000000000000e+00
0.000000000000000000e+00
6.580000000000000000e+02
0.000000000000000000e+00
3.460000000000000000e+02
1.160000000000000000e+02
0.000000000000000000e+00
0.000000000000000000e+00
0.000000000000000000e+00
0.000000000000000000e+00
2.200000000000000000e+01
0.000000000000000000e+00
6.000000000000000000e+00
2.000000000000000000e+00
1.000000000000000000e+01
4.400000000000000000e+01
0.000000000000000000e+00
4.000000000000000000e+00
4.500000000000000000e+01
4.000000000000000000e+00
0.000000000000000000e+00
2.000000000000000000e+00
1.000000000000000000e+00
0.000000000000000000e+00
2.000000000000000000e+00
0.000000000000000000e+00
0.000000000000000000e+00
1.000000000000000000e+00
0.000000000000000000e+00
3.700000000000000000e+01
2.000000000000000000e+00
1.300000000000000000e+01
0.000000000000000000e+00
0.000000000000000000e+00
0.000000000000000000e+00
0.000000000000000000e+00
0.000000000000000000e+00
0.000000000000000000e+00
0.000000000000000000e+00
0.000000000000000000e+00
3.000000000000000000e+00
3.100000000000000000e+01
3.400000000000000000e+01
1.400000000000000000e+01
5.550000000000000000e+02
1.810000000000000000e+02
6.000000000000000000e+00
1.480000000000000000e+02
0.000000000000000000e+00
1.600000000000000000e+01
0.000000000000000000e+00
2.400000000000000000e+01
5.000000000000000000e+00
0.000000000000000000e+00
0.000000000000000000e+00
4.000000000000000000e+00
5.000000000000000000e+01
1.300000000000000000e+01
1.000000000000000000e+00
4.000000000000000000e+00
4.000000000000000000e+00
0.000000000000000000e+00
4.980000000000000000e+02
0.000000000000000000e+00
0.000000000000000000e+00
0.000000000000000000e+00
1.000000000000000000e+01
2.000000000000000000e+00
1.720000000000000000e+02
1.800000000000000000e+01
4.760000000000000000e+02
9.500000000000000000e+01
2.000000000000000000e+00
2.000000000000000000e+00
1.700000000000000000e+01
0.000000000000000000e+00
2.000000000000000000e+00
0.000000000000000000e+00
5.000000000000000000e+00
0.000000000000000000e+00
1.130000000000000000e+02
2.000000000000000000e+00
0.000000000000000000e+00
0.000000000000000000e+00
0.000000000000000000e+00
2.000000000000000000e+00
0.000000000000000000e+00
0.000000000000000000e+00
2.700000000000000000e+01
9.000000000000000000e+00
0.000000000000000000e+00
0.000000000000000000e+00
1.000000000000000000e+00
0.000000000000000000e+00
0.000000000000000000e+00
8.000000000000000000e+00
2.000000000000000000e+00
0.000000000000000000e+00
1.900000000000000000e+01
0.000000000000000000e+00
2.200000000000000000e+01
2.000000000000000000e+00
0.000000000000000000e+00
4.440000000000000000e+02
0.000000000000000000e+00
6.200000000000000000e+01
9.000000000000000000e+01
2.000000000000000000e+00
0.000000000000000000e+00
1.700000000000000000e+02
1.380000000000000000e+02
0.000000000000000000e+00
0.000000000000000000e+00
2.000000000000000000e+00
8.000000000000000000e+00
1.000000000000000000e+00
1.500000000000000000e+01
9.000000000000000000e+00
0.000000000000000000e+00
1.000000000000000000e+00
0.000000000000000000e+00
8.000000000000000000e+00
2.000000000000000000e+00
0.000000000000000000e+00
1.000000000000000000e+01
0.000000000000000000e+00
5.600000000000000000e+01
1.000000000000000000e+00
0.000000000000000000e+00
0.000000000000000000e+00
6.000000000000000000e+00
1.000000000000000000e+00
0.000000000000000000e+00
1.400000000000000000e+01
4.000000000000000000e+00
0.000000000000000000e+00
0.000000000000000000e+00
6.200000000000000000e+01
1.700000000000000000e+01
0.000000000000000000e+00
1.000000000000000000e+00
0.000000000000000000e+00
6.000000000000000000e+00
2.000000000000000000e+00
2.000000000000000000e+00
4.100000000000000000e+01
3.000000000000000000e+00
0.000000000000000000e+00
2.000000000000000000e+00
3.000000000000000000e+00
1.140000000000000000e+02
0.000000000000000000e+00
3.200000000000000000e+01
2.700000000000000000e+01
2.000000000000000000e+00
0.000000000000000000e+00
1.600000000000000000e+01
3.000000000000000000e+00
7.320000000000000000e+02
9.280000000000000000e+02
0.000000000000000000e+00
8.000000000000000000e+00
0.000000000000000000e+00
2.000000000000000000e+00
0.000000000000000000e+00
2.000000000000000000e+00
1.000000000000000000e+01
0.000000000000000000e+00
4.500000000000000000e+01
0.000000000000000000e+00
1.900000000000000000e+01
3.000000000000000000e+00
3.800000000000000000e+01
0.000000000000000000e+00
7.000000000000000000e+00
7.700000000000000000e+01
1.000000000000000000e+01
0.000000000000000000e+00
0.000000000000000000e+00
4.000000000000000000e+01
0.000000000000000000e+00
5.000000000000000000e+00
8.880000000000000000e+02
1.400000000000000000e+01
1.600000000000000000e+01
0.000000000000000000e+00
5.400000000000000000e+01
2.300000000000000000e+01
2.700000000000000000e+01
3.800000000000000000e+01
6.130000000000000000e+02
0.000000000000000000e+00
5.800000000000000000e+01
0.000000000000000000e+00
9.860000000000000000e+02
8.000000000000000000e+00
0.000000000000000000e+00
2.200000000000000000e+01
0.000000000000000000e+00
0.000000000000000000e+00
0.000000000000000000e+00
0.000000000000000000e+00
2.300000000000000000e+01
1.000000000000000000e+01
2.000000000000000000e+00
2.100000000000000000e+01
0.000000000000000000e+00
0.000000000000000000e+00
0.000000000000000000e+00
2.000000000000000000e+00
4.800000000000000000e+01
0.000000000000000000e+00
2.000000000000000000e+00
0.000000000000000000e+00
2.100000000000000000e+01
0.000000000000000000e+00
1.080000000000000000e+02
4.000000000000000000e+00
4.000000000000000000e+00
4.200000000000000000e+01
0.000000000000000000e+00
2.680000000000000000e+02
8.000000000000000000e+00
1.000000000000000000e+00
0.000000000000000000e+00
0.000000000000000000e+00
0.000000000000000000e+00
1.027000000000000000e+03
2.320000000000000000e+02
3.600000000000000000e+01
6.000000000000000000e+00
4.000000000000000000e+00
0.000000000000000000e+00
9.300000000000000000e+01
1.140000000000000000e+02
2.880000000000000000e+02
0.000000000000000000e+00
0.000000000000000000e+00
8.100000000000000000e+01
2.000000000000000000e+00
0.000000000000000000e+00
0.000000000000000000e+00
1.090000000000000000e+02
5.000000000000000000e+00
4.070000000000000000e+02
1.000000000000000000e+00
0.000000000000000000e+00
0.000000000000000000e+00
2.000000000000000000e+00
6.000000000000000000e+00
0.000000000000000000e+00
0.000000000000000000e+00
3.820000000000000000e+02
3.300000000000000000e+02
1.209000000000000000e+03
4.000000000000000000e+00
0.000000000000000000e+00
0.000000000000000000e+00
2.000000000000000000e+00
0.000000000000000000e+00
0.000000000000000000e+00
0.000000000000000000e+00
1.300000000000000000e+01
2.000000000000000000e+00
2.500000000000000000e+01
2.000000000000000000e+00
1.200000000000000000e+01
1.972000000000000000e+03
0.000000000000000000e+00
5.400000000000000000e+01
0.000000000000000000e+00
0.000000000000000000e+00
0.000000000000000000e+00
0.000000000000000000e+00
1.400000000000000000e+01
3.000000000000000000e+00
1.300000000000000000e+01
2.730000000000000000e+02
0.000000000000000000e+00
6.000000000000000000e+00
6.000000000000000000e+00
6.000000000000000000e+00
3.000000000000000000e+00
0.000000000000000000e+00
0.000000000000000000e+00
0.000000000000000000e+00
0.000000000000000000e+00
4.300000000000000000e+01
3.400000000000000000e+01
6.300000000000000000e+01
6.000000000000000000e+00
1.050000000000000000e+02
0.000000000000000000e+00
2.000000000000000000e+00
1.758000000000000000e+03
1.190000000000000000e+02
2.700000000000000000e+02
2.000000000000000000e+00
5.000000000000000000e+00
4.000000000000000000e+00
1.000000000000000000e+01
0.000000000000000000e+00
9.000000000000000000e+00
1.144000000000000000e+03
0.000000000000000000e+00
9.000000000000000000e+00
9.000000000000000000e+00
3.185000000000000000e+03
6.000000000000000000e+00
0.000000000000000000e+00
6.000000000000000000e+01
9.900000000000000000e+01
1.000000000000000000e+00
6.200000000000000000e+01
2.660000000000000000e+02
0.000000000000000000e+00
0.000000000000000000e+00
1.000000000000000000e+00
0.000000000000000000e+00
8.300000000000000000e+01
3.000000000000000000e+00
0.000000000000000000e+00
0.000000000000000000e+00
8.200000000000000000e+01
3.300000000000000000e+01
2.000000000000000000e+00
1.130000000000000000e+02
0.000000000000000000e+00
0.000000000000000000e+00
5.000000000000000000e+00
0.000000000000000000e+00
3.000000000000000000e+00
2.200000000000000000e+01
2.500000000000000000e+01
5.970000000000000000e+02
0.000000000000000000e+00
0.000000000000000000e+00
2.600000000000000000e+01
3.000000000000000000e+00
9.000000000000000000e+00
7.120000000000000000e+02
6.000000000000000000e+00
4.000000000000000000e+00
0.000000000000000000e+00
8.000000000000000000e+00
1.500000000000000000e+01
0.000000000000000000e+00
4.560000000000000000e+02
3.200000000000000000e+02
6.000000000000000000e+00
1.750000000000000000e+02
6.000000000000000000e+00
3.000000000000000000e+00
2.400000000000000000e+02
2.700000000000000000e+01
1.900000000000000000e+01
1.200000000000000000e+01
0.000000000000000000e+00
5.000000000000000000e+00
5.000000000000000000e+00
3.000000000000000000e+00
0.000000000000000000e+00
5.200000000000000000e+01
8.000000000000000000e+01
3.400000000000000000e+01
1.620000000000000000e+02
2.000000000000000000e+00
3.170000000000000000e+02
1.800000000000000000e+01
1.300000000000000000e+01
4.100000000000000000e+01
1.000000000000000000e+00
0.000000000000000000e+00
6.500000000000000000e+02
6.500000000000000000e+01
9.000000000000000000e+00
0.000000000000000000e+00
1.270000000000000000e+02
1.400000000000000000e+01
0.000000000000000000e+00
3.800000000000000000e+01
2.000000000000000000e+00
1.600000000000000000e+01
1.390000000000000000e+02
4.270000000000000000e+02
6.900000000000000000e+01
1.200000000000000000e+01
7.600000000000000000e+01
2.000000000000000000e+00
4.400000000000000000e+01
4.000000000000000000e+00
0.000000000000000000e+00
0.000000000000000000e+00
1.200000000000000000e+01
1.200000000000000000e+01
1.550000000000000000e+02
1.000000000000000000e+00
1.000000000000000000e+01
0.000000000000000000e+00
0.000000000000000000e+00
5.000000000000000000e+00
3.000000000000000000e+00
8.000000000000000000e+00
0.000000000000000000e+00
3.000000000000000000e+00
0.000000000000000000e+00
1.000000000000000000e+01
1.000000000000000000e+00
4.000000000000000000e+00
1.310000000000000000e+02
5.899000000000000000e+03
1.910000000000000000e+02
0.000000000000000000e+00
4.773000000000000000e+03
0.000000000000000000e+00
1.417000000000000000e+03
2.000000000000000000e+00
2.000000000000000000e+00
4.000000000000000000e+00
2.800000000000000000e+01
0.000000000000000000e+00
1.160000000000000000e+02
0.000000000000000000e+00
0.000000000000000000e+00
1.400000000000000000e+01
8.400000000000000000e+01
6.000000000000000000e+00
2.250000000000000000e+02
2.000000000000000000e+00
3.000000000000000000e+00
0.000000000000000000e+00
7.000000000000000000e+00
0.000000000000000000e+00
3.880000000000000000e+02
0.000000000000000000e+00
3.000000000000000000e+00
0.000000000000000000e+00
3.000000000000000000e+01
8.700000000000000000e+01
4.000000000000000000e+00
4.800000000000000000e+01
0.000000000000000000e+00
0.000000000000000000e+00
1.400000000000000000e+01
0.000000000000000000e+00
0.000000000000000000e+00
1.200000000000000000e+01
0.000000000000000000e+00
4.300000000000000000e+01
0.000000000000000000e+00
2.140000000000000000e+02
2.600000000000000000e+01
7.100000000000000000e+01
1.580000000000000000e+03
8.570000000000000000e+02
5.000000000000000000e+00
6.000000000000000000e+00
6.000000000000000000e+00
1.300000000000000000e+02
2.000000000000000000e+00
6.300000000000000000e+01
0.000000000000000000e+00
1.500000000000000000e+01
2.920000000000000000e+02
0.000000000000000000e+00
0.000000000000000000e+00
9.000000000000000000e+00
3.000000000000000000e+00
0.000000000000000000e+00
2.000000000000000000e+00
0.000000000000000000e+00
1.000000000000000000e+00
1.300000000000000000e+01
6.400000000000000000e+01
6.000000000000000000e+00
1.000000000000000000e+01
3.000000000000000000e+00
0.000000000000000000e+00
0.000000000000000000e+00
0.000000000000000000e+00
0.000000000000000000e+00
0.000000000000000000e+00
1.294000000000000000e+03
1.000000000000000000e+00
1.008000000000000000e+03
0.000000000000000000e+00
1.000000000000000000e+01
2.800000000000000000e+01
1.000000000000000000e+01
1.290000000000000000e+02
3.000000000000000000e+00
7.000000000000000000e+00
2.570000000000000000e+02
0.000000000000000000e+00
2.561000000000000000e+03
8.640000000000000000e+02
0.000000000000000000e+00
8.000000000000000000e+00
0.000000000000000000e+00
5.810000000000000000e+02
0.000000000000000000e+00
6.000000000000000000e+00
1.000000000000000000e+00
0.000000000000000000e+00
0.000000000000000000e+00
5.000000000000000000e+00
8.000000000000000000e+00
4.100000000000000000e+01
8.000000000000000000e+00
5.000000000000000000e+00
2.000000000000000000e+00
1.900000000000000000e+01
0.000000000000000000e+00
0.000000000000000000e+00
1.000000000000000000e+00
2.000000000000000000e+00
1.180000000000000000e+03
3.543000000000000000e+03
2.000000000000000000e+00
0.000000000000000000e+00
5.000000000000000000e+00
1.000000000000000000e+00
1.170000000000000000e+02
1.200000000000000000e+01
1.540000000000000000e+02
4.000000000000000000e+00
2.000000000000000000e+01
8.509000000000000000e+03
1.000000000000000000e+00
0.000000000000000000e+00
8.300000000000000000e+01
0.000000000000000000e+00
0.000000000000000000e+00
5.000000000000000000e+00
0.000000000000000000e+00
9.600000000000000000e+01
2.350000000000000000e+02
1.000000000000000000e+00
0.000000000000000000e+00
6.563000000000000000e+03
3.160000000000000000e+02
5.800000000000000000e+01
2.000000000000000000e+00
8.200000000000000000e+01
1.000000000000000000e+01
6.000000000000000000e+00
0.000000000000000000e+00
1.000000000000000000e+00
0.000000000000000000e+00
0.000000000000000000e+00
0.000000000000000000e+00
1.390000000000000000e+02
2.930000000000000000e+02
0.000000000000000000e+00
0.000000000000000000e+00
2.000000000000000000e+00
1.370000000000000000e+02
2.000000000000000000e+00
0.000000000000000000e+00
6.200000000000000000e+01
5.000000000000000000e+00
1.740000000000000000e+02
0.000000000000000000e+00
0.000000000000000000e+00
1.000000000000000000e+01
4.000000000000000000e+00
0.000000000000000000e+00
8.900000000000000000e+01
0.000000000000000000e+00
1.900000000000000000e+01
0.000000000000000000e+00
2.400000000000000000e+01
3.012000000000000000e+03
0.000000000000000000e+00
0.000000000000000000e+00
8.000000000000000000e+00
0.000000000000000000e+00
0.000000000000000000e+00
0.000000000000000000e+00
1.700000000000000000e+01
0.000000000000000000e+00
5.000000000000000000e+01
1.200000000000000000e+01
0.000000000000000000e+00
8.000000000000000000e+00
1.450000000000000000e+02
4.000000000000000000e+00
0.000000000000000000e+00
0.000000000000000000e+00
0.000000000000000000e+00
8.080000000000000000e+02
8.000000000000000000e+00
0.000000000000000000e+00
0.000000000000000000e+00
2.000000000000000000e+00
9.300000000000000000e+01
2.000000000000000000e+01
2.600000000000000000e+01
0.000000000000000000e+00
1.200000000000000000e+01
0.000000000000000000e+00
1.000000000000000000e+00
6.200000000000000000e+01
2.600000000000000000e+01
2.000000000000000000e+00
9.900000000000000000e+01
5.000000000000000000e+00
6.460000000000000000e+03
2.000000000000000000e+00
8.000000000000000000e+01
3.700000000000000000e+01
0.000000000000000000e+00
2.160000000000000000e+02
0.000000000000000000e+00
1.000000000000000000e+00
0.000000000000000000e+00
2.000000000000000000e+00
0.000000000000000000e+00
0.000000000000000000e+00
3.000000000000000000e+00
1.900000000000000000e+01
4.410000000000000000e+02
5.000000000000000000e+01
0.000000000000000000e+00
0.000000000000000000e+00
1.530000000000000000e+02
4.290000000000000000e+02
1.400000000000000000e+01
1.000000000000000000e+00
2.100000000000000000e+01
0.000000000000000000e+00
1.274000000000000000e+03
5.000000000000000000e+00
6.000000000000000000e+00
0.000000000000000000e+00
4.000000000000000000e+00
3.900000000000000000e+01
6.000000000000000000e+00
4.000000000000000000e+00
5.650000000000000000e+02
0.000000000000000000e+00
1.992800000000000000e+04
1.800000000000000000e+01
0.000000000000000000e+00
1.487000000000000000e+03
0.000000000000000000e+00
7.000000000000000000e+00
1.800000000000000000e+01
0.000000000000000000e+00
1.000000000000000000e+01
0.000000000000000000e+00
5.000000000000000000e+00
0.000000000000000000e+00
0.000000000000000000e+00
0.000000000000000000e+00
6.000000000000000000e+00
2.060000000000000000e+02
1.880000000000000000e+02
1.000000000000000000e+01
5.000000000000000000e+00
2.000000000000000000e+00
1.100000000000000000e+01
1.160000000000000000e+02
2.476000000000000000e+03
0.000000000000000000e+00
1.400000000000000000e+01
2.000000000000000000e+00
8.100000000000000000e+01
0.000000000000000000e+00
1.440000000000000000e+02
5.000000000000000000e+00
0.000000000000000000e+00
1.600000000000000000e+01
0.000000000000000000e+00
2.400000000000000000e+01
0.000000000000000000e+00
1.400000000000000000e+01
0.000000000000000000e+00
1.269000000000000000e+03
2.600000000000000000e+01
9.060000000000000000e+02
0.000000000000000000e+00
3.500000000000000000e+01
6.670000000000000000e+02
0.000000000000000000e+00
0.000000000000000000e+00
0.000000000000000000e+00
2.000000000000000000e+00
4.000000000000000000e+00
4.860000000000000000e+02
1.000000000000000000e+00
6.000000000000000000e+00
9.000000000000000000e+01
2.000000000000000000e+00
0.000000000000000000e+00
0.000000000000000000e+00
1.400000000000000000e+01
0.000000000000000000e+00
2.250000000000000000e+02
0.000000000000000000e+00
4.000000000000000000e+00
1.240000000000000000e+02
7.000000000000000000e+01
3.400000000000000000e+01
0.000000000000000000e+00
0.000000000000000000e+00
1.000000000000000000e+00
0.000000000000000000e+00
9.000000000000000000e+00
3.530000000000000000e+02
1.480000000000000000e+02
8.000000000000000000e+00
5.500000000000000000e+01
1.400000000000000000e+01
4.260000000000000000e+02
0.000000000000000000e+00
9.500000000000000000e+01
0.000000000000000000e+00
6.000000000000000000e+00
0.000000000000000000e+00
1.360000000000000000e+02
9.000000000000000000e+00
1.870000000000000000e+02
3.100000000000000000e+01
2.350000000000000000e+02
0.000000000000000000e+00
0.000000000000000000e+00
1.421400000000000000e+04
5.000000000000000000e+00
5.000000000000000000e+00
1.000000000000000000e+00
0.000000000000000000e+00
4.000000000000000000e+00
6.500000000000000000e+01
3.760000000000000000e+02
1.500000000000000000e+01
8.200000000000000000e+01
8.000000000000000000e+00
2.000000000000000000e+00
7.190000000000000000e+02
0.000000000000000000e+00
2.300000000000000000e+01
1.000000000000000000e+00
2.000000000000000000e+00
0.000000000000000000e+00
0.000000000000000000e+00
5.300000000000000000e+01
0.000000000000000000e+00
0.000000000000000000e+00
7.493000000000000000e+03
1.200000000000000000e+01
2.200000000000000000e+01
1.703000000000000000e+04
7.800000000000000000e+01
2.000000000000000000e+01
2.000000000000000000e+00
2.125000000000000000e+03
6.866000000000000000e+03
6.000000000000000000e+00
0.000000000000000000e+00
1.774000000000000000e+03
1.000000000000000000e+00
0.000000000000000000e+00
0.000000000000000000e+00
4.000000000000000000e+02
5.800000000000000000e+01
0.000000000000000000e+00
3.000000000000000000e+00
1.000000000000000000e+00
9.000000000000000000e+00
4.000000000000000000e+00
1.000000000000000000e+00
1.090000000000000000e+02
3.217000000000000000e+03
2.900000000000000000e+01
4.000000000000000000e+00
2.000000000000000000e+01
2.000000000000000000e+00
3.300000000000000000e+01
0.000000000000000000e+00
0.000000000000000000e+00
2.160000000000000000e+02
2.000000000000000000e+00
0.000000000000000000e+00
1.500000000000000000e+01
1.530000000000000000e+02
0.000000000000000000e+00
0.000000000000000000e+00
0.000000000000000000e+00
1.500000000000000000e+01
6.678000000000000000e+03
4.700000000000000000e+01
4.900000000000000000e+01
1.500000000000000000e+01
2.000000000000000000e+00
0.000000000000000000e+00
1.060000000000000000e+02
4.880000000000000000e+02
0.000000000000000000e+00
1.266000000000000000e+03
1.070000000000000000e+02
2.500000000000000000e+01
1.000000000000000000e+01
6.000000000000000000e+00
1.200000000000000000e+01
0.000000000000000000e+00
9.500000000000000000e+01
3.700000000000000000e+01
0.000000000000000000e+00
0.000000000000000000e+00
1.600000000000000000e+01
0.000000000000000000e+00
0.000000000000000000e+00
1.600000000000000000e+01
0.000000000000000000e+00
7.000000000000000000e+00
1.800000000000000000e+01
8.000000000000000000e+00
2.000000000000000000e+00
0.000000000000000000e+00
4.700000000000000000e+01
0.000000000000000000e+00
5.000000000000000000e+00
1.000000000000000000e+00
0.000000000000000000e+00
1.580000000000000000e+02
4.000000000000000000e+00
5.000000000000000000e+00
0.000000000000000000e+00
1.059000000000000000e+03
1.030000000000000000e+02
0.000000000000000000e+00
4.900000000000000000e+01
0.000000000000000000e+00
0.000000000000000000e+00
2.744300000000000000e+04
8.000000000000000000e+00
2.000000000000000000e+00
2.700000000000000000e+01
1.590000000000000000e+02
6.100000000000000000e+01
1.000000000000000000e+00
1.000000000000000000e+01
3.000000000000000000e+00
1.100000000000000000e+01
3.000000000000000000e+00
2.300000000000000000e+01
0.000000000000000000e+00
7.000000000000000000e+00
2.000000000000000000e+00
2.000000000000000000e+00
2.000000000000000000e+00
0.000000000000000000e+00
0.000000000000000000e+00
4.000000000000000000e+00
2.710000000000000000e+02
0.000000000000000000e+00
0.000000000000000000e+00
2.700000000000000000e+01
0.000000000000000000e+00
1.000000000000000000e+00
4.220000000000000000e+02
7.091000000000000000e+03
3.000000000000000000e+00
2.437900000000000000e+04
1.181000000000000000e+03
2.000000000000000000e+00
4.000000000000000000e+00
0.000000000000000000e+00
0.000000000000000000e+00
0.000000000000000000e+00
6.000000000000000000e+00
2.700000000000000000e+01
1.438000000000000000e+03
1.000000000000000000e+01
4.000000000000000000e+01
0.000000000000000000e+00
1.524000000000000000e+03
1.340000000000000000e+02
0.000000000000000000e+00
3.535000000000000000e+03
1.300000000000000000e+01
6.800000000000000000e+01
0.000000000000000000e+00
7.000000000000000000e+00
6.200000000000000000e+01
1.300000000000000000e+01
1.000000000000000000e+00
0.000000000000000000e+00
2.000000000000000000e+00
0.000000000000000000e+00
0.000000000000000000e+00
1.600000000000000000e+01
2.000000000000000000e+00
0.000000000000000000e+00
8.960000000000000000e+02
1.900000000000000000e+02
1.000000000000000000e+01
6.789000000000000000e+03
1.200000000000000000e+01
7.000000000000000000e+00
9.800000000000000000e+01
2.520000000000000000e+02
8.900000000000000000e+01
1.699000000000000000e+03
6.090000000000000000e+02
0.000000000000000000e+00
9.000000000000000000e+00
0.000000000000000000e+00
3.000000000000000000e+00
1.000000000000000000e+01
6.000000000000000000e+01
0.000000000000000000e+00
0.000000000000000000e+00
4.000000000000000000e+00
5.000000000000000000e+00
2.100000000000000000e+01
1.300000000000000000e+01
0.000000000000000000e+00
8.400000000000000000e+01
5.000000000000000000e+00
4.185000000000000000e+03
7.200000000000000000e+01
4.510000000000000000e+02
0.000000000000000000e+00
1.300000000000000000e+01
3.100000000000000000e+01
2.800000000000000000e+01
2.300000000000000000e+01
4.300000000000000000e+01
7.000000000000000000e+00
1.000000000000000000e+00
1.600000000000000000e+01
0.000000000000000000e+00
2.400000000000000000e+01
5.069000000000000000e+03
1.804000000000000000e+03
3.200000000000000000e+01
0.000000000000000000e+00
6.620000000000000000e+02
2.000000000000000000e+00
0.000000000000000000e+00
0.000000000000000000e+00
3.000000000000000000e+00
1.690000000000000000e+02
0.000000000000000000e+00
0.000000000000000000e+00
1.000000000000000000e+00
0.000000000000000000e+00
7.000000000000000000e+01
3.420000000000000000e+02
7.000000000000000000e+00
7.100000000000000000e+01
5.000000000000000000e+00
1.000000000000000000e+00
5.000000000000000000e+01
1.100000000000000000e+01
9.000000000000000000e+00
6.892000000000000000e+03
1.760000000000000000e+02
0.000000000000000000e+00
7.800000000000000000e+02
2.000000000000000000e+00
2.000000000000000000e+00
1.010000000000000000e+02
1.580000000000000000e+02
0.000000000000000000e+00
0.000000000000000000e+00
0.000000000000000000e+00
9.000000000000000000e+00
2.000000000000000000e+00
6.000000000000000000e+00
1.500000000000000000e+02
0.000000000000000000e+00
7.894000000000000000e+03
1.225000000000000000e+03
0.000000000000000000e+00
7.000000000000000000e+00
9.620000000000000000e+02
9.000000000000000000e+00
1.300000000000000000e+01
1.424800000000000000e+04
4.000000000000000000e+00
9.800000000000000000e+01
0.000000000000000000e+00
2.300000000000000000e+01
1.950000000000000000e+02
2.170000000000000000e+02
1.100000000000000000e+01
0.000000000000000000e+00
7.060000000000000000e+02
0.000000000000000000e+00
0.000000000000000000e+00
2.000000000000000000e+00
1.670000000000000000e+02
4.000000000000000000e+00
4.100000000000000000e+01
8.300000000000000000e+01
0.000000000000000000e+00
1.900000000000000000e+01
0.000000000000000000e+00
0.000000000000000000e+00
1.550000000000000000e+02
2.200000000000000000e+01
1.700000000000000000e+01
4.082000000000000000e+03
7.560000000000000000e+02
3.800000000000000000e+01
1.000000000000000000e+00
0.000000000000000000e+00
2.000000000000000000e+00
7.000000000000000000e+00
0.000000000000000000e+00
1.800000000000000000e+01
0.000000000000000000e+00
3.026000000000000000e+03
0.000000000000000000e+00
2.000000000000000000e+00
0.000000000000000000e+00
6.000000000000000000e+00
3.000000000000000000e+01
3.100000000000000000e+01
3.000000000000000000e+00
2.000000000000000000e+00
3.788500000000000000e+04
3.170000000000000000e+02
2.700000000000000000e+01
8.900000000000000000e+01
0.000000000000000000e+00
1.000000000000000000e+00
0.000000000000000000e+00
2.100000000000000000e+01
3.000000000000000000e+00
0.000000000000000000e+00
1.750000000000000000e+02
0.000000000000000000e+00
1.304000000000000000e+04
3.400000000000000000e+01
8.900000000000000000e+01
9.112000000000000000e+03
5.600000000000000000e+01
5.000000000000000000e+00
1.810000000000000000e+02
1.100000000000000000e+01
2.100000000000000000e+01
1.000000000000000000e+00
2.320000000000000000e+02
4.000000000000000000e+00
5.000000000000000000e+00
0.000000000000000000e+00
1.900000000000000000e+01
3.900000000000000000e+01
5.000000000000000000e+00
3.310000000000000000e+02
2.580000000000000000e+02
5.000000000000000000e+00
0.000000000000000000e+00
0.000000000000000000e+00
2.510000000000000000e+02
8.000000000000000000e+00
2.013100000000000000e+04
0.000000000000000000e+00
4.900000000000000000e+01
0.000000000000000000e+00
2.800000000000000000e+01
1.200000000000000000e+01
0.000000000000000000e+00
3.340000000000000000e+02
0.000000000000000000e+00
0.000000000000000000e+00
0.000000000000000000e+00
8.700000000000000000e+01
0.000000000000000000e+00
1.000000000000000000e+00
9.000000000000000000e+00
0.000000000000000000e+00
2.000000000000000000e+00
0.000000000000000000e+00
1.330000000000000000e+02
4.000000000000000000e+00
1.560000000000000000e+02
0.000000000000000000e+00
2.000000000000000000e+00
6.000000000000000000e+00
0.000000000000000000e+00
3.400000000000000000e+01
8.000000000000000000e+00
1.000000000000000000e+00
0.000000000000000000e+00
1.100000000000000000e+01
5.000000000000000000e+00
7.495000000000000000e+03
1.000000000000000000e+01
0.000000000000000000e+00
2.100000000000000000e+01
1.100000000000000000e+01
0.000000000000000000e+00
5.000000000000000000e+00
0.000000000000000000e+00
9.000000000000000000e+00
0.000000000000000000e+00
5.236000000000000000e+03
3.000000000000000000e+00
7.470000000000000000e+02
6.000000000000000000e+01
0.000000000000000000e+00
1.021000000000000000e+03
2.842000000000000000e+03
0.000000000000000000e+00
1.800000000000000000e+01
6.570000000000000000e+02
1.118100000000000000e+04
4.410000000000000000e+03
3.200000000000000000e+01
4.260000000000000000e+02
3.480000000000000000e+02
1.000000000000000000e+00
1.000000000000000000e+00
1.733000000000000000e+03
9.000000000000000000e+00
0.000000000000000000e+00
9.000000000000000000e+01
0.000000000000000000e+00
1.900000000000000000e+01
3.000000000000000000e+00
1.100000000000000000e+01
2.400000000000000000e+01
5.500000000000000000e+01
1.000000000000000000e+00
1.786000000000000000e+03
0.000000000000000000e+00
0.000000000000000000e+00
0.000000000000000000e+00
1.254000000000000000e+03
1.900000000000000000e+01
0.000000000000000000e+00
5.000000000000000000e+00
3.300000000000000000e+01
1.200000000000000000e+01
9.530000000000000000e+02
2.000000000000000000e+00
6.000000000000000000e+00
1.840000000000000000e+02
1.000000000000000000e+00
4.400000000000000000e+01
0.000000000000000000e+00
0.000000000000000000e+00
4.000000000000000000e+00
1.430700000000000000e+04
0.000000000000000000e+00
6.000000000000000000e+00
3.800000000000000000e+01
3.200000000000000000e+01
0.000000000000000000e+00
0.000000000000000000e+00
2.000000000000000000e+00
0.000000000000000000e+00
5.950000000000000000e+02
3.000000000000000000e+00
2.270000000000000000e+02
2.260000000000000000e+02
2.000000000000000000e+00
0.000000000000000000e+00
1.459000000000000000e+03
0.000000000000000000e+00
0.000000000000000000e+00
1.175000000000000000e+03
1.356000000000000000e+03
0.000000000000000000e+00
2.500000000000000000e+01
0.000000000000000000e+00
1.240000000000000000e+02
0.000000000000000000e+00
1.400000000000000000e+01
1.000000000000000000e+00
2.400000000000000000e+01
0.000000000000000000e+00
6.000000000000000000e+00
0.000000000000000000e+00
0.000000000000000000e+00
2.500000000000000000e+02
8.000000000000000000e+00
1.000000000000000000e+00
2.850000000000000000e+02
0.000000000000000000e+00
2.000000000000000000e+00
1.487000000000000000e+03
2.000000000000000000e+00
2.000000000000000000e+00
1.242000000000000000e+03
6.220000000000000000e+02
0.000000000000000000e+00
7.000000000000000000e+01
0.000000000000000000e+00
1.000000000000000000e+00
5.000000000000000000e+00
1.130000000000000000e+02
8.000000000000000000e+00
1.300000000000000000e+01
1.000000000000000000e+01
2.000000000000000000e+00
4.000000000000000000e+00
1.211000000000000000e+04
9.000000000000000000e+00
9.000000000000000000e+00
9.270000000000000000e+02
8.410000000000000000e+02
2.700000000000000000e+01
2.000000000000000000e+00
1.900000000000000000e+01
0.000000000000000000e+00
3.000000000000000000e+00
3.000000000000000000e+00
3.300000000000000000e+01
0.000000000000000000e+00
4.200000000000000000e+01
1.000000000000000000e+01
1.000000000000000000e+00
2.640000000000000000e+02
6.570000000000000000e+02
7.000000000000000000e+00
6.200000000000000000e+01
8.000000000000000000e+00
2.000000000000000000e+00
6.600000000000000000e+01
0.000000000000000000e+00
0.000000000000000000e+00
0.000000000000000000e+00
1.792000000000000000e+03
0.000000000000000000e+00
1.231000000000000000e+03
3.158000000000000000e+03
2.000000000000000000e+00
2.100000000000000000e+01
6.210000000000000000e+02
1.110000000000000000e+02
4.100000000000000000e+01
4.110000000000000000e+03
4.000000000000000000e+01
1.000000000000000000e+00
2.000000000000000000e+00
1.100000000000000000e+01
5.000000000000000000e+00
6.000000000000000000e+00
0.000000000000000000e+00
5.000000000000000000e+00
5.900000000000000000e+01
0.000000000000000000e+00
1.013000000000000000e+03
7.000000000000000000e+00
4.000000000000000000e+00
2.200000000000000000e+01
1.600000000000000000e+01
4.030000000000000000e+02
0.000000000000000000e+00
0.000000000000000000e+00
1.440000000000000000e+02
2.600000000000000000e+01
0.000000000000000000e+00
2.000000000000000000e+00
0.000000000000000000e+00
4.000000000000000000e+00
1.100000000000000000e+01
1.400000000000000000e+02
6.100000000000000000e+01
0.000000000000000000e+00
5.600000000000000000e+01
4.000000000000000000e+00
1.000000000000000000e+00
0.000000000000000000e+00
1.200000000000000000e+01
6.000000000000000000e+00
4.500000000000000000e+01
0.000000000000000000e+00
0.000000000000000000e+00
1.424000000000000000e+03
1.600000000000000000e+01
4.900000000000000000e+01
4.989000000000000000e+03
5.000000000000000000e+00
3.500000000000000000e+01
0.000000000000000000e+00
1.000000000000000000e+01
9.000000000000000000e+00
0.000000000000000000e+00
2.000000000000000000e+00
2.700000000000000000e+01
3.500000000000000000e+01
1.000000000000000000e+02
1.200000000000000000e+01
2.000000000000000000e+01
5.400000000000000000e+01
2.800000000000000000e+01
0.000000000000000000e+00
3.840000000000000000e+02
4.400000000000000000e+01
3.800000000000000000e+01
4.000000000000000000e+00
3.360000000000000000e+02
0.000000000000000000e+00
8.000000000000000000e+00
0.000000000000000000e+00
2.320000000000000000e+02
9.600000000000000000e+01
2.000000000000000000e+00
2.300000000000000000e+01
0.000000000000000000e+00
0.000000000000000000e+00
0.000000000000000000e+00
0.000000000000000000e+00
1.050000000000000000e+02
1.450000000000000000e+02
2.000000000000000000e+00
9.810000000000000000e+02
5.500000000000000000e+01
4.320000000000000000e+02
2.110000000000000000e+02
1.515000000000000000e+03
0.000000000000000000e+00
0.000000000000000000e+00
1.454500000000000000e+04
5.000000000000000000e+00
1.000000000000000000e+00
3.300000000000000000e+01
7.000000000000000000e+00
2.650000000000000000e+02
3.000000000000000000e+00
0.000000000000000000e+00
9.540000000000000000e+02
3.300000000000000000e+01
1.000000000000000000e+00
1.000000000000000000e+00
1.300000000000000000e+01
4.000000000000000000e+00
0.000000000000000000e+00
7.951000000000000000e+03
0.000000000000000000e+00
0.000000000000000000e+00
3.350000000000000000e+02
0.000000000000000000e+00
6.529000000000000000e+03
5.200000000000000000e+02
0.000000000000000000e+00
1.900000000000000000e+01
0.000000000000000000e+00
4.000000000000000000e+00
0.000000000000000000e+00
1.000000000000000000e+00
0.000000000000000000e+00
1.410000000000000000e+02
1.051000000000000000e+03
9.000000000000000000e+00
0.000000000000000000e+00
0.000000000000000000e+00
0.000000000000000000e+00
8.900000000000000000e+01
6.560000000000000000e+02
2.700000000000000000e+01
3.000000000000000000e+00
2.360000000000000000e+02
3.200000000000000000e+01
1.000000000000000000e+00
2.900000000000000000e+01
1.000000000000000000e+01
0.000000000000000000e+00
3.000000000000000000e+00
5.397000000000000000e+03
1.000000000000000000e+00
1.250000000000000000e+02
1.050000000000000000e+02
1.000000000000000000e+00
2.129000000000000000e+04
5.000000000000000000e+00
1.800000000000000000e+03
4.900000000000000000e+01
0.000000000000000000e+00
3.000000000000000000e+01
2.000000000000000000e+00
3.000000000000000000e+01
6.000000000000000000e+00
1.700000000000000000e+01
0.000000000000000000e+00
0.000000000000000000e+00
7.870000000000000000e+02
9.720000000000000000e+02
0.000000000000000000e+00
5.922000000000000000e+03
9.000000000000000000e+00
0.000000000000000000e+00
0.000000000000000000e+00
1.060000000000000000e+02
6.141000000000000000e+03
0.000000000000000000e+00
0.000000000000000000e+00
1.900000000000000000e+01
0.000000000000000000e+00
1.900000000000000000e+02
1.500000000000000000e+01
0.000000000000000000e+00
0.000000000000000000e+00
0.000000000000000000e+00
5.600000000000000000e+01
1.260000000000000000e+03
2.000000000000000000e+00
0.000000000000000000e+00
4.000000000000000000e+00
3.100000000000000000e+01
1.200000000000000000e+01
6.000000000000000000e+00
9.900000000000000000e+01
0.000000000000000000e+00
0.000000000000000000e+00
6.109000000000000000e+03
8.390000000000000000e+02
9.000000000000000000e+00
2.000000000000000000e+00
0.000000000000000000e+00
0.000000000000000000e+00
6.050000000000000000e+02
0.000000000000000000e+00
0.000000000000000000e+00
1.240000000000000000e+02
0.000000000000000000e+00
0.000000000000000000e+00
1.000000000000000000e+01
1.000000000000000000e+01
4.550000000000000000e+02
0.000000000000000000e+00
5.240000000000000000e+02
0.000000000000000000e+00
2.200000000000000000e+01
0.000000000000000000e+00
2.500000000000000000e+01
5.400000000000000000e+01
0.000000000000000000e+00
0.000000000000000000e+00
0.000000000000000000e+00
6.590000000000000000e+02
4.000000000000000000e+01
3.230000000000000000e+02
2.400000000000000000e+01
0.000000000000000000e+00
3.024500000000000000e+04
3.922000000000000000e+03
2.100000000000000000e+01
1.000000000000000000e+01
0.000000000000000000e+00
3.409000000000000000e+03
1.000000000000000000e+00
9.100000000000000000e+01
1.550000000000000000e+02
6.000000000000000000e+00
2.000000000000000000e+01
0.000000000000000000e+00
0.000000000000000000e+00
2.480000000000000000e+02
5.900000000000000000e+01
1.000000000000000000e+00
3.700000000000000000e+01
1.400000000000000000e+01
1.000000000000000000e+01
5.000000000000000000e+00
2.000000000000000000e+01
3.630000000000000000e+02
0.000000000000000000e+00
1.000000000000000000e+01
3.085000000000000000e+03
3.000000000000000000e+00
0.000000000000000000e+00
2.000000000000000000e+00
4.700000000000000000e+01
4.000000000000000000e+00
5.600000000000000000e+01
6.000000000000000000e+00
8.170000000000000000e+02
1.460000000000000000e+02
0.000000000000000000e+00
0.000000000000000000e+00
3.000000000000000000e+00
0.000000000000000000e+00
2.000000000000000000e+00
1.600000000000000000e+01
2.000000000000000000e+01
0.000000000000000000e+00
1.950000000000000000e+02
0.000000000000000000e+00
5.360000000000000000e+02
1.000000000000000000e+00
5.000000000000000000e+00
0.000000000000000000e+00
9.830000000000000000e+02
0.000000000000000000e+00
0.000000000000000000e+00
0.000000000000000000e+00
4.094900000000000000e+04
1.170000000000000000e+02
9.160000000000000000e+02
0.000000000000000000e+00
7.200000000000000000e+01
6.770000000000000000e+02
0.000000000000000000e+00
0.000000000000000000e+00
5.000000000000000000e+01
1.000000000000000000e+00
7.000000000000000000e+00
0.000000000000000000e+00
0.000000000000000000e+00
4.900000000000000000e+01
3.000000000000000000e+01
0.000000000000000000e+00
0.000000000000000000e+00
2.000000000000000000e+00
2.000000000000000000e+00
2.183200000000000000e+04
0.000000000000000000e+00
8.000000000000000000e+00
3.000000000000000000e+00
8.000000000000000000e+00
1.300000000000000000e+01
1.080000000000000000e+02
2.830000000000000000e+02
1.630000000000000000e+02
3.000000000000000000e+00
4.000000000000000000e+00
2.000000000000000000e+00
1.028000000000000000e+03
2.200000000000000000e+01
1.040000000000000000e+02
0.000000000000000000e+00
2.206000000000000000e+03
1.000000000000000000e+00
0.000000000000000000e+00
0.000000000000000000e+00
0.000000000000000000e+00
3.000000000000000000e+00
4.000000000000000000e+00
4.000000000000000000e+00
0.000000000000000000e+00
3.300000000000000000e+01
1.340000000000000000e+02
8.000000000000000000e+00
1.610000000000000000e+02
2.000000000000000000e+00
0.000000000000000000e+00
3.000000000000000000e+00
2.000000000000000000e+00
0.000000000000000000e+00
0.000000000000000000e+00
0.000000000000000000e+00
6.000000000000000000e+00
0.000000000000000000e+00
5.680000000000000000e+02
3.562400000000000000e+04
1.540000000000000000e+02
0.000000000000000000e+00
0.000000000000000000e+00
2.650000000000000000e+02
5.200000000000000000e+01
4.900000000000000000e+01
2.500000000000000000e+01
0.000000000000000000e+00
1.500000000000000000e+01
0.000000000000000000e+00
2.000000000000000000e+00
0.000000000000000000e+00
5.000000000000000000e+00
7.800000000000000000e+01
0.000000000000000000e+00
1.900000000000000000e+01
1.000000000000000000e+00
8.000000000000000000e+00
0.000000000000000000e+00
7.000000000000000000e+00
0.000000000000000000e+00
1.297700000000000000e+04
0.000000000000000000e+00
4.960000000000000000e+02
4.000000000000000000e+00
2.000000000000000000e+00
3.400000000000000000e+01
1.000000000000000000e+00
1.283500000000000000e+04
6.300000000000000000e+01
1.300000000000000000e+01
2.290000000000000000e+02
0.000000000000000000e+00
0.000000000000000000e+00
2.000000000000000000e+00
0.000000000000000000e+00
2.622000000000000000e+03
0.000000000000000000e+00
1.173000000000000000e+03
1.800000000000000000e+01
3.600000000000000000e+02
1.390000000000000000e+02
0.000000000000000000e+00
3.000000000000000000e+00
4.000000000000000000e+00
9.000000000000000000e+00
1.924000000000000000e+03
8.000000000000000000e+00
2.000000000000000000e+00
5.520000000000000000e+02
4.848000000000000000e+03
0.000000000000000000e+00
0.000000000000000000e+00
2.000000000000000000e+00
0.000000000000000000e+00
1.000000000000000000e+00
1.400000000000000000e+01
5.800000000000000000e+01
1.000000000000000000e+00
9.000000000000000000e+00
1.110000000000000000e+02
1.720000000000000000e+02
7.880000000000000000e+02
3.270000000000000000e+02
3.000000000000000000e+00
1.000000000000000000e+01
1.528000000000000000e+03
1.200000000000000000e+01
1.159000000000000000e+03
2.000000000000000000e+00
3.000000000000000000e+00
2.000000000000000000e+00
6.000000000000000000e+00
5.000000000000000000e+00
6.100000000000000000e+01
0.000000000000000000e+00
0.000000000000000000e+00
0.000000000000000000e+00
0.000000000000000000e+00
1.000000000000000000e+00
0.000000000000000000e+00
2.090000000000000000e+02
4.700000000000000000e+01
0.000000000000000000e+00
4.000000000000000000e+00
7.430000000000000000e+02
0.000000000000000000e+00
1.148000000000000000e+03
0.000000000000000000e+00
9.000000000000000000e+00
3.517700000000000000e+04
0.000000000000000000e+00
1.300000000000000000e+01
0.000000000000000000e+00
2.000000000000000000e+00
0.000000000000000000e+00
4.520000000000000000e+02
0.000000000000000000e+00
4.600000000000000000e+01
1.700000000000000000e+01
6.000000000000000000e+00
2.960000000000000000e+02
4.500000000000000000e+01
1.000000000000000000e+00
1.100000000000000000e+01
1.000000000000000000e+00
4.430000000000000000e+02
1.665000000000000000e+03
1.600000000000000000e+01
3.000000000000000000e+00
0.000000000000000000e+00
3.000000000000000000e+00
0.000000000000000000e+00
6.000000000000000000e+00
1.400000000000000000e+01
0.000000000000000000e+00
2.800000000000000000e+01
1.100000000000000000e+01
7.000000000000000000e+00
0.000000000000000000e+00
8.900000000000000000e+01
0.000000000000000000e+00
0.000000000000000000e+00
0.000000000000000000e+00
9.700000000000000000e+01
4.600000000000000000e+01
0.000000000000000000e+00
0.000000000000000000e+00
1.900000000000000000e+01
1.213000000000000000e+03
4.000000000000000000e+00
3.900000000000000000e+01
3.000000000000000000e+00
0.000000000000000000e+00
2.000000000000000000e+00
7.200000000000000000e+01
2.800000000000000000e+01
0.000000000000000000e+00
0.000000000000000000e+00
9.700000000000000000e+01
2.760000000000000000e+02
2.200000000000000000e+01
0.000000000000000000e+00
1.000000000000000000e+00
0.000000000000000000e+00
5.620000000000000000e+02
1.000000000000000000e+00
1.140000000000000000e+02
3.000000000000000000e+00
8.595000000000000000e+03
1.073000000000000000e+03
0.000000000000000000e+00
1.800000000000000000e+01
3.000000000000000000e+00
4.000000000000000000e+00
1.000000000000000000e+00
0.000000000000000000e+00
3.110000000000000000e+02
3.000000000000000000e+00
1.000000000000000000e+00
2.307000000000000000e+03
0.000000000000000000e+00
3.760000000000000000e+02
0.000000000000000000e+00
0.000000000000000000e+00
0.000000000000000000e+00
1.700000000000000000e+01
0.000000000000000000e+00
0.000000000000000000e+00
5.000000000000000000e+00
6.800000000000000000e+01
4.400000000000000000e+01
0.000000000000000000e+00
1.000000000000000000e+00
7.000000000000000000e+00
1.048000000000000000e+04
9.000000000000000000e+00
9.000000000000000000e+00
7.550000000000000000e+02
1.900000000000000000e+01
0.000000000000000000e+00
1.549000000000000000e+03
1.330000000000000000e+02
0.000000000000000000e+00
0.000000000000000000e+00
6.990000000000000000e+02
0.000000000000000000e+00
0.000000000000000000e+00
5.706000000000000000e+03
5.250000000000000000e+02
3.054000000000000000e+03
1.600000000000000000e+01
4.000000000000000000e+01
1.800000000000000000e+01
1.520000000000000000e+03
0.000000000000000000e+00
0.000000000000000000e+00
0.000000000000000000e+00
1.620000000000000000e+02
4.040000000000000000e+03
2.000000000000000000e+01
0.000000000000000000e+00
0.000000000000000000e+00
0.000000000000000000e+00
4.950000000000000000e+02
0.000000000000000000e+00
2.000000000000000000e+00
0.000000000000000000e+00
2.800000000000000000e+01
0.000000000000000000e+00
0.000000000000000000e+00
0.000000000000000000e+00
1.100000000000000000e+01
1.000000000000000000e+00
3.000000000000000000e+00
2.700000000000000000e+01
2.030000000000000000e+02
1.300000000000000000e+01
0.000000000000000000e+00
6.490000000000000000e+02
4.000000000000000000e+00
0.000000000000000000e+00
2.000000000000000000e+00
5.000000000000000000e+00
0.000000000000000000e+00
1.000000000000000000e+00
1.100000000000000000e+01
8.000000000000000000e+00
6.169000000000000000e+03
0.000000000000000000e+00
2.000000000000000000e+00
5.600000000000000000e+01
7.000000000000000000e+00
2.000000000000000000e+00
1.700000000000000000e+01
0.000000000000000000e+00
0.000000000000000000e+00
5.000000000000000000e+00
6.200000000000000000e+01
6.500000000000000000e+01
1.350000000000000000e+02
1.320000000000000000e+02
3.900000000000000000e+01
3.000000000000000000e+00
1.300000000000000000e+01
0.000000000000000000e+00
4.000000000000000000e+00
2.000000000000000000e+00
7.000000000000000000e+00
2.775000000000000000e+03
4.400000000000000000e+02
2.276000000000000000e+03
4.000000000000000000e+01
6.000000000000000000e+00
0.000000000000000000e+00
4.500000000000000000e+01
6.500000000000000000e+01
8.000000000000000000e+00
2.000000000000000000e+00
2.930000000000000000e+02
3.150000000000000000e+02
9.000000000000000000e+00
0.000000000000000000e+00
0.000000000000000000e+00
1.200000000000000000e+01
0.000000000000000000e+00
3.000000000000000000e+00
2.000000000000000000e+00
0.000000000000000000e+00
2.937400000000000000e+04
3.410000000000000000e+02
2.000000000000000000e+00
4.000000000000000000e+00
0.000000000000000000e+00
2.000000000000000000e+00
0.000000000000000000e+00
0.000000000000000000e+00
1.300000000000000000e+02
0.000000000000000000e+00
1.030000000000000000e+02
1.570000000000000000e+02
7.400000000000000000e+01
2.400000000000000000e+01
0.000000000000000000e+00
1.700000000000000000e+01
1.800000000000000000e+01
1.500000000000000000e+01
0.000000000000000000e+00
0.000000000000000000e+00
4.000000000000000000e+00
6.600000000000000000e+01
0.000000000000000000e+00
2.500000000000000000e+01
4.520000000000000000e+02
5.000000000000000000e+00
0.000000000000000000e+00
4.400000000000000000e+01
3.461000000000000000e+03
3.100000000000000000e+01
3.680000000000000000e+02
6.000000000000000000e+00
9.000000000000000000e+00
0.000000000000000000e+00
1.592800000000000000e+04
1.800000000000000000e+01
4.840000000000000000e+02
1.000000000000000000e+00
4.000000000000000000e+00
4.400000000000000000e+01
2.000000000000000000e+00
8.500000000000000000e+01
0.000000000000000000e+00
4.440000000000000000e+02
1.800000000000000000e+01
7.400000000000000000e+01
5.400000000000000000e+02
1.600000000000000000e+01
3.000000000000000000e+00
1.100000000000000000e+01
3.543000000000000000e+03
1.100000000000000000e+01
2.000000000000000000e+00
2.740000000000000000e+02
1.000000000000000000e+00
4.000000000000000000e+00
0.000000000000000000e+00
1.700000000000000000e+01
2.000000000000000000e+00
0.000000000000000000e+00
3.000000000000000000e+00
2.000000000000000000e+01
1.341200000000000000e+04
2.340000000000000000e+02
5.300000000000000000e+01
0.000000000000000000e+00
5.900000000000000000e+01
1.000000000000000000e+00
6.200000000000000000e+01
2.400000000000000000e+01
1.000000000000000000e+00
7.000000000000000000e+00
2.574700000000000000e+04
3.000000000000000000e+00
0.000000000000000000e+00
2.800000000000000000e+01
6.000000000000000000e+00
2.300000000000000000e+02
0.000000000000000000e+00
1.400000000000000000e+01
1.261500000000000000e+04
7.000000000000000000e+00
0.000000000000000000e+00
0.000000000000000000e+00
1.640000000000000000e+02
7.000000000000000000e+01
3.000000000000000000e+00
0.000000000000000000e+00
9.000000000000000000e+00
0.000000000000000000e+00
1.500000000000000000e+01
1.540000000000000000e+02
0.000000000000000000e+00
1.000000000000000000e+00
5.000000000000000000e+00
0.000000000000000000e+00
2.000000000000000000e+00
1.000000000000000000e+00
0.000000000000000000e+00
0.000000000000000000e+00
8.000000000000000000e+00
1.300000000000000000e+01
3.103800000000000000e+04
3.200000000000000000e+01
1.600000000000000000e+01
2.000000000000000000e+00
0.000000000000000000e+00
2.000000000000000000e+00
1.569000000000000000e+03
2.000000000000000000e+00
7.000000000000000000e+00
3.200000000000000000e+01
1.147200000000000000e+04
2.000000000000000000e+00
7.000000000000000000e+00
0.000000000000000000e+00
8.000000000000000000e+00
5.000000000000000000e+00
1.800000000000000000e+01
5.100000000000000000e+01
0.000000000000000000e+00
2.000000000000000000e+00
0.000000000000000000e+00
1.030000000000000000e+02
0.000000000000000000e+00
4.000000000000000000e+00
3.050000000000000000e+02
0.000000000000000000e+00
0.000000000000000000e+00
8.300000000000000000e+02
1.100000000000000000e+01
1.000000000000000000e+00
3.000000000000000000e+00
4.000000000000000000e+01
6.000000000000000000e+00
1.500000000000000000e+01
1.350000000000000000e+03
4.000000000000000000e+00
1.000000000000000000e+00
4.000000000000000000e+00
2.000000000000000000e+00
0.000000000000000000e+00
5.100000000000000000e+01
0.000000000000000000e+00
1.620000000000000000e+02
0.000000000000000000e+00
2.400000000000000000e+01
0.000000000000000000e+00
3.300000000000000000e+01
3.500000000000000000e+01
0.000000000000000000e+00
1.000000000000000000e+00
3.630000000000000000e+02
0.000000000000000000e+00
0.000000000000000000e+00
0.000000000000000000e+00
9.000000000000000000e+00
9.000000000000000000e+00
0.000000000000000000e+00
1.663000000000000000e+03
2.500000000000000000e+01
0.000000000000000000e+00
3.800000000000000000e+01
8.790000000000000000e+02
2.040000000000000000e+02
0.000000000000000000e+00
4.100000000000000000e+01
3.000000000000000000e+00
0.000000000000000000e+00
2.000000000000000000e+00
1.600000000000000000e+01
2.500000000000000000e+01
6.300000000000000000e+01
1.000000000000000000e+00
1.150000000000000000e+02
7.100000000000000000e+01
0.000000000000000000e+00
0.000000000000000000e+00
4.000000000000000000e+00
6.000000000000000000e+00
3.707000000000000000e+03
0.000000000000000000e+00
0.000000000000000000e+00
0.000000000000000000e+00
0.000000000000000000e+00
0.000000000000000000e+00
1.142000000000000000e+03
1.000000000000000000e+00
3.000000000000000000e+00
4.000000000000000000e+00
9.200000000000000000e+01
5.000000000000000000e+00
1.200000000000000000e+01
1.000000000000000000e+00
0.000000000000000000e+00
2.200000000000000000e+01
0.000000000000000000e+00
0.000000000000000000e+00
0.000000000000000000e+00
2.400000000000000000e+02
2.000000000000000000e+01
0.000000000000000000e+00
1.100000000000000000e+01
2.650000000000000000e+02
0.000000000000000000e+00
0.000000000000000000e+00
0.000000000000000000e+00
1.600000000000000000e+01
3.000000000000000000e+00
1.700000000000000000e+01
0.000000000000000000e+00
1.700000000000000000e+01
2.400000000000000000e+01
1.300000000000000000e+01
1.000000000000000000e+00
1.000000000000000000e+01
1.900000000000000000e+01
2.582400000000000000e+04
0.000000000000000000e+00
1.100000000000000000e+01
1.000000000000000000e+00
1.100000000000000000e+01
0.000000000000000000e+00
0.000000000000000000e+00
0.000000000000000000e+00
3.080000000000000000e+02
6.100000000000000000e+01
0.000000000000000000e+00
1.920000000000000000e+02
0.000000000000000000e+00
7.000000000000000000e+00
3.000000000000000000e+00
3.430000000000000000e+02
6.000000000000000000e+00
8.480000000000000000e+02
1.000000000000000000e+01
1.569000000000000000e+03
5.730000000000000000e+02
1.000000000000000000e+00
1.450000000000000000e+02
2.080000000000000000e+02
1.660000000000000000e+02
1.100000000000000000e+01
0.000000000000000000e+00
8.000000000000000000e+00
3.100000000000000000e+01
2.000000000000000000e+00
2.000000000000000000e+00
0.000000000000000000e+00
0.000000000000000000e+00
1.200000000000000000e+02
0.000000000000000000e+00
4.400000000000000000e+01
0.000000000000000000e+00
0.000000000000000000e+00
1.000000000000000000e+00
1.700000000000000000e+01
0.000000000000000000e+00
2.300000000000000000e+01
0.000000000000000000e+00
0.000000000000000000e+00
0.000000000000000000e+00
8.000000000000000000e+01
0.000000000000000000e+00
1.000000000000000000e+00
1.800000000000000000e+02
0.000000000000000000e+00
1.800000000000000000e+01
0.000000000000000000e+00
0.000000000000000000e+00
0.000000000000000000e+00
1.100000000000000000e+01
1.000000000000000000e+00
0.000000000000000000e+00
3.880000000000000000e+02
0.000000000000000000e+00
2.500000000000000000e+01
0.000000000000000000e+00
2.013700000000000000e+04
0.000000000000000000e+00
0.000000000000000000e+00
3.000000000000000000e+00
3.000000000000000000e+00
0.000000000000000000e+00
2.180000000000000000e+02
6.000000000000000000e+00
6.850000000000000000e+02
2.000000000000000000e+00
0.000000000000000000e+00
9.000000000000000000e+00
0.000000000000000000e+00
3.400000000000000000e+01
0.000000000000000000e+00
2.950000000000000000e+02
0.000000000000000000e+00
0.000000000000000000e+00
0.000000000000000000e+00
4.200000000000000000e+01
0.000000000000000000e+00
4.000000000000000000e+00
0.000000000000000000e+00
6.170000000000000000e+02
7.800000000000000000e+01
6.300000000000000000e+01
0.000000000000000000e+00
0.000000000000000000e+00
5.000000000000000000e+00
7.000000000000000000e+00
1.340000000000000000e+02
0.000000000000000000e+00
2.070000000000000000e+02
4.283200000000000000e+04
2.610000000000000000e+02
0.000000000000000000e+00
3.700000000000000000e+02
5.000000000000000000e+00
2.700000000000000000e+01
5.002000000000000000e+03
0.000000000000000000e+00
0.000000000000000000e+00
2.090000000000000000e+02
0.000000000000000000e+00
4.000000000000000000e+00
9.400000000000000000e+01
0.000000000000000000e+00
1.020000000000000000e+02
0.000000000000000000e+00
0.000000000000000000e+00
0.000000000000000000e+00
3.683000000000000000e+03
1.440000000000000000e+02
1.000000000000000000e+00
7.100000000000000000e+01
2.000000000000000000e+00
2.800000000000000000e+01
0.000000000000000000e+00
2.000000000000000000e+00
0.000000000000000000e+00
4.400000000000000000e+01
3.200000000000000000e+01
0.000000000000000000e+00
0.000000000000000000e+00
0.000000000000000000e+00
3.600000000000000000e+02
1.800000000000000000e+01
1.410000000000000000e+02
0.000000000000000000e+00
0.000000000000000000e+00
1.100000000000000000e+02
5.970000000000000000e+02
3.000000000000000000e+00
7.000000000000000000e+01
1.300000000000000000e+01
2.400000000000000000e+01
6.100000000000000000e+01
3.550000000000000000e+02
6.000000000000000000e+00
5.200000000000000000e+01
0.000000000000000000e+00
0.000000000000000000e+00
1.860000000000000000e+02
2.000000000000000000e+00
1.760000000000000000e+02
2.000000000000000000e+00
0.000000000000000000e+00
0.000000000000000000e+00
1.520000000000000000e+02
0.000000000000000000e+00
1.200000000000000000e+01
1.000000000000000000e+00
1.800000000000000000e+01
1.069000000000000000e+03
0.000000000000000000e+00
2.400000000000000000e+01
9.800000000000000000e+01
0.000000000000000000e+00
3.000000000000000000e+00
0.000000000000000000e+00
2.750000000000000000e+02
4.000000000000000000e+00
2.000000000000000000e+00
0.000000000000000000e+00
2.000000000000000000e+00
4.240000000000000000e+02
1.000000000000000000e+00
0.000000000000000000e+00
0.000000000000000000e+00
7.270000000000000000e+02
0.000000000000000000e+00
2.800000000000000000e+01
3.767800000000000000e+04
1.134900000000000000e+04
1.000000000000000000e+00
1.500000000000000000e+01
3.360000000000000000e+02
0.000000000000000000e+00
0.000000000000000000e+00
1.070000000000000000e+03
4.399000000000000000e+03
0.000000000000000000e+00
4.400000000000000000e+01
1.000000000000000000e+00
0.000000000000000000e+00
4.000000000000000000e+00
2.210000000000000000e+02
5.740000000000000000e+02
0.000000000000000000e+00
0.000000000000000000e+00
3.000000000000000000e+00
8.000000000000000000e+00
2.100000000000000000e+01
1.118000000000000000e+03
5.000000000000000000e+00
1.000000000000000000e+00
4.100000000000000000e+01
8.210000000000000000e+02
7.472000000000000000e+03
0.000000000000000000e+00
7.260000000000000000e+02
0.000000000000000000e+00
0.000000000000000000e+00
2.000000000000000000e+00
1.500000000000000000e+01
2.500000000000000000e+01
2.600000000000000000e+01
0.000000000000000000e+00
0.000000000000000000e+00
0.000000000000000000e+00
2.000000000000000000e+00
6.000000000000000000e+00
1.000000000000000000e+00
0.000000000000000000e+00
2.648000000000000000e+03
5.000000000000000000e+00
9.000000000000000000e+00
6.000000000000000000e+00
1.130000000000000000e+02
1.000000000000000000e+00
2.480000000000000000e+02
0.000000000000000000e+00
5.300000000000000000e+01
0.000000000000000000e+00
4.000000000000000000e+00
3.900000000000000000e+01
3.080000000000000000e+02
3.900000000000000000e+01
6.310000000000000000e+02
3.930000000000000000e+02
1.776000000000000000e+03
4.400000000000000000e+01
0.000000000000000000e+00
2.000000000000000000e+00
4.000000000000000000e+00
1.000000000000000000e+02
0.000000000000000000e+00
1.490000000000000000e+02
3.090000000000000000e+02
0.000000000000000000e+00
6.000000000000000000e+00
0.000000000000000000e+00
6.000000000000000000e+00
8.600000000000000000e+01
2.050900000000000000e+04
1.700000000000000000e+02
3.400000000000000000e+01
0.000000000000000000e+00
3.200000000000000000e+01
1.106000000000000000e+03
2.282000000000000000e+03
6.000000000000000000e+00
5.002200000000000000e+04
1.600000000000000000e+01
0.000000000000000000e+00
6.860000000000000000e+02
0.000000000000000000e+00
8.000000000000000000e+00
2.000000000000000000e+00
5.700000000000000000e+01
3.130000000000000000e+02
4.360000000000000000e+02
0.000000000000000000e+00
4.000000000000000000e+00
1.500000000000000000e+01
2.000000000000000000e+00
6.800000000000000000e+01
9.000000000000000000e+00
0.000000000000000000e+00
7.550000000000000000e+02
2.900000000000000000e+02
4.900000000000000000e+01
2.320000000000000000e+02
0.000000000000000000e+00
1.800000000000000000e+01
1.000000000000000000e+00
1.000000000000000000e+01
6.000000000000000000e+00
2.000000000000000000e+00
0.000000000000000000e+00
2.000000000000000000e+00
1.000000000000000000e+01
0.000000000000000000e+00
1.900000000000000000e+01
0.000000000000000000e+00
4.000000000000000000e+00
1.900000000000000000e+01
0.000000000000000000e+00
0.000000000000000000e+00
1.000000000000000000e+00
0.000000000000000000e+00
4.000000000000000000e+00
0.000000000000000000e+00
0.000000000000000000e+00
2.493000000000000000e+03
0.000000000000000000e+00
0.000000000000000000e+00
0.000000000000000000e+00
1.000000000000000000e+00
1.900000000000000000e+01
0.000000000000000000e+00
1.100000000000000000e+01
0.000000000000000000e+00
4.078000000000000000e+03
2.620000000000000000e+02
3.200000000000000000e+01
4.200000000000000000e+01
0.000000000000000000e+00
1.000000000000000000e+00
1.500000000000000000e+01
2.900000000000000000e+01
2.000000000000000000e+00
5.000000000000000000e+00
4.000000000000000000e+00
0.000000000000000000e+00
1.530200000000000000e+04
2.000000000000000000e+01
2.140000000000000000e+02
0.000000000000000000e+00
4.000000000000000000e+00
3.000000000000000000e+00
2.000000000000000000e+00
5.304000000000000000e+03
2.000000000000000000e+00
2.900000000000000000e+01
0.000000000000000000e+00
0.000000000000000000e+00
0.000000000000000000e+00
1.200000000000000000e+01
6.830000000000000000e+02
4.000000000000000000e+00
2.600000000000000000e+01
2.000000000000000000e+00
0.000000000000000000e+00
2.000000000000000000e+00
1.500000000000000000e+01
2.313100000000000000e+04
0.000000000000000000e+00
0.000000000000000000e+00
2.000000000000000000e+00
6.000000000000000000e+00
0.000000000000000000e+00
2.000000000000000000e+00
8.000000000000000000e+00
3.000000000000000000e+01
0.000000000000000000e+00
4.000000000000000000e+00
2.000000000000000000e+00
1.800000000000000000e+01
1.180000000000000000e+02
3.000000000000000000e+00
2.600000000000000000e+01
3.000000000000000000e+00
0.000000000000000000e+00
0.000000000000000000e+00
8.000000000000000000e+00
5.000000000000000000e+01
1.160000000000000000e+02
8.600000000000000000e+01
2.500000000000000000e+01
2.200000000000000000e+01
3.000000000000000000e+00
3.400000000000000000e+01
0.000000000000000000e+00
1.600000000000000000e+01
0.000000000000000000e+00
0.000000000000000000e+00
2.870000000000000000e+02
1.070000000000000000e+02
0.000000000000000000e+00
3.000000000000000000e+00
0.000000000000000000e+00
2.000000000000000000e+00
3.530000000000000000e+02
6.460000000000000000e+02
0.000000000000000000e+00
1.800000000000000000e+01
0.000000000000000000e+00
3.100000000000000000e+01
2.000000000000000000e+01
1.000000000000000000e+00
4.000000000000000000e+00
2.320000000000000000e+02
1.000000000000000000e+00
1.080000000000000000e+02
7.560000000000000000e+02
4.530000000000000000e+02
1.000000000000000000e+00
2.870000000000000000e+02
2.100000000000000000e+02
7.000000000000000000e+00
0.000000000000000000e+00
4.565000000000000000e+03
0.000000000000000000e+00
3.000000000000000000e+01
1.010000000000000000e+03
0.000000000000000000e+00
4.300000000000000000e+01
1.250000000000000000e+02
0.000000000000000000e+00
8.000000000000000000e+00
0.000000000000000000e+00
2.270000000000000000e+02
0.000000000000000000e+00
0.000000000000000000e+00
2.781000000000000000e+03
5.130000000000000000e+02
2.000000000000000000e+00
1.000000000000000000e+00
1.000000000000000000e+00
4.000000000000000000e+00
0.000000000000000000e+00
4.500000000000000000e+01
0.000000000000000000e+00
2.000000000000000000e+00
0.000000000000000000e+00
1.000000000000000000e+00
1.800000000000000000e+01
0.000000000000000000e+00
6.400000000000000000e+01
0.000000000000000000e+00
7.000000000000000000e+00
4.000000000000000000e+00
0.000000000000000000e+00
2.180000000000000000e+02
3.100000000000000000e+01
1.240000000000000000e+02
0.000000000000000000e+00
3.100000000000000000e+01
2.610000000000000000e+02
0.000000000000000000e+00
7.620000000000000000e+02
2.000000000000000000e+00
1.000000000000000000e+00
4.200000000000000000e+01
1.000000000000000000e+00
3.600000000000000000e+01
0.000000000000000000e+00
0.000000000000000000e+00
0.000000000000000000e+00
0.000000000000000000e+00
2.500000000000000000e+01
0.000000000000000000e+00
1.700000000000000000e+01
2.000000000000000000e+00
8.000000000000000000e+00
5.700000000000000000e+01
0.000000000000000000e+00
1.000000000000000000e+01
2.000000000000000000e+00
0.000000000000000000e+00
0.000000000000000000e+00
3.600000000000000000e+01
0.000000000000000000e+00
5.839000000000000000e+04
2.200000000000000000e+01
0.000000000000000000e+00
2.000000000000000000e+00
6.000000000000000000e+00
2.160000000000000000e+02
0.000000000000000000e+00
0.000000000000000000e+00
0.000000000000000000e+00
9.000000000000000000e+00
1.000000000000000000e+00
1.000000000000000000e+00
1.000000000000000000e+00
9.220000000000000000e+02
9.000000000000000000e+00
5.350000000000000000e+02
0.000000000000000000e+00
0.000000000000000000e+00
0.000000000000000000e+00
2.100000000000000000e+01
9.000000000000000000e+00
6.630000000000000000e+02
4.000000000000000000e+00
1.905000000000000000e+03
1.440000000000000000e+02
2.700000000000000000e+01
8.700000000000000000e+01
2.600000000000000000e+01
1.700000000000000000e+01
6.300000000000000000e+01
1.762900000000000000e+04
0.000000000000000000e+00
0.000000000000000000e+00
8.200000000000000000e+01
5.000000000000000000e+00
6.000000000000000000e+00
0.000000000000000000e+00
0.000000000000000000e+00
0.000000000000000000e+00
2.603000000000000000e+03
3.360000000000000000e+02
3.000000000000000000e+01
6.050000000000000000e+02
5.960000000000000000e+02
2.000000000000000000e+00
0.000000000000000000e+00
3.560000000000000000e+02
1.000000000000000000e+00
3.000000000000000000e+00
1.100000000000000000e+01
4.000000000000000000e+00
1.000000000000000000e+00
0.000000000000000000e+00
1.860000000000000000e+02
1.000000000000000000e+00
0.000000000000000000e+00
0.000000000000000000e+00
4.240000000000000000e+02
6.100000000000000000e+01
1.200000000000000000e+01
0.000000000000000000e+00
1.971100000000000000e+04
0.000000000000000000e+00
1.400000000000000000e+01
0.000000000000000000e+00
2.190000000000000000e+02
2.580000000000000000e+02
5.780000000000000000e+02
6.880000000000000000e+02
2.000000000000000000e+00
1.816000000000000000e+03
0.000000000000000000e+00
2.300000000000000000e+01
6.900000000000000000e+01
0.000000000000000000e+00
4.359000000000000000e+03
5.000000000000000000e+00
8.900000000000000000e+01
0.000000000000000000e+00
0.000000000000000000e+00
0.000000000000000000e+00
7.000000000000000000e+00
1.240000000000000000e+02
4.000000000000000000e+00
4.980000000000000000e+02
1.400000000000000000e+01
2.500000000000000000e+01
1.650000000000000000e+02
8.200000000000000000e+01
4.000000000000000000e+00
4.000000000000000000e+00
8.000000000000000000e+00
1.200000000000000000e+01
1.000000000000000000e+00
0.000000000000000000e+00
0.000000000000000000e+00
5.300000000000000000e+01
2.000000000000000000e+00
2.000000000000000000e+00
3.500000000000000000e+01
3.500000000000000000e+01
5.000000000000000000e+01
6.990000000000000000e+03
0.000000000000000000e+00
0.000000000000000000e+00
1.458000000000000000e+03
3.700000000000000000e+01
3.000000000000000000e+00
8.000000000000000000e+00
0.000000000000000000e+00
1.700000000000000000e+01
1.500000000000000000e+01
0.000000000000000000e+00
1.000000000000000000e+00
0.000000000000000000e+00
0.000000000000000000e+00
0.000000000000000000e+00
0.000000000000000000e+00
1.100000000000000000e+01
1.100000000000000000e+01
1.000000000000000000e+00
4.000000000000000000e+00
1.000000000000000000e+00
1.342000000000000000e+03
1.130000000000000000e+02
3.000000000000000000e+00
2.800000000000000000e+01
0.000000000000000000e+00
3.600000000000000000e+02
6.459000000000000000e+03
3.000000000000000000e+00
4.000000000000000000e+00
3.000000000000000000e+00
1.394000000000000000e+03
4.310000000000000000e+02
1.200000000000000000e+01
9.000000000000000000e+00
0.000000000000000000e+00
2.000000000000000000e+00
0.000000000000000000e+00
0.000000000000000000e+00
3.000000000000000000e+00
9.190000000000000000e+02
1.141600000000000000e+04
0.000000000000000000e+00
4.360000000000000000e+02
2.600000000000000000e+01
7.000000000000000000e+00
0.000000000000000000e+00
5.300000000000000000e+01
6.700000000000000000e+01
4.000000000000000000e+00
0.000000000000000000e+00
0.000000000000000000e+00
0.000000000000000000e+00
1.987600000000000000e+04
5.210000000000000000e+02
0.000000000000000000e+00
0.000000000000000000e+00
0.000000000000000000e+00
4.000000000000000000e+00
0.000000000000000000e+00
1.400000000000000000e+01
2.500000000000000000e+01
6.500000000000000000e+01
3.520000000000000000e+02
1.100000000000000000e+01
1.237000000000000000e+03
1.300000000000000000e+01
1.600000000000000000e+01
1.000000000000000000e+00
7.000000000000000000e+00
0.000000000000000000e+00
0.000000000000000000e+00
1.270000000000000000e+02
6.110000000000000000e+02
0.000000000000000000e+00
5.915000000000000000e+03
8.400000000000000000e+01
1.000000000000000000e+00
0.000000000000000000e+00
0.000000000000000000e+00
0.000000000000000000e+00
0.000000000000000000e+00
0.000000000000000000e+00
1.000000000000000000e+00
8.320000000000000000e+02
0.000000000000000000e+00
1.417000000000000000e+03
0.000000000000000000e+00
1.000000000000000000e+01
2.100000000000000000e+01
0.000000000000000000e+00
3.000000000000000000e+00
4.290000000000000000e+02
3.820000000000000000e+02
0.000000000000000000e+00
1.890000000000000000e+02
1.600000000000000000e+01
7.270000000000000000e+02
0.000000000000000000e+00
0.000000000000000000e+00
1.210000000000000000e+02
4.000000000000000000e+00
0.000000000000000000e+00
1.200000000000000000e+01
2.000000000000000000e+00
2.250000000000000000e+02
4.800000000000000000e+01
1.803000000000000000e+03
1.000000000000000000e+00
2.800000000000000000e+01
2.870000000000000000e+02
1.200000000000000000e+01
1.300000000000000000e+01
2.000000000000000000e+00
0.000000000000000000e+00
0.000000000000000000e+00
2.100000000000000000e+01
7.700000000000000000e+01
2.000000000000000000e+00
0.000000000000000000e+00
1.000000000000000000e+01
1.440000000000000000e+02
2.000000000000000000e+00
1.000000000000000000e+00
0.000000000000000000e+00
4.000000000000000000e+00
0.000000000000000000e+00
0.000000000000000000e+00
1.900000000000000000e+01
0.000000000000000000e+00
9.400000000000000000e+01
1.690000000000000000e+02
3.300000000000000000e+01
5.000000000000000000e+00
2.000000000000000000e+00
1.000000000000000000e+00
2.000000000000000000e+00
1.100000000000000000e+01
3.000000000000000000e+01
5.188000000000000000e+03
0.000000000000000000e+00
6.518000000000000000e+03
0.000000000000000000e+00
8.000000000000000000e+00
0.000000000000000000e+00
1.000000000000000000e+01
1.700000000000000000e+01
7.000000000000000000e+00
3.340000000000000000e+02
8.577000000000000000e+03
9.000000000000000000e+00
1.000000000000000000e+00
3.100000000000000000e+01
2.000000000000000000e+00
3.190000000000000000e+02
2.500000000000000000e+01
0.000000000000000000e+00
1.000000000000000000e+00
1.200000000000000000e+01
0.000000000000000000e+00
2.100000000000000000e+01
0.000000000000000000e+00
9.262000000000000000e+03
5.200000000000000000e+01
2.000000000000000000e+00
0.000000000000000000e+00
0.000000000000000000e+00
3.500000000000000000e+01
0.000000000000000000e+00
0.000000000000000000e+00
1.500000000000000000e+01
4.230000000000000000e+02
1.000000000000000000e+00
8.000000000000000000e+00
3.990000000000000000e+02
1.600000000000000000e+01
2.570000000000000000e+02
4.370000000000000000e+02
1.400000000000000000e+02
2.100000000000000000e+01
0.000000000000000000e+00
2.100000000000000000e+01
0.000000000000000000e+00
0.000000000000000000e+00
2.500000000000000000e+01
5.800000000000000000e+01
3.600000000000000000e+01
4.700000000000000000e+01
1.229000000000000000e+03
1.380000000000000000e+02
8.000000000000000000e+00
1.154300000000000000e+04
1.288000000000000000e+03
3.904000000000000000e+03
2.600000000000000000e+01
0.000000000000000000e+00
0.000000000000000000e+00
1.048000000000000000e+03
0.000000000000000000e+00
0.000000000000000000e+00
5.221000000000000000e+04
2.230000000000000000e+03
0.000000000000000000e+00
1.115300000000000000e+04
1.000000000000000000e+00
0.000000000000000000e+00
1.000000000000000000e+00
6.640000000000000000e+02
1.000000000000000000e+00
1.060000000000000000e+02
2.850000000000000000e+02
0.000000000000000000e+00
0.000000000000000000e+00
0.000000000000000000e+00
6.000000000000000000e+00
0.000000000000000000e+00
2.000000000000000000e+00
0.000000000000000000e+00
1.000000000000000000e+00
0.000000000000000000e+00
7.000000000000000000e+00
0.000000000000000000e+00
8.220000000000000000e+02
5.400000000000000000e+02
2.390000000000000000e+02
0.000000000000000000e+00
0.000000000000000000e+00
2.900000000000000000e+01
6.569000000000000000e+03
1.000000000000000000e+00
0.000000000000000000e+00
1.700000000000000000e+01
6.000000000000000000e+00
3.000000000000000000e+00
2.500000000000000000e+01
1.000000000000000000e+00
4.480000000000000000e+02
5.000000000000000000e+00
2.000000000000000000e+00
8.150000000000000000e+02
5.000000000000000000e+01
5.300000000000000000e+01
0.000000000000000000e+00
0.000000000000000000e+00
4.000000000000000000e+00
1.000000000000000000e+00
8.000000000000000000e+00
0.000000000000000000e+00
0.000000000000000000e+00
0.000000000000000000e+00
0.000000000000000000e+00
0.000000000000000000e+00
8.200000000000000000e+01
0.000000000000000000e+00
6.500000000000000000e+01
5.510000000000000000e+02
2.000000000000000000e+00
6.000000000000000000e+00
3.370000000000000000e+03
1.900000000000000000e+01
0.000000000000000000e+00
4.300000000000000000e+01
8.000000000000000000e+00
0.000000000000000000e+00
0.000000000000000000e+00
2.000000000000000000e+00
4.000000000000000000e+00
3.700000000000000000e+01
7.000000000000000000e+00
0.000000000000000000e+00
7.000000000000000000e+00
3.700000000000000000e+01
6.000000000000000000e+00
3.000000000000000000e+00
2.000000000000000000e+01
0.000000000000000000e+00
0.000000000000000000e+00
1.000000000000000000e+00
0.000000000000000000e+00
0.000000000000000000e+00
0.000000000000000000e+00
5.000000000000000000e+00
0.000000000000000000e+00
0.000000000000000000e+00
1.490000000000000000e+02
0.000000000000000000e+00
0.000000000000000000e+00
0.000000000000000000e+00
0.000000000000000000e+00
0.000000000000000000e+00
7.000000000000000000e+00
1.452900000000000000e+04
3.800000000000000000e+01
7.000000000000000000e+00
8.000000000000000000e+00
1.000000000000000000e+00
0.000000000000000000e+00
1.000000000000000000e+01
2.370000000000000000e+03
0.000000000000000000e+00
3.000000000000000000e+01
1.000000000000000000e+00
3.200000000000000000e+01
0.000000000000000000e+00
5.000000000000000000e+00
1.000000000000000000e+00
1.151300000000000000e+04
4.550000000000000000e+02
3.400000000000000000e+02
0.000000000000000000e+00
0.000000000000000000e+00
3.500000000000000000e+01
6.100000000000000000e+01
8.000000000000000000e+00
1.880000000000000000e+02
0.000000000000000000e+00
4.100000000000000000e+01
0.000000000000000000e+00
6.700000000000000000e+02
2.000000000000000000e+00
2.800000000000000000e+02
7.200000000000000000e+01
1.939000000000000000e+03
5.527000000000000000e+03
0.000000000000000000e+00
4.500000000000000000e+01
4.000000000000000000e+00
0.000000000000000000e+00
1.400000000000000000e+01
1.000000000000000000e+00
0.000000000000000000e+00
4.500000000000000000e+01
0.000000000000000000e+00
0.000000000000000000e+00
0.000000000000000000e+00
4.000000000000000000e+01
1.296000000000000000e+03
0.000000000000000000e+00
7.400000000000000000e+01
1.547100000000000000e+04
1.480000000000000000e+02
0.000000000000000000e+00
0.000000000000000000e+00
0.000000000000000000e+00
7.300000000000000000e+01
5.000000000000000000e+00
5.000000000000000000e+00
2.000000000000000000e+01
1.000000000000000000e+00
0.000000000000000000e+00
6.000000000000000000e+00
1.716000000000000000e+03
2.000000000000000000e+00
2.329800000000000000e+04
3.242000000000000000e+03
1.000000000000000000e+01
5.000000000000000000e+00
5.456000000000000000e+03
0.000000000000000000e+00
0.000000000000000000e+00
3.900000000000000000e+01
0.000000000000000000e+00
6.000000000000000000e+00
1.800000000000000000e+01
3.200000000000000000e+01
1.100000000000000000e+03
6.700000000000000000e+01
7.000000000000000000e+00
5.000000000000000000e+00
7.054000000000000000e+03
0.000000000000000000e+00
4.710000000000000000e+02
1.400000000000000000e+01
3.900000000000000000e+01
0.000000000000000000e+00
0.000000000000000000e+00
3.000000000000000000e+00
1.200000000000000000e+01
2.000000000000000000e+01
0.000000000000000000e+00
1.505000000000000000e+03
3.000000000000000000e+00
1.000000000000000000e+00
2.000000000000000000e+00
1.000000000000000000e+01
7.000000000000000000e+01
0.000000000000000000e+00
1.200000000000000000e+01
0.000000000000000000e+00
1.340000000000000000e+02
0.000000000000000000e+00
5.000000000000000000e+00
4.000000000000000000e+00
7.000000000000000000e+00
2.600000000000000000e+01
1.874000000000000000e+03
3.017000000000000000e+03
4.400000000000000000e+01
0.000000000000000000e+00
1.210000000000000000e+02
0.000000000000000000e+00
8.000000000000000000e+00
1.000000000000000000e+00
6.970000000000000000e+02
0.000000000000000000e+00
2.000000000000000000e+00
0.000000000000000000e+00
0.000000000000000000e+00
5.000000000000000000e+01
2.006000000000000000e+03
0.000000000000000000e+00
4.400000000000000000e+01
1.737000000000000000e+03
2.000000000000000000e+01
0.000000000000000000e+00
3.000000000000000000e+00
5.000000000000000000e+00
3.000000000000000000e+00
1.000000000000000000e+01
1.000000000000000000e+01
4.400000000000000000e+01
1.000000000000000000e+00
9.000000000000000000e+00
1.000000000000000000e+00
1.000000000000000000e+02
4.000000000000000000e+00
1.017000000000000000e+03
1.700000000000000000e+01
1.900000000000000000e+01
4.972000000000000000e+03
0.000000000000000000e+00
1.000000000000000000e+01
1.700000000000000000e+01
4.000000000000000000e+00
0.000000000000000000e+00
0.000000000000000000e+00
1.500000000000000000e+01
0.000000000000000000e+00
0.000000000000000000e+00
0.000000000000000000e+00
4.000000000000000000e+00
4.000000000000000000e+00
1.100000000000000000e+02
0.000000000000000000e+00
7.000000000000000000e+00
2.000000000000000000e+00
1.700000000000000000e+02
2.355900000000000000e+04
7.380000000000000000e+02
0.000000000000000000e+00
3.700000000000000000e+01
2.600000000000000000e+01
1.000000000000000000e+00
2.000000000000000000e+00
1.100000000000000000e+01
6.800000000000000000e+01
1.300000000000000000e+01
0.000000000000000000e+00
5.600000000000000000e+01
4.000000000000000000e+00
5.000000000000000000e+00
0.000000000000000000e+00
2.000000000000000000e+00
2.000000000000000000e+00
1.800000000000000000e+01
3.000000000000000000e+00
1.000000000000000000e+01
0.000000000000000000e+00
1.400000000000000000e+01
1.800000000000000000e+01
5.000000000000000000e+00
0.000000000000000000e+00
6.000000000000000000e+00
0.000000000000000000e+00
6.900000000000000000e+01
4.000000000000000000e+00
0.000000000000000000e+00
2.200000000000000000e+01
1.400000000000000000e+01
4.000000000000000000e+00
2.700000000000000000e+01
0.000000000000000000e+00
1.100000000000000000e+01
1.040000000000000000e+02
2.000000000000000000e+02
2.000000000000000000e+00
9.000000000000000000e+00
0.000000000000000000e+00
0.000000000000000000e+00
0.000000000000000000e+00
0.000000000000000000e+00
7.800000000000000000e+01
1.000000000000000000e+00
4.800000000000000000e+01
1.700000000000000000e+01
0.000000000000000000e+00
4.000000000000000000e+00
9.000000000000000000e+00
0.000000000000000000e+00
2.000000000000000000e+00
0.000000000000000000e+00
4.000000000000000000e+00
1.050000000000000000e+02
3.300000000000000000e+01
2.000000000000000000e+00
0.000000000000000000e+00
7.000000000000000000e+00
3.400000000000000000e+01
2.300000000000000000e+01
1.160000000000000000e+02
4.800000000000000000e+01
5.000000000000000000e+00
5.000000000000000000e+00
4.900000000000000000e+01
0.000000000000000000e+00
0.000000000000000000e+00
1.030000000000000000e+02
1.725000000000000000e+03
0.000000000000000000e+00
1.300000000000000000e+01
0.000000000000000000e+00
0.000000000000000000e+00
2.296000000000000000e+03
2.000000000000000000e+00
9.000000000000000000e+00
1.100000000000000000e+01
7.200000000000000000e+01
1.000000000000000000e+00
2.700000000000000000e+01
2.880000000000000000e+02
1.000000000000000000e+00
9.000000000000000000e+00
5.400000000000000000e+01
0.000000000000000000e+00
6.600000000000000000e+01
0.000000000000000000e+00
1.400000000000000000e+01
6.700000000000000000e+01
3.000000000000000000e+00
1.630000000000000000e+03
1.170000000000000000e+02
1.470400000000000000e+04
7.000000000000000000e+00
1.100000000000000000e+01
0.000000000000000000e+00
2.850000000000000000e+02
6.000000000000000000e+00
0.000000000000000000e+00
0.000000000000000000e+00
7.310000000000000000e+02
7.000000000000000000e+00
2.000000000000000000e+00
1.000000000000000000e+00
0.000000000000000000e+00
3.500000000000000000e+01
6.300000000000000000e+01
0.000000000000000000e+00
5.033300000000000000e+04
8.100000000000000000e+01
8.530000000000000000e+02
1.237000000000000000e+03
1.490000000000000000e+02
7.100000000000000000e+01
3.000000000000000000e+00
2.000000000000000000e+00
1.000000000000000000e+01
4.630000000000000000e+03
1.000000000000000000e+01
4.000000000000000000e+00
2.535000000000000000e+03
0.000000000000000000e+00
3.760000000000000000e+03
1.040000000000000000e+02
0.000000000000000000e+00
0.000000000000000000e+00
1.100000000000000000e+01
2.000000000000000000e+00
5.500000000000000000e+01
1.700000000000000000e+01
1.000000000000000000e+02
0.000000000000000000e+00
3.000000000000000000e+00
1.590000000000000000e+02
1.084000000000000000e+03
2.400000000000000000e+01
0.000000000000000000e+00
0.000000000000000000e+00
0.000000000000000000e+00
0.000000000000000000e+00
5.700000000000000000e+01
6.200000000000000000e+01
0.000000000000000000e+00
1.000000000000000000e+00
3.000000000000000000e+00
3.460000000000000000e+02
0.000000000000000000e+00
0.000000000000000000e+00
2.000000000000000000e+00
2.000000000000000000e+00
0.000000000000000000e+00
0.000000000000000000e+00
0.000000000000000000e+00
4.394000000000000000e+03
2.000000000000000000e+00
0.000000000000000000e+00
0.000000000000000000e+00
1.100000000000000000e+01
1.520000000000000000e+02
6.000000000000000000e+00
4.200000000000000000e+01
4.000000000000000000e+00
3.890000000000000000e+02
8.930000000000000000e+02
3.200000000000000000e+01
2.000000000000000000e+00
4.600000000000000000e+01
0.000000000000000000e+00
1.640000000000000000e+02
0.000000000000000000e+00
0.000000000000000000e+00
3.900000000000000000e+02
1.822000000000000000e+03
4.500000000000000000e+01
2.000000000000000000e+01
0.000000000000000000e+00
3.400000000000000000e+01
0.000000000000000000e+00
9.759000000000000000e+03
1.500000000000000000e+01
2.634000000000000000e+03
2.160000000000000000e+02
3.000000000000000000e+01
2.270000000000000000e+03
4.000000000000000000e+00
1.476000000000000000e+03
0.000000000000000000e+00
4.681000000000000000e+03
0.000000000000000000e+00
1.000000000000000000e+01
0.000000000000000000e+00
1.000000000000000000e+00
1.400000000000000000e+02
3.142200000000000000e+04
3.500000000000000000e+01
0.000000000000000000e+00
0.000000000000000000e+00
0.000000000000000000e+00
2.000000000000000000e+00
6.000000000000000000e+00
3.000000000000000000e+00
1.200000000000000000e+01
0.000000000000000000e+00
0.000000000000000000e+00
0.000000000000000000e+00
3.200000000000000000e+01
1.380000000000000000e+02
0.000000000000000000e+00
0.000000000000000000e+00
0.000000000000000000e+00
4.800000000000000000e+01
6.000000000000000000e+00
6.000000000000000000e+00
1.000000000000000000e+00
1.000000000000000000e+00
0.000000000000000000e+00
0.000000000000000000e+00
1.800000000000000000e+01
1.284700000000000000e+04
2.900000000000000000e+01
2.200000000000000000e+01
0.000000000000000000e+00
6.100000000000000000e+01
4.000000000000000000e+00
1.000000000000000000e+00
8.000000000000000000e+00
2.000000000000000000e+00
1.000000000000000000e+00
6.730000000000000000e+02
0.000000000000000000e+00
3.100000000000000000e+01
6.000000000000000000e+00
2.000000000000000000e+00
3.000000000000000000e+00
0.000000000000000000e+00
6.000000000000000000e+00
0.000000000000000000e+00
3.400000000000000000e+01
4.220000000000000000e+02
0.000000000000000000e+00
0.000000000000000000e+00
3.000000000000000000e+00
0.000000000000000000e+00
0.000000000000000000e+00
0.000000000000000000e+00
8.000000000000000000e+00
0.000000000000000000e+00
3.000000000000000000e+00
0.000000000000000000e+00
1.700000000000000000e+01
3.900000000000000000e+01
8.650000000000000000e+02
2.600000000000000000e+01
4.000000000000000000e+00
1.400000000000000000e+01
0.000000000000000000e+00
0.000000000000000000e+00
4.000000000000000000e+00
2.000000000000000000e+00
8.000000000000000000e+00
6.000000000000000000e+00
4.000000000000000000e+00
2.300000000000000000e+01
1.000000000000000000e+01
2.000000000000000000e+00
2.000000000000000000e+00
4.300000000000000000e+01
1.700000000000000000e+01
1.000000000000000000e+00
0.000000000000000000e+00
5.468000000000000000e+03
2.000000000000000000e+00
0.000000000000000000e+00
0.000000000000000000e+00
5.530000000000000000e+02
1.500000000000000000e+01
1.100000000000000000e+01
0.000000000000000000e+00
4.500000000000000000e+01
1.600000000000000000e+01
0.000000000000000000e+00
1.200000000000000000e+01
2.000000000000000000e+00
2.000000000000000000e+00
2.000000000000000000e+00
7.000000000000000000e+00
0.000000000000000000e+00
3.000000000000000000e+00
3.000000000000000000e+00
1.500000000000000000e+01
5.110000000000000000e+02
1.760000000000000000e+02
1.000000000000000000e+00
4.900000000000000000e+01
6.583000000000000000e+03
0.000000000000000000e+00
3.120000000000000000e+02
0.000000000000000000e+00
2.000000000000000000e+00
4.100000000000000000e+01
0.000000000000000000e+00
0.000000000000000000e+00
2.000000000000000000e+00
0.000000000000000000e+00
9.000000000000000000e+00
0.000000000000000000e+00
0.000000000000000000e+00
2.000000000000000000e+00
1.039000000000000000e+03
2.500000000000000000e+01
3.600000000000000000e+01
1.434100000000000000e+04
3.300000000000000000e+01
0.000000000000000000e+00
0.000000000000000000e+00
3.000000000000000000e+01
1.000000000000000000e+00
1.000000000000000000e+00
0.000000000000000000e+00
3.000000000000000000e+00
0.000000000000000000e+00
4.100000000000000000e+01
0.000000000000000000e+00
1.099000000000000000e+04
2.409000000000000000e+03
1.750000000000000000e+02
1.000000000000000000e+01
4.470000000000000000e+02
3.000000000000000000e+00
3.557000000000000000e+03
4.370000000000000000e+02
0.000000000000000000e+00
6.300000000000000000e+01
0.000000000000000000e+00
1.000000000000000000e+01
2.000000000000000000e+00
4.600000000000000000e+01
7.700000000000000000e+01
6.000000000000000000e+00
3.700000000000000000e+01
0.000000000000000000e+00
2.550000000000000000e+02
0.000000000000000000e+00
0.000000000000000000e+00
1.782100000000000000e+04
0.000000000000000000e+00
0.000000000000000000e+00
0.000000000000000000e+00
2.060000000000000000e+02
9.000000000000000000e+00
1.000000000000000000e+00
7.700000000000000000e+01
0.000000000000000000e+00
0.000000000000000000e+00
0.000000000000000000e+00
7.000000000000000000e+00
0.000000000000000000e+00
0.000000000000000000e+00
9.000000000000000000e+00
1.300000000000000000e+01
0.000000000000000000e+00
1.600000000000000000e+01
0.000000000000000000e+00
8.800000000000000000e+01
3.200000000000000000e+01
4.100000000000000000e+01
6.009000000000000000e+03
0.000000000000000000e+00
4.300000000000000000e+01
0.000000000000000000e+00
1.210000000000000000e+02
0.000000000000000000e+00
0.000000000000000000e+00
0.000000000000000000e+00
2.000000000000000000e+01
1.143000000000000000e+03
1.700000000000000000e+01
0.000000000000000000e+00
0.000000000000000000e+00
2.000000000000000000e+00
1.000000000000000000e+00
1.200000000000000000e+01
0.000000000000000000e+00
0.000000000000000000e+00
0.000000000000000000e+00
0.000000000000000000e+00
5.400000000000000000e+01
1.510000000000000000e+02
4.100000000000000000e+01
1.500000000000000000e+01
0.000000000000000000e+00
7.000000000000000000e+00
0.000000000000000000e+00
1.410000000000000000e+02
3.424000000000000000e+03
1.390000000000000000e+02
2.761000000000000000e+03
0.000000000000000000e+00
4.000000000000000000e+00
2.400000000000000000e+01
1.400000000000000000e+01
3.800000000000000000e+01
7.000000000000000000e+01
3.580000000000000000e+02
0.000000000000000000e+00
1.260000000000000000e+02
0.000000000000000000e+00
2.000000000000000000e+00
3.500000000000000000e+01
4.590000000000000000e+02
3.831000000000000000e+03
8.500000000000000000e+01
0.000000000000000000e+00
2.500000000000000000e+01
1.000000000000000000e+00
1.200000000000000000e+01
3.800000000000000000e+01
0.000000000000000000e+00
7.000000000000000000e+00
0.000000000000000000e+00
1.800000000000000000e+01
3.010000000000000000e+02
3.000000000000000000e+00
2.000000000000000000e+00
3.400000000000000000e+01
1.960000000000000000e+02
4.000000000000000000e+00
1.780000000000000000e+02
0.000000000000000000e+00
1.000000000000000000e+00
6.100000000000000000e+01
1.694000000000000000e+03
7.763000000000000000e+03
0.000000000000000000e+00
1.460000000000000000e+02
3.300000000000000000e+01
1.300000000000000000e+01
1.759000000000000000e+03
3.000000000000000000e+00
0.000000000000000000e+00
0.000000000000000000e+00
0.000000000000000000e+00
4.000000000000000000e+00
3.801400000000000000e+04
6.200000000000000000e+01
0.000000000000000000e+00
4.000000000000000000e+00
2.100000000000000000e+01
1.400000000000000000e+01
6.000000000000000000e+00
8.600000000000000000e+01
0.000000000000000000e+00
0.000000000000000000e+00
2.790000000000000000e+02
6.000000000000000000e+00
0.000000000000000000e+00
0.000000000000000000e+00
5.170000000000000000e+02
0.000000000000000000e+00
4.000000000000000000e+00
2.700000000000000000e+01
8.100000000000000000e+01
3.630000000000000000e+02
1.127200000000000000e+04
0.000000000000000000e+00
0.000000000000000000e+00
0.000000000000000000e+00
4.490000000000000000e+02
1.000000000000000000e+01
3.400000000000000000e+01
2.100000000000000000e+01
2.040000000000000000e+02
2.000000000000000000e+00
2.350000000000000000e+02
0.000000000000000000e+00
1.000000000000000000e+00
6.000000000000000000e+00
2.000000000000000000e+00
4.000000000000000000e+00
1.100000000000000000e+01
6.000000000000000000e+01
1.200000000000000000e+01
0.000000000000000000e+00
2.000000000000000000e+00
2.700000000000000000e+01
5.100000000000000000e+01
6.000000000000000000e+00
0.000000000000000000e+00
2.800000000000000000e+01
6.000000000000000000e+00
0.000000000000000000e+00
2.000000000000000000e+00
0.000000000000000000e+00
5.000000000000000000e+00
5.800000000000000000e+01
5.100000000000000000e+01
5.600000000000000000e+02
7.900000000000000000e+01
1.349500000000000000e+04
0.000000000000000000e+00
1.000000000000000000e+00
5.000000000000000000e+00
0.000000000000000000e+00
0.000000000000000000e+00
1.000000000000000000e+00
0.000000000000000000e+00
0.000000000000000000e+00
0.000000000000000000e+00
6.200000000000000000e+01
0.000000000000000000e+00
0.000000000000000000e+00
0.000000000000000000e+00
3.400000000000000000e+01
1.821200000000000000e+04
1.210000000000000000e+02
2.100000000000000000e+01
1.204000000000000000e+03
0.000000000000000000e+00
6.500000000000000000e+01
2.000000000000000000e+00
2.000000000000000000e+00
0.000000000000000000e+00
0.000000000000000000e+00
0.000000000000000000e+00
0.000000000000000000e+00
0.000000000000000000e+00
0.000000000000000000e+00
0.000000000000000000e+00
8.000000000000000000e+00
1.900000000000000000e+01
4.697000000000000000e+03
0.000000000000000000e+00
7.000000000000000000e+00
1.000000000000000000e+00
1.430000000000000000e+02
0.000000000000000000e+00
1.456000000000000000e+03
1.900000000000000000e+01
1.400000000000000000e+01
4.000000000000000000e+00
5.550000000000000000e+02
6.600000000000000000e+01
5.000000000000000000e+00
0.000000000000000000e+00
8.050000000000000000e+02
4.977000000000000000e+03
8.000000000000000000e+00
9.000000000000000000e+00
0.000000000000000000e+00
2.390000000000000000e+02
5.200000000000000000e+01
0.000000000000000000e+00
5.675000000000000000e+03
2.600000000000000000e+01
3.292000000000000000e+03
2.000000000000000000e+00
8.500000000000000000e+01
1.500000000000000000e+01
0.000000000000000000e+00
3.800000000000000000e+01
0.000000000000000000e+00
3.180000000000000000e+02
5.000000000000000000e+00
0.000000000000000000e+00
0.000000000000000000e+00
0.000000000000000000e+00
3.000000000000000000e+00
4.000000000000000000e+00
0.000000000000000000e+00
2.000000000000000000e+00
1.000000000000000000e+00
1.625400000000000000e+04
0.000000000000000000e+00
1.694000000000000000e+03
1.400000000000000000e+01
5.000000000000000000e+01
5.000000000000000000e+02
9.000000000000000000e+00
1.040000000000000000e+02
1.600000000000000000e+01
0.000000000000000000e+00
7.300000000000000000e+01
0.000000000000000000e+00
1.000000000000000000e+00
3.000000000000000000e+00
0.000000000000000000e+00
4.000000000000000000e+00
0.000000000000000000e+00
1.707900000000000000e+04
0.000000000000000000e+00
0.000000000000000000e+00
2.000000000000000000e+00
8.000000000000000000e+00
0.000000000000000000e+00
1.000000000000000000e+01
0.000000000000000000e+00
2.000000000000000000e+00
0.000000000000000000e+00
1.000000000000000000e+00
2.120000000000000000e+02
1.276200000000000000e+04
1.000000000000000000e+00
7.000000000000000000e+00
6.000000000000000000e+00
2.770000000000000000e+02
6.000000000000000000e+01
1.200000000000000000e+01
2.570000000000000000e+02
5.000000000000000000e+00
1.000000000000000000e+00
1.900000000000000000e+01
3.000000000000000000e+01
0.000000000000000000e+00
1.000000000000000000e+00
0.000000000000000000e+00
6.073000000000000000e+03
4.000000000000000000e+00
1.650000000000000000e+02
6.130000000000000000e+02
1.000000000000000000e+00
6.000000000000000000e+00
0.000000000000000000e+00
8.000000000000000000e+00
0.000000000000000000e+00
0.000000000000000000e+00
3.800000000000000000e+01
4.200000000000000000e+01
3.400000000000000000e+01
0.000000000000000000e+00
0.000000000000000000e+00
6.000000000000000000e+00
0.000000000000000000e+00
1.900000000000000000e+01
3.000000000000000000e+00
1.300000000000000000e+01
2.510000000000000000e+02
0.000000000000000000e+00
1.325000000000000000e+03
5.000000000000000000e+00
8.000000000000000000e+00
2.000000000000000000e+00
0.000000000000000000e+00
2.000000000000000000e+01
0.000000000000000000e+00
1.000000000000000000e+00
6.000000000000000000e+00
1.000000000000000000e+00
0.000000000000000000e+00
1.100000000000000000e+01
5.000000000000000000e+00
5.000000000000000000e+00
0.000000000000000000e+00
7.400000000000000000e+01
1.000000000000000000e+00
1.690000000000000000e+02
2.000000000000000000e+00
1.930000000000000000e+02
0.000000000000000000e+00
6.000000000000000000e+00
0.000000000000000000e+00
0.000000000000000000e+00
0.000000000000000000e+00
6.000000000000000000e+00
0.000000000000000000e+00
0.000000000000000000e+00
2.000000000000000000e+00
8.500000000000000000e+01
6.850000000000000000e+02
0.000000000000000000e+00
4.100000000000000000e+01
1.000000000000000000e+00
3.000000000000000000e+00
1.400000000000000000e+01
4.700000000000000000e+01
1.500000000000000000e+01
9.000000000000000000e+00
0.000000000000000000e+00
0.000000000000000000e+00
3.600000000000000000e+01
0.000000000000000000e+00
0.000000000000000000e+00
7.600000000000000000e+01
0.000000000000000000e+00
0.000000000000000000e+00
0.000000000000000000e+00
1.000000000000000000e+00
2.000000000000000000e+00
0.000000000000000000e+00
1.528000000000000000e+03
0.000000000000000000e+00
0.000000000000000000e+00
1.000000000000000000e+00
0.000000000000000000e+00
6.000000000000000000e+00
7.180000000000000000e+03
0.000000000000000000e+00
2.114200000000000000e+04
2.000000000000000000e+00
0.000000000000000000e+00
2.000000000000000000e+00
3.330000000000000000e+02
2.500000000000000000e+01
0.000000000000000000e+00
0.000000000000000000e+00
1.743000000000000000e+03
1.000000000000000000e+00
1.980000000000000000e+02
0.000000000000000000e+00
6.000000000000000000e+00
7.000000000000000000e+00
0.000000000000000000e+00
0.000000000000000000e+00
0.000000000000000000e+00
1.000000000000000000e+01
4.000000000000000000e+00
7.000000000000000000e+00
2.000000000000000000e+00
1.716000000000000000e+03
8.000000000000000000e+00
5.466300000000000000e+04
0.000000000000000000e+00
3.000000000000000000e+00
1.680000000000000000e+02
0.000000000000000000e+00
0.000000000000000000e+00
2.000000000000000000e+00
4.000000000000000000e+00
2.000000000000000000e+00
0.000000000000000000e+00
0.000000000000000000e+00
0.000000000000000000e+00
5.100000000000000000e+01
1.000000000000000000e+00
0.000000000000000000e+00
1.632000000000000000e+03
0.000000000000000000e+00
4.000000000000000000e+00
1.000000000000000000e+00
0.000000000000000000e+00
1.009000000000000000e+03
1.100000000000000000e+01
4.000000000000000000e+00
1.400000000000000000e+01
0.000000000000000000e+00
0.000000000000000000e+00
3.000000000000000000e+00
1.000000000000000000e+00
0.000000000000000000e+00
0.000000000000000000e+00
0.000000000000000000e+00
2.000000000000000000e+00
1.120000000000000000e+02
8.000000000000000000e+00
2.800000000000000000e+01
0.000000000000000000e+00
0.000000000000000000e+00
0.000000000000000000e+00
2.000000000000000000e+00
1.292000000000000000e+03
0.000000000000000000e+00
2.060000000000000000e+02
3.000000000000000000e+00
0.000000000000000000e+00
1.400000000000000000e+01
2.607000000000000000e+03
2.000000000000000000e+00
1.810000000000000000e+02
1.220000000000000000e+02
0.000000000000000000e+00
8.000000000000000000e+00
0.000000000000000000e+00
8.000000000000000000e+00
0.000000000000000000e+00
5.000000000000000000e+00
0.000000000000000000e+00
1.000000000000000000e+00
3.000000000000000000e+00
0.000000000000000000e+00
2.000000000000000000e+00
2.670000000000000000e+02
1.365300000000000000e+04
7.000000000000000000e+00
7.480000000000000000e+02
7.341000000000000000e+03
0.000000000000000000e+00
0.000000000000000000e+00
2.000000000000000000e+01
4.000000000000000000e+00
0.000000000000000000e+00
4.000000000000000000e+00
4.500000000000000000e+01
0.000000000000000000e+00
1.200000000000000000e+01
2.889000000000000000e+03
1.000000000000000000e+00
2.100000000000000000e+01
0.000000000000000000e+00
3.700000000000000000e+01
2.000000000000000000e+00
3.048000000000000000e+03
4.000000000000000000e+00
1.100000000000000000e+01
6.340000000000000000e+02
5.800000000000000000e+01
2.044000000000000000e+03
0.000000000000000000e+00
0.000000000000000000e+00
1.900000000000000000e+01
1.000000000000000000e+01
7.000000000000000000e+00
1.200000000000000000e+01
9.000000000000000000e+00
2.170000000000000000e+02
9.900000000000000000e+01
0.000000000000000000e+00
4.000000000000000000e+00
2.190000000000000000e+02
4.900000000000000000e+01
0.000000000000000000e+00
1.100000000000000000e+01
2.000000000000000000e+00
0.000000000000000000e+00
2.000000000000000000e+00
3.700000000000000000e+01
1.000000000000000000e+00
8.000000000000000000e+00
3.810000000000000000e+02
5.300000000000000000e+01
3.150000000000000000e+02
1.900000000000000000e+01
4.000000000000000000e+00
2.131200000000000000e+04
1.000000000000000000e+00
0.000000000000000000e+00
7.700000000000000000e+01
2.480000000000000000e+02
0.000000000000000000e+00
1.900000000000000000e+01
4.871000000000000000e+03
0.000000000000000000e+00
0.000000000000000000e+00
0.000000000000000000e+00
6.989000000000000000e+03
0.000000000000000000e+00
1.000000000000000000e+00
4.500000000000000000e+01
1.400000000000000000e+01
2.000000000000000000e+00
7.300000000000000000e+01
4.700000000000000000e+01
7.700000000000000000e+01
2.000000000000000000e+00
1.000000000000000000e+01
2.234000000000000000e+03
1.000000000000000000e+00
4.203000000000000000e+03
9.200000000000000000e+01
0.000000000000000000e+00
4.000000000000000000e+00
3.600000000000000000e+01
3.402100000000000000e+04
0.000000000000000000e+00
4.800000000000000000e+01
0.000000000000000000e+00
1.500000000000000000e+02
2.000000000000000000e+00
1.900000000000000000e+01
1.000000000000000000e+01
0.000000000000000000e+00
7.700000000000000000e+01
1.000000000000000000e+00
1.000000000000000000e+00
1.000000000000000000e+00
1.700000000000000000e+01
0.000000000000000000e+00
2.420000000000000000e+02
2.000000000000000000e+00
5.500000000000000000e+01
0.000000000000000000e+00
3.000000000000000000e+00
1.000000000000000000e+01
3.000000000000000000e+00
2.520000000000000000e+02
6.000000000000000000e+00
2.200000000000000000e+01
0.000000000000000000e+00
8.700000000000000000e+01
4.000000000000000000e+00
0.000000000000000000e+00
2.000000000000000000e+00
1.020000000000000000e+02
1.500000000000000000e+01
0.000000000000000000e+00
0.000000000000000000e+00
1.000000000000000000e+00
0.000000000000000000e+00
2.000000000000000000e+00
4.000000000000000000e+00
0.000000000000000000e+00
0.000000000000000000e+00
0.000000000000000000e+00
5.100000000000000000e+03
5.220000000000000000e+02
1.800000000000000000e+01
3.500000000000000000e+01
8.100000000000000000e+01
6.000000000000000000e+00
6.800000000000000000e+01
1.923000000000000000e+04
2.000000000000000000e+00
2.600000000000000000e+01
2.690000000000000000e+02
2.100000000000000000e+01
1.800000000000000000e+01
6.958000000000000000e+03
0.000000000000000000e+00
4.000000000000000000e+00
0.000000000000000000e+00
0.000000000000000000e+00
2.900000000000000000e+02
1.000000000000000000e+00
0.000000000000000000e+00
3.000000000000000000e+00
1.418000000000000000e+03
0.000000000000000000e+00
1.230000000000000000e+02
1.810000000000000000e+02
5.000000000000000000e+00
0.000000000000000000e+00
3.000000000000000000e+00
0.000000000000000000e+00
1.390000000000000000e+02
0.000000000000000000e+00
7.000000000000000000e+00
1.260000000000000000e+02
0.000000000000000000e+00
3.000000000000000000e+00
1.330000000000000000e+02
0.000000000000000000e+00
3.800000000000000000e+01
3.500000000000000000e+01
0.000000000000000000e+00
1.754000000000000000e+03
3.000000000000000000e+00
0.000000000000000000e+00
0.000000000000000000e+00
0.000000000000000000e+00
0.000000000000000000e+00
2.000000000000000000e+00
1.000000000000000000e+00
4.000000000000000000e+01
0.000000000000000000e+00
1.800000000000000000e+01
6.500000000000000000e+01
1.000000000000000000e+01
1.117000000000000000e+03
3.320000000000000000e+02
0.000000000000000000e+00
2.000000000000000000e+00
6.000000000000000000e+00
5.200000000000000000e+01
3.200000000000000000e+01
0.000000000000000000e+00
2.000000000000000000e+00
0.000000000000000000e+00
6.000000000000000000e+00
1.300000000000000000e+02
0.000000000000000000e+00
4.000000000000000000e+00
0.000000000000000000e+00
3.220000000000000000e+02
6.960000000000000000e+02
1.500000000000000000e+01
2.000000000000000000e+00
1.731000000000000000e+03
6.500000000000000000e+01
0.000000000000000000e+00
5.500000000000000000e+01
0.000000000000000000e+00
0.000000000000000000e+00
7.920000000000000000e+02
5.453000000000000000e+03
0.000000000000000000e+00
4.685000000000000000e+03
6.000000000000000000e+00
4.918000000000000000e+03
1.500000000000000000e+01
0.000000000000000000e+00
1.000000000000000000e+00
1.000000000000000000e+00
0.000000000000000000e+00
0.000000000000000000e+00
1.100000000000000000e+01
3.600000000000000000e+01
1.600000000000000000e+01
2.000000000000000000e+00
0.000000000000000000e+00
0.000000000000000000e+00
6.492000000000000000e+03
4.000000000000000000e+01
2.760000000000000000e+02
0.000000000000000000e+00
0.000000000000000000e+00
0.000000000000000000e+00
0.000000000000000000e+00
0.000000000000000000e+00
3.800000000000000000e+01
0.000000000000000000e+00
0.000000000000000000e+00
7.000000000000000000e+00
0.000000000000000000e+00
7.200000000000000000e+01
2.840000000000000000e+02
0.000000000000000000e+00
2.200000000000000000e+01
8.000000000000000000e+00
8.300000000000000000e+01
4.100000000000000000e+01
1.200000000000000000e+01
6.000000000000000000e+00
0.000000000000000000e+00
1.600000000000000000e+01
0.000000000000000000e+00
0.000000000000000000e+00
9.600000000000000000e+01
2.336000000000000000e+04
3.000000000000000000e+00
7.900000000000000000e+01
0.000000000000000000e+00
1.357900000000000000e+04
4.300000000000000000e+01
0.000000000000000000e+00
1.800000000000000000e+01
0.000000000000000000e+00
2.920000000000000000e+02
1.400000000000000000e+01
6.900000000000000000e+01
0.000000000000000000e+00
6.600000000000000000e+01
0.000000000000000000e+00
5.530000000000000000e+02
0.000000000000000000e+00
1.870000000000000000e+02
0.000000000000000000e+00
0.000000000000000000e+00
5.860000000000000000e+03
2.000000000000000000e+00
0.000000000000000000e+00
1.000000000000000000e+00
3.720000000000000000e+02
2.900000000000000000e+01
2.400000000000000000e+01
0.000000000000000000e+00
0.000000000000000000e+00
1.090000000000000000e+02
0.000000000000000000e+00
1.000000000000000000e+00
0.000000000000000000e+00
0.000000000000000000e+00
2.200000000000000000e+01
7.000000000000000000e+00
1.500000000000000000e+01
2.000000000000000000e+00
6.000000000000000000e+00
0.000000000000000000e+00
0.000000000000000000e+00
2.000000000000000000e+01
7.000000000000000000e+00
0.000000000000000000e+00
5.900000000000000000e+02
1.300000000000000000e+01
0.000000000000000000e+00
1.000000000000000000e+00
1.000000000000000000e+00
1.000000000000000000e+00
4.441000000000000000e+03
5.000000000000000000e+00
0.000000000000000000e+00
1.000000000000000000e+00
1.000000000000000000e+00
2.020000000000000000e+02
0.000000000000000000e+00
3.000000000000000000e+00
0.000000000000000000e+00
0.000000000000000000e+00
0.000000000000000000e+00
1.449000000000000000e+03
1.581400000000000000e+04
4.000000000000000000e+00
1.600000000000000000e+01
7.000000000000000000e+00
0.000000000000000000e+00
1.000000000000000000e+00
1.000000000000000000e+00
0.000000000000000000e+00
0.000000000000000000e+00
6.300000000000000000e+01
5.000000000000000000e+00
1.340000000000000000e+02
0.000000000000000000e+00
2.000000000000000000e+00
4.000000000000000000e+00
3.000000000000000000e+00
4.510000000000000000e+02
0.000000000000000000e+00
3.400000000000000000e+01
5.800000000000000000e+01
8.000000000000000000e+00
3.000000000000000000e+00
0.000000000000000000e+00
2.000000000000000000e+00
3.000000000000000000e+00
1.300000000000000000e+01
0.000000000000000000e+00
1.400000000000000000e+01
2.000000000000000000e+00
1.700000000000000000e+01
7.000000000000000000e+00
3.000000000000000000e+00
5.115000000000000000e+03
0.000000000000000000e+00
0.000000000000000000e+00
2.510000000000000000e+02
3.700000000000000000e+01
0.000000000000000000e+00
4.100000000000000000e+01
0.000000000000000000e+00
0.000000000000000000e+00
9.320000000000000000e+02
1.800000000000000000e+02
1.000000000000000000e+00
5.000000000000000000e+00
4.000000000000000000e+00
2.000000000000000000e+00
0.000000000000000000e+00
0.000000000000000000e+00
1.300000000000000000e+02
3.077000000000000000e+03
6.000000000000000000e+00
0.000000000000000000e+00
1.810000000000000000e+02
5.470500000000000000e+04
0.000000000000000000e+00
8.000000000000000000e+00
0.000000000000000000e+00
0.000000000000000000e+00
0.000000000000000000e+00
2.000000000000000000e+01
2.000000000000000000e+00
0.000000000000000000e+00
3.000000000000000000e+00
0.000000000000000000e+00
4.000000000000000000e+00
0.000000000000000000e+00
3.260000000000000000e+02
1.700000000000000000e+02
4.000000000000000000e+00
8.900000000000000000e+01
3.500000000000000000e+01
4.000000000000000000e+00
2.890000000000000000e+02
1.720000000000000000e+02
0.000000000000000000e+00
4.852000000000000000e+03
0.000000000000000000e+00
3.060000000000000000e+02
1.970000000000000000e+03
7.700000000000000000e+01
0.000000000000000000e+00
3.400000000000000000e+01
1.800000000000000000e+01
4.460000000000000000e+02
9.144000000000000000e+03
2.000000000000000000e+01
1.670000000000000000e+02
4.000000000000000000e+00
0.000000000000000000e+00
0.000000000000000000e+00
5.000000000000000000e+00
0.000000000000000000e+00
0.000000000000000000e+00
1.000000000000000000e+00
2.000000000000000000e+00
5.100000000000000000e+01
1.000000000000000000e+00
2.800000000000000000e+01
3.340000000000000000e+02
4.040000000000000000e+02
6.000000000000000000e+00
0.000000000000000000e+00
0.000000000000000000e+00
3.921000000000000000e+03
9.930000000000000000e+02
2.000000000000000000e+00
0.000000000000000000e+00
2.000000000000000000e+00
0.000000000000000000e+00
9.000000000000000000e+00
5.530000000000000000e+02
2.300000000000000000e+01
2.000000000000000000e+00
7.825000000000000000e+03
1.800000000000000000e+01
1.100000000000000000e+01
0.000000000000000000e+00
4.200000000000000000e+01
1.000000000000000000e+00
0.000000000000000000e+00
3.800000000000000000e+01
2.000000000000000000e+00
1.050000000000000000e+02
6.000000000000000000e+00
1.000000000000000000e+00
2.000000000000000000e+00
0.000000000000000000e+00
0.000000000000000000e+00
0.000000000000000000e+00
6.000000000000000000e+00
3.460000000000000000e+02
1.000000000000000000e+00
0.000000000000000000e+00
3.700000000000000000e+02
5.400000000000000000e+02
2.000000000000000000e+00
7.100000000000000000e+01
0.000000000000000000e+00
4.160000000000000000e+02
4.000000000000000000e+00
4.000000000000000000e+00
3.000000000000000000e+00
3.000000000000000000e+00
2.000000000000000000e+00
5.680000000000000000e+02
0.000000000000000000e+00
0.000000000000000000e+00
0.000000000000000000e+00
0.000000000000000000e+00
0.000000000000000000e+00
0.000000000000000000e+00
4.230000000000000000e+02
0.000000000000000000e+00
0.000000000000000000e+00
9.700000000000000000e+01
1.885000000000000000e+04
4.630000000000000000e+02
0.000000000000000000e+00
2.000000000000000000e+00
4.300000000000000000e+01
4.000000000000000000e+00
0.000000000000000000e+00
3.000000000000000000e+00
1.289000000000000000e+03
1.000000000000000000e+00
0.000000000000000000e+00
4.393000000000000000e+03
3.150000000000000000e+02
1.000000000000000000e+01
0.000000000000000000e+00
4.000000000000000000e+00
1.000000000000000000e+00
0.000000000000000000e+00
9.000000000000000000e+00
6.000000000000000000e+00
4.000000000000000000e+00
0.000000000000000000e+00
1.200000000000000000e+01
9.000000000000000000e+00
0.000000000000000000e+00
1.806800000000000000e+04
2.900000000000000000e+01
4.000000000000000000e+00
0.000000000000000000e+00
0.000000000000000000e+00
7.000000000000000000e+00
1.000000000000000000e+00
1.313000000000000000e+03
1.760000000000000000e+02
1.000000000000000000e+01
3.000000000000000000e+00
1.000000000000000000e+00
2.000000000000000000e+00
1.000000000000000000e+00
0.000000000000000000e+00
2.300000000000000000e+01
7.000000000000000000e+00
0.000000000000000000e+00
2.700000000000000000e+01
4.960000000000000000e+02
1.200000000000000000e+01
2.500000000000000000e+01
0.000000000000000000e+00
0.000000000000000000e+00
0.000000000000000000e+00
0.000000000000000000e+00
2.269000000000000000e+03
1.100000000000000000e+01
0.000000000000000000e+00
0.000000000000000000e+00
7.000000000000000000e+00
3.000000000000000000e+00
1.500000000000000000e+01
3.000000000000000000e+00
4.200000000000000000e+02
2.050000000000000000e+02
4.000000000000000000e+01
3.000000000000000000e+00
1.000000000000000000e+01
1.200000000000000000e+01
6.000000000000000000e+00
2.200000000000000000e+01
2.000000000000000000e+00
2.000000000000000000e+00
0.000000000000000000e+00
2.000000000000000000e+00
3.420000000000000000e+02
4.410000000000000000e+02
0.000000000000000000e+00
2.300000000000000000e+01
3.000000000000000000e+01
0.000000000000000000e+00
3.200000000000000000e+01
2.000000000000000000e+00
3.400000000000000000e+02
0.000000000000000000e+00
0.000000000000000000e+00
2.000000000000000000e+00
7.000000000000000000e+00
0.000000000000000000e+00
8.000000000000000000e+00
0.000000000000000000e+00
6.000000000000000000e+00
0.000000000000000000e+00
5.000000000000000000e+00
3.000000000000000000e+00
8.000000000000000000e+01
2.800000000000000000e+01
0.000000000000000000e+00
3.800000000000000000e+01
2.500000000000000000e+01
1.153000000000000000e+03
1.010000000000000000e+02
0.000000000000000000e+00
0.000000000000000000e+00
0.000000000000000000e+00
0.000000000000000000e+00
2.000000000000000000e+00
1.690000000000000000e+02
9.000000000000000000e+00
5.000000000000000000e+00
1.560000000000000000e+02
2.800000000000000000e+01
1.097600000000000000e+04
0.000000000000000000e+00
4.000000000000000000e+00
2.475000000000000000e+03
2.580000000000000000e+02
2.900000000000000000e+02
1.200000000000000000e+01
3.115000000000000000e+03
1.200000000000000000e+01
0.000000000000000000e+00
1.000000000000000000e+01
9.000000000000000000e+00
1.000000000000000000e+01
1.400000000000000000e+01
1.360000000000000000e+02
6.000000000000000000e+00
8.470000000000000000e+02
0.000000000000000000e+00
6.000000000000000000e+00
1.040000000000000000e+02
0.000000000000000000e+00
0.000000000000000000e+00
0.000000000000000000e+00
3.020000000000000000e+02
1.665000000000000000e+03
1.000000000000000000e+01
2.200000000000000000e+01
0.000000000000000000e+00
5.000000000000000000e+00
0.000000000000000000e+00
1.000000000000000000e+00
0.000000000000000000e+00
0.000000000000000000e+00
2.290000000000000000e+02
0.000000000000000000e+00
1.000000000000000000e+00
0.000000000000000000e+00
9.000000000000000000e+00
8.000000000000000000e+00
0.000000000000000000e+00
2.200000000000000000e+01
8.050000000000000000e+02
0.000000000000000000e+00
0.000000000000000000e+00
0.000000000000000000e+00
2.000000000000000000e+00
1.000000000000000000e+00
9.000000000000000000e+00
2.300000000000000000e+01
1.533000000000000000e+03
1.100000000000000000e+01
2.401000000000000000e+03
2.500000000000000000e+01
3.000000000000000000e+00
1.419100000000000000e+04
0.000000000000000000e+00
1.300000000000000000e+01
0.000000000000000000e+00
1.778000000000000000e+03
1.500000000000000000e+01
7.000000000000000000e+00
0.000000000000000000e+00
3.612000000000000000e+03
0.000000000000000000e+00
7.000000000000000000e+00
3.000000000000000000e+00
0.000000000000000000e+00
0.000000000000000000e+00
0.000000000000000000e+00
0.000000000000000000e+00
3.210000000000000000e+02
3.000000000000000000e+00
2.900000000000000000e+01
0.000000000000000000e+00
0.000000000000000000e+00
1.650000000000000000e+02
1.300000000000000000e+01
0.000000000000000000e+00
7.000000000000000000e+00
1.326000000000000000e+03
5.210000000000000000e+02
5.900000000000000000e+01
8.500000000000000000e+01
2.030000000000000000e+02
3.190000000000000000e+02
0.000000000000000000e+00
0.000000000000000000e+00
1.100000000000000000e+01
4.300000000000000000e+01
3.300000000000000000e+01
1.200000000000000000e+01
1.000000000000000000e+00
5.000000000000000000e+00
0.000000000000000000e+00
0.000000000000000000e+00
3.142000000000000000e+03
0.000000000000000000e+00
0.000000000000000000e+00
0.000000000000000000e+00
1.760000000000000000e+02
1.000000000000000000e+01
4.000000000000000000e+00
3.000000000000000000e+01
0.000000000000000000e+00
0.000000000000000000e+00
3.820000000000000000e+02
4.000000000000000000e+00
7.100000000000000000e+01
6.000000000000000000e+00
6.000000000000000000e+00
6.900000000000000000e+01
3.748000000000000000e+03
0.000000000000000000e+00
0.000000000000000000e+00
8.060000000000000000e+02
0.000000000000000000e+00
0.000000000000000000e+00
0.000000000000000000e+00
1.440000000000000000e+02
4.239800000000000000e+04
1.228000000000000000e+03
1.200000000000000000e+01
0.000000000000000000e+00
5.000000000000000000e+00
4.279000000000000000e+03
1.200000000000000000e+01
2.000000000000000000e+00
6.520000000000000000e+02
3.600000000000000000e+01
0.000000000000000000e+00
1.580000000000000000e+02
2.000000000000000000e+00
2.400000000000000000e+01
0.000000000000000000e+00
3.800000000000000000e+01
1.140000000000000000e+02
3.110000000000000000e+03
1.000000000000000000e+00
0.000000000000000000e+00
3.950000000000000000e+03
0.000000000000000000e+00
3.000000000000000000e+00
0.000000000000000000e+00
0.000000000000000000e+00
5.000000000000000000e+00
1.960000000000000000e+02
2.000000000000000000e+00
1.000000000000000000e+00
8.700000000000000000e+01
4.700000000000000000e+01
5.600000000000000000e+01
4.640000000000000000e+02
1.597000000000000000e+03
0.000000000000000000e+00
0.000000000000000000e+00
1.930000000000000000e+02
5.500000000000000000e+01
1.000000000000000000e+00
1.000000000000000000e+00
1.000000000000000000e+01
1.210000000000000000e+02
3.320000000000000000e+02
3.600000000000000000e+01
0.000000000000000000e+00
6.800000000000000000e+01
2.000000000000000000e+00
1.000000000000000000e+00
1.650000000000000000e+02
3.300000000000000000e+01
0.000000000000000000e+00
0.000000000000000000e+00
1.000000000000000000e+01
3.000000000000000000e+00
1.000000000000000000e+00
1.000000000000000000e+00
2.240000000000000000e+02
3.410000000000000000e+02
0.000000000000000000e+00
0.000000000000000000e+00
0.000000000000000000e+00
0.000000000000000000e+00
3.300000000000000000e+01
2.000000000000000000e+00
1.800000000000000000e+01
5.320000000000000000e+02
6.000000000000000000e+00
1.000000000000000000e+00
2.214000000000000000e+03
0.000000000000000000e+00
2.050000000000000000e+02
4.000000000000000000e+00
0.000000000000000000e+00
6.530000000000000000e+02
0.000000000000000000e+00
1.000000000000000000e+00
2.900000000000000000e+01
2.000000000000000000e+00
7.000000000000000000e+00
5.600000000000000000e+01
2.200000000000000000e+01
0.000000000000000000e+00
8.280000000000000000e+02
0.000000000000000000e+00
1.000000000000000000e+00
1.900000000000000000e+01
4.500000000000000000e+01
2.500000000000000000e+01
2.280000000000000000e+02
3.154900000000000000e+04
6.000000000000000000e+00
0.000000000000000000e+00
9.000000000000000000e+01
6.600000000000000000e+01
5.300000000000000000e+01
0.000000000000000000e+00
1.000000000000000000e+01
3.000000000000000000e+00
8.000000000000000000e+00
1.000000000000000000e+01
5.920000000000000000e+02
0.000000000000000000e+00
3.500000000000000000e+01
8.200000000000000000e+01
3.540000000000000000e+02
0.000000000000000000e+00
1.440000000000000000e+02
4.596000000000000000e+03
0.000000000000000000e+00
1.510000000000000000e+03
1.000000000000000000e+01
0.000000000000000000e+00
9.400000000000000000e+01
1.000000000000000000e+00
2.823800000000000000e+04
8.700000000000000000e+01
1.240000000000000000e+02
3.000000000000000000e+01
2.420000000000000000e+02
0.000000000000000000e+00
1.500000000000000000e+01
4.100000000000000000e+01
0.000000000000000000e+00
1.260000000000000000e+02
4.100000000000000000e+01
0.000000000000000000e+00
4.000000000000000000e+00
2.099000000000000000e+03
0.000000000000000000e+00
1.340000000000000000e+02
0.000000000000000000e+00
1.556100000000000000e+04
3.000000000000000000e+00
0.000000000000000000e+00
0.000000000000000000e+00
7.200000000000000000e+02
7.800000000000000000e+01
8.100000000000000000e+01
1.310000000000000000e+02
4.760000000000000000e+02
4.250000000000000000e+02
1.000000000000000000e+00
4.598000000000000000e+03
4.000000000000000000e+00
2.460000000000000000e+02
2.970000000000000000e+02
6.000000000000000000e+00
4.600000000000000000e+01
1.584000000000000000e+03
3.200000000000000000e+01
0.000000000000000000e+00
2.000000000000000000e+00
4.000000000000000000e+00
2.005000000000000000e+03
5.600000000000000000e+01
4.000000000000000000e+00
1.490000000000000000e+02
3.000000000000000000e+00
0.000000000000000000e+00
3.000000000000000000e+00
1.000000000000000000e+00
0.000000000000000000e+00
2.080000000000000000e+02
4.000000000000000000e+00
6.207000000000000000e+03
1.000000000000000000e+00
1.396000000000000000e+03
1.670000000000000000e+02
0.000000000000000000e+00
0.000000000000000000e+00
6.000000000000000000e+00
0.000000000000000000e+00
4.300000000000000000e+01
0.000000000000000000e+00
4.000000000000000000e+00
2.000000000000000000e+00
3.000000000000000000e+00
9.000000000000000000e+00
1.163000000000000000e+03
0.000000000000000000e+00
0.000000000000000000e+00
0.000000000000000000e+00
0.000000000000000000e+00
0.000000000000000000e+00
0.000000000000000000e+00
3.000000000000000000e+00
1.000000000000000000e+00
1.200000000000000000e+01
2.500000000000000000e+02
0.000000000000000000e+00
6.000000000000000000e+00
0.000000000000000000e+00
0.000000000000000000e+00
1.000000000000000000e+01
5.810000000000000000e+02
0.000000000000000000e+00
1.500000000000000000e+01
2.900000000000000000e+01
0.000000000000000000e+00
0.000000000000000000e+00
1.345000000000000000e+03
0.000000000000000000e+00
0.000000000000000000e+00
0.000000000000000000e+00
5.300000000000000000e+01
2.000000000000000000e+00
3.000000000000000000e+00
3.640000000000000000e+02
1.297000000000000000e+03
5.800000000000000000e+01
3.200000000000000000e+01
0.000000000000000000e+00
1.800000000000000000e+01
1.400000000000000000e+01
2.900000000000000000e+01
0.000000000000000000e+00
0.000000000000000000e+00
1.000000000000000000e+00
3.100000000000000000e+01
0.000000000000000000e+00
0.000000000000000000e+00
1.000000000000000000e+00
7.000000000000000000e+00
0.000000000000000000e+00
0.000000000000000000e+00
1.158000000000000000e+03
1.000000000000000000e+01
3.000000000000000000e+00
1.100000000000000000e+01
0.000000000000000000e+00
9.100000000000000000e+01
5.000000000000000000e+00
2.900000000000000000e+01
0.000000000000000000e+00
7.300000000000000000e+01
9.000000000000000000e+02
1.800000000000000000e+01
2.000000000000000000e+00
2.920000000000000000e+02
1.200000000000000000e+01
3.030000000000000000e+02
5.000000000000000000e+01
0.000000000000000000e+00
0.000000000000000000e+00
4.000000000000000000e+00
2.445000000000000000e+03
0.000000000000000000e+00
1.000000000000000000e+00
2.000000000000000000e+00
1.368000000000000000e+03
0.000000000000000000e+00
3.560000000000000000e+02
3.300000000000000000e+01
1.000000000000000000e+01
1.000000000000000000e+00
1.000000000000000000e+00
0.000000000000000000e+00
0.000000000000000000e+00
8.700000000000000000e+01
1.200000000000000000e+01
0.000000000000000000e+00
3.800000000000000000e+01
0.000000000000000000e+00
2.600000000000000000e+01
3.000000000000000000e+00
1.000000000000000000e+00
0.000000000000000000e+00
2.700000000000000000e+01
0.000000000000000000e+00
0.000000000000000000e+00
0.000000000000000000e+00
4.600000000000000000e+01
3.000000000000000000e+00
2.650000000000000000e+02
0.000000000000000000e+00
1.000000000000000000e+00
1.000000000000000000e+00
4.230000000000000000e+02
2.000000000000000000e+00
1.000000000000000000e+00
1.000000000000000000e+00
2.000000000000000000e+00
0.000000000000000000e+00
1.000000000000000000e+00
0.000000000000000000e+00
5.000000000000000000e+01
1.200000000000000000e+02
1.420000000000000000e+02
8.000000000000000000e+00
4.660000000000000000e+02
9.580200000000000000e+04
4.000000000000000000e+00
7.800000000000000000e+01
3.330000000000000000e+02
3.000000000000000000e+00
1.120000000000000000e+02
3.000000000000000000e+00
7.000000000000000000e+00
3.000000000000000000e+00
8.500000000000000000e+01
2.000000000000000000e+00
6.000000000000000000e+00
0.000000000000000000e+00
0.000000000000000000e+00
4.920000000000000000e+02
1.551100000000000000e+04
0.000000000000000000e+00
2.000000000000000000e+00
1.700000000000000000e+01
2.000000000000000000e+00
3.770000000000000000e+02
1.000000000000000000e+00
3.010000000000000000e+02
1.193000000000000000e+03
2.630000000000000000e+02
0.000000000000000000e+00
2.000000000000000000e+00
2.310000000000000000e+03
2.400000000000000000e+02
0.000000000000000000e+00
0.000000000000000000e+00
1.700000000000000000e+01
0.000000000000000000e+00
0.000000000000000000e+00
1.000000000000000000e+00
1.030000000000000000e+03
0.000000000000000000e+00
2.540000000000000000e+02
8.000000000000000000e+00
1.700000000000000000e+01
2.000000000000000000e+00
0.000000000000000000e+00
0.000000000000000000e+00
0.000000000000000000e+00
6.300000000000000000e+01
2.000000000000000000e+01
1.300000000000000000e+02
7.000000000000000000e+00
4.500000000000000000e+01
7.780000000000000000e+02
1.800000000000000000e+01
5.711000000000000000e+03
5.400000000000000000e+01
0.000000000000000000e+00
0.000000000000000000e+00
0.000000000000000000e+00
4.000000000000000000e+00
3.100000000000000000e+01
0.000000000000000000e+00
0.000000000000000000e+00
3.000000000000000000e+01
4.000000000000000000e+01
2.000000000000000000e+00
3.900000000000000000e+01
1.000000000000000000e+00
3.500000000000000000e+01
8.100000000000000000e+02
6.000000000000000000e+00
0.000000000000000000e+00
2.000000000000000000e+00
1.317000000000000000e+03
2.900000000000000000e+01
0.000000000000000000e+00
1.720000000000000000e+03
0.000000000000000000e+00
2.089400000000000000e+04
0.000000000000000000e+00
2.000000000000000000e+00
9.000000000000000000e+00
0.000000000000000000e+00
0.000000000000000000e+00
1.690000000000000000e+02
1.000000000000000000e+00
0.000000000000000000e+00
1.450000000000000000e+02
5.200000000000000000e+01
2.360000000000000000e+02
8.000000000000000000e+01
2.710000000000000000e+02
1.000000000000000000e+00
0.000000000000000000e+00
0.000000000000000000e+00
0.000000000000000000e+00
0.000000000000000000e+00
0.000000000000000000e+00
0.000000000000000000e+00
1.760000000000000000e+02
0.000000000000000000e+00
2.510000000000000000e+02
8.000000000000000000e+00
4.100000000000000000e+01
1.145000000000000000e+03
0.000000000000000000e+00
0.000000000000000000e+00
4.140000000000000000e+02
4.557500000000000000e+04
0.000000000000000000e+00
2.887000000000000000e+03
0.000000000000000000e+00
6.600000000000000000e+01
2.800000000000000000e+01
0.000000000000000000e+00
0.000000000000000000e+00
1.000000000000000000e+01
2.900000000000000000e+01
1.000000000000000000e+00
3.616000000000000000e+03
9.300000000000000000e+01
1.000000000000000000e+00
5.000000000000000000e+00
0.000000000000000000e+00
6.000000000000000000e+00
0.000000000000000000e+00
2.900000000000000000e+01
1.000000000000000000e+00
1.000000000000000000e+00
1.000000000000000000e+00
6.000000000000000000e+00
0.000000000000000000e+00
1.700000000000000000e+01
4.110000000000000000e+02
3.000000000000000000e+00
0.000000000000000000e+00
0.000000000000000000e+00
7.000000000000000000e+00
0.000000000000000000e+00
0.000000000000000000e+00
0.000000000000000000e+00
1.400000000000000000e+01
2.906000000000000000e+03
1.800000000000000000e+01
6.940000000000000000e+02
7.300000000000000000e+01
9.000000000000000000e+00
1.000000000000000000e+00
2.100000000000000000e+01
4.604000000000000000e+03
0.000000000000000000e+00
3.170000000000000000e+02
0.000000000000000000e+00
6.000000000000000000e+00
3.800000000000000000e+01
3.270000000000000000e+02
4.280000000000000000e+02
2.710000000000000000e+02
0.000000000000000000e+00
0.000000000000000000e+00
1.300000000000000000e+01
3.200000000000000000e+01
1.100000000000000000e+01
0.000000000000000000e+00
0.000000000000000000e+00
8.519000000000000000e+03
3.000000000000000000e+00
5.000000000000000000e+00
1.000000000000000000e+01
5.000000000000000000e+00
0.000000000000000000e+00
3.860000000000000000e+02
1.000000000000000000e+00
0.000000000000000000e+00
2.000000000000000000e+00
2.400000000000000000e+01
0.000000000000000000e+00
8.000000000000000000e+00
1.100000000000000000e+01
1.200000000000000000e+01
1.700000000000000000e+01
3.500000000000000000e+01
1.600000000000000000e+02
1.700000000000000000e+01
3.400000000000000000e+01
2.000000000000000000e+00
2.200000000000000000e+01
1.500000000000000000e+01
2.000000000000000000e+00
4.000000000000000000e+00
8.652000000000000000e+03
6.790000000000000000e+02
0.000000000000000000e+00
2.401000000000000000e+03
3.000000000000000000e+03
7.700000000000000000e+01
1.000000000000000000e+00
2.652000000000000000e+03
1.000000000000000000e+00
1.000000000000000000e+00
5.190000000000000000e+02
4.000000000000000000e+00
1.000000000000000000e+01
1.100000000000000000e+01
8.900000000000000000e+01
3.570000000000000000e+02
0.000000000000000000e+00
2.000000000000000000e+00
0.000000000000000000e+00
0.000000000000000000e+00
1.200000000000000000e+01
4.000000000000000000e+00
1.210000000000000000e+02
0.000000000000000000e+00
1.990000000000000000e+02
2.942000000000000000e+03
0.000000000000000000e+00
0.000000000000000000e+00
0.000000000000000000e+00
0.000000000000000000e+00
2.100000000000000000e+01
7.700000000000000000e+01
1.600000000000000000e+01
0.000000000000000000e+00
1.700000000000000000e+01
1.000000000000000000e+00
0.000000000000000000e+00
0.000000000000000000e+00
6.000000000000000000e+00
5.600000000000000000e+01
5.000000000000000000e+00
4.000000000000000000e+00
0.000000000000000000e+00
4.000000000000000000e+00
1.296000000000000000e+03
6.331000000000000000e+03
4.000000000000000000e+00
0.000000000000000000e+00
7.500000000000000000e+01
0.000000000000000000e+00
1.000000000000000000e+00
4.400000000000000000e+02
1.900000000000000000e+01
5.240000000000000000e+02
0.000000000000000000e+00
0.000000000000000000e+00
0.000000000000000000e+00
0.000000000000000000e+00
0.000000000000000000e+00
2.700000000000000000e+01
8.000000000000000000e+00
7.000000000000000000e+00
1.470000000000000000e+02
9.390000000000000000e+02
6.400000000000000000e+01
1.060000000000000000e+02
1.690000000000000000e+02
3.200000000000000000e+01
3.780000000000000000e+02
0.000000000000000000e+00
1.538000000000000000e+03
1.390000000000000000e+02
0.000000000000000000e+00
1.037700000000000000e+04
1.110000000000000000e+02
4.000000000000000000e+01
0.000000000000000000e+00
0.000000000000000000e+00
0.000000000000000000e+00
1.200000000000000000e+01
0.000000000000000000e+00
8.600000000000000000e+01
4.000000000000000000e+00
0.000000000000000000e+00
6.000000000000000000e+00
1.000000000000000000e+00
1.046800000000000000e+04
2.300000000000000000e+01
3.420000000000000000e+02
2.300000000000000000e+01
1.400000000000000000e+01
2.160000000000000000e+02
0.000000000000000000e+00
7.050000000000000000e+02
1.500000000000000000e+01
7.000000000000000000e+00
2.900000000000000000e+01
3.332000000000000000e+03
4.000000000000000000e+00
2.639000000000000000e+03
1.000000000000000000e+01
1.200000000000000000e+01
4.000000000000000000e+00
9.000000000000000000e+00
3.000000000000000000e+00
5.000000000000000000e+00
2.000000000000000000e+00
0.000000000000000000e+00
1.290000000000000000e+03
2.000000000000000000e+00
1.500000000000000000e+01
7.600000000000000000e+01
1.181000000000000000e+03
6.000000000000000000e+00
1.700000000000000000e+01
1.601500000000000000e+04
4.000000000000000000e+01
0.000000000000000000e+00
1.349200000000000000e+04
2.100000000000000000e+01
1.360000000000000000e+03
2.100000000000000000e+01
8.000000000000000000e+00
0.000000000000000000e+00
0.000000000000000000e+00
2.512000000000000000e+03
7.000000000000000000e+00
2.000000000000000000e+00
7.870000000000000000e+02
5.000000000000000000e+00
6.000000000000000000e+00
0.000000000000000000e+00
1.630000000000000000e+02
0.000000000000000000e+00
1.000000000000000000e+01
1.360000000000000000e+02
1.000000000000000000e+01
1.810000000000000000e+02
2.383000000000000000e+03
0.000000000000000000e+00
0.000000000000000000e+00
1.900000000000000000e+01
0.000000000000000000e+00
6.000000000000000000e+00
5.100000000000000000e+01
2.026700000000000000e+04
1.700000000000000000e+01
0.000000000000000000e+00
4.000000000000000000e+00
0.000000000000000000e+00
5.041000000000000000e+03
0.000000000000000000e+00
1.800000000000000000e+01
1.000000000000000000e+00
1.000000000000000000e+00
2.000000000000000000e+00
0.000000000000000000e+00
7.950000000000000000e+02
2.000000000000000000e+00
4.000000000000000000e+00
0.000000000000000000e+00
1.598000000000000000e+04
4.300000000000000000e+01
3.200000000000000000e+01
3.500000000000000000e+01
9.000000000000000000e+00
0.000000000000000000e+00
0.000000000000000000e+00
5.000000000000000000e+00
2.000000000000000000e+00
0.000000000000000000e+00
0.000000000000000000e+00
5.400000000000000000e+01
1.890000000000000000e+02
2.210000000000000000e+02
1.205000000000000000e+03
2.000000000000000000e+00
5.800000000000000000e+01
4.100000000000000000e+02
0.000000000000000000e+00
0.000000000000000000e+00
2.060000000000000000e+02
0.000000000000000000e+00
2.100000000000000000e+02
0.000000000000000000e+00
0.000000000000000000e+00
4.000000000000000000e+00
0.000000000000000000e+00
3.000000000000000000e+01
3.000000000000000000e+00
0.000000000000000000e+00
0.000000000000000000e+00
0.000000000000000000e+00
0.000000000000000000e+00
8.000000000000000000e+00
0.000000000000000000e+00
2.000000000000000000e+00
5.400000000000000000e+01
4.600000000000000000e+01
6.000000000000000000e+00
8.000000000000000000e+00
0.000000000000000000e+00
2.008000000000000000e+03
1.200000000000000000e+01
6.430000000000000000e+02
1.520000000000000000e+02
1.000000000000000000e+00
5.500000000000000000e+01
0.000000000000000000e+00
1.000000000000000000e+00
0.000000000000000000e+00
0.000000000000000000e+00
0.000000000000000000e+00
0.000000000000000000e+00
3.800000000000000000e+01
6.000000000000000000e+01
4.000000000000000000e+00
4.000000000000000000e+00
2.680000000000000000e+02
8.560000000000000000e+02
0.000000000000000000e+00
7.000000000000000000e+00
1.400000000000000000e+01
0.000000000000000000e+00
0.000000000000000000e+00
0.000000000000000000e+00
0.000000000000000000e+00
4.000000000000000000e+00
2.480000000000000000e+03
0.000000000000000000e+00
1.900000000000000000e+01
5.000000000000000000e+00
3.700000000000000000e+01
1.000000000000000000e+00
0.000000000000000000e+00
2.100000000000000000e+01
9.800000000000000000e+01
1.190000000000000000e+03
4.000000000000000000e+00
7.000000000000000000e+00
2.000000000000000000e+00
9.700000000000000000e+01
0.000000000000000000e+00
1.600000000000000000e+01
0.000000000000000000e+00
9.000000000000000000e+00
0.000000000000000000e+00
9.360000000000000000e+02
6.040000000000000000e+02
2.000000000000000000e+01
5.000000000000000000e+00
7.500000000000000000e+01
1.000000000000000000e+00
1.000000000000000000e+00
0.000000000000000000e+00
5.900000000000000000e+01
8.600000000000000000e+01
0.000000000000000000e+00
0.000000000000000000e+00
4.000000000000000000e+00
1.900000000000000000e+01
2.690500000000000000e+04
0.000000000000000000e+00
0.000000000000000000e+00
0.000000000000000000e+00
3.503000000000000000e+03
0.000000000000000000e+00
0.000000000000000000e+00
1.900000000000000000e+01
2.000000000000000000e+00
2.000000000000000000e+00
1.100000000000000000e+01
2.101000000000000000e+03
3.580000000000000000e+02
5.800000000000000000e+01
3.340000000000000000e+02
8.990000000000000000e+02
1.600000000000000000e+01
0.000000000000000000e+00
5.000000000000000000e+00
3.070000000000000000e+02
4.900000000000000000e+01
2.850000000000000000e+02
4.610000000000000000e+02
2.070000000000000000e+02
2.000000000000000000e+01
1.200000000000000000e+01
8.400000000000000000e+01
4.900000000000000000e+01
7.890000000000000000e+02
2.000000000000000000e+00
4.110000000000000000e+02
0.000000000000000000e+00
0.000000000000000000e+00
1.000000000000000000e+00
0.000000000000000000e+00
2.000000000000000000e+00
1.200000000000000000e+01
1.000000000000000000e+00
0.000000000000000000e+00
2.000000000000000000e+00
5.000000000000000000e+00
1.060000000000000000e+02
2.656200000000000000e+04
2.000000000000000000e+01
5.000000000000000000e+00
3.643000000000000000e+03
2.000000000000000000e+01
7.720000000000000000e+02
1.100000000000000000e+01
0.000000000000000000e+00
4.580000000000000000e+02
7.000000000000000000e+00
1.300000000000000000e+01
1.600000000000000000e+01
4.000000000000000000e+00
0.000000000000000000e+00
2.392500000000000000e+04
1.000000000000000000e+01
2.000000000000000000e+00
1.030000000000000000e+02
6.800000000000000000e+01
1.000000000000000000e+00
6.300000000000000000e+01
2.200000000000000000e+01
0.000000000000000000e+00
1.300000000000000000e+01
1.090000000000000000e+02
0.000000000000000000e+00
9.200000000000000000e+01
5.000000000000000000e+01
0.000000000000000000e+00
1.415400000000000000e+04
0.000000000000000000e+00
0.000000000000000000e+00
1.020000000000000000e+02
9.900000000000000000e+01
2.381000000000000000e+03
2.640000000000000000e+02
4.110500000000000000e+04
8.450000000000000000e+02
6.490000000000000000e+02
4.993000000000000000e+03
0.000000000000000000e+00
0.000000000000000000e+00
4.000000000000000000e+00
0.000000000000000000e+00
3.250000000000000000e+02
8.230000000000000000e+02
1.000000000000000000e+00
0.000000000000000000e+00
4.300000000000000000e+01
3.200000000000000000e+01
4.000000000000000000e+00
4.000000000000000000e+00
5.000000000000000000e+01
0.000000000000000000e+00
6.000000000000000000e+00
4.100000000000000000e+01
0.000000000000000000e+00
2.000000000000000000e+00
0.000000000000000000e+00
0.000000000000000000e+00
3.000000000000000000e+00
2.500000000000000000e+01
2.200000000000000000e+01
1.300000000000000000e+01
1.700000000000000000e+01
4.000000000000000000e+00
1.260000000000000000e+02
0.000000000000000000e+00
0.000000000000000000e+00
2.000000000000000000e+00
2.800000000000000000e+01
0.000000000000000000e+00
0.000000000000000000e+00
0.000000000000000000e+00
1.700000000000000000e+01
2.200000000000000000e+01
2.952000000000000000e+03
9.200000000000000000e+01
0.000000000000000000e+00
0.000000000000000000e+00
0.000000000000000000e+00
1.000000000000000000e+00
0.000000000000000000e+00
0.000000000000000000e+00
1.330000000000000000e+02
1.100000000000000000e+01
0.000000000000000000e+00
1.700000000000000000e+02
1.840000000000000000e+02
1.000000000000000000e+01
0.000000000000000000e+00
4.000000000000000000e+00
2.000000000000000000e+00
1.975000000000000000e+03
3.800000000000000000e+01
7.000000000000000000e+00
2.000000000000000000e+01
4.580000000000000000e+02
2.000000000000000000e+00
1.000000000000000000e+00
3.000000000000000000e+00
0.000000000000000000e+00
0.000000000000000000e+00
5.550000000000000000e+02
3.000000000000000000e+00
4.000000000000000000e+00
1.000000000000000000e+00
2.100000000000000000e+01
9.800000000000000000e+01
8.000000000000000000e+00
0.000000000000000000e+00
3.680000000000000000e+02
9.000000000000000000e+00
0.000000000000000000e+00
2.378000000000000000e+03
4.980000000000000000e+02
0.000000000000000000e+00
0.000000000000000000e+00
2.700000000000000000e+01
0.000000000000000000e+00
6.610000000000000000e+02
4.560000000000000000e+02
0.000000000000000000e+00
4.400000000000000000e+01
2.073000000000000000e+03
2.000000000000000000e+00
2.220000000000000000e+02
1.917000000000000000e+03
3.880000000000000000e+02
2.000000000000000000e+00
3.150000000000000000e+02
0.000000000000000000e+00
3.000000000000000000e+00
5.808000000000000000e+03
0.000000000000000000e+00
0.000000000000000000e+00
3.160000000000000000e+02
4.000000000000000000e+01
0.000000000000000000e+00
5.200000000000000000e+01
1.700000000000000000e+01
0.000000000000000000e+00
1.480000000000000000e+02
0.000000000000000000e+00
1.000000000000000000e+00
2.400000000000000000e+01
9.000000000000000000e+00
6.600000000000000000e+01
1.100000000000000000e+01
0.000000000000000000e+00
3.000000000000000000e+01
0.000000000000000000e+00
2.000000000000000000e+00
0.000000000000000000e+00
1.880000000000000000e+02
0.000000000000000000e+00
7.000000000000000000e+00
0.000000000000000000e+00
1.000000000000000000e+00
1.347000000000000000e+03
1.977000000000000000e+03
1.290000000000000000e+02
4.700000000000000000e+01
1.000000000000000000e+00
4.000000000000000000e+00
1.400000000000000000e+01
1.900000000000000000e+01
1.000000000000000000e+01
0.000000000000000000e+00
0.000000000000000000e+00
0.000000000000000000e+00
8.000000000000000000e+00
4.000000000000000000e+00
0.000000000000000000e+00
0.000000000000000000e+00
5.000000000000000000e+00
2.000000000000000000e+00
0.000000000000000000e+00
7.500000000000000000e+01
3.526000000000000000e+03
0.000000000000000000e+00
0.000000000000000000e+00
4.860000000000000000e+02
4.950000000000000000e+02
9.000000000000000000e+00
0.000000000000000000e+00
0.000000000000000000e+00
0.000000000000000000e+00
0.000000000000000000e+00
2.000000000000000000e+00
2.626000000000000000e+03
0.000000000000000000e+00
9.320000000000000000e+02
2.990000000000000000e+03
1.600000000000000000e+01
6.100000000000000000e+01
1.000000000000000000e+00
4.394000000000000000e+03
0.000000000000000000e+00
1.650000000000000000e+02
1.270000000000000000e+02
1.603700000000000000e+04
0.000000000000000000e+00
0.000000000000000000e+00
2.431000000000000000e+03
6.600000000000000000e+01
6.000000000000000000e+00
0.000000000000000000e+00
0.000000000000000000e+00
4.800000000000000000e+01
7.500000000000000000e+02
1.000000000000000000e+00
2.630000000000000000e+02
1.300000000000000000e+01
6.000000000000000000e+00
0.000000000000000000e+00
1.000000000000000000e+01
1.900000000000000000e+01
0.000000000000000000e+00
4.442000000000000000e+03
1.000000000000000000e+00
0.000000000000000000e+00
1.600000000000000000e+01
5.800000000000000000e+01
7.340000000000000000e+02
0.000000000000000000e+00
1.000000000000000000e+00
8.152000000000000000e+03
0.000000000000000000e+00
2.131000000000000000e+03
1.920000000000000000e+02
0.000000000000000000e+00
1.110000000000000000e+02
1.100000000000000000e+01
1.220000000000000000e+02
6.680000000000000000e+02
1.640000000000000000e+02
6.000000000000000000e+00
1.000000000000000000e+00
1.000000000000000000e+01
0.000000000000000000e+00
2.000000000000000000e+00
2.800000000000000000e+01
1.000000000000000000e+00
7.000000000000000000e+00
1.310000000000000000e+03
9.940000000000000000e+02
6.000000000000000000e+00
3.000000000000000000e+00
3.900000000000000000e+01
0.000000000000000000e+00
7.000000000000000000e+01
4.320000000000000000e+02
0.000000000000000000e+00
9.000000000000000000e+00
6.000000000000000000e+00
7.200000000000000000e+01
0.000000000000000000e+00
4.500000000000000000e+01
0.000000000000000000e+00
0.000000000000000000e+00
0.000000000000000000e+00
0.000000000000000000e+00
6.370000000000000000e+02
4.000000000000000000e+00
1.300000000000000000e+01
4.000000000000000000e+00
1.040400000000000000e+04
3.700000000000000000e+01
0.000000000000000000e+00
0.000000000000000000e+00
5.000000000000000000e+00
0.000000000000000000e+00
4.000000000000000000e+00
1.370000000000000000e+02
3.400000000000000000e+01
2.000000000000000000e+00
4.500000000000000000e+01
2.000000000000000000e+00
0.000000000000000000e+00
2.400000000000000000e+01
1.020000000000000000e+02
1.512500000000000000e+04
1.900000000000000000e+02
0.000000000000000000e+00
0.000000000000000000e+00
4.660000000000000000e+02
1.400000000000000000e+01
1.158000000000000000e+03
2.900000000000000000e+02
4.000000000000000000e+01
2.000000000000000000e+01
0.000000000000000000e+00
0.000000000000000000e+00
0.000000000000000000e+00
2.787000000000000000e+03
0.000000000000000000e+00
3.000000000000000000e+00
0.000000000000000000e+00
0.000000000000000000e+00
0.000000000000000000e+00
2.700000000000000000e+01
0.000000000000000000e+00
2.500000000000000000e+01
1.100000000000000000e+01
3.000000000000000000e+00
0.000000000000000000e+00
7.000000000000000000e+00
0.000000000000000000e+00
8.000000000000000000e+00
1.000000000000000000e+00
5.400000000000000000e+01
6.000000000000000000e+00
0.000000000000000000e+00
1.900000000000000000e+01
0.000000000000000000e+00
2.900000000000000000e+01
1.300000000000000000e+01
4.000000000000000000e+00
0.000000000000000000e+00
1.100000000000000000e+01
1.500000000000000000e+01
1.000000000000000000e+00
9.000000000000000000e+00
0.000000000000000000e+00
0.000000000000000000e+00
0.000000000000000000e+00
1.910000000000000000e+02
6.000000000000000000e+00
2.874000000000000000e+04
0.000000000000000000e+00
5.000000000000000000e+00
5.430000000000000000e+02
2.000000000000000000e+01
6.700000000000000000e+01
1.000000000000000000e+00
2.000000000000000000e+00
0.000000000000000000e+00
1.773000000000000000e+03
2.000000000000000000e+01
0.000000000000000000e+00
2.000000000000000000e+00
7.300000000000000000e+01
9.600000000000000000e+01
2.000000000000000000e+00
1.000000000000000000e+00
0.000000000000000000e+00
0.000000000000000000e+00
9.680000000000000000e+02
2.613000000000000000e+03
5.700000000000000000e+01
0.000000000000000000e+00
1.169000000000000000e+03
2.000000000000000000e+00
0.000000000000000000e+00
2.000000000000000000e+00
0.000000000000000000e+00
5.420000000000000000e+02
3.000000000000000000e+00
0.000000000000000000e+00
7.800000000000000000e+01
2.000000000000000000e+00
0.000000000000000000e+00
4.000000000000000000e+00
9.000000000000000000e+00
6.000000000000000000e+00
1.000000000000000000e+00
2.000000000000000000e+00
7.800000000000000000e+01
0.000000000000000000e+00
7.600000000000000000e+01
7.786000000000000000e+03
1.020000000000000000e+02
4.000000000000000000e+01
0.000000000000000000e+00
0.000000000000000000e+00
7.020000000000000000e+02
7.000000000000000000e+00
3.000000000000000000e+00
1.500000000000000000e+02
3.000000000000000000e+00
3.650000000000000000e+02
0.000000000000000000e+00
2.690200000000000000e+04
0.000000000000000000e+00
5.700000000000000000e+01
0.000000000000000000e+00
2.000000000000000000e+00
0.000000000000000000e+00
5.300000000000000000e+01
2.300000000000000000e+01
5.600000000000000000e+01
0.000000000000000000e+00
7.800000000000000000e+01
1.400000000000000000e+01
3.200000000000000000e+01
0.000000000000000000e+00
3.900000000000000000e+01
1.000000000000000000e+01
0.000000000000000000e+00
0.000000000000000000e+00
2.000000000000000000e+00
0.000000000000000000e+00
1.100000000000000000e+01
1.050000000000000000e+02
2.000000000000000000e+00
0.000000000000000000e+00
0.000000000000000000e+00
1.280000000000000000e+02
3.900000000000000000e+01
0.000000000000000000e+00
2.940000000000000000e+03
5.000000000000000000e+00
6.000000000000000000e+00
0.000000000000000000e+00
1.080000000000000000e+02
6.400000000000000000e+01
0.000000000000000000e+00
0.000000000000000000e+00
1.220000000000000000e+02
3.700000000000000000e+01
2.000000000000000000e+00
1.208000000000000000e+03
2.000000000000000000e+00
0.000000000000000000e+00
0.000000000000000000e+00
1.600000000000000000e+01
5.800000000000000000e+01
0.000000000000000000e+00
7.000000000000000000e+00
9.794000000000000000e+03
0.000000000000000000e+00
2.909000000000000000e+03
0.000000000000000000e+00
1.770000000000000000e+02
8.200000000000000000e+01
2.200000000000000000e+01
0.000000000000000000e+00
1.950000000000000000e+03
2.000000000000000000e+00
0.000000000000000000e+00
0.000000000000000000e+00
2.400000000000000000e+01
6.000000000000000000e+00
1.348000000000000000e+03
1.410000000000000000e+02
0.000000000000000000e+00
2.057000000000000000e+03
2.000000000000000000e+00
4.080000000000000000e+02
1.839500000000000000e+04
2.520000000000000000e+02
8.000000000000000000e+00
3.500000000000000000e+01
0.000000000000000000e+00
1.000000000000000000e+01
0.000000000000000000e+00
8.000000000000000000e+00
9.000000000000000000e+00
0.000000000000000000e+00
0.000000000000000000e+00
2.000000000000000000e+00
0.000000000000000000e+00
5.300000000000000000e+01
0.000000000000000000e+00
0.000000000000000000e+00
0.000000000000000000e+00
5.900000000000000000e+01
1.000000000000000000e+00
3.440000000000000000e+02
6.000000000000000000e+00
6.700000000000000000e+01
2.200000000000000000e+01
0.000000000000000000e+00
0.000000000000000000e+00
0.000000000000000000e+00
0.000000000000000000e+00
7.190000000000000000e+02
0.000000000000000000e+00
1.200000000000000000e+01
1.600000000000000000e+01
1.000000000000000000e+00
4.219000000000000000e+03
6.000000000000000000e+00
4.000000000000000000e+00
0.000000000000000000e+00
3.278700000000000000e+04
1.000000000000000000e+00
3.000000000000000000e+00
4.400000000000000000e+01
0.000000000000000000e+00
6.000000000000000000e+00
0.000000000000000000e+00
0.000000000000000000e+00
6.140000000000000000e+02
0.000000000000000000e+00
5.000000000000000000e+00
1.090000000000000000e+02
2.000000000000000000e+00
0.000000000000000000e+00
7.730000000000000000e+02
0.000000000000000000e+00
1.500000000000000000e+01
1.000000000000000000e+00
8.000000000000000000e+00
1.000000000000000000e+00
0.000000000000000000e+00
1.700000000000000000e+01
0.000000000000000000e+00
3.000000000000000000e+00
2.160000000000000000e+02
5.000000000000000000e+00
5.000000000000000000e+00
1.500000000000000000e+01
0.000000000000000000e+00
4.000000000000000000e+01
0.000000000000000000e+00
3.800000000000000000e+01
3.000000000000000000e+00
0.000000000000000000e+00
0.000000000000000000e+00
1.500000000000000000e+01
0.000000000000000000e+00
1.000000000000000000e+00
1.600000000000000000e+01
1.800000000000000000e+01
0.000000000000000000e+00
9.000000000000000000e+00
1.600000000000000000e+01
1.885000000000000000e+03
1.000000000000000000e+00
0.000000000000000000e+00
9.000000000000000000e+00
3.040000000000000000e+02
0.000000000000000000e+00
2.960000000000000000e+02
6.152000000000000000e+03
1.000000000000000000e+00
7.000000000000000000e+00
0.000000000000000000e+00
0.000000000000000000e+00
8.000000000000000000e+00
1.481000000000000000e+04
0.000000000000000000e+00
0.000000000000000000e+00
0.000000000000000000e+00
3.000000000000000000e+00
2.319000000000000000e+03
1.300000000000000000e+01
0.000000000000000000e+00
3.000000000000000000e+00
1.000000000000000000e+00
3.000000000000000000e+00
4.389000000000000000e+03
6.000000000000000000e+00
2.000000000000000000e+00
0.000000000000000000e+00
7.254000000000000000e+03
2.200000000000000000e+01
3.000000000000000000e+00
0.000000000000000000e+00
2.180000000000000000e+02
0.000000000000000000e+00
2.310000000000000000e+02
1.830000000000000000e+02
0.000000000000000000e+00
7.070000000000000000e+02
0.000000000000000000e+00
9.400000000000000000e+01
6.000000000000000000e+00
0.000000000000000000e+00
0.000000000000000000e+00
3.800000000000000000e+01
9.000000000000000000e+00
1.790000000000000000e+02
2.500000000000000000e+01
3.000000000000000000e+00
4.050000000000000000e+02
4.600000000000000000e+01
5.000000000000000000e+00
3.000000000000000000e+01
5.700000000000000000e+01
0.000000000000000000e+00
0.000000000000000000e+00
0.000000000000000000e+00
1.000000000000000000e+00
9.000000000000000000e+00
1.770000000000000000e+02
0.000000000000000000e+00
0.000000000000000000e+00
8.000000000000000000e+00
0.000000000000000000e+00
1.610000000000000000e+02
3.200000000000000000e+01
1.000000000000000000e+00
1.000000000000000000e+00
1.704000000000000000e+03
1.110000000000000000e+02
5.890000000000000000e+02
1.000000000000000000e+00
3.000000000000000000e+01
3.500000000000000000e+01
3.600000000000000000e+01
0.000000000000000000e+00
8.000000000000000000e+00
2.000000000000000000e+00
0.000000000000000000e+00
0.000000000000000000e+00
2.800000000000000000e+01
0.000000000000000000e+00
0.000000000000000000e+00
9.000000000000000000e+00
4.000000000000000000e+00
0.000000000000000000e+00
1.000000000000000000e+00
2.000000000000000000e+00
2.080000000000000000e+02
0.000000000000000000e+00
2.800000000000000000e+01
0.000000000000000000e+00
1.800000000000000000e+01
1.000000000000000000e+01
2.000000000000000000e+00
0.000000000000000000e+00
0.000000000000000000e+00
4.049000000000000000e+03
0.000000000000000000e+00
2.000000000000000000e+00
6.700000000000000000e+01
0.000000000000000000e+00
2.000000000000000000e+00
0.000000000000000000e+00
6.722800000000000000e+04
1.375000000000000000e+03
3.700000000000000000e+01
4.000000000000000000e+00
0.000000000000000000e+00
1.400000000000000000e+02
0.000000000000000000e+00
6.800000000000000000e+01
2.037000000000000000e+03
0.000000000000000000e+00
1.000000000000000000e+01
0.000000000000000000e+00
0.000000000000000000e+00
0.000000000000000000e+00
2.500000000000000000e+01
2.700000000000000000e+01
0.000000000000000000e+00
0.000000000000000000e+00
6.396000000000000000e+03
2.000000000000000000e+00
6.000000000000000000e+00
4.000000000000000000e+00
8.000000000000000000e+00
0.000000000000000000e+00
4.000000000000000000e+00
1.635000000000000000e+03
0.000000000000000000e+00
1.500000000000000000e+01
0.000000000000000000e+00
0.000000000000000000e+00
4.000000000000000000e+00
1.800000000000000000e+01
0.000000000000000000e+00
1.800000000000000000e+01
1.000000000000000000e+01
0.000000000000000000e+00
0.000000000000000000e+00
1.400200000000000000e+04
2.630000000000000000e+02
0.000000000000000000e+00
3.300000000000000000e+01
1.300000000000000000e+02
0.000000000000000000e+00
1.000000000000000000e+00
3.000000000000000000e+00
3.200000000000000000e+01
1.000000000000000000e+00
1.000000000000000000e+00
0.000000000000000000e+00
0.000000000000000000e+00
0.000000000000000000e+00
4.200000000000000000e+01
6.900000000000000000e+01
0.000000000000000000e+00
0.000000000000000000e+00
1.000000000000000000e+01
1.200000000000000000e+01
5.800000000000000000e+01
0.000000000000000000e+00
6.700000000000000000e+01
0.000000000000000000e+00
1.420000000000000000e+02
2.874000000000000000e+03
3.463000000000000000e+03
2.000000000000000000e+00
2.230000000000000000e+02
2.000000000000000000e+00
0.000000000000000000e+00
8.290000000000000000e+02
0.000000000000000000e+00
5.300000000000000000e+01
2.000000000000000000e+01
8.000000000000000000e+02
3.410000000000000000e+02
2.708000000000000000e+03
2.800000000000000000e+02
3.367700000000000000e+04
1.600000000000000000e+01
4.000000000000000000e+00
2.000000000000000000e+00
0.000000000000000000e+00
4.100000000000000000e+01
4.000000000000000000e+00
2.160000000000000000e+02
3.820000000000000000e+02
1.250000000000000000e+02
2.000000000000000000e+00
3.652800000000000000e+04
6.800000000000000000e+01
1.200000000000000000e+01
1.893000000000000000e+03
6.670000000000000000e+02
1.100000000000000000e+01
2.000000000000000000e+00
5.690000000000000000e+02
1.830000000000000000e+02
0.000000000000000000e+00
3.000000000000000000e+00
1.500000000000000000e+01
3.800000000000000000e+01
1.600000000000000000e+01
0.000000000000000000e+00
0.000000000000000000e+00
3.800000000000000000e+01
2.700000000000000000e+01
0.000000000000000000e+00
5.000000000000000000e+01
2.000000000000000000e+00
2.200000000000000000e+01
0.000000000000000000e+00
3.000000000000000000e+00
6.300000000000000000e+01
4.000000000000000000e+00
7.000000000000000000e+00
0.000000000000000000e+00
2.000000000000000000e+00
2.000000000000000000e+00
0.000000000000000000e+00
1.108000000000000000e+03
1.240000000000000000e+02
1.419000000000000000e+03
0.000000000000000000e+00
3.100000000000000000e+01
0.000000000000000000e+00
0.000000000000000000e+00
3.200000000000000000e+01
8.600000000000000000e+01
2.100000000000000000e+01
0.000000000000000000e+00
4.000000000000000000e+00
4.000000000000000000e+00
1.200000000000000000e+01
5.000000000000000000e+00
0.000000000000000000e+00
1.300000000000000000e+01
1.800000000000000000e+01
4.000000000000000000e+00
2.000000000000000000e+00
3.200000000000000000e+01
9.000000000000000000e+00
4.170000000000000000e+03
0.000000000000000000e+00
2.390000000000000000e+02
0.000000000000000000e+00
2.700000000000000000e+01
5.200000000000000000e+01
1.070000000000000000e+02
0.000000000000000000e+00
2.300000000000000000e+01
5.000000000000000000e+00
0.000000000000000000e+00
3.100000000000000000e+01
1.400000000000000000e+01
0.000000000000000000e+00
4.000000000000000000e+00
0.000000000000000000e+00
0.000000000000000000e+00
4.600000000000000000e+01
2.145300000000000000e+04
1.000000000000000000e+00
3.246300000000000000e+04
1.100000000000000000e+01
0.000000000000000000e+00
4.000000000000000000e+00
4.168000000000000000e+03
2.000000000000000000e+00
1.000000000000000000e+00
9.000000000000000000e+00
0.000000000000000000e+00
0.000000000000000000e+00
3.000000000000000000e+00
6.000000000000000000e+00
4.252000000000000000e+03
0.000000000000000000e+00
8.750000000000000000e+02
4.000000000000000000e+00
6.000000000000000000e+00
5.000000000000000000e+00
1.000000000000000000e+00
0.000000000000000000e+00
4.000000000000000000e+00
0.000000000000000000e+00
3.000000000000000000e+00
5.910000000000000000e+02
6.100000000000000000e+01
2.000000000000000000e+00
5.790000000000000000e+02
1.100000000000000000e+01
8.500000000000000000e+01
8.000000000000000000e+00
4.200000000000000000e+01
0.000000000000000000e+00
2.000000000000000000e+00
1.500000000000000000e+01
4.200000000000000000e+01
4.760000000000000000e+02
1.120000000000000000e+02
4.000000000000000000e+01
2.100000000000000000e+01
6.000000000000000000e+00
5.600000000000000000e+01
4.000000000000000000e+00
5.600000000000000000e+01
9.000000000000000000e+00
0.000000000000000000e+00
8.660000000000000000e+02
0.000000000000000000e+00
7.000000000000000000e+00
2.440000000000000000e+02
4.000000000000000000e+00
1.070000000000000000e+02
0.000000000000000000e+00
4.000000000000000000e+00
4.000000000000000000e+00
0.000000000000000000e+00
3.000000000000000000e+00
3.000000000000000000e+00
2.000000000000000000e+00
0.000000000000000000e+00
1.045000000000000000e+03
0.000000000000000000e+00
2.000000000000000000e+00
2.679000000000000000e+03
2.000000000000000000e+00
2.000000000000000000e+00
0.000000000000000000e+00
6.600000000000000000e+01
3.114000000000000000e+03
0.000000000000000000e+00
1.700000000000000000e+01
2.200000000000000000e+01
3.000000000000000000e+00
0.000000000000000000e+00
1.000000000000000000e+00
4.200000000000000000e+01
0.000000000000000000e+00
1.710000000000000000e+02
1.531000000000000000e+03
5.600000000000000000e+01
0.000000000000000000e+00
0.000000000000000000e+00
0.000000000000000000e+00
1.100000000000000000e+01
3.058000000000000000e+03
0.000000000000000000e+00
0.000000000000000000e+00
6.000000000000000000e+00
0.000000000000000000e+00
0.000000000000000000e+00
5.000000000000000000e+00
2.000000000000000000e+00
1.000000000000000000e+01
5.940000000000000000e+02
2.580000000000000000e+02
1.700000000000000000e+01
4.162000000000000000e+03
0.000000000000000000e+00
5.500000000000000000e+01
6.100000000000000000e+01
0.000000000000000000e+00
0.000000000000000000e+00
0.000000000000000000e+00
0.000000000000000000e+00
1.600000000000000000e+01
0.000000000000000000e+00
4.000000000000000000e+00
2.000000000000000000e+00
3.000000000000000000e+00
4.200000000000000000e+01
5.000000000000000000e+00
0.000000000000000000e+00
1.000000000000000000e+00
6.700000000000000000e+01
1.900000000000000000e+01
0.000000000000000000e+00
6.000000000000000000e+00
0.000000000000000000e+00
1.000000000000000000e+01
3.000000000000000000e+00
4.000000000000000000e+00
1.000000000000000000e+00
1.000000000000000000e+00
0.000000000000000000e+00
6.641000000000000000e+03
7.000000000000000000e+00
0.000000000000000000e+00
2.430000000000000000e+02
0.000000000000000000e+00
3.870000000000000000e+02
6.000000000000000000e+00
5.400000000000000000e+01
3.000000000000000000e+00
3.000000000000000000e+00
2.140000000000000000e+02
1.780000000000000000e+02
4.500000000000000000e+01
2.000000000000000000e+00
7.436000000000000000e+03
7.000000000000000000e+00
1.100000000000000000e+01
1.000000000000000000e+01
2.530000000000000000e+02
2.000000000000000000e+00
3.000000000000000000e+00
2.000000000000000000e+00
7.000000000000000000e+00
0.000000000000000000e+00
0.000000000000000000e+00
4.700000000000000000e+02
0.000000000000000000e+00
0.000000000000000000e+00
8.000000000000000000e+00
6.000000000000000000e+00
4.350000000000000000e+02
3.000000000000000000e+00
4.000000000000000000e+00
4.000000000000000000e+00
4.000000000000000000e+00
1.034000000000000000e+03
0.000000000000000000e+00
2.370000000000000000e+02
3.000000000000000000e+00
4.000000000000000000e+01
0.000000000000000000e+00
0.000000000000000000e+00
5.000000000000000000e+00
3.300000000000000000e+01
1.179000000000000000e+03
2.030000000000000000e+02
0.000000000000000000e+00
0.000000000000000000e+00
0.000000000000000000e+00
0.000000000000000000e+00
1.700000000000000000e+02
1.000000000000000000e+00
1.200000000000000000e+01
0.000000000000000000e+00
1.100000000000000000e+01
1.600000000000000000e+01
1.700000000000000000e+01
1.400000000000000000e+01
1.000000000000000000e+00
0.000000000000000000e+00
3.000000000000000000e+00
3.383900000000000000e+04
4.341000000000000000e+03
6.000000000000000000e+00
0.000000000000000000e+00
0.000000000000000000e+00
0.000000000000000000e+00
2.720000000000000000e+02
8.060000000000000000e+02
3.899000000000000000e+03
0.000000000000000000e+00
1.100000000000000000e+02
5.735000000000000000e+03
0.000000000000000000e+00
1.800000000000000000e+01
1.410000000000000000e+02
0.000000000000000000e+00
3.200000000000000000e+01
1.387000000000000000e+03
3.930000000000000000e+02
1.390000000000000000e+02
0.000000000000000000e+00
0.000000000000000000e+00
3.000000000000000000e+00
1.624000000000000000e+03
4.000000000000000000e+00
6.300000000000000000e+01
1.000000000000000000e+00
5.300000000000000000e+01
0.000000000000000000e+00
1.000000000000000000e+00
0.000000000000000000e+00
8.000000000000000000e+00
5.000000000000000000e+00
0.000000000000000000e+00
4.018000000000000000e+03
3.000000000000000000e+00
1.140000000000000000e+02
1.500000000000000000e+01
1.264300000000000000e+04
2.000000000000000000e+00
1.046000000000000000e+03
3.720000000000000000e+02
0.000000000000000000e+00
0.000000000000000000e+00
9.000000000000000000e+00
3.500000000000000000e+02
2.108000000000000000e+03
0.000000000000000000e+00
4.370000000000000000e+02
3.000000000000000000e+00
7.750000000000000000e+02
1.800000000000000000e+01
0.000000000000000000e+00
7.000000000000000000e+00
6.000000000000000000e+00
6.000000000000000000e+00
0.000000000000000000e+00
0.000000000000000000e+00
0.000000000000000000e+00
0.000000000000000000e+00
4.000000000000000000e+00
4.000000000000000000e+00
0.000000000000000000e+00
4.160000000000000000e+02
0.000000000000000000e+00
4.900000000000000000e+01
8.000000000000000000e+00
1.766400000000000000e+04
1.000000000000000000e+01
3.000000000000000000e+00
0.000000000000000000e+00
4.000000000000000000e+01
1.500000000000000000e+01
0.000000000000000000e+00
7.000000000000000000e+01
3.418000000000000000e+03
0.000000000000000000e+00
0.000000000000000000e+00
4.000000000000000000e+00
4.480000000000000000e+02
8.700000000000000000e+01
1.680000000000000000e+02
1.271300000000000000e+04
1.069000000000000000e+03
1.000000000000000000e+00
0.000000000000000000e+00
4.930000000000000000e+02
7.900000000000000000e+01
0.000000000000000000e+00
1.030000000000000000e+02
0.000000000000000000e+00
1.036000000000000000e+03
0.000000000000000000e+00
0.000000000000000000e+00
0.000000000000000000e+00
4.000000000000000000e+00
3.300000000000000000e+01
0.000000000000000000e+00
0.000000000000000000e+00
2.454000000000000000e+03
1.400000000000000000e+01
1.000000000000000000e+00
4.000000000000000000e+00
4.890000000000000000e+02
2.000000000000000000e+00
5.890000000000000000e+02
1.110000000000000000e+02
2.000000000000000000e+00
0.000000000000000000e+00
2.400000000000000000e+01
1.400000000000000000e+01
0.000000000000000000e+00
0.000000000000000000e+00
1.900000000000000000e+01
6.000000000000000000e+00
7.000000000000000000e+00
5.100000000000000000e+01
2.000000000000000000e+00
4.000000000000000000e+00
0.000000000000000000e+00
2.480000000000000000e+02
0.000000000000000000e+00
0.000000000000000000e+00
8.000000000000000000e+00
1.400000000000000000e+01
1.875000000000000000e+03
2.240000000000000000e+02
2.100000000000000000e+01
3.000000000000000000e+00
4.000000000000000000e+00
5.502000000000000000e+03
1.297700000000000000e+04
2.000000000000000000e+00
3.871000000000000000e+03
4.000000000000000000e+00
0.000000000000000000e+00
2.800000000000000000e+01
2.800000000000000000e+01
1.674000000000000000e+03
0.000000000000000000e+00
7.000000000000000000e+00
0.000000000000000000e+00
5.010000000000000000e+02
0.000000000000000000e+00
4.000000000000000000e+00
2.000000000000000000e+01
0.000000000000000000e+00
3.000000000000000000e+00
0.000000000000000000e+00
0.000000000000000000e+00
0.000000000000000000e+00
3.000000000000000000e+00
2.850000000000000000e+02
0.000000000000000000e+00
0.000000000000000000e+00
2.200000000000000000e+01
5.200000000000000000e+01
2.320000000000000000e+02
0.000000000000000000e+00
3.900000000000000000e+01
0.000000000000000000e+00
4.410000000000000000e+02
2.400000000000000000e+01
2.010500000000000000e+04
0.000000000000000000e+00
6.500000000000000000e+01
3.000000000000000000e+00
3.800000000000000000e+01
0.000000000000000000e+00
7.200000000000000000e+01
2.800000000000000000e+01
5.000000000000000000e+00
0.000000000000000000e+00
2.046000000000000000e+03
8.000000000000000000e+00
5.000000000000000000e+00
2.900000000000000000e+01
8.400000000000000000e+01
6.810000000000000000e+02
4.150000000000000000e+03
3.000000000000000000e+00
8.850000000000000000e+02
4.440000000000000000e+02
0.000000000000000000e+00
3.730000000000000000e+02
1.820000000000000000e+02
2.130000000000000000e+02
6.000000000000000000e+00
2.000000000000000000e+01
0.000000000000000000e+00
2.000000000000000000e+00
6.000000000000000000e+00
7.000000000000000000e+00
6.550000000000000000e+02
5.000000000000000000e+00
2.700000000000000000e+01
0.000000000000000000e+00
0.000000000000000000e+00
2.900000000000000000e+01
2.500000000000000000e+01
2.067000000000000000e+03
0.000000000000000000e+00
1.978000000000000000e+03
2.470000000000000000e+02
8.000000000000000000e+00
2.000000000000000000e+00
0.000000000000000000e+00
9.000000000000000000e+00
0.000000000000000000e+00
0.000000000000000000e+00
5.000000000000000000e+00
0.000000000000000000e+00
2.000000000000000000e+00
3.570000000000000000e+02
1.300000000000000000e+01
0.000000000000000000e+00
0.000000000000000000e+00
4.300000000000000000e+01
0.000000000000000000e+00
5.200000000000000000e+01
0.000000000000000000e+00
8.600000000000000000e+01
0.000000000000000000e+00
2.000000000000000000e+00
1.000000000000000000e+00
3.000000000000000000e+02
4.000000000000000000e+00
5.770000000000000000e+02
4.500000000000000000e+01
4.900000000000000000e+01
6.500000000000000000e+01
1.900000000000000000e+01
2.900000000000000000e+01
1.000000000000000000e+01
1.590000000000000000e+02
8.600000000000000000e+01
0.000000000000000000e+00
0.000000000000000000e+00
2.000000000000000000e+00
0.000000000000000000e+00
0.000000000000000000e+00
1.950000000000000000e+02
2.900000000000000000e+01
5.000000000000000000e+00
0.000000000000000000e+00
3.320000000000000000e+02
0.000000000000000000e+00
0.000000000000000000e+00
2.900000000000000000e+01
1.300000000000000000e+01
2.153000000000000000e+03
0.000000000000000000e+00
3.000000000000000000e+00
1.900000000000000000e+02
5.230000000000000000e+02
1.100000000000000000e+01
0.000000000000000000e+00
3.400000000000000000e+01
1.800000000000000000e+02
0.000000000000000000e+00
3.000000000000000000e+00
8.000000000000000000e+01
0.000000000000000000e+00
2.500000000000000000e+01
4.000000000000000000e+00
4.720000000000000000e+02
0.000000000000000000e+00
1.000000000000000000e+00
0.000000000000000000e+00
1.100000000000000000e+01
1.000000000000000000e+00
1.399000000000000000e+03
0.000000000000000000e+00
1.000000000000000000e+01
4.000000000000000000e+00
5.000000000000000000e+00
4.700000000000000000e+01
2.000000000000000000e+00
0.000000000000000000e+00
0.000000000000000000e+00
2.140000000000000000e+02
8.740000000000000000e+02
1.761700000000000000e+04
4.690000000000000000e+02
0.000000000000000000e+00
0.000000000000000000e+00
6.000000000000000000e+00
2.000000000000000000e+00
0.000000000000000000e+00
3.600000000000000000e+01
1.170000000000000000e+02
0.000000000000000000e+00
0.000000000000000000e+00
3.670000000000000000e+02
0.000000000000000000e+00
2.000000000000000000e+00
2.300000000000000000e+01
1.000000000000000000e+01
0.000000000000000000e+00
6.000000000000000000e+00
0.000000000000000000e+00
1.580000000000000000e+02
8.000000000000000000e+00
0.000000000000000000e+00
0.000000000000000000e+00
0.000000000000000000e+00
0.000000000000000000e+00
0.000000000000000000e+00
0.000000000000000000e+00
6.665000000000000000e+04
1.490000000000000000e+02
5.000000000000000000e+00
2.300000000000000000e+01
4.000000000000000000e+00
2.100000000000000000e+01
0.000000000000000000e+00
1.000000000000000000e+00
0.000000000000000000e+00
0.000000000000000000e+00
5.780000000000000000e+02
2.000000000000000000e+00
0.000000000000000000e+00
6.000000000000000000e+00
1.289000000000000000e+03
8.700000000000000000e+01
6.100000000000000000e+01
0.000000000000000000e+00
8.000000000000000000e+00
5.000000000000000000e+00
7.380000000000000000e+02
0.000000000000000000e+00
1.000000000000000000e+00
1.125000000000000000e+03
0.000000000000000000e+00
5.500000000000000000e+01
0.000000000000000000e+00
5.900000000000000000e+01
2.000000000000000000e+00
1.500000000000000000e+01
0.000000000000000000e+00
9.740000000000000000e+02
1.200000000000000000e+01
1.000000000000000000e+01
1.130000000000000000e+02
1.500000000000000000e+01
2.400000000000000000e+01
0.000000000000000000e+00
2.600000000000000000e+01
2.400000000000000000e+01
5.585000000000000000e+03
0.000000000000000000e+00
2.000000000000000000e+00
0.000000000000000000e+00
2.500000000000000000e+01
1.577000000000000000e+04
3.000000000000000000e+00
0.000000000000000000e+00
3.000000000000000000e+00
1.600000000000000000e+01
5.400000000000000000e+01
0.000000000000000000e+00
0.000000000000000000e+00
3.460000000000000000e+02
0.000000000000000000e+00
7.200000000000000000e+01
5.000000000000000000e+00
0.000000000000000000e+00
0.000000000000000000e+00
1.218000000000000000e+03
3.200000000000000000e+01
5.900000000000000000e+01
2.330000000000000000e+02
2.323000000000000000e+03
1.200000000000000000e+01
0.000000000000000000e+00
3.627000000000000000e+03
0.000000000000000000e+00
0.000000000000000000e+00
0.000000000000000000e+00
0.000000000000000000e+00
0.000000000000000000e+00
1.922000000000000000e+03
1.000000000000000000e+00
0.000000000000000000e+00
1.511000000000000000e+03
4.000000000000000000e+00
1.178600000000000000e+04
4.000000000000000000e+00
8.000000000000000000e+00
0.000000000000000000e+00
0.000000000000000000e+00
0.000000000000000000e+00
6.300000000000000000e+01
3.812400000000000000e+04
3.900000000000000000e+01
6.000000000000000000e+01
1.100000000000000000e+01
5.000000000000000000e+01
1.300000000000000000e+01
0.000000000000000000e+00
0.000000000000000000e+00
8.000000000000000000e+00
4.000000000000000000e+00
1.210000000000000000e+02
0.000000000000000000e+00
1.600000000000000000e+01
9.780000000000000000e+02
2.000000000000000000e+00
1.700000000000000000e+01
4.700000000000000000e+01
1.000000000000000000e+00
0.000000000000000000e+00
2.000000000000000000e+00
6.000000000000000000e+00
0.000000000000000000e+00
5.963000000000000000e+03
0.000000000000000000e+00
2.200000000000000000e+01
2.000000000000000000e+00
4.000000000000000000e+00
0.000000000000000000e+00
8.900000000000000000e+01
1.000000000000000000e+00
0.000000000000000000e+00
0.000000000000000000e+00
1.578000000000000000e+03
0.000000000000000000e+00
2.000000000000000000e+00
1.167000000000000000e+03
0.000000000000000000e+00
5.000000000000000000e+00
9.000000000000000000e+00
8.000000000000000000e+00
2.800000000000000000e+01
1.030000000000000000e+02
6.000000000000000000e+01
1.000000000000000000e+00
0.000000000000000000e+00
1.600000000000000000e+01
0.000000000000000000e+00
1.400000000000000000e+01
9.740000000000000000e+02
2.000000000000000000e+00
0.000000000000000000e+00
9.960000000000000000e+02
3.040000000000000000e+02
3.000000000000000000e+00
1.000000000000000000e+00
5.000000000000000000e+00
0.000000000000000000e+00
1.570000000000000000e+02
9.440000000000000000e+02
6.000000000000000000e+00
1.530000000000000000e+02
8.000000000000000000e+00
2.000000000000000000e+00
3.380000000000000000e+03
0.000000000000000000e+00
6.000000000000000000e+00
1.200000000000000000e+02
1.263000000000000000e+03
1.120000000000000000e+02
1.280000000000000000e+02
0.000000000000000000e+00
0.000000000000000000e+00
1.280000000000000000e+02
1.000000000000000000e+00
3.000000000000000000e+00
2.000000000000000000e+00
1.000000000000000000e+00
0.000000000000000000e+00
1.000000000000000000e+01
6.100000000000000000e+01
0.000000000000000000e+00
4.197000000000000000e+03
3.000000000000000000e+00
5.000000000000000000e+00
0.000000000000000000e+00
0.000000000000000000e+00
1.900000000000000000e+01
2.990000000000000000e+02
2.100000000000000000e+01
6.300000000000000000e+01
7.000000000000000000e+00
7.800000000000000000e+01
2.728000000000000000e+03
6.600000000000000000e+01
0.000000000000000000e+00
0.000000000000000000e+00
0.000000000000000000e+00
6.000000000000000000e+00
1.821300000000000000e+04
2.440000000000000000e+02
1.401000000000000000e+03
5.000000000000000000e+00
0.000000000000000000e+00
1.780000000000000000e+02
6.600000000000000000e+01
0.000000000000000000e+00
0.000000000000000000e+00
0.000000000000000000e+00
2.579000000000000000e+03
4.000000000000000000e+00
0.000000000000000000e+00
0.000000000000000000e+00
0.000000000000000000e+00
1.100000000000000000e+01
0.000000000000000000e+00
5.000000000000000000e+00
8.700000000000000000e+01
1.000000000000000000e+00
3.000000000000000000e+00
1.100000000000000000e+01
1.230000000000000000e+02
2.000000000000000000e+00
0.000000000000000000e+00
0.000000000000000000e+00
6.000000000000000000e+00
9.000000000000000000e+00
7.000000000000000000e+00
2.582000000000000000e+03
4.058000000000000000e+03
2.000000000000000000e+01
1.000000000000000000e+01
1.160000000000000000e+02
1.300000000000000000e+01
0.000000000000000000e+00
0.000000000000000000e+00
0.000000000000000000e+00
1.000000000000000000e+00
5.900000000000000000e+01
6.000000000000000000e+00
1.000000000000000000e+00
3.640000000000000000e+02
0.000000000000000000e+00
0.000000000000000000e+00
4.350000000000000000e+02
7.900000000000000000e+02
3.550000000000000000e+02
4.551000000000000000e+03
2.000000000000000000e+00
0.000000000000000000e+00
2.000000000000000000e+00
2.000000000000000000e+00
1.830000000000000000e+02
0.000000000000000000e+00
4.600000000000000000e+01
0.000000000000000000e+00
1.300000000000000000e+01
1.400000000000000000e+01
1.900000000000000000e+01
3.709000000000000000e+03
1.100000000000000000e+01
1.100000000000000000e+01
5.400000000000000000e+01
0.000000000000000000e+00
1.200000000000000000e+01
0.000000000000000000e+00
0.000000000000000000e+00
0.000000000000000000e+00
4.790000000000000000e+02
4.000000000000000000e+00
2.011000000000000000e+03
1.000000000000000000e+00
2.300000000000000000e+01
0.000000000000000000e+00
0.000000000000000000e+00
1.190000000000000000e+02
2.527800000000000000e+04
1.000000000000000000e+01
0.000000000000000000e+00
0.000000000000000000e+00
1.031600000000000000e+04
1.400000000000000000e+01
2.000000000000000000e+00
0.000000000000000000e+00
0.000000000000000000e+00
6.000000000000000000e+00
8.000000000000000000e+00
0.000000000000000000e+00
1.100000000000000000e+01
7.000000000000000000e+00
9.000000000000000000e+00
2.000000000000000000e+00
1.300000000000000000e+01
4.900000000000000000e+01
0.000000000000000000e+00
1.389000000000000000e+03
1.643000000000000000e+03
0.000000000000000000e+00
2.000000000000000000e+00
1.300000000000000000e+01
4.000000000000000000e+00
7.000000000000000000e+00
2.229000000000000000e+03
0.000000000000000000e+00
4.750000000000000000e+02
0.000000000000000000e+00
1.800000000000000000e+01
2.877000000000000000e+03
1.000000000000000000e+00
8.000000000000000000e+00
3.400000000000000000e+01
2.110000000000000000e+02
1.150000000000000000e+02
1.000000000000000000e+01
2.000000000000000000e+00
5.000000000000000000e+00
0.000000000000000000e+00
1.000000000000000000e+00
0.000000000000000000e+00
0.000000000000000000e+00
1.188000000000000000e+03
0.000000000000000000e+00
1.400000000000000000e+01
5.800000000000000000e+01
8.000000000000000000e+00
0.000000000000000000e+00
2.000000000000000000e+00
9.000000000000000000e+00
2.400000000000000000e+01
2.160000000000000000e+02
1.200000000000000000e+01
0.000000000000000000e+00
2.246900000000000000e+04
1.220000000000000000e+02
6.500000000000000000e+01
1.100000000000000000e+01
8.000000000000000000e+00
2.000000000000000000e+00
3.500000000000000000e+01
0.000000000000000000e+00
0.000000000000000000e+00
2.000000000000000000e+00
0.000000000000000000e+00
1.200000000000000000e+01
3.800000000000000000e+01
1.960000000000000000e+02
3.090000000000000000e+02
9.000000000000000000e+00
2.000000000000000000e+00
2.000000000000000000e+00
5.000000000000000000e+00
5.300000000000000000e+01
0.000000000000000000e+00
6.900000000000000000e+01
0.000000000000000000e+00
2.000000000000000000e+00
0.000000000000000000e+00
3.926000000000000000e+03
1.720000000000000000e+03
5.000000000000000000e+00
3.000000000000000000e+00
3.000000000000000000e+00
0.000000000000000000e+00
1.400000000000000000e+02
3.100000000000000000e+01
5.000000000000000000e+00
8.000000000000000000e+00
2.000000000000000000e+00
4.700000000000000000e+01
0.000000000000000000e+00
0.000000000000000000e+00
2.900000000000000000e+01
4.507000000000000000e+03
2.000000000000000000e+00
6.510000000000000000e+02
0.000000000000000000e+00
6.440000000000000000e+03
2.100000000000000000e+01
2.600000000000000000e+01
3.000000000000000000e+00
4.500000000000000000e+01
6.000000000000000000e+00
2.000000000000000000e+01
0.000000000000000000e+00
1.300000000000000000e+02
4.200000000000000000e+01
7.000000000000000000e+00
2.000000000000000000e+00
2.300000000000000000e+01
1.000000000000000000e+00
0.000000000000000000e+00
2.000000000000000000e+00
0.000000000000000000e+00
2.080000000000000000e+02
1.759000000000000000e+03
2.000000000000000000e+00
3.000000000000000000e+00
7.000000000000000000e+00
0.000000000000000000e+00
9.700000000000000000e+01
0.000000000000000000e+00
1.000000000000000000e+00
2.000000000000000000e+00
0.000000000000000000e+00
6.600000000000000000e+01
0.000000000000000000e+00
2.000000000000000000e+00
7.000000000000000000e+00
8.000000000000000000e+00
1.000000000000000000e+00
0.000000000000000000e+00
0.000000000000000000e+00
1.100000000000000000e+01
0.000000000000000000e+00
0.000000000000000000e+00
4.478000000000000000e+03
1.760000000000000000e+02
4.100000000000000000e+01
4.300000000000000000e+01
1.500000000000000000e+01
2.000000000000000000e+00
4.400000000000000000e+01
1.296100000000000000e+04
1.737600000000000000e+04
2.900000000000000000e+02
1.100000000000000000e+01
0.000000000000000000e+00
0.000000000000000000e+00
0.000000000000000000e+00
2.000000000000000000e+00
8.000000000000000000e+00
6.002000000000000000e+03
1.000000000000000000e+00
0.000000000000000000e+00
1.000000000000000000e+00
6.800000000000000000e+01
3.500000000000000000e+01
0.000000000000000000e+00
1.450000000000000000e+02
3.000000000000000000e+00
1.350000000000000000e+02
1.000000000000000000e+02
4.370000000000000000e+02
6.060000000000000000e+02
7.000000000000000000e+00
0.000000000000000000e+00
2.000000000000000000e+00
5.000000000000000000e+00
2.890000000000000000e+02
0.000000000000000000e+00
4.700000000000000000e+01
1.000000000000000000e+00
1.220000000000000000e+02
0.000000000000000000e+00
0.000000000000000000e+00
0.000000000000000000e+00
1.547000000000000000e+03
1.260000000000000000e+02
2.000000000000000000e+01
7.000000000000000000e+00
1.900000000000000000e+01
5.600000000000000000e+02
0.000000000000000000e+00
2.200000000000000000e+01
4.000000000000000000e+00
1.000000000000000000e+00
0.000000000000000000e+00
0.000000000000000000e+00
6.000000000000000000e+00
1.000000000000000000e+00
8.000000000000000000e+00
8.000000000000000000e+00
2.900000000000000000e+01
3.000000000000000000e+00
1.800000000000000000e+01
5.000000000000000000e+00
4.100000000000000000e+01
0.000000000000000000e+00
4.400000000000000000e+01
0.000000000000000000e+00
6.000000000000000000e+00
2.000000000000000000e+00
4.600000000000000000e+01
8.948000000000000000e+03
1.556200000000000000e+04
0.000000000000000000e+00
1.000000000000000000e+00
3.100000000000000000e+01
4.300000000000000000e+01
6.000000000000000000e+00
6.700000000000000000e+01
4.000000000000000000e+00
0.000000000000000000e+00
4.720000000000000000e+03
5.000000000000000000e+00
4.800000000000000000e+01
2.704000000000000000e+03
3.000000000000000000e+01
0.000000000000000000e+00
1.350000000000000000e+02
9.700000000000000000e+01
0.000000000000000000e+00
0.000000000000000000e+00
3.000000000000000000e+00
0.000000000000000000e+00
4.000000000000000000e+00
8.600000000000000000e+01
1.500000000000000000e+01
1.660000000000000000e+02
9.890000000000000000e+02
2.400000000000000000e+01
0.000000000000000000e+00
0.000000000000000000e+00
0.000000000000000000e+00
4.000000000000000000e+00
0.000000000000000000e+00
1.500000000000000000e+01
3.900000000000000000e+01
1.600000000000000000e+01
8.659000000000000000e+03
0.000000000000000000e+00
1.600000000000000000e+01
0.000000000000000000e+00
2.400000000000000000e+01
3.000000000000000000e+00
2.420000000000000000e+02
5.000000000000000000e+00
3.600000000000000000e+01
1.500000000000000000e+02
1.720000000000000000e+02
8.000000000000000000e+00
1.890000000000000000e+02
0.000000000000000000e+00
3.000000000000000000e+00
0.000000000000000000e+00
1.930000000000000000e+02
1.196600000000000000e+04
0.000000000000000000e+00
1.000000000000000000e+00
1.700000000000000000e+01
5.000000000000000000e+00
2.000000000000000000e+00
5.000000000000000000e+00
0.000000000000000000e+00
0.000000000000000000e+00
0.000000000000000000e+00
0.000000000000000000e+00
0.000000000000000000e+00
1.780000000000000000e+02
7.424000000000000000e+03
3.351000000000000000e+03
2.380000000000000000e+02
2.600000000000000000e+01
1.200000000000000000e+01
2.800000000000000000e+01
1.000000000000000000e+00
3.000000000000000000e+01
1.000000000000000000e+01
0.000000000000000000e+00
0.000000000000000000e+00
2.000000000000000000e+00
2.990000000000000000e+02
1.320000000000000000e+02
5.000000000000000000e+01
1.938000000000000000e+03
5.000000000000000000e+00
3.225400000000000000e+04
1.600000000000000000e+01
2.000000000000000000e+00
4.000000000000000000e+00
6.000000000000000000e+00
2.000000000000000000e+00
1.360000000000000000e+02
0.000000000000000000e+00
2.000000000000000000e+00
0.000000000000000000e+00
0.000000000000000000e+00
0.000000000000000000e+00
0.000000000000000000e+00
0.000000000000000000e+00
1.240000000000000000e+02
1.700000000000000000e+01
1.000000000000000000e+00
0.000000000000000000e+00
0.000000000000000000e+00
1.000000000000000000e+00
0.000000000000000000e+00
0.000000000000000000e+00
0.000000000000000000e+00
0.000000000000000000e+00
6.000000000000000000e+01
2.000000000000000000e+00
2.200000000000000000e+01
0.000000000000000000e+00
0.000000000000000000e+00
0.000000000000000000e+00
0.000000000000000000e+00
4.200000000000000000e+01
2.000000000000000000e+00
5.090000000000000000e+02
4.000000000000000000e+00
2.040000000000000000e+02
1.786000000000000000e+03
3.370000000000000000e+02
1.260000000000000000e+02
8.000000000000000000e+00
5.400000000000000000e+01
4.000000000000000000e+00
1.250000000000000000e+02
0.000000000000000000e+00
3.478000000000000000e+03
0.000000000000000000e+00
0.000000000000000000e+00
0.000000000000000000e+00
0.000000000000000000e+00
1.680000000000000000e+02
0.000000000000000000e+00
4.522000000000000000e+03
7.000000000000000000e+00
2.000000000000000000e+00
2.000000000000000000e+00
1.560000000000000000e+02
0.000000000000000000e+00
1.000000000000000000e+00
0.000000000000000000e+00
1.000000000000000000e+00
3.000000000000000000e+01
6.343100000000000000e+04
0.000000000000000000e+00
0.000000000000000000e+00
3.170000000000000000e+02
6.500000000000000000e+01
2.000000000000000000e+00
9.000000000000000000e+00
4.000000000000000000e+00
0.000000000000000000e+00
3.000000000000000000e+00
4.000000000000000000e+00
4.000000000000000000e+00
7.410000000000000000e+02
0.000000000000000000e+00
0.000000000000000000e+00
1.000000000000000000e+01
2.400000000000000000e+02
0.000000000000000000e+00
0.000000000000000000e+00
2.000000000000000000e+00
0.000000000000000000e+00
0.000000000000000000e+00
5.000000000000000000e+00
1.100000000000000000e+01
9.000000000000000000e+00
1.090000000000000000e+02
0.000000000000000000e+00
6.200000000000000000e+01
9.000000000000000000e+00
0.000000000000000000e+00
0.000000000000000000e+00
3.400000000000000000e+02
8.790000000000000000e+02
0.000000000000000000e+00
0.000000000000000000e+00
0.000000000000000000e+00
1.200000000000000000e+01
5.176000000000000000e+03
0.000000000000000000e+00
3.650000000000000000e+02
1.000000000000000000e+00
3.000000000000000000e+00
3.570000000000000000e+02
0.000000000000000000e+00
0.000000000000000000e+00
0.000000000000000000e+00
4.970000000000000000e+02
1.778000000000000000e+03
0.000000000000000000e+00
0.000000000000000000e+00
6.240000000000000000e+02
3.000000000000000000e+00
2.670000000000000000e+02
2.000000000000000000e+00
1.200000000000000000e+01
0.000000000000000000e+00
3.200000000000000000e+01
2.380000000000000000e+02
3.000000000000000000e+00
0.000000000000000000e+00
0.000000000000000000e+00
0.000000000000000000e+00
3.000000000000000000e+00
0.000000000000000000e+00
6.130000000000000000e+02
0.000000000000000000e+00
7.900000000000000000e+01
0.000000000000000000e+00
1.000000000000000000e+01
4.450000000000000000e+03
0.000000000000000000e+00
5.000000000000000000e+00
0.000000000000000000e+00
1.000000000000000000e+00
2.400000000000000000e+01
4.280000000000000000e+02
0.000000000000000000e+00
5.000000000000000000e+00
1.200000000000000000e+01
0.000000000000000000e+00
0.000000000000000000e+00
7.710000000000000000e+02
0.000000000000000000e+00
1.420000000000000000e+02
1.000000000000000000e+00
1.000000000000000000e+01
0.000000000000000000e+00
1.800000000000000000e+01
7.000000000000000000e+00
1.810000000000000000e+02
0.000000000000000000e+00
3.930000000000000000e+02
2.138200000000000000e+04
2.960000000000000000e+02
4.300000000000000000e+01
1.210000000000000000e+02
0.000000000000000000e+00
1.200000000000000000e+01
2.000000000000000000e+00
3.400000000000000000e+01
1.000000000000000000e+00
2.000000000000000000e+00
1.000000000000000000e+00
0.000000000000000000e+00
1.000000000000000000e+00
4.000000000000000000e+00
0.000000000000000000e+00
1.000000000000000000e+00
0.000000000000000000e+00
4.000000000000000000e+00
5.700000000000000000e+01
3.160000000000000000e+02
9.290000000000000000e+02
2.100000000000000000e+01
6.491000000000000000e+03
8.500000000000000000e+02
9.000000000000000000e+00
3.000000000000000000e+00
0.000000000000000000e+00
0.000000000000000000e+00
4.200000000000000000e+01
1.860000000000000000e+02
0.000000000000000000e+00
4.500000000000000000e+01
7.000000000000000000e+00
1.512000000000000000e+03
2.000000000000000000e+00
0.000000000000000000e+00
5.000000000000000000e+00
0.000000000000000000e+00
0.000000000000000000e+00
1.200000000000000000e+01
6.400000000000000000e+01
2.853000000000000000e+03
1.700000000000000000e+01
7.190000000000000000e+02
7.000000000000000000e+00
1.800000000000000000e+01
1.000000000000000000e+00
3.000000000000000000e+00
2.000000000000000000e+00
1.930200000000000000e+04
8.000000000000000000e+01
0.000000000000000000e+00
4.000000000000000000e+00
2.000000000000000000e+00
5.000000000000000000e+00
1.000000000000000000e+00
4.120000000000000000e+02
2.000000000000000000e+00
0.000000000000000000e+00
1.211000000000000000e+04
3.400000000000000000e+01
1.900000000000000000e+01
0.000000000000000000e+00
0.000000000000000000e+00
1.000000000000000000e+01
5.021000000000000000e+03
0.000000000000000000e+00
1.400000000000000000e+01
1.000000000000000000e+00
1.600000000000000000e+01
2.000000000000000000e+00
2.980000000000000000e+02
1.270000000000000000e+02
1.000000000000000000e+00
1.841000000000000000e+03
0.000000000000000000e+00
0.000000000000000000e+00
1.620000000000000000e+03
3.007500000000000000e+04
3.455000000000000000e+03
0.000000000000000000e+00
2.900000000000000000e+01
1.011900000000000000e+04
4.500000000000000000e+01
1.000000000000000000e+00
1.400000000000000000e+01
2.210000000000000000e+02
2.000000000000000000e+00
0.000000000000000000e+00
1.700000000000000000e+01
2.000000000000000000e+01
2.200000000000000000e+01
3.500000000000000000e+01
0.000000000000000000e+00
0.000000000000000000e+00
0.000000000000000000e+00
7.000000000000000000e+00
2.400000000000000000e+01
6.000000000000000000e+01
3.600000000000000000e+01
5.720000000000000000e+02
2.000000000000000000e+00
1.310000000000000000e+02
5.100000000000000000e+01
2.100000000000000000e+01
1.800000000000000000e+01
2.000000000000000000e+00
9.340000000000000000e+02
7.000000000000000000e+00
0.000000000000000000e+00
0.000000000000000000e+00
0.000000000000000000e+00
1.000000000000000000e+00
7.000000000000000000e+00
1.000000000000000000e+00
2.000000000000000000e+00
5.000000000000000000e+00
1.000000000000000000e+00
1.798000000000000000e+03
0.000000000000000000e+00
2.000000000000000000e+00
2.000000000000000000e+01
3.000000000000000000e+00
1.000000000000000000e+00
1.300000000000000000e+01
2.700000000000000000e+02
6.600000000000000000e+01
8.143000000000000000e+03
0.000000000000000000e+00
0.000000000000000000e+00
2.000000000000000000e+00
4.000000000000000000e+01
2.590000000000000000e+02
2.200000000000000000e+01
1.460000000000000000e+02
1.100000000000000000e+01
2.000000000000000000e+00
3.000000000000000000e+00
6.000000000000000000e+00
7.000000000000000000e+00
2.000000000000000000e+00
4.500000000000000000e+01
3.410000000000000000e+02
2.000000000000000000e+00
2.000000000000000000e+01
3.000000000000000000e+00
5.000000000000000000e+00
0.000000000000000000e+00
5.000000000000000000e+00
6.000000000000000000e+00
0.000000000000000000e+00
1.200000000000000000e+01
3.700000000000000000e+01
3.620000000000000000e+02
1.210000000000000000e+02
1.230000000000000000e+03
1.210000000000000000e+02
5.340000000000000000e+02
6.000000000000000000e+00
0.000000000000000000e+00
0.000000000000000000e+00
9.000000000000000000e+02
5.200000000000000000e+01
7.000000000000000000e+00
6.200000000000000000e+01
4.000000000000000000e+00
0.000000000000000000e+00
2.700000000000000000e+01
0.000000000000000000e+00
6.258000000000000000e+03
0.000000000000000000e+00
8.000000000000000000e+00
0.000000000000000000e+00
1.370000000000000000e+02
1.120000000000000000e+03
0.000000000000000000e+00
2.000000000000000000e+00
1.180000000000000000e+02
1.500000000000000000e+01
1.327000000000000000e+03
2.100000000000000000e+01
3.670000000000000000e+03
4.900000000000000000e+01
2.000000000000000000e+01
2.000000000000000000e+00
1.150000000000000000e+02
1.150000000000000000e+02
1.760000000000000000e+02
6.000000000000000000e+00
3.202000000000000000e+03
1.300000000000000000e+01
1.000000000000000000e+00
0.000000000000000000e+00
3.000000000000000000e+00
1.030000000000000000e+02
5.630000000000000000e+02
0.000000000000000000e+00
0.000000000000000000e+00
1.000000000000000000e+00
0.000000000000000000e+00
4.000000000000000000e+00
2.950000000000000000e+02
7.200000000000000000e+01
3.990000000000000000e+02
3.000000000000000000e+00
1.001000000000000000e+03
0.000000000000000000e+00
0.000000000000000000e+00
0.000000000000000000e+00
3.000000000000000000e+00
6.510000000000000000e+02
5.110000000000000000e+02
0.000000000000000000e+00
1.933000000000000000e+03
0.000000000000000000e+00
3.332600000000000000e+04
4.900000000000000000e+01
1.000000000000000000e+00
0.000000000000000000e+00
1.020000000000000000e+02
2.600000000000000000e+01
0.000000000000000000e+00
9.300000000000000000e+01
2.094000000000000000e+03
4.000000000000000000e+00
0.000000000000000000e+00
4.000000000000000000e+00
3.300000000000000000e+01
1.000000000000000000e+01
1.400000000000000000e+01
2.000000000000000000e+00
5.000000000000000000e+00
8.800000000000000000e+01
0.000000000000000000e+00
8.000000000000000000e+00
3.000000000000000000e+00
0.000000000000000000e+00
0.000000000000000000e+00
2.000000000000000000e+01
6.100000000000000000e+01
1.500000000000000000e+01
5.000000000000000000e+00
0.000000000000000000e+00
1.000000000000000000e+00
3.890000000000000000e+02
0.000000000000000000e+00
0.000000000000000000e+00
0.000000000000000000e+00
8.000000000000000000e+00
0.000000000000000000e+00
2.600000000000000000e+02
0.000000000000000000e+00
5.000000000000000000e+00
0.000000000000000000e+00
0.000000000000000000e+00
3.940500000000000000e+04
0.000000000000000000e+00
4.000000000000000000e+00
1.000000000000000000e+01
1.000000000000000000e+00
8.000000000000000000e+00
0.000000000000000000e+00
4.000000000000000000e+00
0.000000000000000000e+00
1.700000000000000000e+01
2.200000000000000000e+01
0.000000000000000000e+00
1.600000000000000000e+01
2.400000000000000000e+01
2.500000000000000000e+01
8.400000000000000000e+01
1.127000000000000000e+03
2.000000000000000000e+00
0.000000000000000000e+00
3.211600000000000000e+04
5.600000000000000000e+01
1.200000000000000000e+01
0.000000000000000000e+00
0.000000000000000000e+00
3.000000000000000000e+00
4.000000000000000000e+00
6.600000000000000000e+01
1.000000000000000000e+00
3.000000000000000000e+00
0.000000000000000000e+00
4.000000000000000000e+00
0.000000000000000000e+00
4.400000000000000000e+01
1.200000000000000000e+01
2.900000000000000000e+01
0.000000000000000000e+00
1.000000000000000000e+01
2.000000000000000000e+00
0.000000000000000000e+00
1.073000000000000000e+03
0.000000000000000000e+00
2.000000000000000000e+00
0.000000000000000000e+00
0.000000000000000000e+00
4.000000000000000000e+00
3.081000000000000000e+03
1.700000000000000000e+01
0.000000000000000000e+00
0.000000000000000000e+00
7.000000000000000000e+00
0.000000000000000000e+00
0.000000000000000000e+00
1.800000000000000000e+01
3.080000000000000000e+02
0.000000000000000000e+00
1.000000000000000000e+00
2.000000000000000000e+00
1.000000000000000000e+00
1.000000000000000000e+00
7.100000000000000000e+01
3.987000000000000000e+03
3.697000000000000000e+03
1.000000000000000000e+00
1.200000000000000000e+01
4.000000000000000000e+00
2.000000000000000000e+00
1.000000000000000000e+00
2.300000000000000000e+01
1.000000000000000000e+00
1.885000000000000000e+03
0.000000000000000000e+00
1.000000000000000000e+00
0.000000000000000000e+00
2.600000000000000000e+01
0.000000000000000000e+00
6.000000000000000000e+01
2.000000000000000000e+00
3.954000000000000000e+03
0.000000000000000000e+00
3.000000000000000000e+00
2.293000000000000000e+03
1.300000000000000000e+01
3.460000000000000000e+02
2.000000000000000000e+00
6.000000000000000000e+00
3.884000000000000000e+03
2.000000000000000000e+00
0.000000000000000000e+00
9.470000000000000000e+02
2.176000000000000000e+03
1.702000000000000000e+03
2.395000000000000000e+03
1.970000000000000000e+02
1.100000000000000000e+01
1.150000000000000000e+02
2.000000000000000000e+01
2.580000000000000000e+02
0.000000000000000000e+00
0.000000000000000000e+00
0.000000000000000000e+00
7.010000000000000000e+02
6.038000000000000000e+03
1.900000000000000000e+01
1.000000000000000000e+00
0.000000000000000000e+00
1.070000000000000000e+03
6.060000000000000000e+02
2.960000000000000000e+02
2.800000000000000000e+01
1.084000000000000000e+03
1.180000000000000000e+02
4.000000000000000000e+00
8.200000000000000000e+01
5.000000000000000000e+00
5.000000000000000000e+00
1.000000000000000000e+01
1.145000000000000000e+03
2.000000000000000000e+00
8.500000000000000000e+01
0.000000000000000000e+00
4.600000000000000000e+01
1.100000000000000000e+01
8.900000000000000000e+01
1.600000000000000000e+01
2.000000000000000000e+00
8.000000000000000000e+00
0.000000000000000000e+00
4.200000000000000000e+01
4.100000000000000000e+01
0.000000000000000000e+00
0.000000000000000000e+00
4.000000000000000000e+00
1.990000000000000000e+02
1.023000000000000000e+03
1.400000000000000000e+01
1.800000000000000000e+01
4.450000000000000000e+02
1.735000000000000000e+03
2.000000000000000000e+00
0.000000000000000000e+00
1.650000000000000000e+02
0.000000000000000000e+00
1.100000000000000000e+01
0.000000000000000000e+00
0.000000000000000000e+00
2.000000000000000000e+00
3.183000000000000000e+03
0.000000000000000000e+00
2.176000000000000000e+03
0.000000000000000000e+00
0.000000000000000000e+00
8.193000000000000000e+03
1.700000000000000000e+01
1.600000000000000000e+01
1.400000000000000000e+01
0.000000000000000000e+00
1.354000000000000000e+03
5.000000000000000000e+00
6.000000000000000000e+00
8.300000000000000000e+01
3.700000000000000000e+01
1.600000000000000000e+01
0.000000000000000000e+00
1.070000000000000000e+02
0.000000000000000000e+00
2.213800000000000000e+04
1.300000000000000000e+01
9.000000000000000000e+00
9.000000000000000000e+00
1.300000000000000000e+01
0.000000000000000000e+00
2.791700000000000000e+04
1.550000000000000000e+02
0.000000000000000000e+00
0.000000000000000000e+00
1.100000000000000000e+01
3.000000000000000000e+00
2.000000000000000000e+00
0.000000000000000000e+00
0.000000000000000000e+00
2.000000000000000000e+00
0.000000000000000000e+00
0.000000000000000000e+00
3.389000000000000000e+03
7.000000000000000000e+00
1.000000000000000000e+00
0.000000000000000000e+00
0.000000000000000000e+00
1.200000000000000000e+01
2.910000000000000000e+02
7.700000000000000000e+01
4.270000000000000000e+02
2.000000000000000000e+00
0.000000000000000000e+00
6.000000000000000000e+00
3.160000000000000000e+02
5.300000000000000000e+01
0.000000000000000000e+00
6.000000000000000000e+00
0.000000000000000000e+00
1.897000000000000000e+03
7.000000000000000000e+00
2.980000000000000000e+02
5.780000000000000000e+02
1.000000000000000000e+00
4.959000000000000000e+03
1.000000000000000000e+00
2.700000000000000000e+01
5.000000000000000000e+00
6.800000000000000000e+01
1.000000000000000000e+00
5.200000000000000000e+02
1.000000000000000000e+00
1.000000000000000000e+00
1.000000000000000000e+00
8.900000000000000000e+01
0.000000000000000000e+00
3.160000000000000000e+02
4.000000000000000000e+00
1.000000000000000000e+01
1.610000000000000000e+02
5.000000000000000000e+01
0.000000000000000000e+00
7.000000000000000000e+00
0.000000000000000000e+00
2.975000000000000000e+04
3.000000000000000000e+00
0.000000000000000000e+00
0.000000000000000000e+00
2.626000000000000000e+03
3.600000000000000000e+01
1.600000000000000000e+01
2.109000000000000000e+03
2.000000000000000000e+00
0.000000000000000000e+00
0.000000000000000000e+00
7.000000000000000000e+00
2.000000000000000000e+00
0.000000000000000000e+00
0.000000000000000000e+00
2.000000000000000000e+00
2.000000000000000000e+00
1.000000000000000000e+00
1.798000000000000000e+03
1.460000000000000000e+02
1.000000000000000000e+01
1.120000000000000000e+02
0.000000000000000000e+00
5.000000000000000000e+00
5.500000000000000000e+01
3.800000000000000000e+01
0.000000000000000000e+00
1.000000000000000000e+01
1.520000000000000000e+02
1.300000000000000000e+01
9.000000000000000000e+00
0.000000000000000000e+00
7.900000000000000000e+01
3.510000000000000000e+02
3.100000000000000000e+01
2.100000000000000000e+01
1.000000000000000000e+00
2.000000000000000000e+00
0.000000000000000000e+00
1.000000000000000000e+01
0.000000000000000000e+00
0.000000000000000000e+00
0.000000000000000000e+00
2.000000000000000000e+00
0.000000000000000000e+00
3.700000000000000000e+01
7.300000000000000000e+01
0.000000000000000000e+00
1.180000000000000000e+02
0.000000000000000000e+00
0.000000000000000000e+00
2.000000000000000000e+00
1.470000000000000000e+02
3.890000000000000000e+02
3.130000000000000000e+02
2.000000000000000000e+00
0.000000000000000000e+00
1.100000000000000000e+01
0.000000000000000000e+00
0.000000000000000000e+00
2.000000000000000000e+00
4.000000000000000000e+00
0.000000000000000000e+00
8.000000000000000000e+00
7.100000000000000000e+01
0.000000000000000000e+00
1.000000000000000000e+00
4.000000000000000000e+00
0.000000000000000000e+00
0.000000000000000000e+00
0.000000000000000000e+00
0.000000000000000000e+00
9.600000000000000000e+01
9.000000000000000000e+00
4.000000000000000000e+00
4.000000000000000000e+00
0.000000000000000000e+00
0.000000000000000000e+00
1.310000000000000000e+02
3.000000000000000000e+00
4.100000000000000000e+01
4.190000000000000000e+02
2.000000000000000000e+00
0.000000000000000000e+00
0.000000000000000000e+00
1.880000000000000000e+02
2.990000000000000000e+02
0.000000000000000000e+00
1.400000000000000000e+01
1.300000000000000000e+01
1.000000000000000000e+00
0.000000000000000000e+00
1.400000000000000000e+01
4.500000000000000000e+01
2.600000000000000000e+01
1.300000000000000000e+01
8.000000000000000000e+00
0.000000000000000000e+00
3.171000000000000000e+03
1.000000000000000000e+00
8.000000000000000000e+00
2.000000000000000000e+00
8.000000000000000000e+00
1.000000000000000000e+00
6.000000000000000000e+00
0.000000000000000000e+00
0.000000000000000000e+00
0.000000000000000000e+00
6.330000000000000000e+02
3.000000000000000000e+00
1.700000000000000000e+01
0.000000000000000000e+00
2.670000000000000000e+02
1.100000000000000000e+02
4.496000000000000000e+03
0.000000000000000000e+00
1.000000000000000000e+00
0.000000000000000000e+00
0.000000000000000000e+00
4.770000000000000000e+02
8.000000000000000000e+00
0.000000000000000000e+00
0.000000000000000000e+00
2.000000000000000000e+00
6.000000000000000000e+01
0.000000000000000000e+00
0.000000000000000000e+00
4.900000000000000000e+01
0.000000000000000000e+00
3.000000000000000000e+00
0.000000000000000000e+00
4.000000000000000000e+00
0.000000000000000000e+00
6.100000000000000000e+01
1.900000000000000000e+01
5.970000000000000000e+02
1.200000000000000000e+01
0.000000000000000000e+00
1.400000000000000000e+01
0.000000000000000000e+00
0.000000000000000000e+00
0.000000000000000000e+00
1.610000000000000000e+02
0.000000000000000000e+00
1.180000000000000000e+02
1.790000000000000000e+02
0.000000000000000000e+00
6.000000000000000000e+00
8.000000000000000000e+00
1.300000000000000000e+01
0.000000000000000000e+00
0.000000000000000000e+00
6.100000000000000000e+01
1.500000000000000000e+01
3.977000000000000000e+03
1.200000000000000000e+01
0.000000000000000000e+00
4.000000000000000000e+00
1.100000000000000000e+01
1.000000000000000000e+00
7.900000000000000000e+01
0.000000000000000000e+00
0.000000000000000000e+00
3.000000000000000000e+00
0.000000000000000000e+00
0.000000000000000000e+00
1.000000000000000000e+00
4.000000000000000000e+00
0.000000000000000000e+00
3.000000000000000000e+00
3.000000000000000000e+00
2.000000000000000000e+00
3.000000000000000000e+00
6.000000000000000000e+00
3.000000000000000000e+00
5.000000000000000000e+00
1.550000000000000000e+02
2.000000000000000000e+00
3.000000000000000000e+00
0.000000000000000000e+00
2.600000000000000000e+01
2.500000000000000000e+01
6.000000000000000000e+00
1.280000000000000000e+02
4.788400000000000000e+04
3.000000000000000000e+00
1.000000000000000000e+00
0.000000000000000000e+00
5.293500000000000000e+04
0.000000000000000000e+00
7.000000000000000000e+00
0.000000000000000000e+00
1.000000000000000000e+00
2.240000000000000000e+02
1.000000000000000000e+00
3.740000000000000000e+02
3.000000000000000000e+00
1.100000000000000000e+01
5.000000000000000000e+00
0.000000000000000000e+00
1.000000000000000000e+01
1.000000000000000000e+00
8.900000000000000000e+01
0.000000000000000000e+00
4.200000000000000000e+01
3.000000000000000000e+00
2.000000000000000000e+00
0.000000000000000000e+00
1.290000000000000000e+02
0.000000000000000000e+00
0.000000000000000000e+00
2.000000000000000000e+00
1.000000000000000000e+00
0.000000000000000000e+00
2.790000000000000000e+02
4.510000000000000000e+02
7.600000000000000000e+01
4.600000000000000000e+01
7.290000000000000000e+02
1.000000000000000000e+00
8.000000000000000000e+00
1.460000000000000000e+02
0.000000000000000000e+00
3.700000000000000000e+01
5.300000000000000000e+01
1.000000000000000000e+01
0.000000000000000000e+00
0.000000000000000000e+00
4.000000000000000000e+01
5.000000000000000000e+00
2.340000000000000000e+02
7.200000000000000000e+01
4.000000000000000000e+00
0.000000000000000000e+00
2.254700000000000000e+04
0.000000000000000000e+00
0.000000000000000000e+00
0.000000000000000000e+00
1.680000000000000000e+02
1.000000000000000000e+00
5.000000000000000000e+00
0.000000000000000000e+00
1.080000000000000000e+02
0.000000000000000000e+00
5.002000000000000000e+03
7.000000000000000000e+00
0.000000000000000000e+00
0.000000000000000000e+00
0.000000000000000000e+00
0.000000000000000000e+00
2.000000000000000000e+00
2.000000000000000000e+00
4.000000000000000000e+00
1.300000000000000000e+01
7.600000000000000000e+01
2.900000000000000000e+01
0.000000000000000000e+00
8.300000000000000000e+01
2.273000000000000000e+03
5.430000000000000000e+02
3.100000000000000000e+01
0.000000000000000000e+00
0.000000000000000000e+00
2.780000000000000000e+02
0.000000000000000000e+00
1.300000000000000000e+01
2.000000000000000000e+01
0.000000000000000000e+00
1.051000000000000000e+03
3.000000000000000000e+00
0.000000000000000000e+00
0.000000000000000000e+00
6.000000000000000000e+00
0.000000000000000000e+00
4.900000000000000000e+01
0.000000000000000000e+00
0.000000000000000000e+00
2.000000000000000000e+01
0.000000000000000000e+00
0.000000000000000000e+00
4.000000000000000000e+00
7.000000000000000000e+00
2.700000000000000000e+01
2.100000000000000000e+01
1.530200000000000000e+04
3.000000000000000000e+00
4.000000000000000000e+00
0.000000000000000000e+00
9.625000000000000000e+03
1.500000000000000000e+01
1.000000000000000000e+00
9.000000000000000000e+00
8.000000000000000000e+00
2.000000000000000000e+01
9.070000000000000000e+02
1.200000000000000000e+01
2.000000000000000000e+00
2.400000000000000000e+01
4.000000000000000000e+00
1.800000000000000000e+01
3.950000000000000000e+02
0.000000000000000000e+00
8.000000000000000000e+00
1.240000000000000000e+02
8.000000000000000000e+00
7.000000000000000000e+00
0.000000000000000000e+00
0.000000000000000000e+00
0.000000000000000000e+00
0.000000000000000000e+00
8.000000000000000000e+00
5.000000000000000000e+00
2.000000000000000000e+00
1.000000000000000000e+00
1.000000000000000000e+00
5.000000000000000000e+00
0.000000000000000000e+00
4.020000000000000000e+02
1.600000000000000000e+01
6.100000000000000000e+01
4.300000000000000000e+01
0.000000000000000000e+00
2.500000000000000000e+03
0.000000000000000000e+00
0.000000000000000000e+00
2.000000000000000000e+00
1.500000000000000000e+01
2.833000000000000000e+03
1.700000000000000000e+01
6.020000000000000000e+02
0.000000000000000000e+00
0.000000000000000000e+00
4.000000000000000000e+00
9.800000000000000000e+01
0.000000000000000000e+00
0.000000000000000000e+00
0.000000000000000000e+00
4.500000000000000000e+01
0.000000000000000000e+00
9.560000000000000000e+02
5.800000000000000000e+01
4.016000000000000000e+03
0.000000000000000000e+00
1.111000000000000000e+03
2.900000000000000000e+01
2.376600000000000000e+04
1.000000000000000000e+00
1.700000000000000000e+01
1.000000000000000000e+00
1.100000000000000000e+01
0.000000000000000000e+00
0.000000000000000000e+00
0.000000000000000000e+00
7.550000000000000000e+02
9.500000000000000000e+01
4.000000000000000000e+00
2.520000000000000000e+02
9.000000000000000000e+00
0.000000000000000000e+00
0.000000000000000000e+00
0.000000000000000000e+00
2.800000000000000000e+01
4.000000000000000000e+00
6.350000000000000000e+02
0.000000000000000000e+00
8.000000000000000000e+00
0.000000000000000000e+00
2.000000000000000000e+00
5.000000000000000000e+00
0.000000000000000000e+00
0.000000000000000000e+00
7.000000000000000000e+00
0.000000000000000000e+00
0.000000000000000000e+00
1.570000000000000000e+02
4.000000000000000000e+00
8.000000000000000000e+00
0.000000000000000000e+00
3.470000000000000000e+02
1.000000000000000000e+01
4.210000000000000000e+02
3.000000000000000000e+00
2.500000000000000000e+01
4.800000000000000000e+01
2.700000000000000000e+01
2.500000000000000000e+01
9.000000000000000000e+00
3.400000000000000000e+04
3.900000000000000000e+01
2.000000000000000000e+00
3.000000000000000000e+00
1.180000000000000000e+02
0.000000000000000000e+00
1.000000000000000000e+00
0.000000000000000000e+00
5.000000000000000000e+00
0.000000000000000000e+00
1.100000000000000000e+01
1.070000000000000000e+02
1.276700000000000000e+04
0.000000000000000000e+00
6.370000000000000000e+02
6.400000000000000000e+01
1.830000000000000000e+02
0.000000000000000000e+00
6.600000000000000000e+01
5.000000000000000000e+01
1.080000000000000000e+02
1.900000000000000000e+01
0.000000000000000000e+00
0.000000000000000000e+00
7.400000000000000000e+01
0.000000000000000000e+00
4.400000000000000000e+01
8.000000000000000000e+00
2.000000000000000000e+00
1.570000000000000000e+02
5.000000000000000000e+00
0.000000000000000000e+00
1.726000000000000000e+03
2.000000000000000000e+00
8.200000000000000000e+01
0.000000000000000000e+00
4.700000000000000000e+01
0.000000000000000000e+00
5.563000000000000000e+03
0.000000000000000000e+00
0.000000000000000000e+00
2.500000000000000000e+01
0.000000000000000000e+00
2.000000000000000000e+00
5.690000000000000000e+02
4.000000000000000000e+00
2.500000000000000000e+01
5.604000000000000000e+03
0.000000000000000000e+00
3.000000000000000000e+00
2.700000000000000000e+01
0.000000000000000000e+00
1.000000000000000000e+01
7.000000000000000000e+00
1.900000000000000000e+01
0.000000000000000000e+00
0.000000000000000000e+00
2.600000000000000000e+01
0.000000000000000000e+00
1.738000000000000000e+03
2.000000000000000000e+00
2.000000000000000000e+00
7.000000000000000000e+00
0.000000000000000000e+00
0.000000000000000000e+00
0.000000000000000000e+00
0.000000000000000000e+00
0.000000000000000000e+00
1.220000000000000000e+02
0.000000000000000000e+00
1.648000000000000000e+03
0.000000000000000000e+00
0.000000000000000000e+00
1.250000000000000000e+02
0.000000000000000000e+00
1.000000000000000000e+00
0.000000000000000000e+00
4.000000000000000000e+00
1.808800000000000000e+04
9.890000000000000000e+02
0.000000000000000000e+00
0.000000000000000000e+00
9.000000000000000000e+00
1.306000000000000000e+03
8.000000000000000000e+00
2.000000000000000000e+00
5.100000000000000000e+01
0.000000000000000000e+00
2.000000000000000000e+00
3.900000000000000000e+01
1.400000000000000000e+01
1.900000000000000000e+01
2.000000000000000000e+00
0.000000000000000000e+00
0.000000000000000000e+00
1.000000000000000000e+00
0.000000000000000000e+00
0.000000000000000000e+00
9.600000000000000000e+01
2.000000000000000000e+00
0.000000000000000000e+00
2.080000000000000000e+02
0.000000000000000000e+00
1.000000000000000000e+00
2.100000000000000000e+01
7.000000000000000000e+00
1.000000000000000000e+00
2.000000000000000000e+00
0.000000000000000000e+00
5.300000000000000000e+01
8.000000000000000000e+00
0.000000000000000000e+00
0.000000000000000000e+00
1.220000000000000000e+02
0.000000000000000000e+00
3.500000000000000000e+01
7.300000000000000000e+01
2.000000000000000000e+00
6.340000000000000000e+02
3.720000000000000000e+02
1.200000000000000000e+01
0.000000000000000000e+00
1.514000000000000000e+03
2.820000000000000000e+02
5.300000000000000000e+01
0.000000000000000000e+00
1.000000000000000000e+00
3.300000000000000000e+01
1.779800000000000000e+04
2.000000000000000000e+00
1.000000000000000000e+01
2.800000000000000000e+01
0.000000000000000000e+00
1.300000000000000000e+01
4.800000000000000000e+01
0.000000000000000000e+00
0.000000000000000000e+00
3.000000000000000000e+00
2.853200000000000000e+04
0.000000000000000000e+00
2.260000000000000000e+02
0.000000000000000000e+00
5.000000000000000000e+00
7.600000000000000000e+01
5.000000000000000000e+00
5.000000000000000000e+01
1.200000000000000000e+01
1.000000000000000000e+00
3.400000000000000000e+01
1.600000000000000000e+01
1.056000000000000000e+03
7.000000000000000000e+00
1.000000000000000000e+00
0.000000000000000000e+00
2.300000000000000000e+01
8.000000000000000000e+00
4.000000000000000000e+00
0.000000000000000000e+00
2.570000000000000000e+02
0.000000000000000000e+00
0.000000000000000000e+00
0.000000000000000000e+00
2.000000000000000000e+00
0.000000000000000000e+00
7.300000000000000000e+01
3.400000000000000000e+01
5.650000000000000000e+02
1.200000000000000000e+01
5.300000000000000000e+01
4.300000000000000000e+01
1.000000000000000000e+01
1.475000000000000000e+03
4.000000000000000000e+00
1.000000000000000000e+00
6.253000000000000000e+03
3.300000000000000000e+01
1.400000000000000000e+01
0.000000000000000000e+00
2.000000000000000000e+00
2.500000000000000000e+01
2.200000000000000000e+01
8.000000000000000000e+00
6.000000000000000000e+00
2.000000000000000000e+00
4.754000000000000000e+03
8.100000000000000000e+01
2.200000000000000000e+01
3.000000000000000000e+00
0.000000000000000000e+00
1.550000000000000000e+02
8.000000000000000000e+00
3.000000000000000000e+00
0.000000000000000000e+00
8.000000000000000000e+00
0.000000000000000000e+00
1.413000000000000000e+03
0.000000000000000000e+00
1.000000000000000000e+00
1.600000000000000000e+01
1.400000000000000000e+02
0.000000000000000000e+00
8.900000000000000000e+01
2.000000000000000000e+00
0.000000000000000000e+00
1.200000000000000000e+01
0.000000000000000000e+00
0.000000000000000000e+00
3.600000000000000000e+01
3.600000000000000000e+01
8.000000000000000000e+00
1.420000000000000000e+02
1.100000000000000000e+01
7.000000000000000000e+00
5.000000000000000000e+00
2.300000000000000000e+01
5.000000000000000000e+00
1.900000000000000000e+01
0.000000000000000000e+00
8.000000000000000000e+01
4.900000000000000000e+01
1.108200000000000000e+04
1.910000000000000000e+02
0.000000000000000000e+00
1.000000000000000000e+00
1.000000000000000000e+01
0.000000000000000000e+00
1.240000000000000000e+02
7.000000000000000000e+00
3.000000000000000000e+00
7.000000000000000000e+00
0.000000000000000000e+00
1.100000000000000000e+01
8.600000000000000000e+01
0.000000000000000000e+00
2.000000000000000000e+00
4.000000000000000000e+00
0.000000000000000000e+00
0.000000000000000000e+00
3.000000000000000000e+00
6.000000000000000000e+00
0.000000000000000000e+00
5.000000000000000000e+00
2.000000000000000000e+00
3.500000000000000000e+01
1.000000000000000000e+00
9.000000000000000000e+00
5.000000000000000000e+00
5.000000000000000000e+00
0.000000000000000000e+00
9.000000000000000000e+00
4.000000000000000000e+00
0.000000000000000000e+00
7.300000000000000000e+01
4.200000000000000000e+01
6.200000000000000000e+01
2.000000000000000000e+00
0.000000000000000000e+00
0.000000000000000000e+00
1.000000000000000000e+01
3.000000000000000000e+00
2.000000000000000000e+00
0.000000000000000000e+00
2.440000000000000000e+02
8.000000000000000000e+00
8.812000000000000000e+03
0.000000000000000000e+00
2.972300000000000000e+04
2.680000000000000000e+02
3.000000000000000000e+00
0.000000000000000000e+00
2.400000000000000000e+01
1.779000000000000000e+03
3.110000000000000000e+02
2.000000000000000000e+00
1.200000000000000000e+01
2.000000000000000000e+00
1.022000000000000000e+03
4.600000000000000000e+01
0.000000000000000000e+00
0.000000000000000000e+00
9.000000000000000000e+00
4.900000000000000000e+01
1.000000000000000000e+02
0.000000000000000000e+00
5.000000000000000000e+00
1.200000000000000000e+01
1.580300000000000000e+04
0.000000000000000000e+00
4.700000000000000000e+01
2.500000000000000000e+01
5.400000000000000000e+02
0.000000000000000000e+00
0.000000000000000000e+00
0.000000000000000000e+00
1.900000000000000000e+01
0.000000000000000000e+00
2.660000000000000000e+02
8.800000000000000000e+01
1.500000000000000000e+01
1.000000000000000000e+01
7.900000000000000000e+01
0.000000000000000000e+00
3.000000000000000000e+00
3.000000000000000000e+00
2.600000000000000000e+01
4.300000000000000000e+01
2.000000000000000000e+00
6.000000000000000000e+00
1.100000000000000000e+01
1.970000000000000000e+02
0.000000000000000000e+00
3.000000000000000000e+00
2.000000000000000000e+00
5.540000000000000000e+02
2.400000000000000000e+01
2.000000000000000000e+00
2.000000000000000000e+00
0.000000000000000000e+00
3.300000000000000000e+01
1.760500000000000000e+04
3.660000000000000000e+02
6.200000000000000000e+02
2.000000000000000000e+00
2.400000000000000000e+01
0.000000000000000000e+00
3.000000000000000000e+00
4.000000000000000000e+00
0.000000000000000000e+00
1.230000000000000000e+02
1.680000000000000000e+02
1.500000000000000000e+01
2.000000000000000000e+00
1.000000000000000000e+00
0.000000000000000000e+00
3.290000000000000000e+02
7.000000000000000000e+00
0.000000000000000000e+00
1.000000000000000000e+01
5.830000000000000000e+02
1.000000000000000000e+00
0.000000000000000000e+00
0.000000000000000000e+00
0.000000000000000000e+00
6.700000000000000000e+01
0.000000000000000000e+00
0.000000000000000000e+00
0.000000000000000000e+00
6.800000000000000000e+01
0.000000000000000000e+00
0.000000000000000000e+00
2.000000000000000000e+00
4.800000000000000000e+01
4.000000000000000000e+00
1.700000000000000000e+01
0.000000000000000000e+00
0.000000000000000000e+00
1.660000000000000000e+02
5.000000000000000000e+00
2.000000000000000000e+01
2.936000000000000000e+03
0.000000000000000000e+00
1.000000000000000000e+01
1.400000000000000000e+01
0.000000000000000000e+00
2.000000000000000000e+00
2.956000000000000000e+03
1.000000000000000000e+02
0.000000000000000000e+00
0.000000000000000000e+00
4.000000000000000000e+00
9.000000000000000000e+00
0.000000000000000000e+00
6.500000000000000000e+01
4.157000000000000000e+03
2.999000000000000000e+03
3.000000000000000000e+00
1.000000000000000000e+00
0.000000000000000000e+00
4.853000000000000000e+03
1.000000000000000000e+00
0.000000000000000000e+00
2.210000000000000000e+02
4.200000000000000000e+01
7.189000000000000000e+03
2.000000000000000000e+00
1.320000000000000000e+02
3.443400000000000000e+04
3.500000000000000000e+01
0.000000000000000000e+00
0.000000000000000000e+00
2.000000000000000000e+00
2.733000000000000000e+03
3.792000000000000000e+03
1.263000000000000000e+03
8.300000000000000000e+01
0.000000000000000000e+00
2.600000000000000000e+01
0.000000000000000000e+00
0.000000000000000000e+00
8.140000000000000000e+02
0.000000000000000000e+00
2.000000000000000000e+01
2.790000000000000000e+02
0.000000000000000000e+00
1.000000000000000000e+00
1.900000000000000000e+01
2.500000000000000000e+01
0.000000000000000000e+00
0.000000000000000000e+00
0.000000000000000000e+00
5.800000000000000000e+01
1.000000000000000000e+00
7.500000000000000000e+01
1.000000000000000000e+00
4.100000000000000000e+01
0.000000000000000000e+00
0.000000000000000000e+00
6.979000000000000000e+03
3.400000000000000000e+01
2.000000000000000000e+00
3.781400000000000000e+04
2.000000000000000000e+00
5.000000000000000000e+00
9.000000000000000000e+00
6.860000000000000000e+02
2.800000000000000000e+01
2.000000000000000000e+00
1.000000000000000000e+00
0.000000000000000000e+00
2.300000000000000000e+01
6.000000000000000000e+00
2.500000000000000000e+01
0.000000000000000000e+00
1.800000000000000000e+01
0.000000000000000000e+00
3.800000000000000000e+01
0.000000000000000000e+00
3.800000000000000000e+01
1.000000000000000000e+00
9.285000000000000000e+03
9.000000000000000000e+00
9.400000000000000000e+01
7.600000000000000000e+01
2.000000000000000000e+00
1.390000000000000000e+02
2.000000000000000000e+00
7.000000000000000000e+00
4.670000000000000000e+02
0.000000000000000000e+00
0.000000000000000000e+00
2.220000000000000000e+02
1.120000000000000000e+02
0.000000000000000000e+00
1.060000000000000000e+02
3.000000000000000000e+00
4.100000000000000000e+01
4.200000000000000000e+01
5.000000000000000000e+00
1.000000000000000000e+00
1.600000000000000000e+01
0.000000000000000000e+00
6.300000000000000000e+01
1.900000000000000000e+01
4.720000000000000000e+02
4.000000000000000000e+00
5.000000000000000000e+00
5.538000000000000000e+03
0.000000000000000000e+00
6.000000000000000000e+00
2.600000000000000000e+01
0.000000000000000000e+00
2.120000000000000000e+02
7.000000000000000000e+00
0.000000000000000000e+00
1.000000000000000000e+00
2.000000000000000000e+00
3.000000000000000000e+00
8.200000000000000000e+01
1.000000000000000000e+00
1.456000000000000000e+04
0.000000000000000000e+00
6.000000000000000000e+00
5.400000000000000000e+01
1.570000000000000000e+02
0.000000000000000000e+00
2.800000000000000000e+01
1.000000000000000000e+00
5.233000000000000000e+03
6.800000000000000000e+01
0.000000000000000000e+00
0.000000000000000000e+00
4.000000000000000000e+00
2.000000000000000000e+00
3.000000000000000000e+00
1.000000000000000000e+00
4.000000000000000000e+00
7.000000000000000000e+00
2.700000000000000000e+02
9.000000000000000000e+00
2.000000000000000000e+00
2.780000000000000000e+02
0.000000000000000000e+00
3.000000000000000000e+00
0.000000000000000000e+00
4.000000000000000000e+00
8.000000000000000000e+00
0.000000000000000000e+00
7.000000000000000000e+00
5.700000000000000000e+01
5.100000000000000000e+01
0.000000000000000000e+00
0.000000000000000000e+00
1.240000000000000000e+02
0.000000000000000000e+00
1.000000000000000000e+00
1.225000000000000000e+03
1.930000000000000000e+02
6.000000000000000000e+02
5.290000000000000000e+02
1.000000000000000000e+00
0.000000000000000000e+00
7.900000000000000000e+01
0.000000000000000000e+00
0.000000000000000000e+00
4.000000000000000000e+00
9.000000000000000000e+01
1.000000000000000000e+00
0.000000000000000000e+00
5.000000000000000000e+00
2.000000000000000000e+00
1.610000000000000000e+02
9.000000000000000000e+00
3.717000000000000000e+03
9.000000000000000000e+00
2.220000000000000000e+02
1.080000000000000000e+02
2.000000000000000000e+01
1.800000000000000000e+01
1.900000000000000000e+01
4.300000000000000000e+01
0.000000000000000000e+00
3.310000000000000000e+02
0.000000000000000000e+00
1.000000000000000000e+00
0.000000000000000000e+00
3.200000000000000000e+01
6.000000000000000000e+00
2.000000000000000000e+00
2.700000000000000000e+01
1.100000000000000000e+01
7.000000000000000000e+00
2.000000000000000000e+00
1.000000000000000000e+00
0.000000000000000000e+00
4.510000000000000000e+02
0.000000000000000000e+00
4.000000000000000000e+00
3.800000000000000000e+01
1.400000000000000000e+01
9.000000000000000000e+02
3.000000000000000000e+00
1.300000000000000000e+01
0.000000000000000000e+00
1.390000000000000000e+02
1.800000000000000000e+01
0.000000000000000000e+00
1.436800000000000000e+04
0.000000000000000000e+00
0.000000000000000000e+00
1.770000000000000000e+02
0.000000000000000000e+00
2.500000000000000000e+01
3.068000000000000000e+04
3.200000000000000000e+01
2.000000000000000000e+00
1.100000000000000000e+01
9.000000000000000000e+00
0.000000000000000000e+00
3.200000000000000000e+01
2.900000000000000000e+01
8.000000000000000000e+00
0.000000000000000000e+00
4.000000000000000000e+00
0.000000000000000000e+00
3.600000000000000000e+01
3.400000000000000000e+01
4.000000000000000000e+00
4.100000000000000000e+01
0.000000000000000000e+00
0.000000000000000000e+00
5.000000000000000000e+00
1.364000000000000000e+03
5.162000000000000000e+03
1.600000000000000000e+01
1.100000000000000000e+01
1.000000000000000000e+00
0.000000000000000000e+00
1.205000000000000000e+03
0.000000000000000000e+00
0.000000000000000000e+00
0.000000000000000000e+00
2.769200000000000000e+04
0.000000000000000000e+00
4.780000000000000000e+02
3.700000000000000000e+01
1.000000000000000000e+00
1.140000000000000000e+02
2.400000000000000000e+01
5.900000000000000000e+01
1.000000000000000000e+00
2.000000000000000000e+00
6.000000000000000000e+00
1.000000000000000000e+00
8.100000000000000000e+01
4.000000000000000000e+00
1.000000000000000000e+01
8.140000000000000000e+02
7.000000000000000000e+00
3.400000000000000000e+01
1.910000000000000000e+02
7.250000000000000000e+02
3.400000000000000000e+01
1.029000000000000000e+03
1.065000000000000000e+03
0.000000000000000000e+00
1.700000000000000000e+01
5.000000000000000000e+00
3.060000000000000000e+02
1.920000000000000000e+02
0.000000000000000000e+00
3.500000000000000000e+01
1.100000000000000000e+01
3.800000000000000000e+01
1.390000000000000000e+02
6.200000000000000000e+01
2.000000000000000000e+00
0.000000000000000000e+00
1.000000000000000000e+00
1.000000000000000000e+00
4.000000000000000000e+00
1.000000000000000000e+00
0.000000000000000000e+00
5.000000000000000000e+00
5.000000000000000000e+00
1.300000000000000000e+01
7.000000000000000000e+00
0.000000000000000000e+00
3.000000000000000000e+00
0.000000000000000000e+00
1.100000000000000000e+01
0.000000000000000000e+00
4.000000000000000000e+00
3.100000000000000000e+01
0.000000000000000000e+00
1.528100000000000000e+04
0.000000000000000000e+00
4.730000000000000000e+02
0.000000000000000000e+00
1.000000000000000000e+00
6.000000000000000000e+00
0.000000000000000000e+00
6.620000000000000000e+02
0.000000000000000000e+00
6.300000000000000000e+01
0.000000000000000000e+00
0.000000000000000000e+00
4.100000000000000000e+01
2.300000000000000000e+01
6.000000000000000000e+00
3.000000000000000000e+00
0.000000000000000000e+00
0.000000000000000000e+00
1.000000000000000000e+00
7.000000000000000000e+00
1.275700000000000000e+04
4.400000000000000000e+01
4.000000000000000000e+00
4.800000000000000000e+01
1.700000000000000000e+01
1.779200000000000000e+04
1.000000000000000000e+00
3.300000000000000000e+01
4.400000000000000000e+01
1.400000000000000000e+02
1.900000000000000000e+01
9.000000000000000000e+00
1.600000000000000000e+01
0.000000000000000000e+00
0.000000000000000000e+00
5.000000000000000000e+00
0.000000000000000000e+00
8.860000000000000000e+02
4.900000000000000000e+01
0.000000000000000000e+00
9.000000000000000000e+00
3.060000000000000000e+02
8.970000000000000000e+02
0.000000000000000000e+00
4.100000000000000000e+01
0.000000000000000000e+00
7.000000000000000000e+00
2.000000000000000000e+00
8.250000000000000000e+02
3.050000000000000000e+02
1.200000000000000000e+01
3.000000000000000000e+00
1.000000000000000000e+00
6.000000000000000000e+00
1.000000000000000000e+00
1.000000000000000000e+00
1.070000000000000000e+02
8.000000000000000000e+00
1.280000000000000000e+02
0.000000000000000000e+00
2.291700000000000000e+04
0.000000000000000000e+00
5.000000000000000000e+00
1.300000000000000000e+01
2.790000000000000000e+02
1.200000000000000000e+01
0.000000000000000000e+00
1.360000000000000000e+02
0.000000000000000000e+00
8.600000000000000000e+01
4.000000000000000000e+00
2.460000000000000000e+03
1.142200000000000000e+04
8.200000000000000000e+01
4.000000000000000000e+00
1.927000000000000000e+03
9.200000000000000000e+01
3.124000000000000000e+03
0.000000000000000000e+00
6.500000000000000000e+01
2.000000000000000000e+00
0.000000000000000000e+00
0.000000000000000000e+00
5.000000000000000000e+00
2.000000000000000000e+00
1.000000000000000000e+00
1.130000000000000000e+02
0.000000000000000000e+00
9.000000000000000000e+00
1.920000000000000000e+02
4.000000000000000000e+00
3.640000000000000000e+02
2.600000000000000000e+01
1.467000000000000000e+03
9.100000000000000000e+01
1.520000000000000000e+02
6.000000000000000000e+01
1.000000000000000000e+00
2.100000000000000000e+02
0.000000000000000000e+00
4.000000000000000000e+00
7.000000000000000000e+01
0.000000000000000000e+00
0.000000000000000000e+00
2.110000000000000000e+02
0.000000000000000000e+00
0.000000000000000000e+00
8.800000000000000000e+01
4.000000000000000000e+00
4.000000000000000000e+00
2.000000000000000000e+00
0.000000000000000000e+00
9.000000000000000000e+00
6.600000000000000000e+01
1.930000000000000000e+02
0.000000000000000000e+00
1.000000000000000000e+00
1.000000000000000000e+01
1.500000000000000000e+01
1.000000000000000000e+00
4.200000000000000000e+01
1.390000000000000000e+02
1.140000000000000000e+02
3.800000000000000000e+01
0.000000000000000000e+00
2.191000000000000000e+03
7.900000000000000000e+01
0.000000000000000000e+00
1.060000000000000000e+02
2.932900000000000000e+04
7.800000000000000000e+01
0.000000000000000000e+00
1.345000000000000000e+03
3.100000000000000000e+01
2.200000000000000000e+01
2.590000000000000000e+02
3.800000000000000000e+01
7.400000000000000000e+01
0.000000000000000000e+00
3.900000000000000000e+01
2.000000000000000000e+00
7.330000000000000000e+02
1.585000000000000000e+03
2.600000000000000000e+01
1.260000000000000000e+02
5.400000000000000000e+01
0.000000000000000000e+00
5.200000000000000000e+01
1.031000000000000000e+03
0.000000000000000000e+00
0.000000000000000000e+00
3.600000000000000000e+01
1.000000000000000000e+00
0.000000000000000000e+00
2.900000000000000000e+01
3.250000000000000000e+02
1.360000000000000000e+02
7.750000000000000000e+02
0.000000000000000000e+00
0.000000000000000000e+00
3.000000000000000000e+00
4.000000000000000000e+00
7.277000000000000000e+03
1.000000000000000000e+00
5.000000000000000000e+00
4.100000000000000000e+01
0.000000000000000000e+00
1.000000000000000000e+01
5.400000000000000000e+01
9.000000000000000000e+00
1.000000000000000000e+01
1.019000000000000000e+03
4.000000000000000000e+00
1.940000000000000000e+02
0.000000000000000000e+00
3.000000000000000000e+00
5.300000000000000000e+01
3.000000000000000000e+00
5.000000000000000000e+00
2.200000000000000000e+01
2.000000000000000000e+00
5.200000000000000000e+01
1.000000000000000000e+01
4.903000000000000000e+03
3.500000000000000000e+01
3.000000000000000000e+00
0.000000000000000000e+00
6.080000000000000000e+02
0.000000000000000000e+00
5.000000000000000000e+01
1.110000000000000000e+02
1.085000000000000000e+03
3.600000000000000000e+01
5.980000000000000000e+02
6.429000000000000000e+03
3.000000000000000000e+00
1.800000000000000000e+01
3.600000000000000000e+01
1.300000000000000000e+01
0.000000000000000000e+00
4.200000000000000000e+01
2.000000000000000000e+00
1.400000000000000000e+01
2.000000000000000000e+00
5.064000000000000000e+03
6.500000000000000000e+01
2.000000000000000000e+00
4.000000000000000000e+00
0.000000000000000000e+00
1.037500000000000000e+04
4.200000000000000000e+02
0.000000000000000000e+00
1.470000000000000000e+03
4.150000000000000000e+03
9.100000000000000000e+01
2.000000000000000000e+00
4.833000000000000000e+03
1.154000000000000000e+03
5.000000000000000000e+00
1.000000000000000000e+01
0.000000000000000000e+00
0.000000000000000000e+00
1.000000000000000000e+00
5.000000000000000000e+00
0.000000000000000000e+00
1.000000000000000000e+00
2.900000000000000000e+01
1.230000000000000000e+02
0.000000000000000000e+00
1.400000000000000000e+01
0.000000000000000000e+00
3.147000000000000000e+03
1.000000000000000000e+00
3.000000000000000000e+00
5.000000000000000000e+00
1.300000000000000000e+01
0.000000000000000000e+00
1.000000000000000000e+00
1.380000000000000000e+02
5.000000000000000000e+00
0.000000000000000000e+00
8.330000000000000000e+02
0.000000000000000000e+00
1.000000000000000000e+00
2.000000000000000000e+01
3.000000000000000000e+00
7.000000000000000000e+00
2.900000000000000000e+01
2.000000000000000000e+00
3.000000000000000000e+00
2.000000000000000000e+00
0.000000000000000000e+00
0.000000000000000000e+00
1.117000000000000000e+03
1.500000000000000000e+01
5.000000000000000000e+02
0.000000000000000000e+00
3.400000000000000000e+01
1.000000000000000000e+00
0.000000000000000000e+00
1.000000000000000000e+00
0.000000000000000000e+00
0.000000000000000000e+00
3.100000000000000000e+01
1.800000000000000000e+01
4.700000000000000000e+01
1.578000000000000000e+03
1.000000000000000000e+00
7.883000000000000000e+03
2.200000000000000000e+01
0.000000000000000000e+00
0.000000000000000000e+00
9.000000000000000000e+00
1.350000000000000000e+02
0.000000000000000000e+00
0.000000000000000000e+00
5.800000000000000000e+01
1.470000000000000000e+02
0.000000000000000000e+00
1.000000000000000000e+00
1.426800000000000000e+04
1.440500000000000000e+04
4.000000000000000000e+00
3.000000000000000000e+00
1.900000000000000000e+01
0.000000000000000000e+00
0.000000000000000000e+00
0.000000000000000000e+00
5.000000000000000000e+01
0.000000000000000000e+00
1.900000000000000000e+01
2.693000000000000000e+03
0.000000000000000000e+00
0.000000000000000000e+00
6.100000000000000000e+01
1.000000000000000000e+01
4.000000000000000000e+01
6.300000000000000000e+01
0.000000000000000000e+00
7.300000000000000000e+01
1.079000000000000000e+03
7.000000000000000000e+00
0.000000000000000000e+00
6.400000000000000000e+01
2.000000000000000000e+00
3.900000000000000000e+01
1.610000000000000000e+02
0.000000000000000000e+00
4.000000000000000000e+00
1.000000000000000000e+00
4.000000000000000000e+00
0.000000000000000000e+00
5.990000000000000000e+02
0.000000000000000000e+00
2.000000000000000000e+00
0.000000000000000000e+00
1.550000000000000000e+02
6.300000000000000000e+01
0.000000000000000000e+00
3.800000000000000000e+01
9.100000000000000000e+01
3.390000000000000000e+02
0.000000000000000000e+00
2.300000000000000000e+01
4.000000000000000000e+01
0.000000000000000000e+00
0.000000000000000000e+00
1.852000000000000000e+03
0.000000000000000000e+00
2.000000000000000000e+00
6.000000000000000000e+00
0.000000000000000000e+00
0.000000000000000000e+00
0.000000000000000000e+00
4.000000000000000000e+00
0.000000000000000000e+00
0.000000000000000000e+00
4.000000000000000000e+00
7.000000000000000000e+00
2.600000000000000000e+01
9.580000000000000000e+02
0.000000000000000000e+00
2.900000000000000000e+01
1.000000000000000000e+00
2.474000000000000000e+03
0.000000000000000000e+00
6.000000000000000000e+00
2.400000000000000000e+01
3.000000000000000000e+00
1.000000000000000000e+00
7.000000000000000000e+00
1.400000000000000000e+01
0.000000000000000000e+00
4.000000000000000000e+00
6.251000000000000000e+03
3.320000000000000000e+02
1.000000000000000000e+00
3.700000000000000000e+01
2.674200000000000000e+04
0.000000000000000000e+00
2.583000000000000000e+03
4.300000000000000000e+01
4.809000000000000000e+03
0.000000000000000000e+00
2.000000000000000000e+00
8.420000000000000000e+02
2.700000000000000000e+01
9.172000000000000000e+03
6.000000000000000000e+00
2.291000000000000000e+03
5.000000000000000000e+01
2.600000000000000000e+01
1.000000000000000000e+01
6.752000000000000000e+03
1.400000000000000000e+01
3.300000000000000000e+01
1.170000000000000000e+02
0.000000000000000000e+00
2.390000000000000000e+02
2.100000000000000000e+01
4.416000000000000000e+03
1.000000000000000000e+00
1.400000000000000000e+01
6.770000000000000000e+02
3.500000000000000000e+01
1.000000000000000000e+00
0.000000000000000000e+00
0.000000000000000000e+00
3.000000000000000000e+00
0.000000000000000000e+00
8.400000000000000000e+01
1.000000000000000000e+00
0.000000000000000000e+00
2.000000000000000000e+00
1.000000000000000000e+00
5.900000000000000000e+01
5.100000000000000000e+01
4.000000000000000000e+01
0.000000000000000000e+00
2.000000000000000000e+00
0.000000000000000000e+00
0.000000000000000000e+00
1.700000000000000000e+01
4.747000000000000000e+03
2.000000000000000000e+00
0.000000000000000000e+00
1.830000000000000000e+02
1.000000000000000000e+00
2.000000000000000000e+00
2.000000000000000000e+00
1.000000000000000000e+00
0.000000000000000000e+00
0.000000000000000000e+00
5.000000000000000000e+00
7.945000000000000000e+03
0.000000000000000000e+00
2.100000000000000000e+01
0.000000000000000000e+00
0.000000000000000000e+00
1.200000000000000000e+01
0.000000000000000000e+00
0.000000000000000000e+00
0.000000000000000000e+00
2.000000000000000000e+00
1.800000000000000000e+01
0.000000000000000000e+00
2.000000000000000000e+00
4.000000000000000000e+01
2.000000000000000000e+00
2.450000000000000000e+02
2.860000000000000000e+02
0.000000000000000000e+00
8.200000000000000000e+01
0.000000000000000000e+00
5.000000000000000000e+00
9.100000000000000000e+01
0.000000000000000000e+00
8.000000000000000000e+00
4.900000000000000000e+01
0.000000000000000000e+00
1.436000000000000000e+03
0.000000000000000000e+00
1.000000000000000000e+01
5.000000000000000000e+01
1.500000000000000000e+01
0.000000000000000000e+00
6.500000000000000000e+01
0.000000000000000000e+00
2.300000000000000000e+01
4.300000000000000000e+01
0.000000000000000000e+00
7.000000000000000000e+00
0.000000000000000000e+00
1.000000000000000000e+00
0.000000000000000000e+00
0.000000000000000000e+00
0.000000000000000000e+00
0.000000000000000000e+00
1.125000000000000000e+03
0.000000000000000000e+00
0.000000000000000000e+00
1.400000000000000000e+01
3.460000000000000000e+02
3.100000000000000000e+01
4.140000000000000000e+02
0.000000000000000000e+00
1.400000000000000000e+02
0.000000000000000000e+00
0.000000000000000000e+00
0.000000000000000000e+00
3.170000000000000000e+02
0.000000000000000000e+00
0.000000000000000000e+00
2.380000000000000000e+02
0.000000000000000000e+00
7.000000000000000000e+00
0.000000000000000000e+00
0.000000000000000000e+00
1.000000000000000000e+00
1.181900000000000000e+04
0.000000000000000000e+00
0.000000000000000000e+00
1.300000000000000000e+01
2.000000000000000000e+00
0.000000000000000000e+00
5.300000000000000000e+01
1.935000000000000000e+03
0.000000000000000000e+00
1.750000000000000000e+02
7.900000000000000000e+01
1.600000000000000000e+01
1.000000000000000000e+00
1.900000000000000000e+01
0.000000000000000000e+00
1.000000000000000000e+00
0.000000000000000000e+00
1.000000000000000000e+01
3.000000000000000000e+00
1.863000000000000000e+03
5.000000000000000000e+00
1.000000000000000000e+00
3.900000000000000000e+01
0.000000000000000000e+00
0.000000000000000000e+00
0.000000000000000000e+00
1.200000000000000000e+01
4.000000000000000000e+00
3.700000000000000000e+01
0.000000000000000000e+00
5.646000000000000000e+03
0.000000000000000000e+00
3.000000000000000000e+00
3.000000000000000000e+00
1.000000000000000000e+01
3.290000000000000000e+02
0.000000000000000000e+00
3.000000000000000000e+00
8.480000000000000000e+02
4.870000000000000000e+02
2.000000000000000000e+01
3.100000000000000000e+01
0.000000000000000000e+00
3.030000000000000000e+02
8.000000000000000000e+00
6.647000000000000000e+03
0.000000000000000000e+00
1.290000000000000000e+02
1.977000000000000000e+03
6.000000000000000000e+00
0.000000000000000000e+00
0.000000000000000000e+00
6.000000000000000000e+00
0.000000000000000000e+00
0.000000000000000000e+00
0.000000000000000000e+00
0.000000000000000000e+00
4.200000000000000000e+01
1.000000000000000000e+00
1.800000000000000000e+02
2.000000000000000000e+00
1.400000000000000000e+01
1.200000000000000000e+01
7.000000000000000000e+00
0.000000000000000000e+00
1.340000000000000000e+02
0.000000000000000000e+00
1.900000000000000000e+01
1.900000000000000000e+01
2.200000000000000000e+01
1.000000000000000000e+00
3.000000000000000000e+00
0.000000000000000000e+00
0.000000000000000000e+00
0.000000000000000000e+00
2.000000000000000000e+00
1.400000000000000000e+01
9.900000000000000000e+01
0.000000000000000000e+00
1.120000000000000000e+02
0.000000000000000000e+00
1.000000000000000000e+00
0.000000000000000000e+00
0.000000000000000000e+00
5.690000000000000000e+02
2.000000000000000000e+00
2.400000000000000000e+01
8.000000000000000000e+00
0.000000000000000000e+00
1.000000000000000000e+01
0.000000000000000000e+00
1.000000000000000000e+00
5.000000000000000000e+00
0.000000000000000000e+00
9.000000000000000000e+00
0.000000000000000000e+00
4.696000000000000000e+03
1.600000000000000000e+01
2.610000000000000000e+02
3.700000000000000000e+01
0.000000000000000000e+00
0.000000000000000000e+00
2.010000000000000000e+02
3.130000000000000000e+02
1.300000000000000000e+01
3.408000000000000000e+04
6.100000000000000000e+01
1.200000000000000000e+01
8.000000000000000000e+00
0.000000000000000000e+00
2.410000000000000000e+02
4.400000000000000000e+01
1.976000000000000000e+03
5.000000000000000000e+00
6.200000000000000000e+01
0.000000000000000000e+00
0.000000000000000000e+00
0.000000000000000000e+00
3.000000000000000000e+00
3.800000000000000000e+01
1.398000000000000000e+03
1.400000000000000000e+01
1.230000000000000000e+02
7.000000000000000000e+00
4.200000000000000000e+01
3.000000000000000000e+01
0.000000000000000000e+00
1.000000000000000000e+00
0.000000000000000000e+00
0.000000000000000000e+00
1.000000000000000000e+01
1.000000000000000000e+00
1.020000000000000000e+02
2.200000000000000000e+01
1.800000000000000000e+01
0.000000000000000000e+00
1.500000000000000000e+01
3.200000000000000000e+01
1.800000000000000000e+01
0.000000000000000000e+00
3.000000000000000000e+00
1.770000000000000000e+02
1.900000000000000000e+01
4.000000000000000000e+00
1.000000000000000000e+00
8.600000000000000000e+01
5.700000000000000000e+01
7.320000000000000000e+02
2.000000000000000000e+00
0.000000000000000000e+00
1.000000000000000000e+00
0.000000000000000000e+00
0.000000000000000000e+00
2.700000000000000000e+01
0.000000000000000000e+00
4.650000000000000000e+02
0.000000000000000000e+00
2.600000000000000000e+01
1.000000000000000000e+01
2.000000000000000000e+00
6.320000000000000000e+02
8.000000000000000000e+00
0.000000000000000000e+00
9.920000000000000000e+02
0.000000000000000000e+00
0.000000000000000000e+00
0.000000000000000000e+00
2.404100000000000000e+04
5.000000000000000000e+01
3.900000000000000000e+01
3.750000000000000000e+02
9.300000000000000000e+01
1.000000000000000000e+00
7.900000000000000000e+01
0.000000000000000000e+00
5.000000000000000000e+00
6.000000000000000000e+00
6.000000000000000000e+00
8.379000000000000000e+03
5.570000000000000000e+02
3.300000000000000000e+02
0.000000000000000000e+00
8.000000000000000000e+00
1.300000000000000000e+01
1.000000000000000000e+00
1.997500000000000000e+04
5.029000000000000000e+03
0.000000000000000000e+00
2.000000000000000000e+00
1.014000000000000000e+03
0.000000000000000000e+00
5.000000000000000000e+00
1.300000000000000000e+01
2.000000000000000000e+00
0.000000000000000000e+00
8.000000000000000000e+00
0.000000000000000000e+00
1.000000000000000000e+00
6.000000000000000000e+00
6.100000000000000000e+01
0.000000000000000000e+00
1.000000000000000000e+00
5.000000000000000000e+00
1.400000000000000000e+01
0.000000000000000000e+00
1.200000000000000000e+01
0.000000000000000000e+00
5.890000000000000000e+02
3.100000000000000000e+01
8.000000000000000000e+00
2.000000000000000000e+00
1.200000000000000000e+01
0.000000000000000000e+00
6.000000000000000000e+00
6.474600000000000000e+04
1.950000000000000000e+02
9.000000000000000000e+00
6.000000000000000000e+00
0.000000000000000000e+00
5.000000000000000000e+00
1.000000000000000000e+01
1.000000000000000000e+00
4.000000000000000000e+00
0.000000000000000000e+00
3.060000000000000000e+02
2.530000000000000000e+02
5.000000000000000000e+00
4.000000000000000000e+00
1.680000000000000000e+02
7.800000000000000000e+02
0.000000000000000000e+00
2.000000000000000000e+00
0.000000000000000000e+00
9.000000000000000000e+00
7.000000000000000000e+00
0.000000000000000000e+00
2.770000000000000000e+02
2.000000000000000000e+00
1.000000000000000000e+00
7.810000000000000000e+03
0.000000000000000000e+00
2.000000000000000000e+00
2.200000000000000000e+01
6.000000000000000000e+00
4.000000000000000000e+00
5.000000000000000000e+00
2.220000000000000000e+02
0.000000000000000000e+00
0.000000000000000000e+00
0.000000000000000000e+00
2.300000000000000000e+01
3.050000000000000000e+02
2.500000000000000000e+01
6.000000000000000000e+00
0.000000000000000000e+00
1.000000000000000000e+00
8.000000000000000000e+00
2.250000000000000000e+02
5.000000000000000000e+00
2.700000000000000000e+01
1.400000000000000000e+01
5.440000000000000000e+02
1.000000000000000000e+00
3.000000000000000000e+00
0.000000000000000000e+00
9.000000000000000000e+00
1.000000000000000000e+00
1.918000000000000000e+03
0.000000000000000000e+00
0.000000000000000000e+00
6.900000000000000000e+01
1.900000000000000000e+01
9.600000000000000000e+01
2.100000000000000000e+01
5.100000000000000000e+01
1.962000000000000000e+03
0.000000000000000000e+00
0.000000000000000000e+00
0.000000000000000000e+00
4.400000000000000000e+01
2.600000000000000000e+01
1.000000000000000000e+00
2.000000000000000000e+00
4.620000000000000000e+02
2.000000000000000000e+00
1.000000000000000000e+00
5.000000000000000000e+00
1.740000000000000000e+02
0.000000000000000000e+00
3.800000000000000000e+01
0.000000000000000000e+00
1.150200000000000000e+04
1.900000000000000000e+01
3.000000000000000000e+00
2.000000000000000000e+00
4.200000000000000000e+01
1.000000000000000000e+00
5.000000000000000000e+00
2.900000000000000000e+01
0.000000000000000000e+00
1.600000000000000000e+02
0.000000000000000000e+00
1.000000000000000000e+00
0.000000000000000000e+00
1.300000000000000000e+01
1.910000000000000000e+02
5.000000000000000000e+00
2.076000000000000000e+03
9.000000000000000000e+00
0.000000000000000000e+00
0.000000000000000000e+00
1.000000000000000000e+00
0.000000000000000000e+00
1.574000000000000000e+03
0.000000000000000000e+00
6.000000000000000000e+00
3.900000000000000000e+01
8.000000000000000000e+00
0.000000000000000000e+00
3.000000000000000000e+00
2.000000000000000000e+00
3.600000000000000000e+01
6.000000000000000000e+00
1.550000000000000000e+02
2.274400000000000000e+04
2.000000000000000000e+00
1.200000000000000000e+01
9.500000000000000000e+01
3.800000000000000000e+01
3.800000000000000000e+01
6.600000000000000000e+01
1.000000000000000000e+00
8.000000000000000000e+00
2.300000000000000000e+01
5.700000000000000000e+01
0.000000000000000000e+00
1.000000000000000000e+00
2.390000000000000000e+02
1.800000000000000000e+01
0.000000000000000000e+00
1.000000000000000000e+01
0.000000000000000000e+00
9.300000000000000000e+01
0.000000000000000000e+00
1.172000000000000000e+03
0.000000000000000000e+00
0.000000000000000000e+00
2.000000000000000000e+00
1.300000000000000000e+01
0.000000000000000000e+00
6.360000000000000000e+03
5.000000000000000000e+00
0.000000000000000000e+00
4.000000000000000000e+00
2.100000000000000000e+01
1.297000000000000000e+03
0.000000000000000000e+00
3.120000000000000000e+02
0.000000000000000000e+00
2.300000000000000000e+01
1.449000000000000000e+03
0.000000000000000000e+00
1.200000000000000000e+01
0.000000000000000000e+00
2.000000000000000000e+00
7.000000000000000000e+00
5.000000000000000000e+00
2.800000000000000000e+01
0.000000000000000000e+00
0.000000000000000000e+00
1.100000000000000000e+01
1.100000000000000000e+01
0.000000000000000000e+00
2.000000000000000000e+00
8.000000000000000000e+00
4.000000000000000000e+00
1.000000000000000000e+00
1.610000000000000000e+02
1.113000000000000000e+03
1.000000000000000000e+00
1.000000000000000000e+00
4.000000000000000000e+00
0.000000000000000000e+00
3.000000000000000000e+00
1.900000000000000000e+02
0.000000000000000000e+00
0.000000000000000000e+00
6.800000000000000000e+01
0.000000000000000000e+00
5.170000000000000000e+02
0.000000000000000000e+00
9.000000000000000000e+00
0.000000000000000000e+00
0.000000000000000000e+00
2.836000000000000000e+03
1.017000000000000000e+03
1.000000000000000000e+01
0.000000000000000000e+00
0.000000000000000000e+00
0.000000000000000000e+00
3.803800000000000000e+04
0.000000000000000000e+00
1.000000000000000000e+00
1.500000000000000000e+01
3.000000000000000000e+00
1.440000000000000000e+02
1.200000000000000000e+01
0.000000000000000000e+00
2.272000000000000000e+03
0.000000000000000000e+00
0.000000000000000000e+00
4.000000000000000000e+00
7.000000000000000000e+01
0.000000000000000000e+00
0.000000000000000000e+00
3.000000000000000000e+00
0.000000000000000000e+00
2.000000000000000000e+00
1.585000000000000000e+03
1.298000000000000000e+03
1.434000000000000000e+03
1.440000000000000000e+02
6.500000000000000000e+01
7.000000000000000000e+00
9.000000000000000000e+00
7.888000000000000000e+03
3.080000000000000000e+02
0.000000000000000000e+00
0.000000000000000000e+00
9.000000000000000000e+00
2.000000000000000000e+00
0.000000000000000000e+00
0.000000000000000000e+00
0.000000000000000000e+00
1.960000000000000000e+02
0.000000000000000000e+00
2.000000000000000000e+00
1.000000000000000000e+00
2.000000000000000000e+00
1.000000000000000000e+00
1.750000000000000000e+02
6.000000000000000000e+00
2.690000000000000000e+02
0.000000000000000000e+00
3.300000000000000000e+01
1.720000000000000000e+02
2.350000000000000000e+02
0.000000000000000000e+00
1.000000000000000000e+00
5.900000000000000000e+01
8.000000000000000000e+00
0.000000000000000000e+00
1.000000000000000000e+00
0.000000000000000000e+00
8.800000000000000000e+01
0.000000000000000000e+00
4.270000000000000000e+02
4.000000000000000000e+00
1.000000000000000000e+01
8.000000000000000000e+00
5.000000000000000000e+00
1.468000000000000000e+03
0.000000000000000000e+00
0.000000000000000000e+00
0.000000000000000000e+00
9.000000000000000000e+00
0.000000000000000000e+00
2.000000000000000000e+00
1.800000000000000000e+01
3.400000000000000000e+01
0.000000000000000000e+00
4.000000000000000000e+00
6.000000000000000000e+00
0.000000000000000000e+00
1.900000000000000000e+01
0.000000000000000000e+00
0.000000000000000000e+00
0.000000000000000000e+00
3.600000000000000000e+02
2.000000000000000000e+00
0.000000000000000000e+00
6.000000000000000000e+00
6.100000000000000000e+01
6.600000000000000000e+01
0.000000000000000000e+00
0.000000000000000000e+00
2.000000000000000000e+00
3.700000000000000000e+01
1.616000000000000000e+03
1.870000000000000000e+02
1.000000000000000000e+00
2.000000000000000000e+00
1.450000000000000000e+02
1.000000000000000000e+00
3.300000000000000000e+01
0.000000000000000000e+00
3.338000000000000000e+03
3.000000000000000000e+01
3.860000000000000000e+02
3.130200000000000000e+04
4.700000000000000000e+01
2.830000000000000000e+02
3.600000000000000000e+01
3.500000000000000000e+01
6.733000000000000000e+03
0.000000000000000000e+00
0.000000000000000000e+00
1.700000000000000000e+01
0.000000000000000000e+00
0.000000000000000000e+00
2.141000000000000000e+04
2.000000000000000000e+00
0.000000000000000000e+00
6.100000000000000000e+01
0.000000000000000000e+00
0.000000000000000000e+00
0.000000000000000000e+00
1.000000000000000000e+00
2.100000000000000000e+01
2.880000000000000000e+02
2.265000000000000000e+03
1.000000000000000000e+00
8.654000000000000000e+03
2.000000000000000000e+00
7.000000000000000000e+00
3.000000000000000000e+00
0.000000000000000000e+00
2.760000000000000000e+02
8.800000000000000000e+01
2.000000000000000000e+00
0.000000000000000000e+00
7.000000000000000000e+00
0.000000000000000000e+00
0.000000000000000000e+00
4.000000000000000000e+00
4.000000000000000000e+00
0.000000000000000000e+00
1.000000000000000000e+00
1.800000000000000000e+01
0.000000000000000000e+00
0.000000000000000000e+00
7.000000000000000000e+00
0.000000000000000000e+00
0.000000000000000000e+00
0.000000000000000000e+00
7.000000000000000000e+00
0.000000000000000000e+00
1.200000000000000000e+01
3.000000000000000000e+00
4.867000000000000000e+03
0.000000000000000000e+00
3.553000000000000000e+03
7.000000000000000000e+00
0.000000000000000000e+00
3.000000000000000000e+00
3.000000000000000000e+00
7.100000000000000000e+01
2.000000000000000000e+00
1.892000000000000000e+03
8.900000000000000000e+01
4.000000000000000000e+00
7.500000000000000000e+01
4.500000000000000000e+01
2.000000000000000000e+00
2.820000000000000000e+02
6.159000000000000000e+03
3.240000000000000000e+02
0.000000000000000000e+00
0.000000000000000000e+00
2.000000000000000000e+00
8.000000000000000000e+00
0.000000000000000000e+00
0.000000000000000000e+00
3.000000000000000000e+00
0.000000000000000000e+00
6.000000000000000000e+00
1.530000000000000000e+02
1.460000000000000000e+02
4.000000000000000000e+00
1.304000000000000000e+04
3.000000000000000000e+00
0.000000000000000000e+00
0.000000000000000000e+00
0.000000000000000000e+00
1.380000000000000000e+02
0.000000000000000000e+00
0.000000000000000000e+00
8.900000000000000000e+01
1.100000000000000000e+01
0.000000000000000000e+00
1.700000000000000000e+01
3.100000000000000000e+01
0.000000000000000000e+00
8.000000000000000000e+01
0.000000000000000000e+00
1.700000000000000000e+01
2.000000000000000000e+00
1.500000000000000000e+01
0.000000000000000000e+00
3.000000000000000000e+00
1.000000000000000000e+00
1.000000000000000000e+01
6.000000000000000000e+00
1.200000000000000000e+01
1.000000000000000000e+01
0.000000000000000000e+00
0.000000000000000000e+00
0.000000000000000000e+00
6.000000000000000000e+00
0.000000000000000000e+00
4.000000000000000000e+01
2.398000000000000000e+03
3.008000000000000000e+03
1.170900000000000000e+04
2.000000000000000000e+00
4.000000000000000000e+00
8.900000000000000000e+01
1.810000000000000000e+02
0.000000000000000000e+00
6.230000000000000000e+02
1.000000000000000000e+01
1.338000000000000000e+03
5.000000000000000000e+00
1.200000000000000000e+01
8.000000000000000000e+00
8.260000000000000000e+02
8.800000000000000000e+01
1.000000000000000000e+00
4.970000000000000000e+02
4.000000000000000000e+00
6.640000000000000000e+02
0.000000000000000000e+00
0.000000000000000000e+00
4.000000000000000000e+00
0.000000000000000000e+00
1.720000000000000000e+02
1.000000000000000000e+01
0.000000000000000000e+00
1.790000000000000000e+02
6.000000000000000000e+00
2.000000000000000000e+00
2.000000000000000000e+00
0.000000000000000000e+00
3.000000000000000000e+00
9.000000000000000000e+00
2.000000000000000000e+00
0.000000000000000000e+00
4.700000000000000000e+01
0.000000000000000000e+00
3.000000000000000000e+00
4.180000000000000000e+02
8.000000000000000000e+00
1.000000000000000000e+00
2.700000000000000000e+01
1.080000000000000000e+02
9.000000000000000000e+00
7.000000000000000000e+00
5.000000000000000000e+00
1.200000000000000000e+01
0.000000000000000000e+00
8.000000000000000000e+00
0.000000000000000000e+00
1.000000000000000000e+00
3.700000000000000000e+01
1.590000000000000000e+02
0.000000000000000000e+00
6.000000000000000000e+00
5.820000000000000000e+02
6.000000000000000000e+00
1.900000000000000000e+01
1.000000000000000000e+00
5.000000000000000000e+00
3.000000000000000000e+00
0.000000000000000000e+00
0.000000000000000000e+00
1.200000000000000000e+01
2.300000000000000000e+02
4.000000000000000000e+00
8.000000000000000000e+00
6.000000000000000000e+00
4.200000000000000000e+01
0.000000000000000000e+00
7.000000000000000000e+00
2.000000000000000000e+00
0.000000000000000000e+00
3.468000000000000000e+03
1.000000000000000000e+00
2.731000000000000000e+03
7.000000000000000000e+01
2.000000000000000000e+00
1.000000000000000000e+01
6.067100000000000000e+04
2.200000000000000000e+01
0.000000000000000000e+00
0.000000000000000000e+00
4.200000000000000000e+01
9.290000000000000000e+02
1.000000000000000000e+00
1.000000000000000000e+00
0.000000000000000000e+00
7.000000000000000000e+00
0.000000000000000000e+00
5.000000000000000000e+00
0.000000000000000000e+00
4.000000000000000000e+00
9.000000000000000000e+00
2.600000000000000000e+01
1.300000000000000000e+01
5.300000000000000000e+01
3.023000000000000000e+03
0.000000000000000000e+00
4.000000000000000000e+00
2.000000000000000000e+00
0.000000000000000000e+00
1.600000000000000000e+01
1.100000000000000000e+01
1.325000000000000000e+03
0.000000000000000000e+00
0.000000000000000000e+00
0.000000000000000000e+00
0.000000000000000000e+00
3.900000000000000000e+01
3.400000000000000000e+01
2.000000000000000000e+00
3.100000000000000000e+01
2.000000000000000000e+00
4.100000000000000000e+01
8.000000000000000000e+00
8.621000000000000000e+03
0.000000000000000000e+00
1.110000000000000000e+02
1.100000000000000000e+01
4.587000000000000000e+03
2.600000000000000000e+01
2.000000000000000000e+00
0.000000000000000000e+00
2.400000000000000000e+01
2.332300000000000000e+04
6.837000000000000000e+03
0.000000000000000000e+00
1.500000000000000000e+01
9.800000000000000000e+01
2.010000000000000000e+02
0.000000000000000000e+00
2.990000000000000000e+02
5.100000000000000000e+01
2.129000000000000000e+03
9.000000000000000000e+00
4.340000000000000000e+02
8.000000000000000000e+00
0.000000000000000000e+00
0.000000000000000000e+00
1.620500000000000000e+04
2.200000000000000000e+01
4.000000000000000000e+00
1.000000000000000000e+00
1.000000000000000000e+00
2.000000000000000000e+00
0.000000000000000000e+00
0.000000000000000000e+00
5.400000000000000000e+01
0.000000000000000000e+00
0.000000000000000000e+00
6.332000000000000000e+03
5.000000000000000000e+00
4.300000000000000000e+01
1.000000000000000000e+00
7.000000000000000000e+00
5.170000000000000000e+02
0.000000000000000000e+00
5.740000000000000000e+02
0.000000000000000000e+00
0.000000000000000000e+00
2.200000000000000000e+01
0.000000000000000000e+00
1.000000000000000000e+00
1.116000000000000000e+03
1.000000000000000000e+00
1.634000000000000000e+03
0.000000000000000000e+00
0.000000000000000000e+00
6.000000000000000000e+00
0.000000000000000000e+00
0.000000000000000000e+00
5.000000000000000000e+00
0.000000000000000000e+00
0.000000000000000000e+00
0.000000000000000000e+00
1.500000000000000000e+01
6.900000000000000000e+01
0.000000000000000000e+00
3.000000000000000000e+00
3.000000000000000000e+00
1.200000000000000000e+01
2.607000000000000000e+03
5.000000000000000000e+00
1.700000000000000000e+01
9.067000000000000000e+03
1.940000000000000000e+02
1.000000000000000000e+00
9.200000000000000000e+01
4.000000000000000000e+00
2.610000000000000000e+02
2.800000000000000000e+01
0.000000000000000000e+00
0.000000000000000000e+00
0.000000000000000000e+00
3.820000000000000000e+02
0.000000000000000000e+00
1.000000000000000000e+00
3.000000000000000000e+00
3.150000000000000000e+02
7.720000000000000000e+02
3.200000000000000000e+01
1.070000000000000000e+02
0.000000000000000000e+00
1.894000000000000000e+03
0.000000000000000000e+00
3.000000000000000000e+00
0.000000000000000000e+00
8.400000000000000000e+01
0.000000000000000000e+00
0.000000000000000000e+00
0.000000000000000000e+00
0.000000000000000000e+00
5.700000000000000000e+01
0.000000000000000000e+00
0.000000000000000000e+00
3.500000000000000000e+01
3.050000000000000000e+02
3.780000000000000000e+02
1.700000000000000000e+01
0.000000000000000000e+00
2.200000000000000000e+01
2.000000000000000000e+00
1.000000000000000000e+01
4.000000000000000000e+00
7.000000000000000000e+00
3.000000000000000000e+01
2.500000000000000000e+01
4.300000000000000000e+01
1.000000000000000000e+01
7.000000000000000000e+00
3.600000000000000000e+01
4.570000000000000000e+02
1.300000000000000000e+01
5.700000000000000000e+01
6.200000000000000000e+01
2.640000000000000000e+02
0.000000000000000000e+00
1.300000000000000000e+01
1.369000000000000000e+03
0.000000000000000000e+00
0.000000000000000000e+00
1.050000000000000000e+02
1.120000000000000000e+02
1.000000000000000000e+00
0.000000000000000000e+00
7.000000000000000000e+00
0.000000000000000000e+00
0.000000000000000000e+00
0.000000000000000000e+00
8.752000000000000000e+03
1.900000000000000000e+01
4.280000000000000000e+02
0.000000000000000000e+00
4.000000000000000000e+00
3.800000000000000000e+01
4.700000000000000000e+01
1.000000000000000000e+00
1.100000000000000000e+01
0.000000000000000000e+00
4.000000000000000000e+00
1.000000000000000000e+00
4.000000000000000000e+00
1.397000000000000000e+03
5.000000000000000000e+00
1.000000000000000000e+00
1.000000000000000000e+01
0.000000000000000000e+00
2.600000000000000000e+01
4.000000000000000000e+00
0.000000000000000000e+00
1.664000000000000000e+03
1.740000000000000000e+02
0.000000000000000000e+00
4.400000000000000000e+01
1.410000000000000000e+02
7.030000000000000000e+02
2.300000000000000000e+01
1.000000000000000000e+00
0.000000000000000000e+00
0.000000000000000000e+00
4.000000000000000000e+00
3.000000000000000000e+00
1.000000000000000000e+00
1.000000000000000000e+00
0.000000000000000000e+00
1.100000000000000000e+01
1.000000000000000000e+00
1.590000000000000000e+02
3.000000000000000000e+00
1.430000000000000000e+02
5.000000000000000000e+00
0.000000000000000000e+00
3.000000000000000000e+00
1.000000000000000000e+00
1.200000000000000000e+01
0.000000000000000000e+00
2.700000000000000000e+01
1.800000000000000000e+01
0.000000000000000000e+00
3.000000000000000000e+01
2.293000000000000000e+03
2.000000000000000000e+00
3.600000000000000000e+01
7.300000000000000000e+01
2.000000000000000000e+00
3.413000000000000000e+03
0.000000000000000000e+00
3.726300000000000000e+04
1.600000000000000000e+01
3.000000000000000000e+00
4.080000000000000000e+02
1.200000000000000000e+01
1.150000000000000000e+02
4.200000000000000000e+01
1.120000000000000000e+02
1.700000000000000000e+01
5.600000000000000000e+01
4.900000000000000000e+01
1.300000000000000000e+01
0.000000000000000000e+00
0.000000000000000000e+00
1.000000000000000000e+01
4.000000000000000000e+00
1.530000000000000000e+02
1.290000000000000000e+02
2.900000000000000000e+01
1.600000000000000000e+02
4.000000000000000000e+00
0.000000000000000000e+00
2.000000000000000000e+01
0.000000000000000000e+00
0.000000000000000000e+00
1.000000000000000000e+00
1.000000000000000000e+01
0.000000000000000000e+00
1.290000000000000000e+02
5.000000000000000000e+00
9.501000000000000000e+03
0.000000000000000000e+00
0.000000000000000000e+00
0.000000000000000000e+00
1.000000000000000000e+00
0.000000000000000000e+00
3.000000000000000000e+00
0.000000000000000000e+00
1.800000000000000000e+02
1.400000000000000000e+01
0.000000000000000000e+00
8.500000000000000000e+01
8.600000000000000000e+01
4.000000000000000000e+00
1.980000000000000000e+02
0.000000000000000000e+00
9.000000000000000000e+00
2.300000000000000000e+01
0.000000000000000000e+00
1.510000000000000000e+02
1.770000000000000000e+02
5.000000000000000000e+00
3.000000000000000000e+00
2.300000000000000000e+01
0.000000000000000000e+00
8.000000000000000000e+00
9.230000000000000000e+02
2.900000000000000000e+01
0.000000000000000000e+00
0.000000000000000000e+00
0.000000000000000000e+00
2.300000000000000000e+01
1.100000000000000000e+01
5.000000000000000000e+00
0.000000000000000000e+00
4.100000000000000000e+01
0.000000000000000000e+00
1.510000000000000000e+02
0.000000000000000000e+00
6.000000000000000000e+00
2.000000000000000000e+00
1.392400000000000000e+04
0.000000000000000000e+00
2.000000000000000000e+00
0.000000000000000000e+00
2.000000000000000000e+00
7.746000000000000000e+03
3.370000000000000000e+02
8.700000000000000000e+01
2.660000000000000000e+02
6.000000000000000000e+00
0.000000000000000000e+00
6.000000000000000000e+00
1.000000000000000000e+00
8.200000000000000000e+01
8.290000000000000000e+02
3.000000000000000000e+00
5.000000000000000000e+00
5.000000000000000000e+00
2.000000000000000000e+00
3.200000000000000000e+01
2.000000000000000000e+01
9.000000000000000000e+00
4.000000000000000000e+00
2.000000000000000000e+00
6.000000000000000000e+00
0.000000000000000000e+00
2.330000000000000000e+02
1.000000000000000000e+01
1.000000000000000000e+00
0.000000000000000000e+00
4.920000000000000000e+02
3.300000000000000000e+01
3.289600000000000000e+04
0.000000000000000000e+00
0.000000000000000000e+00
0.000000000000000000e+00
0.000000000000000000e+00
0.000000000000000000e+00
4.690000000000000000e+02
8.000000000000000000e+00
1.050000000000000000e+02
0.000000000000000000e+00
2.000000000000000000e+00
5.810000000000000000e+02
2.000000000000000000e+00
7.000000000000000000e+00
1.700000000000000000e+01
4.000000000000000000e+00
1.050000000000000000e+02
1.600000000000000000e+01
2.000000000000000000e+00
0.000000000000000000e+00
0.000000000000000000e+00
0.000000000000000000e+00
0.000000000000000000e+00
3.000000000000000000e+00
0.000000000000000000e+00
0.000000000000000000e+00
9.000000000000000000e+00
0.000000000000000000e+00
1.760000000000000000e+02
0.000000000000000000e+00
0.000000000000000000e+00
6.000000000000000000e+01
2.000000000000000000e+00
0.000000000000000000e+00
4.300000000000000000e+01
8.000000000000000000e+00
0.000000000000000000e+00
3.000000000000000000e+00
1.700000000000000000e+01
1.500000000000000000e+01
2.020000000000000000e+02
2.000000000000000000e+00
4.040000000000000000e+02
1.000000000000000000e+00
0.000000000000000000e+00
4.000000000000000000e+00
0.000000000000000000e+00
3.000000000000000000e+00
3.900000000000000000e+01
0.000000000000000000e+00
1.770000000000000000e+02
4.000000000000000000e+00
1.320000000000000000e+02
0.000000000000000000e+00
1.780000000000000000e+02
2.000000000000000000e+00
0.000000000000000000e+00
0.000000000000000000e+00
1.733800000000000000e+04
9.000000000000000000e+00
0.000000000000000000e+00
8.000000000000000000e+00
0.000000000000000000e+00
7.900000000000000000e+01
1.500000000000000000e+01
5.300000000000000000e+01
4.936000000000000000e+03
0.000000000000000000e+00
1.100000000000000000e+01
6.759000000000000000e+03
0.000000000000000000e+00
4.000000000000000000e+00
0.000000000000000000e+00
2.000000000000000000e+00
0.000000000000000000e+00
1.300000000000000000e+01
3.880600000000000000e+04
1.400000000000000000e+01
2.300000000000000000e+03
2.750000000000000000e+02
5.000000000000000000e+00
1.000000000000000000e+00
2.000000000000000000e+00
2.000000000000000000e+00
6.000000000000000000e+00
1.000000000000000000e+01
0.000000000000000000e+00
0.000000000000000000e+00
3.300000000000000000e+01
5.000000000000000000e+00
9.370000000000000000e+02
0.000000000000000000e+00
0.000000000000000000e+00
0.000000000000000000e+00
1.440000000000000000e+02
8.000000000000000000e+00
2.500000000000000000e+01
2.000000000000000000e+00
1.669000000000000000e+03
8.000000000000000000e+00
4.340000000000000000e+02
2.000000000000000000e+00
3.000000000000000000e+00
4.000000000000000000e+00
1.000000000000000000e+00
0.000000000000000000e+00
8.200000000000000000e+01
7.000000000000000000e+00
4.000000000000000000e+00
7.500000000000000000e+01
1.600000000000000000e+01
0.000000000000000000e+00
2.000000000000000000e+00
1.340000000000000000e+02
1.731000000000000000e+03
8.820000000000000000e+03
1.500000000000000000e+01
0.000000000000000000e+00
5.820000000000000000e+02
2.100000000000000000e+01
9.000000000000000000e+00
4.000000000000000000e+00
1.000000000000000000e+00
2.000000000000000000e+00
2.000000000000000000e+00
5.000000000000000000e+00
3.958000000000000000e+03
0.000000000000000000e+00
1.000000000000000000e+00
8.700000000000000000e+01
1.500000000000000000e+01
2.600000000000000000e+01
2.000000000000000000e+00
5.900000000000000000e+02
1.090000000000000000e+02
0.000000000000000000e+00
3.000000000000000000e+00
5.000000000000000000e+00
1.700000000000000000e+01
2.300000000000000000e+01
0.000000000000000000e+00
1.000000000000000000e+01
1.000000000000000000e+00
0.000000000000000000e+00
5.000000000000000000e+00
0.000000000000000000e+00
0.000000000000000000e+00
3.280000000000000000e+02
0.000000000000000000e+00
0.000000000000000000e+00
0.000000000000000000e+00
4.000000000000000000e+00
3.000000000000000000e+00
0.000000000000000000e+00
5.000000000000000000e+00
5.000000000000000000e+00
0.000000000000000000e+00
1.000000000000000000e+00
2.700000000000000000e+01
2.700000000000000000e+01
0.000000000000000000e+00
1.700000000000000000e+01
2.000000000000000000e+00
3.850000000000000000e+02
1.000000000000000000e+00
2.182000000000000000e+03
6.243000000000000000e+03
8.900000000000000000e+01
0.000000000000000000e+00
3.000000000000000000e+00
0.000000000000000000e+00
3.000000000000000000e+00
0.000000000000000000e+00
2.630000000000000000e+02
1.000000000000000000e+00
1.000000000000000000e+01
0.000000000000000000e+00
1.000000000000000000e+00
4.700000000000000000e+01
9.800000000000000000e+01
6.000000000000000000e+00
0.000000000000000000e+00
2.673600000000000000e+04
0.000000000000000000e+00
8.984000000000000000e+03
0.000000000000000000e+00
0.000000000000000000e+00
0.000000000000000000e+00
0.000000000000000000e+00
3.700000000000000000e+01
2.900000000000000000e+01
0.000000000000000000e+00
1.210000000000000000e+02
1.770000000000000000e+02
3.100000000000000000e+01
1.000000000000000000e+00
3.000000000000000000e+00
5.700000000000000000e+01
7.000000000000000000e+00
0.000000000000000000e+00
9.000000000000000000e+00
0.000000000000000000e+00
0.000000000000000000e+00
2.000000000000000000e+00
4.320000000000000000e+02
1.641000000000000000e+03
6.010000000000000000e+02
1.000000000000000000e+00
4.280900000000000000e+04
1.503000000000000000e+04
6.000000000000000000e+00
1.360000000000000000e+03
6.000000000000000000e+00
5.700000000000000000e+01
5.700000000000000000e+01
1.580000000000000000e+02
0.000000000000000000e+00
0.000000000000000000e+00
3.000000000000000000e+00
2.300000000000000000e+01
1.000000000000000000e+01
3.000000000000000000e+00
0.000000000000000000e+00
1.000000000000000000e+00
0.000000000000000000e+00
1.000000000000000000e+00
0.000000000000000000e+00
1.405000000000000000e+03
6.000000000000000000e+00
0.000000000000000000e+00
3.000000000000000000e+00
9.000000000000000000e+00
7.260000000000000000e+02
4.900000000000000000e+01
5.000000000000000000e+00
1.500000000000000000e+01
3.900000000000000000e+01
3.010000000000000000e+02
0.000000000000000000e+00
5.200000000000000000e+01
1.500000000000000000e+01
9.200000000000000000e+01
3.870000000000000000e+02
9.000000000000000000e+00
3.800000000000000000e+01
0.000000000000000000e+00
1.900000000000000000e+01
2.700000000000000000e+01
1.100000000000000000e+01
2.100000000000000000e+01
3.000000000000000000e+00
0.000000000000000000e+00
4.100000000000000000e+01
1.250000000000000000e+02
7.660000000000000000e+02
0.000000000000000000e+00
0.000000000000000000e+00
2.170000000000000000e+02
0.000000000000000000e+00
0.000000000000000000e+00
2.000000000000000000e+00
1.000000000000000000e+00
1.000000000000000000e+00
4.000000000000000000e+00
0.000000000000000000e+00
1.100000000000000000e+01
0.000000000000000000e+00
0.000000000000000000e+00
6.800000000000000000e+01
0.000000000000000000e+00
0.000000000000000000e+00
2.530000000000000000e+03
0.000000000000000000e+00
1.100000000000000000e+01
0.000000000000000000e+00
6.310000000000000000e+02
0.000000000000000000e+00
1.000000000000000000e+01
1.000000000000000000e+00
0.000000000000000000e+00
2.700000000000000000e+01
0.000000000000000000e+00
2.000000000000000000e+00
0.000000000000000000e+00
5.000000000000000000e+00
5.000000000000000000e+00
4.000000000000000000e+00
0.000000000000000000e+00
8.140000000000000000e+02
0.000000000000000000e+00
0.000000000000000000e+00
1.200000000000000000e+01
7.000000000000000000e+00
1.390000000000000000e+02
2.000000000000000000e+00
8.000000000000000000e+00
2.676000000000000000e+03
1.100000000000000000e+01
0.000000000000000000e+00
4.000000000000000000e+00
0.000000000000000000e+00
6.000000000000000000e+00
0.000000000000000000e+00
5.000000000000000000e+00
5.000000000000000000e+00
0.000000000000000000e+00
3.800000000000000000e+01
3.000000000000000000e+00
1.800000000000000000e+01
8.805000000000000000e+03
0.000000000000000000e+00
1.010000000000000000e+02
0.000000000000000000e+00
2.390000000000000000e+02
0.000000000000000000e+00
4.100000000000000000e+01
0.000000000000000000e+00
0.000000000000000000e+00
1.347000000000000000e+03
1.000000000000000000e+00
0.000000000000000000e+00
4.079000000000000000e+03
2.622000000000000000e+03
5.200000000000000000e+01
3.190000000000000000e+02
8.000000000000000000e+00
0.000000000000000000e+00
4.560000000000000000e+02
1.200000000000000000e+01
0.000000000000000000e+00
1.165000000000000000e+03
5.000000000000000000e+00
2.750000000000000000e+02
1.000000000000000000e+00
1.120000000000000000e+02
0.000000000000000000e+00
4.000000000000000000e+01
1.500000000000000000e+01
0.000000000000000000e+00
4.195000000000000000e+03
2.000000000000000000e+00
0.000000000000000000e+00
1.700000000000000000e+02
0.000000000000000000e+00
3.100000000000000000e+01
5.770000000000000000e+02
0.000000000000000000e+00
5.000000000000000000e+00
4.100000000000000000e+01
0.000000000000000000e+00
4.000000000000000000e+00
1.970000000000000000e+02
1.645000000000000000e+03
0.000000000000000000e+00
1.500000000000000000e+01
0.000000000000000000e+00
0.000000000000000000e+00
1.000000000000000000e+00
1.000000000000000000e+01
4.000000000000000000e+00
4.680000000000000000e+02
1.230000000000000000e+02
0.000000000000000000e+00
1.000000000000000000e+02
0.000000000000000000e+00
1.400000000000000000e+01
0.000000000000000000e+00
9.000000000000000000e+00
1.000000000000000000e+00
0.000000000000000000e+00
2.556000000000000000e+03
1.100000000000000000e+01
9.000000000000000000e+00
0.000000000000000000e+00
5.000000000000000000e+00
1.600000000000000000e+01
0.000000000000000000e+00
0.000000000000000000e+00
0.000000000000000000e+00
4.000000000000000000e+00
5.300000000000000000e+01
2.000000000000000000e+00
1.600000000000000000e+01
0.000000000000000000e+00
8.500000000000000000e+01
0.000000000000000000e+00
1.000000000000000000e+00
7.148300000000000000e+04
1.000000000000000000e+00
3.230000000000000000e+02
0.000000000000000000e+00
3.000000000000000000e+00
8.340000000000000000e+02
0.000000000000000000e+00
1.770000000000000000e+02
5.000000000000000000e+00
4.760000000000000000e+02
4.000000000000000000e+00
0.000000000000000000e+00
4.500000000000000000e+01
2.000000000000000000e+00
2.000000000000000000e+01
2.910000000000000000e+02
4.800000000000000000e+01
8.200000000000000000e+01
4.000000000000000000e+00
0.000000000000000000e+00
1.600000000000000000e+01
3.000000000000000000e+00
1.870000000000000000e+02
2.000000000000000000e+00
9.000000000000000000e+00
0.000000000000000000e+00
1.790000000000000000e+02
2.000000000000000000e+00
4.000000000000000000e+00
0.000000000000000000e+00
7.000000000000000000e+00
4.000000000000000000e+01
1.200000000000000000e+01
3.000000000000000000e+00
2.000000000000000000e+00
0.000000000000000000e+00
6.000000000000000000e+00
0.000000000000000000e+00
3.880000000000000000e+02
0.000000000000000000e+00
8.200000000000000000e+01
5.000000000000000000e+00
4.648000000000000000e+03
4.085000000000000000e+03
4.140000000000000000e+02
0.000000000000000000e+00
8.870000000000000000e+02
0.000000000000000000e+00
4.770000000000000000e+02
7.660000000000000000e+02
0.000000000000000000e+00
4.800000000000000000e+01
2.400000000000000000e+01
3.000000000000000000e+00
1.020000000000000000e+03
0.000000000000000000e+00
2.430000000000000000e+02
0.000000000000000000e+00
2.900000000000000000e+01
5.000000000000000000e+00
3.000000000000000000e+00
6.000000000000000000e+00
0.000000000000000000e+00
0.000000000000000000e+00
6.000000000000000000e+00
1.000000000000000000e+00
3.400000000000000000e+01
1.200000000000000000e+01
1.580000000000000000e+02
1.000000000000000000e+00
7.100000000000000000e+01
1.091000000000000000e+03
3.600000000000000000e+01
0.000000000000000000e+00
4.000000000000000000e+00
1.430000000000000000e+02
2.000000000000000000e+00
6.000000000000000000e+00
9.600000000000000000e+01
1.800000000000000000e+01
0.000000000000000000e+00
0.000000000000000000e+00
0.000000000000000000e+00
0.000000000000000000e+00
1.268100000000000000e+04
0.000000000000000000e+00
5.500000000000000000e+01
3.000000000000000000e+00
4.000000000000000000e+00
0.000000000000000000e+00
7.000000000000000000e+00
7.600000000000000000e+01
0.000000000000000000e+00
8.120000000000000000e+02
2.250000000000000000e+02
5.300000000000000000e+01
5.500000000000000000e+01
4.753500000000000000e+04
8.124000000000000000e+03
1.000000000000000000e+00
3.000000000000000000e+00
2.000000000000000000e+00
1.566000000000000000e+03
0.000000000000000000e+00
9.700000000000000000e+01
0.000000000000000000e+00
2.522000000000000000e+03
3.257000000000000000e+03
8.000000000000000000e+00
1.000000000000000000e+00
0.000000000000000000e+00
0.000000000000000000e+00
6.000000000000000000e+00
2.000000000000000000e+00
2.570000000000000000e+02
8.300000000000000000e+01
0.000000000000000000e+00
1.200000000000000000e+01
2.300000000000000000e+01
0.000000000000000000e+00
3.700000000000000000e+01
0.000000000000000000e+00
2.969000000000000000e+03
3.000000000000000000e+00
0.000000000000000000e+00
0.000000000000000000e+00
4.000000000000000000e+00
2.000000000000000000e+00
6.500000000000000000e+01
0.000000000000000000e+00
0.000000000000000000e+00
2.000000000000000000e+00
0.000000000000000000e+00
7.000000000000000000e+00
0.000000000000000000e+00
4.866000000000000000e+03
7.600000000000000000e+01
5.700000000000000000e+01
2.000000000000000000e+00
2.200000000000000000e+01
0.000000000000000000e+00
4.000000000000000000e+00
0.000000000000000000e+00
6.400000000000000000e+01
1.500000000000000000e+01
1.012000000000000000e+03
1.300000000000000000e+01
1.235000000000000000e+03
6.000000000000000000e+00
2.500000000000000000e+01
5.400000000000000000e+01
0.000000000000000000e+00
5.100000000000000000e+01
3.000000000000000000e+00
3.854000000000000000e+03
3.420000000000000000e+02
0.000000000000000000e+00
2.000000000000000000e+00
2.700000000000000000e+01
0.000000000000000000e+00
2.000000000000000000e+00
4.000000000000000000e+00
1.500000000000000000e+01
7.940000000000000000e+02
0.000000000000000000e+00
0.000000000000000000e+00
4.200000000000000000e+01
1.100000000000000000e+01
4.124000000000000000e+03
7.200000000000000000e+01
2.380000000000000000e+02
1.241000000000000000e+03
0.000000000000000000e+00
2.700000000000000000e+01
6.200000000000000000e+01
3.800000000000000000e+01
1.358000000000000000e+03
7.000000000000000000e+00
3.300000000000000000e+01
1.100000000000000000e+01
2.500000000000000000e+01
1.000000000000000000e+00
0.000000000000000000e+00
0.000000000000000000e+00
0.000000000000000000e+00
5.610000000000000000e+02
2.000000000000000000e+00
0.000000000000000000e+00
2.000000000000000000e+00
4.000000000000000000e+00
2.002000000000000000e+03
1.800000000000000000e+01
3.300000000000000000e+01
0.000000000000000000e+00
0.000000000000000000e+00
7.000000000000000000e+00
8.600000000000000000e+01
1.000000000000000000e+00
4.200000000000000000e+01
3.000000000000000000e+00
0.000000000000000000e+00
4.700000000000000000e+01
3.940000000000000000e+02
6.500000000000000000e+01
1.500000000000000000e+01
0.000000000000000000e+00
3.000000000000000000e+00
0.000000000000000000e+00
1.800000000000000000e+01
0.000000000000000000e+00
2.000000000000000000e+00
0.000000000000000000e+00
3.000000000000000000e+00
0.000000000000000000e+00
6.000000000000000000e+00
0.000000000000000000e+00
0.000000000000000000e+00
5.000000000000000000e+00
9.300000000000000000e+01
1.186100000000000000e+04
3.800000000000000000e+01
1.000000000000000000e+00
2.800000000000000000e+01
3.700000000000000000e+01
0.000000000000000000e+00
7.167000000000000000e+03
3.260000000000000000e+02
4.228700000000000000e+04
6.000000000000000000e+00
1.000000000000000000e+00
6.900000000000000000e+02
3.170000000000000000e+02
0.000000000000000000e+00
3.900000000000000000e+01
1.000000000000000000e+01
0.000000000000000000e+00
0.000000000000000000e+00
0.000000000000000000e+00
3.800000000000000000e+01
7.000000000000000000e+00
0.000000000000000000e+00
6.000000000000000000e+00
0.000000000000000000e+00
1.600000000000000000e+02
6.510000000000000000e+02
9.400000000000000000e+01
2.000000000000000000e+01
0.000000000000000000e+00
2.280000000000000000e+02
7.000000000000000000e+00
2.000000000000000000e+00
0.000000000000000000e+00
3.510000000000000000e+02
0.000000000000000000e+00
0.000000000000000000e+00
0.000000000000000000e+00
3.800000000000000000e+01
2.691200000000000000e+04
1.600000000000000000e+01
1.000000000000000000e+00
2.000000000000000000e+00
0.000000000000000000e+00
8.000000000000000000e+00
1.000000000000000000e+00
0.000000000000000000e+00
3.100000000000000000e+01
3.200000000000000000e+01
3.800000000000000000e+01
1.300000000000000000e+01
0.000000000000000000e+00
3.800000000000000000e+01
2.625800000000000000e+04
6.000000000000000000e+00
1.200000000000000000e+01
1.100000000000000000e+01
0.000000000000000000e+00
0.000000000000000000e+00
0.000000000000000000e+00
3.000000000000000000e+00
9.000000000000000000e+00
0.000000000000000000e+00
0.000000000000000000e+00
0.000000000000000000e+00
1.000000000000000000e+00
1.210000000000000000e+02
4.000000000000000000e+00
6.000000000000000000e+00
0.000000000000000000e+00
3.600000000000000000e+01
0.000000000000000000e+00
0.000000000000000000e+00
0.000000000000000000e+00
1.000000000000000000e+00
0.000000000000000000e+00
3.000000000000000000e+00
0.000000000000000000e+00
0.000000000000000000e+00
3.300000000000000000e+01
0.000000000000000000e+00
1.400000000000000000e+01
0.000000000000000000e+00
1.140000000000000000e+02
9.600000000000000000e+01
0.000000000000000000e+00
0.000000000000000000e+00
0.000000000000000000e+00
0.000000000000000000e+00
4.000000000000000000e+00
0.000000000000000000e+00
6.370000000000000000e+02
0.000000000000000000e+00
0.000000000000000000e+00
0.000000000000000000e+00
0.000000000000000000e+00
1.063900000000000000e+04
0.000000000000000000e+00
0.000000000000000000e+00
0.000000000000000000e+00
1.100000000000000000e+01
2.000000000000000000e+00
3.200000000000000000e+01
8.254000000000000000e+03
3.000000000000000000e+00
6.200000000000000000e+01
2.690000000000000000e+02
0.000000000000000000e+00
0.000000000000000000e+00
1.767000000000000000e+03
0.000000000000000000e+00
8.000000000000000000e+00
1.690000000000000000e+02
2.000000000000000000e+00
0.000000000000000000e+00
2.000000000000000000e+00
3.000000000000000000e+00
5.424000000000000000e+03
0.000000000000000000e+00
0.000000000000000000e+00
4.000000000000000000e+00
0.000000000000000000e+00
0.000000000000000000e+00
0.000000000000000000e+00
0.000000000000000000e+00
0.000000000000000000e+00
2.000000000000000000e+00
0.000000000000000000e+00
0.000000000000000000e+00
2.100000000000000000e+01
9.000000000000000000e+00
2.052000000000000000e+03
1.010000000000000000e+02
0.000000000000000000e+00
0.000000000000000000e+00
1.000000000000000000e+01
7.830000000000000000e+02
1.380000000000000000e+03
4.128000000000000000e+03
2.000000000000000000e+00
4.000000000000000000e+00
6.000000000000000000e+00
8.496000000000000000e+03
3.000000000000000000e+00
1.660000000000000000e+02
0.000000000000000000e+00
3.060000000000000000e+02
0.000000000000000000e+00
2.880000000000000000e+02
0.000000000000000000e+00
0.000000000000000000e+00
0.000000000000000000e+00
8.489000000000000000e+03
8.000000000000000000e+00
2.000000000000000000e+00
8.500000000000000000e+01
0.000000000000000000e+00
2.800000000000000000e+01
3.000000000000000000e+02
1.000000000000000000e+00
9.000000000000000000e+00
4.310000000000000000e+02
0.000000000000000000e+00
1.600000000000000000e+01
5.000000000000000000e+00
0.000000000000000000e+00
2.000000000000000000e+00
1.000000000000000000e+01
5.000000000000000000e+00
4.580000000000000000e+02
0.000000000000000000e+00
4.000000000000000000e+00
2.890000000000000000e+02
2.000000000000000000e+00
0.000000000000000000e+00
8.100000000000000000e+01
3.000000000000000000e+00
3.398700000000000000e+04
5.530000000000000000e+02
3.000000000000000000e+00
9.000000000000000000e+00
0.000000000000000000e+00
0.000000000000000000e+00
3.270000000000000000e+02
4.000000000000000000e+00
1.865000000000000000e+03
0.000000000000000000e+00
1.800000000000000000e+01
3.000000000000000000e+00
5.310000000000000000e+02
3.390000000000000000e+02
3.000000000000000000e+00
1.600000000000000000e+01
1.499000000000000000e+03
1.400000000000000000e+01
0.000000000000000000e+00
0.000000000000000000e+00
2.000000000000000000e+00
2.900000000000000000e+01
0.000000000000000000e+00
3.800000000000000000e+01
9.000000000000000000e+00
5.000000000000000000e+00
0.000000000000000000e+00
0.000000000000000000e+00
6.900000000000000000e+01
1.800000000000000000e+01
8.000000000000000000e+00
0.000000000000000000e+00
1.190000000000000000e+02
3.760000000000000000e+02
0.000000000000000000e+00
0.000000000000000000e+00
0.000000000000000000e+00
0.000000000000000000e+00
2.440000000000000000e+02
5.000000000000000000e+00
6.000000000000000000e+00
1.550000000000000000e+02
4.000000000000000000e+00
0.000000000000000000e+00
7.800000000000000000e+01
1.147000000000000000e+03
0.000000000000000000e+00
4.600000000000000000e+01
0.000000000000000000e+00
5.950000000000000000e+02
0.000000000000000000e+00
2.810000000000000000e+02
0.000000000000000000e+00
2.715000000000000000e+03
3.400000000000000000e+01
4.200000000000000000e+01
3.570000000000000000e+02
0.000000000000000000e+00
0.000000000000000000e+00
0.000000000000000000e+00
0.000000000000000000e+00
3.000000000000000000e+00
0.000000000000000000e+00
2.430000000000000000e+02
2.000000000000000000e+00
0.000000000000000000e+00
1.000000000000000000e+00
1.300000000000000000e+02
7.000000000000000000e+00
6.170000000000000000e+02
2.000000000000000000e+00
1.000000000000000000e+00
5.000000000000000000e+00
4.100000000000000000e+01
3.270000000000000000e+02
4.500000000000000000e+01
5.838100000000000000e+04
2.540000000000000000e+02
0.000000000000000000e+00
3.300000000000000000e+01
2.000000000000000000e+00
0.000000000000000000e+00
2.300000000000000000e+01
0.000000000000000000e+00
1.070000000000000000e+02
0.000000000000000000e+00
0.000000000000000000e+00
1.035500000000000000e+04
0.000000000000000000e+00
1.179000000000000000e+03
1.200000000000000000e+01
4.400000000000000000e+01
0.000000000000000000e+00
1.381000000000000000e+03
2.000000000000000000e+00
4.000000000000000000e+00
1.850000000000000000e+02
2.090000000000000000e+02
1.600000000000000000e+01
4.000000000000000000e+00
0.000000000000000000e+00
1.000000000000000000e+00
0.000000000000000000e+00
1.000000000000000000e+01
4.000000000000000000e+00
2.900000000000000000e+01
2.000000000000000000e+01
0.000000000000000000e+00
0.000000000000000000e+00
5.000000000000000000e+00
8.920000000000000000e+02
1.000000000000000000e+00
0.000000000000000000e+00
0.000000000000000000e+00
2.000000000000000000e+00
5.960000000000000000e+02
0.000000000000000000e+00
4.000000000000000000e+00
0.000000000000000000e+00
1.400000000000000000e+01
0.000000000000000000e+00
6.000000000000000000e+00
2.000000000000000000e+00
9.182000000000000000e+03
0.000000000000000000e+00
0.000000000000000000e+00
0.000000000000000000e+00
0.000000000000000000e+00
7.000000000000000000e+00
1.000000000000000000e+00
1.000000000000000000e+01
6.500000000000000000e+02
9.000000000000000000e+00
0.000000000000000000e+00
0.000000000000000000e+00
4.000000000000000000e+00
7.000000000000000000e+01
1.200000000000000000e+01
5.774000000000000000e+03
6.000000000000000000e+00
3.490000000000000000e+02
2.620000000000000000e+02
6.000000000000000000e+00
0.000000000000000000e+00
0.000000000000000000e+00
0.000000000000000000e+00
0.000000000000000000e+00
5.400000000000000000e+01
0.000000000000000000e+00
2.000000000000000000e+00
3.460000000000000000e+02
2.000000000000000000e+00
3.000000000000000000e+00
1.315000000000000000e+03
4.072000000000000000e+03
8.000000000000000000e+00
0.000000000000000000e+00
2.300000000000000000e+01
2.000000000000000000e+00
3.931000000000000000e+03
3.000000000000000000e+00
1.000000000000000000e+00
0.000000000000000000e+00
2.000000000000000000e+00
1.100000000000000000e+01
2.000000000000000000e+01
1.000000000000000000e+01
0.000000000000000000e+00
1.000000000000000000e+00
1.200000000000000000e+01
1.440000000000000000e+02
0.000000000000000000e+00
2.551000000000000000e+03
4.400000000000000000e+01
0.000000000000000000e+00
1.000000000000000000e+00
7.000000000000000000e+00
0.000000000000000000e+00
0.000000000000000000e+00
0.000000000000000000e+00
2.000000000000000000e+00
0.000000000000000000e+00
6.000000000000000000e+00
0.000000000000000000e+00
1.260000000000000000e+02
1.810000000000000000e+02
1.500000000000000000e+01
2.726000000000000000e+03
0.000000000000000000e+00
0.000000000000000000e+00
8.000000000000000000e+00
1.000000000000000000e+01
0.000000000000000000e+00
1.436000000000000000e+03
0.000000000000000000e+00
9.000000000000000000e+01
0.000000000000000000e+00
0.000000000000000000e+00
2.620000000000000000e+03
1.000000000000000000e+01
3.550000000000000000e+02
1.500000000000000000e+01
7.000000000000000000e+00
9.000000000000000000e+00
0.000000000000000000e+00
0.000000000000000000e+00
9.989000000000000000e+03
0.000000000000000000e+00
4.000000000000000000e+00
1.700000000000000000e+01
0.000000000000000000e+00
1.800000000000000000e+02
1.700000000000000000e+01
6.000000000000000000e+00
1.500000000000000000e+01
1.950000000000000000e+04
0.000000000000000000e+00
7.000000000000000000e+00
2.000000000000000000e+00
0.000000000000000000e+00
9.000000000000000000e+00
9.800000000000000000e+01
0.000000000000000000e+00
0.000000000000000000e+00
2.800000000000000000e+01
2.400000000000000000e+01
2.649000000000000000e+03
9.000000000000000000e+00
3.970000000000000000e+02
0.000000000000000000e+00
0.000000000000000000e+00
1.820000000000000000e+02
5.000000000000000000e+00
1.733000000000000000e+03
0.000000000000000000e+00
4.000000000000000000e+00
1.100000000000000000e+01
0.000000000000000000e+00
4.000000000000000000e+00
0.000000000000000000e+00
0.000000000000000000e+00
4.960000000000000000e+02
0.000000000000000000e+00
0.000000000000000000e+00
2.000000000000000000e+00
0.000000000000000000e+00
1.700000000000000000e+01
0.000000000000000000e+00
3.000000000000000000e+00
2.490000000000000000e+03
0.000000000000000000e+00
0.000000000000000000e+00
2.100000000000000000e+01
4.000000000000000000e+00
2.000000000000000000e+00
6.000000000000000000e+00
1.580000000000000000e+02
1.000000000000000000e+02
5.000000000000000000e+00
2.000000000000000000e+00
4.140000000000000000e+02
2.840900000000000000e+04
2.570000000000000000e+02
2.000000000000000000e+00
0.000000000000000000e+00
1.250000000000000000e+02
5.000000000000000000e+00
0.000000000000000000e+00
9.500000000000000000e+01
0.000000000000000000e+00
2.553000000000000000e+03
2.937000000000000000e+03
1.929800000000000000e+04
0.000000000000000000e+00
3.700000000000000000e+01
7.300000000000000000e+01
1.000000000000000000e+01
0.000000000000000000e+00
1.000000000000000000e+00
1.000000000000000000e+01
4.000000000000000000e+00
0.000000000000000000e+00
4.700000000000000000e+01
0.000000000000000000e+00
2.430000000000000000e+02
2.960000000000000000e+02
3.600000000000000000e+01
1.700000000000000000e+01
1.690000000000000000e+02
1.000000000000000000e+00
1.500000000000000000e+01
0.000000000000000000e+00
5.400000000000000000e+01
3.000000000000000000e+00
0.000000000000000000e+00
6.350000000000000000e+02
8.000000000000000000e+00
8.000000000000000000e+00
2.400000000000000000e+01
4.200000000000000000e+01
1.100000000000000000e+01
0.000000000000000000e+00
1.279000000000000000e+03
0.000000000000000000e+00
8.640000000000000000e+02
5.940000000000000000e+02
0.000000000000000000e+00
1.000000000000000000e+00
2.000000000000000000e+00
0.000000000000000000e+00
6.000000000000000000e+00
5.888000000000000000e+03
0.000000000000000000e+00
1.100000000000000000e+01
9.700000000000000000e+01
2.310000000000000000e+03
0.000000000000000000e+00
3.270000000000000000e+02
7.000000000000000000e+00
4.000000000000000000e+00
2.000000000000000000e+00
1.000000000000000000e+00
1.650000000000000000e+02
0.000000000000000000e+00
1.000000000000000000e+00
5.300000000000000000e+01
2.000000000000000000e+00
4.000000000000000000e+00
0.000000000000000000e+00
2.240000000000000000e+02
0.000000000000000000e+00
1.109000000000000000e+03
8.420000000000000000e+02
3.600000000000000000e+01
1.600000000000000000e+01
7.300000000000000000e+01
0.000000000000000000e+00
0.000000000000000000e+00
2.100000000000000000e+02
5.000000000000000000e+00
2.310000000000000000e+02
2.000000000000000000e+00
0.000000000000000000e+00
2.000000000000000000e+00
1.390000000000000000e+02
9.200000000000000000e+01
2.289000000000000000e+03
0.000000000000000000e+00
0.000000000000000000e+00
0.000000000000000000e+00
6.500000000000000000e+01
5.770000000000000000e+02
1.900000000000000000e+01
1.000000000000000000e+01
2.000000000000000000e+00
0.000000000000000000e+00
0.000000000000000000e+00
9.760000000000000000e+03
5.000000000000000000e+00
2.100000000000000000e+01
1.237100000000000000e+04
2.700000000000000000e+01
2.200000000000000000e+01
6.000000000000000000e+00
4.000000000000000000e+00
2.000000000000000000e+00
4.550000000000000000e+02
0.000000000000000000e+00
0.000000000000000000e+00
0.000000000000000000e+00
0.000000000000000000e+00
1.000000000000000000e+00
1.500000000000000000e+01
0.000000000000000000e+00
7.020000000000000000e+02
1.000000000000000000e+01
5.000000000000000000e+00
4.000000000000000000e+00
4.929000000000000000e+03
7.100000000000000000e+01
1.110000000000000000e+02
0.000000000000000000e+00
4.200000000000000000e+01
0.000000000000000000e+00
2.030000000000000000e+02
2.300000000000000000e+01
2.000000000000000000e+00
2.000000000000000000e+00
7.000000000000000000e+00
1.100000000000000000e+01
2.000000000000000000e+00
1.491000000000000000e+03
1.310000000000000000e+02
1.600000000000000000e+02
0.000000000000000000e+00
1.000000000000000000e+01
1.050000000000000000e+02
2.000000000000000000e+00
4.540000000000000000e+02
1.410000000000000000e+02
2.000000000000000000e+01
4.100000000000000000e+01
0.000000000000000000e+00
4.180000000000000000e+02
6.000000000000000000e+00
2.200000000000000000e+01
0.000000000000000000e+00
5.000000000000000000e+00
7.000000000000000000e+00
0.000000000000000000e+00
1.700000000000000000e+02
0.000000000000000000e+00
9.100000000000000000e+01
2.000000000000000000e+00
5.000000000000000000e+00
1.214600000000000000e+04
0.000000000000000000e+00
0.000000000000000000e+00
4.600000000000000000e+01
0.000000000000000000e+00
3.000000000000000000e+01
2.600000000000000000e+01
0.000000000000000000e+00
1.000000000000000000e+00
4.000000000000000000e+00
4.200000000000000000e+01
4.000000000000000000e+00
1.254000000000000000e+03
3.140000000000000000e+02
0.000000000000000000e+00
0.000000000000000000e+00
0.000000000000000000e+00
0.000000000000000000e+00
2.000000000000000000e+00
0.000000000000000000e+00
3.000000000000000000e+00
0.000000000000000000e+00
3.600000000000000000e+01
6.700000000000000000e+01
0.000000000000000000e+00
2.500000000000000000e+01
0.000000000000000000e+00
1.150000000000000000e+04
0.000000000000000000e+00
2.000000000000000000e+00
2.000000000000000000e+00
0.000000000000000000e+00
6.500000000000000000e+01
0.000000000000000000e+00
1.000000000000000000e+00
0.000000000000000000e+00
2.000000000000000000e+00
9.100000000000000000e+01
3.000000000000000000e+01
0.000000000000000000e+00
3.650000000000000000e+02
1.500000000000000000e+01
3.000000000000000000e+00
2.000000000000000000e+00
0.000000000000000000e+00
5.150000000000000000e+02
2.270000000000000000e+02
0.000000000000000000e+00
5.000000000000000000e+00
9.000000000000000000e+00
5.460000000000000000e+02
1.400000000000000000e+01
0.000000000000000000e+00
0.000000000000000000e+00
1.100000000000000000e+01
2.000000000000000000e+00
1.220000000000000000e+02
3.651000000000000000e+03
